step,timestamp,y,forecast,score_lower,score_upper
0,2006-01-03,47.47,1.0,-46.47,46.47
1,2006-01-04,47.48,1.0,-46.48,46.48
2,2006-01-05,47.16,1.0,-46.16,46.16
3,2006-01-06,47.97,1.0,-46.97,46.97
4,2006-01-09,46.55,1.0,-45.55,45.55
5,2006-01-10,46.41,1.0,-45.41,45.41
6,2006-01-11,45.65,1.0,-44.65,44.65
7,2006-01-12,44.79,1.0,-43.79,43.79
8,2006-01-13,44.48,1.0,-43.48,43.48
9,2006-01-17,43.95,1.0,-42.95,42.95
10,2006-01-18,43.19,1.0,-42.19,42.19
11,2006-01-19,44.5,1.0,-43.5,43.5
12,2006-01-20,44.23,1.0,-43.23,43.23
13,2006-01-23,44.18,1.0,-43.18,43.18
14,2006-01-24,43.66,1.0,-42.66,42.66
15,2006-01-25,44.05,1.0,-43.05,43.05
16,2006-01-26,43.95,1.0,-42.95,42.95
17,2006-01-27,44.55,1.0,-43.55,43.55
18,2006-01-30,45.41,1.0,-44.41,44.41
19,2006-01-31,44.76,1.0,-43.76,43.76
20,2006-02-01,43.92,1.0,-42.92,42.92
21,2006-02-02,43.84,1.0,-42.84,42.84
22,2006-02-03,37.7,1.0,-36.7,36.7
23,2006-02-06,38.34,1.0,-37.34,37.34
24,2006-02-07,38.08,1.0,-37.08,37.08
25,2006-02-08,37.7,1.0,-36.7,36.7
26,2006-02-09,38.61,1.0,-37.61,37.61
27,2006-02-10,37.98,1.0,-36.98,36.98
28,2006-02-13,38.25,1.0,-37.25,37.25
29,2006-02-14,38.04,1.0,-37.04,37.04
30,2006-02-15,38.24,38.41325158199922,0.1732515819992173,-0.1732515819992173
31,2006-02-16,39.37,38.4783940862664,-0.8916059137335992,0.8916059137335992
32,2006-02-17,38.93,39.63605891896633,0.7060589189663276,-0.7060589189663276
33,2006-02-21,39.01,39.40671010288421,0.3967101028842137,-0.3967101028842137
34,2006-02-22,38.31,39.1658330509893,0.8558330509892969,-0.8558330509892969
35,2006-02-23,38.62,38.60097568705054,-0.019024312949454725,0.019024312949454725
36,2006-02-24,38.25,38.699826987387354,0.44982698738735394,-0.44982698738735394
37,2006-02-27,38.4,38.54064306953705,0.14064306953704886,-0.14064306953704886
38,2006-02-28,37.79,38.52578044853799,0.7357804485379944,-0.7357804485379944
39,2006-03-01,37.45,38.05820505702436,0.6082050570243567,-0.6082050570243567
40,2006-03-02,35.64,37.56268180081046,1.9226818008104587,-1.9226818008104587
41,2006-03-03,36.89,35.88084949876878,-1.0091505012312183,1.0091505012312183
42,2006-03-06,37.32,36.621909902820796,-0.6980900971792039,0.6980900971792039
43,2006-03-07,36.71,37.671239303273495,0.9612393032734943,-0.9612393032734943
44,2006-03-08,36.72,36.987953316213456,0.2679533162134575,-0.2679533162134575
45,2006-03-09,36.8,36.80084817152182,0.0008481715218238151,-0.0008481715218238151
46,2006-03-10,36.24,36.94303628270688,0.7030362827068757,-0.7030362827068757
47,2006-03-13,36.31,36.45017725873504,0.1401772587350365,-0.1401772587350365
48,2006-03-14,36.04,36.37427076486977,0.33427076486977114,-0.33427076486977114
49,2006-03-15,36.95,36.20850946770649,-0.7414905322935113,0.7414905322935113
50,2006-03-16,37.08,36.94918796305458,-0.13081203694542154,0.13081203694542154
51,2006-03-17,36.88,37.30713026067453,0.42713026067453086,-0.42713026067453086
52,2006-03-20,35.92,37.03716698169513,1.117166981695128,-1.117166981695128
53,2006-03-21,36.33,36.1201032923631,-0.20989670763690071,0.20989670763690071
54,2006-03-22,36.0,36.29757538918925,0.2975753891892481,-0.2975753891892481
55,2006-03-23,35.96,36.19647313704774,0.23647313704773865,-0.23647313704773865
56,2006-03-24,35.72,36.03773742653546,0.31773742653545867,-0.31773742653545867
57,2006-03-27,35.5,35.84879365032934,0.3487936503293412,-0.3487936503293412
58,2006-03-28,35.21,35.60092043904647,0.390920439046468,-0.390920439046468
59,2006-03-29,35.69,35.31713515249522,-0.3728648475047791,0.3728648475047791
60,2006-03-30,36.45,35.700410301478186,-0.7495896985218167,0.7495896985218167
61,2006-03-31,36.68,36.52111224716598,-0.15888775283401912,0.15888775283401912
62,2006-04-03,36.67,36.83729451415845,0.1672945141584492,-0.1672945141584492
63,2006-04-04,36.14,36.78736237403666,0.6473623740366605,-0.6473623740366605
64,2006-04-05,36.66,36.285072605776854,-0.3749273942231426,0.3749273942231426
65,2006-04-06,37.2,36.63545331112288,-0.5645466888771224,0.5645466888771224
66,2006-04-07,38.55,37.28137253559436,-1.2686274644056397,1.2686274644056397
67,2006-04-10,37.16,38.571366770963415,1.4113667709634186,-1.4113667709634186
68,2006-04-11,36.61,37.53878687465152,0.9287868746515215,-0.9287868746515215
69,2006-04-12,35.91,36.64987237487255,0.7398723748725544,-0.7398723748725544
70,2006-04-13,35.95,36.01595874936027,0.06595874936027002,-0.06595874936027002
71,2006-04-17,36.47,35.96992038222933,-0.5000796177706661,0.5000796177706661
72,2006-04-18,35.39,36.51189003088416,1.1218900308841597,-1.1218900308841597
73,2006-04-19,36.12,35.6353654146277,-0.484634585372298,0.484634585372298
74,2006-04-20,36.7,36.02280445922612,-0.6771955407738801,0.6771955407738801
75,2006-04-21,36.62,36.77913283853928,0.15913283853928561,-0.15913283853928561
76,2006-04-24,36.12,36.75304547161565,0.6330454716156524,-0.6330454716156524
77,2006-04-25,35.59,36.249000469353255,0.6590004693532521,-0.6590004693532521
78,2006-04-26,35.34,35.69209390188234,0.35209390188233414,-0.35209390188233414
79,2006-04-27,35.5,35.40708458811624,-0.09291541188375874,0.09291541188375874
80,2006-04-28,35.77,35.543499011202286,-0.22650098879771718,0.22650098879771718
81,2006-05-01,35.19,35.8322809977151,0.6422809977151047,-0.6422809977151047
82,2006-05-02,34.64,35.34578427570186,0.7057842757018591,-0.7057842757018591
83,2006-05-03,34.29,34.73457213666613,0.4445721366661317,-0.4445721366661317
84,2006-05-04,34.62,34.36544376773439,-0.25455623226560675,0.25455623226560675
85,2006-05-05,34.64,34.638612704461515,-0.001387295538485489,0.001387295538485489
86,2006-05-08,34.99,34.73339679140576,-0.25660320859424246,0.25660320859424246
87,2006-05-09,34.42,35.02969801917967,0.6096980191796675,-0.6096980191796675
88,2006-05-10,34.68,34.57080965437498,-0.1091903456250165,0.1091903456250165
89,2006-05-11,34.12,34.68347957423927,0.563479574239274,-0.563479574239274
90,2006-05-12,33.56,34.26506724934898,0.7050672493489785,-0.7050672493489785
91,2006-05-15,32.55,33.64296599246585,1.0929659924658495,-1.0929659924658495
92,2006-05-16,32.84,32.65729720302995,-0.1827027969700552,0.1827027969700552
93,2006-05-17,32.45,32.7982072613131,0.34820726131309954,-0.34820726131309954
94,2006-05-18,31.71,32.57225323200624,0.862253232006239,-0.862253232006239
95,2006-05-19,32.66,31.80180926420809,-0.8581907357919079,0.8581907357919079
96,2006-05-22,33.96,32.56906172466342,-1.3909382753365804,1.3909382753365804
97,2006-05-23,35.0,33.989811905924995,-1.010188094075005,1.010188094075005
98,2006-05-24,33.41,35.13601490055353,1.7260149005535368,-1.7260149005535368
99,2006-05-25,35.36,33.6406877834316,-1.7193122165683974,1.7193122165683974
100,2006-05-26,35.66,35.07913105455782,-0.5808689454421767,0.5808689454421767
101,2006-05-30,35.73,35.81587679006547,0.08587679006546978,-0.08587679006546978
102,2006-05-31,34.74,35.79989291218529,1.0598929121852905,-1.0598929121852905
103,2006-06-01,34.62,34.91404725242171,0.2940472524217128,-0.2940472524217128
104,2006-06-02,34.68,34.65321174226028,-0.02678825773971738,0.02678825773971738
105,2006-06-05,34.46,34.73302657361969,0.2730265736196884,-0.2730265736196884
106,2006-06-06,33.58,34.5499136312409,0.9699136312408996,-0.9699136312408996
107,2006-06-07,33.4,33.72466139377225,0.3246613937722529,-0.3246613937722529
108,2006-06-08,33.55,33.44289360104929,-0.10710639895070528,0.10710639895070528
109,2006-06-09,33.5,33.59113932253861,0.09113932253860924,-0.09113932253860924
110,2006-06-12,34.0,33.57449655896196,-0.42550344103803894,0.42550344103803894
111,2006-06-13,33.49,34.010460235715556,0.5204602357155537,-0.5204602357155537
112,2006-06-14,33.5,33.62609101252737,0.1260910125273682,-0.1260910125273682
113,2006-06-15,33.84,33.53703134017222,-0.3029686598277834,0.3029686598277834
114,2006-06-16,34.88,33.86495008019631,-1.015049919803694,1.015049919803694
115,2006-06-19,35.2,34.8536503697342,-0.3463496302658058,0.3463496302658058
116,2006-06-20,35.01,35.271414373217816,0.2614143732178178,-0.2614143732178178
117,2006-06-21,35.34,35.09656991836152,-0.24343008163848623,0.24343008163848623
118,2006-06-22,36.55,35.355092872806686,-1.1949071271933107,1.1949071271933107
119,2006-06-23,36.46,36.50517892236388,0.04517892236388121,-0.04517892236388121
120,2006-06-26,36.55,36.56523411359629,0.015234113596292786,-0.015234113596292786
121,2006-06-27,36.72,36.5830322580369,-0.13696774196309747,0.13696774196309747
122,2006-06-28,36.7,36.76317471508242,0.06317471508241823,-0.06317471508241823
123,2006-06-29,36.82,36.74885308499364,-0.07114691500635928,0.07114691500635928
124,2006-06-30,38.58,36.849992962893005,-1.7300070371069936,1.7300070371069936
125,2006-07-03,38.52,38.45924447957441,-0.06075552042559451,0.06075552042559451
126,2006-07-05,38.28,38.624569621735425,0.34456962173542394,-0.34456962173542394
127,2006-07-06,37.07,38.323561451474085,1.2535614514740843,-1.2535614514740843
128,2006-07-07,36.71,37.19427304883096,0.484273048830957,-0.484273048830957
129,2006-07-10,36.3,36.73256173687569,0.4325617368756909,-0.4325617368756909
130,2006-07-11,35.74,36.35939341484365,0.6193934148436497,-0.6193934148436497
131,2006-07-12,35.6,35.80986844191193,0.20986844191192944,-0.20986844191192944
132,2006-07-13,34.33,35.63524027338917,1.305240273389174,-1.305240273389174
133,2006-07-14,33.51,34.462794903058,0.952794903057999,-0.952794903057999
134,2006-07-17,32.79,33.54195957575999,0.7519595757599902,-0.7519595757599902
135,2006-07-18,33.65,32.82988056506384,-0.82011943493616,0.82011943493616
136,2006-07-19,33.5,33.630518476760294,0.13051847676029382,-0.13051847676029382
137,2006-07-20,34.39,33.631340754339256,-0.7586592456607448,0.7586592456607448
138,2006-07-21,33.85,34.399949060042445,0.5499490600424437,-0.5499490600424437
139,2006-07-24,33.35,34.0115889875218,0.661588987521796,-0.661588987521796
140,2006-07-25,34.0,33.40604869751714,-0.5939513024828571,0.5939513024828571
141,2006-07-26,28.76,33.99535339483858,5.2353533948385795,-5.2353533948385795
142,2006-07-27,26.45,29.391374614560583,2.9413746145605835,-2.9413746145605835
143,2006-07-28,26.8,26.006529442666203,-0.7934705573337979,0.7934705573337979
144,2006-07-31,27.02,26.83328523545193,-0.18671476454807134,0.18671476454807134
145,2006-08-01,26.55,27.12848398921499,0.5784839892149876,-0.5784839892149876
146,2006-08-02,26.15,26.605435509121452,0.4554355091214539,-0.4554355091214539
147,2006-08-03,26.09,26.18808366017156,0.0980836601715609,-0.0980836601715609
148,2006-08-04,26.94,26.146442737605774,-0.7935572623942271,0.7935572623942271
149,2006-08-07,27.19,27.06648959194053,-0.12351040805947022,0.12351040805947022
150,2006-08-08,26.8,27.43469881150622,0.6346988115062189,-0.6346988115062189
151,2006-08-09,26.54,26.850870270801813,0.3108702708018143,-0.3108702708018143
152,2006-08-10,26.2,26.58803682165518,0.38803682165518083,-0.38803682165518083
153,2006-08-11,26.43,26.240398288425364,-0.18960171157463535,0.18960171157463535
154,2006-08-14,26.22,26.503951335152546,0.28395133515254756,-0.28395133515254756
155,2006-08-15,26.97,26.271589700712255,-0.6984102992877439,0.6984102992877439
156,2006-08-16,27.97,27.180167576992098,-0.7898324230079012,0.7898324230079012
157,2006-08-17,27.96,28.23445638671261,0.2744563867126075,-0.2744563867126075
158,2006-08-18,29.09,28.147064857694925,-0.9429351423050747,0.9429351423050747
159,2006-08-21,28.7,29.245125741575144,0.5451257415751449,-0.5451257415751449
160,2006-08-22,28.14,28.782762987665386,0.6427629876653853,-0.6427629876653853
161,2006-08-23,28.56,28.171295168332932,-0.3887048316670665,0.3887048316670665
162,2006-08-24,28.24,28.647892710039674,0.4078927100396754,-0.4078927100396754
163,2006-08-25,27.79,28.299578779054062,0.5095787790540633,-0.5095787790540633
164,2006-08-28,28.4,27.916992338826702,-0.4830076611732963,0.4830076611732963
165,2006-08-29,28.97,28.49631223022871,-0.47368776977128846,0.47368776977128846
166,2006-08-30,29.57,29.08336956798179,-0.48663043201820955,0.48663043201820955
167,2006-08-31,30.75,29.68714006364004,-1.0628599363599598,1.0628599363599598
168,2006-09-01,30.85,30.918712380915665,0.06871238091566312,-0.06871238091566312
169,2006-09-05,31.61,30.95195931206019,-0.6580406879398097,0.6580406879398097
170,2006-09-06,31.76,31.731834006148876,-0.028165993851125393,0.028165993851125393
171,2006-09-07,30.57,31.85763594814631,1.2876359481463098,-1.2876359481463098
172,2006-09-08,30.19,30.561364043574297,0.371364043574296,-0.371364043574296
173,2006-09-11,30.23,30.20858152285174,-0.021418477148259285,0.021418477148259285
174,2006-09-12,30.87,30.292606824256453,-0.5773931757435484,0.5773931757435484
175,2006-09-13,31.73,30.983844092677334,-0.7461559073226667,0.7461559073226667
176,2006-09-14,31.54,31.87228876456662,0.33228876456661993,-0.33228876456661993
177,2006-09-15,31.9,31.60235106876437,-0.29764893123562786,0.29764893123562786
178,2006-09-18,32.44,31.98294952042564,-0.45705047957435596,0.45705047957435596
179,2006-09-19,32.24,32.54403425861738,0.3040342586173779,-0.3040342586173779
180,2006-09-20,31.81,32.29119839168726,0.4811983916872613,-0.4811983916872613
181,2006-09-21,32.24,31.833528257033585,-0.4064717429664171,0.4064717429664171
182,2006-09-22,30.22,32.32151731624129,2.101517316241292,-2.101517316241292
183,2006-09-25,31.05,30.16849283075591,-0.8815071692440917,0.8815071692440917
184,2006-09-26,31.89,31.102013231452965,-0.7879867685470359,0.7879867685470359
185,2006-09-27,32.28,32.0085266427174,-0.271473357282602,0.271473357282602
186,2006-09-28,32.27,32.3724245247538,0.10242452475379338,-0.10242452475379338
187,2006-09-29,32.01,32.33050155533755,0.3205015553375503,-0.3205015553375503
188,2006-10-02,31.98,32.05136079688728,0.07136079688728003,-0.07136079688728003
189,2006-10-03,30.9,32.03104975458249,1.1310497545824916,-1.1310497545824916
190,2006-10-04,31.75,30.900327429247024,-0.8496725707529755,0.8496725707529755
191,2006-10-05,32.68,31.83370691404741,-0.8462930859525883,0.8462930859525883
192,2006-10-06,33.15,32.793723105322485,-0.35627689467751367,0.35627689467751367
193,2006-10-09,32.49,33.236777951198135,0.7467779511981334,-0.7467779511981334
194,2006-10-10,33.27,32.50736253578195,-0.7626374642180522,0.7626374642180522
195,2006-10-11,32.61,33.35176719886929,0.7417671988692902,-0.7417671988692902
196,2006-10-12,33.1,32.63861221844261,-0.46138778155739146,0.46138778155739146
197,2006-10-13,33.35,33.15947148497636,-0.19052851502364376,0.19052851502364376
198,2006-10-16,32.85,33.41270427769678,0.5627042776967812,-0.5627042776967812
199,2006-10-17,32.2,32.87812912999045,0.6781291299904453,-0.6781291299904453
200,2006-10-18,32.57,32.21584467598637,-0.35415532401363237,0.35415532401363237
201,2006-10-19,32.17,32.631182527744976,0.4611825277449739,-0.4611825277449739
202,2006-10-20,32.69,32.2089636636473,-0.4810363363526946,0.4810363363526946
203,2006-10-23,32.47,32.7566867022846,0.286686702284598,-0.286686702284598
204,2006-10-24,32.87,32.517961054283454,-0.3520389457165436,0.3520389457165436
205,2006-10-25,37.3,32.93067750194552,-4.36932249805448,4.36932249805448
206,2006-10-26,37.25,37.57079987602499,0.32079987602499216,-0.32079987602499216
207,2006-10-27,38.15,37.295351890278205,-0.8546481097217935,0.8546481097217935
208,2006-10-30,38.05,38.179662102572884,0.1296621025728868,-0.1296621025728868
209,2006-10-31,38.22,38.0610348166372,-0.15896518336279541,0.15896518336279541
210,2006-11-01,38.12,38.211722472041224,0.09172247204122641,-0.09172247204122641
211,2006-11-02,37.33,38.108495195933465,0.7784951959334663,-0.7784951959334663
212,2006-11-03,37.61,37.28740099463605,-0.3225990053639478,0.3225990053639478
213,2006-11-06,37.64,37.593914603277774,-0.046085396722226335,0.046085396722226335
214,2006-11-07,38.2,37.644008946106304,-0.555991053893699,0.555991053893699
215,2006-11-08,38.58,38.214451755228716,-0.3655482447712828,0.3655482447712828
216,2006-11-09,39.5,38.59781988594241,-0.9021801140575931,0.9021801140575931
217,2006-11-10,38.79,39.52854902169354,0.7385490216935438,-0.7385490216935438
218,2006-11-13,39.23,38.76621941538275,-0.4637805846172469,0.4637805846172469
219,2006-11-14,40.11,39.20075238108613,-0.9092476189138665,0.9092476189138665
220,2006-11-15,41.5,40.12886462466771,-1.3711353753322868,1.3711353753322868
221,2006-11-16,42.44,41.54883521304061,-0.8911647869593864,0.8911647869593864
222,2006-11-17,42.55,42.47996599096595,-0.07003400903404611,0.07003400903404611
223,2006-11-20,42.35,42.52684097722017,0.17684097722016645,-0.17684097722016645
224,2006-11-21,42.55,42.28309034144142,-0.26690965855857485,0.26690965855857485
225,2006-11-22,42.5,42.49312431138659,-0.006875688613412478,0.006875688613412478
226,2006-11-24,42.56,42.44411260082453,-0.11588739917547031,0.11588739917547031
227,2006-11-27,42.18,42.50155830850846,0.32155830850845746,-0.32155830850845746
228,2006-11-28,40.75,42.10536543574708,1.355365435747082,-1.355365435747082
229,2006-11-29,40.48,40.61448724685596,0.13448724685596147,-0.13448724685596147
230,2006-11-30,40.42,40.37659477759416,-0.04340522240584477,0.04340522240584477
231,2006-12-01,40.26,40.36922415344882,0.10922415344882097,-0.10922415344882097
232,2006-12-04,39.31,40.21272805084912,0.9027280508491202,-0.9027280508491202
233,2006-12-05,39.13,39.22305179910834,0.09305179910833772,-0.09305179910833772
234,2006-12-06,38.77,39.06357626649804,0.2935762664980359,-0.2935762664980359
235,2006-12-07,38.93,38.724058502838915,-0.2059414971610849,0.2059414971610849
236,2006-12-08,37.92,38.906442750884835,0.9864427508848337,-0.9864427508848337
237,2006-12-11,38.22,37.860261671679375,-0.35973832832062413,0.35973832832062413
238,2006-12-12,38.44,38.187256682773544,-0.2527433172264537,0.2527433172264537
239,2006-12-13,38.61,38.450555106273704,-0.15944489372629533,0.15944489372629533
240,2006-12-14,38.74,38.612509832180585,-0.1274901678194169,0.1274901678194169
241,2006-12-15,39.38,38.73672118249259,-0.6432788175074151,0.6432788175074151
242,2006-12-18,40.2,39.39703768310083,-0.8029623168991762,0.8029623168991762
243,2006-12-19,38.78,40.23919037553908,1.4591903755390803,-1.4591903755390803
244,2006-12-20,39.43,38.71329018583297,-0.7167098141670323,0.7167098141670323
245,2006-12-21,39.87,39.38464836405771,-0.4853516359422869,0.4853516359422869
246,2006-12-22,39.98,39.8852767599111,-0.09472324008889643,0.09472324008889643
247,2006-12-26,40.13,39.96981546544239,-0.16018453455761517,0.16018453455761517
248,2006-12-27,39.86,40.1083412815196,0.24834128151960044,-0.24834128151960044
249,2006-12-28,40.38,39.82123607967032,-0.5587639203296817,0.5587639203296817
250,2006-12-29,40.06,40.358223405129,0.2982234051290007,-0.2982234051290007
251,2007-01-03,38.68,40.03026785471103,1.3502678547110278,-1.3502678547110278
252,2007-01-04,38.59,38.58265634461537,-0.007343655384630665,0.007343655384630665
253,2007-01-05,38.72,38.526590109765586,-0.19340989023441324,0.19340989023441324
254,2007-01-08,38.22,38.70859589517656,0.48859589517655877,-0.48859589517655877
255,2007-01-09,37.6,38.18891605553896,0.5889160555389594,-0.5889160555389594
256,2007-01-10,37.49,37.54998992192828,0.05998992192827757,-0.05998992192827757
257,2007-01-11,37.17,37.464763335269964,0.29476333526996257,-0.29476333526996257
258,2007-01-12,37.36,37.15363721812572,-0.20636278187427592,0.20636278187427592
259,2007-01-16,38.4,37.36195533109316,-1.038044668906842,1.038044668906842
260,2007-01-17,38.7,38.452771942950505,-0.24722805704949735,0.24722805704949735
261,2007-01-18,37.5,38.73488746404047,1.2348874640404688,-1.2348874640404688
262,2007-01-19,36.69,37.44302117995031,0.7530211799503093,-0.7530211799503093
263,2007-01-22,37.65,36.62469186175666,-1.0253081382433393,1.0253081382433393
264,2007-01-23,36.9,37.686366235283984,0.7863662352839853,-0.7863662352839853
265,2007-01-24,36.51,36.891429623862955,0.38142962386295665,-0.38142962386295665
266,2007-01-25,38.08,36.487323477924875,-1.5926765220751236,1.5926765220751236
267,2007-01-26,37.26,38.14830221134007,0.8883022113400685,-0.8883022113400685
268,2007-01-29,36.7,37.25524752195469,0.5552475219546906,-0.5552475219546906
269,2007-01-30,37.29,36.67424218493915,-0.6157578150608458,0.6157578150608458
270,2007-01-31,36.95,37.31432647196912,0.3643264719691146,-0.3643264719691146
271,2007-02-01,37.95,36.951139779385436,-0.9988602206145671,0.9988602206145671
272,2007-02-02,37.23,37.98263931507313,0.7526393150731323,-0.7526393150731323
273,2007-02-05,37.25,37.22239228538299,-0.02760771461701239,0.02760771461701239
274,2007-02-06,37.2,37.24301330620449,0.04301330620448596,-0.04301330620448596
275,2007-02-07,38.49,37.2032193969852,-1.2867806030148046,1.2867806030148046
276,2007-02-08,38.95,38.52813575822083,-0.4218642417791756,0.4218642417791756
277,2007-02-09,39.19,38.972452687176094,-0.21754731282390338,0.21754731282390338
278,2007-02-12,38.79,39.1866056339896,0.39660563398960136,-0.39660563398960136
279,2007-02-13,38.85,38.761431864618594,-0.08856813538140784,0.08856813538140784
280,2007-02-14,39.23,38.828804223306214,-0.4011957766937826,0.4011957766937826
281,2007-02-15,40.14,39.22505363876048,-0.9149463612395223,0.9149463612395223
282,2007-02-16,39.9,40.15192395641399,0.25192395641398946,-0.25192395641398946
283,2007-02-20,40.13,39.87444033202931,-0.25555966797069374,0.25555966797069374
284,2007-02-21,41.19,40.10280031173189,-1.0871996882681074,1.0871996882681074
285,2007-02-22,41.4,41.18866297583224,-0.21133702416776146,0.21133702416776146
286,2007-02-23,41.0,41.37778417348531,0.3777841734853098,-0.3777841734853098
287,2007-02-26,40.86,40.94587179936826,0.08587179936826317,-0.08587179936826317
288,2007-02-27,40.19,40.80717437976996,0.6171743797699634,-0.6171743797699634
289,2007-02-28,38.91,40.12659019957189,1.2165901995718968,-1.2165901995718968
290,2007-03-01,39.32,38.824056415234544,-0.4959435847654561,0.4959435847654561
291,2007-03-02,38.32,39.29714650838123,0.9771465083812316,-0.9771465083812316
292,2007-03-05,37.15,38.27675334616647,1.126753346166474,-1.126753346166474
293,2007-03-06,37.69,37.08415518658501,-0.6058448134149899,0.6058448134149899
294,2007-03-07,38.68,37.69821407760096,-0.9817859223990411,0.9817859223990411
295,2007-03-08,38.77,38.718629912032085,-0.051370087967917755,0.051370087967917755
296,2007-03-09,38.48,38.77152118283328,0.29152118283328576,-0.29152118283328576
297,2007-03-12,38.64,38.45609071190305,-0.18390928809694884,0.18390928809694884
298,2007-03-13,38.3,38.63154697635601,0.33154697635601593,-0.33154697635601593
299,2007-03-14,37.76,38.2776432271234,0.5176432271234006,-0.5176432271234006
300,2007-03-15,38.1,37.731724120679914,-0.36827587932008754,0.36827587932008754
301,2007-03-16,37.72,38.104691975631034,0.38469197563103563,-0.38469197563103563
302,2007-03-19,38.0,37.70537282813194,-0.29462717186805776,0.29462717186805776
303,2007-03-20,38.53,38.004082095539715,-0.525917904460286,0.525917904460286
304,2007-03-21,38.55,38.545152293550736,-0.0048477064492615796,0.0048477064492615796
305,2007-03-22,39.48,38.54425540696507,-0.9357445930349257,0.9357445930349257
306,2007-03-23,39.56,39.49872633725374,-0.06127366274625956,0.06127366274625956
307,2007-03-26,38.98,39.54915403225021,0.5691540322502107,-0.5691540322502107
308,2007-03-27,38.82,38.93670445674593,0.11670445674592855,-0.11670445674592855
309,2007-03-28,39.09,38.79152914190746,-0.2984708580925428,0.2984708580925428
310,2007-03-29,39.65,39.082083299545474,-0.5679167004545249,0.5679167004545249
311,2007-03-30,39.75,39.65204121979418,-0.09795878020582194,0.09795878020582194
312,2007-04-02,39.85,39.732433304963564,-0.11756669503643735,0.11756669503643735
313,2007-04-03,40.42,39.82695838239686,-0.5930416176031414,0.5930416176031414
314,2007-04-04,41.22,40.41184745419347,-0.8081525458065286,0.8081525458065286
315,2007-04-05,41.57,41.218231953818375,-0.3517680461816255,0.3517680461816255
316,2007-04-09,41.72,41.487576610562854,-0.23242338943714458,0.23242338943714458
317,2007-04-10,41.57,41.67868941338791,0.10868941338790705,-0.10868941338790705
318,2007-04-11,41.73,41.5148278548136,-0.2151721451863935,0.2151721451863935
319,2007-04-12,41.73,41.68694893225513,-0.04305106774486944,0.04305106774486944
320,2007-04-13,42.19,41.681002337870346,-0.5089976621296515,0.5089976621296515
321,2007-04-16,43.77,42.15702411830573,-1.6129758816942754,1.6129758816942754
322,2007-04-17,45.28,43.78314075525029,-1.4968592447497144,1.4968592447497144
323,2007-04-18,44.8,45.297234334947916,0.4972343349479189,-0.4972343349479189
324,2007-04-19,44.61,44.70511885759874,0.09511885759874161,-0.09511885759874161
325,2007-04-20,45.09,44.51661383226649,-0.5733861677335099,0.5733861677335099
326,2007-04-23,44.27,45.032645983794396,0.7626459837943926,-0.7626459837943926
327,2007-04-24,44.75,44.15481092830773,-0.5951890716922676,0.5951890716922676
328,2007-04-25,53.12,44.68758589059487,-8.43241410940513,8.43241410940513
329,2007-04-26,56.5,53.52829265436647,-2.971707345633533,2.971707345633533
330,2007-04-27,61.24,56.540566200322274,-4.699433799677728,4.699433799677728
331,2007-04-30,61.91,61.87155507142563,-0.03844492857436421,0.03844492857436421
332,2007-05-01,61.12,62.085963712203196,0.9659637122031981,-0.9659637122031981
333,2007-05-02,61.68,60.88142538274331,-0.7985746172566905,0.7985746172566905
334,2007-05-03,61.08,61.5665067461793,0.4865067461793018,-0.4865067461793018
335,2007-05-04,62.39,60.87619214760717,-1.51380785239283,1.51380785239283
336,2007-05-07,62.43,62.402207600212236,-0.0277923997877636,0.0277923997877636
337,2007-05-08,60.54,62.380700926830244,1.8407009268302446,-1.8407009268302446
338,2007-05-09,62.0,60.16605565981328,-1.8339443401867186,1.8339443401867186
339,2007-05-10,62.44,61.97817648984064,-0.4618235101593555,0.4618235101593555
340,2007-05-11,60.96,62.45532567849618,1.4953256784961795,-1.4953256784961795
341,2007-05-14,61.68,60.68658245121178,-0.9934175487882229,0.9934175487882229
342,2007-05-15,61.4,61.59971682144184,0.19971682144183944,-0.19971682144183944
343,2007-05-16,61.02,61.29124137189624,0.2712413718962381,-0.2712413718962381
344,2007-05-17,62.88,60.85910577428633,-2.0208942257136755,2.0208942257136755
345,2007-05-18,62.48,63.00078302709012,0.5207830270901255,-0.5207830270901255
346,2007-05-21,63.58,62.42913933689842,-1.1508606631015752,1.1508606631015752
347,2007-05-22,68.48,63.57607150104258,-4.903928498957427,4.903928498957427
348,2007-05-23,69.21,66.48136627613354,-2.7286337238664515,2.7286337238664515
349,2007-05-24,69.04,69.22283042381888,0.1828304238188707,-0.1828304238188707
350,2007-05-25,69.69,68.91257036445852,-0.7774296355414805,0.7774296355414805
351,2007-05-29,68.43,69.62459904313674,1.1945990431367335,-1.1945990431367335
352,2007-05-30,69.06,68.3029925238283,-0.757007476171708,0.757007476171708
353,2007-05-31,70.68,68.95178020321512,-1.7282197967848845,1.7282197967848845
354,2007-06-01,68.9,70.7596070674442,1.8596070674441876,-1.8596070674441876
355,2007-06-04,68.25,68.75882555722329,0.5088255572232896,-0.5088255572232896
356,2007-06-05,71.1,68.10568108119176,-2.994318918808233,2.994318918808233
357,2007-06-06,73.14,71.27728689030425,-1.862713109695747,1.862713109695747
358,2007-06-07,72.57,72.26747169710826,-0.30252830289173005,0.30252830289173005
359,2007-06-08,72.47,72.43506377847436,-0.034936221525640576,0.034936221525640576
360,2007-06-11,73.0,71.95881963843247,-1.0411803615675268,1.0411803615675268
361,2007-06-12,70.44,72.93790064343492,2.4979006434349174,-2.4979006434349174
362,2007-06-13,70.9,70.04977985716133,-0.8502201428386797,0.8502201428386797
363,2007-06-14,70.9,70.76543293840926,-0.13456706159074372,0.13456706159074372
364,2007-06-15,72.85,70.48038474566494,-2.3696152543350593,2.3696152543350593
365,2007-06-18,72.34,72.94857998987658,0.6085799898765742,-0.6085799898765742
366,2007-06-19,71.55,72.20743538095276,0.6574353809527622,-0.6574353809527622
367,2007-06-20,70.25,71.50377562679935,1.253775626799353,-1.253775626799353
368,2007-06-21,69.16,69.97262289577513,0.8126228957751351,-0.8126228957751351
369,2007-06-22,69.55,68.99308319363504,-0.5569168063649528,0.5569168063649528
370,2007-06-25,69.35,69.55939830601827,0.20939830601827225,-0.20939830601827225
371,2007-06-26,68.53,69.3250965067269,0.7950965067268925,-0.7950965067268925
372,2007-06-27,66.96,68.4090355711589,1.4490355711589018,-1.4490355711589018
373,2007-06-28,68.46,66.71786839628069,-1.7421316037193009,1.7421316037193009
374,2007-06-29,69.03,68.56312652418586,-0.46687347581413974,0.46687347581413974
375,2007-07-02,68.81,69.10835119830635,0.2983511983063494,-0.2983511983063494
376,2007-07-03,70.04,68.77533814629541,-1.2646618537045953,1.2646618537045953
377,2007-07-05,69.36,70.16411481070972,0.80411481070972,-0.80411481070972
378,2007-07-06,68.75,69.29691794756039,0.546917947560388,-0.546917947560388
379,2007-07-09,69.38,68.6423613370896,-0.737638662910399,0.737638662910399
380,2007-07-10,71.65,69.41760916158466,-2.2323908384153412,2.2323908384153412
381,2007-07-11,70.58,71.9549180216169,1.3749180216169066,-1.3749180216169066
382,2007-07-12,71.31,70.50664994265553,-0.8033500573444741,0.8033500573444741
383,2007-07-13,73.08,71.25848964147924,-1.8215103585207544,1.8215103585207544
384,2007-07-16,74.73,73.1838404063453,-1.546159593654707,1.546159593654707
385,2007-07-17,74.39,74.9765325192327,0.5865325192327049,-0.5865325192327049
386,2007-07-18,73.27,74.28311010722429,1.0131101072242927,-1.0131101072242927
387,2007-07-19,74.24,73.0095713655278,-1.2304286344721902,1.2304286344721902
388,2007-07-20,72.62,74.22086604846287,1.600866048462862,-1.600866048462862
389,2007-07-23,71.78,72.36623862024949,0.5862386202494889,-0.5862386202494889
390,2007-07-24,71.04,71.66045104298662,0.6204510429866161,-0.6204510429866161
391,2007-07-25,84.66,70.93434445432592,-13.725655545674073,13.725655545674073
392,2007-07-26,85.02,86.03805218747978,1.0180521874797819,-1.0180521874797819
393,2007-07-27,84.27,85.14368659456827,0.8736865945682695,-0.8736865945682695
394,2007-07-30,83.0,84.11841013803317,1.1184101380331697,-1.1184101380331697
395,2007-07-31,83.7,82.4266252469071,-1.2733747530929094,1.2733747530929094
396,2007-08-01,78.1,83.64509182350518,5.545091823505189,-5.545091823505189
397,2007-08-02,77.86,77.50182045475076,-0.3581795452492429,0.3581795452492429
398,2007-08-03,79.54,77.66398157877114,-1.8760184212288635,1.8760184212288635
399,2007-08-06,77.06,79.58044427070416,2.5204442707041608,-2.5204442707041608
400,2007-08-07,78.55,76.74584733352005,-1.8041526664799505,1.8041526664799505
401,2007-08-08,79.77,78.8342149167507,-0.9357850832493,0.9357850832493
402,2007-08-09,76.4,79.15646807191673,2.7564680719167285,-2.7564680719167285
403,2007-08-10,73.15,76.01916044367191,2.869160443671902,-2.869160443671902
404,2007-08-13,76.09,72.85035095368964,-3.2396490463103618,3.2396490463103618
405,2007-08-14,74.79,75.6624804058962,0.8724804058961979,-0.8724804058961979
406,2007-08-15,73.02,74.57462787461131,1.5546278746113131,-1.5546278746113131
407,2007-08-16,72.0,72.8706302872014,0.8706302872013936,-0.8706302872013936
408,2007-08-17,74.49,71.90161761012419,-2.588382389875804,2.588382389875804
409,2007-08-20,74.98,73.65122873714623,-1.3287712628537776,1.3287712628537776
410,2007-08-21,74.21,74.89787181601743,0.6878718160174344,-0.6878718160174344
411,2007-08-22,78.24,74.13730703764202,-4.1026929623579775,4.1026929623579775
412,2007-08-23,78.94,78.61890815135581,-0.32109184864418694,0.32109184864418694
413,2007-08-24,76.8,78.8882008639901,2.088200863990096,-2.088200863990096
414,2007-08-27,80.56,76.73900975939421,-3.820990240605795,3.820990240605795
415,2007-08-28,77.86,81.23239714451394,3.37239714451394,-3.37239714451394
416,2007-08-29,76.96,76.9704482503958,0.010448250395810987,-0.010448250395810987
417,2007-08-30,78.4,77.06342324268883,-1.3365767573111782,1.3365767573111782
418,2007-08-31,80.0,78.49779277456544,-1.5022072254345602,1.5022072254345602
419,2007-09-04,79.9,79.82643164906342,-0.07356835093658276,0.07356835093658276
420,2007-09-05,82.24,79.7727355930897,-2.4672644069102887,2.4672644069102887
421,2007-09-06,84.5,82.49750782854001,-2.0024921714599913,2.0024921714599913
422,2007-09-07,84.7,84.65223706284084,-0.04776293715916324,0.04776293715916324
423,2007-09-10,84.93,83.37535994144261,-1.5546400585573963,1.5546400585573963
424,2007-09-11,84.17,84.84124231627531,0.6712423162753112,-0.6712423162753112
425,2007-09-12,86.07,84.21558398833368,-1.8544160116663164,1.8544160116663164
426,2007-09-13,87.95,86.10396666217085,-1.8460333378291551,1.8460333378291551
427,2007-09-14,86.41,88.05808863485657,1.6480886348565775,-1.6480886348565775
428,2007-09-17,86.98,86.17494925121058,-0.8050507487894265,0.8050507487894265
429,2007-09-18,87.38,87.03463480621305,-0.34536519378694663,0.34536519378694663
430,2007-09-19,89.52,87.32608727253655,-2.1939127274634416,2.1939127274634416
431,2007-09-20,88.9,89.5901647922319,0.6901647922318972,-0.6901647922318972
432,2007-09-21,90.29,88.8679355664024,-1.4220644335976118,1.4220644335976118
433,2007-09-24,91.3,90.29352211808286,-1.0064778819171352,1.0064778819171352
434,2007-09-25,91.99,91.25623262724876,-0.733767372751231,0.733767372751231
435,2007-09-26,94.04,92.21750428132167,-1.82249571867834,1.82249571867834
436,2007-09-27,94.07,94.42684760009287,0.35684760009287686,-0.35684760009287686
437,2007-09-28,92.77,93.69447643469633,0.9244764346963308,-0.9244764346963308
438,2007-10-01,93.42,92.24622009744968,-1.1737799025503222,1.1737799025503222
439,2007-10-02,93.86,93.70304077905537,-0.15695922094462844,0.15695922094462844
440,2007-10-03,92.19,93.42997282198093,1.2399728219809276,-1.2399728219809276
441,2007-10-04,92.55,91.96319921760451,-0.5868007823954855,0.5868007823954855
442,2007-10-05,93.55,92.49223694569146,-1.0577630543085377,1.0577630543085377
443,2007-10-08,94.22,93.89211864379425,-0.32788135620575076,0.32788135620575076
444,2007-10-09,96.59,94.44825444055937,-2.1417455594406363,2.1417455594406363
445,2007-10-10,95.5,96.59714222516934,1.0971422251693355,-1.0971422251693355
446,2007-10-11,95.33,95.5077265635665,0.17772656356649463,-0.17772656356649463
447,2007-10-12,89.42,94.43184766553652,5.011847665536521,-5.011847665536521
448,2007-10-15,91.8,89.14181516473583,-2.6581848352641657,2.6581848352641657
449,2007-10-16,88.69,91.90246711730437,3.212467117304371,-3.212467117304371
450,2007-10-17,91.9,88.4068605132436,-3.493139486756405,3.493139486756405
451,2007-10-18,89.37,91.92622677015486,2.5562267701548507,-2.5562267701548507
452,2007-10-19,89.93,89.20246051318708,-0.7275394868129297,0.7275394868129297
453,2007-10-22,89.25,90.05267688401213,0.8026768840121292,-0.8026768840121292
454,2007-10-23,95.28,88.6797865066935,-6.600213493306498,6.600213493306498
455,2007-10-24,90.87,95.56227002724073,4.692270027240724,-4.692270027240724
456,2007-10-25,88.23,90.63815958120873,2.4081595812087215,-2.4081595812087215
457,2007-10-26,89.0,88.01704186051023,-0.9829581394897673,0.9829581394897673
458,2007-10-29,90.41,88.9259281762317,-1.4840718237683035,1.4840718237683035
459,2007-10-30,89.67,90.72383684264496,1.0538368426449551,-1.0538368426449551
460,2007-10-31,88.05,89.0505055305335,1.000505530533502,-1.000505530533502
461,2007-11-01,87.75,88.15877846138335,0.40877846138334917,-0.40877846138334917
462,2007-11-02,87.97,87.86566201410079,-0.10433798589920684,0.10433798589920684
463,2007-11-05,84.35,87.83298958391372,3.482989583913721,-3.482989583913721
464,2007-11-06,84.61,84.10007003581352,-0.5099299641864832,0.5099299641864832
465,2007-11-07,86.41,84.52222624988939,-1.887773750110611,1.887773750110611
466,2007-11-08,86.8,86.39816238670056,-0.4018376132994348,0.4018376132994348
467,2007-11-09,82.42,86.7220294479729,4.302029447972899,-4.302029447972899
468,2007-11-12,78.26,82.14740144596747,3.8874014459674697,-3.8874014459674697
469,2007-11-13,77.91,78.05420648949614,0.1442064894961419,-0.1442064894961419
470,2007-11-14,80.4,77.8897963252227,-2.5102036747773013,2.5102036747773013
471,2007-11-15,79.43,80.52108188810398,1.0910818881039717,-1.0910818881039717
472,2007-11-16,77.01,79.34172292359878,2.3317229235987753,-2.3317229235987753
473,2007-11-19,78.83,76.87533144359254,-1.954668556407455,1.954668556407455
474,2007-11-20,79.86,78.93463581888162,-0.9253641811183826,0.9253641811183826
475,2007-11-21,79.24,79.8691729471077,0.6291729471077048,-0.6291729471077048
476,2007-11-23,80.11,79.17695111764704,-0.9330488823529635,0.9330488823529635
477,2007-11-26,82.3,80.14823178327129,-2.151768216728712,2.151768216728712
478,2007-11-27,82.92,82.39115113671565,-0.5288488632843524,0.5288488632843524
479,2007-11-28,87.55,82.91386053239322,-4.636139467606782,4.636139467606782
480,2007-11-29,89.89,88.2231052786516,-1.6668947213483989,1.6668947213483989
481,2007-11-30,90.56,90.15298266836342,-0.40701733163658105,0.40701733163658105
482,2007-12-03,90.03,90.6836459951483,0.6536459951482954,-0.6536459951482954
483,2007-12-04,90.04,89.90090775931009,-0.13909224068991932,0.13909224068991932
484,2007-12-05,94.99,89.96158873888315,-5.028411261116844,5.028411261116844
485,2007-12-06,93.28,94.55825133333686,1.2782513333368541,-1.2782513333368541
486,2007-12-07,94.56,93.24130837273349,-1.3186916272665172,1.3186916272665172
487,2007-12-10,94.31,94.95740296488073,0.647402964880726,-0.647402964880726
488,2007-12-11,93.1,94.19220414845043,1.0922041484504348,-1.0922041484504348
489,2007-12-12,92.84,92.95039850694332,0.11039850694331221,-0.11039850694331221
490,2007-12-13,91.05,92.89634299241199,1.8463429924119907,-1.8463429924119907
491,2007-12-14,90.77,91.21481617148306,0.44481617148306896,-0.44481617148306896
492,2007-12-17,89.01,90.92980898548704,1.9198089854870375,-1.9198089854870375
493,2007-12-18,85.83,88.88197312196009,3.0519731219600885,-3.0519731219600885
494,2007-12-19,86.94,85.67148167078983,-1.268518329210167,1.268518329210167
495,2007-12-20,90.14,86.95582305128183,-3.184176948718175,3.184176948718175
496,2007-12-21,91.47,90.21317505680832,-1.256824943191674,1.256824943191674
497,2007-12-24,91.05,91.61610410205301,0.5661041020530178,-0.5661041020530178
498,2007-12-26,91.48,91.08040463952192,-0.39959536047808797,0.39959536047808797
499,2007-12-27,92.67,91.41716287342575,-1.2528371265742493,1.2528371265742493
500,2007-12-28,95.27,92.63987542659228,-2.6301245734077128,2.6301245734077128
501,2007-12-31,93.81,95.41144528936651,1.6014452893665094,-1.6014452893665094
502,2008-01-02,95.35,93.73443956150248,-1.6155604384975106,1.6155604384975106
503,2008-01-03,96.06,95.22422589387945,-0.835774106120553,0.835774106120553
504,2008-01-04,93.26,96.00049783077309,2.74049783077308,-2.74049783077308
505,2008-01-07,88.62,93.02058123988502,4.400581239885014,-4.400581239885014
506,2008-01-08,87.55,88.41274689510065,0.8627468951006563,-0.8627468951006563
507,2008-01-09,87.56,87.53908272793034,-0.020917272069667092,0.020917272069667092
508,2008-01-10,83.98,87.5695050947564,3.5895050947563902,-3.5895050947563902
509,2008-01-11,84.03,83.75322983875088,-0.276770161249118,0.276770161249118
510,2008-01-14,82.18,84.05129231398668,1.8712923139866717,-1.8712923139866717
511,2008-01-15,80.48,82.04676283247393,1.566762832473927,-1.566762832473927
512,2008-01-16,79.58,80.36295317956677,0.7829531795667748,-0.7829531795667748
513,2008-01-17,80.16,79.50556191308908,-0.6544380869109148,0.6544380869109148
514,2008-01-18,79.93,80.17133290335535,0.2413329033553424,-0.2413329033553424
515,2008-01-22,73.58,79.88050651452134,6.300506514521345,-6.300506514521345
516,2008-01-23,75.6,73.16832756205237,-2.4316724379476256,2.4316724379476256
517,2008-01-24,74.53,75.72747522277177,1.1974752227717715,-1.1974752227717715
518,2008-01-25,78.69,74.42579087450993,-4.264209125490069,4.264209125490069
519,2008-01-28,76.91,78.86815536019192,1.958155360191924,-1.958155360191924
520,2008-01-29,75.77,76.79391127803143,1.0239112780314343,-1.0239112780314343
521,2008-01-30,73.54,75.6807792648143,2.1407792648142987,-2.1407792648142987
522,2008-01-31,68.91,73.39360833969488,4.483608339694882,-4.483608339694882
523,2008-02-01,79.02,68.62405378878888,-10.395946211211111,10.395946211211111
524,2008-02-04,74.5,79.33114664980475,4.831146649804751,-4.831146649804751
525,2008-02-05,72.8,74.47727569605735,1.6772756960573503,-1.6772756960573503
526,2008-02-06,72.3,72.75993077343416,0.45993077343416644,-0.45993077343416644
527,2008-02-07,67.37,72.25912213772831,4.889122137728307,-4.889122137728307
528,2008-02-08,73.4,67.27683141874063,-6.123168581259378,6.123168581259378
529,2008-02-11,73.14,73.32913002854622,0.18913002854621652,-0.18913002854621652
530,2008-02-12,75.43,73.10220164584413,-2.327798354155874,2.327798354155874
531,2008-02-13,74.99,75.37315858500392,0.3831585850039261,-0.3831585850039261
532,2008-02-14,77.73,74.96692936708726,-2.7630706329127435,2.7630706329127435
533,2008-02-15,75.0,77.6662265802286,2.666226580228596,-2.666226580228596
534,2008-02-19,73.54,75.01111749919778,1.4711174991977742,-1.4711174991977742
535,2008-02-20,71.9,73.48547063960683,1.5854706396068252,-1.5854706396068252
536,2008-02-21,73.94,71.85274375301668,-2.0872562469833156,2.0872562469833156
537,2008-02-22,70.54,73.86458345614663,3.3245834561466268,-3.3245834561466268
538,2008-02-25,72.35,70.5591446705023,-1.7908553294976883,1.7908553294976883
539,2008-02-26,71.91,72.23485698253256,0.324856982532566,-0.324856982532566
540,2008-02-27,70.68,71.89950242911318,1.2195024291131773,-1.2195024291131773
541,2008-02-28,70.3,70.64984329191063,0.3498432919106307,-0.3498432919106307
542,2008-02-29,67.01,70.24777378249271,3.2377737824927095,-3.2377737824927095
543,2008-03-03,63.59,67.00832456186664,3.4183245618666405,-3.4183245618666405
544,2008-03-04,61.67,63.529858538793405,1.8598585387934037,-1.8598585387934037
545,2008-03-05,65.66,61.58157914267396,-4.078420857326037,4.078420857326037
546,2008-03-06,64.75,65.56684106408247,0.8168410640824675,-0.8168410640824675
547,2008-03-07,62.2,64.77391538396851,2.5739153839685116,-2.5739153839685116
548,2008-03-10,63.9,62.184756830929295,-1.7152431690707033,1.7152431690707033
549,2008-03-11,65.95,63.83294659033099,-2.117053409669012,2.117053409669012
550,2008-03-12,66.77,65.89784015412714,-0.8721598458728579,0.8721598458728579
551,2008-03-13,65.11,66.73132515211257,1.6213251521125756,-1.6213251521125756
552,2008-03-14,68.61,65.08969200877031,-3.5203079912296857,3.5203079912296857
553,2008-03-17,65.72,68.52082416131421,2.8008241613142104,-2.8008241613142104
554,2008-03-18,68.25,65.74954892171097,-2.500451078289032,2.500451078289032
555,2008-03-19,71.1,68.12687213033759,-2.973127869662406,2.973127869662406
556,2008-03-20,70.17,71.02040028131006,0.8504002813100584,-0.8504002813100584
557,2008-03-24,73.82,70.15666608211471,-3.663333917885282,3.663333917885282
558,2008-03-25,75.83,73.69040825554455,-2.139591744455444,2.139591744455444
559,2008-03-26,74.14,75.78072286013699,1.6407228601369894,-1.6407228601369894
560,2008-03-27,74.37,74.13548985131148,-0.23451014868852837,0.23451014868852837
561,2008-03-28,71.0,74.3100031131812,3.310003113181196,-3.310003113181196
562,2008-03-31,70.25,71.01797498220563,0.7679749822056294,-0.7679749822056294
563,2008-04-01,72.99,70.19203216669659,-2.797967833303403,2.797967833303403
564,2008-04-02,77.08,72.89001502902835,-4.189984970971651,4.189984970971651
565,2008-04-03,75.15,76.98304606951571,1.833046069515703,-1.833046069515703
566,2008-04-04,75.26,75.13685696680442,-0.12314303319558917,0.12314303319558917
567,2008-04-07,77.36,75.2099175524926,-2.150082447507401,2.150082447507401
568,2008-04-08,76.4,77.27754955273498,0.8775495527349761,-0.8775495527349761
569,2008-04-09,76.56,76.36767052013002,-0.19232947986998283,0.19232947986998283
570,2008-04-10,74.48,76.5112637921441,2.0312637921441024,-2.0312637921441024
571,2008-04-11,73.84,74.46932050307957,0.629320503079569,-0.629320503079569
572,2008-04-14,71.7,73.80457205052207,2.1045720505220658,-2.1045720505220658
573,2008-04-15,72.97,71.68809833996349,-1.2819016600365103,1.2819016600365103
574,2008-04-16,73.02,72.89867722562573,-0.12132277437426353,0.12132277437426353
575,2008-04-17,74.18,72.97513051887523,-1.2048694811247742,1.2048694811247742
576,2008-04-18,76.48,74.11325305391787,-2.366746946082131,2.366746946082131
577,2008-04-21,80.03,76.39668026524718,-3.633319734752817,3.633319734752817
578,2008-04-22,79.94,79.94273817934125,0.002738179341250202,-0.002738179341250202
579,2008-04-23,80.3,79.90628150550832,-0.3937184944916794,0.3937184944916794
580,2008-04-24,77.71,80.24719133290964,2.537191332909643,-2.537191332909643
581,2008-04-25,77.81,77.69732941671104,-0.11267058328895985,0.11267058328895985
582,2008-04-28,80.64,77.74936664073685,-2.8906333592631483,2.8906333592631483
583,2008-04-29,81.42,80.55327708354564,-0.8667229164543642,0.8667229164543642
584,2008-04-30,80.9,81.36700453332239,0.4670045333223811,-0.4670045333223811
585,2008-05-01,78.4,80.8601045658625,2.460104565862494,-2.460104565862494
586,2008-05-02,80.3,78.38190837849545,-1.9180916215045443,1.9180916215045443
587,2008-05-05,77.27,80.22499697761846,2.954996977618464,-2.954996977618464
588,2008-05-06,75.51,77.27419607535535,1.7641960753553434,-1.7641960753553434
589,2008-05-07,75.26,75.48163450349966,0.22163450349965785,-0.22163450349965785
590,2008-05-08,73.73,75.21238287539434,1.482382875394336,-1.482382875394336
591,2008-05-09,72.2,73.70301386940248,1.50301386940248,-1.50301386940248
592,2008-05-12,73.0,72.16889113795865,-0.8311088620413472,0.8311088620413472
593,2008-05-13,74.57,72.93928702626755,-1.630712973732443,1.630712973732443
594,2008-05-14,74.92,74.50376097136449,-0.4162390286355162,0.4162390286355162
595,2008-05-15,73.89,74.87070131052258,0.9807013105225764,-0.9807013105225764
596,2008-05-16,76.42,73.85646445131566,-2.5635355486843423,2.5635355486843423
597,2008-05-19,79.01,76.33498975357264,-2.6750102464273624,2.6750102464273624
598,2008-05-20,82.17,78.93177849564404,-3.2382215043559626,3.2382215043559626
599,2008-05-21,80.37,82.1021892124647,1.7321892124646894,-1.7321892124646894
600,2008-05-22,78.68,80.34346051181515,1.6634605118151455,-1.6634605118151455
601,2008-05-23,78.55,78.64549597526896,0.09549597526896036,-0.09549597526896036
602,2008-05-27,78.26,78.50142968933481,0.24142968933480802,-0.24142968933480802
603,2008-05-28,80.73,78.21292743093088,-2.5170725690691285,2.5170725690691285
604,2008-05-29,80.61,80.65682136484425,0.04682136484424859,-0.04682136484424859
605,2008-05-30,80.58,80.5612552643877,-0.01874473561230161,0.01874473561230161
606,2008-06-02,81.15,80.53057173623041,-0.619428263769592,0.619428263769592
607,2008-06-03,80.71,81.09505370034705,0.38505370034705777,-0.38505370034705777
608,2008-06-04,80.11,80.66449503558955,0.5544950355895537,-0.5544950355895537
609,2008-06-05,82.11,80.06600166859842,-2.043998331401582,2.043998331401582
610,2008-06-06,83.24,82.04115808296797,-1.198841917032027,1.198841917032027
611,2008-06-09,81.19,83.17923055743846,1.9892305574384608,-1.9892305574384608
612,2008-06-10,78.2,81.15815698503,2.9581569850300014,-2.9581569850300014
613,2008-06-11,79.35,78.17875596722152,-1.1712440327784748,1.1712440327784748
614,2008-06-12,78.02,79.30155439400627,1.2815543940062781,-1.2815543940062781
615,2008-06-13,76.7,77.98027791618571,1.2802779161857103,-1.2802779161857103
616,2008-06-16,78.42,76.66662453524029,-1.7533754647597135,1.7533754647597135
617,2008-06-17,83.15,78.35913596268378,-4.790864037316226,4.790864037316226
618,2008-06-18,82.0,83.05498505419092,1.0549850541909223,-1.0549850541909223
619,2008-06-19,82.21,81.92757354213,-0.2824264578699882,0.2824264578699882
620,2008-06-20,83.1,82.16562208599444,-0.9343779140055517,0.9343779140055517
621,2008-06-23,81.3,83.0414149636088,1.741414963608804,-1.741414963608804
622,2008-06-24,79.55,81.26031526725187,1.7103152672518718,-1.7103152672518718
623,2008-06-25,80.45,79.52640182472028,-0.9235981752797215,0.9235981752797215
624,2008-06-26,79.1,80.40592105429744,1.3059210542974427,-1.3059210542974427
625,2008-06-27,75.59,79.05612901834519,3.4661290183451854,-3.4661290183451854
626,2008-06-30,74.27,75.57682442226783,1.3068244222678373,-1.3068244222678373
627,2008-07-01,72.24,74.25463074815366,2.014630748153664,-2.014630748153664
628,2008-07-02,74.16,72.20996263538223,-1.9500373646177707,1.9500373646177707
629,2008-07-03,72.51,74.11319494786152,1.6031949478615104,-1.6031949478615104
630,2008-07-07,72.37,72.46917456736911,0.09917456736910424,-0.09917456736910424
631,2008-07-08,72.38,72.33367649530577,-0.046323504694228745,0.046323504694228745
632,2008-07-09,74.56,72.33639018446924,-2.2236098155307644,2.2236098155307644
633,2008-07-10,70.7,74.49737788174698,3.797377881746982,-3.797377881746982
634,2008-07-11,69.4,70.68759473068536,1.2875947306853561,-1.2875947306853561
635,2008-07-14,69.31,69.39124964001776,0.08124964001775936,-0.08124964001775936
636,2008-07-15,65.87,69.27838175361603,3.408381753616027,-3.408381753616027
637,2008-07-16,66.94,65.86396186962358,-1.0760381303764177,1.0760381303764177
638,2008-07-17,71.2,66.90634251252887,-4.293657487471137,4.293657487471137
639,2008-07-18,69.94,71.11203675251933,1.1720367525193325,-1.1720367525193325
640,2008-07-21,69.52,69.86611345249358,0.34611345249358294,-0.34611345249358294
641,2008-07-22,67.09,69.49833903570814,2.4083390357081385,-2.4083390357081385
642,2008-07-23,67.46,67.08060951601894,-0.3793904839810551,0.3793904839810551
643,2008-07-24,76.3,67.44459236926193,-8.855407630738071,8.855407630738071
644,2008-07-25,79.63,76.16238850806262,-3.467611491937376,3.467611491937376
645,2008-07-28,77.09,79.40134713881804,2.3113471388180358,-2.3113471388180358
646,2008-07-29,76.49,76.95311738601688,0.46311738601689,-0.46311738601689
647,2008-07-30,78.36,76.50379953584739,-1.8562004641526073,1.8562004641526073
648,2008-07-31,76.75,78.32432733632528,1.5743273363252825,-1.5743273363252825
649,2008-08-01,76.36,76.64919502408722,0.28919502408722053,-0.28919502408722053
650,2008-08-04,75.99,76.35348457209354,0.36348457209354024,-0.36348457209354024
651,2008-08-05,76.92,75.95060288289841,-0.9693971171015932,0.9693971171015932
652,2008-08-06,78.55,76.87830301676416,-1.671696983235833,1.671696983235833
653,2008-08-07,77.01,78.46996212590662,1.459962125906614,-1.459962125906614
654,2008-08-08,76.78,76.91475606183731,0.13475606183730804,-0.13475606183730804
655,2008-08-11,80.18,76.77250330098506,-3.407496699014942,3.407496699014942
656,2008-08-12,87.32,80.12864660927755,-7.1913533907224405,7.1913533907224405
657,2008-08-13,86.28,87.18957029134602,0.9095702913460144,-0.9095702913460144
658,2008-08-14,85.71,85.98638645624683,0.2763864562468399,-0.2763864562468399
659,2008-08-15,88.28,85.68483007899698,-2.59516992100302,2.59516992100302
660,2008-08-18,86.09,88.25401230046828,2.164012300468272,-2.164012300468272
661,2008-08-19,83.09,85.94620845814595,2.856208458145943,-2.856208458145943
662,2008-08-20,82.0,83.09402037060109,1.0940203706010863,-1.0940203706010863
663,2008-08-21,81.41,82.03700676662139,0.6270067666213919,-0.6270067666213919
664,2008-08-22,84.27,81.38697296470332,-2.883027035296678,2.883027035296678
665,2008-08-25,84.63,84.24773153033931,-0.38226846966068706,0.38226846966068706
666,2008-08-26,82.74,84.47501661793261,1.7350166179326152,-1.7350166179326152
667,2008-08-27,81.44,82.66241143748873,1.2224114374887307,-1.2224114374887307
668,2008-08-28,82.21,81.4430754258743,-0.7669245741256958,0.7669245741256958
669,2008-08-29,82.9,82.20529688535227,-0.6947031146477372,0.6947031146477372
670,2008-09-02,83.16,82.8192933778901,-0.34070662210989155,0.34070662210989155
671,2008-09-03,81.4,83.08010553727556,1.6801055372755513,-1.6801055372755513
672,2008-09-04,80.6,81.3262018431192,0.726201843119199,-0.726201843119199
673,2008-09-05,77.34,80.60397308917032,3.263973089170321,-3.263973089170321
674,2008-09-08,82.25,77.29355517960437,-4.956444820395632,4.956444820395632
675,2008-09-09,80.76,82.32458626981307,1.5645862698130628,-1.5645862698130628
676,2008-09-10,80.01,80.53417980450241,0.5241798045024098,-0.5241798045024098
677,2008-09-11,75.27,80.00759877137133,4.737598771371339,-4.737598771371339
678,2008-09-12,78.81,75.23981961198872,-3.5701803880112806,3.5701803880112806
679,2008-09-15,76.86,78.90327121592145,2.0432712159214503,-2.0432712159214503
680,2008-09-16,76.8,76.71247017630027,-0.08752982369972528,0.08752982369972528
681,2008-09-17,77.68,76.80834726127746,-0.8716527387225455,0.8716527387225455
682,2008-09-18,73.08,77.62344954510658,4.543449545106583,-4.543449545106583
683,2008-09-19,80.12,73.0441419008983,-7.075858099101708,7.075858099101708
684,2008-09-22,81.13,80.07059276589094,-1.0594072341090595,1.0594072341090595
685,2008-09-23,75.79,80.8262407870928,5.036240787092794,-5.036240787092794
686,2008-09-24,72.3,75.79380460148977,3.493804601489771,-3.493804601489771
687,2008-09-25,70.66,72.50665177695437,1.8466517769543742,-1.8466517769543742
688,2008-09-26,69.52,70.76533468109129,1.2453346810912933,-1.2453346810912933
689,2008-09-29,68.41,69.55123847500042,1.1412384750004207,-1.1412384750004207
690,2008-09-30,65.84,68.42385937555899,2.583859375558987,-2.583859375558987
691,2008-10-01,71.78,65.86574364616597,-5.914256353834034,5.914256353834034
692,2008-10-02,67.63,71.75824826830042,4.128248268300425,-4.128248268300425
693,2008-10-03,69.42,67.48398058362214,-1.9360194163778601,1.9360194163778601
694,2008-10-06,64.06,69.45961635259869,5.399616352598684,-5.399616352598684
695,2008-10-07,65.79,64.14464591524236,-1.645354084757642,1.645354084757642
696,2008-10-08,55.64,65.81138112416589,10.17138112416589,-10.17138112416589
697,2008-10-09,61.97,56.005294798493615,-5.9647052015063835,5.9647052015063835
698,2008-10-10,52.99,61.43568063969374,8.445680639693741,-8.445680639693741
699,2008-10-13,58.96,54.01505366640745,-4.944946333592554,4.944946333592554
700,2008-10-14,63.5,57.714177468528455,-5.7858225314715455,5.7858225314715455
701,2008-10-15,54.46,63.26797472763895,8.80797472763895,-8.80797472763895
702,2008-10-16,46.4,55.492261705948444,9.092261705948445,-9.092261705948445
703,2008-10-17,48.83,47.025796884188736,-1.8042031158112621,1.8042031158112621
704,2008-10-20,52.17,48.72596738691979,-3.4440326130802106,3.4440326130802106
705,2008-10-21,51.86,51.82111216888805,-0.03888783111194982,0.03888783111194982
706,2008-10-22,50.05,51.79578711656471,1.7457871165647134,-1.7457871165647134
707,2008-10-23,43.37,50.21280918373866,6.842809183738666,-6.842809183738666
708,2008-10-24,44.75,43.910302699026495,-0.8396973009735049,0.8396973009735049
709,2008-10-27,49.0,44.85074899219987,-4.149251007800132,4.149251007800132
710,2008-10-28,51.5,48.612035322278096,-2.8879646777219037,2.8879646777219037
711,2008-10-29,55.53,51.11166434419931,-4.418335655800689,4.418335655800689
712,2008-10-30,58.76,55.16283301557349,-3.597166984426508,3.597166984426508
713,2008-10-31,56.01,58.42424160487999,2.41424160487999,-2.41424160487999
714,2008-11-03,56.35,56.057416380667945,-0.29258361933205634,0.29258361933205634
715,2008-11-04,57.16,56.41429375281071,-0.7457062471892897,0.7457062471892897
716,2008-11-05,57.47,57.08810770572116,-0.38189229427884186,0.38189229427884186
717,2008-11-06,49.8,57.41132015307684,7.611320153076839,-7.611320153076839
718,2008-11-07,47.76,50.24073317813129,2.4807331781312953,-2.4807331781312953
719,2008-11-10,49.98,48.14314130062916,-1.8368586993708362,1.8368586993708362
720,2008-11-11,47.1,49.9614638550281,2.8614638550280986,-2.8614638550280986
721,2008-11-12,43.99,47.195737250330026,3.2057372503300243,-3.2057372503300243
722,2008-11-13,41.4,44.29879123221425,2.8987912322142506,-2.8987912322142506
723,2008-11-14,43.61,41.66690196423057,-1.943098035769431,1.943098035769431
724,2008-11-17,39.91,43.641454940495784,3.7314549404957873,-3.7314549404957873
725,2008-11-18,39.73,40.06848573619255,0.3384857361925526,-0.3384857361925526
726,2008-11-19,37.97,39.911285322957184,1.9412853229571851,-1.9412853229571851
727,2008-11-20,35.29,38.109046817317804,2.8190468173178047,-2.8190468173178047
728,2008-11-21,36.39,35.51295470652403,-0.8770452934759732,0.8770452934759732
729,2008-11-24,38.79,36.45938927978767,-2.330610720212327,2.330610720212327
730,2008-11-25,42.09,38.655763367287115,-3.4342366327128886,3.4342366327128886
731,2008-11-26,40.87,41.879435259920825,1.0094352599208278,-1.0094352599208278
732,2008-11-28,44.03,40.837469167565374,-3.1925308324346275,3.1925308324346275
733,2008-12-01,42.0,43.9394418041256,1.9394418041256003,-1.9394418041256003
734,2008-12-02,41.39,42.0499750730929,0.6599750730929017,-0.6599750730929017
735,2008-12-03,40.16,41.51514713054351,1.3551471305435143,-1.3551471305435143
736,2008-12-04,45.94,40.275983768830045,-5.664016231169953,5.664016231169953
737,2008-12-05,45.89,45.663126888453306,-0.22687311154669487,0.22687311154669487
738,2008-12-08,49.15,45.73101034597652,-3.418989654023477,3.418989654023477
739,2008-12-09,49.81,48.98377578506882,-0.8262242149311803,0.8262242149311803
740,2008-12-10,51.46,49.72442189984706,-1.7355781001529422,1.7355781001529422
741,2008-12-11,49.33,51.3695937505731,2.039593750573104,-2.039593750573104
742,2008-12-12,47.52,49.431490787628654,1.9114907876286509,-1.9114907876286509
743,2008-12-15,50.65,47.67092477983387,-2.9790752201661306,2.9790752201661306
744,2008-12-16,49.62,50.52417823663216,0.9041782366321627,-0.9041782366321627
745,2008-12-17,52.26,49.62686331602737,-2.63313668397263,2.63313668397263
746,2008-12-18,53.0,52.12866953746252,-0.8713304625374789,0.8713304625374789
747,2008-12-19,51.59,52.913850097434825,1.3238500974348213,-1.3238500974348213
748,2008-12-22,51.6,51.663354441769705,0.06335444176970384,-0.06335444176970384
749,2008-12-23,50.12,51.63332239145467,1.5133223914546718,-1.5133223914546718
750,2008-12-24,51.66,50.21563831278628,-1.4443616872137142,1.4443616872137142
751,2008-12-26,53.79,51.60435667035546,-2.1856433296445417,2.1856433296445417
752,2008-12-29,51.43,53.636621096407566,2.2066210964075665,-2.2066210964075665
753,2008-12-30,49.51,51.53001928377803,2.0200192837780335,-2.0200192837780335
754,2008-12-31,50.74,49.681452487313386,-1.0585475126866157,1.0585475126866157
755,2009-01-02,51.35,50.72502296017885,-0.6249770398211538,0.6249770398211538
756,2009-01-05,55.73,51.29335662217816,-4.436643377821838,4.436643377821838
757,2009-01-06,54.55,55.45430143282736,0.90430143282736,-0.90430143282736
758,2009-01-07,56.29,54.51546123848147,-1.774538761518528,1.774538761518528
759,2009-01-08,54.99,56.200754735035474,1.2107547350354722,-1.2107547350354722
760,2009-01-09,56.92,55.02837320072927,-1.8916267992707319,1.8916267992707319
761,2009-01-12,54.12,56.814060746798056,2.6940607467980584,-2.6940607467980584
762,2009-01-13,50.96,54.25556220789584,3.2955622078958413,-3.2955622078958413
763,2009-01-14,50.1,51.19558558870164,1.0955855887016384,-1.0955855887016384
764,2009-01-15,48.56,50.21319166413128,1.6531916641312776,-1.6531916641312776
765,2009-01-16,51.8,48.67531677100374,-3.124683228996254,3.124683228996254
766,2009-01-20,50.75,51.640413986648035,0.890413986648035,-0.890413986648035
767,2009-01-21,49.31,50.771258184630724,1.4612581846307222,-1.4612581846307222
768,2009-01-22,49.42,49.42710218866549,0.007102188665491838,-0.007102188665491838
769,2009-01-23,48.9,49.45448310889723,0.5544831088972302,-0.5544831088972302
770,2009-01-26,50.18,48.94588829745215,-1.2341117025478496,1.2341117025478496
771,2009-01-27,49.3,50.126115807333235,0.8261158073332382,-0.8261158073332382
772,2009-01-28,49.72,49.34599307081663,-0.3740069291833663,0.3740069291833663
773,2009-01-29,49.96,49.72448091322711,-0.23551908677288935,0.23551908677288935
774,2009-01-30,57.36,49.9523239069735,-7.407676093026502,7.407676093026502
775,2009-02-02,58.57,56.87984887542519,-1.690151124574811,1.690151124574811
776,2009-02-03,60.87,58.3615321814671,-2.5084678185328997,2.5084678185328997
777,2009-02-04,63.38,60.70539243061094,-2.6746075693890603,2.6746075693890603
778,2009-02-05,61.15,63.190199002561336,2.0401990025613372,-2.0401990025613372
779,2009-02-06,63.18,61.210715482430146,-1.9692845175698537,1.9692845175698537
780,2009-02-09,66.56,63.047305840887404,-3.5126941591125984,3.5126941591125984
781,2009-02-10,66.15,66.30491176391764,0.15491176391763872,-0.15491176391763872
782,2009-02-11,63.1,66.08417688715174,2.9841768871517402,-2.9841768871517402
783,2009-02-12,63.25,63.219237061851736,-0.03076293814826414,0.03076293814826414
784,2009-02-13,63.97,63.239325824928585,-0.7306741750714139,0.7306741750714139
785,2009-02-17,61.67,63.88733873000539,2.2173387300053875,-2.2173387300053875
786,2009-02-18,62.27,61.745162936759186,-0.5248370632408168,0.5248370632408168
787,2009-02-19,62.84,62.232381282266786,-0.6076187177332173,0.6076187177332173
788,2009-02-20,61.07,62.76354271483305,1.6935427148330504,-1.6935427148330504
789,2009-02-23,64.16,61.12357509698818,-3.036424903011813,3.036424903011813
790,2009-02-24,61.97,63.969442844725755,1.9994428447257562,-1.9994428447257562
791,2009-02-25,64.9,62.01726799697579,-2.8827320030242163,2.8827320030242163
792,2009-02-26,64.12,64.70425187156266,0.5842518715626568,-0.5842518715626568
793,2009-02-27,61.26,64.09171313936228,2.831713139362286,-2.831713139362286
794,2009-03-02,63.94,61.39780532147036,-2.54219467852964,2.54219467852964
795,2009-03-03,62.75,63.772144592378346,1.0221445923783463,-1.0221445923783463
796,2009-03-04,62.8,62.75082454006623,-0.04917545993376393,0.04917545993376393
797,2009-03-05,64.12,62.77324650990321,-1.3467534900967948,1.3467534900967948
798,2009-03-06,65.2,63.995929811525144,-1.2040701884748586,1.2040701884748586
799,2009-03-09,62.2,65.07032461880812,2.8703246188081124,-2.8703246188081124
800,2009-03-10,62.49,62.32820586201441,-0.16179413798559494,0.16179413798559494
801,2009-03-11,66.24,62.475317031659024,-3.7646829683409706,3.7646829683409706
802,2009-03-12,68.35,65.94952746182143,-2.400472538178562,2.400472538178562
803,2009-03-13,69.64,68.10018195097787,-1.5398180490221307,1.5398180490221307
804,2009-03-16,68.56,69.46652697203862,0.9065269720386198,-0.9065269720386198
805,2009-03-17,67.37,68.54042227647803,1.1704222764780212,-1.1704222764780212
806,2009-03-18,70.97,67.39683321544891,-3.5731667845510913,3.5731667845510913
807,2009-03-19,71.4,70.70222463526622,-0.6977753647337863,0.6977753647337863
808,2009-03-20,70.39,71.24021933905533,0.8502193390553288,-0.8502193390553288
809,2009-03-23,71.36,70.37164429526932,-0.9883557047306795,0.9883557047306795
810,2009-03-24,74.85,71.24715504199256,-3.602844958007438,3.602844958007438
811,2009-03-25,73.09,74.53888187521628,1.4488818752162729,-1.4488818752162729
812,2009-03-26,73.47,73.04907894815801,-0.4209210518419866,0.4209210518419866
813,2009-03-27,71.61,73.39760377287638,1.7876037728763805,-1.7876037728763805
814,2009-03-30,70.4,71.63799015194006,1.2379901519400534,-1.2379901519400534
815,2009-03-31,72.61,70.43233935840128,-2.1776606415987203,2.1776606415987203
816,2009-04-01,73.02,72.4223094252182,-0.5976905747817938,0.5976905747817938
817,2009-04-02,73.63,72.87545341823733,-0.7545465817626678,0.7545465817626678
818,2009-04-03,76.42,73.50518995235863,-2.9148100476413674,2.9148100476413674
819,2009-04-06,77.26,76.15090995439981,-1.1090900456001975,1.1090900456001975
820,2009-04-07,76.97,77.06578670178999,0.09578670178999005,-0.09578670178999005
821,2009-04-08,75.93,76.87841081472985,0.94841081472984,-0.94841081472984
822,2009-04-09,77.51,75.90528423454955,-1.6047157654504502,1.6047157654504502
823,2009-04-13,79.84,77.34090097577717,-2.4990990242228293,2.4990990242228293
824,2009-04-14,78.0,79.5707546102048,1.5707546102048013,-1.5707546102048013
825,2009-04-15,75.5,77.96598896846947,2.4659889684694747,-2.4659889684694747
826,2009-04-16,75.33,75.58867543661906,0.25867543661905756,-0.25867543661905756
827,2009-04-17,76.78,75.30111788645878,-1.4788821135412178,1.4788821135412178
828,2009-04-20,78.44,76.60762859520887,-1.8323714047911324,1.8323714047911324
829,2009-04-21,77.33,78.2163990658036,0.8863990658036016,-0.8863990658036016
830,2009-04-22,78.17,77.26552807286063,-0.9044719271393689,0.9044719271393689
831,2009-04-23,81.33,78.04789849360002,-3.2821015063999823,3.2821015063999823
832,2009-04-24,82.03,81.02114659444156,-1.0088534055584404,1.0088534055584404
833,2009-04-27,83.88,81.81379282654636,-2.066207173453634,2.066207173453634
834,2009-04-28,82.68,83.6462731328202,0.9662731328201914,-0.9662731328201914
835,2009-04-29,82.99,82.60031456939541,-0.3896854306045867,0.3896854306045867
836,2009-04-30,80.93,82.8851383845152,1.9551383845151946,-1.9551383845151946
837,2009-05-01,80.38,80.93483769305033,0.5548376930503309,-0.5548376930503309
838,2009-05-04,80.26,80.34756558463376,0.08756558463375086,-0.08756558463375086
839,2009-05-05,81.01,80.17517668728155,-0.8348233127184557,0.8348233127184557
840,2009-05-06,82.88,80.86531040864986,-2.014689591350134,2.014689591350134
841,2009-05-07,82.73,82.64828924704571,-0.08171075295429375,0.08171075295429375
842,2009-05-08,79.69,82.59203502412879,2.902035024128793,-2.902035024128793
843,2009-05-11,76.8,79.76117159755995,2.9611715975599537,-2.9611715975599537
844,2009-05-12,78.7,76.92338680579853,-1.7766131942014738,1.7766131942014738
845,2009-05-13,76.25,78.55803908208557,2.308039082085571,-2.308039082085571
846,2009-05-14,73.79,76.26089315088637,2.4708931508863685,-2.4708931508863685
847,2009-05-15,74.54,73.89363153856263,-0.6463684614373761,0.6463684614373761
848,2009-05-18,73.96,74.46837300868394,0.5083730086839466,-0.5083730086839466
849,2009-05-19,75.43,73.89775985898694,-1.5322401410130624,1.5322401410130624
850,2009-05-20,78.5,75.27512077870223,-3.224879221297769,3.224879221297769
851,2009-05-21,76.75,78.20028054854859,1.4502805485485908,-1.4502805485485908
852,2009-05-22,76.1,76.69216306832979,0.5921630683297963,-0.5921630683297963
853,2009-05-26,75.03,76.08665042810664,1.0566504281066358,-1.0566504281066358
854,2009-05-27,78.51,75.02006193499365,-3.4899380650063563,3.4899380650063563
855,2009-05-28,77.7,78.2395247067973,0.5395247067972946,-0.5395247067972946
856,2009-05-29,77.72,77.57717169797263,-0.14282830202736818,0.14282830202736818
857,2009-06-01,78.21,77.64441075939322,-0.5655892406067693,0.5655892406067693
858,2009-06-02,82.42,78.08835615994144,-4.331643840058561,4.331643840058561
859,2009-06-03,83.31,82.05848665483555,-1.2515133451644544,1.2515133451644544
860,2009-06-04,85.42,83.05584859163407,-2.3641514083659274,2.3641514083659274
861,2009-06-05,86.29,85.16739764325743,-1.1226023567425756,1.1226023567425756
862,2009-06-08,86.75,86.08027206993904,-0.669727930060958,0.669727930060958
863,2009-06-09,86.93,86.58767157443704,-0.34232842556296816,0.34232842556296816
864,2009-06-10,87.58,86.79109742650269,-0.7889025734973103,0.7889025734973103
865,2009-06-11,86.3,87.41937863761092,1.1193786376109216,-1.1193786376109216
866,2009-06-12,85.03,86.23915178527558,1.20915178527558,-1.20915178527558
867,2009-06-15,82.83,85.00950546477156,2.179505464771566,-2.179505464771566
868,2009-06-16,83.7,82.86362385349072,-0.8363761465092807,0.8363761465092807
869,2009-06-17,82.5,83.58525354654554,1.0852535465455446,-1.0852535465455446
870,2009-06-18,82.81,82.44208396819771,-0.36791603180229515,0.36791603180229515
871,2009-06-19,82.15,82.70889935370998,0.5588993537099753,-0.5588993537099753
872,2009-06-22,82.41,82.0751675864919,-0.3348324135080958,0.3348324135080958
873,2009-06-23,78.97,82.30287353280035,3.332873532800349,-3.332873532800349
874,2009-06-24,78.0,79.05526719244028,1.055267192440283,-1.055267192440283
875,2009-06-25,79.1,78.0233586506953,-1.076641349304694,1.076641349304694
876,2009-06-26,81.9,78.96444620252683,-2.935553797473176,2.935553797473176
877,2009-06-29,83.87,81.6206432183674,-2.2493567816325992,2.2493567816325992
878,2009-06-30,83.62,83.59849779366365,-0.021502206336350582,0.021502206336350582
879,2009-07-01,84.42,83.48588618266449,-0.9341138173355148,0.9341138173355148
880,2009-07-02,81.11,84.27111150284574,3.161111502845742,-3.161111502845742
881,2009-07-06,78.45,81.16731753294884,2.71731753294884,-2.71731753294884
882,2009-07-07,78.53,78.55376626387566,0.0237662638756575,-0.0237662638756575
883,2009-07-08,76.46,78.4839634193259,2.0239634193259093,-2.0239634193259093
884,2009-07-09,78.25,76.47983638270489,-1.7701636172951112,1.7701636172951112
885,2009-07-10,77.52,78.10258579539256,0.5825857953925606,-0.5825857953925606
886,2009-07-13,78.07,77.4378863803992,-0.632113619600787,0.632113619600787
887,2009-07-14,81.48,77.96419792077668,-3.51580207922332,3.51580207922332
888,2009-07-15,83.0,81.18571271801517,-1.8142872819848321,1.8142872819848321
889,2009-07-16,84.42,82.75035613658281,-1.6696438634171926,1.6696438634171926
890,2009-07-17,85.8,84.20895835426676,-1.5910416457332417,1.5910416457332417
891,2009-07-20,86.27,85.58971412924318,-0.6802858707568191,0.6802858707568191
892,2009-07-21,88.52,86.10635771142927,-2.4136422885707276,2.4136422885707276
893,2009-07-22,88.65,88.27465505409751,-0.3753449459024978,0.3753449459024978
894,2009-07-23,89.84,88.48356799549548,-1.3564320045045264,1.3564320045045264
895,2009-07-24,87.6,89.65216779862529,2.052167798625291,-2.052167798625291
896,2009-07-27,86.24,87.57397257650591,1.3339725765059143,-1.3339725765059143
897,2009-07-28,83.84,86.22754130383012,2.387541303830119,-2.387541303830119
898,2009-07-29,84.47,83.86943728928743,-0.6005627107125662,0.6005627107125662
899,2009-07-30,85.64,84.36530220014744,-1.2746977998525608,1.2746977998525608
900,2009-07-31,85.76,85.45770560100205,-0.30229439899795807,0.30229439899795807
901,2009-08-03,86.56,85.62169462170849,-0.938305378291517,0.938305378291517
902,2009-08-04,87.48,86.40237667523967,-1.0776233247603386,1.0776233247603386
903,2009-08-05,85.64,87.30311972885032,1.6631197288503188,-1.6631197288503188
904,2009-08-06,84.31,85.60376170157879,1.293761701578788,-1.293761701578788
905,2009-08-07,84.1,84.29569106665924,0.19569106665925062,-0.19569106665925062
906,2009-08-10,85.01,84.02378165207755,-0.9862183479224598,0.9862183479224598
907,2009-08-11,83.64,84.85787102514513,1.2178710251451292,-1.2178710251451292
908,2009-08-12,83.42,83.58712486585587,0.16712486585586817,-0.16712486585586817
909,2009-08-13,85.72,83.34785190015357,-2.3721480998464273,2.3721480998464273
910,2009-08-14,84.11,85.4959118830714,1.385911883071401,-1.385911883071401
911,2009-08-17,81.16,84.0452516272478,2.885251627247797,-2.885251627247797
912,2009-08-18,81.41,81.23341463531213,-0.17658536468786679,0.17658536468786679
913,2009-08-19,80.91,81.3507809334937,0.4407809334936985,-0.4407809334936985
914,2009-08-20,82.98,80.83445787870025,-2.145542121299755,2.145542121299755
915,2009-08-21,84.78,82.78179926963149,-1.9982007303685094,1.9982007303685094
916,2009-08-24,85.17,84.5447715900881,-0.6252284099118981,0.6252284099118981
917,2009-08-25,84.66,85.00983650021577,0.3498365002157726,-0.3498365002157726
918,2009-08-26,84.1,84.57055155261077,0.47055155261077175,-0.47055155261077175
919,2009-08-27,84.01,84.03039911185516,0.02039911185515564,-0.02039911185515564
920,2009-08-28,84.78,83.91879494125305,-0.8612050587469469,0.8612050587469469
921,2009-08-31,81.93,84.63610922305061,2.7061092230506034,-2.7061092230506034
922,2009-09-01,80.74,81.95695040975319,1.2169504097531956,-1.2169504097531956
923,2009-09-02,79.04,80.75170413382116,1.7117041338211578,-1.7117041338211578
924,2009-09-03,78.39,79.05250156373499,0.6625015637349918,-0.6625015637349918
925,2009-09-04,78.27,78.36300350245237,0.0930035024523761,-0.0930035024523761
926,2009-09-08,79.86,78.20122300957023,-1.6587769904297716,1.6587769904297716
927,2009-09-09,80.6,79.69379231364101,-0.9062076863589823,0.9062076863589823
928,2009-09-10,82.33,80.44390787030126,-1.8860921296987385,1.8860921296987385
929,2009-09-11,84.44,82.1348811469201,-2.305118853079904,2.305118853079904
930,2009-09-14,83.81,84.2042392471173,0.39423924711729796,-0.39423924711729796
931,2009-09-15,84.17,83.70167171815883,-0.4683282818411669,0.4683282818411669
932,2009-09-16,85.91,84.05812254858024,-1.8518774514197531,1.8518774514197531
933,2009-09-17,90.75,85.71064006142828,-5.039359938571721,5.039359938571721
934,2009-09-18,90.74,90.36608994974087,-0.37391005025912705,0.37391005025912705
935,2009-09-21,89.69,90.53750990063506,0.8475099006350604,-0.8475099006350604
936,2009-09-22,91.46,89.61749827374182,-1.8425017262581775,1.8425017262581775
937,2009-09-23,92.82,91.26945349488659,-1.5505465051134024,1.5505465051134024
938,2009-09-24,92.0,92.59838768178207,0.5983876817820715,-0.5983876817820715
939,2009-09-25,91.44,91.88892901530596,0.4489290153059642,-0.4489290153059642
940,2009-09-28,91.04,91.35504195676981,0.31504195676980373,-0.31504195676980373
941,2009-09-29,91.96,90.944556862741,-1.0154431372589983,1.0154431372589983
942,2009-09-30,92.26,91.79885843590505,-0.46114156409495877,0.46114156409495877
943,2009-10-01,92.5,92.10469426662551,-0.39530573337448516,0.39530573337448516
944,2009-10-02,90.05,92.35773918175975,2.3077391817597572,-2.3077391817597572
945,2009-10-05,90.25,90.0378792386603,-0.2121207613397047,0.2121207613397047
946,2009-10-06,89.33,90.16162621024456,0.8316262102445648,-0.8316262102445648
947,2009-10-07,91.5,89.25148550592363,-2.2485144940763746,2.2485144940763746
948,2009-10-08,94.8,91.29048374342185,-3.509516256578152,3.509516256578152
949,2009-10-09,95.0,94.47700619914006,-0.5229938008599362,0.5229938008599362
950,2009-10-12,96.17,94.80291808208382,-1.367081917916181,1.367081917916181
951,2009-10-13,93.83,95.97988720153593,2.1498872015359325,-2.1498872015359325
952,2009-10-14,96.22,93.78880184666569,-2.431198153334307,2.431198153334307
953,2009-10-15,95.13,96.01335385103488,0.8833538510348831,-0.8833538510348831
954,2009-10-16,95.3,95.01175440952744,-0.28824559047255605,0.28824559047255605
955,2009-10-19,95.35,95.17885202119965,-0.1711479788003487,0.1711479788003487
956,2009-10-20,95.91,95.21454898251035,-0.6954510174896456,0.6954510174896456
957,2009-10-21,95.27,95.75167863721705,0.4816786372170583,-0.4816786372170583
958,2009-10-22,93.66,95.16111573141774,1.501115731417741,-1.501115731417741
959,2009-10-23,111.05,93.6183378223185,-17.431662177681503,17.431662177681503
960,2009-10-26,119.21,109.99022876785206,-9.219771232147934,9.219771232147934
961,2009-10-27,122.93,118.36625878896446,-4.563741211035548,4.563741211035548
962,2009-10-28,121.57,122.53752916254781,0.9675291625478195,-0.9675291625478195
963,2009-10-29,123.9,121.41275248748883,-2.487247512511175,2.487247512511175
964,2009-10-30,121.97,123.68240416487855,1.7124041648785493,-1.7124041648785493
965,2009-11-02,118.66,121.85384583102004,3.1938458310200417,-3.1938458310200417
966,2009-11-03,117.67,118.63812479152323,0.9681247915232234,-0.9681247915232234
967,2009-11-04,119.0,117.58528537436528,-1.4147146256347156,1.4147146256347156
968,2009-11-05,117.46,118.80924612304668,1.349246123046683,-1.349246123046683
969,2009-11-06,123.0,117.33818500162742,-5.661814998372577,5.661814998372577
970,2009-11-09,127.11,122.6663011980609,-4.443698801939092,4.443698801939092
971,2009-11-10,126.8,126.74574064453607,-0.054259355463926795,0.054259355463926795
972,2009-11-11,131.08,126.60909191996728,-4.4709080800327285,4.4709080800327285
973,2009-11-12,129.98,130.79588165097417,0.8158816509741769,-0.8158816509741769
974,2009-11-13,131.16,129.82447204806033,-1.3355279519396674,1.3355279519396674
975,2009-11-16,132.12,130.99273002577723,-1.12726997422277,1.12726997422277
976,2009-11-17,131.4,131.9362061232778,0.5362061232777933,-0.5362061232777933
977,2009-11-18,130.9,131.27501881189983,0.375018811899821,-0.375018811899821
978,2009-11-19,130.54,130.78594233699192,0.2459423369919307,-0.2459423369919307
979,2009-11-20,127.76,130.4179093927555,2.657909392755485,-2.657909392755485
980,2009-11-23,131.05,127.71213099014751,-3.337869009852497,3.337869009852497
981,2009-11-24,133.57,130.82815321057157,-2.741846789428422,2.741846789428422
982,2009-11-25,133.31,133.30839535891948,-0.0016046410805188316,0.0016046410805188316
983,2009-11-27,130.3,133.15455184590195,2.8545518459019377,-2.8545518459019377
984,2009-11-30,132.19,130.26481728972826,-1.9251827102717414,1.9251827102717414
985,2009-12-01,136.94,132.02605099670552,-4.913949003294476,4.913949003294476
986,2009-12-02,139.15,136.62406673470113,-2.5259332652988746,2.5259332652988746
987,2009-12-03,143.62,138.89227909066943,-4.727720909330571,4.727720909330571
988,2009-12-04,143.42,143.3373424555961,-0.08265754440390083,0.08265754440390083
989,2009-12-07,138.0,143.26719585372354,5.2671958537235355,-5.2671958537235355
990,2009-12-08,134.3,138.0565483725394,3.7565483725393847,-3.7565483725393847
991,2009-12-09,134.6,134.35085918365198,-0.24914081634801732,0.24914081634801732
992,2009-12-10,132.41,134.50576120195333,2.095761201953337,-2.095761201953337
993,2009-12-11,136.07,132.33834782233336,-3.731652177666632,3.731652177666632
994,2009-12-14,132.5,135.8485030667323,3.3485030667322917,-3.3485030667322917
995,2009-12-15,130.76,132.43532586759105,1.6753258675910558,-1.6753258675910558
996,2009-12-16,130.93,130.71949713671597,-0.21050286328403445,0.21050286328403445
997,2009-12-17,129.36,130.80625616940992,1.4462561694099065,-1.4462561694099065
998,2009-12-18,127.91,129.26666491887232,1.356664918872326,-1.356664918872326
999,2009-12-21,130.48,127.83165803554887,-2.64834196445112,2.64834196445112
1000,2009-12-22,133.76,130.27318900254704,-3.486810997452949,3.486810997452949
1001,2009-12-23,134.8,133.48347527078,-1.3165247292200206,1.3165247292200206
1002,2009-12-24,139.2,134.5910697390381,-4.608930260961898,4.608930260961898
1003,2009-12-28,139.75,138.92068193824082,-0.8293180617591815,0.8293180617591815
1004,2009-12-29,141.29,139.55664334524212,-1.7333566547578698,1.7333566547578698
1005,2009-12-30,138.4,141.11649542350452,2.7164954235045116,-2.7164954235045116
1006,2009-12-31,137.09,138.34841621856035,1.2584162185603418,-1.2584162185603418
1007,2010-01-04,136.25,137.03629987122525,0.7862998712252534,-0.7862998712252534
1008,2010-01-05,133.43,136.16115608169287,2.731156081692859,-2.731156081692859
1009,2010-01-06,134.6,133.3910966613693,-1.208903338630705,1.208903338630705
1010,2010-01-07,132.01,134.4611574280894,2.4511574280894024,-2.4511574280894024
1011,2010-01-08,130.56,131.94047149390587,1.3804714939058726,-1.3804714939058726
1012,2010-01-11,132.62,130.49332851894252,-2.1266714810574854,2.1266714810574854
1013,2010-01-12,128.99,132.43374304799647,3.4437430479964632,-3.4437430479964632
1014,2010-01-13,127.9,128.9406276024902,1.04062760249019,-1.04062760249019
1015,2010-01-14,129.14,127.83146680911614,-1.3085331908838498,1.3085331908838498
1016,2010-01-15,129.18,128.97163718587984,-0.20836281412016433,0.20836281412016433
1017,2010-01-19,126.2,129.0234860486588,2.8234860486588076,-2.8234860486588076
1018,2010-01-20,127.13,126.15007586926386,-0.979924130736137,0.979924130736137
1019,2010-01-21,127.26,126.99220578412417,-0.2677942158758384,0.2677942158758384
1020,2010-01-22,125.6,127.10285439753197,1.5028543975319764,-1.5028543975319764
1021,2010-01-25,122.1,125.50832800976704,3.4083280097670468,-3.4083280097670468
1022,2010-01-26,120.56,122.08350536202748,1.5235053620274783,-1.5235053620274783
1023,2010-01-27,121.03,120.50262979738687,-0.5273702026131275,0.5273702026131275
1024,2010-01-28,124.43,120.88926553804772,-3.540734461952283,3.540734461952283
1025,2010-01-29,129.77,124.17334558466419,-5.59665441533582,5.59665441533582
1026,2010-02-01,123.18,129.42170517250534,6.241705172505334,-6.241705172505334
1027,2010-02-02,118.79,123.17443586005624,4.384435860056229,-4.384435860056229
1028,2010-02-03,117.12,118.8660083096329,1.7460083096328987,-1.7460083096328987
1029,2010-02-04,118.64,117.08424786744861,-1.5557521325513903,1.5557521325513903
1030,2010-02-05,115.88,118.47501407333397,2.595014073333971,-2.595014073333971
1031,2010-02-08,119.38,115.8001753183766,-3.5798246816233927,3.5798246816233927
1032,2010-02-09,118.2,119.16546454462109,0.965464544621085,-0.965464544621085
1033,2010-02-10,118.0,118.0474649410355,0.04746494103549992,-0.04746494103549992
1034,2010-02-11,117.21,117.87974234791673,0.6697423479167384,-0.6697423479167384
1035,2010-02-12,118.99,117.09562174942195,-1.8943782505780433,1.8943782505780433
1036,2010-02-16,120.06,118.80281201134682,-1.257187988653186,1.257187988653186
1037,2010-02-17,117.08,119.86030399778058,2.780303997780578,-2.780303997780578
1038,2010-02-18,115.84,117.01664085082172,1.1766408508217125,-1.1766408508217125
1039,2010-02-19,117.91,115.77824294599758,-2.1317570540024207,2.1317570540024207
1040,2010-02-22,117.37,117.72222056572318,0.3522205657231723,-0.3522205657231723
1041,2010-02-23,118.01,117.21734000752419,-0.7926599924758193,0.7926599924758193
1042,2010-02-24,117.96,117.85728003986866,-0.10271996013133844,0.10271996013133844
1043,2010-02-25,118.17,117.81249213089882,-0.35750786910118393,0.35750786910118393
1044,2010-02-26,117.88,118.02415586008881,0.14415586008881576,-0.14415586008881576
1045,2010-03-01,118.85,117.74646997393573,-1.1035300260642629,1.1035300260642629
1046,2010-03-02,125.01,118.68373465511633,-6.32626534488368,6.32626534488368
1047,2010-03-03,125.4,124.65832596826634,-0.7416740317336661,0.7416740317336661
1048,2010-03-04,125.96,125.15646339970205,-0.8035366002979458,0.8035366002979458
1049,2010-03-05,129.13,125.7958115749172,-3.3341884250828002,3.3341884250828002
1050,2010-03-08,128.3,128.88317531231982,0.5831753123198098,-0.5831753123198098
1051,2010-03-09,129.59,128.1403955797498,-1.4496044202502105,1.4496044202502105
1052,2010-03-10,129.11,129.42144302263043,0.3114430226304137,-0.3114430226304137
1053,2010-03-11,130.45,128.96703160805782,-1.4829683919421655,1.4829683919421655
1054,2010-03-12,134.2,130.27565484929576,-3.9243451507042266,3.9243451507042266
1055,2010-03-15,131.7,133.92762286849975,2.2276228684997648,-2.2276228684997648
1056,2010-03-16,131.24,131.58689283834408,0.34689283834407547,-0.34689283834407547
1057,2010-03-17,132.41,131.15020201826601,-1.259797981733982,1.259797981733982
1058,2010-03-18,131.02,132.2425242809806,1.2225242809805934,-1.2225242809805934
1059,2010-03-19,133.71,130.90847017645925,-2.8015298235407613,2.8015298235407613
1060,2010-03-22,130.2,133.5080653814755,3.308065381475501,-3.308065381475501
1061,2010-03-23,130.89,130.13548092639866,-0.7545190736013296,0.7545190736013296
1062,2010-03-24,128.64,130.777159361459,2.1371593614590267,-2.1371593614590267
1063,2010-03-25,129.14,128.56345259501393,-0.5765474049860586,0.5765474049860586
1064,2010-03-26,134.9,129.0147189745971,-5.885281025402918,5.885281025402918
1065,2010-03-29,135.37,134.5689608647571,-0.8010391352429167,0.8010391352429167
1066,2010-03-30,135.74,135.13793820757377,-0.602061792426241,0.602061792426241
1067,2010-03-31,136.0,135.58725424151302,-0.41274575848697737,0.41274575848697737
1068,2010-04-01,134.425,135.85249729043576,1.4274972904357526,-1.4274972904357526
1069,2010-04-05,132.85,134.335857622786,1.4858576227859999,-1.4858576227859999
1070,2010-04-06,131.23,132.78436556320926,1.5543655632092737,-1.5543655632092737
1071,2010-04-07,135.96,131.16439866438432,-4.795601335615686,4.795601335615686
1072,2010-04-08,134.71,135.6955275938894,0.985527593889401,-0.985527593889401
1073,2010-04-09,140.72,134.5485615169512,-6.171438483048803,6.171438483048803
1074,2010-04-12,140.0,140.4064755398269,0.4064755398269142,-0.4064755398269142
1075,2010-04-13,141.23,139.81617471417053,-1.4138252858294607,1.4138252858294607
1076,2010-04-14,140.34,141.06951476287227,0.7295147628722702,-0.7295147628722702
1077,2010-04-15,144.55,140.22425962259285,-4.325740377407158,4.325740377407158
1078,2010-04-16,144.88,144.29558538350537,-0.5844146164946267,0.5844146164946267
1079,2010-04-19,142.35,144.69389696622744,2.3438969662274474,-2.3438969662274474
1080,2010-04-20,143.83,142.30152971888322,-1.528470281116796,1.528470281116796
1081,2010-04-21,145.17,143.68726224221174,-1.482737757788243,1.482737757788243
1082,2010-04-22,147.01,144.98354373840593,-2.0264562615940633,2.0264562615940633
1083,2010-04-23,145.38,146.81185776421503,1.4318577642150387,-1.4318577642150387
1084,2010-04-26,143.2,145.28806151608734,2.0880615160873504,-2.0880615160873504
1085,2010-04-27,145.55,143.16576995903074,-2.384230040969271,2.384230040969271
1086,2010-04-28,142.59,145.37754525604436,2.7875452560443534,-2.7875452560443534
1087,2010-04-29,140.09,142.5319978230654,2.4419978230654067,-2.4419978230654067
1088,2010-04-30,141.4,140.07932087254272,-1.3206791274572822,1.3206791274572822
1089,2010-05-03,137.2,141.26082930680207,4.060829306802077,-4.060829306802077
1090,2010-05-04,135.62,137.1900089800585,1.5700089800585033,-1.5700089800585033
1091,2010-05-05,128.0,135.59001311200177,7.59001311200177,-7.59001311200177
1092,2010-05-06,130.0,128.11849077773718,-1.881509222262821,1.881509222262821
1093,2010-05-07,127.97,129.88036828756586,1.9103682875658592,-1.9103682875658592
1094,2010-05-10,129.73,127.88088360303801,-1.8491163969619748,1.8491163969619748
1095,2010-05-11,129.95,129.55556476859698,-0.3944352314030084,0.3944352314030084
1096,2010-05-12,131.41,129.78915602014075,-1.620843979859245,1.620843979859245
1097,2010-05-13,133.93,131.22328740028078,-2.706712599719225,2.706712599719225
1098,2010-05-14,130.36,133.69557919186312,3.335579191863104,-3.335579191863104
1099,2010-05-17,128.24,130.3177608995424,2.0777608995423975,-2.0777608995423975
1100,2010-05-18,130.14,128.21071057161723,-1.9292894283827593,1.9292894283827593
1101,2010-05-19,125.51,129.96409590118057,4.454095901180565,-4.454095901180565
1102,2010-05-20,122.64,125.51092298819646,2.8709229881964546,-2.8709229881964546
1103,2010-05-21,117.9,122.64780020766335,4.747800207663346,-4.747800207663346
1104,2010-05-24,122.57,117.94499712607595,-4.625002873924046,4.625002873924046
1105,2010-05-25,118.54,122.3264608305419,3.7864608305418983,-3.7864608305418983
1106,2010-05-26,125.05,118.50736924865811,-6.542630751341889,6.542630751341889
1107,2010-05-27,124.98,124.70380462134632,-0.27619537865368216,0.27619537865368216
1108,2010-05-28,126.07,124.80054332076284,-1.2694566792371518,1.2694566792371518
1109,2010-06-01,124.97,125.89619160979959,0.9261916097995879,-0.9261916097995879
1110,2010-06-02,124.02,124.86822694550429,0.8482269455042939,-0.8482269455042939
1111,2010-06-03,126.25,123.92806548950068,-2.321934510499318,2.321934510499318
1112,2010-06-04,126.33,126.0407925929928,-0.28920740700719705,0.28920740700719705
1113,2010-06-07,125.84,126.17722244965611,0.33722244965611026,-0.33722244965611026
1114,2010-06-08,122.0,125.72320236824542,3.723202368245424,-3.723202368245424
1115,2010-06-09,120.31,122.00812954216244,1.6981295421624338,-1.6981295421624338
1116,2010-06-10,120.0,120.2654323397353,0.26543233973529823,-0.26543233973529823
1117,2010-06-11,121.39,119.89312954305842,-1.4968704569415792,1.4968704569415792
1118,2010-06-14,124.24,121.21213788719155,-3.0278621128084495,3.0278621128084495
1119,2010-06-15,123.2,123.99541276461265,0.7954127646126494,-0.7954127646126494
1120,2010-06-16,125.39,123.08489200232732,-2.3051079976726783,2.3051079976726783
1121,2010-06-17,126.74,125.1850976484458,-1.5549023515541904,1.5549023515541904
1122,2010-06-18,126.48,126.54268566759384,0.06268566759383987,-0.06268566759383987
1123,2010-06-21,126.79,126.34632504985596,-0.4436749501440431,0.4436749501440431
1124,2010-06-22,122.65,126.64707201157508,3.997072011575071,-3.997072011575071
1125,2010-06-23,122.11,122.66186667294214,0.5518666729421398,-0.5518666729421398
1126,2010-06-24,120.61,122.02600595593546,1.4160059559354607,-1.4160059559354607
1127,2010-06-25,118.14,120.53736221063285,2.397362210632849,-2.397362210632849
1128,2010-06-28,118.85,118.10885551133902,-0.7411444886609786,0.7411444886609786
1129,2010-06-29,116.26,118.71398642305465,2.453986423054644,-2.453986423054644
1130,2010-06-30,108.58,116.22298759485167,7.642987594851675,-7.642987594851675
1131,2010-07-01,108.9,108.73370920875035,-0.16629079124965074,0.16629079124965074
1132,2010-07-02,110.92,108.82269152207608,-2.0973084779239173,2.0973084779239173
1133,2010-07-06,110.65,110.73357628059134,0.08357628059133049,-0.08357628059133049
1134,2010-07-07,109.84,110.52985222511401,0.6898522251140093,-0.6898522251140093
1135,2010-07-08,115.02,109.75636272961447,-5.26363727038553,5.26363727038553
1136,2010-07-09,116.55,114.72373196556168,-1.8262680344383142,1.8262680344383142
1137,2010-07-12,117.81,116.33362703505577,-1.4763729649442325,1.4763729649442325
1138,2010-07-13,120.69,117.63121029318366,-3.0587897068163414,3.0587897068163414
1139,2010-07-14,123.03,120.45537508453586,-2.574624915464142,2.574624915464142
1140,2010-07-15,120.13,122.80126855443149,2.6712685544314922,-2.6712685544314922
1141,2010-07-16,121.28,120.0805706282804,-1.199429371719603,1.199429371719603
1142,2010-07-19,118.38,121.13244453298284,2.7524445329828495,-2.7524445329828495
1143,2010-07-20,120.61,118.34306825624823,-2.266931743751769,2.266931743751769
1144,2010-07-21,120.62,120.4238406147663,-0.1961593852336989,0.1961593852336989
1145,2010-07-22,118.71,120.47715780343093,1.7671578034309334,-1.7671578034309334
1146,2010-07-23,105.92,118.64856666152504,12.728566661525036,-12.728566661525036
1147,2010-07-26,118.26,106.21344160418907,-12.046558395810933,12.046558395810933
1148,2010-07-27,118.43,117.68678412907973,-0.743215870920281,0.743215870920281
1149,2010-07-28,117.0,118.17886168055426,1.178861680554263,-1.178861680554263
1150,2010-07-29,117.99,116.9348374841401,-1.055162515859891,1.055162515859891
1151,2010-07-30,115.53,117.83671486363917,2.306714863639172,-2.306714863639172
1152,2010-08-02,119.15,115.50304117666104,-3.646958823338963,3.646958823338963
1153,2010-08-03,120.0,118.88816572360328,-1.1118342763967206,1.1118342763967206
1154,2010-08-04,123.06,119.79957846958433,-3.2604215304156696,3.2604215304156696
1155,2010-08-05,126.77,122.7877798721776,-3.9822201278224014,3.9822201278224014
1156,2010-08-06,126.72,126.44751612617866,-0.27248387382134354,0.27248387382134354
1157,2010-08-09,128.46,126.55416216179691,-1.905837838203098,1.905837838203098
1158,2010-08-10,127.95,128.25038416630517,0.3003841663051645,-0.3003841663051645
1159,2010-08-11,128.1,127.82130549887339,-0.27869450112660843,0.27869450112660843
1160,2010-08-12,123.76,127.96255205036302,4.2025520503630105,-4.2025520503630105
1161,2010-08-13,126.06,123.80770586316295,-2.252294136837051,2.252294136837051
1162,2010-08-16,123.61,125.86308059485584,2.253080594855845,-2.253080594855845
1163,2010-08-17,127.34,123.56573403258331,-3.774265967416696,3.774265967416696
1164,2010-08-18,129.25,127.05864344527706,-2.191356554722944,2.191356554722944
1165,2010-08-19,129.22,129.00145208184995,-0.21854791815005115,0.21854791815005115
1166,2010-08-20,127.2,129.07080922128029,1.8708092212802825,-1.8708092212802825
1167,2010-08-23,127.86,127.15267092395993,-0.7073290760400681,0.7073290760400681
1168,2010-08-24,125.41,127.71252228974792,2.3025222897479267,-2.3025222897479267
1169,2010-08-25,123.85,125.3779547257658,1.5279547257658095,-1.5279547257658095
1170,2010-08-26,127.15,123.80425563719652,-3.3457443628034866,3.3457443628034866
1171,2010-08-27,125.46,126.88401933746412,1.4240193374641308,-1.4240193374641308
1172,2010-08-30,126.03,125.37536450454249,-0.6546354954575122,0.6546354954575122
1173,2010-08-31,122.85,125.88586525415691,3.035865254156917,-3.035865254156917
1174,2010-09-01,126.36,122.85437312113261,-3.505626878867389,3.505626878867389
1175,2010-09-02,132.17,126.09346557753717,-6.076534422462814,6.076534422462814
1176,2010-09-03,136.89,131.74362233575897,-5.146377664241015,5.146377664241015
1177,2010-09-07,137.56,136.5023395278635,-1.0576604721364902,1.0576604721364902
1178,2010-09-08,137.93,137.35699159303115,-0.573008406968853,0.573008406968853
1179,2010-09-09,140.39,137.7698309324039,-2.6201690675960947,2.6201690675960947
1180,2010-09-10,140.75,140.14369931988568,-0.606300680114316,0.606300680114316
1181,2010-09-13,144.07,140.57731533816263,-3.492684661837359,3.492684661837359
1182,2010-09-14,144.5,143.78791717493363,-0.7120828250663749,0.7120828250663749
1183,2010-09-15,144.88,144.31975237193288,-0.5602476280671169,0.5602476280671169
1184,2010-09-16,145.4,144.72190569137572,-0.6780943086242814,0.6780943086242814
1185,2010-09-17,148.9,145.23665590620473,-3.663344093795274,3.663344093795274
1186,2010-09-20,148.7,148.61169610156946,-0.08830389843052444,0.08830389843052444
1187,2010-09-21,150.76,148.5469578189601,-2.2130421810398957,2.2130421810398957
1188,2010-09-22,149.84,150.53856492901977,0.6985649290197671,-0.6985649290197671
1189,2010-09-23,151.2,149.72793928116033,-1.472060718839657,1.472060718839657
1190,2010-09-24,155.43,151.01276816459884,-4.417231835401168,4.417231835401168
1191,2010-09-27,160.22,155.1101457941615,-5.109854205838502,5.109854205838502
1192,2010-09-28,159.84,159.86597625661705,0.02597625661704228,-0.02597625661704228
1193,2010-09-29,159.03,159.69672146056936,0.666721460569363,-0.666721460569363
1194,2010-09-30,160.01,158.93616894664828,-1.0738310533517108,1.0738310533517108
1195,2010-10-01,157.08,159.84705730220222,2.767057302202204,-2.767057302202204
1196,2010-10-04,153.95,157.0611787260207,3.111178726020711,-3.111178726020711
1197,2010-10-05,157.08,153.9591008292055,-3.1208991707945017,3.1208991707945017
1198,2010-10-06,160.6,156.84032257955403,-3.7596774204459678,3.7596774204459678
1199,2010-10-07,156.51,160.30477242954032,3.7947724295403304,-3.7947724295403304
1200,2010-10-08,155.18,156.5176032139495,1.3376032139495067,-1.3376032139495067
1201,2010-10-11,154.89,155.13166520010915,0.2416652001091677,-0.2416652001091677
1202,2010-10-12,152.51,154.77854762993024,2.2685476299302536,-2.2685476299302536
1203,2010-10-13,156.69,152.47318986821423,-4.216810131785763,4.216810131785763
1204,2010-10-14,155.16,156.40232086014964,1.242320860149647,-1.242320860149647
1205,2010-10-15,158.42,155.05834455056873,-3.361655449431254,3.361655449431254
1206,2010-10-18,165.0,158.16388345004697,-6.836116549953033,6.836116549953033
1207,2010-10-19,160.68,164.57733791573168,3.8973379157316685,-3.8973379157316685
1208,2010-10-20,158.78,160.67825392562204,1.8982539256220434,-1.8982539256220434
1209,2010-10-21,162.67,158.76288023486717,-3.907119765132819,3.907119765132819
1210,2010-10-22,162.45,162.39753617792832,-0.05246382207167244,0.05246382207167244
1211,2010-10-25,171.57,162.298649053282,-9.271350946718002,9.271350946718002
1212,2010-10-26,167.57,171.06715015147773,3.49715015147774,-3.49715015147774
1213,2010-10-27,168.91,167.54832357211762,-1.3616764278823723,1.3616764278823723
1214,2010-10-28,168.31,168.7646507912095,0.45465079120950236,-0.45465079120950236
1215,2010-10-29,165.8,168.20736661384407,2.4073666138440615,-2.4073666138440615
1216,2010-11-01,164.45,165.788828491728,1.3388284917280089,-1.3388284917280089
1217,2010-11-02,163.75,164.40136674038587,0.6513667403858676,-0.6513667403858676
1218,2010-11-03,165.4,163.66425560609903,-1.7357443939009727,1.7357443939009727
1219,2010-11-04,169.86,165.2110744368564,-4.648925563143621,4.648925563143621
1220,2010-11-05,169.35,169.53774302861606,0.18774302861606884,-0.18774302861606884
1221,2010-11-08,170.84,169.21968325420144,-1.6203167457985614,1.6203167457985614
1222,2010-11-09,172.67,170.66444651062778,-2.005553489372204,2.005553489372204
1223,2010-11-10,170.59,172.4678581949794,1.8778581949794102,-1.8778581949794102
1224,2010-11-11,171.0,170.5484273665997,-0.4515726334003034,0.4515726334003034
1225,2010-11-12,170.12,170.88240752300263,0.7624075230026222,-0.7624075230026222
1226,2010-11-15,165.16,170.03726447309205,4.877264473092055,-4.877264473092055
1227,2010-11-16,158.74,165.24962318939436,6.509623189394347,-6.509623189394347
1228,2010-11-17,157.84,158.9021961657761,1.0621961657761005,-1.0621961657761005
1229,2010-11-18,160.74,157.78765091291436,-2.9523490870856506,2.9523490870856506
1230,2010-11-19,163.95,160.4961984448468,-3.453801555153177,3.453801555153177
1231,2010-11-22,165.1,163.66708082078375,-1.432919179216242,1.432919179216242
1232,2010-11-23,168.61,164.9021106181323,-3.707889381867716,3.707889381867716
1233,2010-11-24,171.53,168.3348720096778,-3.1951279903221916,3.1951279903221916
1234,2010-11-26,177.36,171.26680323974554,-6.093196760254472,6.093196760254472
1235,2010-11-29,179.99,176.99362676923954,-2.9963732307604687,2.9963732307604687
1236,2010-11-30,176.95,179.74230688165065,2.79230688165066,-2.79230688165066
1237,2010-12-01,179.16,176.94180830971104,-2.218191690288961,2.218191690288961
1238,2010-12-02,176.86,178.98513237935182,2.125132379351811,-2.125132379351811
1239,2010-12-03,175.5,176.82633489036215,1.3263348903621477,-1.3263348903621477
1240,2010-12-06,175.52,175.45532452034715,-0.06467547965286258,0.06467547965286258
1241,2010-12-07,180.5,175.41434108578437,-5.085658914215628,5.085658914215628
1242,2010-12-08,177.49,180.19309302693793,2.703093026937921,-2.703093026937921
1243,2010-12-09,177.77,177.4663368034141,-0.3036631965859158,0.3036631965859158
1244,2010-12-10,174.88,177.66854934421747,2.788549344217472,-2.788549344217472
1245,2010-12-13,176.33,174.8783944935801,-1.4516055064199236,1.4516055064199236
1246,2010-12-14,174.28,176.1765840014258,1.8965840014257935,-1.8965840014257935
1247,2010-12-15,173.72,174.23684126094915,0.5168412609491497,-0.5168412609491497
1248,2010-12-16,175.58,173.637805932097,-1.9421940679030172,1.9421940679030172
1249,2010-12-17,178.41,175.39302259847355,-3.0169774015264466,3.0169774015264466
1250,2010-12-20,179.27,178.17195902168905,-1.0980409783109621,1.0980409783109621
1251,2010-12-21,183.88,179.10754164527427,-4.772458354725728,4.772458354725728
1252,2010-12-22,185.0,183.58566103701625,-1.4143389629837486,1.4143389629837486
1253,2010-12-23,184.34,184.82715888675523,0.4871588867552248,-0.4871588867552248
1254,2010-12-27,181.9,184.25903104668686,2.3590310466868516,-2.3590310466868516
1255,2010-12-28,182.1,181.89559995340147,-0.20440004659852207,0.20440004659852207
1256,2010-12-29,181.8,182.00166617836098,0.20166617836096634,-0.20166617836096634
1257,2010-12-30,183.92,181.7045735188265,-2.2154264811734947,2.2154264811734947
1258,2010-12-31,181.96,183.73395471041098,1.773954710410976,-1.773954710410976
1259,2011-01-03,181.37,181.9189806776785,0.548980677678486,-0.548980677678486
1260,2011-01-04,186.15,181.29814086423477,-4.851859135765238,4.851859135765238
1261,2011-01-05,184.1,185.86023018939366,1.760230189393667,-1.760230189393667
1262,2011-01-06,186.5,184.0486660907988,-2.451333909201196,2.451333909201196
1263,2011-01-07,187.88,186.31624170215628,-1.5637582978437194,1.5637582978437194
1264,2011-01-10,185.04,187.71260292745265,2.672602927452658,-2.672602927452658
1265,2011-01-11,185.42,185.04389206132637,-0.3761079386736128,0.3761079386736128
1266,2011-01-12,185.36,185.321353168484,-0.038646831516018665,0.038646831516018665
1267,2011-01-13,183.6,185.2583157242946,1.6583157242945958,-1.6583157242945958
1268,2011-01-14,185.5,183.5663415918,-1.9336584081999888,1.9336584081999888
1269,2011-01-18,188.66,185.331773254665,-3.3282267453350016,3.3282267453350016
1270,2011-01-19,190.9,188.42181879272601,-2.478181207273991,2.478181207273991
1271,2011-01-20,185.29,190.6961786391669,5.40617863916691,-5.40617863916691
1272,2011-01-21,183.0,185.39682552496717,2.39682552496717,-2.39682552496717
1273,2011-01-24,177.95,183.0223320230081,5.0723320230081015,-5.0723320230081015
1274,2011-01-25,175.5,178.04664350450872,2.5466435045087223,-2.5466435045087223
1275,2011-01-26,177.51,175.5062135477102,-2.003786452289802,2.003786452289802
1276,2011-01-27,177.48,177.32839705330355,-0.1516029466964426,0.1516029466964426
1277,2011-01-28,171.45,177.35157956559743,5.901579565597444,-5.901579565597444
1278,2011-01-31,170.16,171.56144306804956,1.4014430680495593,-1.4014430680495593
1279,2011-02-01,170.52,170.1239142710871,-0.39608572891290805,0.39608572891290805
1280,2011-02-02,171.42,170.3896955330099,-1.0303044669900885,1.0303044669900885
1281,2011-02-03,173.5,171.25823634890622,-2.241763651093777,2.241763651093777
1282,2011-02-04,174.0,173.28960466108578,-0.7103953389142248,0.7103953389142248
1283,2011-02-07,176.15,173.8448256203584,-2.3051743796416133,2.3051743796416133
1284,2011-02-08,176.66,175.94214458047108,-0.7178554195289166,0.7178554195289166
1285,2011-02-09,183.15,176.50676726725507,-6.643232732744934,6.643232732744934
1286,2011-02-10,184.39,182.77626334433583,-1.6137366556641553,1.6137366556641553
1287,2011-02-11,185.56,184.19075552921765,-1.3692444707823483,1.3692444707823483
1288,2011-02-14,189.25,185.39857689857405,-3.851423101425951,3.851423101425951
1289,2011-02-15,188.73,188.99565511822343,0.26565511822343524,-0.26565511822343524
1290,2011-02-16,189.77,188.62483280153242,-1.1451671984675897,1.1451671984675897
1291,2011-02-17,185.77,189.63043732806085,3.86043732806084,-3.86043732806084
1292,2011-02-18,187.54,185.80953655464154,-1.7304634453584526,1.7304634453584526
1293,2011-02-22,183.68,187.3867631442644,3.706763144264386,-3.706763144264386
1294,2011-02-23,180.25,183.70829844104662,3.4582984410466224,-3.4582984410466224
1295,2011-02-24,176.86,180.28508834116224,3.4250883411622226,-3.4250883411622226
1296,2011-02-25,178.95,176.8846962092573,-2.065303790742689,2.065303790742689
1297,2011-02-28,173.91,178.76719035939652,4.857190359396526,-4.857190359396526
1298,2011-03-01,173.53,173.96970921267774,0.4397092126777409,-0.4397092126777409
1299,2011-03-02,169.09,173.4437814229881,4.353781422988106,-4.353781422988106
1300,2011-03-03,173.71,169.13366483136264,-4.576335168637371,4.576335168637371
1301,2011-03-04,172.62,173.42007892482144,0.8000789248214346,-0.8000789248214346
1302,2011-03-07,171.92,172.51842626215247,0.5984262621524863,-0.5984262621524863
1303,2011-03-08,169.39,171.8261452905011,2.4361452905011163,-2.4361452905011163
1304,2011-03-09,166.67,169.36419073041301,2.694190730413027,-2.694190730413027
1305,2011-03-10,167.07,166.656662374438,-0.4133376255619794,0.4133376255619794
1306,2011-03-11,165.5,166.93669193491013,1.4366919349101295,-1.4366919349101295
1307,2011-03-14,166.6,165.43067882100001,-1.1693211789999793,1.1693211789999793
1308,2011-03-15,161.39,166.43423776028857,5.044237760288581,-5.044237760288581
1309,2011-03-16,164.7,161.45810640492428,-3.241893595075709,3.241893595075709
1310,2011-03-17,165.91,164.45604880075052,-1.4539511992494738,1.4539511992494738
1311,2011-03-18,161.19,165.7202934865308,4.530293486530809,-4.530293486530809
1312,2011-03-21,163.37,161.24120977757812,-2.128790222421884,2.128790222421884
1313,2011-03-22,164.07,163.17217874445626,-0.8978212555437324,0.8978212555437324
1314,2011-03-23,162.3,163.90342823965912,1.6034282396591095,-1.6034282396591095
1315,2011-03-24,168.21,162.2385845207297,-5.97141547927032,5.97141547927032
1316,2011-03-25,171.64,167.84595907256949,-3.794040927430501,3.794040927430501
1317,2011-03-28,171.8,171.34704518846942,-0.4529548115305886,0.4529548115305886
1318,2011-03-29,170.73,171.65129780579824,0.9212978057982468,-0.9212978057982468
1319,2011-03-30,177.78,170.64443832696682,-7.13556167303318,7.13556167303318
1320,2011-03-31,179.31,177.37287589438048,-1.9371241056195174,1.9371241056195174
1321,2011-04-01,181.58,179.09290710121442,-2.4870928987855905,2.4870928987855905
1322,2011-04-04,180.89,181.36208843266544,0.4720884326654584,-0.4720884326654584
1323,2011-04-05,182.1,180.78650057473715,-1.3134994252628474,1.3134994252628474
1324,2011-04-06,186.15,181.93423741091945,-4.215762589080555,4.215762589080555
1325,2011-04-07,182.78,185.86590482024445,3.0859048202444512,-3.0859048202444512
1326,2011-04-08,185.26,182.77640204481608,-2.4835979551839102,2.4835979551839102
1327,2011-04-11,184.86,185.05605310367656,0.19605310367654738,-0.19605310367654738
1328,2011-04-12,183.06,184.74794991724062,1.6879499172406156,-1.6879499172406156
1329,2011-04-13,180.83,183.01379311748641,2.1837931174864025,-2.1837931174864025
1330,2011-04-14,181.39,180.80409432904796,-0.5859056709520303,0.5859056709520303
1331,2011-04-15,181.0,181.25516952750104,0.25516952750103883,-0.25516952750103883
1332,2011-04-18,178.38,180.89136971459703,2.5113697145970377,-2.5113697145970377
1333,2011-04-19,178.35,178.36176691943476,0.011766919434762713,-0.011766919434762713
1334,2011-04-20,181.62,178.23789944336195,-3.3821005566380506,3.3821005566380506
1335,2011-04-21,184.56,181.3662695970614,-3.1937304029385984,3.1937304029385984
1336,2011-04-25,185.65,184.3078775485294,-1.3421224514706012,1.3421224514706012
1337,2011-04-26,186.27,185.47532028767014,-0.7946797123298666,0.7946797123298666
1338,2011-04-27,183.2,186.1227796433801,2.9227796433801245,-2.9227796433801245
1339,2011-04-28,195.96,183.19763074592157,-12.762369254078436,12.762369254078436
1340,2011-04-29,194.38,195.32924180728224,0.9492418072822488,-0.9492418072822488
1341,2011-05-02,196.57,194.28042323912908,-2.289576760870915,2.289576760870915
1342,2011-05-03,201.0,196.37870105970495,-4.621298940295048,4.621298940295048
1343,2011-05-04,198.25,200.70823844843645,2.458238448436447,-2.458238448436447
1344,2011-05-05,198.66,198.2411578570251,-0.41884214297490985,0.41884214297490985
1345,2011-05-06,199.1,198.5497371136458,-0.5502628863542043,0.5502628863542043
1346,2011-05-09,198.34,198.9768763023788,0.6368763023787949,-0.6368763023787949
1347,2011-05-10,201.94,198.26481023114138,-3.6751897688586155,3.6751897688586155
1348,2011-05-11,203.12,201.69367448169336,-1.4263255183066406,1.4263255183066406
1349,2011-05-12,204.22,202.95936990332612,-1.2606300966738786,1.2606300966738786
1350,2011-05-13,205.7,204.07402211723974,-1.6259778827602531,1.6259778827602531
1351,2011-05-16,200.54,205.54096251590053,5.0009625159005395,-5.0009625159005395
1352,2011-05-17,191.82,200.6420914990088,8.82209149900882,-8.82209149900882
1353,2011-05-18,194.13,192.06756337769767,-2.0624366223023287,2.0624366223023287
1354,2011-05-19,198.33,193.9596870041364,-4.3703129958636,4.3703129958636
1355,2011-05-20,197.95,198.038928780978,0.08892878097802281,-0.08892878097802281
1356,2011-05-23,195.56,197.83602796090454,2.2760279609045426,-2.2760279609045426
1357,2011-05-24,197.0,195.54717272094123,-1.4528272790587664,1.4528272790587664
1358,2011-05-25,193.57,196.84476284435246,3.274762844352466,-3.274762844352466
1359,2011-05-26,191.24,193.5871762491954,2.3471762491953996,-2.3471762491953996
1360,2011-05-27,194.76,191.23451224545565,-3.5254877545443435,3.5254877545443435
1361,2011-05-31,195.94,194.51586489398392,-1.424135106016081,1.424135106016081
1362,2011-06-01,196.06,195.7608321768334,-0.29916782316661283,0.29916782316661283
1363,2011-06-02,192.28,195.9372024622399,3.657202462239894,-3.657202462239894
1364,2011-06-03,191.23,192.31532219374157,1.0853221937415753,-1.0853221937415753
1365,2011-06-06,188.66,191.17604268741317,2.516042687413176,-2.516042687413176
1366,2011-06-07,185.72,188.6489253720846,2.928925372084592,-2.928925372084592
1367,2011-06-08,187.45,185.72817366848966,-1.7218263315103286,1.7218263315103286
1368,2011-06-09,189.74,187.27501719722034,-2.464982802779673,2.464982802779673
1369,2011-06-10,189.25,189.51875990954755,0.2687599095475548,-0.2687599095475548
1370,2011-06-13,186.81,189.13751834812896,2.3275183481289616,-2.3275183481289616
1371,2011-06-14,188.99,186.788695826604,-2.201304173396011,2.201304173396011
1372,2011-06-15,188.04,188.79579232730214,0.7557923273021458,-0.7557923273021458
1373,2011-06-16,185.74,187.94534320576435,2.2053432057643363,-2.2053432057643363
1374,2011-06-17,186.51,185.71515432822176,-0.7948456717782335,0.7948456717782335
1375,2011-06-20,185.96,186.3703047898115,0.4103047898115051,-0.4103047898115051
1376,2011-06-21,188.3,185.85554969439792,-2.444450305602089,2.444450305602089
1377,2011-06-22,193.96,188.08744905601418,-5.8725509439858286,5.8725509439858286
1378,2011-06-23,189.5,193.599397974816,4.099397974815986,-4.099397974815986
1379,2011-06-24,193.88,189.52522816868267,-4.354771831317322,4.354771831317322
1380,2011-06-27,194.5,193.60652542376948,-0.893474576230517,0.893474576230517
1381,2011-06-28,201.92,194.33359187384005,-7.586408126159938,7.586408126159938
1382,2011-06-29,202.67,201.49919006757892,-1.170809932421065,1.170809932421065
1383,2011-06-30,200.78,202.4941053024413,1.714105302441311,-1.714105302441311
1384,2011-07-01,205.55,200.74250646472836,-4.807493535271647,4.807493535271647
1385,2011-07-05,208.76,205.2578380337531,-3.502161966246888,3.502161966246888
1386,2011-07-06,212.12,208.5024251019332,-3.617574898066806,3.617574898066806
1387,2011-07-07,215.09,211.87127614116224,-3.2187238588377625,3.2187238588377625
1388,2011-07-08,214.3,214.8622985084626,0.5622985084625896,-0.5622985084625896
1389,2011-07-11,216.74,214.22511646122737,-2.5148835387726365,2.5148835387726365
1390,2011-07-12,214.64,216.55634879324018,1.9163487932401893,-1.9163487932401893
1391,2011-07-13,214.7,214.62080350690465,-0.07919649309533838,0.07919649309533838
1392,2011-07-14,213.58,214.61478248204685,1.034782482046836,-1.034782482046836
1393,2011-07-15,213.08,213.53010456634854,0.4501045663485286,-0.4501045663485286
1394,2011-07-18,212.53,213.0094266754542,0.47942667545419226,-0.47942667545419226
1395,2011-07-19,213.77,212.4574028178198,-1.3125971821802125,1.3125971821802125
1396,2011-07-20,220.05,213.62688888944163,-6.423111110558381,6.423111110558381
1397,2011-07-21,216.74,219.70197614208783,2.9619761420878206,-2.9619761420878206
1398,2011-07-22,213.86,216.75244205939126,2.892442059391243,-2.892442059391243
1399,2011-07-25,215.49,213.89616331969577,-1.5938366803042356,1.5938366803042356
1400,2011-07-26,214.99,215.3448642182534,0.35486421825339676,-0.35486421825339676
1401,2011-07-27,224.39,214.90701469113256,-9.482985308867427,9.482985308867427
1402,2011-07-28,223.27,223.92307749948702,0.6530774994870114,-0.6530774994870114
1403,2011-07-29,221.29,223.18696708684442,1.8969670868444268,-1.8969670868444268
1404,2011-08-01,225.0,221.29106584913578,-3.7089341508642235,3.7089341508642235
1405,2011-08-02,220.32,224.77922087025286,4.459220870252864,-4.459220870252864
1406,2011-08-03,209.48,220.40408695002725,10.92408695002726,-10.92408695002726
1407,2011-08-04,206.73,209.82519509193028,3.095195091930293,-3.095195091930293
1408,2011-08-05,204.67,206.78511475348068,2.1151147534806967,-2.1151147534806967
1409,2011-08-08,196.4,204.65200881534489,8.25200881534488,-8.25200881534488
1410,2011-08-09,196.7,196.60425114541547,-0.09574885458451377,0.09574885458451377
1411,2011-08-10,200.76,196.60413234028928,-4.155867659710708,4.155867659710708
1412,2011-08-11,197.01,200.48152523239995,3.471525232399955,-3.471525232399955
1413,2011-08-12,200.28,197.01513091355582,-3.264869086444179,3.264869086444179
1414,2011-08-15,202.06,200.05077073917596,-2.0092292608240427,2.0092292608240427
1415,2011-08-16,201.14,201.8564154191896,0.7164154191896159,-0.7164154191896159
1416,2011-08-17,198.53,201.05003267293722,2.5200326729372193,-2.5200326729372193
1417,2011-08-18,191.21,198.5176359269727,7.307635926972694,-7.307635926972694
1418,2011-08-19,180.29,191.37808554156706,11.088085541567068,-11.088085541567068
1419,2011-08-22,182.83,180.58289744474337,-2.247102555256646,2.247102555256646
1420,2011-08-23,178.92,182.65594242338523,3.7359424233852394,-3.7359424233852394
1421,2011-08-24,193.89,178.9290338003211,-14.960966199678893,14.960966199678893
1422,2011-08-25,194.41,193.16618119430842,-1.2438188056915749,1.2438188056915749
1423,2011-08-26,191.24,194.21791959771048,2.9779195977104678,-2.9779195977104678
1424,2011-08-29,202.82,191.23358216054223,-11.586417839457766,11.586417839457766
1425,2011-08-30,205.78,202.23954154007023,-3.5404584599297664,3.5404584599297664
1426,2011-08-31,212.27,205.4956437142102,-6.774356285789821,6.774356285789821
1427,2011-09-01,215.28,211.8952164988181,-3.3847835011819143,3.3847835011819143
1428,2011-09-02,208.94,215.0382989947957,6.098298994795698,-6.098298994795698
1429,2011-09-06,204.77,209.05487787288132,4.28487787288131,-4.28487787288131
1430,2011-09-07,218.8,204.82667513171234,-13.973324868287676,13.973324868287676
1431,2011-09-08,218.3,218.14917775476547,-0.15082224523453647,0.15082224523453647
1432,2011-09-09,215.05,218.14027332832654,3.090273328326532,-3.090273328326532
1433,2011-09-12,208.75,215.0691587638574,6.319158763857388,-6.319158763857388
1434,2011-09-13,217.79,208.89094715698855,-8.899052843011447,8.899052843011447
1435,2011-09-14,220.22,217.3560250170972,-2.863974982902789,2.863974982902789
1436,2011-09-15,223.99,219.95799262255844,-4.032007377441573,4.032007377441573
1437,2011-09-16,227.57,223.7264205713081,-3.8435794286918963,3.8435794286918963
1438,2011-09-19,237.11,227.31212407644807,-9.797875923551942,9.797875923551942
1439,2011-09-20,240.8,236.63609365840784,-4.163906341592167,4.163906341592167
1440,2011-09-21,234.51,240.53614078971907,6.026140789719079,-6.026140789719079
1441,2011-09-22,224.72,234.64250993934562,9.922509939345616,-9.922509939345616
1442,2011-09-23,220.51,225.0144501826642,4.504450182664215,-4.504450182664215
1443,2011-09-26,227.48,220.60942879793885,-6.870571202061143,6.870571202061143
1444,2011-09-27,234.22,227.14869940205088,-7.071300597949119,7.071300597949119
1445,2011-09-28,226.35,233.82886455847145,7.478864558471457,-7.478864558471457
1446,2011-09-29,234.17,226.48352345275222,-7.686476547247764,7.686476547247764
1447,2011-09-30,218.19,233.83895152066182,15.648951520661825,-15.648951520661825
1448,2011-10-03,217.01,218.64979492767807,1.639794927678082,-1.639794927678082
1449,2011-10-04,209.62,217.0303301305235,7.410330130523505,-7.410330130523505
1450,2011-10-05,212.53,209.78536589673809,-2.744634103261916,2.744634103261916
1451,2011-10-06,220.28,212.32267813601823,-7.957321863981775,7.957321863981775
1452,2011-10-07,222.48,219.84415930938454,-2.635840690615453,2.635840690615453
1453,2011-10-10,226.23,222.2459516699884,-3.9840483300116034,3.9840483300116034
1454,2011-10-11,230.6,225.96818725990738,-4.631812740092613,4.631812740092613
1455,2011-10-12,236.64,230.31421568282482,-6.325784317175163,6.325784317175163
1456,2011-10-13,237.0,236.29850871706768,-0.7014912829323237,0.7014912829323237
1457,2011-10-14,240.87,236.8720465516955,-3.9979534483045143,3.9979534483045143
1458,2011-10-17,244.29,240.6357092847242,-3.654290715275806,3.654290715275806
1459,2011-10-18,242.31,244.06711987823923,1.757119878239223,-1.757119878239223
1460,2011-10-19,240.67,242.28972362943927,1.619723629439278,-1.619723629439278
1461,2011-10-20,232.13,240.6526216828466,8.52262168284659,-8.52262168284659
1462,2011-10-21,236.91,232.34931124876655,-4.560688751233442,4.560688751233442
1463,2011-10-24,236.02,236.66138193467208,0.6413819346720686,-0.6413819346720686
1464,2011-10-25,238.59,235.94184418566726,-2.648155814332739,2.648155814332739
1465,2011-10-26,203.69,238.4020327640111,34.7120327640111,-34.7120327640111
1466,2011-10-27,204.26,204.81928273818826,0.5592827381882728,-0.5592827381882728
1467,2011-10-28,206.53,204.1867942200022,-2.3432057799977883,2.3432057799977883
1468,2011-10-31,215.79,206.30713704166882,-9.482862958331168,9.482862958331168
1469,2011-11-01,208.11,215.28883541278245,7.178835412782433,-7.178835412782433
1470,2011-11-02,215.55,208.24051967327378,-7.309480326726231,7.309480326726231
1471,2011-11-03,216.3,215.13937594653675,-1.1606240534632661,1.1606240534632661
1472,2011-11-04,217.65,216.11845136390542,-1.531548636094584,1.531548636094584
1473,2011-11-07,216.84,217.46723429130702,0.627234291307019,-0.627234291307019
1474,2011-11-08,219.2,216.74234378092586,-2.4576562190741242,2.4576562190741242
1475,2011-11-09,214.95,218.98162189492416,4.031621894924172,-4.031621894924172
1476,2011-11-10,213.5,214.9865663977715,1.4865663977714973,-1.4865663977714973
1477,2011-11-11,212.52,213.44212960129474,0.9221296012947278,-0.9221296012947278
1478,2011-11-14,215.65,212.43404786039497,-3.2159521396050366,3.2159521396050366
1479,2011-11-15,218.0,215.39699120051657,-2.6030087994834332,2.6030087994834332
1480,2011-11-16,216.27,217.76812673277374,1.498126732773727,-1.498126732773727
1481,2011-11-17,212.51,216.2049094199352,3.6949094199352146,-3.6949094199352146
1482,2011-11-18,205.33,212.53614929391696,7.206149293916951,-7.206149293916951
1483,2011-11-21,193.29,205.4887624258872,12.198762425887196,-12.198762425887196
1484,2011-11-22,186.95,193.61322143039231,6.663221430392326,-6.663221430392326
1485,2011-11-23,193.06,187.05241136838802,-6.007588631611981,6.007588631611981
1486,2011-11-25,190.41,192.70679217359015,2.2967921735901484,-2.2967921735901484
1487,2011-11-28,191.65,190.35874199399788,-1.2912580060021241,1.2912580060021241
1488,2011-11-29,194.78,191.47136805543315,-3.308631944566855,3.308631944566855
1489,2011-11-30,194.76,194.52088151309925,-0.23911848690073612,0.23911848690073612
1490,2011-12-01,191.85,194.61628757880692,2.7662875788069243,-2.7662875788069243
1491,2011-12-02,197.07,191.82175117779997,-5.248248822200026,5.248248822200026
1492,2011-12-05,198.86,196.7388484770217,-2.121151522978323,2.121151522978323
1493,2011-12-06,195.98,198.6409137643399,2.6609137643399094,-2.6609137643399094
1494,2011-12-07,191.03,195.94591818981945,4.91591818981945,-4.91591818981945
1495,2011-12-08,193.57,191.08501472418325,-2.48498527581674,2.48498527581674
1496,2011-12-09,191.21,193.3514989834855,2.1414989834854907,-2.1414989834854907
1497,2011-12-12,190.03,191.1547674001241,1.1247674001240853,-1.1247674001240853
1498,2011-12-13,188.56,189.9448202303578,1.3848202303578034,-1.3848202303578034
1499,2011-12-14,179.0,188.48250489154512,9.482504891545119,-9.482504891545119
1500,2011-12-15,182.05,179.2199979542131,-2.830002045786898,2.830002045786898
1501,2011-12-16,182.42,181.824346631637,-0.5956533683629743,0.5956533683629743
1502,2011-12-19,182.0,182.26297471116234,0.26297471116234306,-0.26297471116234306
1503,2011-12-20,182.69,181.8809479628423,-0.8090520371576986,0.8090520371576986
1504,2011-12-21,181.92,182.5306414844708,0.6106414844708183,-0.6106414844708183
1505,2011-12-22,175.09,181.81346926550276,6.723469265502757,-6.723469265502757
1506,2011-12-23,179.22,175.2163438842416,-4.003656115758389,4.003656115758389
1507,2011-12-27,177.73,178.9470946168908,1.2170946168908188,-1.2170946168908188
1508,2011-12-28,176.39,177.6441989268018,1.2541989268018199,-1.2541989268018199
1509,2011-12-29,169.62,176.31529759131297,6.695297591312965,-6.695297591312965
1510,2011-12-30,173.36,169.75249009831745,-3.607509901682562,3.607509901682562
1511,2012-01-03,175.89,173.1029728215253,-2.7870271784746876,2.7870271784746876
1512,2012-01-04,179.21,175.6482441561146,-3.5617558438854076,3.5617558438854076
1513,2012-01-05,175.94,178.94057858300238,3.0005785830023797,-3.0005785830023797
1514,2012-01-06,178.07,175.9250881523757,-2.144911847624286,2.144911847624286
1515,2012-01-09,182.76,177.864614876962,-4.895385123037983,4.895385123037983
1516,2012-01-10,181.1,182.43413123680702,1.3341312368070248,-1.3341312368070248
1517,2012-01-11,179.64,181.01474337479488,1.374743374794889,-1.374743374794889
1518,2012-01-12,179.42,179.56992105084714,0.1499210508471549,-0.1499210508471549
1519,2012-01-13,175.81,179.3014475464464,3.491447546446409,-3.491447546446409
1520,2012-01-17,180.15,175.81948598529428,-4.330514014705727,4.330514014705727
1521,2012-01-18,181.94,179.8579482765648,-2.0820517234351996,2.0820517234351996
1522,2012-01-19,190.88,181.71988805972424,-9.160111940275755,9.160111940275755
1523,2012-01-20,190.71,190.3830690748229,-0.3269309251770949,0.3269309251770949
1524,2012-01-23,190.79,190.55315383117966,-0.23684616882033538,0.23684616882033538
1525,2012-01-24,185.0,190.64943776497222,5.64943776497222,-5.64943776497222
1526,2012-01-25,186.99,185.08413134815555,-1.9058686518444574,1.9058686518444574
1527,2012-01-26,189.3,186.79141649926123,-2.50858350073878,2.50858350073878
1528,2012-01-27,193.09,189.06647725250178,-4.02352274749822,4.02352274749822
1529,2012-01-30,193.68,192.7969504272696,-0.883049572730414,0.883049572730414
1530,2012-01-31,194.0,193.50753838556722,-0.49246161443278424,0.49246161443278424
1531,2012-02-01,173.81,193.84708160858716,20.037081608587158,-20.037081608587158
1532,2012-02-02,179.65,174.41671590173797,-5.233284098262033,5.233284098262033
1533,2012-02-03,182.83,179.3332091712613,-3.4967908287387104,3.4967908287387104
1534,2012-02-06,186.28,182.53708207994995,-3.742917920050047,3.742917920050047
1535,2012-02-07,182.65,185.98924373475802,3.339243734758014,-3.339243734758014
1536,2012-02-08,184.95,182.64590445809023,-2.30409554190976,2.30409554190976
1537,2012-02-09,184.5,184.73465568541846,0.23465568541845983,-0.23465568541845983
1538,2012-02-10,183.42,184.3727056548526,0.9527056548526218,-0.9527056548526218
1539,2012-02-13,187.17,183.33036951910333,-3.839630480896659,3.839630480896659
1540,2012-02-14,191.08,186.8827674614079,-4.197232538592118,4.197232538592118
1541,2012-02-15,191.29,190.76410077444189,-0.5258992255581063,0.5258992255581063
1542,2012-02-16,177.79,191.12533476474113,13.335334764741134,-13.335334764741134
1543,2012-02-17,180.09,178.18485080432373,-1.9051491956762732,1.9051491956762732
1544,2012-02-21,182.65,179.93235662917803,-2.7176433708219747,2.7176433708219747
1545,2012-02-22,181.95,182.39484060003537,0.44484060003537707,-0.44484060003537707
1546,2012-02-23,179.64,181.8282399545109,2.1882399545109195,-2.1882399545109195
1547,2012-02-24,179.7,179.60558013169606,-0.09441986830393034,0.09441986830393034
1548,2012-02-27,177.54,179.57921862359603,2.0392186235960423,-2.0392186235960423
1549,2012-02-28,178.9,177.49631573977382,-1.4036842602261856,1.4036842602261856
1550,2012-02-29,183.89,178.72519735972344,-5.164802640276548,5.164802640276548
1551,2012-03-01,179.89,183.53845560118089,3.648455601180899,-3.648455601180899
1552,2012-03-02,179.48,179.88798409447264,0.4079840944726527,-0.4079840944726527
1553,2012-03-05,179.0,179.39067493108985,0.39067493108984763,-0.39067493108984763
1554,2012-03-06,178.68,178.89038647156283,0.21038647156282764,-0.21038647156282764
1555,2012-03-07,182.65,178.56454290264807,-4.085457097351934,4.085457097351934
1556,2012-03-08,184.17,182.3518866611601,-1.8181133388398791,1.8181133388398791
1557,2012-03-09,186.79,183.9446933817839,-2.8453066182160853,2.8453066182160853
1558,2012-03-12,184.13,186.53470001420487,2.4047000142048773,-2.4047000142048773
1559,2012-03-13,183.92,184.08653142496544,0.1665314249654557,-0.1665314249654557
1560,2012-03-14,183.65,183.8106892022374,0.1606892022373927,-0.1606892022373927
1561,2012-03-15,182.02,183.52751677127964,1.5075167712796258,-1.5075167712796258
1562,2012-03-16,183.28,181.9547000743798,-1.3252999256202145,1.3252999256202145
1563,2012-03-19,183.45,183.1038910347609,-0.34610896523909673,0.34610896523909673
1564,2012-03-20,184.88,183.30003265807696,-1.5799673419230373,1.5799673419230373
1565,2012-03-21,192.5,184.6841770516399,-7.815822948360108,7.815822948360108
1566,2012-03-22,190.54,192.03193188454117,1.4919318845411738,-1.4919318845411738
1567,2012-03-23,192.01,190.43143260945934,-1.5785673905406554,1.5785673905406554
1568,2012-03-26,196.48,191.82205370245606,-4.65794629754393,4.65794629754393
1569,2012-03-27,203.59,196.14283748961898,-7.44716251038102,7.44716251038102
1570,2012-03-28,206.14,203.12365389854907,-3.016346101450921,3.016346101450921
1571,2012-03-29,201.28,205.8488240985049,4.568824098504905,-4.568824098504905
1572,2012-03-30,205.02,201.31485508646654,-3.7051449135334735,3.7051449135334735
1573,2012-04-02,198.02,204.75437458296082,6.734374582960811,-6.734374582960811
1574,2012-04-03,198.24,198.13975369195092,-0.10024630804909407,0.10024630804909407
1575,2012-04-04,196.95,198.12926117048792,1.1792611704879334,-1.1792611704879334
1576,2012-04-05,193.55,196.85999274973491,3.309992749734903,-3.309992749734903
1577,2012-04-09,192.02,193.5552893762428,1.5352893762427868,-1.5352893762427868
1578,2012-04-10,192.75,191.96168897980846,-0.7883110201915429,0.7883110201915429
1579,2012-04-11,189.63,192.58884980887473,2.9588498088747315,-2.9588498088747315
1580,2012-04-12,188.06,189.6145176092057,1.5545176092057034,-1.5545176092057034
1581,2012-04-13,189.9,188.0037726735861,-1.8962273264139071,1.8962273264139071
1582,2012-04-16,189.01,189.69495741238063,0.6849574123806406,-0.6849574123806406
1583,2012-04-17,187.21,188.8979901966897,1.6879901966896966,-1.6879901966896966
1584,2012-04-18,188.82,187.1517083166546,-1.6682916833453874,1.6682916833453874
1585,2012-04-19,192.93,188.62656431672892,-4.30343568327109,4.30343568327109
1586,2012-04-20,192.34,192.610410268843,0.27041026884299413,-0.27041026884299413
1587,2012-04-23,188.99,192.19975576350032,3.2097557635003113,-3.2097557635003113
1588,2012-04-24,188.68,188.9918020765401,0.31180207654008996,-0.31180207654008996
1589,2012-04-25,191.67,188.57596841664557,-3.094031583354422,3.094031583354422
1590,2012-04-26,193.57,191.4098112998714,-2.1601887001286,2.1601887001286
1591,2012-04-27,224.83,193.33246671890174,-31.49753328109827,31.49753328109827
1592,2012-04-30,223.95,223.33695118955535,-0.6130488104446385,0.6130488104446385
1593,2012-05-01,229.4,223.67581235264518,-5.7241876473548245,5.7241876473548245
1594,2012-05-02,227.82,229.0367840690424,1.2167840690424043,-1.2167840690424043
1595,2012-05-03,229.74,227.72277275558886,-2.0172272444111456,2.0172272444111456
1596,2012-05-04,227.8,229.51921655925042,1.7192165592504125,-1.7192165592504125
1597,2012-05-07,222.36,227.7247025491979,5.364702549197887,-5.364702549197887
1598,2012-05-08,223.15,222.4263346492315,-0.7236653507684991,0.7236653507684991
1599,2012-05-09,220.59,222.9802059058333,2.390205905833284,-2.390205905833284
1600,2012-05-10,223.91,220.53926214560235,-3.370737854397646,3.370737854397646
1601,2012-05-11,225.95,223.63257305135573,-2.317426948644254,2.317426948644254
1602,2012-05-14,225.6,225.71336815570695,0.1133681557069508,-0.1133681557069508
1603,2012-05-15,226.5,225.46070447152567,-1.0392955284743266,1.0392955284743266
1604,2012-05-16,225.0,226.31590897959137,1.31590897959137,-1.31590897959137
1605,2012-05-17,225.05,224.90810515439262,-0.1418948456073963,0.1418948456073963
1606,2012-05-18,219.41,224.90139638116253,5.491396381162531,-5.491396381162531
1607,2012-05-21,214.03,219.48012046181634,5.45012046181634,-5.45012046181634
1608,2012-05-22,218.31,214.09663746050802,-4.213362539491982,4.213362539491982
1609,2012-05-23,214.71,218.0004619009296,3.2904619009295857,-3.2904619009295857
1610,2012-05-24,216.98,214.69374727976617,-2.2862527202338185,2.2862527202338185
1611,2012-05-25,214.99,216.74491015987965,1.7549101598796426,-1.7549101598796426
1612,2012-05-29,214.3,214.91514678112108,0.6151467811210694,-0.6151467811210694
1613,2012-05-30,212.14,214.1804034353775,2.0404034353775273,-2.0404034353775273
1614,2012-05-31,209.48,212.07666207945246,2.5966620794524715,-2.5966620794524715
1615,2012-06-01,208.44,209.43864418461115,0.9986441846111518,-0.9986441846111518
1616,2012-06-04,207.4,208.33579974166972,0.9357997416697117,-0.9357997416697117
1617,2012-06-05,213.85,207.29377612974923,-6.556223870250761,6.556223870250761
1618,2012-06-06,214.63,213.4413589324937,-1.1886410675062962,1.1886410675062962
1619,2012-06-07,219.65,214.4386166598523,-5.211383340147705,5.211383340147705
1620,2012-06-08,218.61,219.29740734665626,0.6874073466562436,-0.6874073466562436
1621,2012-06-11,217.49,218.49493194508904,1.0049319450890266,-1.0049319450890266
1622,2012-06-12,217.65,217.38451744373512,-0.26548255626488526,0.26548255626488526
1623,2012-06-13,215.52,217.49405623127097,1.9740562312709642,-1.9740562312709642
1624,2012-06-14,215.26,215.45312087853742,0.1931208785374281,-0.1931208785374281
1625,2012-06-15,215.29,215.12196927036837,-0.16803072963162435,0.16803072963162435
1626,2012-06-18,217.28,215.13853754304478,-2.1414624569552245,2.1414624569552245
1627,2012-06-19,223.26,217.05003948381025,-6.209960516189739,6.209960516189739
1628,2012-06-20,224.51,222.86765631922242,-1.6423436807775715,1.6423436807775715
1629,2012-06-21,223.84,224.30309370580792,0.4630937058079212,-0.4630937058079212
1630,2012-06-22,221.83,223.7136699019705,1.8836699019704781,-1.8836699019704781
1631,2012-06-25,220.3,221.75804776912452,1.458047769124505,-1.458047769124505
1632,2012-06-26,221.45,220.21073248789563,-1.2392675121043624,1.2392675121043624
1633,2012-06-27,225.01,221.25520382387592,-3.7547961761240742,3.7547961761240742
1634,2012-06-28,223.92,224.7165837084053,0.7965837084053078,-0.7965837084053078
1635,2012-06-29,224.7,223.80690964664933,-0.893090353350658,0.893090353350658
1636,2012-07-02,229.3,224.51930687510688,-4.7806931248931335,4.7806931248931335
1637,2012-07-03,229.14,228.96568506485346,-0.1743149351465263,0.1743149351465263
1638,2012-07-05,228.62,228.98921077393226,0.3692107739322523,-0.3692107739322523
1639,2012-07-06,226.35,228.48944263035304,2.139442630353045,-2.139442630353045
1640,2012-07-09,225.0,226.28785690018853,1.2878569001885296,-1.2878569001885296
1641,2012-07-10,226.25,224.90413632208356,-1.3458636779164408,1.3458636779164408
1642,2012-07-11,218.95,226.05129452823724,7.101294528237247,-7.101294528237247
1643,2012-07-12,216.61,219.07951919367056,2.46951919367055,-2.46951919367055
1644,2012-07-13,215.63,216.5583298140019,0.9283298140018985,-0.9283298140018985
1645,2012-07-16,216.6,215.5198911972356,-1.0801088027643857,1.0801088027643857
1646,2012-07-17,217.45,216.41234836389293,-1.0376516361070571,1.0376516361070571
1647,2012-07-18,216.15,217.26468077779666,1.11468077779665,-1.11468077779665
1648,2012-07-19,220.73,216.04879424734528,-4.681205752654705,4.681205752654705
1649,2012-07-20,225.36,220.39913807223232,-4.960861927767695,4.960861927767695
1650,2012-07-23,224.72,225.02091960300473,0.3009196030047292,-0.3009196030047292
1651,2012-07-24,226.27,224.58703259019515,-1.68296740980486,1.68296740980486
1652,2012-07-25,222.0,226.05833270322677,4.0583327032267675,-4.0583327032267675
1653,2012-07-26,220.0,222.01098232595834,2.010982325958338,-2.010982325958338
1654,2012-07-27,225.25,219.9302261232985,-5.319773876701504,5.319773876701504
1655,2012-07-30,237.0,224.89419193612613,-12.105808063873866,12.105808063873866
1656,2012-07-31,235.1,236.37923368142958,1.279233681429588,-1.279233681429588
1657,2012-08-01,234.14,234.9977123136195,0.8577123136195155,-0.8577123136195155
1658,2012-08-02,230.56,234.02844535975456,3.468445359754554,-3.468445359754554
1659,2012-08-03,234.03,230.54511241278854,-3.4848875872114604,3.4848875872114604
1660,2012-08-06,235.56,233.75074310520208,-1.809256894797926,1.809256894797926
1661,2012-08-07,234.13,235.341783249407,1.2117832494070058,-1.2117832494070058
1662,2012-08-08,235.29,234.02919504172064,-1.2608049582793512,1.2608049582793512
1663,2012-08-09,233.93,235.09629588765074,1.1662958876507332,-1.1662958876507332
1664,2012-08-10,233.08,233.82733692138967,0.7473369213896603,-0.7473369213896603
1665,2012-08-13,232.23,232.96297407763345,0.7329740776334575,-0.7329740776334575
1666,2012-08-14,234.71,232.11178886284355,-2.5982111371564542,2.5982111371564542
1667,2012-08-15,232.26,234.46375832506052,2.2037583250605337,-2.2037583250605337
1668,2012-08-16,237.72,232.19605056930732,-5.5239494306926815,5.5239494306926815
1669,2012-08-17,240.6,237.35935837325914,-3.240641626740853,3.240641626740853
1670,2012-08-20,241.37,240.32563297107708,-1.0443670289229203,1.0443670289229203
1671,2012-08-21,240.88,241.1832147893522,0.3032147893522108,-0.3032147893522108
1672,2012-08-22,239.4,240.74571791333744,1.3457179133374382,-1.3457179133374382
1673,2012-08-23,242.14,239.3057157170387,-2.8342842829612778,2.8342842829612778
1674,2012-08-24,241.68,241.88567513624702,0.2056751362470095,-0.2056751362470095
1675,2012-08-27,245.79,241.54061893449392,-4.249381065506071,4.249381065506071
1676,2012-08-28,243.97,245.4808217596911,1.5108217596911118,-1.5108217596911118
1677,2012-08-29,246.78,243.88114088923535,-2.898859110764647,2.898859110764647
1678,2012-08-30,246.99,246.52371030812455,-0.46628969187545977,0.46628969187545977
1679,2012-08-31,248.07,246.82659152107104,-1.2434084789289557,1.2434084789289557
1680,2012-09-04,248.27,247.8778220028899,-0.39217799711011025,0.39217799711011025
1681,2012-09-05,247.61,248.11040216762504,0.5004021676250261,-0.5004021676250261
1682,2012-09-06,248.23,247.48482759305514,-0.745172406944846,0.745172406944846
1683,2012-09-07,253.85,248.05701584425057,-5.792984155749423,5.792984155749423
1684,2012-09-10,259.0,253.48141808529198,-5.518581914708022,5.518581914708022
1685,2012-09-11,257.6,258.64493029385073,1.0449302938507117,-1.0449302938507117
1686,2012-09-12,256.5,257.4976458076387,0.9976458076387189,-0.9976458076387189
1687,2012-09-13,254.94,256.3975872208837,1.4575872208836813,-1.4575872208836813
1688,2012-09-14,261.4,254.85359883047846,-6.546401169521516,6.546401169521516
1689,2012-09-17,261.25,261.00699196547816,-0.24300803452183573,0.24300803452183573
1690,2012-09-18,258.48,261.0980600143732,2.6180600143731567,-2.6180600143731567
1691,2012-09-19,259.45,258.4397214841691,-1.010278515830862,1.010278515830862
1692,2012-09-20,260.03,259.27243105782804,-0.7575689421719289,0.7575689421719289
1693,2012-09-21,261.74,259.8596750972776,-1.880324902722407,1.880324902722407
1694,2012-09-24,255.22,261.5277343598265,6.307734359826526,-6.307734359826526
1695,2012-09-25,256.33,255.31606088224436,-1.0139391177556263,1.0139391177556263
1696,2012-09-26,252.4,256.1527917060897,3.7527917060897096,-3.7527917060897096
1697,2012-09-27,250.54,252.398631946614,1.8586319466139969,-1.8586319466139969
1698,2012-09-28,256.14,250.4679651346666,-5.672034865333387,5.672034865333387
1699,2012-10-01,255.4,255.77639100181676,0.37639100181675644,-0.37639100181675644
1700,2012-10-02,252.8,255.2674080545404,2.4674080545403854,-2.4674080545403854
1701,2012-10-03,251.21,252.7516498921242,1.541649892124184,-1.541649892124184
1702,2012-10-04,256.01,251.12631107904787,-4.883688920952125,4.883688920952125
1703,2012-10-05,261.2,255.67714812044917,-5.522851879550814,5.522851879550814
1704,2012-10-08,257.67,260.83889149559394,3.1688914955939254,-3.1688914955939254
1705,2012-10-09,258.67,257.64307196953814,-1.0269280304618746,1.0269280304618746
1706,2012-10-10,252.0,258.49231013868945,6.492310138689447,-6.492310138689447
1707,2012-10-11,248.0,252.10169756407083,4.101697564070832,-4.101697564070832
1708,2012-10-12,243.18,248.015604855255,4.835604855254985,-4.835604855254985
1709,2012-10-15,242.85,243.21648703960426,0.3664870396042659,-0.3664870396042659
1710,2012-10-16,244.87,242.71850650574066,-2.1514934942593413,2.1514934942593413
1711,2012-10-17,243.37,244.6400972444473,1.2700972444472995,-1.2700972444472995
1712,2012-10-18,247.77,243.26939818784774,-4.500601812152269,4.500601812152269
1713,2012-10-19,245.16,247.45033235490158,2.2903323549015795,-2.2903323549015795
1714,2012-10-22,238.81,245.09763290134867,6.2876329013486725,-6.2876329013486725
1715,2012-10-23,231.05,238.90112317834553,7.851123178345517,-7.851123178345517
1716,2012-10-24,235.88,231.19463347222958,-4.685366527770412,4.685366527770412
1717,2012-10-25,230.92,235.55908751878206,4.639087518782077,-4.639087518782077
1718,2012-10-26,228.6,230.94525316319994,2.345253163199942,-2.345253163199942
1719,2012-10-31,236.32,228.5448069520164,-7.775193047983606,7.775193047983606
1720,2012-11-01,234.23,235.87096896164257,1.640968961642585,-1.640968961642585
1721,2012-11-02,234.01,234.1367028970551,0.12670289705511095,-0.12670289705511095
1722,2012-11-05,232.04,233.8698619935522,1.829861993552214,-1.829861993552214
1723,2012-11-06,235.41,231.96251164904294,-3.447488350957059,3.447488350957059
1724,2012-11-07,235.65,235.1298737833681,-0.5201262166318941,0.5201262166318941
1725,2012-11-08,232.22,235.47810866202153,3.2581086620215274,-3.2581086620215274
1726,2012-11-09,226.26,232.19723342307807,5.937233423078084,-5.937233423078084
1727,2012-11-12,226.59,226.34185603345603,-0.24814396654397797,0.24814396654397797
1728,2012-11-13,225.12,226.44052989358298,1.3205298935829717,-1.3205298935829717
1729,2012-11-14,226.5,225.02340013111214,-1.4765998688878597,1.4765998688878597
1730,2012-11-15,222.3,226.2983091175953,3.9983091175952836,-3.9983091175952836
1731,2012-11-16,221.31,222.30565694274037,0.9956569427403679,-0.9956569427403679
1732,2012-11-19,228.32,221.20753273725933,-7.112467262740665,7.112467262740665
1733,2012-11-20,230.0,227.89617531045448,-2.103824689545519,2.103824689545519
1734,2012-11-21,233.84,229.7611286937093,-4.078871306290694,4.078871306290694
1735,2012-11-23,239.89,233.53341744978752,-6.356582550212465,6.356582550212465
1736,2012-11-26,240.39,239.49290587508395,-0.8970941249160376,0.8970941249160376
1737,2012-11-27,243.22,240.20111868590922,-3.018881314090777,3.018881314090777
1738,2012-11-28,242.45,242.95563993717573,0.5056399371757436,-0.5056399371757436
1739,2012-11-29,248.05,242.31738378545083,-5.732616214549182,5.732616214549182
1740,2012-11-30,250.38,247.68128764945212,-2.698712350547879,2.698712350547879
1741,2012-12-03,252.54,250.12467016696328,-2.415329833036708,2.415329833036708
1742,2012-12-04,249.94,252.29854210260828,2.3585421026082827,-2.3585421026082827
1743,2012-12-05,252.44,249.8778510106536,-2.5621489893464116,2.5621489893464116
1744,2012-12-06,253.0,252.19445818828572,-0.8055418117142779,0.8055418117142779
1745,2012-12-07,254.14,252.81868146581263,-1.3213185341873555,1.3213185341873555
1746,2012-12-10,253.1,253.94052658300205,0.8405265830020596,-0.8405265830020596
1747,2012-12-11,248.5,252.9816702657787,4.481670265778689,-4.481670265778689
1748,2012-12-12,251.07,248.5179945047645,-2.5520054952355054,2.5520054952355054
1749,2012-12-13,251.11,250.82531286550923,-0.2846871344907811,0.2846871344907811
1750,2012-12-14,250.11,250.94761012980933,0.8376101298093204,-0.8376101298093204
1751,2012-12-17,249.81,249.99178462961925,0.18178462961924424,-0.18178462961924424
1752,2012-12-18,254.57,249.66734133076451,-4.902658669235478,4.902658669235478
1753,2012-12-19,261.3,254.23302045904404,-7.06697954095597,7.06697954095597
1754,2012-12-20,258.36,260.8793378203207,2.519337820320686,-2.519337820320686
1755,2012-12-21,257.82,258.3003686097848,0.48036860978481855,-0.48036860978481855
1756,2012-12-24,257.3,257.6916140788021,0.39161407880209254,-0.39161407880209254
1757,2012-12-26,257.15,257.16537017493414,0.01537017493416215,-0.01537017493416215
1758,2012-12-27,248.28,257.00131187731074,8.72131187731074,-8.72131187731074
1759,2012-12-28,245.85,248.45221560390206,2.602215603902067,-2.602215603902067
1760,2012-12-31,243.75,245.80211423461222,2.052114234612219,-2.052114234612219
1761,2013-01-02,256.08,243.67605666484826,-12.403943335151723,12.403943335151723
1762,2013-01-03,257.27,255.4528694207951,-1.8171305792048713,1.8171305792048713
1763,2013-01-04,257.58,257.0392809472698,-0.5407190527301964,0.5407190527301964
1764,2013-01-07,262.97,257.4092251163109,-5.560774883689135,5.560774883689135
1765,2013-01-08,267.07,262.6100158091672,-4.459984190832813,4.459984190832813
1766,2013-01-09,268.17,266.7496389155871,-1.4203610844128889,1.4203610844128889
1767,2013-01-10,268.54,267.96595998045154,-0.5740400195484767,0.5740400195484767
1768,2013-01-11,265.1,268.36968611998077,3.269686119980747,-3.269686119980747
1769,2013-01-14,268.0,265.07079071437556,-2.929209285624438,2.929209285624438
1770,2013-01-15,270.68,267.744172863031,-2.93582713696901,2.93582713696901
1771,2013-01-16,270.53,270.4195428899665,-0.11045711003345104,0.11045711003345104
1772,2013-01-17,271.5,270.37567563684735,-1.1243243631526525,1.1243243631526525
1773,2013-01-18,270.83,271.3105729560606,0.48057295606059824,-0.48057295606059824
1774,2013-01-22,271.62,270.6987787695445,-0.921221230455501,0.921221230455501
1775,2013-01-23,270.57,271.438280444503,0.8682804445030001,-0.8682804445030001
1776,2013-01-24,269.37,270.4530142970503,1.0830142970502834,-1.0830142970502834
1777,2013-01-25,275.0,269.26207301530997,-5.737926984690034,5.737926984690034
1778,2013-01-28,283.78,274.638090524655,-9.14190947534496,9.14190947534496
1779,2013-01-29,275.35,283.2889075902929,7.938907590292899,-7.938907590292899
1780,2013-01-30,283.0,275.4840006440527,-7.515999355947315,7.515999355947315
1781,2013-01-31,271.04,282.57511699579123,11.535116995791213,-11.535116995791213
1782,2013-02-01,268.93,271.328378780986,2.398378780985979,-2.398378780985979
1783,2013-02-04,262.78,268.8724083931471,6.092408393147139,-6.092408393147139
1784,2013-02-05,262.0,262.85668194118506,0.8566819411850588,-0.8566819411850588
1785,2013-02-06,265.16,261.87647317218045,-3.2835268278195713,3.2835268278195713
1786,2013-02-07,264.1,264.8817180110344,0.7817180110343998,-0.7817180110343998
1787,2013-02-08,261.4,263.97976111217304,2.5797611121730597,-2.5797611121730597
1788,2013-02-11,263.2,261.3457640767164,-1.854235923283568,1.854235923283568
1789,2013-02-12,259.19,262.9758057985828,3.785805798582828,-3.785805798582828
1790,2013-02-13,261.53,259.18257124708936,-2.3474287529106164,2.3474287529106164
1791,2013-02-14,267.37,261.2850640687381,-6.084935931261896,6.084935931261896
1792,2013-02-15,267.63,266.98336136391487,-0.6466386360851288,0.6466386360851288
1793,2013-02-19,265.91,267.4556775171936,1.5456775171935533,-1.5456775171935533
1794,2013-02-20,270.2,265.8175731383787,-4.382426861621298,4.382426861621298
1795,2013-02-21,265.12,269.87917868878475,4.759178688784743,-4.759178688784743
1796,2013-02-22,266.62,265.15116958998857,-1.468830410011435,1.468830410011435
1797,2013-02-25,266.94,266.4096198182646,-0.5303801817353815,0.5303801817353815
1798,2013-02-26,260.89,266.7680222887985,5.8780222887984905,-5.8780222887984905
1799,2013-02-27,259.4,260.96218381255727,1.5621838125572935,-1.5621838125572935
1800,2013-02-28,261.81,259.3056114558444,-2.5043885441555744,2.5043885441555744
1801,2013-03-01,263.27,261.55988709798515,-1.7101129020148278,1.7101129020148278
1802,2013-03-04,265.36,263.0514869463695,-2.30851305363052,2.30851305363052
1803,2013-03-05,274.0,265.1186657686148,-8.88133423138521,8.88133423138521
1804,2013-03-06,275.76,273.5034686095035,-2.256531390496491,2.256531390496491
1805,2013-03-07,274.1,275.5252806567825,1.4252806567824905,-1.4252806567824905
1806,2013-03-08,275.0,274.0037644107096,-0.9962355892903929,0.9962355892903929
1807,2013-03-11,273.43,274.81062437418313,1.3806243741831281,-1.3806243741831281
1808,2013-03-12,271.0,273.3311999712734,2.3311999712734064,-2.3311999712734064
1809,2013-03-13,275.24,270.9362397066066,-4.303760293393395,4.303760293393395
1810,2013-03-14,269.67,274.9223882482173,5.252388248217301,-5.252388248217301
1811,2013-03-15,264.98,269.718648175528,4.738648175527999,-4.738648175527999
1812,2013-03-18,259.3,265.00611000769396,5.706110007693951,-5.706110007693951
1813,2013-03-19,258.4,259.35831504158506,0.958315041585081,-0.958315041585081
1814,2013-03-20,258.05,258.2798593937486,0.22985939374859754,-0.22985939374859754
1815,2013-03-21,256.11,257.9043137576814,1.7943137576813797,-1.7943137576813797
1816,2013-03-22,254.55,256.02379981181565,1.4737998118156383,-1.4737998118156383
1817,2013-03-25,258.58,254.4510789230513,-4.1289210769486715,4.1289210769486715
1818,2013-03-26,257.05,258.2677770556768,1.2177770556767769,-1.2177770556767769
1819,2013-03-27,258.75,256.94388069113285,-1.806119308867153,1.806119308867153
1820,2013-03-28,265.82,258.52668858805316,-7.293311411946831,7.293311411946831
1821,2013-04-01,266.98,265.38657535693966,-1.5934246430603594,1.5934246430603594
1822,2013-04-02,262.4,266.7682866428716,4.368286642871624,-4.368286642871624
1823,2013-04-03,262.12,262.4100077738699,0.2900077738698883,-0.2900077738698883
1824,2013-04-04,259.23,261.9764909754755,2.746490975475467,-2.746490975475467
1825,2013-04-05,255.72,259.1787166826172,3.458716682617222,-3.458716682617222
1826,2013-04-08,255.92,255.69479132638583,-0.22520867361416208,0.22520867361416208
1827,2013-04-09,258.85,255.75665220009307,-3.093347799906951,3.093347799906951
1828,2013-04-10,261.78,258.5783366630822,-3.201663336917761,3.201663336917761
1829,2013-04-11,264.74,261.50466425562803,-3.23533574437198,3.23533574437198
1830,2013-04-12,270.12,264.46393824093195,-5.656061759068052,5.656061759068052
1831,2013-04-15,271.08,269.7531140587842,-1.326885941215778,1.326885941215778
1832,2013-04-16,269.31,270.87781844986495,1.5678184498649443,-1.5678184498649443
1833,2013-04-17,270.8,269.21397339164486,-1.586026608355155,1.586026608355155
1834,2013-04-18,266.81,270.5854977033803,3.7754977033803243,-3.7754977033803243
1835,2013-04-19,258.16,266.7955174214512,8.635517421451198,-8.635517421451198
1836,2013-04-22,259.35,258.31857287598126,-1.0314271240187622,1.0314271240187622
1837,2013-04-23,264.5,259.15481498347134,-5.34518501652866,5.34518501652866
1838,2013-04-24,269.5,264.1439394137409,-5.356060586259105,5.356060586259105
1839,2013-04-25,271.53,269.14440490134604,-2.385595098653937,2.385595098653937
1840,2013-04-26,269.97,271.28634716097366,1.3163471609736348,-1.3163471609736348
1841,2013-04-29,254.9,269.86254437409934,14.962544374099338,-14.962544374099338
1842,2013-04-30,249.37,255.27610438362981,5.90610438362981,-5.90610438362981
1843,2013-05-01,253.9,249.42781161410304,-4.47218838589697,4.47218838589697
1844,2013-05-02,248.94,253.58861297306183,4.64861297306183,-4.64861297306183
1845,2013-05-03,256.14,248.94802675385662,-7.1919732461433625,7.1919732461433625
1846,2013-05-06,258.09,255.72154188244582,-2.3684581175541553,2.3684581175541553
1847,2013-05-07,256.31,257.8433665753412,1.5333665753411765,-1.5333665753411765
1848,2013-05-08,256.87,256.2089752945113,-0.6610247054887282,0.6610247054887282
1849,2013-05-09,258.73,256.691562524787,-2.0384374752130157,2.0384374752130157
1850,2013-05-10,260.88,258.49918093936196,-2.380819060638032,2.380819060638032
1851,2013-05-13,262.77,260.635671518117,-2.13432848188296,2.13432848188296
1852,2013-05-14,264.5,262.5344787446255,-1.9655212553744832,1.9655212553744832
1853,2013-05-15,267.07,264.2707695564063,-2.7992304435936717,2.7992304435936717
1854,2013-05-16,265.96,266.8104255422461,0.8504255422461142,-0.8504255422461142
1855,2013-05-17,265.83,265.8322306900394,0.0022306900394255536,-0.0022306900394255536
1856,2013-05-20,269.0,265.67388123276874,-3.3261187672312644,3.3261187672312644
1857,2013-05-21,268.74,268.721851561686,-0.01814843831402868,0.01814843831402868
1858,2013-05-22,267.39,268.58007041784975,1.1900704178497676,-1.1900704178497676
1859,2013-05-23,260.49,267.2761297217407,6.786129721740679,-6.786129721740679
1860,2013-05-24,259.85,260.5756744527149,0.725674452714884,-0.725674452714884
1861,2013-05-28,266.48,259.72371573147655,-6.756284268523473,6.756284268523473
1862,2013-05-29,265.46,266.07626975975467,0.6162697597546867,-0.6162697597546867
1863,2013-05-30,265.71,265.31754036760725,-0.39245963239272896,0.39245963239272896
1864,2013-05-31,266.0,265.54022228999395,-0.45977771000605117,0.45977771000605117
1865,2013-06-03,265.38,265.82570839709496,0.44570839709496113,-0.44570839709496113
1866,2013-06-04,267.0,265.2385074233216,-1.7614925766783927,1.7614925766783927
1867,2013-06-05,265.81,266.77943998823076,0.9694399882307607,-0.9694399882307607
1868,2013-06-06,267.75,265.68582403891816,-2.064175961081844,2.064175961081844
1869,2013-06-07,269.74,267.51894393999305,-2.2210560600069584,2.2210560600069584
1870,2013-06-10,276.68,269.4995488261635,-7.180451173836502,7.180451173836502
1871,2013-06-11,276.0,276.2585069337593,0.2585069337592927,-0.2585069337592927
1872,2013-06-12,276.6,275.8447139446412,-0.7552860553587948,0.7552860553587948
1873,2013-06-13,271.5,276.4159810706713,4.915981070671307,-4.915981070671307
1874,2013-06-14,275.0,271.51692884964604,-3.4830711503539646,3.4830711503539646
1875,2013-06-17,276.35,274.71950843552224,-1.6304915644777793,1.6304915644777793
1876,2013-06-18,279.08,276.1290193116196,-2.9509806883804117,2.9509806883804117
1877,2013-06-19,281.26,278.81388635677024,-2.446113643229751,2.446113643229751
1878,2013-06-20,275.14,281.0112064014752,5.871206401475206,-5.871206401475206
1879,2013-06-21,274.57,275.19004667634766,0.6200466763476697,-0.6200466763476697
1880,2013-06-24,271.29,274.4400594436882,3.1500594436881784,-3.1500594436881784
1881,2013-06-25,272.3,271.2446947669548,-1.0553052330452033,1.0553052330452033
1882,2013-06-26,273.98,272.10593712002174,-1.8740628799782826,1.8740628799782826
1883,2013-06-27,279.18,273.75243595451,-5.427564045489987,5.427564045489987
1884,2013-06-28,276.19,278.8225026910637,2.632502691063678,-2.632502691063678
1885,2013-07-01,279.0,276.12183347424457,-2.8781665257554323,2.8781665257554323
1886,2013-07-02,281.04,278.73907577695945,-2.3009242230405675,2.3009242230405675
1887,2013-07-03,282.0,280.79529912830475,-1.2047008716952519,1.2047008716952519
1888,2013-07-05,285.0,281.79637317492023,-3.203626825079766,3.203626825079766
1889,2013-07-08,286.42,284.7245662712514,-1.6954337287486396,1.6954337287486396
1890,2013-07-09,291.0,286.1982030889718,-4.801796911028191,4.801796911028191
1891,2013-07-10,291.41,290.66701472233444,-0.7429852776655821,0.7429852776655821
1892,2013-07-11,294.99,291.2228283919538,-3.767171608046226,3.767171608046226
1893,2013-07-12,298.69,294.69644628753724,-3.993553712462756,3.993553712462756
1894,2013-07-15,307.27,298.38767760474013,-8.882322395259848,8.882322395259848
1895,2013-07-16,307.3,306.79410817244286,-0.50589182755715,0.50589182755715
1896,2013-07-17,306.97,307.126427933964,0.15642793396398247,-0.15642793396398247
1897,2013-07-18,306.27,306.8221130587204,0.5521130587204084,-0.5521130587204084
1898,2013-07-19,304.39,306.1354202922421,1.7454202922421018,-1.7454202922421018
1899,2013-07-22,309.25,304.29701408462233,-4.952985915377667,4.952985915377667
1900,2013-07-23,303.16,308.91873784173924,5.758737841739219,-5.758737841739219
1901,2013-07-24,303.02,303.2082083270762,0.18820832707621094,-0.18820832707621094
1902,2013-07-25,299.0,302.872074193088,3.8720741930879967,-3.8720741930879967
1903,2013-07-26,299.55,298.9803964003935,-0.5696035996065234,0.5696035996065234
1904,2013-07-29,311.07,299.3721624216497,-11.697837578350288,11.697837578350288
1905,2013-07-30,307.72,310.48828672085904,2.7682867208590096,-2.7682867208590096
1906,2013-07-31,303.91,307.6604049381326,3.75040493813259,-3.75040493813259
1907,2013-08-01,303.08,303.8909698900856,0.8109698900856301,-0.8109698900856301
1908,2013-08-02,304.63,302.9547154295449,-1.6752845704551191,1.6752845704551191
1909,2013-08-05,303.4,304.41352817144667,1.0135281714466942,-1.0135281714466942
1910,2013-08-06,300.51,303.2785601265058,2.768560126505804,-2.768560126505804
1911,2013-08-07,300.15,300.45252113642266,0.3025211364226834,-0.3025211364226834
1912,2013-08-08,298.52,300.00496928216324,1.484969282163263,-1.484969282163263
1913,2013-08-09,295.68,298.4149691841452,2.7349691841452,-2.7349691841452
1914,2013-08-12,295.79,295.6198541025405,-0.1701458974595198,0.1701458974595198
1915,2013-08-13,295.88,295.6265539240672,-0.2534460759327999,0.2534460759327999
1916,2013-08-14,294.29,295.71145052782106,1.4214505278210368,-1.4214505278210368
1917,2013-08-15,288.79,294.18143296754727,5.391432967547246,-5.391432967547246
1918,2013-08-16,286.55,288.8224334487957,2.2724334487957094,-2.2724334487957094
1919,2013-08-19,285.19,286.4737923329508,1.2837923329507817,-1.2837923329507817
1920,2013-08-20,285.88,285.0761237296778,-0.8038762703221778,0.8038762703221778
1921,2013-08-21,285.09,285.69132854253036,0.601328542530382,-0.601328542530382
1922,2013-08-22,284.8,284.95036668162606,0.15036668162605338,-0.15036668162605338
1923,2013-08-23,291.21,284.6452322537707,-6.564767746229279,6.564767746229279
1924,2013-08-26,290.43,290.8122267953684,0.3822267953684104,-0.3822267953684104
1925,2013-08-27,283.87,290.2789288471691,6.408928847169079,-6.408928847169079
1926,2013-08-28,280.36,283.9369926959771,3.576992695977083,-3.576992695977083
1927,2013-08-29,281.45,280.33149178996524,-1.1185082100347472,1.1185082100347472
1928,2013-08-30,284.59,281.25234141372704,-3.337658586272937,3.337658586272937
1929,2013-09-03,284.73,284.30817260278485,-0.4218273972151678,0.4218273972151678
1930,2013-09-04,288.33,284.5505734476087,-3.7794265523912713,3.7794265523912713
1931,2013-09-05,293.63,288.0338079500985,-5.596192049901504,5.596192049901504
1932,2013-09-06,295.33,293.26532397831824,-2.0646760216817484,2.0646760216817484
1933,2013-09-09,297.22,295.09095745463645,-2.129042545363575,2.129042545363575
1934,2013-09-10,300.55,296.98266214088363,-3.5673378591163782,3.5673378591163782
1935,2013-09-11,298.91,300.26159404184097,1.35159404184094,-1.35159404184094
1936,2013-09-12,299.39,298.7940042674689,-0.5959957325310938,0.5959957325310938
1937,2013-09-13,300.14,299.20979935310476,-0.93020064689523,0.93020064689523
1938,2013-09-16,299.82,299.94584866444364,0.12584866444365161,-0.12584866444365161
1939,2013-09-17,297.63,299.662952735228,2.0329527352279797,-2.0329527352279797
1940,2013-09-18,304.06,297.54054675692794,-6.519453243072064,6.519453243072064
1941,2013-09-19,313.77,303.6685607821397,-10.101439217860275,10.101439217860275
1942,2013-09-20,312.54,313.24582462767876,0.7058246276787372,-0.7058246276787372
1943,2013-09-23,314.01,312.395447003918,-1.6145529960820113,1.6145529960820113
1944,2013-09-24,312.43,313.79710361331524,1.367103613315237,-1.367103613315237
1945,2013-09-25,314.53,312.3172610702969,-2.2127389297030504,2.2127389297030504
1946,2013-09-26,313.9,314.2955128644934,0.39551286449341205,-0.39551286449341205
1947,2013-09-27,316.92,313.75297577258294,-3.1670242274170732,3.1670242274170732
1948,2013-09-30,313.41,316.65136128561676,3.2413612856167333,-3.2413612856167333
1949,2013-10-01,314.22,313.36139372741656,-0.8586062725834722,0.8586062725834722
1950,2013-10-02,318.04,314.03425168076194,-4.00574831923808,4.00574831923808
1951,2013-10-03,320.39,317.73954039497346,-2.6504596050265263,2.6504596050265263
1952,2013-10-04,315.13,320.1357963755277,5.005796375527723,-5.005796375527723
1953,2013-10-07,315.24,315.14329626492685,-0.09670373507316299,0.09670373507316299
1954,2013-10-08,311.5,315.08356173183677,3.5835617318367667,-3.5835617318367667
1955,2013-10-09,303.42,311.46441711431436,8.044417114314342,-8.044417114314342
1956,2013-10-10,304.63,303.5385747160958,-1.0914252839041865,1.0914252839041865
1957,2013-10-11,304.77,304.43755947137913,-0.3324405286208503,0.3324405286208503
1958,2013-10-14,309.22,304.59451515897183,-4.625484841028197,4.625484841028197
1959,2013-10-15,309.87,308.89568411401893,-0.9743158859810706,0.9743158859810706
1960,2013-10-16,308.38,309.67016309563303,1.2901630956330337,-1.2901630956330337
1961,2013-10-17,307.07,308.2629970195791,1.1929970195790816,-1.1929970195790816
1962,2013-10-18,319.36,306.95117952563044,-12.408820474369577,12.408820474369577
1963,2013-10-21,329.89,318.758599141928,-11.13140085807197,11.13140085807197
1964,2013-10-22,327.72,329.33015576019915,1.6101557601991203,-1.6101557601991203
1965,2013-10-23,330.84,327.6037311965943,-3.2362688034056646,3.2362688034056646
1966,2013-10-24,329.63,330.57630921012577,0.9463092101257757,-0.9463092101257757
1967,2013-10-25,358.6,329.5020032729324,-29.097996727067596,29.097996727067596
1968,2013-10-28,359.92,357.4123972873961,-2.507602712603898,2.507602712603898
1969,2013-10-29,358.96,359.67146314671334,0.7114631467133563,-0.7114631467133563
1970,2013-10-30,362.62,358.84508316337354,-3.77491683662646,3.77491683662646
1971,2013-10-31,361.73,362.3536615677683,0.6236615677682948,-0.6236615677682948
1972,2013-11-01,365.63,361.60974244929093,-4.020257550709061,4.020257550709061
1973,2013-11-04,360.12,365.3570849048918,5.237084904891788,-5.237084904891788
1974,2013-11-05,356.78,360.1554717823052,3.375471782305226,-3.375471782305226
1975,2013-11-06,360.45,356.7565457470035,-3.693454252996503,3.693454252996503
1976,2013-11-07,355.86,360.18463421594873,4.32463421594872,-4.32463421594872
1977,2013-11-08,345.95,355.86020213890015,9.91020213890016,-9.91020213890016
1978,2013-11-11,350.59,346.1369997795708,-4.453000220429203,4.453000220429203
1979,2013-11-12,352.99,350.29802310231133,-2.6919768976886758,2.6919768976886758
1980,2013-11-13,347.4,352.742983917799,5.3429839177990175,-5.3429839177990175
1981,2013-11-14,357.39,347.4284617123591,-9.961538287640906,9.961538287640906
1982,2013-11-15,367.63,356.90211126835834,-10.727888731641656,10.727888731641656
1983,2013-11-18,370.28,367.10304641141175,-3.176953588588219,3.176953588588219
1984,2013-11-19,365.82,370.0215465478528,4.201546547852786,-4.201546547852786
1985,2013-11-20,367.56,365.8197156275382,-1.740284372461815,1.740284372461815
1986,2013-11-21,364.05,367.3701570239524,3.3201570239523903,-3.3201570239523903
1987,2013-11-22,370.0,364.01842320754423,-5.981576792455769,5.981576792455769
1988,2013-11-25,373.82,369.66241478172884,-4.1575852182711515,4.1575852182711515
1989,2013-11-26,377.61,373.5333100240206,-4.076689975979434,4.076689975979434
1990,2013-11-27,383.5,377.3344304750508,-6.1655695249492055,6.1655695249492055
1991,2013-11-29,389.1,383.1584154754721,-5.9415845245279115,5.9415845245279115
1992,2013-12-02,399.0,388.76989659554135,-10.230103404458646,10.230103404458646
1993,2013-12-03,390.11,398.5368781894614,8.426878189461377,-8.426878189461377
1994,2013-12-04,383.5,390.26131477680417,6.76131477680417,-6.76131477680417
1995,2013-12-05,386.65,383.61312814898076,-3.036871851019214,3.036871851019214
1996,2013-12-06,388.35,386.43333997775466,-1.9166600222453667,1.9166600222453667
1997,2013-12-09,388.21,388.15614369468403,-0.05385630531594643,0.05385630531594643
1998,2013-12-10,383.5,388.08220696583976,4.5822069658397595,-4.5822069658397595
1999,2013-12-11,387.71,383.525660046947,-4.184339953052984,4.184339953052984
2000,2013-12-12,381.55,387.45151021077646,5.9015102107764505,-5.9015102107764505
2001,2013-12-13,384.62,381.61029551052974,-3.0097044894702663,3.0097044894702663
2002,2013-12-16,385.5,384.39888680134936,-1.101113198650637,1.101113198650637
2003,2013-12-17,391.0,385.3288216030615,-5.671178396938501,5.671178396938501
2004,2013-12-18,389.56,390.68175766513815,1.1217576651381478,-1.1217576651381478
2005,2013-12-19,394.36,389.46479308287394,-4.895206917126075,4.895206917126075
2006,2013-12-20,396.84,394.07467795212017,-2.765322047879806,2.765322047879806
2007,2013-12-23,403.69,396.6204037045952,-7.069596295404779,7.069596295404779
2008,2013-12-24,402.52,403.33428280439495,0.8142828043949635,-0.8142828043949635
2009,2013-12-26,401.79,402.4260720904092,0.6360720904091863,-0.6360720904091863
2010,2013-12-27,404.65,401.7000506223469,-2.94994937765307,2.94994937765307
2011,2013-12-30,399.41,404.43945517952,5.029455179519971,-5.029455179519971
2012,2013-12-31,394.58,399.4588406470669,4.878840647066909,-4.878840647066909
2013,2014-01-02,398.8,394.6288485228602,-4.1711514771398015,4.1711514771398015
2014,2014-01-03,398.29,398.5453408492787,0.2553408492786957,-0.2553408492786957
2015,2014-01-06,395.85,398.1719235236579,2.3219235236578584,-2.3219235236578584
2016,2014-01-07,395.04,395.8069552031227,0.7669552031226772,-0.7669552031226772
2017,2014-01-08,398.47,394.9455192743369,-3.5244807256631248,3.5244807256631248
2018,2014-01-09,403.71,398.2296306101538,-5.480369389846203,5.480369389846203
2019,2014-01-10,402.53,403.4012089223404,0.8712089223404291,-0.8712089223404291
2020,2014-01-13,397.98,402.4338398087807,4.453839808780685,-4.453839808780685
2021,2014-01-14,392.13,398.00999881817523,5.879998818175238,-5.879998818175238
2022,2014-01-15,398.94,392.20540852051516,-6.734591479484834,6.734591479484834
2023,2014-01-16,393.68,398.596726398388,4.916726398387993,-4.916726398387993
2024,2014-01-17,394.26,393.7064141370578,-0.5535858629422137,0.5535858629422137
2025,2014-01-21,403.0,394.1221660783091,-8.877833921690922,8.877833921690922
2026,2014-01-22,408.0,402.5722763094203,-5.427723690579683,5.427723690579683
2027,2014-01-23,401.0,407.68303930704803,6.683039307048034,-6.683039307048034
2028,2014-01-24,398.16,401.0938405486573,2.9338405486572583,-2.9338405486572583
2029,2014-01-27,390.5,398.1487702464912,7.64877024649121,-7.64877024649121
2030,2014-01-28,387.4,390.62727381268473,3.227273812684757,-3.227273812684757
2031,2014-01-29,392.16,387.38516464464755,-4.774835355352479,4.774835355352479
2032,2014-01-30,393.77,391.86990858113205,-1.9000914188679303,1.9000914188679303
2033,2014-01-31,371.76,393.56327228429177,21.80327228429178,-21.80327228429178
2034,2014-02-03,358.98,372.326056464727,13.346056464726985,-13.346056464726985
2035,2014-02-04,349.59,359.30027419759784,9.710274197597869,-9.710274197597869
2036,2014-02-05,346.0,349.74719066501024,3.747190665010237,-3.747190665010237
2037,2014-02-06,347.4,345.9633531599664,-1.4366468400335748,1.4366468400335748
2038,2014-02-07,358.98,347.19401314248023,-11.785986857519788,11.785986857519788
2039,2014-02-10,361.61,358.4390531168808,-3.1709468831192,3.1709468831192
2040,2014-02-11,361.84,361.3318033210112,-0.5081966789887815,0.5081966789887815
2041,2014-02-12,356.43,361.6612421141603,5.231242114160295,-5.231242114160295
2042,2014-02-13,347.7,356.4304234332586,8.730423433258636,-8.730423433258636
2043,2014-02-14,359.34,347.81078190166824,-11.52921809833174,11.52921809833174
2044,2014-02-18,355.28,358.82512060536857,3.545120605368595,-3.545120605368595
2045,2014-02-19,352.64,355.20742099926105,2.56742099926106,-2.56742099926106
2046,2014-02-20,348.8,352.5659033622,3.7659033621999924,-3.7659033621999924
2047,2014-02-21,352.44,348.75757365868213,-3.682426341317864,3.682426341317864
2048,2014-02-24,345.19,352.1646818146585,6.9746818146584815,-6.9746818146584815
2049,2014-02-25,353.0,345.2369409775766,-7.76305902242342,7.76305902242342
2050,2014-02-26,359.86,352.59414860717646,-7.265851392823549,7.265851392823549
2051,2014-02-27,357.22,359.4469899341941,2.22698993419408,-2.22698993419408
2052,2014-02-28,360.6,357.11463410306936,-3.4853658969306593,3.4853658969306593
2053,2014-03-03,358.74,360.3307559982188,1.5907559982188104,-1.5907559982188104
2054,2014-03-04,363.9,358.6211729491684,-5.27882705083158,5.27882705083158
2055,2014-03-05,364.13,363.57110363002846,-0.558896369971535,0.558896369971535
2056,2014-03-06,374.05,363.94119189318496,-10.108808106815047,10.108808106815047
2057,2014-03-07,374.58,373.5635764237099,-1.0164235762900944,1.0164235762900944
2058,2014-03-10,372.69,374.3751173875547,1.685117387554726,-1.685117387554726
2059,2014-03-11,370.99,372.5859378015725,1.5959378015725179,-1.5959378015725179
2060,2014-03-12,366.4,370.8850233705457,4.4850233705457185,-4.4850233705457185
2061,2014-03-13,376.62,366.3837640640492,-10.236235935950788,10.236235935950788
2062,2014-03-14,372.8,376.1357438647295,3.3357438647294657,-3.3357438647294657
2063,2014-03-17,375.72,372.73250698616084,-2.9874930138391846,2.9874930138391846
2064,2014-03-18,377.32,375.47123892577525,-1.8487610742247398,1.8487610742247398
2065,2014-03-19,378.77,377.09828833523363,-1.6717116647663488,1.6717116647663488
2066,2014-03-20,370.64,378.5571963619483,7.9171963619482995,-7.9171963619482995
2067,2014-03-21,371.0,370.73216786295643,-0.2678321370435697,0.2678321370435697
2068,2014-03-24,360.09,370.8424875966559,10.752487596655897,-10.752487596655897
2069,2014-03-25,354.03,360.267931104631,6.237931104631002,-6.237931104631002
2070,2014-03-26,357.13,354.07175454718544,-3.0582454528145604,3.0582454528145604
2071,2014-03-27,343.15,356.87033565449457,13.72033565449459,-13.72033565449459
2072,2014-03-28,340.05,343.4134001643125,3.363400164312509,-3.363400164312509
2073,2014-03-31,342.4,339.99715257219333,-2.4028474278066483,2.4028474278066483
2074,2014-04-01,338.09,342.1533157122663,4.063315712266331,-4.063315712266331
2075,2014-04-02,345.99,338.0463306940461,-7.943669305953904,7.943669305953904
2076,2014-04-03,341.82,345.5617717478407,3.741771747840687,-3.741771747840687
2077,2014-04-04,335.15,341.76413350541543,6.614133505415452,-6.614133505415452
2078,2014-04-07,320.99,335.1951060196935,14.205106019693517,-14.205106019693517
2079,2014-04-08,321.88,321.26458220219,-0.6154177978099824,0.6154177978099824
2080,2014-04-09,328.47,321.6965790266101,-6.773420973389932,6.773420973389932
2081,2014-04-10,330.6,328.0765408770633,-2.5234591229367425,2.5234591229367425
2082,2014-04-11,314.0,330.33779006578817,16.33779006578817,-16.33779006578817
2083,2014-04-14,317.67,314.33562100388053,-3.334378996119483,3.334378996119483
2084,2014-04-15,316.7,317.41999790528126,0.719997905281275,-0.719997905281275
2085,2014-04-16,321.17,316.5430901685435,-4.626909831456544,4.626909831456544
2086,2014-04-17,319.76,320.84794333200404,1.0879433320040448,-1.0879433320040448
2087,2014-04-21,323.97,319.61506972544396,-4.354930274556068,4.354930274556068
2088,2014-04-22,332.0,323.6568137651829,-8.343186234817097,8.343186234817097
2089,2014-04-23,333.06,331.54590335791937,-1.5140966420806308,1.5140966420806308
2090,2014-04-24,329.67,332.82441538021624,3.1544153802162214,-3.1544153802162214
2091,2014-04-25,316.25,329.59630106355,13.346301063550015,-13.346301063550015
2092,2014-04-28,304.0,316.50141178875805,12.501411788758048,-12.501411788758048
2093,2014-04-29,296.44,304.22654286711565,7.7865428671156565,-7.7865428671156565
2094,2014-04-30,298.1,296.51211232485923,-1.5878876751407915,1.5878876751407915
2095,2014-05-01,304.13,297.88985914119314,-6.240140858806853,6.240140858806853
2096,2014-05-02,310.42,303.7661455609568,-6.6538544390432435,6.6538544390432435
2097,2014-05-05,306.37,310.0382132652748,3.668213265274801,-3.668213265274801
2098,2014-05-06,309.53,306.29907699499483,-3.2309230050051383,3.2309230050051383
2099,2014-05-07,295.56,309.26520988503603,13.705209885036027,-13.705209885036027
2100,2014-05-08,290.82,295.7963497353798,4.976349735379813,-4.976349735379813
2101,2014-05-09,290.57,290.8145009410913,0.24450094109130305,-0.24450094109130305
2102,2014-05-12,294.3,290.41482016046916,-3.885179839530849,3.885179839530849
2103,2014-05-13,302.6,294.01522783265204,-8.584772167347978,8.584772167347978
2104,2014-05-14,302.5,302.1660781291962,-0.3339218708038061,0.3339218708038061
2105,2014-05-15,298.02,302.30943713520276,4.289437135202775,-4.289437135202775
2106,2014-05-16,292.8,297.9773635474715,5.1773635474714865,-5.1773635474714865
2107,2014-05-19,295.76,292.78985783624415,-2.9701421637558383,2.9701421637558383
2108,2014-05-20,297.1,295.5106048864879,-1.5893951135121256,1.5893951135121256
2109,2014-05-21,302.21,296.8786641572665,-5.331335842733495,5.331335842733495
2110,2014-05-22,305.05,301.87835856636883,-3.17164143363118,3.17164143363118
2111,2014-05-23,305.46,304.77671390031605,-0.6832860996839258,0.6832860996839258
2112,2014-05-27,314.41,305.2638327571355,-9.146167242864522,9.146167242864522
2113,2014-05-28,309.5,313.9620981573074,4.462098157307423,-4.462098157307423
2114,2014-05-29,310.42,309.4463911365644,-0.9736088634356292,0.9736088634356292
2115,2014-05-30,314.43,310.2233918823212,-4.2066081176787975,4.2066081176787975
2116,2014-06-02,312.59,314.1278209327599,1.537820932759928,-1.537820932759928
2117,2014-06-03,305.75,312.4556039251356,6.70560392513562,-6.70560392513562
2118,2014-06-04,306.85,305.7767139318979,-1.0732860681021066,1.0732860681021066
2119,2014-06-05,308.1,306.65541051305024,-1.4445894869497806,1.4445894869497806
2120,2014-06-06,325.0,307.8815110783252,-17.118488921674782,17.118488921674782
2121,2014-06-09,331.57,324.30149142937745,-7.268508570622544,7.268508570622544
2122,2014-06-10,327.65,331.1540112170583,3.5040112170583484,-3.5040112170583484
2123,2014-06-11,336.0,327.5611160834905,-8.438883916509496,8.438883916509496
2124,2014-06-12,335.55,335.5781586000576,0.028158600057565764,-0.028158600057565764
2125,2014-06-13,327.05,335.35806783924545,8.308067839245439,-8.308067839245439
2126,2014-06-16,324.86,327.1111676537402,2.251167653740197,-2.251167653740197
2127,2014-06-17,327.54,324.762178825051,-2.777821174948997,2.777821174948997
2128,2014-06-18,328.0,327.28399733340683,-0.7160026665931696,0.7160026665931696
2129,2014-06-19,335.26,327.7944619144654,-7.465538085534604,7.465538085534604
2130,2014-06-20,327.76,334.86051111912855,7.100511119128555,-7.100511119128555
2131,2014-06-23,323.33,327.77260262318634,4.44260262318636,-4.44260262318636
2132,2014-06-24,327.54,323.2960912428298,-4.243908757170232,4.243908757170232
2133,2014-06-25,324.33,327.2459777044959,2.9159777044959014,-2.9159777044959014
2134,2014-06-26,328.49,324.226604832568,-4.263395167432009,4.263395167432009
2135,2014-06-27,325.88,328.1920568715499,2.312056871549885,-2.312056871549885
2136,2014-06-30,324.98,325.759922312464,0.7799223124640093,-0.7799223124640093
2137,2014-07-01,325.86,324.83001185228716,-1.0299881477128565,1.0299881477128565
2138,2014-07-02,333.2,325.6524642930228,-7.547535706977214,7.547535706977214
2139,2014-07-03,334.83,332.79357564923924,-2.03642435076074,2.03642435076074
2140,2014-07-07,337.5,334.57357361901643,-2.926426380983571,2.926426380983571
2141,2014-07-08,333.1,337.23040456602826,4.130404566028233,-4.130404566028233
2142,2014-07-09,324.71,333.0345930339077,8.324593033907718,-8.324593033907718
2143,2014-07-10,324.34,324.7797462801689,0.4397462801689471,-0.4397462801689471
2144,2014-07-11,334.71,324.1915764066067,-10.518423593393265,10.518423593393265
2145,2014-07-14,347.03,334.2183337713885,-12.8116662286115,12.8116662286115
2146,2014-07-15,353.72,346.4469914816081,-7.273008518391919,7.273008518391919
2147,2014-07-16,355.62,353.3028798803127,-2.3171201196873312,2.3171201196873312
2148,2014-07-17,353.44,355.35824882160205,1.9182488216020488,-1.9182488216020488
2149,2014-07-18,354.4,353.3062659010682,-1.0937340989318045,1.0937340989318045
2150,2014-07-21,358.1,354.1915663860138,-3.908433613986233,3.908433613986233
2151,2014-07-22,355.25,357.8051795885742,2.5551795885742195,-2.5551795885742195
2152,2014-07-23,359.05,355.12901668043247,-3.92098331956754,3.92098331956754
2153,2014-07-24,359.98,358.76372414019306,-1.2162758598069559,1.2162758598069559
2154,2014-07-25,317.3,359.75373337730974,42.45373337730973,-42.45373337730973
2155,2014-07-28,324.25,318.23782467150767,-6.012175328492333,6.012175328492333
2156,2014-07-29,321.98,324.0159491306286,2.0359491306285804,-2.0359491306285804
2157,2014-07-30,321.45,321.83726204313723,0.3872620431372411,-0.3872620431372411
2158,2014-07-31,320.01,321.2875210465948,1.2775210465948135,-1.2775210465948135
2159,2014-08-01,313.69,319.8689220819677,6.178922081967698,-6.178922081967698
2160,2014-08-04,308.84,313.6965956310244,4.856595631024447,-4.856595631024447
2161,2014-08-05,313.65,308.8203450903378,-4.8296549096621675,4.8296549096621675
2162,2014-08-06,310.83,313.340655798881,2.5106557988810323,-2.5106557988810323
2163,2014-08-07,315.21,310.71435623824175,-4.495643761758231,4.495643761758231
2164,2014-08-08,311.94,314.904415053976,2.9644150539759835,-2.9644150539759835
2165,2014-08-11,318.48,311.83997772265474,-6.640022277345281,6.640022277345281
2166,2014-08-12,318.89,318.1072368485861,-0.7827631514138602,0.7827631514138602
2167,2014-08-13,327.6,318.6719059551647,-8.928094044835348,8.928094044835348
2168,2014-08-14,327.8,327.14693606092953,-0.6530639390704778,0.6530639390704778
2169,2014-08-15,334.0,327.5816090645976,-6.418390935402385,6.418390935402385
2170,2014-08-18,335.48,333.62286420348136,-1.8571357965186621,1.8571357965186621
2171,2014-08-19,334.87,335.230447621238,0.360447621237995,-0.360447621237995
2172,2014-08-20,334.68,334.69438207138984,0.014382071389832163,-0.014382071389832163
2173,2014-08-21,336.48,334.49695271869314,-1.983047281306881,1.983047281306881
2174,2014-08-22,332.99,336.23613980115675,3.246139801156744,-3.246139801156744
2175,2014-08-25,333.21,332.8993681416899,-0.31063185831010287,0.31063185831010287
2176,2014-08-26,337.0,333.02191845079165,-3.9780815492083548,3.9780815492083548
2177,2014-08-27,342.09,336.6950470331314,-5.394952966868573,5.394952966868573
2178,2014-08-28,340.0,341.7362353045383,1.7362353045382974,-1.7362353045382974
2179,2014-08-29,341.76,339.85769247154576,-1.9023075284542301,1.9023075284542301
2180,2014-09-02,339.98,341.52087114817937,1.540871148179349,-1.540871148179349
2181,2014-09-03,342.54,339.8370983240889,-2.7029016759111073,2.7029016759111073
2182,2014-09-04,343.69,342.27575708067786,-1.4142429193221346,1.4142429193221346
2183,2014-09-05,346.3,343.45715110690236,-2.8428488930976528,2.8428488930976528
2184,2014-09-08,344.54,346.0265201146722,1.486520114672203,-1.486520114672203
2185,2014-09-09,341.61,344.39362054929603,2.7836205492960175,-2.7836205492960175
2186,2014-09-10,334.3,341.50923958864263,7.2092395886426175,-7.2092395886426175
2187,2014-09-11,329.94,334.33076628067494,4.390766280674939,-4.390766280674939
2188,2014-09-12,329.56,329.8945508382587,0.3345508382586786,-0.3345508382586786
2189,2014-09-15,330.91,329.39171031945295,-1.5182896805470705,1.5182896805470705
2190,2014-09-16,321.07,330.6813311334681,9.611331133468127,-9.611331133468127
2191,2014-09-17,327.76,321.16661123971113,-6.59338876028886,6.59338876028886
2192,2014-09-18,325.44,327.39123014939355,1.9512301493935524,-1.9512301493935524
2193,2014-09-19,327.6,325.3068927359021,-2.2931072640978982,2.2931072640978982
2194,2014-09-22,328.49,327.35084751366566,-1.1391524863343534,1.1391524863343534
2195,2014-09-23,322.46,328.26963641578203,5.809636415782052,-5.809636415782052
2196,2014-09-24,324.17,322.45052636230747,-1.7194736376925448,1.7194736376925448
2197,2014-09-25,327.99,323.9434559197108,-4.046544080289209,4.046544080289209
2198,2014-09-26,320.6,327.68153007163846,7.08153007163844,-7.08153007163844
2199,2014-09-29,320.5,320.62570111689587,0.12570111689586838,-0.12570111689586838
2200,2014-09-30,321.36,320.3338559971494,-1.0261440028506286,1.0261440028506286
2201,2014-10-01,322.04,321.1475603393956,-0.8924396606043956,0.8924396606043956
2202,2014-10-02,316.92,321.83044771226236,4.910447712262339,-4.910447712262339
2203,2014-10-03,320.36,316.8871098464998,-3.4728901535002024,3.4728901535002024
2204,2014-10-06,323.5,320.08117563499593,-3.4188243650040704,3.4188243650040704
2205,2014-10-07,319.43,323.2081635236493,3.7781635236493116,-3.7781635236493116
2206,2014-10-08,316.58,319.3588082113046,2.7788082113046357,-2.7788082113046357
2207,2014-10-09,321.49,316.4919012460547,-4.998098753945328,4.998098753945328
2208,2014-10-10,314.02,321.16106133558054,7.141061335580559,-7.141061335580559
2209,2014-10-13,309.87,314.0495277850626,4.179527785062589,-4.179527785062589
2210,2014-10-14,308.0,309.8339667137373,1.8339667137373112,-1.8339667137373112
2211,2014-10-15,304.35,307.88689595723486,3.536895957234833,-3.536895957234833
2212,2014-10-16,293.83,304.2858537765707,10.455853776570734,-10.455853776570734
2213,2014-10-17,307.15,293.9757923137778,-13.17420768622219,13.17420768622219
2214,2014-10-20,302.95,306.5778986884558,3.6278986884557867,-3.6278986884557867
2215,2014-10-21,309.9,302.86838876140865,-7.031611238591324,7.031611238591324
2216,2014-10-22,315.43,309.50470341359716,-5.925296586402851,5.925296586402851
2217,2014-10-23,313.4,315.05621629285673,1.6562162928567545,-1.6562162928567545
2218,2014-10-24,284.4,313.26785267240183,28.867852672401852,-28.867852672401852
2219,2014-10-27,285.7,285.0935162037431,-0.6064837962568959,0.6064837962568959
2220,2014-10-28,289.76,285.5803514134694,-4.179648586530618,4.179648586530618
2221,2014-10-29,299.11,289.45684196852847,-9.653158031471548,9.653158031471548
2222,2014-10-30,293.98,298.62421921424453,4.644219214244515,-4.644219214244515
2223,2014-10-31,305.15,293.9255463750868,-11.224453624913167,11.224453624913167
2224,2014-11-03,306.24,304.6297329898722,-1.6102670101278136,1.6102670101278136
2225,2014-11-04,303.99,305.9849564756612,1.9949564756611835,-1.9949564756611835
2226,2014-11-05,303.01,303.87665868895596,0.8666586889559653,-0.8666586889559653
2227,2014-11-06,296.69,302.8696806099745,6.179680609974525,-6.179680609974525
2228,2014-11-07,297.82,296.7137886538904,-1.1062113461096033,1.1062113461096033
2229,2014-11-10,300.0,297.6307236249102,-2.3692763750897825,2.3692763750897825
2230,2014-11-11,305.94,299.7499215234282,-6.1900784765717844,6.1900784765717844
2231,2014-11-12,310.75,305.563734436584,-5.186265563415986,5.186265563415986
2232,2014-11-13,312.0,310.39456554322817,-1.6054344567718317,1.6054344567718317
2233,2014-11-14,317.12,311.760187131742,-5.359812868258018,5.359812868258018
2234,2014-11-17,326.44,316.7693683676172,-9.670631632382822,9.670631632382822
2235,2014-11-18,323.99,325.9421809169004,1.9521809169003745,-1.9521809169003745
2236,2014-11-19,327.25,323.84426490116033,-3.4057350988396706,3.4057350988396706
2237,2014-11-20,324.0,326.9654168122223,2.9654168122223155,-2.9654168122223155
2238,2014-11-21,335.42,323.89993381596884,-11.52006618403118,11.52006618403118
2239,2014-11-24,334.78,334.8739946946825,0.09399469468252164,-0.09399469468252164
2240,2014-11-25,335.27,334.5724778709523,-0.6975221290476838,0.6975221290476838
2241,2014-11-26,333.78,335.06208585479067,1.2820858547906937,-1.2820858547906937
2242,2014-11-28,336.03,333.630931286665,-2.399068713334998,2.399068713334998
2243,2014-12-01,338.12,335.7692036608539,-2.350796339146086,2.350796339146086
2244,2014-12-02,327.5,337.8529542557082,10.352954255708198,-10.352954255708198
2245,2014-12-03,325.73,327.62879144192055,1.8987914419205367,-1.8987914419205367
2246,2014-12-04,315.53,325.6248737953003,10.094873795300316,-10.094873795300316
2247,2014-12-05,316.8,315.6585124755415,-1.1414875244585119,1.1414875244585119
2248,2014-12-08,311.57,316.5971144101935,5.027114410193519,-5.027114410193519
2249,2014-12-09,302.99,311.54436997936557,8.55436997936556,-8.55436997936556
2250,2014-12-10,312.0,303.08124767117624,-8.918752328823757,8.918752328823757
2251,2014-12-11,307.89,311.55048532259735,3.660485322597367,-3.660485322597367
2252,2014-12-12,303.99,307.8167651694555,3.8267651694554843,-3.8267651694554843
2253,2014-12-15,308.87,303.94150626914364,-4.92849373085636,4.92849373085636
2254,2014-12-16,304.35,308.542374926536,4.19237492653599,-4.19237492653599
2255,2014-12-17,296.37,304.3002506630997,7.9302506630996845,-7.9302506630996845
2256,2014-12-18,304.01,296.4541618892656,-7.555838110734385,7.555838110734385
2257,2014-12-19,296.91,303.60771559086635,6.6977155908663235,-6.6977155908663235
2258,2014-12-22,301.94,296.94114575776086,-4.998854242239133,4.998854242239133
2259,2014-12-23,306.98,301.61359103001854,-5.366408969981478,5.366408969981478
2260,2014-12-24,306.38,306.62128320885677,0.24128320885677113,-0.24128320885677113
2261,2014-12-26,305.0,306.2050453832875,1.2050453832874837,-1.2050453832874837
2262,2014-12-29,307.85,304.86568121280544,-2.9843187871945815,2.9843187871945815
2263,2014-12-30,309.91,307.57925296680855,-2.3307470331914715,2.3307470331914715
2264,2014-12-31,311.55,309.65251109811373,-1.8974889018862768,1.8974889018862768
2265,2015-01-02,312.58,311.3074729488867,-1.2725270511132862,1.2725270511132862
2266,2015-01-05,307.01,312.3578198047821,5.347819804782091,-5.347819804782091
2267,2015-01-06,302.24,307.00391740649985,4.763917406499843,-4.763917406499843
2268,2015-01-07,297.5,302.22790813333967,4.7279081333396675,-4.7279081333396675
2269,2015-01-08,300.32,297.48622932208525,-2.8337706779147425,2.8337706779147425
2270,2015-01-09,301.48,300.06445833110945,-1.4155416688905689,1.4155416688905689
2271,2015-01-12,297.56,301.25734770960435,3.697347709604344,-3.697347709604344
2272,2015-01-13,297.48,297.5061474873658,0.026147487365790312,-0.026147487365790312
2273,2015-01-14,291.93,297.31786984909775,5.38786984909774,-5.38786984909774
2274,2015-01-15,294.0,291.93461980634294,-2.065380193657063,2.065380193657063
2275,2015-01-16,286.28,293.7747374289464,7.494737428946451,-7.494737428946451
2276,2015-01-20,292.59,286.35319798701744,-6.236802012982537,6.236802012982537
2277,2015-01-21,289.64,292.2276178021368,2.5876178021368332,-2.5876178021368332
2278,2015-01-22,300.0,289.5532091478098,-10.44679085219019,10.44679085219019
2279,2015-01-23,308.08,299.48135824708413,-8.598641752915853,8.598641752915853
2280,2015-01-26,311.82,307.614959332484,-4.205040667516016,4.205040667516016
2281,2015-01-27,306.3,311.5030796531425,5.203079653142481,-5.203079653142481
2282,2015-01-28,309.81,306.2884015090276,-3.5215984909723943,3.5215984909723943
2283,2015-01-29,304.73,309.5217101038884,4.791710103888363,-4.791710103888363
2284,2015-01-30,346.32,304.70792368124427,-41.612076318755726,41.612076318755726
2285,2015-02-02,350.05,344.62964833354613,-5.4203516664538824,5.4203516664538824
2286,2015-02-03,360.29,349.69083495333706,-10.59916504666296,10.59916504666296
2287,2015-02-04,358.38,359.75383623430497,1.3738362343049744,-1.3738362343049744
2288,2015-02-05,366.0,358.2508840481991,-7.7491159518008885,7.7491159518008885
2289,2015-02-06,374.87,365.53775270505133,-9.332247294948672,9.332247294948672
2290,2015-02-09,371.0,374.3863387175728,3.386338717572812,-3.386338717572812
2291,2015-02-10,371.19,370.9294146545643,-0.2605853454356861,0.2605853454356861
2292,2015-02-11,371.23,370.96661305226996,-0.263386947730055,0.263386947730055
2293,2015-02-12,375.1,371.0186308099975,-4.081369190002533,4.081369190002533
2294,2015-02-13,378.41,374.76374165342924,-3.6462583465707894,3.6462583465707894
2295,2015-02-17,377.72,378.09853087692926,0.3785308769292328,-0.3785308769292328
2296,2015-02-18,375.42,377.5364924799656,2.1164924799655864,-2.1164924799655864
2297,2015-02-19,373.49,375.2812405073119,1.7912405073118975,-1.7912405073118975
2298,2015-02-20,378.62,373.3368339266417,-5.283166073358302,5.283166073358302
2299,2015-02-23,383.44,378.23877471832475,-5.201225281675249,5.201225281675249
2300,2015-02-24,378.65,383.0806897353645,4.430689735364524,-4.430689735364524
2301,2015-02-25,377.27,378.59861565884484,1.3286156588448534,-1.3286156588448534
2302,2015-02-26,384.07,377.09528861753273,-6.974711382467262,6.974711382467262
2303,2015-02-27,384.0,383.63477321448954,-0.3652267855104583,0.3652267855104583
2304,2015-03-02,380.85,383.79902363328847,2.949023633288448,-2.949023633288448
2305,2015-03-03,383.95,380.73852828994256,-3.211471710057424,3.211471710057424
2306,2015-03-04,385.71,383.6329970402894,-2.077002959710569,2.077002959710569
2307,2015-03-05,385.61,385.4442245165787,-0.16577548342132786,0.16577548342132786
2308,2015-03-06,385.52,385.4024829934066,-0.11751700659340258,0.11751700659340258
2309,2015-03-09,378.4,385.30978501366315,6.909785013663168,-6.909785013663168
2310,2015-03-10,377.45,378.41473242233985,0.9647324223398641,-0.9647324223398641
2311,2015-03-11,370.61,377.259482517305,6.649482517304989,-6.649482517304989
2312,2015-03-12,368.82,370.6153364712125,1.7953364712125222,-1.7953364712125222
2313,2015-03-13,371.52,368.6565827237773,-2.8634172762226626,2.8634172762226626
2314,2015-03-16,370.38,371.2194211843131,0.8394211843130961,-0.8394211843130961
2315,2015-03-17,371.11,370.20941516108695,-0.900584838913062,0.900584838913062
2316,2015-03-18,369.97,370.8738290754408,0.9038290754407967,-0.9038290754407967
2317,2015-03-19,373.87,369.79670201260944,-4.073297987390561,4.073297987390561
2318,2015-03-20,376.29,373.53071452258433,-2.7592854774156876,2.7592854774156876
2319,2015-03-23,378.07,376.00548037097565,-2.064519629024346,2.064519629024346
2320,2015-03-24,373.99,377.80372599361624,3.813725993616231,-3.813725993616231
2321,2015-03-25,375.17,373.9108083379434,-1.259191662056594,1.259191662056594
2322,2015-03-26,369.59,374.91412564097703,5.3241256409770585,-5.3241256409770585
2323,2015-03-27,367.11,369.5587400630933,2.4487400630932825,-2.4487400630932825
2324,2015-03-30,371.87,366.9705288270618,-4.899471172938206,4.899471172938206
2325,2015-03-31,373.24,371.50116016864354,-1.7388398313564721,1.7388398313564721
2326,2015-04-01,372.1,372.9906713923318,0.8906713923317966,-0.8906713923317966
2327,2015-04-02,370.5,371.926749536151,1.4267495361510214,-1.4267495361510214
2328,2015-04-06,370.1,370.3384433205256,0.23844332052556183,-0.23844332052556183
2329,2015-04-07,376.15,369.8995114668452,-6.250488533154794,6.250488533154794
2330,2015-04-08,374.66,375.7411423834309,1.0811423834308584,-1.0811423834308584
2331,2015-04-09,380.66,374.50332896900994,-6.156671030990083,6.156671030990083
2332,2015-04-10,384.31,380.2497023490058,-4.060297650994187,4.060297650994187
2333,2015-04-13,383.53,383.986797280675,0.4567972806750049,-0.4567972806750049
2334,2015-04-14,383.51,383.3459603447944,-0.16403965520561314,0.16403965520561314
2335,2015-04-15,384.65,383.2953086553465,-1.3546913446534745,1.3546913446534745
2336,2015-04-16,383.69,384.3989021556409,0.7089021556408852,-0.7089021556408852
2337,2015-04-17,382.63,383.5080409008867,0.8780409008867309,-0.8780409008867309
2338,2015-04-20,378.55,382.4484379042815,3.8984379042814794,-3.8984379042814794
2339,2015-04-21,391.31,378.4651665285841,-12.844833471415882,12.844833471415882
2340,2015-04-22,391.91,390.6700143481127,-1.2399856518873094,1.2399856518873094
2341,2015-04-23,390.21,391.69213876119795,1.482138761197973,-1.482138761197973
2342,2015-04-24,439.0,390.04985025830405,-48.95014974169595,48.95014974169595
2343,2015-04-27,443.86,437.0986024728749,-6.761397527125098,6.761397527125098
2344,2015-04-28,438.51,443.5586164827758,5.048616482775799,-5.048616482775799
2345,2015-04-29,426.75,438.46439202336666,11.714392023366656,-11.714392023366656
2346,2015-04-30,427.11,426.8944411995459,-0.21555880045411868,0.21555880045411868
2347,2015-05-01,423.82,426.876830414088,3.056830414087983,-3.056830414087983
2348,2015-05-04,424.8,423.70412426914606,-1.0958757308539475,1.0958757308539475
2349,2015-05-05,422.85,424.54886480633377,1.698864806333745,-1.698864806333745
2350,2015-05-06,421.43,422.6923195741785,1.2623195741784912,-1.2623195741784912
2351,2015-05-07,424.15,421.25421402417226,-2.895785975827721,2.895785975827721
2352,2015-05-08,430.75,423.84436522939467,-6.905634770605332,6.905634770605332
2353,2015-05-11,432.51,430.323785219354,-2.186214780645969,2.186214780645969
2354,2015-05-12,431.08,432.23885017959105,1.1588501795910702,-1.1588501795910702
2355,2015-05-13,429.98,430.9064961469837,0.926496146983709,-0.926496146983709
2356,2015-05-14,429.45,429.7947365070736,0.3447365070736055,-0.3447365070736055
2357,2015-05-15,428.0,429.24685642749444,1.2468564274944356,-1.2468564274944356
2358,2015-05-18,426.0,427.8255300505818,1.82553005058179,-1.82553005058179
2359,2015-05-19,424.87,425.84199914802525,0.9719991480252475,-0.9719991480252475
2360,2015-05-20,420.6,424.6844310346708,4.084431034670786,-4.084431034670786
2361,2015-05-21,428.0,420.51190798193306,-7.488092018066936,7.488092018066936
2362,2015-05-22,431.55,427.54400990159354,-4.005990098406471,4.005990098406471
2363,2015-05-26,426.2,431.2210705170652,5.021070517065198,-5.021070517065198
2364,2015-05-27,427.45,426.1470429841811,-1.3029570158188903,1.3029570158188903
2365,2015-05-28,429.71,427.1891632791795,-2.520836720820455,2.520836720820455
2366,2015-05-29,427.23,429.41884069135614,2.18884069135612,-2.18884069135612
2367,2015-06-01,430.4,427.08738205176905,-3.3126179482309226,3.3126179482309226
2368,2015-06-02,430.07,430.0791656137915,0.009165613791481064,-0.009165613791481064
2369,2015-06-03,434.4,429.86038161817316,-4.539618381826813,4.539618381826813
2370,2015-06-04,434.4,434.0429593180737,-0.35704068192626437,0.35704068192626437
2371,2015-06-05,429.66,434.18064022397806,4.5206402239780346,-4.5206402239780346
2372,2015-06-08,425.62,429.5871992138589,3.967199213858919,-3.967199213858919
2373,2015-06-09,422.96,425.52392616597695,2.563926165976966,-2.563926165976966
2374,2015-06-10,426.46,422.8205913401463,-3.6394086598537,3.6394086598537
2375,2015-06-11,432.29,426.12791345513375,-6.16208654486627,6.16208654486627
2376,2015-06-12,431.25,431.8855685578969,0.6355685578968746,-0.6355685578968746
2377,2015-06-15,427.66,431.0616875644198,3.401687564419774,-3.401687564419774
2378,2015-06-16,424.15,427.5500915316419,3.4000915316419196,-3.4000915316419196
2379,2015-06-17,428.36,424.0370354941884,-4.322964505811626,4.322964505811626
2380,2015-06-18,430.3,428.0057620530652,-2.2942379469347998,2.2942379469347998
2381,2015-06-19,440.26,430.0172023763736,-10.242797623626416,10.242797623626416
2382,2015-06-22,437.0,439.7247695631684,2.7247695631684223,-2.7247695631684223
2383,2015-06-23,435.59,436.8808619068888,1.2908619068888356,-1.2908619068888356
2384,2015-06-24,444.97,435.41204876607895,-9.557951233921074,9.557951233921074
2385,2015-06-25,438.07,444.45233882120186,6.38233882120187,-6.38233882120187
2386,2015-06-26,441.76,438.06365154093106,-3.696348459068929,3.696348459068929
2387,2015-06-29,434.98,441.4209903176206,6.44099031762056,-6.44099031762056
2388,2015-06-30,434.2,434.9714157532205,0.7714157532205377,-0.7714157532205377
2389,2015-07-01,439.35,434.000724865991,-5.349275134009019,5.349275134009019
2390,2015-07-02,437.0,438.96374216785784,1.9637421678578448,-1.9637421678578448
2391,2015-07-06,435.23,436.85222607668584,1.6222260766858199,-1.6222260766858199
2392,2015-07-07,435.68,435.0630629613675,-0.6169370386324999,0.6169370386324999
2393,2015-07-08,434.35,435.4428118814288,1.0928118814287586,-1.0928118814287586
2394,2015-07-09,434.9,434.16909425601654,-0.7309057439834419,0.7309057439834419
2395,2015-07-10,440.49,434.65939892780176,-5.830601072198249,5.830601072198249
2396,2015-07-13,448.29,440.08905741659675,-8.200942583403275,8.200942583403275
2397,2015-07-14,462.32,447.82008887214135,-14.499911127858638,14.499911127858638
2398,2015-07-15,463.04,461.6581061652565,-1.3818938347434937,1.3818938347434937
2399,2015-07-16,465.5,462.8024885118334,-2.697511488166583,2.697511488166583
2400,2015-07-17,477.7,465.2042528112212,-12.495747188778807,12.495747188778807
2401,2015-07-20,492.57,477.1013133732379,-15.468686626762121,15.468686626762121
2402,2015-07-21,487.9,491.9047251256811,4.004725125681148,-4.004725125681148
2403,2015-07-22,485.99,487.8366178603069,1.8466178603068784,-1.8466178603068784
2404,2015-07-23,491.66,485.8334292025121,-5.826570797487932,5.826570797487932
2405,2015-07-24,578.99,491.27269922654096,-87.71730077345904,87.71730077345904
2406,2015-07-27,527.75,576.02861139679,48.278611396789984,-48.278611396789984
2407,2015-07-28,536.0,529.3443441832051,-6.655655816794933,6.655655816794933
2408,2015-07-29,530.92,535.4781469879616,4.558146987961663,-4.558146987961663
2409,2015-07-30,527.65,530.9293197350647,3.279319735064746,-3.279319735064746
2410,2015-07-31,539.09,527.5778807780486,-11.51211922195148,11.51211922195148
2411,2015-08-03,537.45,538.4488586594946,0.9988586594945446,-0.9988586594945446
2412,2015-08-04,529.69,537.3298330847958,7.639833084795782,-7.639833084795782
2413,2015-08-05,538.8,529.7947525222639,-9.00524747773602,9.00524747773602
2414,2015-08-06,539.3,538.2483585725156,-1.0516414274843555,1.0516414274843555
2415,2015-08-07,529.16,539.0931714009697,9.93317140096974,-9.93317140096974
2416,2015-08-10,528.52,529.3567873351706,0.8367873351705839,-0.8367873351705839
2417,2015-08-11,523.65,528.3464557793023,4.696455779302369,-4.696455779302369
2418,2015-08-12,523.75,523.6382021095089,-0.11179789049106148,0.11179789049106148
2419,2015-08-13,527.37,523.5433971953825,-3.8266028046175506,3.8266028046175506
2420,2015-08-14,528.25,527.027896906163,-1.2221030938369495,1.2221030938369495
2421,2015-08-17,531.29,528.0163415805583,-3.273658419441631,3.273658419441631
2422,2015-08-18,535.04,530.9727569223465,-4.067243077653416,4.067243077653416
2423,2015-08-19,533.74,534.6973723720637,0.9573723720636735,-0.9573723720636735
2424,2015-08-20,530.39,533.5942790862097,3.204279086209681,-3.204279086209681
2425,2015-08-21,507.36,530.3207978605463,22.960797860546336,-22.960797860546336
2426,2015-08-24,463.58,508.02299274458306,44.44299274458308,-44.44299274458308
2427,2015-08-25,487.49,464.8599415595236,-22.630058440476432,22.630058440476432
2428,2015-08-26,484.02,486.33852310679345,2.3185231067934637,-2.3185231067934637
2429,2015-08-27,513.71,483.9205516028205,-29.789448397179513,29.789448397179513
2430,2015-08-28,517.5,512.2867590657448,-5.213240934255168,5.213240934255168
2431,2015-08-31,516.44,517.1782888569312,0.738288856931149,-0.738288856931149
2432,2015-09-01,499.14,516.2717152156326,17.131715215632653,-17.131715215632653
2433,2015-09-02,505.09,499.57968781223803,-5.51031218776194,5.51031218776194
2434,2015-09-03,514.5,504.6158878678049,-9.884112132195128,9.884112132195128
2435,2015-09-04,497.65,513.9167692434137,16.266769243413705,-16.266769243413705
2436,2015-09-08,508.69,498.08495834033084,-10.605041659669155,10.605041659669155
2437,2015-09-09,524.0,508.0140602168732,-15.98593978312681,15.98593978312681
2438,2015-09-10,515.15,523.1751161195627,8.025116119562767,-8.025116119562767
2439,2015-09-11,521.07,515.2804380095362,-5.789561990463881,5.789561990463881
2440,2015-09-14,529.44,520.617709997554,-8.822290002446039,8.822290002446039
2441,2015-09-15,523.25,528.8936562369271,5.643656236927086,-5.643656236927086
2442,2015-09-16,521.98,523.2803526263352,1.3003526263352114,-1.3003526263352114
2443,2015-09-17,526.98,521.8171756615455,-5.16282433845447,5.16282433845447
2444,2015-09-18,534.62,526.567701239046,-8.052298760954045,8.052298760954045
2445,2015-09-21,544.33,534.1038147361401,-10.226185263859975,10.226185263859975
2446,2015-09-22,539.71,543.7371135177095,4.027113517709495,-4.027113517709495
2447,2015-09-23,538.3,539.6842961265877,1.384296126587742,-1.384296126587742
2448,2015-09-24,530.55,538.1500203485499,7.600020348549947,-7.600020348549947
2449,2015-09-25,542.57,530.6435952188773,-11.926404781122756,11.926404781122756
2450,2015-09-28,520.02,541.881857017462,21.861857017462057,-21.861857017462057
2451,2015-09-29,506.0,520.6953095354022,14.695309535402203,-14.695309535402203
2452,2015-09-30,505.44,506.3291415043578,0.8891415043577808,-0.8891415043577808
2453,2015-10-01,511.0,505.2394067257437,-5.76059327425628,5.76059327425628
2454,2015-10-02,512.99,510.55506716325306,-2.4349328367469525,2.4349328367469525
2455,2015-10-05,536.99,512.6859431865275,-24.30405681347247,24.30405681347247
2456,2015-10-06,545.5,535.8073526935369,-9.692647306463073,9.692647306463073
2457,2015-10-07,541.79,544.955759115243,3.165759115243077,-3.165759115243077
2458,2015-10-08,536.71,541.7226683971912,5.012668397191192,-5.012668397191192
2459,2015-10-09,534.48,536.6952528169066,2.2152528169066272,-2.2152528169066272
2460,2015-10-12,539.96,534.3532302425469,-5.606769757453094,5.606769757453094
2461,2015-10-13,546.26,539.533072286581,-6.726927713418945,6.726927713418945
2462,2015-10-14,551.34,545.8016162410939,-5.538383758906093,5.538383758906093
2463,2015-10-15,547.75,550.9328376301193,3.182837630119252,-3.182837630119252
2464,2015-10-16,565.27,547.6789470600153,-17.591052939984706,17.591052939984706
2465,2015-10-19,570.76,564.3767195719452,-6.383280428054832,6.383280428054832
2466,2015-10-20,572.0,570.3465899135174,-1.6534100864826087,1.6534100864826087
2467,2015-10-21,563.87,571.7567815278562,7.886781527856215,-7.886781527856215
2468,2015-10-22,562.7,563.9838064921311,1.2838064921310206,-1.2838064921310206
2469,2015-10-23,617.68,562.5460676297919,-55.13393237020807,55.13393237020807
2470,2015-10-26,602.3,615.2766076180816,12.97660761808163,-12.97660761808163
2471,2015-10-27,608.6,602.6785156149508,-5.921484385049212,5.921484385049212
2472,2015-10-28,612.3,608.1876527749386,-4.112347225061399,4.112347225061399
2473,2015-10-29,617.7,611.9832539548175,-5.716746045182504,5.716746045182504
2474,2015-10-30,626.01,617.3211197098582,-8.68888029014181,8.68888029014181
2475,2015-11-02,627.13,625.5201626353241,-1.6098373646758546,1.6098373646758546
2476,2015-11-03,629.53,626.9308172090817,-2.599182790918235,2.599182790918235
2477,2015-11-04,627.76,629.2853524030186,1.5253524030185872,-1.5253524030185872
2478,2015-11-05,647.1,627.6799715983374,-19.42002840166265,19.42002840166265
2479,2015-11-06,655.0,646.1807789907884,-8.81922100921156,8.81922100921156
2480,2015-11-09,658.65,654.5507427679295,-4.099257232070499,4.099257232070499
2481,2015-11-10,653.0,658.3837281696495,5.383728169649544,-5.383728169649544
2482,2015-11-11,663.25,653.0996877176474,-10.150312282352616,10.150312282352616
2483,2015-11-12,673.0,662.7256258793462,-10.27437412065376,10.27437412065376
2484,2015-11-13,663.57,672.5011016382196,8.931101638219502,-8.931101638219502
2485,2015-11-16,640.92,663.8265622870344,22.90656228703449,-22.90656228703449
2486,2015-11-17,650.65,641.673669111491,-8.976330888508983,8.976330888508983
2487,2015-11-18,646.51,650.1487907295334,3.6387907295334116,-3.6387907295334116
2488,2015-11-19,664.99,646.5299269449647,-18.46007305503531,18.46007305503531
2489,2015-11-20,663.95,664.122444184257,0.1724441842569604,-0.1724441842569604
2490,2015-11-23,671.5,663.8610683880255,-7.638931611974499,7.638931611974499
2491,2015-11-24,674.14,671.0853379265719,-3.0546620734280623,3.0546620734280623
2492,2015-11-25,675.0,673.9228196423636,-1.0771803576363936,1.0771803576363936
2493,2015-11-27,680.8,674.8575503006548,-5.942449699345161,5.942449699345161
2494,2015-11-30,675.9,680.4652677432093,4.565267743209347,-4.565267743209347
2495,2015-12-01,673.75,675.9868521039584,2.2368521039584266,-2.2368521039584266
2496,2015-12-02,681.0,673.7281443684722,-7.271855631527842,7.271855631527842
2497,2015-12-03,679.44,680.605114019088,1.1651140190879232,-1.1651140190879232
2498,2015-12-04,666.0,679.3935439829462,13.393543982946198,-13.393543982946198
2499,2015-12-07,674.74,666.4141162662944,-8.32588373370561,8.32588373370561
2500,2015-12-08,663.13,674.2805361295258,11.15053612952579,-11.15053612952579
2501,2015-12-09,678.0,663.4641103442289,-14.535889655771143,14.535889655771143
2502,2015-12-10,665.59,677.2802460216994,11.690246021699409,-11.690246021699409
2503,2015-12-11,651.23,665.9641916148157,14.7341916148157,-14.7341916148157
2504,2015-12-14,641.75,651.6692584013543,9.919258401354341,-9.919258401354341
2505,2015-12-15,665.03,641.9788276869057,-23.0511723130943,23.0511723130943
2506,2015-12-16,663.56,663.9386847538256,0.37868475382560973,-0.37868475382560973
2507,2015-12-17,680.0,663.46951526636,-16.530484733640037,16.530484733640037
2508,2015-12-18,668.65,679.2051741715534,10.555174171553404,-10.555174171553404
2509,2015-12-21,668.5,668.9800361477786,0.4800361477786055,-0.4800361477786055
2510,2015-12-22,666.83,668.3783246513636,1.5483246513636004,-1.5483246513636004
2511,2015-12-23,666.5,666.7654295653242,0.2654295653242116,-0.2654295653242116
2512,2015-12-24,663.35,666.3795375748085,3.0295375748085007,-3.0295375748085007
2513,2015-12-28,665.56,663.3404526028879,-2.2195473971120236,2.2195473971120236
2514,2015-12-29,677.98,665.3325738113342,-12.647426188665804,12.647426188665804
2515,2015-12-30,691.89,677.3412482351705,-14.54875176482949,14.54875176482949
2516,2015-12-31,686.08,691.2059034587782,5.125903458778112,-5.125903458778112
2517,2016-01-04,656.29,686.1975895058232,29.90758950582324,-29.90758950582324
2518,2016-01-05,646.86,657.3308069850444,10.470806985044419,-10.470806985044419
2519,2016-01-06,622.0,647.0946702460058,25.094670246005762,-25.094670246005762
2520,2016-01-07,621.8,622.7826777858526,0.9826777858526157,-0.9826777858526157
2521,2016-01-08,619.66,621.6106316249968,1.950631624996845,-1.950631624996845
2522,2016-01-11,612.48,619.5553980622054,7.075398062205409,-7.075398062205409
2523,2016-01-12,625.25,612.5673297845914,-12.68267021540862,12.68267021540862
2524,2016-01-13,620.88,624.5454097288987,3.6654097288986804,-3.6654097288986804
2525,2016-01-14,580.25,620.8702391132514,40.62023911325139,-40.62023911325139
2526,2016-01-15,572.24,581.5942700262704,9.354270026270342,-9.354270026270342
2527,2016-01-19,577.09,572.3337443726389,-4.756255627361156,4.756255627361156
2528,2016-01-20,564.36,576.6818975718218,12.32189757182175,-12.32189757182175
2529,2016-01-21,573.58,564.624596494353,-8.955403505647041,8.955403505647041
2530,2016-01-22,588.73,572.992749456754,-15.737250543245977,15.737250543245977
2531,2016-01-25,597.99,587.9060228245577,-10.083977175442328,10.083977175442328
2532,2016-01-26,603.45,597.4078443356373,-6.042155664362781,6.042155664362781
2533,2016-01-27,601.99,603.0253784755248,1.0353784755247943,-1.0353784755247943
2534,2016-01-28,608.37,601.8351058677003,-6.534894132299655,6.534894132299655
2535,2016-01-29,571.98,607.9147563102615,35.93475631026149,-35.93475631026149
2536,2016-02-01,578.15,573.136970580477,-5.013029419522923,5.013029419522923
2537,2016-02-02,570.0,577.6840003754926,7.684000375492587,-7.684000375492587
2538,2016-02-03,553.5,570.0931815044285,16.593181504428458,-16.593181504428458
2539,2016-02-04,525.0,553.9020510523171,28.90205105231712,-28.90205105231712
2540,2016-02-05,529.28,525.81046124449,-3.469538755509916,3.469538755509916
2541,2016-02-08,486.47,528.8534738044783,42.383473804478285,-42.383473804478285
2542,2016-02-09,478.01,487.8290451925507,9.819045192550732,-9.819045192550732
2543,2016-02-10,491.76,477.95332531885526,-13.806674681144727,13.806674681144727
2544,2016-02-11,491.17,490.96299244661253,-0.20700755338748422,0.20700755338748422
2545,2016-02-12,510.7,490.96616838847785,-19.733831611522135,19.733831611522135
2546,2016-02-16,519.48,509.6878960829203,-9.792103917079714,9.792103917079714
2547,2016-02-17,528.74,518.9424110078801,-9.797588992119927,9.797588992119927
2548,2016-02-18,541.19,528.164324274026,-13.02567572597411,13.02567572597411
2549,2016-02-19,520.71,540.50074759269,19.790747592689968,-19.790747592689968
2550,2016-02-22,542.2,521.2518753472982,-20.948124652701836,20.948124652701836
2551,2016-02-23,555.55,541.0402090721615,-14.50979092783848,14.50979092783848
2552,2016-02-24,545.75,554.846406960779,9.09640696077895,-9.09640696077895
2553,2016-02-25,555.52,545.9042423808742,-9.615757619125816,9.615757619125816
2554,2016-02-26,560.12,554.872428985494,-5.247571014505979,5.247571014505979
2555,2016-02-29,554.0,559.7212323221221,5.721232322122091,-5.721232322122091
2556,2016-03-01,556.29,553.999013945856,-2.290986054144014,2.290986054144014
2557,2016-03-02,581.75,555.9434879052538,-25.806512094746154,25.806512094746154
2558,2016-03-03,577.96,580.5170480591926,2.557048059192539,-2.557048059192539
2559,2016-03-04,581.07,577.915347486619,-3.154652513381052,3.154652513381052
2560,2016-03-07,573.54,580.7049018978346,7.164901897834625,-7.164901897834625
2561,2016-03-08,557.87,573.5948941807612,15.724894180761225,-15.724894180761225
2562,2016-03-09,559.56,558.2036147095861,-1.3563852904138685,1.3563852904138685
2563,2016-03-10,566.74,559.2189165371732,-7.521083462826823,7.521083462826823
2564,2016-03-11,566.95,566.2213815419458,-0.7286184580542567,0.7286184580542567
2565,2016-03-14,567.0,566.7104736876698,-0.28952631233016746,0.28952631233016746
2566,2016-03-15,571.0,566.7542426553193,-4.245757344680669,4.245757344680669
2567,2016-03-16,576.64,570.6026504659924,-6.037349534007603,6.037349534007603
2568,2016-03-17,569.51,576.1879314864906,6.677931486490593,-6.677931486490593
2569,2016-03-18,560.94,569.5479736412557,8.607973641255626,-8.607973641255626
2570,2016-03-21,548.91,561.0080140823641,12.098014082364102,-12.098014082364102
2571,2016-03-22,545.11,549.0988490047124,3.9888490047123923,-3.9888490047123923
2572,2016-03-23,561.0,544.9807184958878,-16.0192815041122,16.0192815041122
2573,2016-03-24,567.11,560.1308878755026,-6.979112124497419,6.979112124497419
2574,2016-03-28,584.4,566.6534318693972,-17.746568130602782,17.746568130602782
2575,2016-03-29,580.15,583.5075829852374,3.3575829852374,-3.3575829852374
2576,2016-03-30,596.71,580.1003967502744,-16.609603249725637,16.609603249725637
2577,2016-03-31,599.28,595.8243960527258,-3.4556039472741986,3.4556039472741986
2578,2016-04-01,590.49,598.9854067094905,8.495406709490453,-8.495406709490453
2579,2016-04-04,599.0,590.5863908471972,-8.413609152802792,8.413609152802792
2580,2016-04-05,590.77,598.4176897490383,7.6476897490383635,-7.6476897490383635
2581,2016-04-06,587.52,590.8603449167714,3.3403449167714143,-3.3403449167714143
2582,2016-04-07,598.76,587.3832393188723,-11.376760681127735,11.376760681127735
2583,2016-04-08,594.32,598.0817308213166,3.761730821316519,-3.761730821316519
2584,2016-04-11,596.14,594.2723933859734,-1.867606614026613,1.867606614026613
2585,2016-04-12,598.4,595.821114477281,-2.5788855227190197,2.5788855227190197
2586,2016-04-13,607.68,598.0779949400473,-9.602005059952603,9.602005059952603
2587,2016-04-14,615.07,607.0918132622047,-7.97818673779534,7.97818673779534
2588,2016-04-15,621.92,614.5744018401824,-7.345598159817541,7.345598159817541
2589,2016-04-18,625.35,621.445545427093,-3.9044545729070705,3.9044545729070705
2590,2016-04-19,637.14,625.0073795312469,-12.132620468753089,12.132620468753089
2591,2016-04-20,630.0,636.4753144271843,6.475314427184344,-6.475314427184344
2592,2016-04-21,631.0,630.0723831974334,-0.9276168025666038,0.9276168025666038
2593,2016-04-22,624.47,630.7194551281124,6.249455128112345,-6.249455128112345
2594,2016-04-25,616.61,624.4902149028261,7.880214902826083,-7.880214902826083
2595,2016-04-26,626.17,616.6570835167859,-9.512916483214099,9.512916483214099
2596,2016-04-27,611.8,625.5546585375574,13.754658537557475,-13.754658537557475
2597,2016-04-28,615.54,612.1305834415801,-3.409416558419821,3.409416558419821
2598,2016-04-29,666.0,615.1238981345731,-50.876101865426904,50.876101865426904
2599,2016-05-02,663.92,663.7980445336436,-0.12195546635632581,0.12195546635632581
2600,2016-05-03,677.36,663.867526769431,-13.492473230568976,13.492473230568976
2601,2016-05-04,662.59,676.6372640312243,14.047264031224245,-14.047264031224245
2602,2016-05-05,673.31,662.9722909160419,-10.337709083958089,10.337709083958089
2603,2016-05-06,656.05,672.6513847413328,16.601384741332822,-16.601384741332822
2604,2016-05-09,673.95,656.525054766713,-17.424945233287076,17.424945233287076
2605,2016-05-10,694.0,672.9808275543886,-21.01917244561139,21.01917244561139
2606,2016-05-11,705.79,693.0712799017465,-12.71872009825347,12.71872009825347
2607,2016-05-12,717.38,705.2128482056344,-12.167151794365623,12.167151794365623
2608,2016-05-13,714.64,716.8009196348104,2.160919634810398,-2.160919634810398
2609,2016-05-16,710.13,714.6084271270811,4.4784271270810905,-4.4784271270810905
2610,2016-05-17,709.9,710.1158588882424,0.21585888824245103,-0.21585888824245103
2611,2016-05-18,689.56,709.7159055840089,20.155905584008906,-20.155905584008906
2612,2016-05-19,691.88,690.1297553460471,-1.7502446539529046,1.7502446539529046
2613,2016-05-20,701.05,691.5298772267505,-9.520122773249454,9.520122773249454
2614,2016-05-23,704.25,700.5142050253521,-3.735794974647888,3.735794974647888
2615,2016-05-24,698.01,703.9679788777827,5.957978877782693,-5.957978877782693
2616,2016-05-25,708.0,698.0644590258793,-9.935540974120727,9.935540974120727
2617,2016-05-26,708.33,707.410223825071,-0.9197761749290976,0.9197761749290976
2618,2016-05-27,715.0,708.1617741717247,-6.838225828275313,6.838225828275313
2619,2016-05-31,712.33,714.5637756781923,2.2337756781922735,-2.2337756781922735
2620,2016-06-01,720.9,712.2694114515826,-8.630588548417336,8.630588548417336
2621,2016-06-02,720.97,720.3844228554638,-0.5855771445362734,0.5855771445362734
2622,2016-06-03,726.74,720.8172177512453,-5.922782248754743,5.922782248754743
2623,2016-06-06,726.5,726.3456645667509,-0.15433543324911625,0.15433543324911625
2624,2016-06-07,729.89,726.3544239889247,-3.53557601107525,3.53557601107525
2625,2016-06-08,726.4,729.5882355336762,3.1882355336762203,-3.1882355336762203
2626,2016-06-09,723.1,726.3699960308525,3.2699960308524396,-3.2699960308524396
2627,2016-06-10,722.35,723.0372735904382,0.687273590438167,-0.687273590438167
2628,2016-06-13,714.01,722.1887147856012,8.178714785601187,-8.178714785601187
2629,2016-06-14,712.33,714.1381848459412,1.8081848459411276,-1.8081848459411276
2630,2016-06-15,722.0,712.177958411729,-9.822041588270963,9.822041588270963
2631,2016-06-16,712.05,721.4387549618151,9.388754961815152,-9.388754961815152
2632,2016-06-17,718.19,712.2689719824205,-5.9210280175796015,5.9210280175796015
2633,2016-06-20,713.5,717.7337392284315,4.233739228431546,-4.233739228431546
2634,2016-06-21,715.72,713.5085788846902,-2.211421115309804,2.211421115309804
2635,2016-06-22,716.58,715.4286713369603,-1.1513286630397488,1.1513286630397488
2636,2016-06-23,715.5,716.3637314010012,0.863731401001246,-0.863731401001246
2637,2016-06-24,693.0,715.3526279815962,22.352627981596243,-22.352627981596243
2638,2016-06-27,692.01,693.6403279199861,1.6303279199861436,-1.6303279199861436
2639,2016-06-28,700.0,691.764964225969,-8.235035774030962,8.235035774030962
2640,2016-06-29,715.75,699.4812888125666,-16.268711187433382,16.268711187433382
2641,2016-06-30,717.2,714.968780190119,-2.231219809881054,2.231219809881054
2642,2016-07-01,717.32,716.9983386933308,-0.3216613066692844,0.3216613066692844
2643,2016-07-05,722.8,717.1252319657336,-5.674768034266322,5.674768034266322
2644,2016-07-06,725.71,722.3987736150743,-3.3112263849257033,3.3112263849257033
2645,2016-07-07,739.33,725.4260828504118,-13.90391714958821,13.90391714958821
2646,2016-07-08,740.14,738.6351720167697,-1.504827983230257,1.504827983230257
2647,2016-07-11,750.0,739.9740427413478,-10.02595725865217,10.02595725865217
2648,2016-07-12,756.86,749.4536242492785,-7.406375750721509,7.406375750721509
2649,2016-07-13,746.76,756.4657638765958,9.705763876595825,-9.705763876595825
2650,2016-07-14,748.86,746.9917674927804,-1.868232507219659,1.868232507219659
2651,2016-07-15,746.55,748.5752712539373,2.025271253937376,-2.025271253937376
2652,2016-07-18,735.49,746.4695821980896,10.979582198089588,-10.979582198089588
2653,2016-07-19,732.5,735.716768897161,3.216768897161046,-3.216768897161046
2654,2016-07-20,744.0,732.3898514945608,-11.610148505439156,11.610148505439156
2655,2016-07-21,747.5,743.3674066751713,-4.13259332482869,4.13259332482869
2656,2016-07-22,747.79,747.2235236402797,-0.5664763597202409,0.5664763597202409
2657,2016-07-25,746.55,747.6115443391897,1.0615443391897088,-1.0615443391897088
2658,2016-07-26,742.71,746.4184008837564,3.708400883756326,-3.708400883756326
2659,2016-07-27,737.97,742.6686611825209,4.698661182520823,-4.698661182520823
2660,2016-07-28,745.98,737.950073228482,-8.029926771518035,8.029926771518035
2661,2016-07-29,765.0,745.4753085186227,-19.524691481377317,19.524691481377317
2662,2016-08-01,759.87,764.1246409946939,4.254640994693887,-4.254640994693887
2663,2016-08-02,763.81,759.9486925524025,-3.8613074475974827,3.8613074475974827
2664,2016-08-03,757.06,763.4756871673748,6.415687167374813,-6.415687167374813
2665,2016-08-04,753.7,757.1529294426838,3.4529294426837396,-3.4529294426837396
2666,2016-08-05,764.81,753.6288597582845,-11.181140241715411,11.181140241715411
2667,2016-08-08,766.81,764.2026509547568,-2.6073490452431543,2.6073490452431543
2668,2016-08-09,767.39,766.597019965232,-0.792980034767993,0.792980034767993
2669,2016-08-10,769.8,767.2047429231627,-2.5952570768372425,2.5952570768372425
2670,2016-08-11,769.94,769.542128945115,-0.3978710548850586,0.3978710548850586
2671,2016-08-12,768.46,769.7736313995496,1.3136313995495357,-1.3136313995495357
2672,2016-08-15,771.9,768.3467352372875,-3.5532647627125016,3.5532647627125016
2673,2016-08-16,768.62,771.5963331708587,2.976333170858652,-2.976333170858652
2674,2016-08-17,764.41,768.5834510609527,4.173451060952743,-4.173451060952743
2675,2016-08-18,764.0,764.3848176738996,0.38481767389964716,-0.38481767389964716
2676,2016-08-19,761.9,763.826226280482,1.9262262804820693,-1.9262262804820693
2677,2016-08-22,757.5,761.7989152352361,4.298915235236109,-4.298915235236109
2678,2016-08-23,763.31,757.4768610231532,-5.833138976846726,5.833138976846726
2679,2016-08-24,763.0,762.8942466312894,-0.10575336871056606,0.10575336871056606
2680,2016-08-25,756.0,762.8473917413448,6.847391741344836,-6.847391741344836
2681,2016-08-26,760.05,756.0773597820005,-3.9726402179994693,3.9726402179994693
2682,2016-08-29,768.72,759.689669853574,-9.030330146426081,9.030330146426081
2683,2016-08-30,771.05,768.2200264536705,-2.8299735463294837,2.8299735463294837
2684,2016-08-31,766.6,770.8083034340113,4.208303434011327,-4.208303434011327
2685,2016-09-01,770.9,766.5942622142109,-4.30573778578912,4.30573778578912
2686,2016-09-02,774.11,770.5444449658793,-3.5655550341207345,3.5655550341207345
2687,2016-09-06,774.04,773.8226457908196,-0.21735420918037107,0.21735420918037107
2688,2016-09-07,789.53,773.8743469808588,-15.655653019141141,15.655653019141141
2689,2016-09-08,783.89,788.7686924826745,4.8786924826745235,-4.8786924826745235
2690,2016-09-09,779.36,783.9786610099969,4.618661009996913,-4.618661009996913
2691,2016-09-12,757.35,779.3430180465087,21.993018046508723,-21.993018046508723
2692,2016-09-13,768.77,757.9704220206545,-10.799577979345486,10.799577979345486
2693,2016-09-14,762.2,768.081413964343,5.881413964342983,-5.881413964342983
2694,2016-09-15,762.0,762.2925792021065,0.2925792021064808,-0.2925792021064808
2695,2016-09-16,773.28,761.7956663619951,-11.484333638004841,11.484333638004841
2696,2016-09-19,779.97,772.6586842450502,-7.311315754949874,7.311315754949874
2697,2016-09-20,776.0,779.5657119831615,3.5657119831614636,-3.5657119831614636
2698,2016-09-21,783.25,775.9875289884674,-7.262471011532625,7.262471011532625
2699,2016-09-22,794.27,782.7814030512405,-11.488596948759437,11.488596948759437
2700,2016-09-23,803.13,793.696926173768,-9.433073826231976,9.433073826231976
2701,2016-09-26,801.8,802.6604970897695,0.8604970897695239,-0.8604970897695239
2702,2016-09-27,801.85,801.7134268603699,-0.1365731396301726,0.1365731396301726
2703,2016-09-28,818.0,801.6808588353435,-16.319141164656457,16.319141164656457
2704,2016-09-29,828.26,817.2276743640423,-11.032325635957704,11.032325635957704
2705,2016-09-30,832.61,827.7741554086953,-4.835844591304749,4.835844591304749
2706,2016-10-03,836.0,832.3388149843727,-3.661185015627325,3.661185015627325
2707,2016-10-04,840.91,835.751218792243,-5.158781207756988,5.158781207756988
2708,2016-10-05,838.0,840.6047815366334,2.604781536633368,-2.604781536633368
2709,2016-10-06,843.7,837.99307498438,-5.706925015620072,5.706925015620072
2710,2016-10-07,845.79,843.3469729404505,-2.443027059549422,2.443027059549422
2711,2016-10-10,843.25,845.6018158523445,2.3518158523445436,-2.3518158523445436
2712,2016-10-11,841.02,843.2236641359019,2.2036641359019313,-2.2036641359019313
2713,2016-10-12,834.0,840.9649634374806,6.9649634374806055,-6.9649634374806055
2714,2016-10-13,829.0,834.1186059037383,5.118605903738285,-5.118605903738285
2715,2016-10-14,835.08,829.0218138975602,-6.05818610243989,6.05818610243989
2716,2016-10-17,821.5,834.6912615032608,13.191261503260762,-13.191261503260762
2717,2016-10-18,822.11,821.8746393447984,-0.235360655201589,0.235360655201589
2718,2016-10-19,820.4,821.8896417031706,1.489641703170605,-1.489641703170605
2719,2016-10-20,813.99,820.3073193942979,6.317319394297897,-6.317319394297897
2720,2016-10-21,809.36,814.0615781301832,4.701578130183179,-4.701578130183179
2721,2016-10-24,824.95,809.3448543323334,-15.605145667666648,15.605145667666648
2722,2016-10-25,839.3,824.1783286231125,-15.121671376887434,15.121671376887434
2723,2016-10-26,832.76,838.6518075876734,5.891807587673384,-5.891807587673384
2724,2016-10-27,831.24,832.8958285011887,1.6558285011886937,-1.6558285011886937
2725,2016-10-28,782.0,831.1255953527733,49.1255953527733,-49.1255953527733
2726,2016-10-31,781.03,783.6074296813316,2.577429681331637,-2.577429681331637
2727,2016-11-01,799.0,780.7181507860004,-18.281849213999635,18.281849213999635
2728,2016-11-02,783.93,798.1226025020585,14.192602502058548,-14.192602502058548
2729,2016-11-03,765.05,784.3388359222242,19.28883592222428,-19.28883592222428
2730,2016-11-04,762.79,765.5110898491063,2.7210898491063062,-2.7210898491063062
2731,2016-11-07,771.64,762.6199807862963,-9.020019213703677,9.020019213703677
2732,2016-11-08,784.97,771.0879225245071,-13.882077475492906,13.882077475492906
2733,2016-11-09,764.0,784.2777876611818,20.277787661181833,-20.277787661181833
2734,2016-11-10,778.81,764.588439676511,-14.221560323488916,14.221560323488916
2735,2016-11-11,735.73,777.9923144528029,42.26231445280291,-42.26231445280291
2736,2016-11-14,745.51,737.1532229097218,-8.356777090278229,8.356777090278229
2737,2016-11-15,730.0,744.7750625272643,14.775062527264254,-14.775062527264254
2738,2016-11-16,739.88,730.3927151383549,-9.487284861645094,9.487284861645094
2739,2016-11-17,749.32,739.1971871640327,-10.122812835967352,10.122812835967352
2740,2016-11-18,761.0,748.7486283479703,-12.251371652029661,12.251371652029661
2741,2016-11-21,766.0,760.3470393047061,-5.6529606952939275,5.6529606952939275
2742,2016-11-22,788.17,765.6224901932535,-22.54750980674646,22.54750980674646
2743,2016-11-23,781.73,787.1044940950347,5.37449409503472,-5.37449409503472
2744,2016-11-25,786.5,781.8500866272367,-4.649913372763308,4.649913372763308
2745,2016-11-28,776.99,786.0772241804716,9.087224180471594,-9.087224180471594
2746,2016-11-29,768.0,777.1600218285846,9.160021828584604,-9.160021828584604
2747,2016-11-30,762.0,768.0882057229644,6.088205722964403,-6.088205722964403
2748,2016-12-01,752.41,761.9689807021059,9.558980702105941,-9.558980702105941
2749,2016-12-02,743.4,752.521615191631,9.121615191631008,-9.121615191631008
2750,2016-12-05,745.0,743.4681363819963,-1.5318636180037402,1.5318636180037402
2751,2016-12-06,763.99,744.6603357712121,-19.32966422878792,19.32966422878792
2752,2016-12-07,764.55,763.018934835956,-1.53106516404398,1.53106516404398
2753,2016-12-08,771.87,764.3716217011676,-7.498378298832449,7.498378298832449
2754,2016-12-09,770.0,771.359812760642,1.359812760641944,-1.359812760641944
2755,2016-12-12,766.4,769.8730794149186,3.4730794149186295,-3.4730794149186295
2756,2016-12-13,764.96,766.3005253811681,1.3405253811680495,-1.3405253811680495
2757,2016-12-14,778.25,764.7686660656329,-13.481333934367058,13.481333934367058
2758,2016-12-15,766.28,777.4986728368218,11.218672836821838,-11.218672836821838
2759,2016-12-16,765.0,766.5618411882632,1.5618411882632017,-1.5618411882632017
2760,2016-12-19,758.89,764.7688633456464,5.878863345646437,-5.878863345646437
2761,2016-12-20,768.65,758.8833448716515,-9.766655128348475,9.766655128348475
2762,2016-12-21,770.0,768.0091951746447,-1.990804825355326,1.990804825355326
2763,2016-12-22,768.12,769.753226794964,1.6332267949640027,-1.6332267949640027
2764,2016-12-23,764.55,767.9638095169624,3.4138095169624876,-3.4138095169624876
2765,2016-12-27,763.4,764.4441317161214,1.0441317161214556,-1.0441317161214556
2766,2016-12-28,776.25,763.1922578086412,-13.057742191358784,13.057742191358784
2767,2016-12-29,772.4,775.5089233665141,3.108923366514091,-3.108923366514091
2768,2016-12-30,766.47,772.3659357025234,5.8959357025233885,-5.8959357025233885
2769,2017-01-03,757.92,766.4476019984293,8.527601998429304,-8.527601998429304
2770,2017-01-04,758.39,757.9850612411207,-0.4049387588793252,0.4049387588793252
2771,2017-01-05,761.55,758.0950153344454,-3.454984665554548,3.454984665554548
2772,2017-01-06,782.36,761.1859646521473,-21.174035347852737,21.174035347852737
2773,2017-01-09,798.0,781.321164562202,-16.678835437798057,16.678835437798057
2774,2017-01-10,796.6,797.2522375420117,0.6522375420116759,-0.6522375420116759
2775,2017-01-11,793.66,796.4917059860292,2.831705986029192,-2.831705986029192
2776,2017-01-12,800.31,793.5419552422477,-6.76804475775225,6.76804475775225
2777,2017-01-13,814.32,799.818628198648,-14.501371801352093,14.501371801352093
2778,2017-01-17,815.7,813.5879805817833,-2.1120194182167324,2.1120194182167324
2779,2017-01-18,809.5,815.4878296527893,5.987829652789287,-5.987829652789287
2780,2017-01-19,810.0,809.525394539686,-0.47460546031402373,0.47460546031402373
2781,2017-01-20,815.28,809.7396167889913,-5.540383211008702,5.540383211008702
2782,2017-01-23,806.8,814.8628122755807,8.062812275580768,-8.062812275580768
2783,2017-01-24,822.0,806.9233643967443,-15.076635603255681,15.076635603255681
2784,2017-01-25,825.79,821.1630476033365,-4.626952396663455,4.626952396663455
2785,2017-01-26,835.53,825.4913442049769,-10.038655795023033,10.038655795023033
2786,2017-01-27,839.0,834.9639486523146,-4.036051347685429,4.036051347685429
2787,2017-01-30,833.0,838.7030618022078,5.703061802207799,-5.703061802207799
2788,2017-01-31,823.75,833.0378169624208,9.287816962420834,-9.287816962420834
2789,2017-02-01,829.21,823.8684035574069,-5.341596442593186,5.341596442593186
2790,2017-02-02,836.59,828.7535401129288,-7.836459887071214,7.836459887071214
2791,2017-02-03,806.72,836.1193193853583,29.39931938535824,-29.39931938535824
2792,2017-02-06,809.8,807.6544899118178,-2.1455100881821636,2.1455100881821636
2793,2017-02-07,809.31,809.3486883058995,0.038688305899540865,-0.038688305899540865
2794,2017-02-08,812.69,809.1132865250435,-3.576713474956591,3.576713474956591
2795,2017-02-09,821.6,812.3317599864463,-9.268240013553736,9.268240013553736
2796,2017-02-10,823.82,821.0454618273191,-2.774538172680991,2.774538172680991
2797,2017-02-13,831.62,823.547363983301,-8.072636016698993,8.072636016698993
2798,2017-02-14,837.0,831.1107510119964,-5.889248988003601,5.889248988003601
2799,2017-02-15,834.0,836.6092745332091,2.6092745332091454,-2.6092745332091454
2800,2017-02-16,841.84,833.921786955389,-7.9182130446109795,7.9182130446109795
2801,2017-02-17,842.0,841.3153286101036,-0.6846713898963799,0.6846713898963799
2802,2017-02-21,848.84,841.8135608504384,-7.026439149561611,7.026439149561611
2803,2017-02-22,856.95,848.3699803249351,-8.580019675064932,8.580019675064932
2804,2017-02-23,857.57,856.4614471611153,-1.1085528388847479,1.1085528388847479
2805,2017-02-24,844.69,857.3768798235579,12.686879823557888,-12.686879823557888
2806,2017-02-27,842.38,844.9765159310284,2.5965159310284207,-2.5965159310284207
2807,2017-02-28,851.45,842.2100302051767,-9.23996979482331,9.23996979482331
2808,2017-03-01,853.05,850.8828350738297,-2.167164926170244,2.167164926170244
2809,2017-03-02,853.08,852.8146659727119,-0.26533402728819055,0.26533402728819055
2810,2017-03-03,847.2,852.8779564564919,5.67795645649187,-5.67795645649187
2811,2017-03-06,845.23,847.214899091023,1.9848990910229531,-1.9848990910229531
2812,2017-03-07,845.48,845.0714390458458,-0.4085609541542681,0.4085609541542681
2813,2017-03-08,848.0,845.2490474492259,-2.750952550774059,2.750952550774059
2814,2017-03-09,851.0,847.6902392179951,-3.3097607820049006,3.3097607820049006
2815,2017-03-10,857.0,850.6812432038934,-6.318756796106641,6.318756796106641
2816,2017-03-13,851.77,856.5703456868514,4.800345686851415,-4.800345686851415
2817,2017-03-14,853.55,851.780234675156,-1.769765324844002,1.769765324844002
2818,2017-03-15,854.33,853.2507225897893,-1.0792774102106932,1.0792774102106932
2819,2017-03-16,855.3,854.0942013752438,-1.2057986247561985,1.2057986247561985
2820,2017-03-17,853.49,855.0533170700412,1.5633170700411938,-1.5633170700411938
2821,2017-03-20,851.51,853.3493550065364,1.8393550065363797,-1.8393550065363797
2822,2017-03-21,858.84,851.3639541666805,-7.476045833319517,7.476045833319517
2823,2017-03-22,840.43,858.337007069328,17.907007069328074,-17.907007069328074
2824,2017-03-23,848.2,840.9364674058066,-7.263532594193407,7.263532594193407
2825,2017-03-24,851.68,847.6102124183283,-4.069787581671676,4.069787581671676
2826,2017-03-27,838.07,851.3537639910605,13.283763991060482,-13.283763991060482
2827,2017-03-28,851.75,838.3782279600925,-13.371772039907455,13.371772039907455
2828,2017-03-29,859.05,850.9444871246692,-8.10551287533076,8.10551287533076
2829,2017-03-30,874.95,858.5966588402501,-16.353341159749903,16.353341159749903
2830,2017-03-31,877.0,874.149011511142,-2.850988488857979,2.850988488857979
2831,2017-04-03,888.0,876.7742797490805,-11.225720250919494,11.225720250919494
2832,2017-04-04,891.5,887.382391493803,-4.11760850619703,4.11760850619703
2833,2017-04-05,910.82,891.2113882948848,-19.60861170511521,19.60861170511521
2834,2017-04-06,913.8,909.8991702844075,-3.9008297155924083,3.9008297155924083
2835,2017-04-07,899.65,913.5833318438098,13.93333184380981,-13.93333184380981
2836,2017-04-10,899.63,900.0145038605264,0.3845038605263653,-0.3845038605263653
2837,2017-04-11,907.04,899.388200578973,-7.651799421026908,7.651799421026908
2838,2017-04-12,903.09,906.5667100832709,3.4767100832708593,-3.4767100832708593
2839,2017-04-13,891.45,903.0799970600476,11.629997060047572,-11.629997060047572
2840,2017-04-17,887.5,891.6838483123676,4.183848312367559,-4.183848312367559
2841,2017-04-18,900.99,887.4074350091518,-13.582564990848255,13.582564990848255
2842,2017-04-19,907.84,900.2567456951274,-7.583254304872639,7.583254304872639
2843,2017-04-20,899.7,907.4327424464458,7.732742446445741,-7.732742446445741
2844,2017-04-21,902.67,899.8401295386235,-2.8298704613764585,2.8298704613764585
2845,2017-04-24,908.68,902.3327857610881,-6.347214238911874,6.347214238911874
2846,2017-04-25,907.04,908.2663704661177,1.2263704661177144,-1.2263704661177144
2847,2017-04-26,910.3,906.9308680942556,-3.369131905744325,3.369131905744325
2848,2017-04-27,914.39,909.9773692086657,-4.412630791334323,4.412630791334323
2849,2017-04-28,948.83,914.0542616935774,-34.77573830642268,34.77573830642268
2850,2017-05-01,927.8,947.3324304919179,19.53243049191792,-19.53243049191792
2851,2017-05-02,946.64,928.5481743443376,-18.091825655662433,18.091825655662433
2852,2017-05-03,946.0,945.6515542524721,-0.34844574752787594,0.34844574752787594
2853,2017-05-04,944.75,945.9316503049591,1.1816503049591347,-1.1816503049591347
2854,2017-05-05,940.52,944.6302613304132,4.110261330413209,-4.110261330413209
2855,2017-05-08,940.95,940.5097893578046,-0.4402106421954386,0.4402106421954386
2856,2017-05-09,952.8,940.7456919802828,-12.054308019717155,12.054308019717155
2857,2017-05-10,953.5,952.1719682762161,-1.3280317237838517,1.3280317237838517
2858,2017-05-11,945.11,953.3543325136521,8.244332513652125,-8.244332513652125
2859,2017-05-12,954.5,945.269557999924,-9.230442000075982,9.230442000075982
2860,2017-05-15,958.73,953.9357585535071,-4.794241446492947,4.794241446492947
2861,2017-05-16,961.0,958.4375958530052,-2.5624041469948224,2.5624041469948224
2862,2017-05-17,954.7,960.7672276141216,6.067227614121521,-6.067227614121521
2863,2017-05-18,944.8,954.7889510829445,9.988951082944595,-9.988951082944595
2864,2017-05-19,962.84,944.9882804684995,-17.85171953150052,17.85171953150052
2865,2017-05-22,964.0,961.9285748639617,-2.0714251360383287,2.0714251360383287
2866,2017-05-23,975.02,963.8581658422781,-11.161834157721842,11.161834157721842
2867,2017-05-24,976.0,974.4380731830472,-1.5619268169527913,1.5619268169527913
2868,2017-05-25,984.85,975.8509011987617,-8.999098801238347,8.999098801238347
2869,2017-05-26,995.0,984.3612564811219,-10.638743518878073,10.638743518878073
2870,2017-05-30,996.51,994.4986244722494,-2.0113755277506016,2.0113755277506016
2871,2017-05-31,1000.0,996.3547957240073,-3.6452042759926826,3.6452042759926826
2872,2017-06-01,998.59,999.7373996453323,1.147399645332257,-1.147399645332257
2873,2017-06-02,998.99,998.5246107950411,-0.46538920495891034,0.46538920495891034
2874,2017-06-05,1007.23,998.8347921885581,-8.395207811441878,8.395207811441878
2875,2017-06-06,1012.0,1006.7799470659678,-5.220052934032196,5.220052934032196
2876,2017-06-07,1005.95,1011.7200987912405,5.770098791240457,-5.770098791240457
2877,2017-06-08,1012.06,1006.0736344149601,-5.9863655850398345,5.9863655850398345
2878,2017-06-09,1012.5,1011.67187262739,-0.8281273726099698,0.8281273726099698
2879,2017-06-12,967.0,1012.3793224838151,45.379322483815145,-45.379322483815145
2880,2017-06-13,977.99,968.5759417321336,-9.41405826786638,9.41405826786638
2881,2017-06-14,988.59,977.232191403292,-11.357808596708082,11.357808596708082
2882,2017-06-15,958.7,988.0526599515657,29.35265995156567,-29.35265995156567
2883,2017-06-16,996.0,959.7166447744364,-36.28335522556358,36.28335522556358
2884,2017-06-19,1017.0,994.2241642633563,-22.77583573664367,22.77583573664367
2885,2017-06-20,998.0,1016.138509608805,18.138509608804952,-18.138509608804952
2886,2017-06-21,998.7,998.6570858707609,-0.042914129239193244,0.042914129239193244
2887,2017-06-22,1002.23,998.4767257675704,-3.7532742324295896,3.7532742324295896
2888,2017-06-23,1002.54,1001.9442475864316,-0.5957524135683343,0.5957524135683343
2889,2017-06-26,1008.5,1002.3894995406177,-6.110500459382251,6.110500459382251
2890,2017-06-27,990.69,1008.1196518914043,17.429651891404205,-17.429651891404205
2891,2017-06-28,978.55,991.2515558090408,12.701555809040883,-12.701555809040883
2892,2017-06-29,979.0,978.8169494590638,-0.1830505409361649,0.1830505409361649
2893,2017-06-30,980.12,978.7797199558933,-1.3402800441067484,1.3402800441067484
2894,2017-07-03,972.79,979.9034311373998,7.113431137399857,-7.113431137399857
2895,2017-07-05,961.53,972.9039972054414,11.37399720544147,-11.37399720544147
2896,2017-07-06,964.66,961.7681466143645,-2.8918533856354998,2.8918533856354998
2897,2017-07-07,969.55,964.3188952951953,-5.231104704804693,5.231104704804693
2898,2017-07-10,985.0,969.1761964291362,-15.823803570863788,15.823803570863788
2899,2017-07-11,993.0,984.2181222137996,-8.781877786200425,8.781877786200425
2900,2017-07-12,1000.65,992.5511455246345,-8.098854475365442,8.098854475365442
2901,2017-07-13,1004.62,1000.2035029664011,-4.416497033598944,4.416497033598944
2902,2017-07-14,1002.4,1004.3224609703369,1.9224609703369424,-1.9224609703369424
2903,2017-07-17,1004.69,1002.3360790501706,-2.353920949829444,2.353920949829444
2904,2017-07-18,1006.0,1004.4325334761709,-1.5674665238291254,1.5674665238291254
2905,2017-07-19,1025.0,1005.793046910072,-19.206953089927993,19.206953089927993
2906,2017-07-20,1031.59,1024.098170007675,-7.491829992324938,7.491829992324938
2907,2017-07-21,1021.28,1031.2382237037148,9.958223703714793,-9.958223703714793
2908,2017-07-24,1028.34,1021.5536142786335,-6.7863857213664005,6.7863857213664005
2909,2017-07-25,1038.05,1027.889751508985,-10.160248491014954,10.160248491014954
2910,2017-07-26,1043.2,1037.544806975145,-5.6551930248549525,5.6551930248549525
2911,2017-07-27,1069.55,1042.887742626998,-26.66225737300192,26.66225737300192
2912,2017-07-28,1012.14,1068.402264437041,56.262264437040926,-56.262264437040926
2913,2017-07-31,1019.05,1014.2903819385676,-4.75961806143232,4.75961806143232
2914,2017-08-01,996.11,1018.4742281111427,22.364228111142666,-22.364228111142666
2915,2017-08-02,1001.77,996.869459861562,-4.900540138438032,4.900540138438032
2916,2017-08-03,999.47,1001.2917330733317,1.821733073331643,-1.821733073331643
2917,2017-08-04,989.68,999.4014637380261,9.72146373802616,-9.72146373802616
2918,2017-08-07,990.65,989.8791479941738,-0.7708520058262138,0.7708520058262138
2919,2017-08-08,994.35,990.3912192733142,-3.958780726685859,3.958780726685859
2920,2017-08-09,982.6,994.0159972689803,11.415997268980277,-11.415997268980277
2921,2017-08-10,976.3,982.8881410444794,6.588141044479471,-6.588141044479471
2922,2017-08-11,960.0,976.3154817581234,16.315481758123383,-16.315481758123383
2923,2017-08-14,978.41,960.417787621504,-17.992212378495992,17.992212378495992
2924,2017-08-15,988.9,977.400305522119,-11.499694477881008,11.499694477881008
2925,2017-08-16,981.65,988.3338219598977,6.6838219598977275,-6.6838219598977275
2926,2017-08-17,977.84,981.7716766305076,3.9316766305075816,-3.9316766305075816
2927,2017-08-18,961.4,977.7669016984428,16.366901698442803,-16.366901698442803
2928,2017-08-21,957.57,961.8297837827578,4.259783782757722,-4.259783782757722
2929,2017-08-22,955.52,957.4526997405278,1.9326997405278235,-1.9326997405278235
2930,2017-08-23,959.38,955.3663279652249,-4.013672034775141,4.013672034775141
2931,2017-08-24,957.42,958.9944155693794,1.5744155693794255,-1.5744155693794255
2932,2017-08-25,956.0,957.2859498955227,1.2859498955226627,-1.2859498955226627
2933,2017-08-28,946.54,955.8247380007315,9.284738000731522,-9.284738000731522
2934,2017-08-29,940.0,946.6826243372761,6.682624337276138,-6.682624337276138
2935,2017-08-30,958.44,939.9959342460621,-18.444065753937934,18.444065753937934
2936,2017-08-31,974.7,957.4397649992839,-17.260235000716193,17.260235000716193
2937,2017-09-01,984.2,973.8771696404718,-10.322830359528211,10.322830359528211
2938,2017-09-05,975.4,983.6549759323856,8.254975932385605,-8.254975932385605
2939,2017-09-06,968.32,975.5622074202839,7.242207420283876,-7.242207420283876
2940,2017-09-07,974.0,968.3547070067557,-5.645292993244311,5.645292993244311
2941,2017-09-08,979.1,973.5300045488102,-5.569995451189811,5.569995451189811
2942,2017-09-11,974.46,978.6928517832555,4.232851783255455,-4.232851783255455
2943,2017-09-12,983.27,974.4387924408813,-8.831207559118639,8.831207559118639
2944,2017-09-13,983.97,982.6842550007722,-1.285744999227859,1.285744999227859
2945,2017-09-14,996.8,983.7503346323499,-13.04966536765005,13.04966536765005
2946,2017-09-15,993.01,996.0744203209498,3.0644203209498073,-3.0644203209498073
2947,2017-09-18,990.4,992.9878967128917,2.587896712891734,-2.587896712891734
2948,2017-09-19,977.25,990.2796649290206,13.029664929020555,-13.029664929020555
2949,2017-09-20,971.79,977.5435282126527,5.753528212652782,-5.753528212652782
2950,2017-09-21,971.31,971.7416400835274,0.43164008352744077,-0.43164008352744077
2951,2017-09-22,961.01,971.0831318553506,10.073131855350653,-10.073131855350653
2952,2017-09-25,949.31,961.1825763596607,11.872576359660798,-11.872576359660798
2953,2017-09-26,945.49,949.5004956039115,4.010495603911522,-4.010495603911522
2954,2017-09-27,948.0,945.3592928799247,-2.6407071200752625,2.6407071200752625
2955,2017-09-28,951.86,947.6401365249586,-4.219863475041393,4.219863475041393
2956,2017-09-29,960.11,951.4664552856024,-8.643544714397649,8.643544714397649
2957,2017-10-02,964.0,959.5480701142121,-4.451929885787877,4.451929885787877
2958,2017-10-03,958.0,963.6287996002077,5.628799600207685,-5.628799600207685
2959,2017-10-04,954.21,958.0065470328533,3.7965470328532547,-3.7965470328532547
2960,2017-10-05,970.0,954.096313404263,-15.903686595736986,15.903686595736986
2961,2017-10-06,975.64,969.1127607633439,-6.527239236656101,6.527239236656101
2962,2017-10-09,993.24,975.2243445587937,-18.015655441206263,18.015655441206263
2963,2017-10-10,996.67,992.3234219427515,-4.346578057248507,4.346578057248507
2964,2017-10-11,991.27,996.3641079873458,5.094107987345865,-5.094107987345865
2965,2017-10-12,996.81,991.2675929070009,-5.542407092999042,5.542407092999042
2966,2017-10-13,1007.0,996.3470899658208,-10.652910034179172,10.652910034179172
2967,2017-10-16,1008.44,1006.3896807363445,-2.050319263655524,2.050319263655524
2968,2017-10-17,1005.59,1008.1950506139784,2.605050613978392,-2.605050613978392
2969,2017-10-18,1009.27,1005.4869112453781,-3.783088754621872,3.783088754621872
2970,2017-10-19,990.0,1008.8952236941204,18.895223694120432,-18.895223694120432
2971,2017-10-20,993.53,990.5402017408293,-2.9897982591706977,2.9897982591706977
2972,2017-10-23,986.73,993.0992212402666,6.369221240266597,-6.369221240266597
2973,2017-10-24,969.0,986.7749547201987,17.774954720198707,-17.774954720198707
2974,2017-10-25,978.0,969.4322651228831,-8.56773487711689,8.56773487711689
2975,2017-10-26,980.33,977.3410495714484,-2.988950428551675,2.988950428551675
2976,2017-10-27,1058.14,980.0208552927859,-78.11914470721422,78.11914470721422
2977,2017-10-30,1095.01,1054.7383432939669,-40.27165670603313,40.27165670603313
2978,2017-10-31,1109.0,1093.6994287722798,-15.300571227720184,15.300571227720184
2979,2017-11-01,1105.4,1108.4669991284536,3.066999128453517,-3.066999128453517
2980,2017-11-02,1097.81,1105.4383889972469,7.62838899724693,-7.62838899724693
2981,2017-11-03,1091.15,1097.9215152388824,6.77151523888233,-6.77151523888233
2982,2017-11-06,1109.15,1091.203321239562,-17.94667876043809,17.94667876043809
2983,2017-11-07,1124.74,1108.2777356041393,-16.462264395860757,16.462264395860757
2984,2017-11-08,1122.82,1124.0731861062663,1.253186106266412,-1.253186106266412
2985,2017-11-09,1125.96,1122.809059202806,-3.1509407971939254,3.1509407971939254
2986,2017-11-10,1126.1,1125.691099235236,-0.4089007647639846,0.4089007647639846
2987,2017-11-13,1123.0,1125.9637462214462,2.963746221446172,-2.963746221446172
2988,2017-11-14,1130.11,1122.9710614549074,-7.138938545092515,7.138938545092515
2989,2017-11-15,1127.01,1129.6853272593862,2.675327259386222,-2.675327259386222
2990,2017-11-16,1130.16,1127.0094163988558,-3.1505836011442625,3.1505836011442625
2991,2017-11-17,1138.28,1129.8842152235807,-8.395784776419305,8.395784776419305
2992,2017-11-20,1129.77,1137.8451273183036,8.075127318303657,-8.075127318303657
2993,2017-11-21,1132.86,1129.9771074340335,-2.8828925659663582,2.8828925659663582
2994,2017-11-22,1141.0,1132.5647905687915,-8.435209431208477,8.435209431208477
2995,2017-11-24,1160.7,1140.5628596409879,-20.137140359012164,20.137140359012164
2996,2017-11-27,1202.66,1159.8570740592384,-42.802925940761725,42.802925940761725
2997,2017-11-28,1204.88,1201.0560179912943,-3.823982008705798,3.823982008705798
2998,2017-11-29,1194.8,1204.8910000553797,10.091000055379709,-10.091000055379709
2999,2017-11-30,1167.1,1195.0974734824974,27.997473482497526,-27.997473482497526
3000,2017-12-01,1172.05,1167.969767550726,-4.080232449274035,4.080232449274035
3001,2017-12-04,1173.85,1171.643021153453,-2.2069788465469173,2.2069788465469173
3002,2017-12-05,1128.26,1173.6857476595203,45.42574765952031,-45.42574765952031
3003,2017-12-06,1137.99,1129.7849400716173,-8.205059928382752,8.205059928382752
3004,2017-12-07,1156.59,1137.30083276625,-19.289167233749822,19.289167233749822
3005,2017-12-08,1170.4,1155.7806127965011,-14.619387203498945,14.619387203498945
3006,2017-12-11,1164.6,1169.8185239392512,5.218523939251327,-5.218523939251327
3007,2017-12-12,1166.51,1164.7326217885443,-1.777378211455698,1.777378211455698
3008,2017-12-13,1170.0,1166.287860617214,-3.712139382786063,3.712139382786063
3009,2017-12-14,1163.71,1169.746552628534,6.036552628533855,-6.036552628533855
3010,2017-12-15,1179.03,1163.8215472071452,-15.208452792854814,15.208452792854814
3011,2017-12-18,1187.37,1178.3062725525363,-9.063727447463634,9.063727447463634
3012,2017-12-19,1189.15,1186.992591859538,-2.1574081404621666,2.1574081404621666
3013,2017-12-20,1190.5,1188.9968294460728,-1.503170553927248,1.503170553927248
3014,2017-12-21,1175.9,1190.3408667035208,14.440866703520669,-14.440866703520669
3015,2017-12-22,1172.08,1176.319429418815,4.239429418815007,-4.239429418815007
3016,2017-12-26,1168.36,1172.039014336131,3.679014336131104,-3.679014336131104
3017,2017-12-27,1179.91,1168.3461796370748,-11.563820362925298,11.563820362925298
3018,2017-12-28,1189.0,1179.3310810042246,-9.668918995775357,9.668918995775357
3019,2017-12-29,1182.35,1188.5741884613885,6.224188461388621,-6.224188461388621
