step,timestamp,y,forecast,score_lower,score_upper,q_lower,q_upper,alpha_lower,alpha_upper,lower_tail_covered,upper_tail_covered,lower_bound,upper_bound,width,covered,miss
0,2006-01-03,47.47,1.0,-46.47,46.47,inf,inf,0.05,0.05,True,True,-inf,inf,inf,True,0
1,2006-01-04,47.48,1.0,-46.48,46.48,inf,inf,0.05,0.05,True,True,-inf,inf,inf,True,0
2,2006-01-05,47.16,1.0,-46.16,46.16,inf,inf,0.05,0.05,True,True,-inf,inf,inf,True,0
3,2006-01-06,47.97,1.0,-46.97,46.97,inf,inf,0.05,0.05,True,True,-inf,inf,inf,True,0
4,2006-01-09,46.55,1.0,-45.55,45.55,inf,inf,0.05,0.05,True,True,-inf,inf,inf,True,0
5,2006-01-10,46.41,1.0,-45.41,45.41,inf,inf,0.05,0.05,True,True,-inf,inf,inf,True,0
6,2006-01-11,45.65,1.0,-44.65,44.65,inf,inf,0.05,0.05,True,True,-inf,inf,inf,True,0
7,2006-01-12,44.79,1.0,-43.79,43.79,inf,inf,0.05,0.05,True,True,-inf,inf,inf,True,0
8,2006-01-13,44.48,1.0,-43.48,43.48,inf,inf,0.05,0.05,True,True,-inf,inf,inf,True,0
9,2006-01-17,43.95,1.0,-42.95,42.95,inf,inf,0.05,0.05,True,True,-inf,inf,inf,True,0
10,2006-01-18,43.19,1.0,-42.19,42.19,inf,inf,0.05,0.05,True,True,-inf,inf,inf,True,0
11,2006-01-19,44.5,1.0,-43.5,43.5,inf,inf,0.05,0.05,True,True,-inf,inf,inf,True,0
12,2006-01-20,44.23,1.0,-43.23,43.23,inf,inf,0.05,0.05,True,True,-inf,inf,inf,True,0
13,2006-01-23,44.18,1.0,-43.18,43.18,inf,inf,0.05,0.05,True,True,-inf,inf,inf,True,0
14,2006-01-24,43.66,1.0,-42.66,42.66,inf,inf,0.05,0.05,True,True,-inf,inf,inf,True,0
15,2006-01-25,44.05,1.0,-43.05,43.05,inf,inf,0.05,0.05,True,True,-inf,inf,inf,True,0
16,2006-01-26,43.95,1.0,-42.95,42.95,inf,inf,0.05,0.05,True,True,-inf,inf,inf,True,0
17,2006-01-27,44.55,1.0,-43.55,43.55,inf,inf,0.05,0.05,True,True,-inf,inf,inf,True,0
18,2006-01-30,45.41,1.0,-44.41,44.41,inf,inf,0.05,0.05,True,True,-inf,inf,inf,True,0
19,2006-01-31,44.76,1.0,-43.76,43.76,inf,inf,0.05,0.05,True,True,-inf,inf,inf,True,0
20,2006-02-01,43.92,1.0,-42.92,42.92,inf,inf,0.05,0.05,True,True,-inf,inf,inf,True,0
21,2006-02-02,43.84,1.0,-42.84,42.84,-42.66,46.48,0.05,0.05,True,True,43.66,47.48,3.8200000000000003,True,0
22,2006-02-03,37.7,1.0,-36.7,36.7,-42.669,46.479499999999994,0.05,0.05,False,True,43.669,47.479499999999994,3.8104999999999976,False,1
23,2006-02-06,38.34,1.0,-37.34,37.34,-42.236999999999995,46.479,0.05,0.05,False,True,43.236999999999995,47.479,4.242000000000004,False,1
24,2006-02-07,38.08,1.0,-37.08,37.08,-38.06750000000001,46.4785,0.05,0.05,False,True,39.06750000000001,47.4785,8.410999999999987,False,1
25,2006-02-08,37.7,1.0,-36.7,36.7,-37.132,46.477999999999994,0.05,0.05,False,True,38.132,47.477999999999994,9.345999999999997,False,1
26,2006-02-09,38.61,1.0,-37.61,37.61,-36.795,46.4775,0.05,0.05,True,True,37.795,47.4775,9.682499999999997,True,0
27,2006-02-10,37.98,1.0,-36.98,36.98,-36.814,46.477,0.05,0.05,True,True,37.814,47.477,9.662999999999997,True,0
28,2006-02-13,38.25,1.0,-37.25,37.25,-36.798,46.476499999999994,0.05,0.05,True,True,37.798,47.476499999999994,9.678499999999993,True,0
29,2006-02-14,38.04,1.0,-37.04,37.04,-36.812,46.476,0.05,0.05,True,True,37.812,47.476,9.664000000000001,True,0
30,2006-02-15,38.24,38.41325158199922,0.1732515819992173,-0.1732515819992173,-36.826,46.4755,0.05,0.05,False,True,75.23925158199921,84.88875158199922,9.649500000000003,False,1
31,2006-02-16,39.37,38.4783940862664,-0.8916059137335992,0.8916059137335992,-36.7,46.474999999999994,0.05,0.05,False,True,75.1783940862664,84.9533940862664,9.775000000000006,False,1
32,2006-02-17,38.93,39.63605891896633,0.7060589189663276,-0.7060589189663276,-20.586222661180148,46.4745,0.05,0.05,False,True,60.22228158014647,86.11055891896632,25.888277338819847,False,1
33,2006-02-21,39.01,39.40671010288421,0.3967101028842137,-0.3967101028842137,-0.4656629154404741,46.474,0.05,0.05,False,True,39.87237301832469,85.88071010288421,46.00833708455952,False,1
34,2006-02-22,38.31,39.1658330509893,0.8558330509892969,-0.8558330509892969,0.25146206430896556,46.4735,0.05,0.05,False,True,38.91437098668033,85.63933305098931,46.724962064308976,False,1
35,2006-02-23,38.62,38.60097568705054,-0.019024312949454725,0.019024312949454725,0.48951474770884695,46.473,0.05,0.05,True,True,38.1114609393417,85.07397568705053,46.96251474770884,True,0
36,2006-02-24,38.25,38.699826987387354,0.44982698738735394,-0.44982698738735394,0.47404730690474217,46.4725,0.05,0.05,True,True,38.22577968048261,85.17232698738735,46.94654730690474,True,0
37,2006-02-27,38.4,38.54064306953705,0.14064306953704886,-0.14064306953704886,0.5010733737031475,46.472,0.05,0.05,True,True,38.0395696958339,85.01264306953705,46.97307337370315,True,0
38,2006-02-28,37.79,38.52578044853799,0.7357804485379944,-0.7357804485379944,0.4882617771241996,46.4715,0.05,0.05,False,True,38.03751867141379,84.99728044853799,46.9597617771242,False,1
39,2006-03-01,37.45,38.05820505702436,0.6082050570243567,-0.6082050570243567,0.7090310719234942,46.471,0.05,0.05,True,True,37.34917398510086,84.52920505702436,47.180031071923494,True,0
40,2006-03-02,35.64,37.56268180081046,1.9226818008104587,-1.9226818008104587,0.7075449954449108,46.4705,0.05,0.05,False,True,36.85513680536555,84.03318180081047,47.17804499544492,False,1
41,2006-03-03,36.89,35.88084949876878,-1.0091505012312183,1.0091505012312183,0.7357804485379944,46.47,0.05,0.05,True,True,35.14506905023079,82.35084949876878,47.20578044853799,True,0
42,2006-03-06,37.32,36.621909902820796,-0.6980900971792039,0.6980900971792039,0.734294372059411,46.454499999999996,0.05,0.05,True,True,35.88761553076139,83.07640990282079,47.1887943720594,True,0
43,2006-03-07,36.71,37.671239303273495,0.9612393032734943,-0.9612393032734943,0.7328082955808277,46.439,0.05,0.05,False,True,36.93843100769267,84.11023930327349,47.17180829558082,False,1
44,2006-03-08,36.72,36.987953316213456,0.2679533162134575,-0.2679533162134575,0.8378251606216016,46.4235,0.05,0.05,True,True,36.15012815559186,83.41145331621345,47.261325160621595,True,0
45,2006-03-09,36.8,36.80084817152182,0.0008481715218238151,-0.0008481715218238151,0.831822530499036,46.407999999999994,0.05,0.05,True,True,35.96902564102278,83.20884817152182,47.23982253049904,True,0
46,2006-03-10,36.24,36.94303628270688,0.7030362827068757,-0.7030362827068757,0.8258199003764712,46.3925,0.05,0.05,True,True,36.117216382330405,83.33553628270687,47.218319900376464,True,0
47,2006-03-13,36.31,36.45017725873504,0.1401772587350365,-0.1401772587350365,0.8198172702539056,46.376999999999995,0.05,0.05,True,True,35.63035998848113,82.82717725873503,47.1968172702539,True,0
48,2006-03-14,36.04,36.37427076486977,0.33427076486977114,-0.33427076486977114,0.8138146401313409,46.3615,0.05,0.05,True,True,35.56045612473843,82.73577076486977,47.17531464013134,True,0
49,2006-03-15,36.95,36.20850946770649,-0.7414905322935113,0.7414905322935113,0.8078120100087752,46.346,0.05,0.05,True,True,35.40069745769772,82.55450946770648,47.153812010008764,True,0
50,2006-03-16,37.08,36.94918796305458,-0.13081203694542154,0.13081203694542154,0.8018093798862104,46.330499999999994,0.05,0.05,True,True,36.14737858316837,83.27968796305457,47.1323093798862,True,0
51,2006-03-17,36.88,37.30713026067453,0.42713026067453086,-0.42713026067453086,0.7958067497636456,46.315,0.05,0.05,True,True,36.511323510910884,83.62213026067454,47.110806749763654,True,0
52,2006-03-20,35.92,37.03716698169513,1.117166981695128,-1.117166981695128,0.78980411964108,46.299499999999995,0.05,0.05,False,True,36.24736286205405,83.33666698169512,47.08930411964107,False,1
53,2006-03-21,36.33,36.1201032923631,-0.20989670763690071,0.20989670763690071,0.8979955519029756,46.284,0.05,0.05,True,True,35.222107740460125,82.40410329236309,47.181995551902965,True,0
54,2006-03-22,36.0,36.29757538918925,0.2975753891892481,-0.2975753891892481,0.8927252392887653,46.268499999999996,0.05,0.05,True,True,35.40485014990048,82.56607538918925,47.16122523928877,True,0
55,2006-03-23,35.96,36.19647313704774,0.23647313704773865,-0.23647313704773865,0.8874549266745557,46.25299999999999,0.05,0.05,True,True,35.30901821037318,82.44947313704773,47.14045492667455,True,0
56,2006-03-24,35.72,36.03773742653546,0.31773742653545867,-0.31773742653545867,0.8821846140603462,46.2375,0.05,0.05,True,True,35.15555281247511,82.27523742653545,47.11968461406035,True,0
57,2006-03-27,35.5,35.84879365032934,0.3487936503293412,-0.3487936503293412,0.8769143014461359,46.221999999999994,0.05,0.05,True,True,34.971879348883206,82.07079365032934,47.09891430144613,True,0
58,2006-03-28,35.21,35.60092043904647,0.390920439046468,-0.390920439046468,0.8716439888319263,46.2065,0.05,0.05,True,True,34.72927645021454,81.80742043904647,47.078143988831926,True,0
59,2006-03-29,35.69,35.31713515249522,-0.3728648475047791,0.3728648475047791,0.866373676217716,46.190999999999995,0.05,0.05,True,True,34.4507614762775,81.50813515249521,47.057373676217715,True,0
60,2006-03-30,36.45,35.700410301478186,-0.7495896985218167,0.7495896985218167,0.8611033636035064,46.17549999999999,0.05,0.05,True,True,34.83930693787468,81.87591030147817,47.03660336360349,True,0
61,2006-03-31,36.68,36.52111224716598,-0.15888775283401912,0.15888775283401912,0.8558330509892969,46.16,0.05,0.05,True,True,35.665279196176684,82.68111224716597,47.015833050989286,True,0
62,2006-04-03,36.67,36.83729451415845,0.1672945141584492,-0.1672945141584492,0.8498304208667312,46.12949999999999,0.05,0.05,True,True,35.98746409329172,82.96679451415844,46.97933042086672,True,0
63,2006-04-04,36.14,36.78736237403666,0.6473623740366605,-0.6473623740366605,0.8438277907441665,46.099,0.05,0.05,True,True,35.9435345832925,82.88636237403665,46.942827790744154,True,0
64,2006-04-05,36.66,36.285072605776854,-0.3749273942231426,0.3749273942231426,0.8378251606216008,46.06849999999999,0.05,0.05,True,True,35.447247445155256,82.35357260577685,46.90632516062159,True,0
65,2006-04-06,37.2,36.63545331112288,-0.5645466888771224,0.5645466888771224,0.831822530499036,46.038,0.05,0.05,True,True,35.80363078062384,82.67345331112287,46.86982253049903,True,0
66,2006-04-07,38.55,37.28137253559436,-1.2686274644056397,1.2686274644056397,0.8258199003764712,46.00749999999999,0.05,0.05,True,True,36.455552635217884,83.28887253559435,46.833319900376466,True,0
67,2006-04-10,37.16,38.571366770963415,1.4113667709634186,-1.4113667709634186,0.8198172702539056,45.977,0.05,0.05,False,True,37.75154950070951,84.54836677096341,46.796817270253904,False,1
68,2006-04-11,36.61,37.53878687465152,0.9287868746515215,-0.9287868746515215,0.924347114974025,45.94649999999999,0.05,0.05,False,True,36.614439759677495,83.4852868746515,46.87084711497401,False,1
69,2006-04-12,35.91,36.64987237487255,0.7398723748725544,-0.7398723748725544,0.948258331824705,45.916,0.05,0.05,True,True,35.70161404304785,82.56587237487255,46.86425833182471,True,0
70,2006-04-13,35.95,36.01595874936027,0.06595874936027002,-0.06595874936027002,0.9466357103936065,45.88549999999999,0.05,0.05,True,True,35.069323038966665,81.90145874936027,46.83213571039361,True,0
71,2006-04-17,36.47,35.96992038222933,-0.5000796177706661,0.5000796177706661,0.9450130889625079,45.855,0.05,0.05,True,True,35.02490729326682,81.82492038222932,46.8000130889625,True,0
72,2006-04-18,35.39,36.51189003088416,1.1218900308841597,-1.1218900308841597,0.9433904675314093,45.8245,0.05,0.05,False,True,35.56849956335275,82.33639003088416,46.76789046753141,False,1
73,2006-04-19,36.12,35.6353654146277,-0.484634585372298,0.484634585372298,1.0236103746421463,45.79399999999999,0.05,0.05,True,True,34.61175503998555,81.42936541462768,46.81761037464213,True,0
74,2006-04-20,36.7,36.02280445922612,-0.6771955407738801,0.6771955407738801,1.0158139907210653,45.76349999999999,0.05,0.05,True,True,35.00699046850506,81.78630445922612,46.77931399072106,True,0
75,2006-04-21,36.62,36.77913283853928,0.15913283853928561,-0.15913283853928561,1.008017606799984,45.733,0.05,0.05,True,True,35.7711152317393,82.51213283853929,46.741017606799986,True,0
76,2006-04-24,36.12,36.75304547161565,0.6330454716156524,-0.6330454716156524,1.0002212228789027,45.7025,0.05,0.05,True,True,35.752824248736744,82.45554547161565,46.70272122287891,True,0
77,2006-04-25,35.59,36.249000469353255,0.6590004693532521,-0.6590004693532521,0.9924248389578214,45.672,0.05,0.05,True,True,35.25657563039543,81.92100046935326,46.66442483895783,True,0
78,2006-04-26,35.34,35.69209390188234,0.35209390188233414,-0.35209390188233414,0.984628455036738,45.64149999999999,0.05,0.05,True,True,34.707465446845596,81.33359390188232,46.62612845503673,True,0
79,2006-04-27,35.5,35.40708458811624,-0.09291541188375874,0.09291541188375874,0.9768320711156567,45.611,0.05,0.05,True,True,34.43025251700058,81.01808458811624,46.587832071115656,True,0
80,2006-04-28,35.77,35.543499011202286,-0.22650098879771718,0.22650098879771718,0.9690356871945756,45.580499999999994,0.05,0.05,True,True,34.57446332400771,81.12399901120227,46.54953568719456,True,0
81,2006-05-01,35.19,35.8322809977151,0.6422809977151047,-0.6422809977151047,0.9612393032734943,45.55,0.05,0.05,True,True,34.87104169444161,81.3822809977151,46.51123930327349,True,0
82,2006-05-02,34.64,35.34578427570186,0.7057842757018591,-0.7057842757018591,0.9596166818423957,45.543,0.05,0.05,True,True,34.38616759385946,80.88878427570185,46.50261668184239,True,0
83,2006-05-03,34.29,34.73457213666613,0.4445721366661317,-0.4445721366661317,0.9579940604112968,45.535999999999994,0.05,0.05,True,True,33.776578076254836,80.27057213666612,46.49399406041128,True,0
84,2006-05-04,34.62,34.36544376773439,-0.25455623226560675,0.25455623226560675,0.9563714389801982,45.528999999999996,0.05,0.05,True,True,33.40907232875419,79.89444376773439,46.485371438980195,True,0
85,2006-05-05,34.64,34.638612704461515,-0.001387295538485489,0.001387295538485489,0.9547488175490997,45.522,0.05,0.05,True,True,33.68386388691241,80.16061270446151,46.4767488175491,True,0
86,2006-05-08,34.99,34.73339679140576,-0.25660320859424246,0.25660320859424246,0.9531261961180011,45.515,0.05,0.05,True,True,33.78027059528776,80.24839679140575,46.46812619611799,True,0
87,2006-05-09,34.42,35.02969801917967,0.6096980191796675,-0.6096980191796675,0.9515035746869025,45.507999999999996,0.05,0.05,True,True,34.078194444492766,80.53769801917966,46.45950357468689,True,0
88,2006-05-10,34.68,34.57080965437498,-0.1091903456250165,0.1091903456250165,0.9498809532558036,45.501,0.05,0.05,True,True,33.620928701119176,80.07180965437499,46.45088095325581,True,0
89,2006-05-11,34.12,34.68347957423927,0.563479574239274,-0.563479574239274,0.948258331824705,45.49399999999999,0.05,0.05,True,True,33.73522124241457,80.17747957423927,46.4422583318247,True,0
90,2006-05-12,33.56,34.26506724934898,0.7050672493489785,-0.7050672493489785,0.9466357103936065,45.486999999999995,0.05,0.05,True,True,33.31843153895537,79.75206724934898,46.43363571039361,True,0
91,2006-05-15,32.55,33.64296599246585,1.0929659924658495,-1.0929659924658495,0.9450130889625079,45.48,0.05,0.05,False,True,32.697952903503335,79.12296599246585,46.425013088962515,False,1
92,2006-05-16,32.84,32.65729720302995,-0.1827027969700552,0.1827027969700552,1.0205163134100546,45.473,0.05,0.05,True,True,31.636780889619892,78.13029720302995,46.49351631341006,True,0
93,2006-05-17,32.45,32.7982072613131,0.34820726131309954,-0.34820726131309954,1.0139299789504352,45.465999999999994,0.05,0.05,True,True,31.784277282362666,78.26420726131309,46.47992997895042,True,0
94,2006-05-18,31.71,32.57225323200624,0.862253232006239,-0.862253232006239,1.007343644490818,45.458999999999996,0.05,0.05,True,True,31.564909587515423,78.03125323200624,46.46634364449081,True,0
95,2006-05-19,32.66,31.80180926420809,-0.8581907357919079,0.8581907357919079,1.0007573100312004,45.452,0.05,0.05,True,True,30.801051954176888,77.25380926420809,46.4527573100312,True,0
96,2006-05-22,33.96,32.56906172466342,-1.3909382753365804,1.3909382753365804,0.9941709755715831,45.44499999999999,0.05,0.05,True,True,31.574890749091836,78.0140617246634,46.43917097557157,True,0
97,2006-05-23,35.0,33.989811905924995,-1.010188094075005,1.010188094075005,0.9875846411119638,45.437999999999995,0.05,0.05,True,True,33.00222726481303,79.42781190592498,46.42558464111195,True,0
98,2006-05-24,33.41,35.13601490055353,1.7260149005535368,-1.7260149005535368,0.9809983066523464,45.431,0.05,0.05,False,True,34.15501659390119,80.56701490055353,46.41199830665234,False,1
99,2006-05-25,35.36,33.6406877834316,-1.7193122165683974,1.7193122165683974,1.0953860913887772,45.42399999999999,0.05,0.05,True,True,32.54530169204283,79.0646877834316,46.51938609138877,True,0
100,2006-05-26,35.66,35.07913105455782,-0.5808689454421767,0.5808689454421767,1.0941760419273132,45.416999999999994,0.05,0.05,True,True,33.98495501263051,80.49613105455782,46.511176041927314,True,0
101,2006-05-30,35.73,35.81587679006547,0.08587679006546978,-0.08587679006546978,1.0929659924658495,45.41,0.05,0.05,True,True,34.72291079759962,81.22587679006546,46.50296599246584,True,0
102,2006-05-31,34.74,35.79989291218529,1.0598929121852905,-1.0598929121852905,1.0929659924658495,45.41,0.050005,0.050005,True,True,34.70692691971944,81.2098929121853,46.50296599246585,True,0
103,2006-06-01,34.62,34.91404725242171,0.2940472524217128,-0.2940472524217128,1.0929659924658495,45.41,0.05001,0.05001,True,True,33.82108125995586,80.3240472524217,46.502965992465846,True,0
104,2006-06-02,34.68,34.65321174226028,-0.02678825773971738,0.02678825773971738,1.0929659924658495,45.41,0.050015,0.050015,True,True,33.56024574979443,80.06321174226028,46.502965992465846,True,0
105,2006-06-05,34.46,34.73302657361969,0.2730265736196884,-0.2730265736196884,1.0929659924658495,45.41,0.050019999999999995,0.050019999999999995,True,True,33.64006058115384,80.1430265736197,46.50296599246585,True,0
106,2006-06-06,33.58,34.5499136312409,0.9699136312408996,-0.9699136312408996,1.0929659924658495,45.41,0.05002499999999999,0.05002499999999999,True,True,33.45694763877505,79.9599136312409,46.502965992465846,True,0
107,2006-06-07,33.4,33.72466139377225,0.3246613937722529,-0.3246613937722529,1.0929659924658495,45.41,0.05002999999999999,0.05002999999999999,True,True,32.6316954013064,79.13466139377225,46.502965992465846,True,0
108,2006-06-08,33.55,33.44289360104929,-0.10710639895070528,0.10710639895070528,1.0929659924658495,45.41,0.05003499999999999,0.05003499999999999,True,True,32.34992760858344,78.85289360104929,46.502965992465846,True,0
109,2006-06-09,33.5,33.59113932253861,0.09113932253860924,-0.09113932253860924,1.0929659924658495,45.41,0.05003999999999999,0.05003999999999999,True,True,32.49817333007276,79.0011393225386,46.502965992465846,True,0
110,2006-06-12,34.0,33.57449655896196,-0.42550344103803894,0.42550344103803894,1.0929659924658495,45.41,0.050044999999999985,0.050044999999999985,True,True,32.48153056649611,78.98449655896195,46.50296599246584,True,0
111,2006-06-13,33.49,34.010460235715556,0.5204602357155537,-0.5204602357155537,1.0929659924658495,45.41,0.05004999999999998,0.05004999999999998,True,True,32.917494243249706,79.42046023571555,46.502965992465846,True,0
112,2006-06-14,33.5,33.62609101252737,0.1260910125273682,-0.1260910125273682,1.0929659924658495,45.41,0.05005499999999998,0.05005499999999998,True,True,32.53312502006152,79.03609101252736,46.502965992465846,True,0
113,2006-06-15,33.84,33.53703134017222,-0.3029686598277834,0.3029686598277834,1.0929659924658495,45.41,0.05005999999999998,0.05005999999999998,True,True,32.44406534770637,78.94703134017222,46.502965992465846,True,0
114,2006-06-16,34.88,33.86495008019631,-1.015049919803694,1.015049919803694,1.0929659924658495,45.41,0.05006499999999998,0.05006499999999998,True,True,32.77198408773046,79.2749500801963,46.502965992465846,True,0
115,2006-06-19,35.2,34.8536503697342,-0.3463496302658058,0.3463496302658058,1.0929659924658495,45.41,0.050069999999999976,0.050069999999999976,True,True,33.76068437726835,80.2636503697342,46.502965992465846,True,0
116,2006-06-20,35.01,35.271414373217816,0.2614143732178178,-0.2614143732178178,1.0929659924658495,45.41,0.050074999999999974,0.050074999999999974,True,True,34.178448380751966,80.68141437321782,46.50296599246585,True,0
117,2006-06-21,35.34,35.09656991836152,-0.24343008163848623,0.24343008163848623,1.0929659924658495,45.41,0.05007999999999997,0.05007999999999997,True,True,34.00360392589567,80.50656991836152,46.50296599246585,True,0
118,2006-06-22,36.55,35.355092872806686,-1.1949071271933107,1.1949071271933107,1.0929659924658495,45.41,0.05008499999999997,0.05008499999999997,True,True,34.26212688034084,80.76509287280669,46.50296599246585,True,0
119,2006-06-23,36.46,36.50517892236388,0.04517892236388121,-0.04517892236388121,1.0929659924658495,45.41,0.05008999999999997,0.05008999999999997,True,True,35.41221292989803,81.91517892236388,46.502965992465846,True,0
120,2006-06-26,36.55,36.56523411359629,0.015234113596292786,-0.015234113596292786,1.0929659924658495,45.41,0.050094999999999966,0.050094999999999966,True,True,35.47226812113044,81.97523411359629,46.502965992465846,True,0
121,2006-06-27,36.72,36.5830322580369,-0.13696774196309747,0.13696774196309747,1.0598929121852905,44.65,0.050099999999999964,0.050099999999999964,True,True,35.52313934585161,81.2330322580369,45.70989291218529,True,0
122,2006-06-28,36.7,36.76317471508242,0.06317471508241823,-0.06317471508241823,1.0598929121852905,44.65,0.05010499999999996,0.05010499999999996,True,True,35.70328180289713,81.41317471508242,45.70989291218529,True,0
123,2006-06-29,36.82,36.74885308499364,-0.07114691500635928,0.07114691500635928,1.0598929121852905,44.65,0.05010999999999996,0.05010999999999996,True,True,35.68896017280835,81.39885308499365,45.709892912185296,True,0
124,2006-06-30,38.58,36.849992962893005,-1.7300070371069936,1.7300070371069936,1.0598929121852905,44.65,0.05011499999999996,0.05011499999999996,True,True,35.790100050707714,81.499992962893,45.70989291218529,True,0
125,2006-07-03,38.52,38.45924447957441,-0.06075552042559451,0.06075552042559451,1.0598929121852905,44.65,0.050119999999999956,0.050119999999999956,True,True,37.39935156738912,83.10924447957441,45.709892912185296,True,0
126,2006-07-05,38.28,38.624569621735425,0.34456962173542394,-0.34456962173542394,1.0598929121852905,44.65,0.050124999999999954,0.050124999999999954,True,True,37.564676709550135,83.27456962173542,45.70989291218529,True,0
127,2006-07-06,37.07,38.323561451474085,1.2535614514740843,-1.2535614514740843,1.0598929121852905,44.65,0.05012999999999995,0.05012999999999995,False,True,37.263668539288794,82.97356145147408,45.70989291218529,False,1
128,2006-07-07,36.71,37.19427304883096,0.484273048830957,-0.484273048830957,1.0929659924658495,44.65,0.050034999999999955,0.05013499999999995,True,True,36.10130705636511,81.84427304883096,45.74296599246585,True,0
129,2006-07-10,36.3,36.73256173687569,0.4325617368756909,-0.4325617368756909,1.0929659924658495,44.65,0.05003999999999995,0.05013999999999995,True,True,35.63959574440984,81.38256173687569,45.74296599246585,True,0
130,2006-07-11,35.74,36.35939341484365,0.6193934148436497,-0.6193934148436497,1.0929659924658495,44.65,0.05004499999999995,0.05014499999999995,True,True,35.2664274223778,81.00939341484366,45.742965992465855,True,0
131,2006-07-12,35.6,35.80986844191193,0.20986844191192944,-0.20986844191192944,1.0929659924658495,44.65,0.05004999999999995,0.050149999999999945,True,True,34.71690244944608,80.45986844191194,45.742965992465855,True,0
132,2006-07-13,34.33,35.63524027338917,1.305240273389174,-1.305240273389174,1.0929659924658495,44.65,0.05005499999999995,0.05015499999999994,False,True,34.54227428092332,80.28524027338918,45.742965992465855,False,1
133,2006-07-14,33.51,34.462794903058,0.952794903057999,-0.952794903057999,1.117166981695128,44.65,0.04995999999999995,0.05015999999999994,True,True,33.34562792136287,79.11279490305799,45.76716698169512,True,0
134,2006-07-17,32.79,33.54195957575999,0.7519595757599902,-0.7519595757599902,1.117166981695128,44.65,0.04996499999999995,0.05016499999999994,True,True,32.42479259406486,78.19195957576,45.767166981695134,True,0
135,2006-07-18,33.65,32.82988056506384,-0.82011943493616,0.82011943493616,1.117166981695128,44.65,0.049969999999999945,0.05016999999999994,True,True,31.71271358336871,77.47988056506384,45.76716698169513,True,0
136,2006-07-19,33.5,33.630518476760294,0.13051847676029382,-0.13051847676029382,1.117166981695128,44.65,0.04997499999999994,0.050174999999999935,True,True,32.513351495065166,78.28051847676029,45.76716698169513,True,0
137,2006-07-20,34.39,33.631340754339256,-0.7586592456607448,0.7586592456607448,1.117166981695128,44.65,0.04997999999999994,0.05017999999999993,True,True,32.51417377264413,78.28134075433925,45.76716698169513,True,0
138,2006-07-21,33.85,34.399949060042445,0.5499490600424437,-0.5499490600424437,1.117166981695128,44.65,0.04998499999999994,0.05018499999999993,True,True,33.28278207834732,79.04994906004245,45.767166981695134,True,0
139,2006-07-24,33.35,34.0115889875218,0.661588987521796,-0.661588987521796,1.117166981695128,44.65,0.04998999999999994,0.05018999999999993,True,True,32.89442200582667,78.6615889875218,45.76716698169513,True,0
140,2006-07-25,34.0,33.40604869751714,-0.5939513024828571,0.5939513024828571,1.117166981695128,44.65,0.049994999999999935,0.05019499999999993,True,True,32.288881715822015,78.05604869751714,45.76716698169513,True,0
141,2006-07-26,28.76,33.99535339483858,5.2353533948385795,-5.2353533948385795,1.0929659924658495,44.41,0.04999999999999993,0.050199999999999925,False,True,32.90238740237273,78.40535339483858,45.50296599246585,False,1
142,2006-07-27,26.45,29.391374614560583,2.9413746145605835,-2.9413746145605835,1.117166981695128,44.41,0.049904999999999936,0.05020499999999992,False,True,28.274207632865455,73.80137461456059,45.52716698169513,False,1
143,2006-07-28,26.8,26.006529442666203,-0.7934705573337979,0.7934705573337979,1.1218900308841597,44.41,0.04980999999999994,0.05020999999999992,True,True,24.884639411782043,70.4165294426662,45.531890030884156,True,0
144,2006-07-31,27.02,26.83328523545193,-0.18671476454807134,0.18671476454807134,1.1218900308841597,44.41,0.049814999999999936,0.05021499999999992,True,True,25.71139520456777,71.24328523545192,45.531890030884156,True,0
145,2006-08-01,26.55,27.12848398921499,0.5784839892149876,-0.5784839892149876,1.1218900308841597,44.41,0.049819999999999934,0.05021999999999992,True,True,26.00659395833083,71.53848398921498,45.531890030884156,True,0
146,2006-08-02,26.15,26.605435509121452,0.4554355091214539,-0.4554355091214539,1.1218900308841597,44.41,0.04982499999999993,0.050224999999999916,True,True,25.483545478237293,71.01543550912145,45.531890030884156,True,0
147,2006-08-03,26.09,26.18808366017156,0.0980836601715609,-0.0980836601715609,1.1218900308841597,44.41,0.04982999999999993,0.050229999999999914,True,True,25.0661936292874,70.59808366017155,45.531890030884156,True,0
148,2006-08-04,26.94,26.146442737605774,-0.7935572623942271,0.7935572623942271,1.1218900308841597,44.41,0.04983499999999993,0.05023499999999991,True,True,25.024552706721614,70.55644273760578,45.53189003088416,True,0
149,2006-08-07,27.19,27.06648959194053,-0.12351040805947022,0.12351040805947022,1.1218900308841597,44.41,0.049839999999999926,0.05023999999999991,True,True,25.94459956105637,71.47648959194052,45.53189003088415,True,0
150,2006-08-08,26.8,27.43469881150622,0.6346988115062189,-0.6346988115062189,1.1218900308841597,44.41,0.049844999999999924,0.05024499999999991,True,True,26.31280878062206,71.84469881150622,45.531890030884156,True,0
151,2006-08-09,26.54,26.850870270801813,0.3108702708018143,-0.3108702708018143,1.1218900308841597,44.41,0.04984999999999992,0.050249999999999906,True,True,25.728980239917654,71.2608702708018,45.53189003088415,True,0
152,2006-08-10,26.2,26.58803682165518,0.38803682165518083,-0.38803682165518083,1.1218900308841597,44.41,0.04985499999999992,0.050254999999999904,True,True,25.46614679077102,70.99803682165518,45.531890030884156,True,0
153,2006-08-11,26.43,26.240398288425364,-0.18960171157463535,0.18960171157463535,1.1218900308841597,44.41,0.04985999999999992,0.0502599999999999,True,True,25.118508257541205,70.65039828842536,45.531890030884156,True,0
154,2006-08-14,26.22,26.503951335152546,0.28395133515254756,-0.28395133515254756,1.1218900308841597,44.41,0.049864999999999916,0.0502649999999999,True,True,25.382061304268387,70.91395133515255,45.531890030884156,True,0
155,2006-08-15,26.97,26.271589700712255,-0.6984102992877439,0.6984102992877439,1.1218900308841597,44.41,0.049869999999999914,0.0502699999999999,True,True,25.149699669828095,70.68158970071225,45.531890030884156,True,0
156,2006-08-16,27.97,27.180167576992098,-0.7898324230079012,0.7898324230079012,1.1218900308841597,44.41,0.04987499999999991,0.050274999999999896,True,True,26.058277546107938,71.59016757699209,45.53189003088415,True,0
157,2006-08-17,27.96,28.23445638671261,0.2744563867126075,-0.2744563867126075,1.1218900308841597,44.41,0.04987999999999991,0.050279999999999894,True,True,27.11256635582845,72.6444563867126,45.531890030884156,True,0
158,2006-08-18,29.09,28.147064857694925,-0.9429351423050747,0.9429351423050747,1.1218900308841597,44.41,0.04988499999999991,0.05028499999999989,True,True,27.025174826810765,72.55706485769493,45.531890030884156,True,0
159,2006-08-21,28.7,29.245125741575144,0.5451257415751449,-0.5451257415751449,1.1218900308841597,44.41,0.04988999999999991,0.05028999999999989,True,True,28.123235710690984,73.65512574157515,45.53189003088416,True,0
160,2006-08-22,28.14,28.782762987665386,0.6427629876653853,-0.6427629876653853,1.1218900308841597,44.41,0.049894999999999905,0.05029499999999989,True,True,27.660872956781226,73.19276298766539,45.53189003088416,True,0
161,2006-08-23,28.56,28.171295168332932,-0.3887048316670665,0.3887048316670665,1.1218900308841597,43.79,0.0498999999999999,0.050299999999999886,True,True,27.049405137448773,71.96129516833292,44.91189003088415,True,0
162,2006-08-24,28.24,28.647892710039674,0.4078927100396754,-0.4078927100396754,1.117166981695128,43.79,0.0499049999999999,0.050304999999999885,True,True,27.530725728344546,72.43789271003968,44.90716698169513,True,0
163,2006-08-25,27.79,28.299578779054062,0.5095787790540633,-0.5095787790540633,1.117166981695128,43.79,0.0499099999999999,0.05030999999999988,True,True,27.182411797358935,72.08957877905407,44.90716698169513,True,0
164,2006-08-28,28.4,27.916992338826702,-0.4830076611732963,0.4830076611732963,1.117166981695128,43.79,0.0499149999999999,0.05031499999999988,True,True,26.799825357131574,71.7069923388267,44.90716698169512,True,0
165,2006-08-29,28.97,28.49631223022871,-0.47368776977128846,0.47368776977128846,1.117166981695128,43.79,0.049919999999999895,0.05031999999999988,True,True,27.379145248533582,72.2863122302287,44.90716698169512,True,0
166,2006-08-30,29.57,29.08336956798179,-0.48663043201820955,0.48663043201820955,1.117166981695128,43.79,0.04992499999999989,0.05032499999999988,True,True,27.966202586286663,72.8733695679818,44.907166981695134,True,0
167,2006-08-31,30.75,29.68714006364004,-1.0628599363599598,1.0628599363599598,1.117166981695128,43.79,0.04992999999999989,0.050329999999999875,True,True,28.569973081944912,73.47714006364004,44.90716698169513,True,0
168,2006-09-01,30.85,30.918712380915665,0.06871238091566312,-0.06871238091566312,1.117166981695128,43.79,0.04993499999999989,0.05033499999999987,True,True,29.801545399220537,74.70871238091567,44.907166981695134,True,0
169,2006-09-05,31.61,30.95195931206019,-0.6580406879398097,0.6580406879398097,1.117166981695128,43.79,0.04993999999999989,0.05033999999999987,True,True,29.83479233036506,74.74195931206019,44.90716698169513,True,0
170,2006-09-06,31.76,31.731834006148876,-0.028165993851125393,0.028165993851125393,1.117166981695128,43.79,0.049944999999999885,0.05034499999999987,True,True,30.614667024453748,75.52183400614888,44.90716698169513,True,0
171,2006-09-07,30.57,31.85763594814631,1.2876359481463098,-1.2876359481463098,1.117166981695128,43.79,0.04994999999999988,0.05034999999999987,False,True,30.740468966451182,75.6476359481463,44.90716698169512,False,1
172,2006-09-08,30.19,30.561364043574297,0.371364043574296,-0.371364043574296,1.1218900308841597,43.79,0.049854999999999886,0.050354999999999865,True,True,29.439474012690138,74.35136404357429,44.91189003088415,True,0
173,2006-09-11,30.23,30.20858152285174,-0.021418477148259285,0.021418477148259285,1.1218900308841597,43.79,0.049859999999999884,0.05035999999999986,True,True,29.08669149196758,73.99858152285174,44.91189003088415,True,0
174,2006-09-12,30.87,30.292606824256453,-0.5773931757435484,0.5773931757435484,1.1218900308841597,43.79,0.04986499999999988,0.05036499999999986,True,True,29.170716793372293,74.08260682425646,44.911890030884166,True,0
175,2006-09-13,31.73,30.983844092677334,-0.7461559073226667,0.7461559073226667,1.1218900308841597,43.79,0.04986999999999988,0.05036999999999986,True,True,29.861954061793174,74.77384409267734,44.911890030884166,True,0
176,2006-09-14,31.54,31.87228876456662,0.33228876456661993,-0.33228876456661993,1.1218900308841597,43.79,0.04987499999999988,0.05037499999999986,True,True,30.75039873368246,75.66228876456663,44.911890030884166,True,0
177,2006-09-15,31.9,31.60235106876437,-0.29764893123562786,0.29764893123562786,1.1218900308841597,43.79,0.049879999999999876,0.050379999999999855,True,True,30.48046103788021,75.39235106876437,44.91189003088416,True,0
178,2006-09-18,32.44,31.98294952042564,-0.45705047957435596,0.45705047957435596,1.1218900308841597,43.79,0.049884999999999874,0.050384999999999854,True,True,30.861059489541482,75.77294952042564,44.91189003088416,True,0
179,2006-09-19,32.24,32.54403425861738,0.3040342586173779,-0.3040342586173779,1.1218900308841597,43.79,0.04988999999999987,0.05038999999999985,True,True,31.42214422773322,76.33403425861738,44.91189003088416,True,0
180,2006-09-20,31.81,32.29119839168726,0.4811983916872613,-0.4811983916872613,1.1218900308841597,43.76,0.04989499999999987,0.05039499999999985,True,True,31.1693083608031,76.05119839168725,44.88189003088415,True,0
181,2006-09-21,32.24,31.833528257033585,-0.4064717429664171,0.4064717429664171,1.1218900308841597,43.76,0.04989999999999987,0.05039999999999985,True,True,30.711638226149425,75.59352825703358,44.88189003088416,True,0
182,2006-09-22,30.22,32.32151731624129,2.101517316241292,-2.101517316241292,1.117166981695128,43.76,0.049904999999999866,0.050404999999999846,False,True,31.204350334546163,76.08151731624129,44.877166981695126,False,1
183,2006-09-25,31.05,30.16849283075591,-0.8815071692440917,0.8815071692440917,1.1218900308841597,43.76,0.04980999999999987,0.050409999999999844,True,True,29.04660279987175,73.92849283075591,44.881890030884165,True,0
184,2006-09-26,31.89,31.102013231452965,-0.7879867685470359,0.7879867685470359,1.1218900308841597,43.76,0.049814999999999866,0.05041499999999984,True,True,29.980123200568805,74.86201323145296,44.88189003088416,True,0
185,2006-09-27,32.28,32.0085266427174,-0.271473357282602,0.271473357282602,1.1218900308841597,43.76,0.049819999999999864,0.05041999999999984,True,True,30.88663661183324,75.7685266427174,44.881890030884165,True,0
186,2006-09-28,32.27,32.3724245247538,0.10242452475379338,-0.10242452475379338,1.1218900308841597,43.76,0.04982499999999986,0.05042499999999984,True,True,31.250534493869637,76.13242452475379,44.88189003088415,True,0
187,2006-09-29,32.01,32.33050155533755,0.3205015553375503,-0.3205015553375503,1.1218900308841597,43.76,0.04982999999999986,0.050429999999999836,True,True,31.20861152445339,76.09050155533754,44.88189003088415,True,0
188,2006-10-02,31.98,32.05136079688728,0.07136079688728003,-0.07136079688728003,1.1218900308841597,43.76,0.04983499999999986,0.050434999999999834,True,True,30.92947076600312,75.81136079688727,44.88189003088415,True,0
189,2006-10-03,30.9,32.03104975458249,1.1310497545824916,-1.1310497545824916,1.1218900308841597,43.76,0.04983999999999986,0.05043999999999983,False,True,30.90915972369833,75.79104975458249,44.88189003088416,False,1
190,2006-10-04,31.75,30.900327429247024,-0.8496725707529755,0.8496725707529755,1.1310497545824916,43.76,0.04974499999999986,0.05044499999999983,True,True,29.769277674664533,74.66032742924702,44.89104975458248,True,0
191,2006-10-05,32.68,31.83370691404741,-0.8462930859525883,0.8462930859525883,1.1310497545824916,43.76,0.04974999999999986,0.05044999999999983,True,True,30.70265715946492,75.5937069140474,44.89104975458248,True,0
192,2006-10-06,33.15,32.793723105322485,-0.35627689467751367,0.35627689467751367,1.1310497545824916,43.76,0.049754999999999855,0.050454999999999826,True,True,31.662673350739993,76.55372310532249,44.8910497545825,True,0
193,2006-10-09,32.49,33.236777951198135,0.7467779511981334,-0.7467779511981334,1.1310497545824916,43.76,0.04975999999999985,0.050459999999999824,True,True,32.105728196615644,76.99677795119814,44.8910497545825,True,0
194,2006-10-10,33.27,32.50736253578195,-0.7626374642180522,0.7626374642180522,1.1310497545824916,43.76,0.04976499999999985,0.05046499999999982,True,True,31.37631278119946,76.26736253578196,44.8910497545825,True,0
195,2006-10-11,32.61,33.35176719886929,0.7417671988692902,-0.7417671988692902,1.1310497545824916,43.76,0.04976999999999985,0.05046999999999982,True,True,32.2207174442868,77.11176719886929,44.89104975458249,True,0
196,2006-10-12,33.1,32.63861221844261,-0.46138778155739146,0.46138778155739146,1.1310497545824916,43.76,0.04977499999999985,0.05047499999999982,True,True,31.50756246386012,76.39861221844261,44.89104975458249,True,0
197,2006-10-13,33.35,33.15947148497636,-0.19052851502364376,0.19052851502364376,1.1310497545824916,43.76,0.049779999999999845,0.05047999999999982,True,True,32.028421730393866,76.91947148497636,44.89104975458249,True,0
198,2006-10-16,32.85,33.41270427769678,0.5627042776967812,-0.5627042776967812,1.1310497545824916,43.76,0.04978499999999984,0.050484999999999815,True,True,32.28165452311429,77.17270427769678,44.89104975458249,True,0
199,2006-10-17,32.2,32.87812912999045,0.6781291299904453,-0.6781291299904453,1.1310497545824916,43.76,0.04978999999999984,0.05048999999999981,True,True,31.747079375407957,76.63812912999045,44.89104975458249,True,0
200,2006-10-18,32.57,32.21584467598637,-0.35415532401363237,0.35415532401363237,1.1310497545824916,43.55,0.04979499999999984,0.05049499999999981,True,True,31.084794921403876,75.76584467598636,44.68104975458248,True,0
201,2006-10-19,32.17,32.631182527744976,0.4611825277449739,-0.4611825277449739,1.1310497545824916,43.55,0.04979999999999984,0.05049999999999981,True,True,31.500132773162484,76.18118252774497,44.68104975458248,True,0
202,2006-10-20,32.69,32.2089636636473,-0.4810363363526946,0.4810363363526946,1.1218900308841597,43.55,0.049804999999999836,0.05050499999999981,True,True,31.087073632763143,75.75896366364731,44.671890030884164,True,0
203,2006-10-23,32.47,32.7566867022846,0.286686702284598,-0.286686702284598,1.1218900308841597,43.55,0.049809999999999834,0.050509999999999805,True,True,31.634796671400437,76.3066867022846,44.67189003088416,True,0
204,2006-10-24,32.87,32.517961054283454,-0.3520389457165436,0.3520389457165436,1.1218900308841597,43.55,0.04981499999999983,0.0505149999999998,True,True,31.396071023399294,76.06796105428344,44.67189003088415,True,0
205,2006-10-25,37.3,32.93067750194552,-4.36932249805448,4.36932249805448,1.1218900308841597,43.55,0.04981999999999983,0.0505199999999998,True,True,31.808787471061358,76.48067750194551,44.67189003088415,True,0
206,2006-10-26,37.25,37.57079987602499,0.32079987602499216,-0.32079987602499216,1.1218900308841597,43.55,0.04982499999999983,0.0505249999999998,True,True,36.44890984514083,81.12079987602499,44.67189003088416,True,0
207,2006-10-27,38.15,37.295351890278205,-0.8546481097217935,0.8546481097217935,1.1218900308841597,43.55,0.049829999999999826,0.0505299999999998,True,True,36.173461859394045,80.84535189027821,44.671890030884164,True,0
208,2006-10-30,38.05,38.179662102572884,0.1296621025728868,-0.1296621025728868,1.1218900308841597,43.55,0.049834999999999824,0.050534999999999795,True,True,37.057772071688724,81.72966210257289,44.671890030884164,True,0
209,2006-10-31,38.22,38.0610348166372,-0.15896518336279541,0.15896518336279541,1.1218900308841597,43.55,0.04983999999999982,0.05053999999999979,True,True,36.939144785753044,81.6110348166372,44.67189003088416,True,0
210,2006-11-01,38.12,38.211722472041224,0.09172247204122641,-0.09172247204122641,1.1218900308841597,43.55,0.04984499999999982,0.05054499999999979,True,True,37.089832441157064,81.76172247204121,44.67189003088415,True,0
211,2006-11-02,37.33,38.108495195933465,0.7784951959334663,-0.7784951959334663,1.1218900308841597,43.55,0.04984999999999982,0.05054999999999979,True,True,36.986605165049305,81.65849519593345,44.67189003088415,True,0
212,2006-11-03,37.61,37.28740099463605,-0.3225990053639478,0.3225990053639478,1.1218900308841597,43.55,0.049854999999999816,0.05055499999999979,True,True,36.16551096375189,80.83740099463606,44.671890030884164,True,0
213,2006-11-06,37.64,37.593914603277774,-0.046085396722226335,0.046085396722226335,1.1218900308841597,43.55,0.049859999999999814,0.050559999999999786,True,True,36.472024572393615,81.14391460327778,44.671890030884164,True,0
214,2006-11-07,38.2,37.644008946106304,-0.555991053893699,0.555991053893699,1.1218900308841597,43.55,0.04986499999999981,0.050564999999999784,True,True,36.522118915222144,81.1940089461063,44.67189003088415,True,0
215,2006-11-08,38.58,38.214451755228716,-0.3655482447712828,0.3655482447712828,1.1218900308841597,43.55,0.04986999999999981,0.05056999999999978,True,True,37.092561724344556,81.76445175522872,44.671890030884164,True,0
216,2006-11-09,39.5,38.59781988594241,-0.9021801140575931,0.9021801140575931,1.1218900308841597,43.55,0.04987499999999981,0.05057499999999978,True,True,37.47592985505825,82.1478198859424,44.67189003088415,True,0
217,2006-11-10,38.79,39.52854902169354,0.7385490216935438,-0.7385490216935438,1.1218900308841597,43.55,0.049879999999999806,0.05057999999999978,True,True,38.40665899080938,83.07854902169353,44.67189003088415,True,0
218,2006-11-13,39.23,38.76621941538275,-0.4637805846172469,0.4637805846172469,1.1218900308841597,43.55,0.049884999999999804,0.050584999999999776,True,True,37.64432938449859,82.31621941538275,44.67189003088416,True,0
219,2006-11-14,40.11,39.20075238108613,-0.9092476189138665,0.9092476189138665,1.1218900308841597,43.5,0.0498899999999998,0.050589999999999774,True,True,38.07886235020197,82.70075238108613,44.62189003088416,True,0
220,2006-11-15,41.5,40.12886462466771,-1.3711353753322868,1.3711353753322868,1.1218900308841597,43.5,0.0498949999999998,0.05059499999999977,True,True,39.00697459378355,83.62886462466771,44.62189003088416,True,0
221,2006-11-16,42.44,41.54883521304061,-0.8911647869593864,0.8911647869593864,1.1218900308841597,43.5,0.0498999999999998,0.05059999999999977,True,True,40.42694518215645,85.0488352130406,44.62189003088415,True,0
222,2006-11-17,42.55,42.47996599096595,-0.07003400903404611,0.07003400903404611,1.117166981695128,43.5,0.0499049999999998,0.05060499999999977,True,True,41.36279900927082,85.97996599096595,44.61716698169513,True,0
223,2006-11-20,42.35,42.52684097722017,0.17684097722016645,-0.17684097722016645,1.117166981695128,43.5,0.049909999999999795,0.050609999999999766,True,True,41.40967399552504,86.02684097722016,44.61716698169512,True,0
224,2006-11-21,42.55,42.28309034144142,-0.26690965855857485,0.26690965855857485,1.117166981695128,43.5,0.04991499999999979,0.050614999999999764,True,True,41.165923359746294,85.78309034144142,44.61716698169513,True,0
225,2006-11-22,42.5,42.49312431138659,-0.006875688613412478,0.006875688613412478,1.117166981695128,43.5,0.04991999999999979,0.05061999999999976,True,True,41.37595732969146,85.9931243113866,44.617166981695135,True,0
226,2006-11-24,42.56,42.44411260082453,-0.11588739917547031,0.11588739917547031,1.117166981695128,43.5,0.04992499999999979,0.05062499999999976,True,True,41.326945619129404,85.94411260082452,44.61716698169512,True,0
227,2006-11-27,42.18,42.50155830850846,0.32155830850845746,-0.32155830850845746,1.117166981695128,43.5,0.04992999999999979,0.05062999999999976,True,True,41.38439132681333,86.00155830850846,44.617166981695135,True,0
228,2006-11-28,40.75,42.10536543574708,1.355365435747082,-1.355365435747082,1.117166981695128,43.5,0.049934999999999785,0.05063499999999976,False,True,40.988198454051954,85.60536543574707,44.61716698169512,False,1
229,2006-11-29,40.48,40.61448724685596,0.13448724685596147,-0.13448724685596147,1.1218900308841597,43.5,0.04983999999999979,0.050639999999999755,True,True,39.4925972159718,84.11448724685596,44.62189003088416,True,0
230,2006-11-30,40.42,40.37659477759416,-0.04340522240584477,0.04340522240584477,1.1218900308841597,43.5,0.049844999999999785,0.05064499999999975,True,True,39.25470474671,83.87659477759416,44.62189003088417,True,0
231,2006-12-01,40.26,40.36922415344882,0.10922415344882097,-0.10922415344882097,1.1218900308841597,43.5,0.04984999999999978,0.05064999999999975,True,True,39.24733412256466,83.86922415344881,44.62189003088415,True,0
232,2006-12-04,39.31,40.21272805084912,0.9027280508491202,-0.9027280508491202,1.1218900308841597,43.5,0.04985499999999978,0.05065499999999975,True,True,39.09083801996496,83.71272805084912,44.62189003088416,True,0
233,2006-12-05,39.13,39.22305179910834,0.09305179910833772,-0.09305179910833772,1.1218900308841597,43.5,0.04985999999999978,0.05065999999999975,True,True,38.10116176822418,82.72305179910833,44.62189003088415,True,0
234,2006-12-06,38.77,39.06357626649804,0.2935762664980359,-0.2935762664980359,1.1218900308841597,43.5,0.04986499999999978,0.050664999999999745,True,True,37.94168623561388,82.56357626649805,44.62189003088417,True,0
235,2006-12-07,38.93,38.724058502838915,-0.2059414971610849,0.2059414971610849,1.1218900308841597,43.5,0.049869999999999776,0.05066999999999974,True,True,37.602168471954755,82.22405850283891,44.62189003088416,True,0
236,2006-12-08,37.92,38.906442750884835,0.9864427508848337,-0.9864427508848337,1.1218900308841597,43.5,0.049874999999999774,0.05067499999999974,True,True,37.784552720000676,82.40644275088484,44.62189003088416,True,0
237,2006-12-11,38.22,37.860261671679375,-0.35973832832062413,0.35973832832062413,1.1218900308841597,43.5,0.04987999999999977,0.05067999999999974,True,True,36.738371640795215,81.36026167167938,44.62189003088417,True,0
238,2006-12-12,38.44,38.187256682773544,-0.2527433172264537,0.2527433172264537,1.1218900308841597,43.48,0.04988499999999977,0.05068499999999974,True,True,37.065366651889384,81.66725668277354,44.60189003088416,True,0
239,2006-12-13,38.61,38.450555106273704,-0.15944489372629533,0.15944489372629533,1.1218900308841597,43.48,0.04988999999999977,0.050689999999999735,True,True,37.328665075389544,81.9305551062737,44.60189003088416,True,0
240,2006-12-14,38.74,38.612509832180585,-0.1274901678194169,0.1274901678194169,1.1218900308841597,43.48,0.049894999999999766,0.05069499999999973,True,True,37.490619801296425,82.09250983218058,44.60189003088416,True,0
241,2006-12-15,39.38,38.73672118249259,-0.6432788175074151,0.6432788175074151,1.1218900308841597,43.48,0.049899999999999764,0.05069999999999973,True,True,37.61483115160843,82.21672118249259,44.601890030884164,True,0
242,2006-12-18,40.2,39.39703768310083,-0.8029623168991762,0.8029623168991762,1.117166981695128,43.48,0.04990499999999976,0.05070499999999973,True,True,38.2798707014057,82.87703768310082,44.597166981695125,True,0
243,2006-12-19,38.78,40.23919037553908,1.4591903755390803,-1.4591903755390803,1.117166981695128,43.48,0.04990999999999976,0.05070999999999973,False,True,39.12202339384395,83.71919037553909,44.59716698169513,False,1
244,2006-12-20,39.43,38.71329018583297,-0.7167098141670323,0.7167098141670323,1.1218900308841597,43.48,0.04981499999999976,0.050714999999999726,True,True,37.59140015494881,82.19329018583296,44.60189003088416,True,0
245,2006-12-21,39.87,39.38464836405771,-0.4853516359422869,0.4853516359422869,1.1218900308841597,43.48,0.04981999999999976,0.050719999999999724,True,True,38.26275833317355,82.8646483640577,44.60189003088415,True,0
246,2006-12-22,39.98,39.8852767599111,-0.09472324008889643,0.09472324008889643,1.1218900308841597,43.48,0.04982499999999976,0.05072499999999972,True,True,38.76338672902694,83.3652767599111,44.60189003088416,True,0
247,2006-12-26,40.13,39.96981546544239,-0.16018453455761517,0.16018453455761517,1.1218900308841597,43.48,0.049829999999999756,0.05072999999999972,True,True,38.84792543455823,83.44981546544238,44.60189003088416,True,0
248,2006-12-27,39.86,40.1083412815196,0.24834128151960044,-0.24834128151960044,1.1218900308841597,43.48,0.049834999999999754,0.05073499999999972,True,True,38.98645125063544,83.5883412815196,44.601890030884164,True,0
249,2006-12-28,40.38,39.82123607967032,-0.5587639203296817,0.5587639203296817,1.1218900308841597,43.48,0.04983999999999975,0.050739999999999716,True,True,38.69934604878616,83.30123607967032,44.60189003088416,True,0
250,2006-12-29,40.06,40.358223405129,0.2982234051290007,-0.2982234051290007,1.1218900308841597,43.48,0.04984499999999975,0.050744999999999714,True,True,39.23633337424484,83.838223405129,44.60189003088416,True,0
251,2007-01-03,38.68,40.03026785471103,1.3502678547110278,-1.3502678547110278,1.1218900308841597,43.48,0.04984999999999975,0.05074999999999971,False,True,38.90837782382687,83.51026785471103,44.601890030884164,False,1
252,2007-01-04,38.59,38.58265634461537,-0.007343655384630665,0.007343655384630665,1.1310497545824916,43.48,0.04975499999999975,0.05075499999999971,True,True,37.45160659003288,82.06265634461536,44.61104975458248,True,0
253,2007-01-05,38.72,38.526590109765586,-0.19340989023441324,0.19340989023441324,1.1310497545824916,43.48,0.04975999999999975,0.05075999999999971,True,True,37.395540355183094,82.00659010976558,44.61104975458249,True,0
254,2007-01-08,38.22,38.70859589517656,0.48859589517655877,-0.48859589517655877,1.1310497545824916,43.48,0.04976499999999975,0.050764999999999706,True,True,37.577546140594066,82.18859589517655,44.61104975458248,True,0
255,2007-01-09,37.6,38.18891605553896,0.5889160555389594,-0.5889160555389594,1.1310497545824916,43.48,0.049769999999999745,0.050769999999999704,True,True,37.05786630095647,81.66891605553896,44.61104975458249,True,0
256,2007-01-10,37.49,37.54998992192828,0.05998992192827757,-0.05998992192827757,1.1310497545824916,43.48,0.04977499999999974,0.0507749999999997,True,True,36.41894016734579,81.02998992192828,44.61104975458249,True,0
257,2007-01-11,37.17,37.464763335269964,0.29476333526996257,-0.29476333526996257,1.1310497545824916,43.48,0.04977999999999974,0.0507799999999997,True,True,36.33371358068747,80.94476333526995,44.61104975458248,True,0
258,2007-01-12,37.36,37.15363721812572,-0.20636278187427592,0.20636278187427592,1.1310497545824916,43.23,0.04978499999999974,0.0507849999999997,True,True,36.02258746354323,80.38363721812573,44.361049754582496,True,0
259,2007-01-16,38.4,37.36195533109316,-1.038044668906842,1.038044668906842,1.1310497545824916,43.23,0.04978999999999974,0.050789999999999697,True,True,36.230905576510665,80.59195533109315,44.36104975458248,True,0
260,2007-01-17,38.7,38.452771942950505,-0.24722805704949735,0.24722805704949735,1.1310497545824916,43.23,0.049794999999999735,0.050794999999999695,True,True,37.321722188368014,81.6827719429505,44.36104975458248,True,0
261,2007-01-18,37.5,38.73488746404047,1.2348874640404688,-1.2348874640404688,1.1310497545824916,43.23,0.04979999999999973,0.05079999999999969,False,True,37.60383770945798,81.96488746404046,44.36104975458248,False,1
262,2007-01-19,36.69,37.44302117995031,0.7530211799503093,-0.7530211799503093,1.2348874640404688,43.23,0.049704999999999736,0.05080499999999969,True,True,36.20813371590984,80.6730211799503,44.46488746404046,True,0
263,2007-01-22,37.65,36.62469186175666,-1.0253081382433393,1.0253081382433393,1.1310497545824916,43.23,0.049709999999999734,0.05080999999999969,True,True,35.49364210717417,79.85469186175666,44.361049754582496,True,0
264,2007-01-23,36.9,37.686366235283984,0.7863662352839853,-0.7863662352839853,1.1310497545824916,43.23,0.04971499999999973,0.05081499999999969,True,True,36.55531648070149,80.91636623528399,44.361049754582496,True,0
265,2007-01-24,36.51,36.891429623862955,0.38142962386295665,-0.38142962386295665,1.1310497545824916,43.23,0.04971999999999973,0.050819999999999685,True,True,35.76037986928046,80.12142962386295,44.36104975458249,True,0
266,2007-01-25,38.08,36.487323477924875,-1.5926765220751236,1.5926765220751236,1.1310497545824916,43.23,0.04972499999999973,0.05082499999999968,True,True,35.35627372334238,79.71732347792488,44.361049754582496,True,0
267,2007-01-26,37.26,38.14830221134007,0.8883022113400685,-0.8883022113400685,1.1310497545824916,43.23,0.049729999999999726,0.05082999999999968,True,True,37.017252456757575,81.37830221134007,44.361049754582496,True,0
268,2007-01-29,36.7,37.25524752195469,0.5552475219546906,-0.5552475219546906,1.1310497545824916,43.23,0.049734999999999724,0.05083499999999968,True,True,36.1241977673722,80.48524752195469,44.36104975458249,True,0
269,2007-01-30,37.29,36.67424218493915,-0.6157578150608458,0.6157578150608458,1.1310497545824916,43.23,0.04973999999999972,0.05083999999999968,True,True,35.54319243035666,79.90424218493915,44.36104975458249,True,0
270,2007-01-31,36.95,37.31432647196912,0.3643264719691146,-0.3643264719691146,1.1310497545824916,43.23,0.04974499999999972,0.050844999999999675,True,True,36.183276717386626,80.54432647196911,44.36104975458249,True,0
271,2007-02-01,37.95,36.951139779385436,-0.9988602206145671,0.9988602206145671,1.1310497545824916,43.23,0.04974999999999972,0.05084999999999967,True,True,35.820090024802944,80.18113977938543,44.36104975458249,True,0
272,2007-02-02,37.23,37.98263931507313,0.7526393150731323,-0.7526393150731323,1.1310497545824916,43.23,0.049754999999999716,0.05085499999999967,True,True,36.85158956049064,81.21263931507312,44.36104975458248,True,0
273,2007-02-05,37.25,37.22239228538299,-0.02760771461701239,0.02760771461701239,1.1310497545824916,43.23,0.049759999999999714,0.05085999999999967,True,True,36.091342530800496,80.45239228538298,44.36104975458249,True,0
274,2007-02-06,37.2,37.24301330620449,0.04301330620448596,-0.04301330620448596,1.1310497545824916,43.23,0.04976499999999971,0.05086499999999967,True,True,36.111963551622,80.47301330620448,44.36104975458248,True,0
275,2007-02-07,38.49,37.2032193969852,-1.2867806030148046,1.2867806030148046,1.1310497545824916,43.23,0.04976999999999971,0.050869999999999665,True,True,36.072169642402706,80.4332193969852,44.36104975458249,True,0
276,2007-02-08,38.95,38.52813575822083,-0.4218642417791756,0.4218642417791756,1.1310497545824916,43.23,0.04977499999999971,0.050874999999999664,True,True,37.397086003638336,81.75813575822082,44.36104975458248,True,0
277,2007-02-09,39.19,38.972452687176094,-0.21754731282390338,0.21754731282390338,1.1310497545824916,43.18,0.049779999999999706,0.05087999999999966,True,True,37.8414029325936,82.1524526871761,44.31104975458249,True,0
278,2007-02-12,38.79,39.1866056339896,0.39660563398960136,-0.39660563398960136,1.1310497545824916,43.18,0.049784999999999704,0.05088499999999966,True,True,38.05555587940711,82.3666056339896,44.311049754582484,True,0
279,2007-02-13,38.85,38.761431864618594,-0.08856813538140784,0.08856813538140784,1.1310497545824916,43.18,0.0497899999999997,0.05088999999999966,True,True,37.6303821100361,81.9414318646186,44.31104975458249,True,0
280,2007-02-14,39.23,38.828804223306214,-0.4011957766937826,0.4011957766937826,1.1310497545824916,43.18,0.0497949999999997,0.050894999999999656,True,True,37.69775446872372,82.00880422330621,44.31104975458249,True,0
281,2007-02-15,40.14,39.22505363876048,-0.9149463612395223,0.9149463612395223,1.1310497545824916,43.18,0.0497999999999997,0.050899999999999654,True,True,38.09400388417799,82.40505363876048,44.31104975458249,True,0
282,2007-02-16,39.9,40.15192395641399,0.25192395641398946,-0.25192395641398946,1.1310497545824916,43.18,0.0498049999999997,0.05090499999999965,True,True,39.0208742018315,83.33192395641399,44.31104975458249,True,0
283,2007-02-20,40.13,39.87444033202931,-0.25555966797069374,0.25555966797069374,1.1218900308841597,43.18,0.049809999999999695,0.05090999999999965,True,True,38.75255030114515,83.05444033202932,44.30189003088417,True,0
284,2007-02-21,41.19,40.10280031173189,-1.0871996882681074,1.0871996882681074,1.1218900308841597,43.18,0.04981499999999969,0.05091499999999965,True,True,38.98091028084773,83.28280031173189,44.30189003088416,True,0
285,2007-02-22,41.4,41.18866297583224,-0.21133702416776146,0.21133702416776146,1.1218900308841597,43.18,0.04981999999999969,0.050919999999999646,True,True,40.06677294494808,84.36866297583224,44.30189003088416,True,0
286,2007-02-23,41.0,41.37778417348531,0.3777841734853098,-0.3777841734853098,1.1218900308841597,43.18,0.04982499999999969,0.050924999999999644,True,True,40.25589414260115,84.55778417348532,44.30189003088417,True,0
287,2007-02-26,40.86,40.94587179936826,0.08587179936826317,-0.08587179936826317,1.1218900308841597,43.18,0.04982999999999969,0.05092999999999964,True,True,39.8239817684841,84.12587179936827,44.30189003088417,True,0
288,2007-02-27,40.19,40.80717437976996,0.6171743797699634,-0.6171743797699634,1.1218900308841597,43.18,0.049834999999999685,0.05093499999999964,True,True,39.6852843488858,83.98717437976995,44.30189003088415,True,0
289,2007-02-28,38.91,40.12659019957189,1.2165901995718968,-1.2165901995718968,1.1218900308841597,43.18,0.04983999999999968,0.05093999999999964,False,True,39.004700168687734,83.3065901995719,44.30189003088417,False,1
290,2007-03-01,39.32,38.824056415234544,-0.4959435847654561,0.4959435847654561,1.1310497545824916,43.18,0.049744999999999685,0.050944999999999636,True,True,37.69300666065205,82.00405641523454,44.31104975458249,True,0
291,2007-03-02,38.32,39.29714650838123,0.9771465083812316,-0.9771465083812316,1.1310497545824916,43.18,0.04974999999999968,0.050949999999999634,True,True,38.16609675379874,82.47714650838122,44.311049754582484,True,0
292,2007-03-05,37.15,38.27675334616647,1.126753346166474,-1.126753346166474,1.1310497545824916,43.18,0.04975499999999968,0.05095499999999963,True,True,37.14570359158398,81.45675334616647,44.311049754582484,True,0
293,2007-03-06,37.69,37.08415518658501,-0.6058448134149899,0.6058448134149899,1.1310497545824916,43.18,0.04975999999999968,0.05095999999999963,True,True,35.953105432002516,80.26415518658501,44.3110497545825,True,0
294,2007-03-07,38.68,37.69821407760096,-0.9817859223990411,0.9817859223990411,1.1310497545824916,43.18,0.04976499999999968,0.05096499999999963,True,True,36.56716432301847,80.87821407760096,44.31104975458249,True,0
295,2007-03-08,38.77,38.718629912032085,-0.051370087967917755,0.051370087967917755,1.1310497545824916,43.18,0.049769999999999676,0.05096999999999963,True,True,37.587580157449594,81.89862991203208,44.311049754582484,True,0
296,2007-03-09,38.48,38.77152118283328,0.29152118283328576,-0.29152118283328576,1.1310497545824916,43.05,0.049774999999999674,0.050974999999999625,True,True,37.64047142825079,81.82152118283328,44.18104975458249,True,0
297,2007-03-12,38.64,38.45609071190305,-0.18390928809694884,0.18390928809694884,1.1310497545824916,43.05,0.04977999999999967,0.05097999999999962,True,True,37.32504095732056,81.50609071190306,44.181049754582496,True,0
298,2007-03-13,38.3,38.63154697635601,0.33154697635601593,-0.33154697635601593,1.1310497545824916,43.05,0.04978499999999967,0.05098499999999962,True,True,37.50049722177352,81.681546976356,44.18104975458248,True,0
299,2007-03-14,37.76,38.2776432271234,0.5176432271234006,-0.5176432271234006,1.1310497545824916,43.05,0.04978999999999967,0.05098999999999962,True,True,37.14659347254091,81.32764322712339,44.18104975458248,True,0
300,2007-03-15,38.1,37.731724120679914,-0.36827587932008754,0.36827587932008754,1.1310497545824916,43.05,0.049794999999999666,0.05099499999999962,True,True,36.60067436609742,80.78172412067991,44.18104975458249,True,0
301,2007-03-16,37.72,38.104691975631034,0.38469197563103563,-0.38469197563103563,1.1310497545824916,43.05,0.049799999999999664,0.050999999999999615,True,True,36.97364222104854,81.15469197563104,44.181049754582496,True,0
302,2007-03-19,38.0,37.70537282813194,-0.29462717186805776,0.29462717186805776,1.1310497545824916,43.05,0.04980499999999966,0.05100499999999961,True,True,36.57432307354945,80.75537282813194,44.18104975458249,True,0
303,2007-03-20,38.53,38.004082095539715,-0.525917904460286,0.525917904460286,1.126753346166474,43.05,0.04980999999999966,0.05100999999999961,True,True,36.87732874937324,81.05408209553971,44.17675334616647,True,0
304,2007-03-21,38.55,38.545152293550736,-0.0048477064492615796,0.0048477064492615796,1.126753346166474,43.05,0.04981499999999966,0.05101499999999961,True,True,37.41839894738426,81.59515229355074,44.17675334616648,True,0
305,2007-03-22,39.48,38.54425540696507,-0.9357445930349257,0.9357445930349257,1.126753346166474,43.05,0.049819999999999656,0.05101999999999961,True,True,37.4175020607986,81.59425540696506,44.176753346166464,True,0
306,2007-03-23,39.56,39.49872633725374,-0.06127366274625956,0.06127366274625956,1.126753346166474,43.05,0.049824999999999654,0.051024999999999605,True,True,38.37197299108727,82.54872633725374,44.17675334616647,True,0
307,2007-03-26,38.98,39.54915403225021,0.5691540322502107,-0.5691540322502107,1.126753346166474,43.05,0.04982999999999965,0.0510299999999996,True,True,38.42240068608373,82.5991540322502,44.176753346166464,True,0
308,2007-03-27,38.82,38.93670445674593,0.11670445674592855,-0.11670445674592855,1.126753346166474,43.05,0.04983499999999965,0.0510349999999996,True,True,37.809951110579455,81.98670445674593,44.17675334616647,True,0
309,2007-03-28,39.09,38.79152914190746,-0.2984708580925428,0.2984708580925428,1.126753346166474,43.05,0.04983999999999965,0.0510399999999996,True,True,37.66477579574099,81.84152914190746,44.17675334616647,True,0
310,2007-03-29,39.65,39.082083299545474,-0.5679167004545249,0.5679167004545249,1.126753346166474,43.05,0.04984499999999965,0.0510449999999996,True,True,37.955329953379,82.13208329954547,44.17675334616647,True,0
311,2007-03-30,39.75,39.65204121979418,-0.09795878020582194,0.09795878020582194,1.126753346166474,43.05,0.049849999999999645,0.051049999999999596,True,True,38.525287873627704,82.70204121979418,44.17675334616648,True,0
312,2007-04-02,39.85,39.732433304963564,-0.11756669503643735,0.11756669503643735,1.126753346166474,43.05,0.04985499999999964,0.051054999999999594,True,True,38.60567995879709,82.78243330496356,44.17675334616647,True,0
313,2007-04-03,40.42,39.82695838239686,-0.5930416176031414,0.5930416176031414,1.126753346166474,43.05,0.04985999999999964,0.05105999999999959,True,True,38.700205036230386,82.87695838239685,44.176753346166464,True,0
314,2007-04-04,41.22,40.41184745419347,-0.8081525458065286,0.8081525458065286,1.126753346166474,43.05,0.04986499999999964,0.05106499999999959,True,True,39.285094108026996,83.46184745419347,44.17675334616648,True,0
315,2007-04-05,41.57,41.218231953818375,-0.3517680461816255,0.3517680461816255,1.126753346166474,42.95,0.04986999999999964,0.05106999999999959,True,True,40.0914786076519,84.16823195381838,44.07675334616648,True,0
316,2007-04-09,41.72,41.487576610562854,-0.23242338943714458,0.23242338943714458,1.126753346166474,42.95,0.049874999999999635,0.051074999999999586,True,True,40.36082326439638,84.43757661056286,44.07675334616648,True,0
317,2007-04-10,41.57,41.67868941338791,0.10868941338790705,-0.10868941338790705,1.126753346166474,42.95,0.04987999999999963,0.051079999999999584,True,True,40.55193606722143,84.62868941338792,44.076753346166484,True,0
318,2007-04-11,41.73,41.5148278548136,-0.2151721451863935,0.2151721451863935,1.126753346166474,42.95,0.04988499999999963,0.05108499999999958,True,True,40.38807450864713,84.4648278548136,44.07675334616648,True,0
319,2007-04-12,41.73,41.68694893225513,-0.04305106774486944,0.04305106774486944,1.126753346166474,42.95,0.04988999999999963,0.05108999999999958,True,True,40.56019558608865,84.63694893225514,44.076753346166484,True,0
320,2007-04-13,42.19,41.681002337870346,-0.5089976621296515,0.5089976621296515,1.126753346166474,42.95,0.04989499999999963,0.05109499999999958,True,True,40.55424899170387,84.63100233787034,44.07675334616647,True,0
321,2007-04-16,43.77,42.15702411830573,-1.6129758816942754,1.6129758816942754,1.126753346166474,42.95,0.049899999999999625,0.051099999999999576,True,True,41.030270772139254,85.10702411830573,44.07675334616648,True,0
322,2007-04-17,45.28,43.78314075525029,-1.4968592447497144,1.4968592447497144,1.1218900308841597,42.95,0.04990499999999962,0.051104999999999574,True,True,42.66125072436613,86.73314075525029,44.07189003088416,True,0
323,2007-04-18,44.8,45.297234334947916,0.4972343349479189,-0.4972343349479189,1.1218900308841597,42.95,0.04990999999999962,0.05110999999999957,True,True,44.175344304063756,88.24723433494792,44.07189003088416,True,0
324,2007-04-19,44.61,44.70511885759874,0.09511885759874161,-0.09511885759874161,1.1218900308841597,42.95,0.04991499999999962,0.05111499999999957,True,True,43.58322882671458,87.65511885759875,44.07189003088417,True,0
325,2007-04-20,45.09,44.51661383226649,-0.5733861677335099,0.5733861677335099,1.1218900308841597,42.95,0.04991999999999962,0.05111999999999957,True,True,43.394723801382334,87.46661383226649,44.071890030884155,True,0
326,2007-04-23,44.27,45.032645983794396,0.7626459837943926,-0.7626459837943926,1.1218900308841597,42.95,0.049924999999999616,0.05112499999999957,True,True,43.910755952910236,87.9826459837944,44.07189003088416,True,0
327,2007-04-24,44.75,44.15481092830773,-0.5951890716922676,0.5951890716922676,1.1218900308841597,42.95,0.049929999999999614,0.051129999999999565,True,True,43.03292089742357,87.10481092830773,44.071890030884155,True,0
328,2007-04-25,53.12,44.68758589059487,-8.43241410940513,8.43241410940513,1.1218900308841597,42.95,0.04993499999999961,0.05113499999999956,True,True,43.56569585971071,87.63758589059486,44.071890030884155,True,0
329,2007-04-26,56.5,53.52829265436647,-2.971707345633533,2.971707345633533,1.1218900308841597,42.95,0.04993999999999961,0.05113999999999956,True,True,52.40640262348231,96.47829265436647,44.07189003088416,True,0
330,2007-04-27,61.24,56.540566200322274,-4.699433799677728,4.699433799677728,1.1218900308841597,42.95,0.04994499999999961,0.05114499999999956,True,True,55.418676169438115,99.49056620032228,44.07189003088416,True,0
331,2007-04-30,61.91,61.87155507142563,-0.03844492857436421,0.03844492857436421,1.1218900308841597,42.95,0.049949999999999606,0.05114999999999956,True,True,60.74966504054147,104.82155507142564,44.07189003088416,True,0
332,2007-05-01,61.12,62.085963712203196,0.9659637122031981,-0.9659637122031981,1.1218900308841597,42.95,0.049954999999999604,0.051154999999999555,True,True,60.964073681319036,105.0359637122032,44.07189003088416,True,0
333,2007-05-02,61.68,60.88142538274331,-0.7985746172566905,0.7985746172566905,1.1218900308841597,42.95,0.0499599999999996,0.05115999999999955,True,True,59.75953535185915,103.8314253827433,44.071890030884155,True,0
334,2007-05-03,61.08,61.5665067461793,0.4865067461793018,-0.4865067461793018,1.1218900308841597,42.95,0.0499649999999996,0.05116499999999955,True,True,60.44461671529514,104.5165067461793,44.07189003088416,True,0
335,2007-05-04,62.39,60.87619214760717,-1.51380785239283,1.51380785239283,1.1218900308841597,42.95,0.0499699999999996,0.05116999999999955,True,True,59.75430211672301,103.82619214760717,44.07189003088416,True,0
336,2007-05-07,62.43,62.402207600212236,-0.0277923997877636,0.0277923997877636,1.1218900308841597,42.95,0.049974999999999596,0.05117499999999955,True,True,61.280317569328076,105.35220760021224,44.07189003088416,True,0
337,2007-05-08,60.54,62.380700926830244,1.8407009268302446,-1.8407009268302446,1.1218900308841597,42.95,0.049979999999999594,0.051179999999999545,False,True,61.258810895946084,105.33070092683025,44.07189003088416,False,1
338,2007-05-09,62.0,60.16605565981328,-1.8339443401867186,1.8339443401867186,1.126753346166474,42.95,0.049884999999999596,0.05118499999999954,True,True,59.03930231364681,103.11605565981328,44.07675334616648,True,0
339,2007-05-10,62.44,61.97817648984064,-0.4618235101593555,0.4618235101593555,1.126753346166474,42.95,0.049889999999999594,0.05118999999999954,True,True,60.85142314367417,104.92817648984064,44.07675334616647,True,0
340,2007-05-11,60.96,62.45532567849618,1.4953256784961795,-1.4953256784961795,1.126753346166474,42.95,0.04989499999999959,0.05119499999999954,False,True,61.328572332329706,105.40532567849618,44.07675334616648,False,1
341,2007-05-14,61.68,60.68658245121178,-0.9934175487882229,0.9934175487882229,1.1310497545824916,42.95,0.049799999999999595,0.05119999999999954,True,True,59.555532696629285,103.63658245121178,44.081049754582494,True,0
342,2007-05-15,61.4,61.59971682144184,0.19971682144183944,-0.19971682144183944,1.1310497545824916,42.95,0.04980499999999959,0.051204999999999536,True,True,60.46866706685935,104.54971682144185,44.0810497545825,True,0
343,2007-05-16,61.02,61.29124137189624,0.2712413718962381,-0.2712413718962381,1.126753346166474,42.95,0.04980999999999959,0.051209999999999534,True,True,60.16448802572977,104.24124137189625,44.076753346166484,True,0
344,2007-05-17,62.88,60.85910577428633,-2.0208942257136755,2.0208942257136755,1.126753346166474,42.95,0.04981499999999959,0.05121499999999953,True,True,59.73235242811985,103.80910577428634,44.076753346166484,True,0
345,2007-05-18,62.48,63.00078302709012,0.5207830270901255,-0.5207830270901255,1.126753346166474,42.95,0.04981999999999959,0.05121999999999953,True,True,61.87402968092365,105.95078302709013,44.07675334616648,True,0
346,2007-05-21,63.58,62.42913933689842,-1.1508606631015752,1.1508606631015752,1.126753346166474,42.95,0.049824999999999585,0.05122499999999953,True,True,61.30238599073195,105.37913933689842,44.07675334616647,True,0
347,2007-05-22,68.48,63.57607150104258,-4.903928498957427,4.903928498957427,1.126753346166474,42.95,0.04982999999999958,0.051229999999999526,True,True,62.4493181548761,106.52607150104258,44.07675334616648,True,0
348,2007-05-23,69.21,66.48136627613354,-2.7286337238664515,2.7286337238664515,1.126753346166474,42.95,0.04983499999999958,0.051234999999999524,True,True,65.35461292996706,109.43136627613355,44.076753346166484,True,0
349,2007-05-24,69.04,69.22283042381888,0.1828304238188707,-0.1828304238188707,1.126753346166474,42.95,0.04983999999999958,0.05123999999999952,True,True,68.09607707765241,112.17283042381888,44.07675334616647,True,0
350,2007-05-25,69.69,68.91257036445852,-0.7774296355414805,0.7774296355414805,1.126753346166474,42.95,0.04984499999999958,0.05124499999999952,True,True,67.78581701829205,111.86257036445852,44.07675334616647,True,0
351,2007-05-29,68.43,69.62459904313674,1.1945990431367335,-1.1945990431367335,1.126753346166474,42.95,0.049849999999999575,0.05124999999999952,False,True,68.49784569697027,112.57459904313674,44.07675334616647,False,1
352,2007-05-30,69.06,68.3029925238283,-0.757007476171708,0.757007476171708,1.1310497545824916,42.95,0.04975499999999958,0.051254999999999516,True,True,67.1719427692458,111.2529925238283,44.081049754582494,True,0
353,2007-05-31,70.68,68.95178020321512,-1.7282197967848845,1.7282197967848845,1.1310497545824916,42.92,0.049759999999999575,0.051259999999999514,True,True,67.82073044863263,111.87178020321512,44.05104975458249,True,0
354,2007-06-01,68.9,70.7596070674442,1.8596070674441876,-1.8596070674441876,1.1310497545824916,42.92,0.04976499999999957,0.05126499999999951,False,True,69.6285573128617,113.6796070674442,44.05104975458249,False,1
355,2007-06-04,68.25,68.75882555722329,0.5088255572232896,-0.5088255572232896,1.1945990431367335,42.92,0.049669999999999576,0.05126999999999951,True,True,67.56422651408656,111.67882555722329,44.114599043136735,True,0
356,2007-06-05,71.1,68.10568108119176,-2.994318918808233,2.994318918808233,1.1945990431367335,42.92,0.049674999999999574,0.05127499999999951,True,True,66.91108203805503,111.02568108119176,44.114599043136735,True,0
357,2007-06-06,73.14,71.27728689030425,-1.862713109695747,1.862713109695747,1.1945990431367335,42.92,0.04967999999999957,0.05127999999999951,True,True,70.08268784716752,114.19728689030426,44.114599043136735,True,0
358,2007-06-07,72.57,72.26747169710826,-0.30252830289173005,0.30252830289173005,1.1945990431367335,42.92,0.04968499999999957,0.051284999999999505,True,True,71.07287265397153,115.18747169710826,44.114599043136735,True,0
359,2007-06-08,72.47,72.43506377847436,-0.034936221525640576,0.034936221525640576,1.1945990431367335,42.92,0.04968999999999957,0.0512899999999995,True,True,71.24046473533762,115.35506377847436,44.114599043136735,True,0
360,2007-06-11,73.0,71.95881963843247,-1.0411803615675268,1.0411803615675268,1.1945990431367335,42.92,0.049694999999999566,0.0512949999999995,True,True,70.76422059529574,114.87881963843247,44.114599043136735,True,0
361,2007-06-12,70.44,72.93790064343492,2.4979006434349174,-2.4979006434349174,1.1945990431367335,42.92,0.049699999999999564,0.0512999999999995,False,True,71.74330160029818,115.85790064343492,44.114599043136735,False,1
362,2007-06-13,70.9,70.04977985716133,-0.8502201428386797,0.8502201428386797,1.2165901995718968,42.92,0.049604999999999566,0.0513049999999995,True,True,68.83318965758943,112.96977985716133,44.1365901995719,True,0
363,2007-06-14,70.9,70.76543293840926,-0.13456706159074372,0.13456706159074372,1.2165901995718968,42.92,0.049609999999999564,0.051309999999999495,True,True,69.54884273883737,113.68543293840926,44.1365901995719,True,0
364,2007-06-15,72.85,70.48038474566494,-2.3696152543350593,2.3696152543350593,1.1945990431367335,42.92,0.04961499999999956,0.05131499999999949,True,True,69.2857857025282,113.40038474566494,44.114599043136735,True,0
365,2007-06-18,72.34,72.94857998987658,0.6085799898765742,-0.6085799898765742,1.1945990431367335,42.92,0.04961999999999956,0.05131999999999949,True,True,71.75398094673984,115.86857998987658,44.114599043136735,True,0
366,2007-06-19,71.55,72.20743538095276,0.6574353809527622,-0.6574353809527622,1.1945990431367335,42.92,0.04962499999999956,0.05132499999999949,True,True,71.01283633781603,115.12743538095276,44.114599043136735,True,0
367,2007-06-20,70.25,71.50377562679935,1.253775626799353,-1.253775626799353,1.1945990431367335,42.92,0.049629999999999556,0.05132999999999949,False,True,70.30917658366262,114.42377562679935,44.114599043136735,False,1
368,2007-06-21,69.16,69.97262289577513,0.8126228957751351,-0.8126228957751351,1.2165901995718968,42.92,0.04953499999999956,0.051334999999999485,True,True,68.75603269620323,112.89262289577513,44.1365901995719,True,0
369,2007-06-22,69.55,68.99308319363504,-0.5569168063649528,0.5569168063649528,1.2165901995718968,42.92,0.04953999999999956,0.05133999999999948,True,True,67.77649299406315,111.91308319363505,44.1365901995719,True,0
370,2007-06-25,69.35,69.55939830601827,0.20939830601827225,-0.20939830601827225,1.2165901995718968,42.92,0.049544999999999555,0.05134499999999948,True,True,68.34280810644637,112.47939830601827,44.1365901995719,True,0
371,2007-06-26,68.53,69.3250965067269,0.7950965067268925,-0.7950965067268925,1.2165901995718968,42.92,0.04954999999999955,0.05134999999999948,True,True,68.108506307155,112.2450965067269,44.1365901995719,True,0
372,2007-06-27,66.96,68.4090355711589,1.4490355711589018,-1.4490355711589018,1.2165901995718968,42.84,0.04955499999999955,0.05135499999999948,False,True,67.192445371587,111.2490355711589,44.0565901995719,False,1
373,2007-06-28,68.46,66.71786839628069,-1.7421316037193009,1.7421316037193009,1.2348874640404688,42.84,0.04945999999999955,0.051359999999999476,True,True,65.48298093224022,109.5578683962807,44.07488746404047,True,0
374,2007-06-29,69.03,68.56312652418586,-0.46687347581413974,0.46687347581413974,1.2348874640404688,42.84,0.04946499999999955,0.051364999999999474,True,True,67.32823906014539,111.40312652418586,44.07488746404047,True,0
375,2007-07-02,68.81,69.10835119830635,0.2983511983063494,-0.2983511983063494,1.2348874640404688,42.84,0.04946999999999955,0.05136999999999947,True,True,67.87346373426588,111.94835119830636,44.07488746404047,True,0
376,2007-07-03,70.04,68.77533814629541,-1.2646618537045953,1.2646618537045953,1.2348874640404688,42.84,0.04947499999999955,0.05137499999999947,True,True,67.54045068225494,111.61533814629541,44.07488746404047,True,0
377,2007-07-05,69.36,70.16411481070972,0.80411481070972,-0.80411481070972,1.2348874640404688,42.84,0.049479999999999545,0.05137999999999947,True,True,68.92922734666925,113.00411481070972,44.07488746404047,True,0
378,2007-07-06,68.75,69.29691794756039,0.546917947560388,-0.546917947560388,1.2348874640404688,42.84,0.04948499999999954,0.051384999999999466,True,True,68.06203048351992,112.13691794756039,44.07488746404047,True,0
379,2007-07-09,69.38,68.6423613370896,-0.737638662910399,0.737638662910399,1.2348874640404688,42.84,0.04948999999999954,0.051389999999999464,True,True,67.40747387304913,111.4823613370896,44.07488746404047,True,0
380,2007-07-10,71.65,69.41760916158466,-2.2323908384153412,2.2323908384153412,1.2348874640404688,42.84,0.04949499999999954,0.05139499999999946,True,True,68.1827216975442,112.25760916158467,44.07488746404047,True,0
381,2007-07-11,70.58,71.9549180216169,1.3749180216169066,-1.3749180216169066,1.2348874640404688,42.84,0.04949999999999954,0.05139999999999946,False,True,70.72003055757644,114.79491802161691,44.07488746404047,False,1
382,2007-07-12,71.31,70.50664994265553,-0.8033500573444741,0.8033500573444741,1.2535614514740843,42.84,0.04940499999999954,0.05140499999999946,True,True,69.25308849118144,113.34664994265553,44.09356145147409,True,0
383,2007-07-13,73.08,71.25848964147924,-1.8215103585207544,1.8215103585207544,1.2535614514740843,42.84,0.04940999999999954,0.051409999999999456,True,True,70.00492819000516,114.09848964147925,44.09356145147409,True,0
384,2007-07-16,74.73,73.1838404063453,-1.546159593654707,1.546159593654707,1.2535614514740843,42.84,0.049414999999999536,0.051414999999999454,True,True,71.93027895487121,116.0238404063453,44.09356145147409,True,0
385,2007-07-17,74.39,74.9765325192327,0.5865325192327049,-0.5865325192327049,1.2535614514740843,42.84,0.049419999999999534,0.05141999999999945,True,True,73.72297106775862,117.81653251923271,44.09356145147409,True,0
386,2007-07-18,73.27,74.28311010722429,1.0131101072242927,-1.0131101072242927,1.2348874640404688,42.84,0.04942499999999953,0.05142499999999945,True,True,73.04822264318382,117.12311010722429,44.07488746404047,True,0
387,2007-07-19,74.24,73.0095713655278,-1.2304286344721902,1.2304286344721902,1.2348874640404688,42.84,0.04942999999999953,0.05142999999999945,True,True,71.77468390148734,115.84957136552781,44.07488746404047,True,0
388,2007-07-20,72.62,74.22086604846287,1.600866048462862,-1.600866048462862,1.2348874640404688,42.84,0.04943499999999953,0.051434999999999446,False,True,72.9859785844224,117.06086604846287,44.07488746404047,False,1
389,2007-07-23,71.78,72.36623862024949,0.5862386202494889,-0.5862386202494889,1.2535614514740843,42.84,0.04933999999999953,0.051439999999999445,True,True,71.1126771687754,115.2062386202495,44.09356145147409,True,0
390,2007-07-24,71.04,71.66045104298662,0.6204510429866161,-0.6204510429866161,1.2535614514740843,42.66,0.04934499999999953,0.05144499999999944,True,True,70.40688959151254,114.32045104298662,43.91356145147408,True,0
391,2007-07-25,84.66,70.93434445432592,-13.725655545674073,13.725655545674073,1.2535614514740843,42.66,0.049349999999999526,0.05144999999999944,True,True,69.68078300285184,113.59434445432592,43.91356145147408,True,0
392,2007-07-26,85.02,86.03805218747978,1.0180521874797819,-1.0180521874797819,1.2535614514740843,42.66,0.049354999999999524,0.05145499999999944,True,True,84.7844907360057,128.6980521874798,43.913561451474095,True,0
393,2007-07-27,84.27,85.14368659456827,0.8736865945682695,-0.8736865945682695,1.2535614514740843,42.66,0.04935999999999952,0.05145999999999944,True,True,83.89012514309418,127.80368659456826,43.91356145147408,True,0
394,2007-07-30,83.0,84.11841013803317,1.1184101380331697,-1.1184101380331697,1.2535614514740843,42.66,0.04936499999999952,0.051464999999999435,True,True,82.86484868655909,126.77841013803317,43.91356145147408,True,0
395,2007-07-31,83.7,82.4266252469071,-1.2733747530929094,1.2733747530929094,1.2535614514740843,42.66,0.04936999999999952,0.05146999999999943,True,True,81.17306379543301,125.08662524690709,43.91356145147408,True,0
396,2007-08-01,78.1,83.64509182350518,5.545091823505189,-5.545091823505189,1.2535614514740843,42.66,0.049374999999999516,0.05147499999999943,False,True,82.3915303720311,126.30509182350518,43.91356145147408,False,1
397,2007-08-02,77.86,77.50182045475076,-0.3581795452492429,0.3581795452492429,1.253775626799353,42.66,0.04927999999999952,0.05147999999999943,True,True,76.2480448279514,120.16182045475075,43.91377562679935,True,0
398,2007-08-03,79.54,77.66398157877114,-1.8760184212288635,1.8760184212288635,1.253775626799353,42.66,0.04928499999999952,0.05148499999999943,True,True,76.41020595197179,120.32398157877114,43.91377562679935,True,0
399,2007-08-06,77.06,79.58044427070416,2.5204442707041608,-2.5204442707041608,1.253775626799353,42.66,0.049289999999999515,0.051489999999999425,False,True,78.32666864390481,122.24044427070416,43.91377562679935,False,1
400,2007-08-07,78.55,76.74584733352005,-1.8041526664799505,1.8041526664799505,1.2876359481463098,42.66,0.04919499999999952,0.05149499999999942,True,True,75.45821138537374,119.40584733352004,43.9476359481463,True,0
401,2007-08-08,79.77,78.8342149167507,-0.9357850832493,0.9357850832493,1.2876359481463098,42.66,0.049199999999999515,0.05149999999999942,True,True,77.5465789686044,121.49421491675069,43.9476359481463,True,0
402,2007-08-09,76.4,79.15646807191673,2.7564680719167285,-2.7564680719167285,1.2876359481463098,42.66,0.04920499999999951,0.05150499999999942,False,True,77.86883212377043,121.81646807191673,43.9476359481463,False,1
403,2007-08-10,73.15,76.01916044367191,2.869160443671902,-2.869160443671902,1.305240273389174,42.66,0.049109999999999515,0.05150999999999942,False,True,74.71392017028273,118.6791604436719,43.96524027338917,False,1
404,2007-08-13,76.09,72.85035095368964,-3.2396490463103618,3.2396490463103618,1.3502678547110278,42.66,0.04901499999999952,0.051514999999999415,True,True,71.50008309897862,115.51035095368964,44.01026785471102,True,0
405,2007-08-14,74.79,75.6624804058962,0.8724804058961979,-0.8724804058961979,1.3502678547110278,42.66,0.049019999999999515,0.051519999999999413,True,True,74.31221255118518,118.3224804058962,44.01026785471102,True,0
406,2007-08-15,73.02,74.57462787461131,1.5546278746113131,-1.5546278746113131,1.3502678547110278,42.66,0.04902499999999951,0.05152499999999941,False,True,73.22436001990027,117.2346278746113,44.01026785471103,False,1
407,2007-08-16,72.0,72.8706302872014,0.8706302872013936,-0.8706302872013936,1.355365435747082,42.66,0.048929999999999516,0.05152999999999941,True,True,71.5152648514543,115.53063028720139,44.015365435747086,True,0
408,2007-08-17,74.49,71.90161761012419,-2.588382389875804,2.588382389875804,1.355365435747082,42.66,0.048934999999999514,0.05153499999999941,True,True,70.54625217437712,114.56161761012419,44.01536543574707,True,0
409,2007-08-20,74.98,73.65122873714623,-1.3287712628537776,1.3287712628537776,1.355365435747082,42.19,0.04893999999999951,0.051539999999999406,True,True,72.29586330139915,115.84122873714622,43.54536543574707,True,0
410,2007-08-21,74.21,74.89787181601743,0.6878718160174344,-0.6878718160174344,1.3502678547110278,42.19,0.04894499999999951,0.051544999999999404,True,True,73.54760396130641,117.08787181601743,43.54026785471102,True,0
411,2007-08-22,78.24,74.13730703764202,-4.1026929623579775,4.1026929623579775,1.3502678547110278,42.19,0.04894999999999951,0.0515499999999994,True,True,72.78703918293098,116.32730703764202,43.54026785471103,True,0
412,2007-08-23,78.94,78.61890815135581,-0.32109184864418694,0.32109184864418694,1.3502678547110278,42.19,0.048954999999999506,0.0515549999999994,True,True,77.26864029664478,120.80890815135581,43.54026785471103,True,0
413,2007-08-24,76.8,78.8882008639901,2.088200863990096,-2.088200863990096,1.3502678547110278,42.19,0.048959999999999504,0.0515599999999994,False,True,77.53793300927907,121.07820086399009,43.54026785471102,False,1
414,2007-08-27,80.56,76.73900975939421,-3.820990240605795,3.820990240605795,1.355365435747082,42.19,0.048864999999999506,0.051564999999999396,True,True,75.38364432364713,118.9290097593942,43.54536543574707,True,0
415,2007-08-28,77.86,81.23239714451394,3.37239714451394,-3.37239714451394,1.355365435747082,42.19,0.048869999999999504,0.051569999999999394,False,True,79.87703170876685,123.42239714451394,43.54536543574709,False,1
416,2007-08-29,76.96,76.9704482503958,0.010448250395810987,-0.010448250395810987,1.3749180216169066,42.19,0.048774999999999506,0.05157499999999939,True,True,75.5955302287789,119.1604482503958,43.564918021616904,True,0
417,2007-08-30,78.4,77.06342324268883,-1.3365767573111782,1.3365767573111782,1.3749180216169066,42.19,0.048779999999999504,0.05157999999999939,True,True,75.68850522107192,119.25342324268883,43.564918021616904,True,0
418,2007-08-31,80.0,78.49779277456544,-1.5022072254345602,1.5022072254345602,1.3749180216169066,42.19,0.0487849999999995,0.05158499999999939,True,True,77.12287475294853,120.68779277456544,43.564918021616904,True,0
419,2007-09-04,79.9,79.82643164906342,-0.07356835093658276,0.07356835093658276,1.3749180216169066,42.19,0.0487899999999995,0.051589999999999386,True,True,78.45151362744652,122.01643164906342,43.564918021616904,True,0
420,2007-09-05,82.24,79.7727355930897,-2.4672644069102887,2.4672644069102887,1.3749180216169066,42.19,0.0487949999999995,0.051594999999999384,True,True,78.3978175714728,121.9627355930897,43.564918021616904,True,0
421,2007-09-06,84.5,82.49750782854001,-2.0024921714599913,2.0024921714599913,1.3749180216169066,42.19,0.0487999999999995,0.05159999999999938,True,True,81.1225898069231,124.68750782854,43.564918021616904,True,0
422,2007-09-07,84.7,84.65223706284084,-0.04776293715916324,0.04776293715916324,1.3749180216169066,42.19,0.048804999999999495,0.05160499999999938,True,True,83.27731904122393,126.84223706284084,43.564918021616904,True,0
423,2007-09-10,84.93,83.37535994144261,-1.5546400585573963,1.5546400585573963,1.3749180216169066,42.19,0.04880999999999949,0.05160999999999938,True,True,82.0004419198257,125.56535994144261,43.564918021616904,True,0
424,2007-09-11,84.17,84.84124231627531,0.6712423162753112,-0.6712423162753112,1.3749180216169066,42.19,0.04881499999999949,0.05161499999999938,True,True,83.4663242946584,127.03124231627531,43.564918021616904,True,0
425,2007-09-12,86.07,84.21558398833368,-1.8544160116663164,1.8544160116663164,1.3749180216169066,42.19,0.04881999999999949,0.051619999999999375,True,True,82.84066596671677,126.40558398833367,43.564918021616904,True,0
426,2007-09-13,87.95,86.10396666217085,-1.8460333378291551,1.8460333378291551,1.3749180216169066,42.19,0.04882499999999949,0.05162499999999937,True,True,84.72904864055394,128.29396666217085,43.564918021616904,True,0
427,2007-09-14,86.41,88.05808863485657,1.6480886348565775,-1.6480886348565775,1.3749180216169066,42.19,0.048829999999999485,0.05162999999999937,False,True,86.68317061323967,130.24808863485657,43.564918021616904,False,1
428,2007-09-17,86.98,86.17494925121058,-0.8050507487894265,0.8050507487894265,1.4113667709634186,37.61,0.04873499999999949,0.05163499999999937,True,True,84.76358248024715,123.78494925121058,39.021366770963425,True,0
429,2007-09-18,87.38,87.03463480621305,-0.34536519378694663,0.34536519378694663,1.4113667709634186,37.61,0.048739999999999485,0.05163999999999937,True,True,85.62326803524962,124.64463480621305,39.021366770963425,True,0
430,2007-09-19,89.52,87.32608727253655,-2.1939127274634416,2.1939127274634416,1.4113667709634186,37.61,0.04874499999999948,0.051644999999999365,True,True,85.91472050157313,124.93608727253655,39.021366770963425,True,0
431,2007-09-20,88.9,89.5901647922319,0.6901647922318972,-0.6901647922318972,1.4113667709634186,37.61,0.04874999999999948,0.05164999999999936,True,True,88.17879802126848,127.2001647922319,39.021366770963425,True,0
432,2007-09-21,90.29,88.8679355664024,-1.4220644335976118,1.4220644335976118,1.3749180216169066,37.61,0.04875499999999948,0.05165499999999936,True,True,87.49301754478549,126.4779355664024,38.984918021616906,True,0
433,2007-09-24,91.3,90.29352211808286,-1.0064778819171352,1.0064778819171352,1.3749180216169066,37.61,0.04875999999999948,0.05165999999999936,True,True,88.91860409646596,127.90352211808286,38.984918021616906,True,0
434,2007-09-25,91.99,91.25623262724876,-0.733767372751231,0.733767372751231,1.3749180216169066,37.61,0.048764999999999475,0.05166499999999936,True,True,89.88131460563186,128.86623262724876,38.984918021616906,True,0
435,2007-09-26,94.04,92.21750428132167,-1.82249571867834,1.82249571867834,1.3749180216169066,37.61,0.048769999999999473,0.051669999999999355,True,True,90.84258625970476,129.82750428132167,38.984918021616906,True,0
436,2007-09-27,94.07,94.42684760009287,0.35684760009287686,-0.35684760009287686,1.3749180216169066,37.61,0.04877499999999947,0.05167499999999935,True,True,93.05192957847596,132.03684760009287,38.984918021616906,True,0
437,2007-09-28,92.77,93.69447643469633,0.9244764346963308,-0.9244764346963308,1.3749180216169066,37.61,0.04877999999999947,0.05167999999999935,True,True,92.31955841307942,131.3044764346963,38.98491802161689,True,0
438,2007-10-01,93.42,92.24622009744968,-1.1737799025503222,1.1737799025503222,1.3749180216169066,37.61,0.04878499999999947,0.05168499999999935,True,True,90.87130207583277,129.8562200974497,38.98491802161692,True,0
439,2007-10-02,93.86,93.70304077905537,-0.15695922094462844,0.15695922094462844,1.3749180216169066,37.61,0.048789999999999466,0.05168999999999935,True,True,92.32812275743846,131.31304077905537,38.984918021616906,True,0
440,2007-10-03,92.19,93.42997282198093,1.2399728219809276,-1.2399728219809276,1.3749180216169066,37.61,0.048794999999999464,0.051694999999999346,True,True,92.05505480036402,131.03997282198094,38.98491802161692,True,0
441,2007-10-04,92.55,91.96319921760451,-0.5868007823954855,0.5868007823954855,1.3749180216169066,37.61,0.04879999999999946,0.051699999999999344,True,True,90.5882811959876,129.5731992176045,38.98491802161689,True,0
442,2007-10-05,93.55,92.49223694569146,-1.0577630543085377,1.0577630543085377,1.3749180216169066,37.61,0.04880499999999946,0.05170499999999934,True,True,91.11731892407455,130.10223694569146,38.984918021616906,True,0
443,2007-10-08,94.22,93.89211864379425,-0.32788135620575076,0.32788135620575076,1.3749180216169066,37.61,0.04880999999999946,0.05170999999999934,True,True,92.51720062217734,131.50211864379423,38.98491802161689,True,0
444,2007-10-09,96.59,94.44825444055937,-2.1417455594406363,2.1417455594406363,1.3749180216169066,37.61,0.048814999999999456,0.05171499999999934,True,True,93.07333641894246,132.05825444055938,38.98491802161692,True,0
445,2007-10-10,95.5,96.59714222516934,1.0971422251693355,-1.0971422251693355,1.3749180216169066,37.61,0.048819999999999454,0.051719999999999336,True,True,95.22222420355243,134.20714222516932,38.98491802161689,True,0
446,2007-10-11,95.33,95.5077265635665,0.17772656356649463,-0.17772656356649463,1.3749180216169066,37.34,0.04882499999999945,0.051724999999999334,True,True,94.13280854194959,132.84772656356648,38.714918021616896,True,0
447,2007-10-12,89.42,94.43184766553652,5.011847665536521,-5.011847665536521,1.3749180216169066,37.34,0.04882999999999945,0.05172999999999933,False,True,93.05692964391962,131.77184766553654,38.714918021616924,False,1
448,2007-10-15,91.8,89.14181516473583,-2.6581848352641657,2.6581848352641657,1.4113667709634186,37.34,0.04873499999999945,0.05173499999999933,True,True,87.7304483937724,126.48181516473583,38.75136677096343,True,0
449,2007-10-16,88.69,91.90246711730437,3.212467117304371,-3.212467117304371,1.4113667709634186,37.34,0.04873999999999945,0.05173999999999933,False,True,90.49110034634094,129.2424671173044,38.75136677096344,False,1
450,2007-10-17,91.9,88.4068605132436,-3.493139486756405,3.493139486756405,1.4490355711589018,37.34,0.04864499999999945,0.051744999999999326,True,True,86.9578249420847,125.7468605132436,38.789035571158905,True,0
451,2007-10-18,89.37,91.92622677015486,2.5562267701548507,-2.5562267701548507,1.4490355711589018,37.34,0.04864999999999945,0.051749999999999324,False,True,90.47719119899595,129.26622677015484,38.78903557115889,False,1
452,2007-10-19,89.93,89.20246051318708,-0.7275394868129297,0.7275394868129297,1.4591903755390803,37.34,0.04855499999999945,0.05175499999999932,True,True,87.743270137648,126.54246051318708,38.799190375539084,True,0
453,2007-10-22,89.25,90.05267688401213,0.8026768840121292,-0.8026768840121292,1.4591903755390803,37.34,0.04855999999999945,0.05175999999999932,True,True,88.59348650847305,127.39267688401213,38.799190375539084,True,0
454,2007-10-23,95.28,88.6797865066935,-6.600213493306498,6.600213493306498,1.4591903755390803,37.34,0.04856499999999945,0.05176499999999932,True,True,87.22059613115442,126.0197865066935,38.799190375539084,True,0
455,2007-10-24,90.87,95.56227002724073,4.692270027240724,-4.692270027240724,1.4490355711589018,37.34,0.04856999999999945,0.05176999999999932,False,True,94.11323445608183,132.90227002724072,38.78903557115889,False,1
456,2007-10-25,88.23,90.63815958120873,2.4081595812087215,-2.4081595812087215,1.4591903755390803,37.34,0.04847499999999945,0.051774999999999315,False,True,89.17896920566965,127.97815958120873,38.799190375539084,False,1
457,2007-10-26,89.0,88.01704186051023,-0.9829581394897673,0.9829581394897673,1.4953256784961795,37.34,0.04837999999999945,0.05177999999999931,True,True,86.52171618201405,125.35704186051024,38.83532567849619,True,0
458,2007-10-29,90.41,88.9259281762317,-1.4840718237683035,1.4840718237683035,1.4953256784961795,37.34,0.04838499999999945,0.05178499999999931,True,True,87.43060249773552,126.2659281762317,38.835325678496176,True,0
459,2007-10-30,89.67,90.72383684264496,1.0538368426449551,-1.0538368426449551,1.4953256784961795,37.34,0.04838999999999945,0.05178999999999931,True,True,89.22851116414878,128.06383684264495,38.83532567849616,True,0
460,2007-10-31,88.05,89.0505055305335,1.000505530533502,-1.000505530533502,1.4953256784961795,37.34,0.048394999999999445,0.05179499999999931,True,True,87.55517985203733,126.3905055305335,38.835325678496176,True,0
461,2007-11-01,87.75,88.15877846138335,0.40877846138334917,-0.40877846138334917,1.4953256784961795,37.34,0.04839999999999944,0.051799999999999305,True,True,86.66345278288716,125.49877846138335,38.83532567849619,True,0
462,2007-11-02,87.97,87.86566201410079,-0.10433798589920684,0.10433798589920684,1.4953256784961795,37.34,0.04840499999999944,0.0518049999999993,True,True,86.3703363356046,125.2056620141008,38.83532567849619,True,0
463,2007-11-05,84.35,87.83298958391372,3.482989583913721,-3.482989583913721,1.4953256784961795,37.34,0.04840999999999944,0.0518099999999993,False,True,86.33766390541754,125.17298958391372,38.835325678496176,False,1
464,2007-11-06,84.61,84.10007003581352,-0.5099299641864832,0.5099299641864832,1.5546278746113131,37.34,0.04831499999999944,0.0518149999999993,True,True,82.5454421612022,121.44007003581352,38.89462787461132,True,0
465,2007-11-07,86.41,84.52222624988939,-1.887773750110611,1.887773750110611,1.5546278746113131,37.25,0.04831999999999944,0.0518199999999993,True,True,82.96759837527807,121.77222624988939,38.80462787461131,True,0
466,2007-11-08,86.8,86.39816238670056,-0.4018376132994348,0.4018376132994348,1.5546278746113131,37.25,0.04832499999999944,0.051824999999999295,True,True,84.84353451208925,123.64816238670056,38.80462787461131,True,0
467,2007-11-09,82.42,86.7220294479729,4.302029447972899,-4.302029447972899,1.5546278746113131,37.25,0.048329999999999436,0.05182999999999929,False,True,85.16740157336159,123.9720294479729,38.80462787461131,False,1
468,2007-11-12,78.26,82.14740144596747,3.8874014459674697,-3.8874014459674697,1.600866048462862,37.25,0.04823499999999944,0.05183499999999929,False,True,80.54653539750461,119.39740144596747,38.85086604846286,False,1
469,2007-11-13,77.91,78.05420648949614,0.1442064894961419,-0.1442064894961419,1.6480886348565775,37.25,0.04813999999999944,0.05183999999999929,True,True,76.40611785463956,115.30420648949614,38.89808863485658,True,0
470,2007-11-14,80.4,77.8897963252227,-2.5102036747773013,2.5102036747773013,1.6480886348565775,37.25,0.04814499999999944,0.05184499999999929,True,True,76.24170769036613,115.1397963252227,38.89808863485658,True,0
471,2007-11-15,79.43,80.52108188810398,1.0910818881039717,-1.0910818881039717,1.6480886348565775,37.25,0.048149999999999436,0.051849999999999286,True,True,78.8729932532474,117.77108188810398,38.89808863485658,True,0
472,2007-11-16,77.01,79.34172292359878,2.3317229235987753,-2.3317229235987753,1.6480886348565775,37.25,0.048154999999999434,0.051854999999999284,False,True,77.6936342887422,116.59172292359878,38.89808863485658,False,1
473,2007-11-19,78.83,76.87533144359254,-1.954668556407455,1.954668556407455,1.7260149005535368,37.25,0.048059999999999437,0.05185999999999928,True,True,75.149316543039,114.12533144359254,38.97601490055354,True,0
474,2007-11-20,79.86,78.93463581888162,-0.9253641811183826,0.9253641811183826,1.7260149005535368,37.25,0.048064999999999435,0.05186499999999928,True,True,77.20862091832808,116.18463581888162,38.97601490055354,True,0
475,2007-11-21,79.24,79.8691729471077,0.6291729471077048,-0.6291729471077048,1.7260149005535368,37.25,0.04806999999999943,0.05186999999999928,True,True,78.14315804655416,117.1191729471077,38.97601490055354,True,0
476,2007-11-23,80.11,79.17695111764704,-0.9330488823529635,0.9330488823529635,1.7260149005535368,37.25,0.04807499999999943,0.051874999999999276,True,True,77.4509362170935,116.42695111764704,38.97601490055354,True,0
477,2007-11-26,82.3,80.14823178327129,-2.151768216728712,2.151768216728712,1.7260149005535368,37.25,0.04807999999999943,0.051879999999999274,True,True,78.42221688271775,117.39823178327129,38.97601490055354,True,0
478,2007-11-27,82.92,82.39115113671565,-0.5288488632843524,0.5288488632843524,1.7260149005535368,37.25,0.04808499999999943,0.05188499999999927,True,True,80.66513623616211,119.64115113671565,38.97601490055354,True,0
479,2007-11-28,87.55,82.91386053239322,-4.636139467606782,4.636139467606782,1.7260149005535368,37.25,0.048089999999999425,0.05188999999999927,True,True,81.18784563183968,120.16386053239322,38.97601490055354,True,0
480,2007-11-29,89.89,88.2231052786516,-1.6668947213483989,1.6668947213483989,1.6480886348565775,37.25,0.04809499999999942,0.05189499999999927,True,True,86.57501664379502,125.4731052786516,38.89808863485658,True,0
481,2007-11-30,90.56,90.15298266836342,-0.40701733163658105,0.40701733163658105,1.6480886348565775,37.25,0.04809999999999942,0.051899999999999266,True,True,88.50489403350684,127.40298266836342,38.89808863485658,True,0
482,2007-12-03,90.03,90.6836459951483,0.6536459951482954,-0.6536459951482954,1.6480886348565775,37.25,0.04810499999999942,0.051904999999999264,True,True,89.03555736029172,127.9336459951483,38.89808863485658,True,0
483,2007-12-04,90.04,89.90090775931009,-0.13909224068991932,0.13909224068991932,1.6480886348565775,37.08,0.04810999999999942,0.05190999999999926,True,True,88.25281912445351,126.98090775931009,38.728088634856576,True,0
484,2007-12-05,94.99,89.96158873888315,-5.028411261116844,5.028411261116844,1.6480886348565775,37.08,0.048114999999999415,0.05191499999999926,True,True,88.31350010402657,127.04158873888315,38.728088634856576,True,0
485,2007-12-06,93.28,94.55825133333686,1.2782513333368541,-1.2782513333368541,1.6480886348565775,37.08,0.04811999999999941,0.05191999999999926,True,True,92.91016269848028,131.63825133333685,38.728088634856576,True,0
486,2007-12-07,94.56,93.24130837273349,-1.3186916272665172,1.3186916272665172,1.6480886348565775,37.08,0.04812499999999941,0.051924999999999256,True,True,91.59321973787691,130.32130837273348,38.728088634856576,True,0
487,2007-12-10,94.31,94.95740296488073,0.647402964880726,-0.647402964880726,1.6480886348565775,37.08,0.04812999999999941,0.051929999999999255,True,True,93.30931433002415,132.03740296488073,38.728088634856576,True,0
488,2007-12-11,93.1,94.19220414845043,1.0922041484504348,-1.0922041484504348,1.6480886348565775,37.08,0.04813499999999941,0.05193499999999925,True,True,92.54411551359385,131.27220414845044,38.72808863485659,True,0
489,2007-12-12,92.84,92.95039850694332,0.11039850694331221,-0.11039850694331221,1.6480886348565775,37.08,0.048139999999999405,0.05193999999999925,True,True,91.30230987208674,130.0303985069433,38.72808863485656,True,0
490,2007-12-13,91.05,92.89634299241199,1.8463429924119907,-1.8463429924119907,1.6480886348565775,37.08,0.048144999999999404,0.05194499999999925,False,True,91.24825435755541,129.976342992412,38.728088634856576,False,1
491,2007-12-14,90.77,91.21481617148306,0.44481617148306896,-0.44481617148306896,1.7260149005535368,37.08,0.048049999999999406,0.05194999999999925,True,True,89.48880127092953,128.29481617148306,38.806014900553535,True,0
492,2007-12-17,89.01,90.92980898548704,1.9198089854870375,-1.9198089854870375,1.7260149005535368,37.08,0.048054999999999404,0.051954999999999245,False,True,89.2037940849335,128.00980898548704,38.806014900553535,False,1
493,2007-12-18,85.83,88.88197312196009,3.0519731219600885,-3.0519731219600885,1.8407009268302446,37.08,0.047959999999999406,0.05195999999999924,False,True,87.04127219512984,125.96197312196009,38.92070092683025,False,1
494,2007-12-19,86.94,85.67148167078983,-1.268518329210167,1.268518329210167,1.8463429924119907,37.08,0.04786499999999941,0.05196499999999924,True,True,83.82513867837784,122.75148167078983,38.92634299241199,True,0
495,2007-12-20,90.14,86.95582305128183,-3.184176948718175,3.184176948718175,1.8463429924119907,37.08,0.047869999999999406,0.05196999999999924,True,True,85.10948005886983,124.03582305128182,38.92634299241199,True,0
496,2007-12-21,91.47,90.21317505680832,-1.256824943191674,1.256824943191674,1.8463429924119907,37.08,0.047874999999999404,0.05197499999999924,True,True,88.36683206439633,127.29317505680832,38.92634299241199,True,0
497,2007-12-24,91.05,91.61610410205301,0.5661041020530178,-0.5661041020530178,1.8463429924119907,37.08,0.0478799999999994,0.051979999999999235,True,True,89.76976110964102,128.69610410205303,38.926342992412,True,0
498,2007-12-26,91.48,91.08040463952192,-0.39959536047808797,0.39959536047808797,1.8463429924119907,37.08,0.0478849999999994,0.05198499999999923,True,True,89.23406164710993,128.16040463952191,38.92634299241199,True,0
499,2007-12-27,92.67,91.41716287342575,-1.2528371265742493,1.2528371265742493,1.8463429924119907,37.08,0.0478899999999994,0.05198999999999923,True,True,89.57081988101376,128.49716287342574,38.926342992411975,True,0
500,2007-12-28,95.27,92.63987542659228,-2.6301245734077128,2.6301245734077128,1.8463429924119907,37.08,0.047894999999999396,0.05199499999999923,True,True,90.79353243418029,129.7198754265923,38.926342992412,True,0
501,2007-12-31,93.81,95.41144528936651,1.6014452893665094,-1.6014452893665094,1.8463429924119907,37.08,0.047899999999999394,0.05199999999999923,True,True,93.56510229695452,132.4914452893665,38.92634299241199,True,0
502,2008-01-02,95.35,93.73443956150248,-1.6155604384975106,1.6155604384975106,1.8407009268302446,37.04,0.04790499999999939,0.052004999999999225,True,True,91.89373863467225,130.77443956150248,38.88070092683023,True,0
503,2008-01-03,96.06,95.22422589387945,-0.835774106120553,0.835774106120553,1.8407009268302446,37.04,0.04790999999999939,0.052009999999999224,True,True,93.3835249670492,132.26422589387946,38.88070092683026,True,0
504,2008-01-04,93.26,96.00049783077309,2.74049783077308,-2.74049783077308,1.8407009268302446,37.04,0.04791499999999939,0.05201499999999922,False,True,94.15979690394283,133.0404978307731,38.88070092683026,False,1
505,2008-01-07,88.62,93.02058123988502,4.400581239885014,-4.400581239885014,1.8463429924119907,37.04,0.04781999999999939,0.05201999999999922,False,True,91.17423824747303,130.060581239885,38.88634299241198,False,1
506,2008-01-08,87.55,88.41274689510065,0.8627468951006563,-0.8627468951006563,1.8596070674441876,37.04,0.04772499999999939,0.05202499999999922,True,True,86.55313982765647,125.45274689510066,38.899607067444194,True,0
507,2008-01-09,87.56,87.53908272793034,-0.020917272069667092,0.020917272069667092,1.8596070674441876,37.04,0.04772999999999939,0.052029999999999216,True,True,85.67947566048615,124.57908272793034,38.899607067444194,True,0
508,2008-01-10,83.98,87.5695050947564,3.5895050947563902,-3.5895050947563902,1.8596070674441876,37.04,0.04773499999999939,0.052034999999999214,False,True,85.7098980273122,124.6095050947564,38.899607067444194,False,1
509,2008-01-11,84.03,83.75322983875088,-0.276770161249118,0.276770161249118,1.9198089854870375,37.04,0.04763999999999939,0.05203999999999921,True,True,81.83342085326385,120.79322983875088,38.95980898548703,True,0
510,2008-01-14,82.18,84.05129231398668,1.8712923139866717,-1.8712923139866717,1.9198089854870375,37.04,0.04764499999999939,0.05204499999999921,True,True,82.13148332849964,121.09129231398668,38.959808985487044,True,0
511,2008-01-15,80.48,82.04676283247393,1.566762832473927,-1.566762832473927,1.9198089854870375,37.04,0.04764999999999939,0.05204999999999921,True,True,80.1269538469869,119.08676283247394,38.959808985487044,True,0
512,2008-01-16,79.58,80.36295317956677,0.7829531795667748,-0.7829531795667748,1.9198089854870375,37.04,0.047654999999999385,0.052054999999999206,True,True,78.44314419407974,117.40295317956677,38.95980898548703,True,0
513,2008-01-17,80.16,79.50556191308908,-0.6544380869109148,0.6544380869109148,1.9198089854870375,37.04,0.04765999999999938,0.052059999999999204,True,True,77.58575292760204,116.54556191308907,38.95980898548703,True,0
514,2008-01-18,79.93,80.17133290335535,0.2413329033553424,-0.2413329033553424,1.9198089854870375,37.04,0.04766499999999938,0.0520649999999992,True,True,78.25152391786831,117.21133290335536,38.959808985487044,True,0
515,2008-01-22,73.58,79.88050651452134,6.300506514521345,-6.300506514521345,1.9198089854870375,37.04,0.04766999999999938,0.0520699999999992,False,True,77.9606975290343,116.92050651452135,38.959808985487044,False,1
516,2008-01-23,75.6,73.16832756205237,-2.4316724379476256,2.4316724379476256,1.9226818008104587,37.04,0.04757499999999938,0.0520749999999992,True,True,71.24564576124192,110.20832756205238,38.96268180081046,True,0
517,2008-01-24,74.53,75.72747522277177,1.1974752227717715,-1.1974752227717715,1.9226818008104587,37.04,0.04757999999999938,0.052079999999999196,True,True,73.8047934219613,112.76747522277176,38.96268180081046,True,0
518,2008-01-25,78.69,74.42579087450993,-4.264209125490069,4.264209125490069,1.9226818008104587,37.04,0.04758499999999938,0.052084999999999194,True,True,72.50310907369948,111.46579087450993,38.96268180081046,True,0
519,2008-01-28,76.91,78.86815536019192,1.958155360191924,-1.958155360191924,1.9226818008104587,37.04,0.047589999999999376,0.05208999999999919,False,True,76.94547355938147,115.90815536019193,38.96268180081046,False,1
520,2008-01-29,75.77,76.79391127803143,1.0239112780314343,-1.0239112780314343,1.958155360191924,36.98,0.04749499999999938,0.05209499999999919,True,True,74.8357559178395,113.77391127803142,38.938155360191914,True,0
521,2008-01-30,73.54,75.6807792648143,2.1407792648142987,-2.1407792648142987,1.958155360191924,36.98,0.047499999999999376,0.05209999999999919,False,True,73.72262390462238,112.6607792648143,38.938155360191914,False,1
522,2008-01-31,68.91,73.39360833969488,4.483608339694882,-4.483608339694882,2.088200863990096,36.98,0.04740499999999938,0.05210499999999919,False,True,71.30540747570478,110.37360833969487,39.068200863990086,False,1
523,2008-02-01,79.02,68.62405378878888,-10.395946211211111,10.395946211211111,2.101517316241292,36.98,0.04730999999999938,0.052109999999999185,True,True,66.52253647254759,105.60405378878889,39.0815173162413,True,0
524,2008-02-04,74.5,79.33114664980475,4.831146649804751,-4.831146649804751,2.101517316241292,36.98,0.04731499999999938,0.05211499999999918,False,True,77.22962933356345,116.31114664980475,39.0815173162413,False,1
525,2008-02-05,72.8,74.47727569605735,1.6772756960573503,-1.6772756960573503,2.1407792648142987,36.98,0.04721999999999938,0.05211999999999918,True,True,72.33649643124305,111.45727569605734,39.12077926481429,True,0
526,2008-02-06,72.3,72.75993077343416,0.45993077343416644,-0.45993077343416644,2.1407792648142987,36.98,0.04722499999999938,0.05212499999999918,True,True,70.61915150861986,109.73993077343417,39.1207792648143,True,0
527,2008-02-07,67.37,72.25912213772831,4.889122137728307,-4.889122137728307,2.1407792648142987,36.98,0.04722999999999938,0.05212999999999918,False,True,70.11834287291401,109.23912213772832,39.1207792648143,False,1
528,2008-02-08,73.4,67.27683141874063,-6.123168581259378,6.123168581259378,2.3317229235987753,36.98,0.04713499999999938,0.052134999999999175,True,True,64.94510849514185,104.25683141874063,39.31172292359878,True,0
529,2008-02-11,73.14,73.32913002854622,0.18913002854621652,-0.18913002854621652,2.3317229235987753,36.98,0.04713999999999938,0.05213999999999917,True,True,70.99740710494744,110.3091300285462,39.311722923598765,True,0
530,2008-02-12,75.43,73.10220164584413,-2.327798354155874,2.327798354155874,2.3317229235987753,36.98,0.047144999999999375,0.05214499999999917,True,True,70.77047872224536,110.08220164584412,39.311722923598765,True,0
531,2008-02-13,74.99,75.37315858500392,0.3831585850039261,-0.3831585850039261,2.3317229235987753,36.98,0.04714999999999937,0.05214999999999917,True,True,73.04143566140515,112.35315858500391,39.311722923598765,True,0
532,2008-02-14,77.73,74.96692936708726,-2.7630706329127435,2.7630706329127435,2.1407792648142987,36.98,0.04715499999999937,0.05215499999999917,True,True,72.82615010227296,111.94692936708725,39.12077926481429,True,0
533,2008-02-15,75.0,77.6662265802286,2.666226580228596,-2.666226580228596,2.1407792648142987,36.98,0.04715999999999937,0.052159999999999165,False,True,75.5254473154143,114.64622658022859,39.12077926481429,False,1
534,2008-02-19,73.54,75.01111749919778,1.4711174991977742,-1.4711174991977742,2.3317229235987753,36.98,0.04706499999999937,0.05216499999999916,True,True,72.679394575599,111.99111749919777,39.311722923598765,True,0
535,2008-02-20,71.9,73.48547063960683,1.5854706396068252,-1.5854706396068252,2.3317229235987753,36.98,0.04706999999999937,0.05216999999999916,True,True,71.15374771600806,110.46547063960682,39.311722923598765,True,0
536,2008-02-21,73.94,71.85274375301668,-2.0872562469833156,2.0872562469833156,2.3317229235987753,36.98,0.04707499999999937,0.05217499999999916,True,True,69.5210208294179,108.83274375301667,39.311722923598765,True,0
537,2008-02-22,70.54,73.86458345614663,3.3245834561466268,-3.3245834561466268,2.3317229235987753,36.98,0.047079999999999365,0.05217999999999916,False,True,71.53286053254786,110.84458345614664,39.31172292359878,False,1
538,2008-02-25,72.35,70.5591446705023,-1.7908553294976883,1.7908553294976883,2.4081595812087215,36.7,0.04698499999999937,0.052184999999999156,True,True,68.15098508929358,107.25914467050231,39.108159581208724,True,0
539,2008-02-26,71.91,72.23485698253256,0.324856982532566,-0.324856982532566,2.4081595812087215,36.7,0.046989999999999366,0.052189999999999154,True,True,69.82669740132384,108.93485698253257,39.108159581208724,True,0
540,2008-02-27,70.68,71.89950242911318,1.2195024291131773,-1.2195024291131773,2.4081595812087215,36.7,0.046994999999999364,0.05219499999999915,True,True,69.49134284790446,108.59950242911319,39.108159581208724,True,0
541,2008-02-28,70.3,70.64984329191063,0.3498432919106307,-0.3498432919106307,2.4081595812087215,36.7,0.04699999999999936,0.05219999999999915,True,True,68.2416837107019,107.34984329191063,39.108159581208724,True,0
542,2008-02-29,67.01,70.24777378249271,3.2377737824927095,-3.2377737824927095,2.4081595812087215,36.7,0.04700499999999936,0.05220499999999915,False,True,67.839614201284,106.94777378249272,39.108159581208724,False,1
543,2008-03-03,63.59,67.00832456186664,3.4183245618666405,-3.4183245618666405,2.4979006434349174,36.7,0.04690999999999936,0.052209999999999146,False,True,64.51042391843173,103.70832456186665,39.19790064343492,False,1
544,2008-03-04,61.67,63.529858538793405,1.8598585387934037,-1.8598585387934037,2.5204442707041608,36.7,0.046814999999999364,0.052214999999999144,True,True,61.009414268089245,100.22985853879341,39.220444270704164,True,0
545,2008-03-05,65.66,61.58157914267396,-4.078420857326037,4.078420857326037,2.5204442707041608,36.7,0.04681999999999936,0.05221999999999914,True,True,59.0611348719698,98.28157914267396,39.220444270704164,True,0
546,2008-03-06,64.75,65.56684106408247,0.8168410640824675,-0.8168410640824675,2.5204442707041608,36.7,0.04682499999999936,0.05222499999999914,True,True,63.04639679337831,102.26684106408247,39.220444270704164,True,0
547,2008-03-07,62.2,64.77391538396851,2.5739153839685116,-2.5739153839685116,2.5204442707041608,36.7,0.04682999999999936,0.05222999999999914,False,True,62.253471113264354,101.47391538396852,39.220444270704164,False,1
548,2008-03-10,63.9,62.184756830929295,-1.7152431690707033,1.7152431690707033,2.5562267701548507,36.7,0.04673499999999936,0.052234999999999136,True,True,59.628530060774445,98.88475683092929,39.256226770154846,True,0
549,2008-03-11,65.95,63.83294659033099,-2.117053409669012,2.117053409669012,2.5562267701548507,36.7,0.04673999999999936,0.052239999999999134,True,True,61.27671982017614,100.532946590331,39.25622677015485,True,0
550,2008-03-12,66.77,65.89784015412714,-0.8721598458728579,0.8721598458728579,2.5562267701548507,36.7,0.046744999999999357,0.05224499999999913,True,True,63.34161338397229,102.59784015412714,39.25622677015485,True,0
551,2008-03-13,65.11,66.73132515211257,1.6213251521125756,-1.6213251521125756,2.5562267701548507,36.7,0.046749999999999355,0.05224999999999913,True,True,64.17509838195772,103.43132515211258,39.25622677015485,True,0
552,2008-03-14,68.61,65.08969200877031,-3.5203079912296857,3.5203079912296857,2.5562267701548507,36.7,0.04675499999999935,0.05225499999999913,True,True,62.53346523861546,101.78969200877032,39.25622677015485,True,0
553,2008-03-17,65.72,68.52082416131421,2.8008241613142104,-2.8008241613142104,2.5562267701548507,36.7,0.04675999999999935,0.05225999999999913,False,True,65.96459739115936,105.22082416131421,39.25622677015485,False,1
554,2008-03-18,68.25,65.74954892171097,-2.500451078289032,2.500451078289032,2.5739153839685116,36.7,0.04666499999999935,0.052264999999999125,True,True,63.175633537742456,102.44954892171097,39.273915383968514,True,0
555,2008-03-19,71.1,68.12687213033759,-2.973127869662406,2.973127869662406,2.5739153839685116,36.7,0.04666999999999935,0.05226999999999912,True,True,65.55295674636908,104.82687213033759,39.273915383968514,True,0
556,2008-03-20,70.17,71.02040028131006,0.8504002813100584,-0.8504002813100584,2.5739153839685116,36.7,0.04667499999999935,0.05227499999999912,True,True,68.44648489734155,107.72040028131006,39.273915383968514,True,0
557,2008-03-24,73.82,70.15666608211471,-3.663333917885282,3.663333917885282,2.5739153839685116,36.7,0.04667999999999935,0.05227999999999912,True,True,67.5827506981462,106.85666608211471,39.273915383968514,True,0
558,2008-03-25,75.83,73.69040825554455,-2.139591744455444,2.139591744455444,2.5562267701548507,36.7,0.046684999999999345,0.05228499999999912,True,True,71.1341814853897,110.39040825554456,39.25622677015485,True,0
559,2008-03-26,74.14,75.78072286013699,1.6407228601369894,-1.6407228601369894,2.5562267701548507,36.7,0.04668999999999934,0.052289999999999115,True,True,73.22449608998214,112.48072286013699,39.25622677015485,True,0
560,2008-03-27,74.37,74.13548985131148,-0.23451014868852837,0.23451014868852837,2.5562267701548507,36.7,0.04669499999999934,0.05229499999999911,True,True,71.57926308115663,110.83548985131148,39.25622677015485,True,0
561,2008-03-28,71.0,74.3100031131812,3.310003113181196,-3.310003113181196,2.5562267701548507,36.7,0.04669999999999934,0.05229999999999911,False,True,71.75377634302635,111.0100031131812,39.25622677015485,False,1
562,2008-03-31,70.25,71.01797498220563,0.7679749822056294,-0.7679749822056294,2.5739153839685116,36.7,0.04660499999999934,0.05230499999999911,True,True,68.44405959823712,107.71797498220563,39.273915383968514,True,0
563,2008-04-01,72.99,70.19203216669659,-2.797967833303403,2.797967833303403,2.5739153839685116,36.7,0.04660999999999934,0.05230999999999911,True,True,67.61811678272808,106.8920321666966,39.273915383968514,True,0
564,2008-04-02,77.08,72.89001502902835,-4.189984970971651,4.189984970971651,2.5739153839685116,36.7,0.04661499999999934,0.052314999999999105,True,True,70.31609964505984,109.59001502902835,39.273915383968514,True,0
565,2008-04-03,75.15,76.98304606951571,1.833046069515703,-1.833046069515703,2.5739153839685116,36.7,0.046619999999999336,0.0523199999999991,True,True,74.4091306855472,113.68304606951571,39.273915383968514,True,0
566,2008-04-04,75.26,75.13685696680442,-0.12314303319558917,0.12314303319558917,2.5739153839685116,36.7,0.046624999999999334,0.0523249999999991,True,True,72.5629415828359,111.83685696680442,39.273915383968514,True,0
567,2008-04-07,77.36,75.2099175524926,-2.150082447507401,2.150082447507401,2.5739153839685116,36.7,0.04662999999999933,0.0523299999999991,True,True,72.63600216852409,111.9099175524926,39.273915383968514,True,0
568,2008-04-08,76.4,77.27754955273498,0.8775495527349761,-0.8775495527349761,2.5739153839685116,36.7,0.04663499999999933,0.0523349999999991,True,True,74.70363416876647,113.97754955273498,39.273915383968514,True,0
569,2008-04-09,76.56,76.36767052013002,-0.19232947986998283,0.19232947986998283,2.5739153839685116,36.7,0.04663999999999933,0.052339999999999096,True,True,73.79375513616151,113.06767052013002,39.273915383968514,True,0
570,2008-04-10,74.48,76.5112637921441,2.0312637921441024,-2.0312637921441024,2.5739153839685116,36.7,0.046644999999999326,0.052344999999999094,True,True,73.9373484081756,113.21126379214411,39.273915383968514,True,0
571,2008-04-11,73.84,74.46932050307957,0.629320503079569,-0.629320503079569,2.5739153839685116,36.7,0.046649999999999324,0.05234999999999909,True,True,71.89540511911106,111.16932050307958,39.273915383968514,True,0
572,2008-04-14,71.7,73.80457205052207,2.1045720505220658,-2.1045720505220658,2.5739153839685116,36.7,0.04665499999999932,0.05235499999999909,True,True,71.23065666655356,110.50457205052207,39.273915383968514,True,0
573,2008-04-15,72.97,71.68809833996349,-1.2819016600365103,1.2819016600365103,2.5739153839685116,36.7,0.04665999999999932,0.05235999999999909,True,True,69.11418295599498,108.38809833996349,39.273915383968514,True,0
574,2008-04-16,73.02,72.89867722562573,-0.12132277437426353,0.12132277437426353,2.5739153839685116,13.725655545674073,0.04666499999999932,0.052364999999999086,True,True,70.32476184165722,86.6243327712998,16.299570929642584,True,0
575,2008-04-17,74.18,72.97513051887523,-1.2048694811247742,1.2048694811247742,2.5739153839685116,13.725655545674073,0.046669999999999316,0.052369999999999084,True,True,70.40121513490672,86.7007860645493,16.299570929642584,True,0
576,2008-04-18,76.48,74.11325305391787,-2.366746946082131,2.366746946082131,2.5739153839685116,13.725655545674073,0.046674999999999314,0.05237499999999908,True,True,71.53933766994936,87.83890859959195,16.299570929642584,True,0
577,2008-04-21,80.03,76.39668026524718,-3.633319734752817,3.633319734752817,2.5739153839685116,13.725655545674073,0.04667999999999931,0.05237999999999908,True,True,73.82276488127867,90.12233581092126,16.299570929642584,True,0
578,2008-04-22,79.94,79.94273817934125,0.002738179341250202,-0.002738179341250202,2.5739153839685116,13.725655545674073,0.04668499999999931,0.05238499999999908,True,True,77.36882279537274,93.66839372501532,16.299570929642584,True,0
579,2008-04-23,80.3,79.90628150550832,-0.3937184944916794,0.3937184944916794,2.5739153839685116,13.725655545674073,0.04668999999999931,0.052389999999999076,True,True,77.3323661215398,93.63193705118239,16.299570929642584,True,0
580,2008-04-24,77.71,80.24719133290964,2.537191332909643,-2.537191332909643,2.5562267701548507,13.725655545674073,0.046694999999999307,0.052394999999999074,True,True,77.69096456275479,93.97284687858371,16.281882315828923,True,0
581,2008-04-25,77.81,77.69732941671104,-0.11267058328895985,0.11267058328895985,2.5562267701548507,13.725655545674073,0.046699999999999305,0.05239999999999907,True,True,75.14110264655619,91.42298496238512,16.281882315828923,True,0
582,2008-04-28,80.64,77.74936664073685,-2.8906333592631483,2.8906333592631483,2.5562267701548507,13.725655545674073,0.0467049999999993,0.05240499999999907,True,True,75.193139870582,91.47502218641092,16.281882315828923,True,0
583,2008-04-29,81.42,80.55327708354564,-0.8667229164543642,0.8667229164543642,2.5562267701548507,13.725655545674073,0.0467099999999993,0.05240999999999907,True,True,77.99705031339079,94.27893262921971,16.281882315828923,True,0
584,2008-04-30,80.9,81.36700453332239,0.4670045333223811,-0.4670045333223811,2.5562267701548507,13.725655545674073,0.0467149999999993,0.052414999999999067,True,True,78.81077776316754,95.09266007899646,16.281882315828923,True,0
585,2008-05-01,78.4,80.8601045658625,2.460104565862494,-2.460104565862494,2.5562267701548507,13.725655545674073,0.0467199999999993,0.052419999999999065,True,True,78.30387779570765,94.58576011153657,16.281882315828923,True,0
586,2008-05-02,80.3,78.38190837849545,-1.9180916215045443,1.9180916215045443,2.5562267701548507,13.725655545674073,0.046724999999999295,0.05242499999999906,True,True,75.8256816083406,92.10756392416953,16.281882315828923,True,0
587,2008-05-05,77.27,80.22499697761846,2.954996977618464,-2.954996977618464,2.5562267701548507,13.725655545674073,0.04672999999999929,0.05242999999999906,False,True,77.66877020746361,93.95065252329253,16.281882315828923,False,1
588,2008-05-06,75.51,77.27419607535535,1.7641960753553434,-1.7641960753553434,2.5739153839685116,13.725655545674073,0.046634999999999295,0.05243499999999906,True,True,74.70028069138684,90.99985162102942,16.299570929642584,True,0
589,2008-05-07,75.26,75.48163450349966,0.22163450349965785,-0.22163450349965785,2.5739153839685116,13.725655545674073,0.04663999999999929,0.05243999999999906,True,True,72.90771911953115,89.20729004917374,16.299570929642584,True,0
590,2008-05-08,73.73,75.21238287539434,1.482382875394336,-1.482382875394336,2.5739153839685116,13.725655545674073,0.04664499999999929,0.052444999999999055,True,True,72.63846749142583,88.93803842106841,16.299570929642584,True,0
591,2008-05-09,72.2,73.70301386940248,1.50301386940248,-1.50301386940248,2.5739153839685116,13.725655545674073,0.04664999999999929,0.05244999999999905,True,True,71.12909848543397,87.42866941507656,16.299570929642584,True,0
592,2008-05-12,73.0,72.16889113795865,-0.8311088620413472,0.8311088620413472,2.5739153839685116,10.395946211211111,0.04665499999999929,0.05245499999999905,True,True,69.59497575399014,82.56483734916976,12.969861595179623,True,0
593,2008-05-13,74.57,72.93928702626755,-1.630712973732443,1.630712973732443,2.5739153839685116,10.395946211211111,0.046659999999999285,0.05245999999999905,True,True,70.36537164229904,83.33523323747866,12.969861595179623,True,0
594,2008-05-14,74.92,74.50376097136449,-0.4162390286355162,0.4162390286355162,2.5739153839685116,10.395946211211111,0.04666499999999928,0.05246499999999905,True,True,71.92984558739597,84.8997071825756,12.969861595179623,True,0
595,2008-05-15,73.89,74.87070131052258,0.9807013105225764,-0.9807013105225764,2.5739153839685116,10.395946211211111,0.04666999999999928,0.052469999999999045,True,True,72.29678592655407,85.26664752173369,12.969861595179623,True,0
596,2008-05-16,76.42,73.85646445131566,-2.5635355486843423,2.5635355486843423,2.5739153839685116,10.395946211211111,0.04667499999999928,0.05247499999999904,True,True,71.28254906734715,84.25241066252677,12.969861595179623,True,0
597,2008-05-19,79.01,76.33498975357264,-2.6750102464273624,2.6750102464273624,2.5739153839685116,10.395946211211111,0.04667999999999928,0.05247999999999904,True,True,73.76107436960413,86.73093596478375,12.969861595179623,True,0
598,2008-05-20,82.17,78.93177849564404,-3.2382215043559626,3.2382215043559626,2.5739153839685116,10.395946211211111,0.046684999999999276,0.05248499999999904,True,True,76.35786311167553,89.32772470685515,12.969861595179623,True,0
599,2008-05-21,80.37,82.1021892124647,1.7321892124646894,-1.7321892124646894,2.5739153839685116,10.395946211211111,0.046689999999999274,0.05248999999999904,True,True,79.52827382849618,92.4981354236758,12.969861595179623,True,0
600,2008-05-22,78.68,80.34346051181515,1.6634605118151455,-1.6634605118151455,2.5739153839685116,10.395946211211111,0.04669499999999927,0.052494999999999035,True,True,77.76954512784664,90.73940672302626,12.969861595179623,True,0
601,2008-05-23,78.55,78.64549597526896,0.09549597526896036,-0.09549597526896036,2.5562267701548507,10.395946211211111,0.04669999999999927,0.052499999999999034,True,True,76.0892692051141,89.04144218648007,12.952172981365962,True,0
602,2008-05-27,78.26,78.50142968933481,0.24142968933480802,-0.24142968933480802,2.5562267701548507,10.395946211211111,0.04670499999999927,0.05250499999999903,True,True,75.94520291917996,88.89737590054592,12.952172981365962,True,0
603,2008-05-28,80.73,78.21292743093088,-2.5170725690691285,2.5170725690691285,2.5562267701548507,10.395946211211111,0.046709999999999266,0.05250999999999903,True,True,75.65670066077602,88.60887364214199,12.952172981365962,True,0
604,2008-05-29,80.61,80.65682136484425,0.04682136484424859,-0.04682136484424859,2.5562267701548507,10.395946211211111,0.046714999999999264,0.05251499999999903,True,True,78.1005945946894,91.05276757605536,12.952172981365962,True,0
605,2008-05-30,80.58,80.5612552643877,-0.01874473561230161,0.01874473561230161,2.5562267701548507,10.395946211211111,0.04671999999999926,0.052519999999999026,True,True,78.00502849423285,90.95720147559881,12.952172981365962,True,0
606,2008-06-02,81.15,80.53057173623041,-0.619428263769592,0.619428263769592,2.5562267701548507,10.395946211211111,0.04672499999999926,0.052524999999999024,True,True,77.97434496607556,90.92651794744152,12.952172981365962,True,0
607,2008-06-03,80.71,81.09505370034705,0.38505370034705777,-0.38505370034705777,2.5562267701548507,10.395946211211111,0.04672999999999926,0.05252999999999902,True,True,78.5388269301922,91.49099991155816,12.952172981365962,True,0
608,2008-06-04,80.11,80.66449503558955,0.5544950355895537,-0.5544950355895537,2.5562267701548507,10.395946211211111,0.046734999999999256,0.05253499999999902,True,True,78.1082682654347,91.06044124680066,12.952172981365962,True,0
609,2008-06-05,82.11,80.06600166859842,-2.043998331401582,2.043998331401582,2.5562267701548507,10.395946211211111,0.046739999999999254,0.05253999999999902,True,True,77.50977489844357,90.46194787980953,12.952172981365962,True,0
610,2008-06-06,83.24,82.04115808296797,-1.198841917032027,1.198841917032027,2.5562267701548507,10.395946211211111,0.04674499999999925,0.052544999999999016,True,True,79.48493131281312,92.43710429417908,12.952172981365962,True,0
611,2008-06-09,81.19,83.17923055743846,1.9892305574384608,-1.9892305574384608,2.5562267701548507,8.43241410940513,0.04674999999999925,0.052549999999999014,True,True,80.62300378728361,91.61164466684359,10.98864087955998,True,0
612,2008-06-10,78.2,81.15815698503,2.9581569850300014,-2.9581569850300014,2.5562267701548507,8.43241410940513,0.04675499999999925,0.05255499999999901,False,True,78.60193021487515,89.59057109443513,10.98864087955998,False,1
613,2008-06-11,79.35,78.17875596722152,-1.1712440327784748,1.1712440327784748,2.5739153839685116,8.43241410940513,0.04665999999999925,0.05255999999999901,True,True,75.60484058325301,86.61117007662665,11.006329493373642,True,0
614,2008-06-12,78.02,79.30155439400627,1.2815543940062781,-1.2815543940062781,2.5739153839685116,8.43241410940513,0.04666499999999925,0.05256499999999901,True,True,76.72763901003776,87.7339685034114,11.006329493373642,True,0
615,2008-06-13,76.7,77.98027791618571,1.2802779161857103,-1.2802779161857103,2.5739153839685116,8.43241410940513,0.04666999999999925,0.052569999999999006,True,True,75.4063625322172,86.41269202559084,11.006329493373642,True,0
616,2008-06-16,78.42,76.66662453524029,-1.7533754647597135,1.7533754647597135,2.5739153839685116,8.43241410940513,0.046674999999999245,0.052574999999999004,True,True,74.09270915127178,85.09903864464542,11.006329493373642,True,0
617,2008-06-17,83.15,78.35913596268378,-4.790864037316226,4.790864037316226,2.5739153839685116,8.43241410940513,0.04667999999999924,0.052579999999999,True,True,75.78522057871527,86.79155007208891,11.006329493373642,True,0
618,2008-06-18,82.0,83.05498505419092,1.0549850541909223,-1.0549850541909223,2.5739153839685116,8.43241410940513,0.04668499999999924,0.052584999999999,True,True,80.48106967022241,91.48739916359605,11.006329493373642,True,0
619,2008-06-19,82.21,81.92757354213,-0.2824264578699882,0.2824264578699882,2.5739153839685116,8.43241410940513,0.04668999999999924,0.052589999999999,True,True,79.3536581581615,90.35998765153514,11.006329493373642,True,0
620,2008-06-20,83.1,82.16562208599444,-0.9343779140055517,0.9343779140055517,2.5739153839685116,8.43241410940513,0.04669499999999924,0.052594999999999,True,True,79.59170670202593,90.59803619539957,11.006329493373642,True,0
621,2008-06-23,81.3,83.0414149636088,1.741414963608804,-1.741414963608804,2.5739153839685116,8.43241410940513,0.046699999999999235,0.052599999999998995,True,True,80.46749957964029,91.47382907301393,11.006329493373642,True,0
622,2008-06-24,79.55,81.26031526725187,1.7103152672518718,-1.7103152672518718,2.5562267701548507,8.43241410940513,0.04670499999999923,0.05260499999999899,True,True,78.70408849709702,89.692729376657,10.98864087955998,True,0
623,2008-06-25,80.45,79.52640182472028,-0.9235981752797215,0.9235981752797215,2.5562267701548507,8.43241410940513,0.04670999999999923,0.05260999999999899,True,True,76.97017505456543,87.95881593412541,10.98864087955998,True,0
624,2008-06-26,79.1,80.40592105429744,1.3059210542974427,-1.3059210542974427,2.5562267701548507,8.43241410940513,0.04671499999999923,0.05261499999999899,True,True,77.84969428414259,88.83833516370257,10.98864087955998,True,0
625,2008-06-27,75.59,79.05612901834519,3.4661290183451854,-3.4661290183451854,2.5562267701548507,8.43241410940513,0.04671999999999923,0.05261999999999899,False,True,76.49990224819034,87.48854312775032,10.98864087955998,False,1
626,2008-06-30,74.27,75.57682442226783,1.3068244222678373,-1.3068244222678373,2.5739153839685116,8.43241410940513,0.04662499999999923,0.052624999999998985,True,True,73.00290903829932,84.00923853167296,11.006329493373642,True,0
627,2008-07-01,72.24,74.25463074815366,2.014630748153664,-2.014630748153664,2.5739153839685116,8.43241410940513,0.04662999999999923,0.05262999999999898,True,True,71.68071536418515,82.68704485755879,11.006329493373642,True,0
628,2008-07-02,74.16,72.20996263538223,-1.9500373646177707,1.9500373646177707,2.5739153839685116,6.600213493306498,0.046634999999999226,0.05263499999999898,True,True,69.63604725141371,78.81017612868872,9.17412887727501,True,0
629,2008-07-03,72.51,74.11319494786152,1.6031949478615104,-1.6031949478615104,2.5739153839685116,6.600213493306498,0.046639999999999224,0.05263999999999898,True,True,71.539279563893,80.71340844116801,9.17412887727501,True,0
630,2008-07-07,72.37,72.46917456736911,0.09917456736910424,-0.09917456736910424,2.5739153839685116,6.600213493306498,0.04664499999999922,0.05264499999999898,True,True,69.8952591834006,79.0693880606756,9.17412887727501,True,0
631,2008-07-08,72.38,72.33367649530577,-0.046323504694228745,0.046323504694228745,2.5739153839685116,6.600213493306498,0.04664999999999922,0.052649999999998975,True,True,69.75976111133726,78.93388998861226,9.17412887727501,True,0
632,2008-07-09,74.56,72.33639018446924,-2.2236098155307644,2.2236098155307644,2.5739153839685116,6.600213493306498,0.04665499999999922,0.05265499999999897,True,True,69.76247480050073,78.93660367777574,9.17412887727501,True,0
633,2008-07-10,70.7,74.49737788174698,3.797377881746982,-3.797377881746982,2.5739153839685116,6.600213493306498,0.046659999999999216,0.05265999999999897,False,True,71.92346249777847,81.09759137505348,9.17412887727501,False,1
634,2008-07-11,69.4,70.68759473068536,1.2875947306853561,-1.2875947306853561,2.666226580228596,6.600213493306498,0.04656499999999922,0.05266499999999897,True,True,68.02136815045677,77.28780822399186,9.266440073535094,True,0
635,2008-07-14,69.31,69.39124964001776,0.08124964001775936,-0.08124964001775936,2.666226580228596,6.600213493306498,0.046569999999999216,0.05266999999999897,True,True,66.72502305978917,75.99146313332426,9.266440073535094,True,0
636,2008-07-15,65.87,69.27838175361603,3.408381753616027,-3.408381753616027,2.666226580228596,6.600213493306498,0.046574999999999214,0.052674999999998966,False,True,66.61215517338744,75.87859524692253,9.266440073535094,False,1
637,2008-07-16,66.94,65.86396186962358,-1.0760381303764177,1.0760381303764177,2.74049783077308,6.600213493306498,0.046479999999999216,0.052679999999998964,True,True,63.1234640388505,72.46417536293008,9.340711324079578,True,0
638,2008-07-17,71.2,66.90634251252887,-4.293657487471137,4.293657487471137,2.74049783077308,6.600213493306498,0.046484999999999214,0.05268499999999896,True,True,64.16584468175579,73.50655600583536,9.340711324079578,True,0
639,2008-07-18,69.94,71.11203675251933,1.1720367525193325,-1.1720367525193325,2.74049783077308,6.600213493306498,0.04648999999999921,0.05268999999999896,True,True,68.37153892174625,77.71225024582583,9.340711324079578,True,0
640,2008-07-21,69.52,69.86611345249358,0.34611345249358294,-0.34611345249358294,2.74049783077308,6.600213493306498,0.04649499999999921,0.05269499999999896,True,True,67.1256156217205,76.46632694580008,9.340711324079578,True,0
641,2008-07-22,67.09,69.49833903570814,2.4083390357081385,-2.4083390357081385,2.74049783077308,6.600213493306498,0.04649999999999921,0.052699999999998956,True,True,66.75784120493506,76.09855252901464,9.340711324079578,True,0
642,2008-07-23,67.46,67.08060951601894,-0.3793904839810551,0.3793904839810551,2.74049783077308,6.600213493306498,0.04650499999999921,0.052704999999998954,True,True,64.34011168524586,73.68082300932544,9.340711324079578,True,0
643,2008-07-24,76.3,67.44459236926193,-8.855407630738071,8.855407630738071,2.74049783077308,6.600213493306498,0.046509999999999205,0.05270999999999895,True,False,64.70409453848885,74.04480586256842,9.340711324079578,False,1
644,2008-07-25,79.63,76.16238850806262,-3.467611491937376,3.467611491937376,2.74049783077308,8.43241410940513,0.0465149999999992,0.052614999999998954,True,True,73.42189067728954,84.59480261746775,11.17291194017821,True,0
645,2008-07-28,77.09,79.40134713881804,2.3113471388180358,-2.3113471388180358,2.74049783077308,8.43241410940513,0.0465199999999992,0.05261999999999895,True,True,76.66084930804496,87.83376124822317,11.17291194017821,True,0
646,2008-07-29,76.49,76.95311738601688,0.46311738601689,-0.46311738601689,2.666226580228596,8.43241410940513,0.0465249999999992,0.05262499999999895,True,True,74.28689080578829,85.38553149542201,11.098640689633726,True,0
647,2008-07-30,78.36,76.50379953584739,-1.8562004641526073,1.8562004641526073,2.666226580228596,8.43241410940513,0.0465299999999992,0.05262999999999895,True,True,73.8375729556188,84.93621364525252,11.098640689633726,True,0
648,2008-07-31,76.75,78.32432733632528,1.5743273363252825,-1.5743273363252825,2.666226580228596,6.600213493306498,0.046534999999999195,0.052634999999998947,True,True,75.65810075609669,84.92454082963178,9.266440073535094,True,0
649,2008-08-01,76.36,76.64919502408722,0.28919502408722053,-0.28919502408722053,2.666226580228596,6.600213493306498,0.04653999999999919,0.052639999999998945,True,True,73.98296844385862,83.24940851739372,9.266440073535094,True,0
650,2008-08-04,75.99,76.35348457209354,0.36348457209354024,-0.36348457209354024,2.666226580228596,6.600213493306498,0.04654499999999919,0.05264499999999894,True,True,73.68725799186494,82.95369806540003,9.266440073535094,True,0
651,2008-08-05,76.92,75.95060288289841,-0.9693971171015932,0.9693971171015932,2.666226580228596,6.600213493306498,0.04654999999999919,0.05264999999999894,True,True,73.28437630266981,82.5508163762049,9.266440073535094,True,0
652,2008-08-06,78.55,76.87830301676416,-1.671696983235833,1.671696983235833,2.666226580228596,6.600213493306498,0.04655499999999919,0.05265499999999894,True,True,74.21207643653557,83.47851651007066,9.266440073535094,True,0
653,2008-08-07,77.01,78.46996212590662,1.459962125906614,-1.459962125906614,2.666226580228596,6.600213493306498,0.046559999999999185,0.05265999999999894,True,True,75.80373554567802,85.07017561921312,9.266440073535094,True,0
654,2008-08-08,76.78,76.91475606183731,0.13475606183730804,-0.13475606183730804,2.666226580228596,6.600213493306498,0.04656499999999918,0.052664999999998935,True,True,74.24852948160871,83.51496955514381,9.266440073535094,True,0
655,2008-08-11,80.18,76.77250330098506,-3.407496699014942,3.407496699014942,2.666226580228596,6.600213493306498,0.04656999999999918,0.05266999999999893,True,True,74.10627672075647,83.37271679429156,9.266440073535094,True,0
656,2008-08-12,87.32,80.12864660927755,-7.1913533907224405,7.1913533907224405,2.666226580228596,6.600213493306498,0.04657499999999918,0.05267499999999893,True,False,77.46242002904896,86.72886010258405,9.266440073535094,False,1
657,2008-08-13,86.28,87.18957029134602,0.9095702913460144,-0.9095702913460144,2.666226580228596,7.1913533907224405,0.04657999999999918,0.05257999999999893,True,True,84.52334371111742,94.38092368206846,9.857579970951036,True,0
658,2008-08-14,85.71,85.98638645624683,0.2763864562468399,-0.2763864562468399,2.666226580228596,7.1913533907224405,0.046584999999999176,0.05258499999999893,True,True,83.32015987601824,93.17773984696927,9.857579970951036,True,0
659,2008-08-15,88.28,85.68483007899698,-2.59516992100302,2.59516992100302,2.666226580228596,7.1913533907224405,0.046589999999999174,0.05258999999999893,True,True,83.01860349876839,92.87618346971942,9.857579970951036,True,0
660,2008-08-18,86.09,88.25401230046828,2.164012300468272,-2.164012300468272,2.666226580228596,7.1913533907224405,0.04659499999999917,0.05259499999999893,True,True,85.58778572023968,95.44536569119072,9.857579970951036,True,0
661,2008-08-19,83.09,85.94620845814595,2.856208458145943,-2.856208458145943,2.666226580228596,7.1913533907224405,0.04659999999999917,0.052599999999998925,False,True,83.27998187791735,93.13756184886839,9.857579970951036,False,1
662,2008-08-20,82.0,83.09402037060109,1.0940203706010863,-1.0940203706010863,2.74049783077308,7.1913533907224405,0.04650499999999917,0.05260499999999892,True,True,80.353522539828,90.28537376132353,9.93185122149552,True,0
663,2008-08-21,81.41,82.03700676662139,0.6270067666213919,-0.6270067666213919,2.74049783077308,7.1913533907224405,0.04650999999999917,0.05260999999999892,True,True,79.29650893584831,89.22836015734383,9.93185122149552,True,0
664,2008-08-22,84.27,81.38697296470332,-2.883027035296678,2.883027035296678,2.74049783077308,7.1913533907224405,0.04651499999999917,0.05261499999999892,True,True,78.64647513393024,88.57832635542576,9.93185122149552,True,0
665,2008-08-25,84.63,84.24773153033931,-0.38226846966068706,0.38226846966068706,2.74049783077308,7.1913533907224405,0.046519999999999166,0.05261999999999892,True,True,81.50723369956623,91.43908492106175,9.93185122149552,True,0
666,2008-08-26,82.74,84.47501661793261,1.7350166179326152,-1.7350166179326152,2.74049783077308,7.1913533907224405,0.046524999999999164,0.052624999999998916,True,True,81.73451878715953,91.66637000865505,9.93185122149552,True,0
667,2008-08-27,81.44,82.66241143748873,1.2224114374887307,-1.2224114374887307,2.74049783077308,6.600213493306498,0.04652999999999916,0.052629999999998914,True,True,79.92191360671565,89.26262493079523,9.340711324079578,True,0
668,2008-08-28,82.21,81.4430754258743,-0.7669245741256958,0.7669245741256958,2.666226580228596,6.600213493306498,0.04653499999999916,0.05263499999999891,True,True,78.7768488456457,88.0432889191808,9.266440073535094,True,0
669,2008-08-29,82.9,82.20529688535227,-0.6947031146477372,0.6947031146477372,2.666226580228596,6.600213493306498,0.04653999999999916,0.05263999999999891,True,True,79.53907030512367,88.80551037865877,9.266440073535094,True,0
670,2008-09-02,83.16,82.8192933778901,-0.34070662210989155,0.34070662210989155,2.666226580228596,6.600213493306498,0.046544999999999156,0.05264499999999891,True,True,80.15306679766151,89.4195068711966,9.266440073535094,True,0
671,2008-09-03,81.4,83.08010553727556,1.6801055372755513,-1.6801055372755513,2.666226580228596,6.600213493306498,0.046549999999999155,0.052649999999998906,True,True,80.41387895704696,89.68031903058206,9.266440073535094,True,0
672,2008-09-04,80.6,81.3262018431192,0.726201843119199,-0.726201843119199,2.666226580228596,6.600213493306498,0.04655499999999915,0.052654999999998904,True,True,78.6599752628906,87.92641533642569,9.266440073535094,True,0
673,2008-09-05,77.34,80.60397308917032,3.263973089170321,-3.263973089170321,2.666226580228596,6.600213493306498,0.04655999999999915,0.0526599999999989,False,True,77.93774650894173,87.20418658247682,9.266440073535094,False,1
674,2008-09-08,82.25,77.29355517960437,-4.956444820395632,4.956444820395632,2.74049783077308,6.600213493306498,0.04646499999999915,0.0526649999999989,True,True,74.55305734883129,83.89376867291087,9.340711324079578,True,0
675,2008-09-09,80.76,82.32458626981307,1.5645862698130628,-1.5645862698130628,2.74049783077308,6.600213493306498,0.04646999999999915,0.0526699999999989,True,True,79.58408843903999,88.92479976311957,9.340711324079578,True,0
676,2008-09-10,80.01,80.53417980450241,0.5241798045024098,-0.5241798045024098,2.74049783077308,6.600213493306498,0.04647499999999915,0.052674999999998896,True,True,77.79368197372933,87.13439329780891,9.340711324079578,True,0
677,2008-09-11,75.27,80.00759877137133,4.737598771371339,-4.737598771371339,2.74049783077308,6.600213493306498,0.04647999999999915,0.052679999999998894,False,True,77.26710094059825,86.60781226467783,9.340711324079578,False,1
678,2008-09-12,78.81,75.23981961198872,-3.5701803880112806,3.5701803880112806,2.7564680719167285,6.600213493306498,0.04638499999999915,0.05268499999999889,True,True,72.483351540072,81.84003310529522,9.356681565223226,True,0
679,2008-09-15,76.86,78.90327121592145,2.0432712159214503,-2.0432712159214503,2.7564680719167285,6.600213493306498,0.04638999999999915,0.05268999999999889,True,True,76.14680314400472,85.50348470922795,9.356681565223226,True,0
680,2008-09-16,76.8,76.71247017630027,-0.08752982369972528,0.08752982369972528,2.7564680719167285,6.600213493306498,0.046394999999999145,0.05269499999999889,True,True,73.95600210438354,83.31268366960677,9.356681565223226,True,0
681,2008-09-17,77.68,76.80834726127746,-0.8716527387225455,0.8716527387225455,2.7564680719167285,6.600213493306498,0.04639999999999914,0.05269999999999889,True,True,74.05187918936073,83.40856075458396,9.356681565223226,True,0
682,2008-09-18,73.08,77.62344954510658,4.543449545106583,-4.543449545106583,2.7564680719167285,6.600213493306498,0.04640499999999914,0.052704999999998885,False,True,74.86698147318985,84.22366303841308,9.356681565223226,False,1
683,2008-09-19,80.12,73.0441419008983,-7.075858099101708,7.075858099101708,2.8008241613142104,6.600213493306498,0.046309999999999144,0.05270999999999888,True,False,70.24331773958409,79.6443553942048,9.401037654620708,False,1
684,2008-09-22,81.13,80.07059276589094,-1.0594072341090595,1.0594072341090595,2.8008241613142104,7.075858099101708,0.04631499999999914,0.052614999999998885,True,True,77.26976860457673,87.14645086499264,9.876682260415919,True,0
685,2008-09-23,75.79,80.8262407870928,5.036240787092794,-5.036240787092794,2.8008241613142104,7.075858099101708,0.04631999999999914,0.05261999999999888,False,True,78.02541662577859,87.90209888619451,9.876682260415919,False,1
686,2008-09-24,72.3,75.79380460148977,3.493804601489771,-3.493804601489771,2.856208458145943,6.600213493306498,0.04622499999999914,0.05262499999999888,False,True,72.93759614334382,82.39401809479627,9.456421951452441,False,1
687,2008-09-25,70.66,72.50665177695437,1.8466517769543742,-1.8466517769543742,2.869160443671902,6.600213493306498,0.046129999999999144,0.05262999999999888,True,True,69.63749133328247,79.10686527026087,9.4693739369784,True,0
688,2008-09-26,69.52,70.76533468109129,1.2453346810912933,-1.2453346810912933,2.869160443671902,6.600213493306498,0.04613499999999914,0.05263499999999888,True,True,67.89617423741939,77.36554817439779,9.4693739369784,True,0
689,2008-09-29,68.41,69.55123847500042,1.1412384750004207,-1.1412384750004207,2.869160443671902,6.600213493306498,0.04613999999999914,0.052639999999998875,True,True,66.68207803132852,76.15145196830692,9.4693739369784,True,0
690,2008-09-30,65.84,68.42385937555899,2.583859375558987,-2.583859375558987,2.869160443671902,6.600213493306498,0.04614499999999914,0.05264499999999887,True,True,65.55469893188709,75.02407286886549,9.4693739369784,True,0
691,2008-10-01,71.78,65.86574364616597,-5.914256353834034,5.914256353834034,2.869160443671902,6.600213493306498,0.046149999999999136,0.05264999999999887,True,True,62.996583202494065,72.46595713947247,9.4693739369784,True,0
692,2008-10-02,67.63,71.75824826830042,4.128248268300425,-4.128248268300425,2.869160443671902,6.600213493306498,0.046154999999999134,0.05265499999999887,False,True,68.88908782462852,78.35846176160692,9.4693739369784,False,1
693,2008-10-03,69.42,67.48398058362214,-1.9360194163778601,1.9360194163778601,2.9413746145605835,6.600213493306498,0.046059999999999136,0.05265999999999887,True,True,64.54260596906155,74.08419407692864,9.541588107867085,True,0
694,2008-10-06,64.06,69.45961635259869,5.399616352598684,-5.399616352598684,2.9413746145605835,6.600213493306498,0.046064999999999134,0.052664999999998865,False,True,66.5182417380381,76.05982984590518,9.541588107867085,False,1
695,2008-10-07,65.79,64.14464591524236,-1.645354084757642,1.645354084757642,2.954996977618464,6.600213493306498,0.04596999999999914,0.052669999999998864,True,True,61.1896489376239,70.74485940854886,9.555210470924962,True,0
696,2008-10-08,55.64,65.81138112416589,10.17138112416589,-10.17138112416589,2.954996977618464,6.600213493306498,0.045974999999999135,0.05267499999999886,False,True,62.85638414654743,72.41159461747239,9.555210470924962,False,1
697,2008-10-09,61.97,56.005294798493615,-5.9647052015063835,5.9647052015063835,2.9581569850300014,6.600213493306498,0.04587999999999914,0.05267999999999886,True,True,53.047137813463614,62.60550829180011,9.5583704783365,True,0
698,2008-10-10,52.99,61.43568063969374,8.445680639693741,-8.445680639693741,2.9581569850300014,6.600213493306498,0.045884999999999135,0.05268499999999886,False,True,58.47752365466374,68.03589413300024,9.5583704783365,False,1
699,2008-10-13,58.96,54.01505366640745,-4.944946333592554,4.944946333592554,3.0519731219600885,6.600213493306498,0.04578999999999914,0.052689999999998856,True,True,50.96308054444736,60.615267159713945,9.652186615266587,True,0
700,2008-10-14,63.5,57.714177468528455,-5.7858225314715455,5.7858225314715455,2.9581569850300014,6.600213493306498,0.045794999999999135,0.052694999999998854,True,True,54.75602048349845,64.31439096183496,9.558370478336506,True,0
701,2008-10-15,54.46,63.26797472763895,8.80797472763895,-8.80797472763895,2.9581569850300014,6.600213493306498,0.04579999999999913,0.05269999999999885,False,True,60.30981774260895,69.86818822094546,9.558370478336506,False,1
702,2008-10-16,46.4,55.492261705948444,9.092261705948445,-9.092261705948445,3.0519731219600885,6.600213493306498,0.045704999999999135,0.05270499999999885,False,True,52.440288583988355,62.09247519925494,9.652186615266587,False,1
703,2008-10-17,48.83,47.025796884188736,-1.8042031158112621,1.8042031158112621,3.212467117304371,6.123168581259378,0.04560999999999914,0.05270999999999885,True,True,43.813329766884365,53.148965465448114,9.335635698563749,True,0
704,2008-10-20,52.17,48.72596738691979,-3.4440326130802106,3.4440326130802106,3.212467117304371,6.123168581259378,0.045614999999999135,0.052714999999998846,True,True,45.51350026961542,54.84913596817917,9.335635698563749,True,0
705,2008-10-21,51.86,51.82111216888805,-0.03888783111194982,0.03888783111194982,3.212467117304371,6.123168581259378,0.04561999999999913,0.052719999999998844,True,True,48.60864505158368,57.94428075014743,9.335635698563749,True,0
706,2008-10-22,50.05,51.79578711656471,1.7457871165647134,-1.7457871165647134,3.212467117304371,6.123168581259378,0.04562499999999913,0.05272499999999884,True,True,48.58331999926034,57.91895569782409,9.335635698563749,True,0
707,2008-10-23,43.37,50.21280918373866,6.842809183738666,-6.842809183738666,3.212467117304371,6.123168581259378,0.04562999999999913,0.05272999999999884,False,True,47.00034206643429,56.33597776499804,9.335635698563749,False,1
708,2008-10-24,44.75,43.910302699026495,-0.8396973009735049,0.8396973009735049,3.2377737824927095,6.123168581259378,0.04553499999999913,0.05273499999999884,True,True,40.672528916533786,50.03347128028587,9.360942363752088,True,0
709,2008-10-27,49.0,44.85074899219987,-4.149251007800132,4.149251007800132,3.2377737824927095,6.123168581259378,0.04553999999999913,0.052739999999998836,True,True,41.61297520970716,50.97391757345925,9.360942363752088,True,0
710,2008-10-28,51.5,48.612035322278096,-2.8879646777219037,2.8879646777219037,3.2377737824927095,6.123168581259378,0.04554499999999913,0.052744999999998834,True,True,45.37426153978539,54.735203903537474,9.360942363752088,True,0
711,2008-10-29,55.53,51.11166434419931,-4.418335655800689,4.418335655800689,3.2377737824927095,6.123168581259378,0.045549999999999126,0.05274999999999883,True,True,47.8738905617066,57.23483292545869,9.360942363752088,True,0
712,2008-10-30,58.76,55.16283301557349,-3.597166984426508,3.597166984426508,3.2377737824927095,6.123168581259378,0.045554999999999124,0.05275499999999883,True,True,51.92505923308078,61.28600159683287,9.360942363752088,True,0
713,2008-10-31,56.01,58.42424160487999,2.41424160487999,-2.41424160487999,3.2377737824927095,6.123168581259378,0.04555999999999912,0.05275999999999883,True,True,55.18646782238728,64.54741018613936,9.36094236375208,True,0
714,2008-11-03,56.35,56.057416380667945,-0.29258361933205634,0.29258361933205634,3.2377737824927095,6.123168581259378,0.04556499999999912,0.05276499999999883,True,True,52.819642598175236,62.18058496192732,9.360942363752088,True,0
715,2008-11-04,57.16,56.41429375281071,-0.7457062471892897,0.7457062471892897,3.2377737824927095,6.123168581259378,0.04556999999999912,0.052769999999998825,True,True,53.176519970318,62.537462334070085,9.360942363752088,True,0
716,2008-11-05,57.47,57.08810770572116,-0.38189229427884186,0.38189229427884186,3.2377737824927095,6.123168581259378,0.045574999999999116,0.05277499999999882,True,True,53.85033392322845,63.211276286980535,9.360942363752088,True,0
717,2008-11-06,49.8,57.41132015307684,7.611320153076839,-7.611320153076839,3.2377737824927095,6.123168581259378,0.045579999999999114,0.05277999999999882,False,True,54.17354637058413,63.534488734336215,9.360942363752088,False,1
718,2008-11-07,47.76,50.24073317813129,2.4807331781312953,-2.4807331781312953,3.263973089170321,6.123168581259378,0.045484999999999116,0.05278499999999882,True,True,46.97676008896097,56.36390175939067,9.387141670429699,True,0
719,2008-11-10,49.98,48.14314130062916,-1.8368586993708362,1.8368586993708362,3.263973089170321,6.123168581259378,0.045489999999999114,0.05278999999999882,True,True,44.87916821145884,54.26630988188854,9.387141670429699,True,0
720,2008-11-11,47.1,49.9614638550281,2.8614638550280986,-2.8614638550280986,3.263973089170321,6.123168581259378,0.04549499999999911,0.052794999999998815,True,True,46.69749076585778,56.08463243628748,9.387141670429699,True,0
721,2008-11-12,43.99,47.195737250330026,3.2057372503300243,-3.2057372503300243,3.263973089170321,5.9647052015063835,0.04549999999999911,0.05279999999999881,True,True,43.931764161159705,53.16044245183641,9.228678290676704,True,0
722,2008-11-13,41.4,44.29879123221425,2.8987912322142506,-2.8987912322142506,3.263973089170321,5.9647052015063835,0.04550499999999911,0.05280499999999881,True,True,41.03481814304393,50.26349643372063,9.228678290676704,True,0
723,2008-11-14,43.61,41.66690196423057,-1.943098035769431,1.943098035769431,3.263973089170321,5.9647052015063835,0.04550999999999911,0.05280999999999881,True,True,38.40292887506025,47.63160716573695,9.228678290676704,True,0
724,2008-11-17,39.91,43.641454940495784,3.7314549404957873,-3.7314549404957873,3.263973089170321,5.9647052015063835,0.045514999999999105,0.05281499999999881,False,True,40.37748185132546,49.60616014200217,9.228678290676704,False,1
725,2008-11-18,39.73,40.06848573619255,0.3384857361925526,-0.3384857361925526,3.310003113181196,5.9647052015063835,0.04541999999999911,0.052819999999998805,True,True,36.75848262301135,46.03319093769893,9.27470831468758,True,0
726,2008-11-19,37.97,39.911285322957184,1.9412853229571851,-1.9412853229571851,3.310003113181196,5.9647052015063835,0.045424999999999105,0.0528249999999988,True,True,36.60128220977599,45.87599052446357,9.27470831468758,True,0
727,2008-11-20,35.29,38.109046817317804,2.8190468173178047,-2.8190468173178047,3.310003113181196,5.9647052015063835,0.0454299999999991,0.0528299999999988,True,True,34.79904370413661,44.07375201882419,9.27470831468758,True,0
728,2008-11-21,36.39,35.51295470652403,-0.8770452934759732,0.8770452934759732,3.263973089170321,5.9647052015063835,0.0454349999999991,0.0528349999999988,True,True,32.24898161735371,41.47765990803041,9.228678290676704,True,0
729,2008-11-24,38.79,36.45938927978767,-2.330610720212327,2.330610720212327,3.263973089170321,5.9647052015063835,0.0454399999999991,0.0528399999999988,True,True,33.19541619061735,42.424094481294055,9.228678290676704,True,0
730,2008-11-25,42.09,38.655763367287115,-3.4342366327128886,3.4342366327128886,3.263973089170321,5.9647052015063835,0.0454449999999991,0.052844999999998796,True,True,35.391790278116794,44.6204685687935,9.228678290676704,True,0
731,2008-11-26,40.87,41.879435259920825,1.0094352599208278,-1.0094352599208278,3.263973089170321,5.9647052015063835,0.045449999999999095,0.052849999999998794,True,True,38.615462170750504,47.84414046142721,9.228678290676704,True,0
732,2008-11-28,44.03,40.837469167565374,-3.1925308324346275,3.1925308324346275,3.263973089170321,5.9647052015063835,0.04545499999999909,0.05285499999999879,True,True,37.57349607839505,46.80217436907176,9.228678290676704,True,0
733,2008-12-01,42.0,43.9394418041256,1.9394418041256003,-1.9394418041256003,3.263973089170321,5.9647052015063835,0.04545999999999909,0.05285999999999879,True,True,40.67546871495528,49.904147005631984,9.228678290676704,True,0
734,2008-12-02,41.39,42.0499750730929,0.6599750730929017,-0.6599750730929017,3.263973089170321,5.9647052015063835,0.04546499999999909,0.05286499999999879,True,True,38.78600198392258,48.014680274599286,9.228678290676704,True,0
735,2008-12-03,40.16,41.51514713054351,1.3551471305435143,-1.3551471305435143,3.263973089170321,5.9647052015063835,0.04546999999999909,0.052869999999998786,True,True,38.25117404137319,47.479852332049894,9.228678290676704,True,0
736,2008-12-04,45.94,40.275983768830045,-5.664016231169953,5.664016231169953,3.263973089170321,5.9647052015063835,0.045474999999999086,0.052874999999998784,True,True,37.012010679659724,46.24068897033643,9.228678290676704,True,0
737,2008-12-05,45.89,45.663126888453306,-0.22687311154669487,0.22687311154669487,3.263973089170321,5.9647052015063835,0.045479999999999084,0.05287999999999878,True,True,42.399153799282985,51.62783208995969,9.228678290676704,True,0
738,2008-12-08,49.15,45.73101034597652,-3.418989654023477,3.418989654023477,3.263973089170321,5.9647052015063835,0.04548499999999908,0.05288499999999878,True,True,42.4670372568062,51.695715547482905,9.228678290676704,True,0
739,2008-12-09,49.81,48.98377578506882,-0.8262242149311803,0.8262242149311803,3.263973089170321,5.914256353834034,0.04548999999999908,0.05288999999999878,True,True,45.7198026958985,54.898032138902856,9.178229443004355,True,0
740,2008-12-10,51.46,49.72442189984706,-1.7355781001529422,1.7355781001529422,3.263973089170321,5.914256353834034,0.04549499999999908,0.052894999999998776,True,True,46.46044881067674,55.63867825368109,9.178229443004355,True,0
741,2008-12-11,49.33,51.3695937505731,2.039593750573104,-2.039593750573104,3.263973089170321,5.914256353834034,0.045499999999999076,0.052899999999998774,True,True,48.10562066140278,57.283850104407136,9.178229443004355,True,0
742,2008-12-12,47.52,49.431490787628654,1.9114907876286509,-1.9114907876286509,3.263973089170321,5.914256353834034,0.045504999999999074,0.05290499999999877,True,True,46.16751769845833,55.34574714146269,9.178229443004355,True,0
743,2008-12-15,50.65,47.67092477983387,-2.9790752201661306,2.9790752201661306,3.263973089170321,5.914256353834034,0.04550999999999907,0.05290999999999877,True,True,44.40695169066355,53.5851811336679,9.178229443004355,True,0
744,2008-12-16,49.62,50.52417823663216,0.9041782366321627,-0.9041782366321627,3.263973089170321,5.914256353834034,0.04551499999999907,0.05291499999999877,True,True,47.26020514746184,56.438434590466194,9.178229443004355,True,0
745,2008-12-17,52.26,49.62686331602737,-2.63313668397263,2.63313668397263,3.263973089170321,5.914256353834034,0.04551999999999907,0.05291999999999877,True,True,46.36289022685705,55.5411196698614,9.178229443004355,True,0
746,2008-12-18,53.0,52.12866953746252,-0.8713304625374789,0.8713304625374789,3.263973089170321,5.914256353834034,0.045524999999999066,0.052924999999998765,True,True,48.8646964482922,58.042925891296555,9.178229443004355,True,0
747,2008-12-19,51.59,52.913850097434825,1.3238500974348213,-1.3238500974348213,3.263973089170321,5.914256353834034,0.045529999999999064,0.05292999999999876,True,True,49.649877008264504,58.82810645126886,9.178229443004355,True,0
748,2008-12-22,51.6,51.663354441769705,0.06335444176970384,-0.06335444176970384,3.2377737824927095,5.914256353834034,0.04553499999999906,0.05293499999999876,True,True,48.425580659276996,57.57761079560374,9.152030136326744,True,0
749,2008-12-23,50.12,51.63332239145467,1.5133223914546718,-1.5133223914546718,3.2377737824927095,5.914256353834034,0.04553999999999906,0.05293999999999876,True,True,48.39554860896196,57.5475787452887,9.152030136326744,True,0
750,2008-12-24,51.66,50.21563831278628,-1.4443616872137142,1.4443616872137142,3.2377737824927095,5.914256353834034,0.04554499999999906,0.05294499999999876,True,True,46.97786453029357,56.12989466662032,9.152030136326744,True,0
751,2008-12-26,53.79,51.60435667035546,-2.1856433296445417,2.1856433296445417,3.2377737824927095,5.914256353834034,0.045549999999999057,0.052949999999998755,True,True,48.36658288786275,57.51861302418949,9.152030136326744,True,0
752,2008-12-29,51.43,53.636621096407566,2.2066210964075665,-2.2066210964075665,3.2377737824927095,5.914256353834034,0.045554999999999055,0.05295499999999875,True,True,50.39884731391486,59.5508774502416,9.152030136326744,True,0
753,2008-12-30,49.51,51.53001928377803,2.0200192837780335,-2.0200192837780335,3.2377737824927095,5.914256353834034,0.04555999999999905,0.05295999999999875,True,True,48.29224550128532,57.444275637612066,9.152030136326744,True,0
754,2008-12-31,50.74,49.681452487313386,-1.0585475126866157,1.0585475126866157,3.2377737824927095,5.914256353834034,0.04556499999999905,0.05296499999999875,True,True,46.44367870482068,55.59570884114742,9.152030136326744,True,0
755,2009-01-02,51.35,50.72502296017885,-0.6249770398211538,0.6249770398211538,3.2377737824927095,5.914256353834034,0.04556999999999905,0.05296999999999875,True,True,47.48724917768614,56.63927931401288,9.152030136326744,True,0
756,2009-01-05,55.73,51.29335662217816,-4.436643377821838,4.436643377821838,3.2377737824927095,5.914256353834034,0.04557499999999905,0.052974999999998745,True,True,48.05558283968545,57.20761297601219,9.152030136326744,True,0
757,2009-01-06,54.55,55.45430143282736,0.90430143282736,-0.90430143282736,3.2377737824927095,5.7858225314715455,0.045579999999999045,0.05297999999999874,True,True,52.21652765033465,61.2401239642989,9.023596313964255,True,0
758,2009-01-07,56.29,54.51546123848147,-1.774538761518528,1.774538761518528,3.2377737824927095,5.7858225314715455,0.04558499999999904,0.05298499999999874,True,True,51.27768745598876,60.30128376995302,9.023596313964255,True,0
759,2009-01-08,54.99,56.200754735035474,1.2107547350354722,-1.2107547350354722,3.2377737824927095,5.7858225314715455,0.04558999999999904,0.05298999999999874,True,True,52.962980952542765,61.98657726650702,9.023596313964255,True,0
760,2009-01-09,56.92,55.02837320072927,-1.8916267992707319,1.8916267992707319,3.2377737824927095,5.7858225314715455,0.04559499999999904,0.05299499999999874,True,True,51.79059941823656,60.814195732200815,9.023596313964255,True,0
761,2009-01-12,54.12,56.814060746798056,2.6940607467980584,-2.6940607467980584,3.2377737824927095,5.7858225314715455,0.04559999999999904,0.052999999999998736,True,True,53.576286964305346,62.5998832782696,9.023596313964255,True,0
762,2009-01-13,50.96,54.25556220789584,3.2955622078958413,-3.2955622078958413,3.2377737824927095,5.7858225314715455,0.045604999999999035,0.053004999999998734,False,True,51.01778842540313,60.04138473936739,9.023596313964255,False,1
763,2009-01-14,50.1,51.19558558870164,1.0955855887016384,-1.0955855887016384,3.263973089170321,5.7858225314715455,0.04550999999999904,0.05300999999999873,True,True,47.93161249953132,56.981408120173185,9.049795620641866,True,0
764,2009-01-15,48.56,50.21319166413128,1.6531916641312776,-1.6531916641312776,3.263973089170321,5.7858225314715455,0.045514999999999035,0.05301499999999873,True,True,46.94921857496096,55.999014195602825,9.049795620641866,True,0
765,2009-01-16,51.8,48.67531677100374,-3.124683228996254,3.124683228996254,3.263973089170321,5.7858225314715455,0.04551999999999903,0.05301999999999873,True,True,45.41134368183342,54.46113930247529,9.049795620641866,True,0
766,2009-01-20,50.75,51.640413986648035,0.890413986648035,-0.890413986648035,3.263973089170321,5.7858225314715455,0.04552499999999903,0.053024999999998726,True,True,48.376440897477714,57.42623651811958,9.049795620641866,True,0
767,2009-01-21,49.31,50.771258184630724,1.4612581846307222,-1.4612581846307222,3.263973089170321,5.7858225314715455,0.04552999999999903,0.053029999999998724,True,True,47.507285095460404,56.55708071610227,9.049795620641866,True,0
768,2009-01-22,49.42,49.42710218866549,0.007102188665491838,-0.007102188665491838,3.263973089170321,5.7858225314715455,0.04553499999999903,0.05303499999999872,True,True,46.16312909949517,55.21292472013704,9.049795620641866,True,0
769,2009-01-23,48.9,49.45448310889723,0.5544831088972302,-0.5544831088972302,3.263973089170321,5.7858225314715455,0.045539999999999026,0.05303999999999872,True,True,46.19051001972691,55.240305640368774,9.049795620641866,True,0
770,2009-01-26,50.18,48.94588829745215,-1.2341117025478496,1.2341117025478496,3.2377737824927095,5.7858225314715455,0.045544999999999024,0.05304499999999872,True,True,45.70811451495944,54.731710828923696,9.023596313964255,True,0
771,2009-01-27,49.3,50.126115807333235,0.8261158073332382,-0.8261158073332382,3.2377737824927095,5.7858225314715455,0.04554999999999902,0.053049999999998716,True,True,46.888342024840526,55.91193833880478,9.023596313964255,True,0
772,2009-01-28,49.72,49.34599307081663,-0.3740069291833663,0.3740069291833663,3.2377737824927095,5.7858225314715455,0.04555499999999902,0.053054999999998714,True,True,46.10821928832392,55.13181560228818,9.023596313964255,True,0
773,2009-01-29,49.96,49.72448091322711,-0.23551908677288935,0.23551908677288935,3.2377737824927095,5.7858225314715455,0.04555999999999902,0.05305999999999871,True,True,46.4867071307344,55.51030344469866,9.023596313964255,True,0
774,2009-01-30,57.36,49.9523239069735,-7.407676093026502,7.407676093026502,3.2377737824927095,5.664016231169953,0.045564999999999016,0.05306499999999871,True,False,46.71455012448079,55.61634013814345,8.901790013662662,False,1
775,2009-02-02,58.57,56.87984887542519,-1.690151124574811,1.690151124574811,3.2377737824927095,5.914256353834034,0.045569999999999014,0.05296999999999871,True,True,53.64207509293248,62.79410522925922,9.152030136326744,True,0
776,2009-02-03,60.87,58.3615321814671,-2.5084678185328997,2.5084678185328997,3.2377737824927095,5.7858225314715455,0.04557499999999901,0.05297499999999871,True,True,55.12375839897439,64.14735471293864,9.023596313964248,True,0
777,2009-02-04,63.38,60.70539243061094,-2.6746075693890603,2.6746075693890603,3.2377737824927095,5.7858225314715455,0.04557999999999901,0.05297999999999871,True,True,57.46761864811823,66.4912149620825,9.023596313964262,True,0
778,2009-02-05,61.15,63.190199002561336,2.0401990025613372,-2.0401990025613372,3.2377737824927095,5.7858225314715455,0.04558499999999901,0.05298499999999871,True,True,59.952425220068626,68.97602153403288,9.023596313964255,True,0
779,2009-02-06,63.18,61.210715482430146,-1.9692845175698537,1.9692845175698537,3.2377737824927095,5.7858225314715455,0.045589999999999006,0.052989999999998705,True,True,57.97294169993744,66.9965380139017,9.023596313964262,True,0
780,2009-02-09,66.56,63.047305840887404,-3.5126941591125984,3.5126941591125984,3.2377737824927095,5.7858225314715455,0.045594999999999004,0.0529949999999987,True,True,59.809532058394694,68.83312837235894,9.023596313964248,True,0
781,2009-02-10,66.15,66.30491176391764,0.15491176391763872,-0.15491176391763872,3.2377737824927095,5.7858225314715455,0.045599999999999,0.0529999999999987,True,True,63.067137981424935,72.09073429538918,9.023596313964248,True,0
782,2009-02-11,63.1,66.08417688715174,2.9841768871517402,-2.9841768871517402,3.2377737824927095,5.7858225314715455,0.045604999999999,0.0530049999999987,True,True,62.84640310465903,71.86999941862328,9.023596313964248,True,0
783,2009-02-12,63.25,63.219237061851736,-0.03076293814826414,0.03076293814826414,3.2377737824927095,5.7858225314715455,0.045609999999999,0.0530099999999987,True,True,59.981463279359026,69.00505959332328,9.023596313964255,True,0
784,2009-02-13,63.97,63.239325824928585,-0.7306741750714139,0.7306741750714139,3.2377737824927095,5.7858225314715455,0.045614999999999,0.053014999999998695,True,True,60.001552042435875,69.02514835640014,9.023596313964262,True,0
785,2009-02-17,61.67,63.88733873000539,2.2173387300053875,-2.2173387300053875,3.2377737824927095,5.7858225314715455,0.045619999999998995,0.05301999999999869,True,True,60.64956494751268,69.67316126147693,9.023596313964255,True,0
786,2009-02-18,62.27,61.745162936759186,-0.5248370632408168,0.5248370632408168,3.2377737824927095,5.7858225314715455,0.04562499999999899,0.05302499999999869,True,True,58.50738915426648,67.53098546823074,9.023596313964262,True,0
787,2009-02-19,62.84,62.232381282266786,-0.6076187177332173,0.6076187177332173,3.2377737824927095,5.7858225314715455,0.04562999999999899,0.05302999999999869,True,True,58.99460749977408,68.01820381373832,9.023596313964248,True,0
788,2009-02-20,61.07,62.76354271483305,1.6935427148330504,-1.6935427148330504,3.2377737824927095,5.7858225314715455,0.04563499999999899,0.05303499999999869,True,True,59.52576893234034,68.5493652463046,9.023596313964262,True,0
789,2009-02-23,64.16,61.12357509698818,-3.036424903011813,3.036424903011813,3.2377737824927095,5.7858225314715455,0.04563999999999899,0.053039999999998685,True,True,57.885801314495474,66.90939762845973,9.023596313964255,True,0
790,2009-02-24,61.97,63.969442844725755,1.9994428447257562,-1.9994428447257562,3.212467117304371,5.7858225314715455,0.045644999999998985,0.053044999999998683,True,True,60.756975727421384,69.7552653761973,8.998289648775916,True,0
791,2009-02-25,64.9,62.01726799697579,-2.8827320030242163,2.8827320030242163,3.212467117304371,5.7858225314715455,0.04564999999999898,0.05304999999999868,True,True,58.80480087967142,67.80309052844734,8.998289648775923,True,0
792,2009-02-26,64.12,64.70425187156266,0.5842518715626568,-0.5842518715626568,3.212467117304371,5.7858225314715455,0.04565499999999898,0.05305499999999868,True,True,61.49178475425829,70.49007440303421,8.998289648775923,True,0
793,2009-02-27,61.26,64.09171313936228,2.831713139362286,-2.831713139362286,3.212467117304371,5.664016231169953,0.04565999999999898,0.05305999999999868,True,True,60.87924602205791,69.75572937053224,8.876483348474324,True,0
794,2009-03-02,63.94,61.39780532147036,-2.54219467852964,2.54219467852964,3.212467117304371,5.664016231169953,0.04566499999999898,0.053064999999998676,True,True,58.18533820416599,67.06182155264031,8.876483348474324,True,0
795,2009-03-03,62.75,63.772144592378346,1.0221445923783463,-1.0221445923783463,3.212467117304371,5.664016231169953,0.045669999999998975,0.053069999999998674,True,True,60.559677475073975,69.4361608235483,8.87648334847433,True,0
796,2009-03-04,62.8,62.75082454006623,-0.04917545993376393,0.04917545993376393,3.212467117304371,5.664016231169953,0.04567499999999897,0.05307499999999867,True,True,59.53835742276186,68.41484077123619,8.876483348474324,True,0
797,2009-03-05,64.12,62.77324650990321,-1.3467534900967948,1.3467534900967948,3.212467117304371,5.664016231169953,0.04567999999999897,0.05307999999999867,True,True,59.56077939259884,68.43726274107317,8.87648334847433,True,0
798,2009-03-06,65.2,63.995929811525144,-1.2040701884748586,1.2040701884748586,3.212467117304371,5.664016231169953,0.04568499999999897,0.05308499999999867,True,True,60.78346269422077,69.6599460426951,8.876483348474324,True,0
799,2009-03-09,62.2,65.07032461880812,2.8703246188081124,-2.8703246188081124,3.212467117304371,5.664016231169953,0.04568999999999897,0.053089999999998666,True,True,61.857857501503744,70.73434084997807,8.876483348474324,True,0
800,2009-03-10,62.49,62.32820586201441,-0.16179413798559494,0.16179413798559494,3.212467117304371,5.664016231169953,0.045694999999998966,0.053094999999998664,True,True,59.115738744710036,67.99222209318435,8.876483348474316,True,0
801,2009-03-11,66.24,62.475317031659024,-3.7646829683409706,3.7646829683409706,3.212467117304371,5.664016231169953,0.045699999999998964,0.05309999999999866,True,True,59.26284991435465,68.13933326282898,8.87648334847433,True,0
802,2009-03-12,68.35,65.94952746182143,-2.400472538178562,2.400472538178562,3.212467117304371,5.664016231169953,0.04570499999999896,0.05310499999999866,True,True,62.73706034451706,71.61354369299139,8.876483348474324,True,0
803,2009-03-13,69.64,68.10018195097787,-1.5398180490221307,1.5398180490221307,3.212467117304371,5.664016231169953,0.04570999999999896,0.05310999999999866,True,True,64.8877148336735,73.76419818214782,8.876483348474324,True,0
804,2009-03-16,68.56,69.46652697203862,0.9065269720386198,-0.9065269720386198,3.212467117304371,5.664016231169953,0.04571499999999896,0.053114999999998656,True,True,66.25405985473425,75.13054320320857,8.876483348474324,True,0
805,2009-03-17,67.37,68.54042227647803,1.1704222764780212,-1.1704222764780212,3.212467117304371,5.664016231169953,0.045719999999998956,0.053119999999998654,True,True,65.32795515917365,74.20443850764798,8.876483348474324,True,0
806,2009-03-18,70.97,67.39683321544891,-3.5731667845510913,3.5731667845510913,3.212467117304371,5.664016231169953,0.045724999999998954,0.05312499999999865,True,True,64.18436609814454,73.06084944661886,8.876483348474324,True,0
807,2009-03-19,71.4,70.70222463526622,-0.6977753647337863,0.6977753647337863,3.212467117304371,5.664016231169953,0.04572999999999895,0.05312999999999865,True,True,67.48975751796185,76.36624086643617,8.876483348474324,True,0
808,2009-03-20,70.39,71.24021933905533,0.8502193390553288,-0.8502193390553288,3.212467117304371,5.664016231169953,0.04573499999999895,0.05313499999999865,True,True,68.02775222175096,76.90423557022528,8.876483348474324,True,0
809,2009-03-23,71.36,70.37164429526932,-0.9883557047306795,0.9883557047306795,3.212467117304371,5.664016231169953,0.04573999999999895,0.05313999999999865,True,True,67.15917717796495,76.03566052643927,8.876483348474324,True,0
810,2009-03-24,74.85,71.24715504199256,-3.602844958007438,3.602844958007438,3.2057372503300243,5.664016231169953,0.045744999999998946,0.053144999999998645,True,True,68.04141779166252,76.91117127316251,8.869753481499984,True,0
811,2009-03-25,73.09,74.53888187521628,1.4488818752162729,-1.4488818752162729,3.2057372503300243,5.028411261116844,0.045749999999998944,0.05314999999999864,True,True,71.33314462488624,79.56729313633312,8.234148511446875,True,0
812,2009-03-26,73.47,73.04907894815801,-0.4209210518419866,0.4209210518419866,3.2057372503300243,5.028411261116844,0.04575499999999894,0.05315499999999864,True,True,69.84334169782798,78.07749020927486,8.234148511446875,True,0
813,2009-03-27,71.61,73.39760377287638,1.7876037728763805,-1.7876037728763805,3.2057372503300243,5.028411261116844,0.04575999999999894,0.05315999999999864,True,True,70.19186652254635,78.42601503399322,8.234148511446875,True,0
814,2009-03-30,70.4,71.63799015194006,1.2379901519400534,-1.2379901519400534,3.2057372503300243,5.028411261116844,0.04576499999999894,0.05316499999999864,True,True,68.43225290161004,76.6664014130569,8.234148511446861,True,0
815,2009-03-31,72.61,70.43233935840128,-2.1776606415987203,2.1776606415987203,3.2057372503300243,5.028411261116844,0.04576999999999894,0.053169999999998635,True,True,67.22660210807126,75.46075061951812,8.234148511446861,True,0
816,2009-04-01,73.02,72.4223094252182,-0.5976905747817938,0.5976905747817938,3.2057372503300243,5.028411261116844,0.045774999999998935,0.05317499999999863,True,True,69.21657217488817,77.45072068633505,8.234148511446875,True,0
817,2009-04-02,73.63,72.87545341823733,-0.7545465817626678,0.7545465817626678,3.2057372503300243,5.028411261116844,0.04577999999999893,0.05317999999999863,True,True,69.6697161679073,77.90386467935417,8.234148511446875,True,0
818,2009-04-03,76.42,73.50518995235863,-2.9148100476413674,2.9148100476413674,3.2057372503300243,5.028411261116844,0.04578499999999893,0.05318499999999863,True,True,70.29945270202862,78.53360121347548,8.234148511446861,True,0
819,2009-04-06,77.26,76.15090995439981,-1.1090900456001975,1.1090900456001975,3.2057372503300243,5.028411261116844,0.04578999999999893,0.05318999999999863,True,True,72.94517270406979,81.17932121551665,8.234148511446861,True,0
820,2009-04-07,76.97,77.06578670178999,0.09578670178999005,-0.09578670178999005,3.2057372503300243,5.028411261116844,0.04579499999999893,0.053194999999998625,True,True,73.86004945145996,82.09419796290683,8.234148511446875,True,0
821,2009-04-08,75.93,76.87841081472985,0.94841081472984,-0.94841081472984,3.2057372503300243,5.028411261116844,0.045799999999998925,0.05319999999999862,True,True,73.67267356439982,81.90682207584669,8.234148511446875,True,0
822,2009-04-09,77.51,75.90528423454955,-1.6047157654504502,1.6047157654504502,3.2057372503300243,5.028411261116844,0.04580499999999892,0.05320499999999862,True,True,72.69954698421952,80.9336954956664,8.234148511446875,True,0
823,2009-04-13,79.84,77.34090097577717,-2.4990990242228293,2.4990990242228293,3.2057372503300243,5.028411261116844,0.04580999999999892,0.05320999999999862,True,True,74.13516372544714,82.36931223689402,8.234148511446875,True,0
824,2009-04-14,78.0,79.5707546102048,1.5707546102048013,-1.5707546102048013,3.2057372503300243,5.028411261116844,0.04581499999999892,0.05321499999999862,True,True,76.36501735987477,84.59916587132165,8.234148511446875,True,0
825,2009-04-15,75.5,77.96598896846947,2.4659889684694747,-2.4659889684694747,3.2057372503300243,5.028411261116844,0.04581999999999892,0.053219999999998616,True,True,74.76025171813944,82.99440022958632,8.234148511446875,True,0
826,2009-04-16,75.33,75.58867543661906,0.25867543661905756,-0.25867543661905756,3.2057372503300243,5.028411261116844,0.045824999999998915,0.053224999999998614,True,True,72.38293818628904,80.6170866977359,8.234148511446861,True,0
827,2009-04-17,76.78,75.30111788645878,-1.4788821135412178,1.4788821135412178,3.2057372503300243,5.028411261116844,0.04582999999999891,0.05322999999999861,True,True,72.09538063612877,80.32952914757563,8.234148511446861,True,0
828,2009-04-20,78.44,76.60762859520887,-1.8323714047911324,1.8323714047911324,3.2057372503300243,4.956444820395632,0.04583499999999891,0.05323499999999861,True,True,73.40189134487883,81.5640734156045,8.162182070725663,True,0
829,2009-04-21,77.33,78.2163990658036,0.8863990658036016,-0.8863990658036016,3.2057372503300243,4.956444820395632,0.04583999999999891,0.05323999999999861,True,True,75.01066181547358,83.17284388619923,8.162182070725649,True,0
830,2009-04-22,78.17,77.26552807286063,-0.9044719271393689,0.9044719271393689,3.0519731219600885,4.956444820395632,0.04584499999999891,0.053244999999998606,True,True,74.21355495090054,82.22197289325626,8.00841794235572,True,0
831,2009-04-23,81.33,78.04789849360002,-3.2821015063999823,3.2821015063999823,3.0519731219600885,4.956444820395632,0.045849999999998906,0.053249999999998604,True,True,74.99592537163993,83.00434331399565,8.00841794235572,True,0
832,2009-04-24,82.03,81.02114659444156,-1.0088534055584404,1.0088534055584404,3.0519731219600885,4.956444820395632,0.045854999999998904,0.0532549999999986,True,True,77.96917347248147,85.97759141483719,8.00841794235572,True,0
833,2009-04-27,83.88,81.81379282654636,-2.066207173453634,2.066207173453634,3.0519731219600885,4.956444820395632,0.0458599999999989,0.0532599999999986,True,True,78.76181970458627,86.770237646942,8.00841794235572,True,0
834,2009-04-28,82.68,83.6462731328202,0.9662731328201914,-0.9662731328201914,3.0519731219600885,4.956444820395632,0.0458649999999989,0.0532649999999986,True,True,80.59430001086011,88.60271795321583,8.00841794235572,True,0
835,2009-04-29,82.99,82.60031456939541,-0.3896854306045867,0.3896854306045867,3.0519731219600885,4.956444820395632,0.0458699999999989,0.053269999999998596,True,True,79.54834144743532,87.55675938979104,8.00841794235572,True,0
836,2009-04-30,80.93,82.8851383845152,1.9551383845151946,-1.9551383845151946,3.0519731219600885,4.956444820395632,0.045874999999998896,0.053274999999998594,True,True,79.83316526255511,87.84158320491083,8.00841794235572,True,0
837,2009-05-01,80.38,80.93483769305033,0.5548376930503309,-0.5548376930503309,3.0519731219600885,4.956444820395632,0.045879999999998894,0.05327999999999859,True,True,77.88286457109024,85.89128251344596,8.00841794235572,True,0
838,2009-05-04,80.26,80.34756558463376,0.08756558463375086,-0.08756558463375086,3.0519731219600885,4.956444820395632,0.04588499999999889,0.05328499999999859,True,True,77.29559246267367,85.30401040502939,8.00841794235572,True,0
839,2009-05-05,81.01,80.17517668728155,-0.8348233127184557,0.8348233127184557,3.0519731219600885,4.956444820395632,0.04588999999999889,0.05328999999999859,True,True,77.12320356532146,85.13162150767718,8.00841794235572,True,0
840,2009-05-06,82.88,80.86531040864986,-2.014689591350134,2.014689591350134,3.0519731219600885,4.956444820395632,0.04589499999999889,0.05329499999999859,True,True,77.81333728668977,85.8217552290455,8.00841794235572,True,0
841,2009-05-07,82.73,82.64828924704571,-0.08171075295429375,0.08171075295429375,3.0519731219600885,4.956444820395632,0.045899999999998886,0.053299999999998585,True,True,79.59631612508562,87.60473406744134,8.00841794235572,True,0
842,2009-05-08,79.69,82.59203502412879,2.902035024128793,-2.902035024128793,3.0519731219600885,4.956444820395632,0.045904999999998884,0.05330499999999858,True,True,79.5400619021687,87.54847984452442,8.00841794235572,True,0
843,2009-05-11,76.8,79.76117159755995,2.9611715975599537,-2.9611715975599537,3.0519731219600885,4.956444820395632,0.04590999999999888,0.05330999999999858,True,True,76.70919847559986,84.71761641795558,8.00841794235572,True,0
844,2009-05-12,78.7,76.92338680579853,-1.7766131942014738,1.7766131942014738,3.0519731219600885,4.956444820395632,0.04591499999999888,0.05331499999999858,True,True,73.87141368383844,81.87983162619416,8.00841794235572,True,0
845,2009-05-13,76.25,78.55803908208557,2.308039082085571,-2.308039082085571,3.0519731219600885,4.944946333592554,0.04591999999999888,0.05331999999999858,True,True,75.50606596012548,83.50298541567813,7.996919455552643,True,0
846,2009-05-14,73.79,76.26089315088637,2.4708931508863685,-2.4708931508863685,3.0519731219600885,4.944946333592554,0.045924999999998876,0.053324999999998575,True,True,73.20892002892629,81.20583948447893,7.996919455552643,True,0
847,2009-05-15,74.54,73.89363153856263,-0.6463684614373761,0.6463684614373761,3.0519731219600885,4.944946333592554,0.045929999999998875,0.05332999999999857,True,True,70.84165841660254,78.83857787215518,7.996919455552643,True,0
848,2009-05-18,73.96,74.46837300868394,0.5083730086839466,-0.5083730086839466,3.0519731219600885,4.944946333592554,0.04593499999999887,0.05333499999999857,True,True,71.41639988672385,79.4133193422765,7.996919455552643,True,0
849,2009-05-19,75.43,73.89775985898694,-1.5322401410130624,1.5322401410130624,3.0519731219600885,4.944946333592554,0.04593999999999887,0.05333999999999857,True,True,70.84578673702686,78.8427061925795,7.996919455552643,True,0
850,2009-05-20,78.5,75.27512077870223,-3.224879221297769,3.224879221297769,2.9841768871517402,4.944946333592554,0.04594499999999887,0.05334499999999857,True,True,72.29094389155048,80.22006711229479,7.929123220744302,True,0
851,2009-05-21,76.75,78.20028054854859,1.4502805485485908,-1.4502805485485908,2.9841768871517402,4.944946333592554,0.04594999999999887,0.053349999999998565,True,True,75.21610366139686,83.14522688214115,7.929123220744287,True,0
852,2009-05-22,76.1,76.69216306832979,0.5921630683297963,-0.5921630683297963,2.9841768871517402,4.944946333592554,0.045954999999998865,0.05335499999999856,True,True,73.70798618117806,81.63710940192234,7.929123220744287,True,0
853,2009-05-26,75.03,76.08665042810664,1.0566504281066358,-1.0566504281066358,2.9841768871517402,4.944946333592554,0.04595999999999886,0.05335999999999856,True,True,73.10247354095489,81.03159676169919,7.929123220744302,True,0
854,2009-05-27,78.51,75.02006193499365,-3.4899380650063563,3.4899380650063563,2.9841768871517402,4.944946333592554,0.04596499999999886,0.05336499999999856,True,True,72.0358850478419,79.9650082685862,7.929123220744302,True,0
855,2009-05-28,77.7,78.2395247067973,0.5395247067972946,-0.5395247067972946,2.9841768871517402,4.944946333592554,0.04596999999999886,0.05336999999999856,True,True,75.25534781964555,83.18447104038985,7.929123220744302,True,0
856,2009-05-29,77.72,77.57717169797263,-0.14282830202736818,0.14282830202736818,2.9841768871517402,4.944946333592554,0.04597499999999886,0.053374999999998556,True,True,74.5929948108209,82.52211803156518,7.929123220744287,True,0
857,2009-06-01,78.21,77.64441075939322,-0.5655892406067693,0.5655892406067693,2.9841768871517402,4.944946333592554,0.045979999999998855,0.053379999999998554,True,True,74.66023387224149,82.58935709298578,7.929123220744287,True,0
858,2009-06-02,82.42,78.08835615994144,-4.331643840058561,4.331643840058561,2.9841768871517402,4.944946333592554,0.04598499999999885,0.05338499999999855,True,True,75.10417927278971,83.033302493534,7.929123220744287,True,0
859,2009-06-03,83.31,82.05848665483555,-1.2515133451644544,1.2515133451644544,2.9841768871517402,4.944946333592554,0.04598999999999885,0.05338999999999855,True,True,79.07430976768381,87.0034329884281,7.929123220744287,True,0
860,2009-06-04,85.42,83.05584859163407,-2.3641514083659274,2.3641514083659274,2.9841768871517402,4.944946333592554,0.04599499999999885,0.05339499999999855,True,True,80.07167170448233,88.00079492522663,7.929123220744302,True,0
861,2009-06-05,86.29,85.16739764325743,-1.1226023567425756,1.1226023567425756,2.9841768871517402,4.944946333592554,0.04599999999999885,0.053399999999998546,True,True,82.1832207561057,90.11234397684998,7.929123220744287,True,0
862,2009-06-08,86.75,86.08027206993904,-0.669727930060958,0.669727930060958,2.9841768871517402,4.944946333592554,0.046004999999998845,0.053404999999998544,True,True,83.09609518278731,91.0252184035316,7.929123220744287,True,0
863,2009-06-09,86.93,86.58767157443704,-0.34232842556296816,0.34232842556296816,2.9841768871517402,4.903928498957427,0.046009999999998843,0.05340999999999854,True,True,83.60349468728529,91.49160007339447,7.888105386109174,True,0
864,2009-06-10,87.58,86.79109742650269,-0.7889025734973103,0.7889025734973103,2.9841768871517402,4.903928498957427,0.04601499999999884,0.05341499999999854,True,True,83.80692053935095,91.69502592546011,7.88810538610916,True,0
865,2009-06-11,86.3,87.41937863761092,1.1193786376109216,-1.1193786376109216,2.9841768871517402,4.903928498957427,0.04601999999999884,0.05341999999999854,True,True,84.43520175045919,92.32330713656835,7.88810538610916,True,0
866,2009-06-12,85.03,86.23915178527558,1.20915178527558,-1.20915178527558,2.9841768871517402,4.903928498957427,0.04602499999999884,0.053424999999998536,True,True,83.25497489812383,91.14308028423301,7.888105386109174,True,0
867,2009-06-15,82.83,85.00950546477156,2.179505464771566,-2.179505464771566,2.9841768871517402,4.903928498957427,0.046029999999998836,0.053429999999998534,True,True,82.02532857761983,89.91343396372899,7.88810538610916,True,0
868,2009-06-16,83.7,82.86362385349072,-0.8363761465092807,0.8363761465092807,2.9841768871517402,4.903928498957427,0.046034999999998834,0.05343499999999853,True,True,79.87944696633897,87.76755235244815,7.888105386109174,True,0
869,2009-06-17,82.5,83.58525354654554,1.0852535465455446,-1.0852535465455446,2.9841768871517402,4.903928498957427,0.04603999999999883,0.05343999999999853,True,True,80.60107665939381,88.48918204550297,7.88810538610916,True,0
870,2009-06-18,82.81,82.44208396819771,-0.36791603180229515,0.36791603180229515,2.9611715975599537,4.903928498957427,0.04604499999999883,0.05344499999999853,True,True,79.48091237063775,87.34601246715513,7.865100096517381,True,0
871,2009-06-19,82.15,82.70889935370998,0.5588993537099753,-0.5588993537099753,2.9611715975599537,4.903928498957427,0.04604999999999883,0.053449999999998526,True,True,79.74772775615003,87.61282785266741,7.865100096517381,True,0
872,2009-06-22,82.41,82.0751675864919,-0.3348324135080958,0.3348324135080958,2.9611715975599537,4.903928498957427,0.046054999999998826,0.053454999999998525,True,True,79.11399598893195,86.97909608544933,7.865100096517381,True,0
873,2009-06-23,78.97,82.30287353280035,3.332873532800349,-3.332873532800349,2.9611715975599537,4.903928498957427,0.046059999999998824,0.05345999999999852,False,True,79.3417019352404,87.20680203175777,7.865100096517381,False,1
874,2009-06-24,78.0,79.05526719244028,1.055267192440283,-1.055267192440283,2.9841768871517402,4.903928498957427,0.045964999999998826,0.05346499999999852,True,True,76.07109030528855,83.95919569139771,7.88810538610916,True,0
875,2009-06-25,79.1,78.0233586506953,-1.076641349304694,1.076641349304694,2.9841768871517402,4.903928498957427,0.045969999999998824,0.05346999999999852,True,True,75.03918176354355,82.92728714965273,7.888105386109174,True,0
876,2009-06-26,81.9,78.96444620252683,-2.935553797473176,2.935553797473176,2.9841768871517402,4.903928498957427,0.04597499999999882,0.05347499999999852,True,True,75.9802693153751,83.86837470148426,7.88810538610916,True,0
877,2009-06-29,83.87,81.6206432183674,-2.2493567816325992,2.2493567816325992,2.9841768871517402,4.903928498957427,0.04597999999999882,0.053479999999998515,True,True,78.63646633121567,86.52457171732483,7.88810538610916,True,0
878,2009-06-30,83.62,83.59849779366365,-0.021502206336350582,0.021502206336350582,2.9841768871517402,4.903928498957427,0.04598499999999882,0.05348499999999851,True,True,80.61432090651192,88.50242629262108,7.88810538610916,True,0
879,2009-07-01,84.42,83.48588618266449,-0.9341138173355148,0.9341138173355148,2.9841768871517402,4.903928498957427,0.04598999999999882,0.05348999999999851,True,True,80.50170929551274,88.38981468162191,7.888105386109174,True,0
880,2009-07-02,81.11,84.27111150284574,3.161111502845742,-3.161111502845742,2.9841768871517402,4.790864037316226,0.045994999999998815,0.05349499999999851,False,True,81.28693461569401,89.06197554016197,7.775040924467959,False,1
881,2009-07-06,78.45,81.16731753294884,2.71731753294884,-2.71731753294884,3.0519731219600885,4.790864037316226,0.04589999999999882,0.05349999999999851,True,True,78.11534441098875,85.95818157026507,7.842837159276314,True,0
882,2009-07-07,78.53,78.55376626387566,0.0237662638756575,-0.0237662638756575,3.0519731219600885,4.790864037316226,0.045904999999998815,0.053504999999998505,True,True,75.50179314191557,83.34463030119188,7.842837159276314,True,0
883,2009-07-08,76.46,78.4839634193259,2.0239634193259093,-2.0239634193259093,3.0519731219600885,4.790864037316226,0.04590999999999881,0.0535099999999985,True,True,75.43199029736581,83.27482745664213,7.842837159276314,True,0
884,2009-07-09,78.25,76.47983638270489,-1.7701636172951112,1.7701636172951112,3.0519731219600885,4.790864037316226,0.04591499999999881,0.0535149999999985,True,True,73.4278632607448,81.27070042002111,7.842837159276314,True,0
885,2009-07-10,77.52,78.10258579539256,0.5825857953925606,-0.5825857953925606,3.0519731219600885,4.790864037316226,0.04591999999999881,0.0535199999999985,True,True,75.05061267343247,82.89344983270878,7.842837159276314,True,0
886,2009-07-13,78.07,77.4378863803992,-0.632113619600787,0.632113619600787,3.0519731219600885,4.790864037316226,0.04592499999999881,0.0535249999999985,True,True,74.38591325843912,82.22875041771543,7.842837159276314,True,0
887,2009-07-14,81.48,77.96419792077668,-3.51580207922332,3.51580207922332,3.0519731219600885,4.790864037316226,0.045929999999998805,0.053529999999998495,True,True,74.9122247988166,82.75506195809291,7.842837159276314,True,0
888,2009-07-15,83.0,81.18571271801517,-1.8142872819848321,1.8142872819848321,3.0519731219600885,4.790864037316226,0.0459349999999988,0.053534999999998494,True,True,78.13373959605508,85.9765767553314,7.842837159276314,True,0
889,2009-07-16,84.42,82.75035613658281,-1.6696438634171926,1.6696438634171926,3.0519731219600885,4.790864037316226,0.0459399999999988,0.05353999999999849,True,True,79.69838301462272,87.54122017389903,7.842837159276314,True,0
890,2009-07-17,85.8,84.20895835426676,-1.5910416457332417,1.5910416457332417,3.0519731219600885,4.790864037316226,0.0459449999999988,0.05354499999999849,True,True,81.15698523230667,88.99982239158298,7.842837159276314,True,0
891,2009-07-20,86.27,85.58971412924318,-0.6802858707568191,0.6802858707568191,3.0519731219600885,4.790864037316226,0.0459499999999988,0.05354999999999849,True,True,82.53774100728309,90.3805781665594,7.842837159276314,True,0
892,2009-07-21,88.52,86.10635771142927,-2.4136422885707276,2.4136422885707276,3.0519731219600885,4.790864037316226,0.045954999999998795,0.053554999999998486,True,True,83.05438458946918,90.8972217487455,7.842837159276314,True,0
893,2009-07-22,88.65,88.27465505409751,-0.3753449459024978,0.3753449459024978,3.0519731219600885,4.790864037316226,0.045959999999998793,0.053559999999998484,True,True,85.22268193213742,93.06551909141373,7.842837159276314,True,0
894,2009-07-23,89.84,88.48356799549548,-1.3564320045045264,1.3564320045045264,2.9841768871517402,4.790864037316226,0.04596499999999879,0.05356499999999848,True,True,85.49939110834373,93.2744320328117,7.775040924467973,True,0
895,2009-07-24,87.6,89.65216779862529,2.052167798625291,-2.052167798625291,2.9841768871517402,4.790864037316226,0.04596999999999879,0.05356999999999848,True,True,86.66799091147354,94.44303183594151,7.775040924467973,True,0
896,2009-07-27,86.24,87.57397257650591,1.3339725765059143,-1.3339725765059143,2.9841768871517402,4.790864037316226,0.04597499999999879,0.05357499999999848,True,True,84.58979568935416,92.36483661382213,7.775040924467973,True,0
897,2009-07-28,83.84,86.22754130383012,2.387541303830119,-2.387541303830119,2.9841768871517402,4.699433799677728,0.045979999999998786,0.053579999999998476,True,True,83.24336441667839,90.92697510350786,7.683610686829468,True,0
898,2009-07-29,84.47,83.86943728928743,-0.6005627107125662,0.6005627107125662,2.9841768871517402,4.699433799677728,0.045984999999998784,0.053584999999998474,True,True,80.88526040213569,88.56887108896515,7.683610686829468,True,0
899,2009-07-30,85.64,84.36530220014744,-1.2746977998525608,1.2746977998525608,2.9841768871517402,4.699433799677728,0.04598999999999878,0.05358999999999847,True,True,81.38112531299569,89.06473599982516,7.683610686829468,True,0
900,2009-07-31,85.76,85.45770560100205,-0.30229439899795807,0.30229439899795807,2.9841768871517402,4.699433799677728,0.04599499999999878,0.05359499999999847,True,True,82.4735287138503,90.15713940067977,7.683610686829468,True,0
901,2009-08-03,86.56,85.62169462170849,-0.938305378291517,0.938305378291517,2.9841768871517402,4.699433799677728,0.04599999999999878,0.05359999999999847,True,True,82.63751773455675,90.32112842138622,7.683610686829468,True,0
902,2009-08-04,87.48,86.40237667523967,-1.0776233247603386,1.0776233247603386,2.9841768871517402,4.699433799677728,0.046004999999998776,0.053604999999998466,True,True,83.41819978808792,91.10181047491739,7.683610686829468,True,0
903,2009-08-05,85.64,87.30311972885032,1.6631197288503188,-1.6631197288503188,2.9841768871517402,4.699433799677728,0.046009999999998774,0.053609999999998464,True,True,84.31894284169857,92.00255352852804,7.683610686829468,True,0
904,2009-08-06,84.31,85.60376170157879,1.293761701578788,-1.293761701578788,2.9841768871517402,4.699433799677728,0.04601499999999877,0.05361499999999846,True,True,82.61958481442704,90.30319550125651,7.683610686829468,True,0
905,2009-08-07,84.1,84.29569106665924,0.19569106665925062,-0.19569106665925062,2.9841768871517402,4.699433799677728,0.04601999999999877,0.05361999999999846,True,True,81.3115141795075,88.99512486633697,7.683610686829468,True,0
906,2009-08-10,85.01,84.02378165207755,-0.9862183479224598,0.9862183479224598,2.9841768871517402,4.699433799677728,0.04602499999999877,0.05362499999999846,True,True,81.0396047649258,88.72321545175527,7.683610686829468,True,0
907,2009-08-11,83.64,84.85787102514513,1.2178710251451292,-1.2178710251451292,2.9841768871517402,4.699433799677728,0.046029999999998766,0.05362999999999846,True,True,81.8736941379934,89.55730482482286,7.683610686829468,True,0
908,2009-08-12,83.42,83.58712486585587,0.16712486585586817,-0.16712486585586817,2.9841768871517402,4.699433799677728,0.046034999999998764,0.053634999999998455,True,True,80.60294797870412,88.28655866553359,7.683610686829468,True,0
909,2009-08-13,85.72,83.34785190015357,-2.3721480998464273,2.3721480998464273,2.9841768871517402,4.699433799677728,0.04603999999999876,0.05363999999999845,True,True,80.36367501300182,88.04728569983129,7.683610686829468,True,0
910,2009-08-14,84.11,85.4959118830714,1.385911883071401,-1.385911883071401,2.9841768871517402,4.699433799677728,0.04604499999999876,0.05364499999999845,True,True,82.51173499591965,90.19534568274912,7.683610686829468,True,0
911,2009-08-17,81.16,84.0452516272478,2.885251627247797,-2.885251627247797,2.9841768871517402,4.699433799677728,0.04604999999999876,0.05364999999999845,True,True,81.06107474009605,88.74468542692551,7.683610686829468,True,0
912,2009-08-18,81.41,81.23341463531213,-0.17658536468786679,0.17658536468786679,2.9841768871517402,4.699433799677728,0.04605499999999876,0.05365499999999845,True,True,78.2492377481604,85.93284843498986,7.683610686829468,True,0
913,2009-08-19,80.91,81.3507809334937,0.4407809334936985,-0.4407809334936985,2.9611715975599537,4.699433799677728,0.046059999999998755,0.053659999999998445,True,True,78.38960933593374,86.05021473317143,7.660605397237688,True,0
914,2009-08-20,82.98,80.83445787870025,-2.145542121299755,2.145542121299755,2.9611715975599537,4.699433799677728,0.04606499999999875,0.05366499999999844,True,True,77.8732862811403,85.53389167837798,7.660605397237688,True,0
915,2009-08-21,84.78,82.78179926963149,-1.9982007303685094,1.9982007303685094,2.9611715975599537,4.636139467606782,0.04606999999999875,0.05366999999999844,True,True,79.82062767207154,87.41793873723827,7.5973110651667355,True,0
916,2009-08-24,85.17,84.5447715900881,-0.6252284099118981,0.6252284099118981,2.9611715975599537,4.636139467606782,0.04607499999999875,0.05367499999999844,True,True,81.58359999252815,89.18091105769489,7.5973110651667355,True,0
917,2009-08-25,84.66,85.00983650021577,0.3498365002157726,-0.3498365002157726,2.9611715975599537,4.636139467606782,0.04607999999999875,0.05367999999999844,True,True,82.04866490265582,89.64597596782255,7.5973110651667355,True,0
918,2009-08-26,84.1,84.57055155261077,0.47055155261077175,-0.47055155261077175,2.9611715975599537,4.636139467606782,0.046084999999998745,0.053684999999998435,True,True,81.60937995505081,89.20669102021755,7.5973110651667355,True,0
919,2009-08-27,84.01,84.03039911185516,0.02039911185515564,-0.02039911185515564,2.9611715975599537,4.636139467606782,0.04608999999999874,0.05368999999999843,True,True,81.0692275142952,88.66653857946194,7.5973110651667355,True,0
920,2009-08-28,84.78,83.91879494125305,-0.8612050587469469,0.8612050587469469,2.9611715975599537,4.636139467606782,0.04609499999999874,0.05369499999999843,True,True,80.9576233436931,88.55493440885984,7.5973110651667355,True,0
921,2009-08-31,81.93,84.63610922305061,2.7061092230506034,-2.7061092230506034,2.9611715975599537,4.636139467606782,0.04609999999999874,0.05369999999999843,True,True,81.67493762549066,89.27224869065739,7.5973110651667355,True,0
922,2009-09-01,80.74,81.95695040975319,1.2169504097531956,-1.2169504097531956,2.9611715975599537,4.636139467606782,0.04610499999999874,0.05370499999999843,True,True,78.99577881219324,86.59308987735997,7.5973110651667355,True,0
923,2009-09-02,79.04,80.75170413382116,1.7117041338211578,-1.7117041338211578,2.9611715975599537,4.636139467606782,0.046109999999998735,0.053709999999998426,True,True,77.79053253626121,85.38784360142795,7.5973110651667355,True,0
924,2009-09-03,78.39,79.05250156373499,0.6625015637349918,-0.6625015637349918,2.9611715975599537,4.636139467606782,0.04611499999999873,0.053714999999998424,True,True,76.09132996617504,83.68864103134177,7.5973110651667355,True,0
925,2009-09-04,78.27,78.36300350245237,0.0930035024523761,-0.0930035024523761,2.9611715975599537,4.636139467606782,0.04611999999999873,0.05371999999999842,True,True,75.40183190489242,82.99914297005915,7.5973110651667355,True,0
926,2009-09-08,79.86,78.20122300957023,-1.6587769904297716,1.6587769904297716,2.9611715975599537,4.636139467606782,0.04612499999999873,0.05372499999999842,True,True,75.24005141201027,82.83736247717701,7.5973110651667355,True,0
927,2009-09-09,80.6,79.69379231364101,-0.9062076863589823,0.9062076863589823,2.9611715975599537,4.636139467606782,0.04612999999999873,0.05372999999999842,True,True,76.73262071608106,84.3299317812478,7.5973110651667355,True,0
928,2009-09-10,82.33,80.44390787030126,-1.8860921296987385,1.8860921296987385,2.9611715975599537,4.636139467606782,0.046134999999998726,0.053734999999998416,True,True,77.4827362727413,85.08004733790804,7.5973110651667355,True,0
929,2009-09-11,84.44,82.1348811469201,-2.305118853079904,2.305118853079904,2.9611715975599537,4.636139467606782,0.046139999999998724,0.053739999999998414,True,True,79.17370954936014,86.77102061452688,7.5973110651667355,True,0
930,2009-09-14,83.81,84.2042392471173,0.39423924711729796,-0.39423924711729796,2.9611715975599537,4.636139467606782,0.04614499999999872,0.05374499999999841,True,True,81.24306764955735,88.84037871472408,7.5973110651667355,True,0
931,2009-09-15,84.17,83.70167171815883,-0.4683282818411669,0.4683282818411669,2.9611715975599537,4.636139467606782,0.04614999999999872,0.05374999999999841,True,True,80.74050012059888,88.33781118576562,7.5973110651667355,True,0
932,2009-09-16,85.91,84.05812254858024,-1.8518774514197531,1.8518774514197531,2.9611715975599537,4.436643377821838,0.04615499999999872,0.05375499999999841,True,True,81.09695095102029,88.49476592640208,7.397814975381792,True,0
933,2009-09-17,90.75,85.71064006142828,-5.039359938571721,5.039359938571721,2.9581569850300014,4.436643377821838,0.046159999999998716,0.053759999999998406,True,False,82.75248307639828,90.14728343925012,7.394800362851839,False,1
934,2009-09-18,90.74,90.36608994974087,-0.37391005025912705,0.37391005025912705,2.9581569850300014,4.636139467606782,0.046164999999998714,0.05366499999999841,True,True,87.40793296471087,95.00222941734765,7.594296452636783,True,0
935,2009-09-21,89.69,90.53750990063506,0.8475099006350604,-0.8475099006350604,2.9581569850300014,4.636139467606782,0.04616999999999871,0.053669999999998406,True,True,87.57935291560506,95.17364936824184,7.594296452636783,True,0
936,2009-09-22,91.46,89.61749827374182,-1.8425017262581775,1.8425017262581775,2.9581569850300014,4.636139467606782,0.04617499999999871,0.053674999999998405,True,True,86.65934128871181,94.2536377413486,7.594296452636783,True,0
937,2009-09-23,92.82,91.26945349488659,-1.5505465051134024,1.5505465051134024,2.9581569850300014,4.636139467606782,0.04617999999999871,0.0536799999999984,True,True,88.31129650985659,95.90559296249337,7.594296452636783,True,0
938,2009-09-24,92.0,92.59838768178207,0.5983876817820715,-0.5983876817820715,2.9581569850300014,4.636139467606782,0.046184999999998706,0.0536849999999984,True,True,89.64023069675207,97.23452714938885,7.594296452636783,True,0
939,2009-09-25,91.44,91.88892901530596,0.4489290153059642,-0.4489290153059642,2.9581569850300014,4.636139467606782,0.046189999999998704,0.0536899999999984,True,True,88.93077203027596,96.52506848291274,7.594296452636783,True,0
940,2009-09-28,91.04,91.35504195676981,0.31504195676980373,-0.31504195676980373,2.9581569850300014,4.636139467606782,0.0461949999999987,0.0536949999999984,True,True,88.39688497173981,95.99118142437659,7.594296452636783,True,0
941,2009-09-29,91.96,90.944556862741,-1.0154431372589983,1.0154431372589983,2.9581569850300014,4.636139467606782,0.0461999999999987,0.053699999999998395,True,True,87.986399877711,95.58069633034778,7.594296452636783,True,0
942,2009-09-30,92.26,91.79885843590505,-0.46114156409495877,0.46114156409495877,2.9581569850300014,4.636139467606782,0.0462049999999987,0.05370499999999839,True,True,88.84070145087504,96.43499790351183,7.594296452636783,True,0
943,2009-10-01,92.5,92.10469426662551,-0.39530573337448516,0.39530573337448516,2.9581569850300014,4.636139467606782,0.0462099999999987,0.05370999999999839,True,True,89.14653728159551,96.7408337342323,7.594296452636783,True,0
944,2009-10-02,90.05,92.35773918175975,2.3077391817597572,-2.3077391817597572,2.9581569850300014,4.636139467606782,0.046214999999998695,0.05371499999999839,True,True,89.39958219672975,96.99387864936654,7.594296452636783,True,0
945,2009-10-05,90.25,90.0378792386603,-0.2121207613397047,0.2121207613397047,2.9581569850300014,4.636139467606782,0.04621999999999869,0.05371999999999839,True,True,87.0797222536303,94.67401870626708,7.594296452636783,True,0
946,2009-10-06,89.33,90.16162621024456,0.8316262102445648,-0.8316262102445648,2.9581569850300014,4.636139467606782,0.04622499999999869,0.053724999999998385,True,True,87.20346922521456,94.79776567785134,7.594296452636783,True,0
947,2009-10-07,91.5,89.25148550592363,-2.2485144940763746,2.2485144940763746,2.9581569850300014,4.636139467606782,0.04622999999999869,0.05372999999999838,True,True,86.29332852089362,93.88762497353041,7.594296452636783,True,0
948,2009-10-08,94.8,91.29048374342185,-3.509516256578152,3.509516256578152,2.9581569850300014,4.636139467606782,0.04623499999999869,0.05373499999999838,True,True,88.33232675839184,95.92662321102863,7.594296452636783,True,0
949,2009-10-09,95.0,94.47700619914006,-0.5229938008599362,0.5229938008599362,2.9581569850300014,4.636139467606782,0.046239999999998685,0.05373999999999838,True,True,91.51884921411006,99.11314566674685,7.594296452636783,True,0
950,2009-10-12,96.17,94.80291808208382,-1.367081917916181,1.367081917916181,2.9581569850300014,4.436643377821838,0.04624499999999868,0.05374499999999838,True,True,91.84476109705382,99.23956145990566,7.394800362851839,True,0
951,2009-10-13,93.83,95.97988720153593,2.1498872015359325,-2.1498872015359325,2.9581569850300014,4.436643377821838,0.04624999999999868,0.053749999999998375,True,True,93.02173021650593,100.41653057935777,7.394800362851839,True,0
952,2009-10-14,96.22,93.78880184666569,-2.431198153334307,2.431198153334307,2.9581569850300014,4.436643377821838,0.04625499999999868,0.053754999999998374,True,True,90.83064486163569,98.22544522448753,7.394800362851839,True,0
953,2009-10-15,95.13,96.01335385103488,0.8833538510348831,-0.8833538510348831,2.954996977618464,4.436643377821838,0.04625999999999868,0.05375999999999837,True,True,93.05835687341641,100.44999722885672,7.391640355440302,True,0
954,2009-10-16,95.3,95.01175440952744,-0.28824559047255605,0.28824559047255605,2.954996977618464,4.436643377821838,0.046264999999998675,0.05376499999999837,True,True,92.05675743190898,99.44839778734928,7.391640355440302,True,0
955,2009-10-19,95.35,95.17885202119965,-0.1711479788003487,0.1711479788003487,2.954996977618464,4.436643377821838,0.04626999999999867,0.05376999999999837,True,True,92.22385504358118,99.61549539902148,7.391640355440302,True,0
956,2009-10-20,95.91,95.21454898251035,-0.6954510174896456,0.6954510174896456,2.954996977618464,4.436643377821838,0.04627499999999867,0.053774999999998366,True,True,92.25955200489189,99.65119236033219,7.391640355440302,True,0
957,2009-10-21,95.27,95.75167863721705,0.4816786372170583,-0.4816786372170583,2.954996977618464,4.436643377821838,0.04627999999999867,0.053779999999998364,True,True,92.79668165959859,100.18832201503889,7.391640355440302,True,0
958,2009-10-22,93.66,95.16111573141774,1.501115731417741,-1.501115731417741,2.954996977618464,4.436643377821838,0.04628499999999867,0.05378499999999836,True,True,92.20611875379927,99.59775910923958,7.391640355440302,True,0
959,2009-10-23,111.05,93.6183378223185,-17.431662177681503,17.431662177681503,2.954996977618464,4.436643377821838,0.046289999999998666,0.05378999999999836,True,False,90.66334084470003,98.05498120014033,7.391640355440302,False,1
960,2009-10-26,119.21,109.99022876785206,-9.219771232147934,9.219771232147934,2.954996977618464,4.636139467606782,0.046294999999998664,0.05369499999999836,True,False,107.0352317902336,114.62636823545884,7.591136445225246,False,1
961,2009-10-27,122.93,118.36625878896446,-4.563741211035548,4.563741211035548,2.954996977618464,4.699433799677728,0.04629999999999866,0.053599999999998364,True,True,115.411261811346,123.06569258864218,7.654430777296184,True,0
962,2009-10-28,121.57,122.53752916254781,0.9675291625478195,-0.9675291625478195,2.954996977618464,4.699433799677728,0.04630499999999866,0.05360499999999836,True,True,119.58253218492935,127.23696296222553,7.654430777296184,True,0
963,2009-10-29,123.9,121.41275248748883,-2.487247512511175,2.487247512511175,2.954996977618464,4.699433799677728,0.04630999999999866,0.05360999999999836,True,True,118.45775550987037,126.11218628716657,7.654430777296199,True,0
964,2009-10-30,121.97,123.68240416487855,1.7124041648785493,-1.7124041648785493,2.954996977618464,4.699433799677728,0.046314999999998656,0.05361499999999836,True,True,120.72740718726008,128.38183796455627,7.654430777296184,True,0
965,2009-11-02,118.66,121.85384583102004,3.1938458310200417,-3.1938458310200417,2.954996977618464,4.699433799677728,0.046319999999998654,0.053619999999998356,False,True,118.89884885340157,126.55327963069777,7.654430777296199,False,1
966,2009-11-03,117.67,118.63812479152323,0.9681247915232234,-0.9681247915232234,2.9581569850300014,4.699433799677728,0.046224999999998656,0.053624999999998355,True,True,115.67996780649322,123.33755859120095,7.657590784707722,True,0
967,2009-11-04,119.0,117.58528537436528,-1.4147146256347156,1.4147146256347156,2.9581569850300014,4.699433799677728,0.046229999999998654,0.05362999999999835,True,True,114.62712838933528,122.284719174043,7.657590784707722,True,0
968,2009-11-05,117.46,118.80924612304668,1.349246123046683,-1.349246123046683,2.9581569850300014,4.699433799677728,0.04623499999999865,0.05363499999999835,True,True,115.85108913801668,123.50867992272441,7.657590784707736,True,0
969,2009-11-06,123.0,117.33818500162742,-5.661814998372577,5.661814998372577,2.9581569850300014,4.699433799677728,0.04623999999999865,0.05363999999999835,True,False,114.38002801659742,122.03761880130514,7.657590784707722,False,1
970,2009-11-09,127.11,122.6663011980609,-4.443698801939092,4.443698801939092,2.9581569850300014,4.790864037316226,0.04624499999999865,0.05354499999999835,True,True,119.7081442130309,127.45716523537713,7.749021022346227,True,0
971,2009-11-10,126.8,126.74574064453607,-0.054259355463926795,0.054259355463926795,2.9581569850300014,4.790864037316226,0.046249999999998646,0.05354999999999835,True,True,123.78758365950607,131.53660468185228,7.749021022346213,True,0
972,2009-11-11,131.08,126.60909191996728,-4.4709080800327285,4.4709080800327285,2.9581569850300014,4.699433799677728,0.046254999999998644,0.05355499999999835,True,True,123.65093493493728,131.30852571964502,7.657590784707736,True,0
973,2009-11-12,129.98,130.79588165097417,0.8158816509741769,-0.8158816509741769,2.9581569850300014,4.699433799677728,0.04625999999999864,0.053559999999998345,True,True,127.83772466594417,135.4953154506519,7.657590784707736,True,0
974,2009-11-13,131.16,129.82447204806033,-1.3355279519396674,1.3355279519396674,2.954996977618464,4.699433799677728,0.04626499999999864,0.05356499999999834,True,True,126.86947507044187,134.52390584773806,7.654430777296199,True,0
975,2009-11-16,132.12,130.99273002577723,-1.12726997422277,1.12726997422277,2.954996977618464,4.699433799677728,0.04626999999999864,0.05356999999999834,True,True,128.03773304815877,135.69216382545497,7.654430777296199,True,0
976,2009-11-17,131.4,131.9362061232778,0.5362061232777933,-0.5362061232777933,2.954996977618464,4.699433799677728,0.04627499999999864,0.05357499999999834,True,True,128.98120914565934,136.63563992295553,7.654430777296199,True,0
977,2009-11-18,130.9,131.27501881189983,0.375018811899821,-0.375018811899821,2.954996977618464,4.699433799677728,0.046279999999998635,0.05357999999999834,True,True,128.32002183428136,135.97445261157756,7.654430777296199,True,0
978,2009-11-19,130.54,130.78594233699192,0.2459423369919307,-0.2459423369919307,2.954996977618464,4.699433799677728,0.04628499999999863,0.053584999999998335,True,True,127.83094535937346,135.48537613666966,7.654430777296199,True,0
979,2009-11-20,127.76,130.4179093927555,2.657909392755485,-2.657909392755485,2.954996977618464,4.699433799677728,0.04628999999999863,0.05358999999999833,True,True,127.46291241513703,135.11734319243322,7.654430777296199,True,0
980,2009-11-23,131.05,127.71213099014751,-3.337869009852497,3.337869009852497,2.954996977618464,4.699433799677728,0.04629499999999863,0.05359499999999833,True,True,124.75713401252905,132.41156478982523,7.654430777296184,True,0
981,2009-11-24,133.57,130.82815321057157,-2.741846789428422,2.741846789428422,2.954996977618464,4.699433799677728,0.04629999999999863,0.05359999999999833,True,True,127.87315623295311,135.5275870102493,7.654430777296199,True,0
982,2009-11-25,133.31,133.30839535891948,-0.0016046410805188316,0.0016046410805188316,2.954996977618464,4.699433799677728,0.046304999999998625,0.05360499999999833,True,True,130.35339838130102,138.00782915859722,7.654430777296199,True,0
983,2009-11-27,130.3,133.15455184590195,2.8545518459019377,-2.8545518459019377,2.954996977618464,4.699433799677728,0.04630999999999862,0.053609999999998326,True,True,130.19955486828349,137.85398564557968,7.654430777296199,True,0
984,2009-11-30,132.19,130.26481728972826,-1.9251827102717414,1.9251827102717414,2.954996977618464,4.699433799677728,0.04631499999999862,0.053614999999998324,True,True,127.30982031210979,134.964251089406,7.654430777296199,True,0
985,2009-12-01,136.94,132.02605099670552,-4.913949003294476,4.913949003294476,2.954996977618464,4.699433799677728,0.04631999999999862,0.05361999999999832,True,False,129.07105401908706,136.72548479638326,7.654430777296199,False,1
986,2009-12-02,139.15,136.62406673470113,-2.5259332652988746,2.5259332652988746,2.954996977618464,4.790864037316226,0.04632499999999862,0.053524999999998324,True,True,133.66906975708267,141.41493077201736,7.74586101493469,True,0
987,2009-12-03,143.62,138.89227909066943,-4.727720909330571,4.727720909330571,2.954996977618464,4.790864037316226,0.046329999999998615,0.05352999999999832,True,True,135.93728211305097,143.68314312798566,7.74586101493469,True,0
988,2009-12-04,143.42,143.3373424555961,-0.08265754440390083,0.08265754440390083,2.954996977618464,4.790864037316226,0.04633499999999861,0.05353499999999832,True,True,140.38234547797762,148.1282064929123,7.74586101493469,True,0
989,2009-12-07,138.0,143.26719585372354,5.2671958537235355,-5.2671958537235355,2.954996977618464,4.790864037316226,0.04633999999999861,0.05353999999999832,False,True,140.31219887610507,148.05805989103976,7.74586101493469,False,1
990,2009-12-08,134.3,138.0565483725394,3.7565483725393847,-3.7565483725393847,2.9581569850300014,4.790864037316226,0.046244999999998614,0.053544999999998316,False,True,135.0983913875094,142.84741240985562,7.749021022346227,False,1
991,2009-12-09,134.6,134.35085918365198,-0.24914081634801732,0.24914081634801732,2.9611715975599537,4.727720909330571,0.046149999999998616,0.053549999999998314,True,True,131.389687586092,139.07858009298255,7.688892506890539,True,0
992,2009-12-10,132.41,134.50576120195333,2.095761201953337,-2.095761201953337,2.9611715975599537,4.727720909330571,0.046154999999998614,0.05355499999999831,True,True,131.54458960439337,139.2334821112839,7.688892506890539,True,0
993,2009-12-11,136.07,132.33834782233336,-3.731652177666632,3.731652177666632,2.9611715975599537,4.727720909330571,0.04615999999999861,0.05355999999999831,True,True,129.3771762247734,137.06606873166393,7.688892506890539,True,0
994,2009-12-14,132.5,135.8485030667323,3.3485030667322917,-3.3485030667322917,2.9611715975599537,4.727720909330571,0.04616499999999861,0.05356499999999831,False,True,132.88733146917235,140.57622397606286,7.688892506890511,False,1
995,2009-12-15,130.76,132.43532586759105,1.6753258675910558,-1.6753258675910558,2.9841768871517402,4.727720909330571,0.04606999999999861,0.053569999999998306,True,True,129.4511489804393,137.16304677692162,7.711897796482305,True,0
996,2009-12-16,130.93,130.71949713671597,-0.21050286328403445,0.21050286328403445,2.9841768871517402,4.727720909330571,0.04607499999999861,0.053574999999998305,True,True,127.73532024956424,135.44721804604654,7.711897796482305,True,0
997,2009-12-17,129.36,130.80625616940992,1.4462561694099065,-1.4462561694099065,2.9841768871517402,4.727720909330571,0.04607999999999861,0.0535799999999983,True,True,127.82207928225819,135.5339770787405,7.711897796482305,True,0
998,2009-12-18,127.91,129.26666491887232,1.356664918872326,-1.356664918872326,2.9841768871517402,4.727720909330571,0.046084999999998606,0.0535849999999983,True,True,126.28248803172059,133.9943858282029,7.711897796482305,True,0
999,2009-12-21,130.48,127.83165803554887,-2.64834196445112,2.64834196445112,2.9841768871517402,4.727720909330571,0.046089999999998604,0.0535899999999983,True,True,124.84748114839712,132.55937894487943,7.711897796482305,True,0
1000,2009-12-22,133.76,130.27318900254704,-3.486810997452949,3.486810997452949,2.9611715975599537,4.727720909330571,0.0460949999999986,0.0535949999999983,True,True,127.31201740498709,135.0009099118776,7.688892506890525,True,0
1001,2009-12-23,134.8,133.48347527078,-1.3165247292200206,1.3165247292200206,2.9611715975599537,4.727720909330571,0.0460999999999986,0.053599999999998295,True,True,130.52230367322005,138.21119618011056,7.688892506890511,True,0
1002,2009-12-24,139.2,134.5910697390381,-4.608930260961898,4.608930260961898,2.9611715975599537,4.727720909330571,0.0461049999999986,0.05360499999999829,True,True,131.62989814147812,139.31879064836866,7.688892506890539,True,0
1003,2009-12-28,139.75,138.92068193824082,-0.8293180617591815,0.8293180617591815,2.9611715975599537,4.727720909330571,0.0461099999999986,0.05360999999999829,True,True,135.95951034068088,143.6484028475714,7.688892506890511,True,0
1004,2009-12-29,141.29,139.55664334524212,-1.7333566547578698,1.7333566547578698,2.9611715975599537,4.727720909330571,0.046114999999998595,0.05361499999999829,True,True,136.59547174768215,144.2843642545727,7.688892506890539,True,0
1005,2009-12-30,138.4,141.11649542350452,2.7164954235045116,-2.7164954235045116,2.9611715975599537,4.727720909330571,0.04611999999999859,0.05361999999999829,True,True,138.15532382594455,145.8442163328351,7.688892506890539,True,0
1006,2009-12-31,137.09,138.34841621856035,1.2584162185603418,-1.2584162185603418,2.9611715975599537,4.727720909330571,0.04612499999999859,0.053624999999998285,True,True,135.38724462100038,143.07613712789092,7.688892506890539,True,0
1007,2010-01-04,136.25,137.03629987122525,0.7862998712252534,-0.7862998712252534,2.9611715975599537,4.727720909330571,0.04612999999999859,0.05362999999999828,True,True,134.0751282736653,141.76402078055582,7.688892506890511,True,0
1008,2010-01-05,133.43,136.16115608169287,2.731156081692859,-2.731156081692859,2.9611715975599537,4.699433799677728,0.04613499999999859,0.05363499999999828,True,True,133.19998448413293,140.8605898813706,7.660605397237674,True,0
1009,2010-01-06,134.6,133.3910966613693,-1.208903338630705,1.208903338630705,2.9611715975599537,4.699433799677728,0.046139999999998585,0.05363999999999828,True,True,130.42992506380932,138.09053046104702,7.660605397237703,True,0
1010,2010-01-07,132.01,134.4611574280894,2.4511574280894024,-2.4511574280894024,2.9611715975599537,4.699433799677728,0.04614499999999858,0.05364499999999828,True,True,131.49998583052945,139.16059122776713,7.660605397237674,True,0
1011,2010-01-08,130.56,131.94047149390587,1.3804714939058726,-1.3804714939058726,2.9611715975599537,4.699433799677728,0.04614999999999858,0.053649999999998275,True,True,128.97929989634594,136.6399052935836,7.660605397237674,True,0
1012,2010-01-11,132.62,130.49332851894252,-2.1266714810574854,2.1266714810574854,2.9611715975599537,4.699433799677728,0.04615499999999858,0.053654999999998274,True,True,127.53215692138257,135.19276231862025,7.660605397237688,True,0
1013,2010-01-12,128.99,132.43374304799647,3.4437430479964632,-3.4437430479964632,2.9611715975599537,4.699433799677728,0.04615999999999858,0.05365999999999827,False,True,129.47257145043653,137.1331768476742,7.660605397237674,False,1
1014,2010-01-13,127.9,128.9406276024902,1.04062760249019,-1.04062760249019,2.9841768871517402,4.699433799677728,0.04606499999999858,0.05366499999999827,True,True,125.95645071533846,133.64006140216793,7.683610686829468,True,0
1015,2010-01-14,129.14,127.83146680911614,-1.3085331908838498,1.3085331908838498,2.9841768871517402,4.699433799677728,0.04606999999999858,0.05366999999999827,True,True,124.8472899219644,132.53090060879387,7.683610686829468,True,0
1016,2010-01-15,129.18,128.97163718587984,-0.20836281412016433,0.20836281412016433,2.9841768871517402,4.699433799677728,0.046074999999998575,0.053674999999998266,True,True,125.98746029872811,133.67107098555758,7.683610686829468,True,0
1017,2010-01-19,126.2,129.0234860486588,2.8234860486588076,-2.8234860486588076,2.9841768871517402,4.699433799677728,0.046079999999998573,0.053679999999998264,True,True,126.03930916150708,133.72291984833655,7.683610686829468,True,0
1018,2010-01-20,127.13,126.15007586926386,-0.979924130736137,0.979924130736137,2.9841768871517402,4.699433799677728,0.04608499999999857,0.05368499999999826,True,True,123.16589898211211,130.84950966894158,7.683610686829468,True,0
1019,2010-01-21,127.26,126.99220578412417,-0.2677942158758384,0.2677942158758384,2.9841768871517402,4.699433799677728,0.04608999999999857,0.05368999999999826,True,True,124.00802889697243,131.6916395838019,7.683610686829468,True,0
1020,2010-01-22,125.6,127.10285439753197,1.5028543975319764,-1.5028543975319764,2.9841768871517402,4.699433799677728,0.04609499999999857,0.05369499999999826,True,True,124.11867751038022,131.8022881972097,7.683610686829468,True,0
1021,2010-01-25,122.1,125.50832800976704,3.4083280097670468,-3.4083280097670468,2.9611715975599537,4.699433799677728,0.046099999999998566,0.053699999999998256,False,True,122.54715641220709,130.20776180944478,7.660605397237688,False,1
1022,2010-01-26,120.56,122.08350536202748,1.5235053620274783,-1.5235053620274783,3.0519731219600885,4.699433799677728,0.04600499999999857,0.053704999999998254,True,True,119.03153224006739,126.7829391617052,7.751406921637809,True,0
1023,2010-01-27,121.03,120.50262979738687,-0.5273702026131275,0.5273702026131275,2.9841768871517402,4.699433799677728,0.046009999999998566,0.05370999999999825,True,True,117.51845291023514,125.20206359706461,7.683610686829468,True,0
1024,2010-01-28,124.43,120.88926553804772,-3.540734461952283,3.540734461952283,2.9841768871517402,4.699433799677728,0.046014999999998564,0.05371499999999825,True,True,117.90508865089598,125.58869933772544,7.683610686829468,True,0
1025,2010-01-29,129.77,124.17334558466419,-5.59665441533582,5.59665441533582,2.9841768871517402,4.636139467606782,0.04601999999999856,0.05371999999999825,True,False,121.18916869751246,128.809485052271,7.620316354758529,False,1
1026,2010-02-01,123.18,129.42170517250534,6.241705172505334,-6.241705172505334,2.9841768871517402,4.727720909330571,0.04602499999999856,0.05362499999999825,False,True,126.43752828535361,134.1494260818359,7.711897796482305,False,1
1027,2010-02-02,118.79,123.17443586005624,4.384435860056229,-4.384435860056229,3.0519731219600885,4.699433799677728,0.04592999999999856,0.05362999999999825,False,True,120.12246273809615,127.87386965973397,7.751406921637823,False,1
1028,2010-02-03,117.12,118.8660083096329,1.7460083096328987,-1.7460083096328987,3.161111502845742,4.699433799677728,0.045834999999998564,0.05363499999999825,True,True,115.70489680678716,123.56544210931062,7.860545302523462,True,0
1029,2010-02-04,118.64,117.08424786744861,-1.5557521325513903,1.5557521325513903,3.161111502845742,4.699433799677728,0.04583999999999856,0.053639999999998245,True,True,113.92313636460287,121.78368166712633,7.860545302523462,True,0
1030,2010-02-05,115.88,118.47501407333397,2.595014073333971,-2.595014073333971,3.161111502845742,4.699433799677728,0.04584499999999856,0.05364499999999824,True,True,115.31390257048822,123.1744478730117,7.860545302523477,True,0
1031,2010-02-08,119.38,115.8001753183766,-3.5798246816233927,3.5798246816233927,3.161111502845742,4.699433799677728,0.04584999999999856,0.05364999999999824,True,True,112.63906381553086,120.49960911805434,7.860545302523477,True,0
1032,2010-02-09,118.2,119.16546454462109,0.965464544621085,-0.965464544621085,3.161111502845742,4.699433799677728,0.04585499999999856,0.05365499999999824,True,True,116.00435304177535,123.86489834429881,7.860545302523462,True,0
1033,2010-02-10,118.0,118.0474649410355,0.04746494103549992,-0.04746494103549992,3.161111502845742,4.699433799677728,0.045859999999998555,0.05365999999999824,True,True,114.88635343818976,122.74689874071322,7.860545302523462,True,0
1034,2010-02-11,117.21,117.87974234791673,0.6697423479167384,-0.6697423479167384,3.161111502845742,4.699433799677728,0.04586499999999855,0.053664999999998235,True,True,114.71863084507099,122.57917614759447,7.860545302523477,True,0
1035,2010-02-12,118.99,117.09562174942195,-1.8943782505780433,1.8943782505780433,3.161111502845742,4.699433799677728,0.04586999999999855,0.05366999999999823,True,True,113.93451024657621,121.79505554909969,7.860545302523477,True,0
1036,2010-02-16,120.06,118.80281201134682,-1.257187988653186,1.257187988653186,3.161111502845742,4.699433799677728,0.04587499999999855,0.05367499999999823,True,True,115.64170050850107,123.50224581102455,7.860545302523477,True,0
1037,2010-02-17,117.08,119.86030399778058,2.780303997780578,-2.780303997780578,3.161111502845742,4.699433799677728,0.04587999999999855,0.05367999999999823,True,True,116.69919249493483,124.5597377974583,7.860545302523462,True,0
1038,2010-02-18,115.84,117.01664085082172,1.1766408508217125,-1.1766408508217125,3.161111502845742,4.699433799677728,0.045884999999998545,0.05368499999999823,True,True,113.85552934797597,121.71607465049945,7.860545302523477,True,0
1039,2010-02-19,117.91,115.77824294599758,-2.1317570540024207,2.1317570540024207,3.161111502845742,4.699433799677728,0.04588999999999854,0.053689999999998225,True,True,112.61713144315183,120.4776767456753,7.860545302523462,True,0
1040,2010-02-22,117.37,117.72222056572318,0.3522205657231723,-0.3522205657231723,3.161111502845742,4.699433799677728,0.04589499999999854,0.05369499999999822,True,True,114.56110906287743,122.42165436540091,7.860545302523477,True,0
1041,2010-02-23,118.01,117.21734000752419,-0.7926599924758193,0.7926599924758193,3.161111502845742,4.699433799677728,0.04589999999999854,0.05369999999999822,True,True,114.05622850467844,121.9167738072019,7.860545302523462,True,0
1042,2010-02-24,117.96,117.85728003986866,-0.10271996013133844,0.10271996013133844,3.161111502845742,4.699433799677728,0.04590499999999854,0.05370499999999822,True,True,114.69616853702291,122.55671383954638,7.860545302523462,True,0
1043,2010-02-25,118.17,117.81249213089882,-0.35750786910118393,0.35750786910118393,3.161111502845742,4.699433799677728,0.045909999999998535,0.05370999999999822,True,True,114.65138062805308,122.51192593057655,7.860545302523477,True,0
1044,2010-02-26,117.88,118.02415586008881,0.14415586008881576,-0.14415586008881576,3.161111502845742,4.636139467606782,0.04591499999999853,0.053714999999998216,True,True,114.86304435724307,122.6602953276956,7.797250970452524,True,0
1045,2010-03-01,118.85,117.74646997393573,-1.1035300260642629,1.1035300260642629,3.161111502845742,4.636139467606782,0.04591999999999853,0.053719999999998214,True,True,114.58535847108999,122.38260944154251,7.797250970452524,True,0
1046,2010-03-02,125.01,118.68373465511633,-6.32626534488368,6.32626534488368,3.161111502845742,4.636139467606782,0.04592499999999853,0.05372499999999821,True,False,115.52262315227058,123.3198741227231,7.797250970452524,False,1
1047,2010-03-03,125.4,124.65832596826634,-0.7416740317336661,0.7416740317336661,3.0519731219600885,4.699433799677728,0.04592999999999853,0.053629999999998214,True,True,121.60635284630625,129.35775976794406,7.751406921637809,True,0
1048,2010-03-04,125.96,125.15646339970205,-0.8035366002979458,0.8035366002979458,3.0519731219600885,4.699433799677728,0.045934999999998526,0.05363499999999821,True,True,122.10449027774196,129.85589719937977,7.751406921637809,True,0
1049,2010-03-05,129.13,125.7958115749172,-3.3341884250828002,3.3341884250828002,3.0519731219600885,4.699433799677728,0.045939999999998524,0.05363999999999821,True,True,122.7438384529571,130.49524537459493,7.751406921637823,True,0
1050,2010-03-08,128.3,128.88317531231982,0.5831753123198098,-0.5831753123198098,3.0519731219600885,4.699433799677728,0.04594499999999852,0.05364499999999821,True,True,125.83120219035973,133.58260911199756,7.751406921637823,True,0
1051,2010-03-09,129.59,128.1403955797498,-1.4496044202502105,1.4496044202502105,3.0519731219600885,4.699433799677728,0.04594999999999852,0.053649999999998206,True,True,125.0884224577897,132.83982937942753,7.751406921637823,True,0
1052,2010-03-10,129.11,129.42144302263043,0.3114430226304137,-0.3114430226304137,3.0519731219600885,4.699433799677728,0.04595499999999852,0.053654999999998204,True,True,126.36946990067034,134.12087682230816,7.751406921637823,True,0
1053,2010-03-11,130.45,128.96703160805782,-1.4829683919421655,1.4829683919421655,3.0519731219600885,4.699433799677728,0.045959999999998516,0.0536599999999982,True,True,125.91505848609773,133.66646540773556,7.751406921637823,True,0
1054,2010-03-12,134.2,130.27565484929576,-3.9243451507042266,3.9243451507042266,3.0519731219600885,4.699433799677728,0.045964999999998514,0.0536649999999982,True,True,127.22368172733567,134.9750886489735,7.751406921637823,True,0
1055,2010-03-15,131.7,133.92762286849975,2.2276228684997648,-2.2276228684997648,3.0519731219600885,4.699433799677728,0.04596999999999851,0.0536699999999982,True,True,130.87564974653966,138.6270566681775,7.751406921637823,True,0
1056,2010-03-16,131.24,131.58689283834408,0.34689283834407547,-0.34689283834407547,3.0519731219600885,4.699433799677728,0.04597499999999851,0.053674999999998196,True,True,128.534919716384,136.28632663802182,7.751406921637823,True,0
1057,2010-03-17,132.41,131.15020201826601,-1.259797981733982,1.259797981733982,3.0519731219600885,4.699433799677728,0.04597999999999851,0.053679999999998194,True,True,128.09822889630593,135.84963581794375,7.751406921637823,True,0
1058,2010-03-18,131.02,132.2425242809806,1.2225242809805934,-1.2225242809805934,3.0519731219600885,4.699433799677728,0.045984999999998506,0.05368499999999819,True,True,129.19055115902052,136.94195808065834,7.751406921637823,True,0
1059,2010-03-19,133.71,130.90847017645925,-2.8015298235407613,2.8015298235407613,3.0519731219600885,4.699433799677728,0.045989999999998504,0.05368999999999819,True,True,127.85649705449916,135.60790397613698,7.751406921637823,True,0
1060,2010-03-22,130.2,133.5080653814755,3.308065381475501,-3.308065381475501,3.0519731219600885,4.699433799677728,0.0459949999999985,0.05369499999999819,False,True,130.4560922595154,138.20749918115322,7.751406921637823,False,1
1061,2010-03-23,130.89,130.13548092639866,-0.7545190736013296,0.7545190736013296,3.161111502845742,4.699433799677728,0.045899999999998504,0.05369999999999819,True,True,126.97436942355291,134.8349147260764,7.860545302523477,True,0
1062,2010-03-24,128.64,130.777159361459,2.1371593614590267,-2.1371593614590267,3.161111502845742,4.699433799677728,0.0459049999999985,0.053704999999998185,True,True,127.61604785861327,135.47659316113675,7.860545302523477,True,0
1063,2010-03-25,129.14,128.56345259501393,-0.5765474049860586,0.5765474049860586,3.161111502845742,4.636139467606782,0.0459099999999985,0.05370999999999818,True,True,125.40234109216819,133.1995920626207,7.7972509704525095,True,0
1064,2010-03-26,134.9,129.0147189745971,-5.885281025402918,5.885281025402918,3.161111502845742,4.636139467606782,0.0459149999999985,0.05371499999999818,True,False,125.85360747175135,133.65085844220386,7.7972509704525095,False,1
1065,2010-03-29,135.37,134.5689608647571,-0.8010391352429167,0.8010391352429167,3.161111502845742,4.699433799677728,0.0459199999999985,0.05361999999999818,True,True,131.40784936191136,139.26839466443482,7.860545302523462,True,0
1066,2010-03-30,135.74,135.13793820757377,-0.602061792426241,0.602061792426241,3.161111502845742,4.699433799677728,0.045924999999998495,0.05362499999999818,True,True,131.976826704728,139.8373720072515,7.860545302523491,True,0
1067,2010-03-31,136.0,135.58725424151302,-0.41274575848697737,0.41274575848697737,3.161111502845742,4.699433799677728,0.04592999999999849,0.05362999999999818,True,True,132.4261427386673,140.28668804119076,7.860545302523462,True,0
1068,2010-04-01,134.425,135.85249729043576,1.4274972904357526,-1.4274972904357526,3.0519731219600885,4.699433799677728,0.04593499999999849,0.05363499999999818,True,True,132.80052416847568,140.5519310901135,7.751406921637823,True,0
1069,2010-04-05,132.85,134.335857622786,1.4858576227859999,-1.4858576227859999,3.0519731219600885,4.699433799677728,0.04593999999999849,0.053639999999998175,True,True,131.2838845008259,139.03529142246373,7.751406921637823,True,0
1070,2010-04-06,131.23,132.78436556320926,1.5543655632092737,-1.5543655632092737,3.0519731219600885,4.699433799677728,0.04594499999999849,0.05364499999999817,True,True,129.73239244124917,137.483799362887,7.751406921637823,True,0
1071,2010-04-07,135.96,131.16439866438432,-4.795601335615686,4.795601335615686,3.0519731219600885,4.699433799677728,0.045949999999998485,0.05364999999999817,True,False,128.11242554242423,135.86383246406206,7.751406921637823,False,1
1072,2010-04-08,134.71,135.6955275938894,0.985527593889401,-0.985527593889401,3.0519731219600885,4.727720909330571,0.04595499999999848,0.053554999999998174,True,True,132.64355447192932,140.42324850321998,7.77969403129066,True,0
1073,2010-04-09,140.72,134.5485615169512,-6.171438483048803,6.171438483048803,3.0519731219600885,4.727720909330571,0.04595999999999848,0.05355999999999817,True,False,131.4965883949911,139.27628242628177,7.77969403129066,False,1
1074,2010-04-12,140.0,140.4064755398269,0.4064755398269142,-0.4064755398269142,3.0519731219600885,4.790864037316226,0.04596499999999848,0.053464999999998174,True,True,137.35450241786683,145.19733957714314,7.842837159276314,True,0
1075,2010-04-13,141.23,139.81617471417053,-1.4138252858294607,1.4138252858294607,3.0519731219600885,4.790864037316226,0.04596999999999848,0.05346999999999817,True,True,136.76420159221044,144.60703875148675,7.842837159276314,True,0
1076,2010-04-14,140.34,141.06951476287227,0.7295147628722702,-0.7295147628722702,3.0519731219600885,4.790864037316226,0.045974999999998475,0.05347499999999817,True,True,138.01754164091219,145.8603788001885,7.842837159276314,True,0
1077,2010-04-15,144.55,140.22425962259285,-4.325740377407158,4.325740377407158,3.0519731219600885,4.790864037316226,0.045979999999998473,0.05347999999999817,True,True,137.17228650063277,145.01512365990908,7.842837159276314,True,0
1078,2010-04-16,144.88,144.29558538350537,-0.5844146164946267,0.5844146164946267,3.0519731219600885,4.790864037316226,0.04598499999999847,0.053484999999998166,True,True,141.24361226154528,149.0864494208216,7.842837159276314,True,0
1079,2010-04-19,142.35,144.69389696622744,2.3438969662274474,-2.3438969662274474,3.0519731219600885,4.790864037316226,0.04598999999999847,0.053489999999998164,True,True,141.64192384426735,149.48476100354367,7.842837159276314,True,0
1080,2010-04-20,143.83,142.30152971888322,-1.528470281116796,1.528470281116796,3.0519731219600885,4.790864037316226,0.04599499999999847,0.05349499999999816,True,True,139.24955659692313,147.09239375619944,7.842837159276314,True,0
1081,2010-04-21,145.17,143.68726224221174,-1.482737757788243,1.482737757788243,3.0519731219600885,4.790864037316226,0.045999999999998466,0.05349999999999816,True,True,140.63528912025166,148.47812627952797,7.842837159276314,True,0
1082,2010-04-22,147.01,144.98354373840593,-2.0264562615940633,2.0264562615940633,3.0519731219600885,4.790864037316226,0.046004999999998464,0.05350499999999816,True,True,141.93157061644584,149.77440777572215,7.842837159276314,True,0
1083,2010-04-23,145.38,146.81185776421503,1.4318577642150387,-1.4318577642150387,3.0519731219600885,4.790864037316226,0.04600999999999846,0.053509999999998156,True,True,143.75988464225495,151.60272180153126,7.842837159276314,True,0
1084,2010-04-26,143.2,145.28806151608734,2.0880615160873504,-2.0880615160873504,3.0519731219600885,4.790864037316226,0.04601499999999846,0.053514999999998154,True,True,142.23608839412725,150.07892555340356,7.842837159276314,True,0
1085,2010-04-27,145.55,143.16576995903074,-2.384230040969271,2.384230040969271,3.0519731219600885,4.727720909330571,0.04601999999999846,0.05351999999999815,True,True,140.11379683707065,147.8934908683613,7.77969403129066,True,0
1086,2010-04-28,142.59,145.37754525604436,2.7875452560443534,-2.7875452560443534,3.0519731219600885,4.727720909330571,0.046024999999998456,0.05352499999999815,True,True,142.32557213408427,150.10526616537493,7.77969403129066,True,0
1087,2010-04-29,140.09,142.5319978230654,2.4419978230654067,-2.4419978230654067,3.0519731219600885,4.727720909330571,0.046029999999998454,0.05352999999999815,True,True,139.48002470110532,147.25971873239598,7.77969403129066,True,0
1088,2010-04-30,141.4,140.07932087254272,-1.3206791274572822,1.3206791274572822,2.9841768871517402,4.727720909330571,0.04603499999999845,0.05353499999999815,True,True,137.095143985391,144.8070417818733,7.711897796482305,True,0
1089,2010-05-03,137.2,141.26082930680207,4.060829306802077,-4.060829306802077,2.9841768871517402,4.727720909330571,0.04603999999999845,0.053539999999998145,False,True,138.27665241965033,145.98855021613264,7.711897796482305,False,1
1090,2010-05-04,135.62,137.1900089800585,1.5700089800585033,-1.5700089800585033,3.0519731219600885,4.727720909330571,0.04594499999999845,0.05354499999999814,True,True,134.13803585809842,141.91772988938908,7.77969403129066,True,0
1091,2010-05-05,128.0,135.59001311200177,7.59001311200177,-7.59001311200177,3.0519731219600885,4.727720909330571,0.04594999999999845,0.05354999999999814,False,True,132.53803999004168,140.31773402133234,7.77969403129066,False,1
1092,2010-05-06,130.0,128.11849077773718,-1.881509222262821,1.881509222262821,3.161111502845742,4.727720909330571,0.04585499999999845,0.05355499999999814,True,True,124.95737927489144,132.84621168706775,7.888832412176313,True,0
1093,2010-05-07,127.97,129.88036828756586,1.9103682875658592,-1.9103682875658592,3.161111502845742,4.727720909330571,0.04585999999999845,0.05355999999999814,True,True,126.71925678472012,134.60808919689643,7.888832412176313,True,0
1094,2010-05-10,129.73,127.88088360303801,-1.8491163969619748,1.8491163969619748,3.161111502845742,4.727720909330571,0.04586499999999845,0.053564999999998135,True,True,124.71977210019227,132.60860451236857,7.888832412176299,True,0
1095,2010-05-11,129.95,129.55556476859698,-0.3944352314030084,0.3944352314030084,3.161111502845742,4.727720909330571,0.04586999999999845,0.05356999999999813,True,True,126.39445326575124,134.28328567792755,7.888832412176313,True,0
1096,2010-05-12,131.41,129.78915602014075,-1.620843979859245,1.620843979859245,3.161111502845742,4.727720909330571,0.045874999999998445,0.05357499999999813,True,True,126.62804451729501,134.51687692947132,7.888832412176313,True,0
1097,2010-05-13,133.93,131.22328740028078,-2.706712599719225,2.706712599719225,3.161111502845742,4.727720909330571,0.04587999999999844,0.05357999999999813,True,True,128.06217589743505,135.95100830961135,7.888832412176299,True,0
1098,2010-05-14,130.36,133.69557919186312,3.335579191863104,-3.335579191863104,3.161111502845742,4.727720909330571,0.04588499999999844,0.05358499999999813,False,True,130.5344676890174,138.4233001011937,7.888832412176299,False,1
1099,2010-05-17,128.24,130.3177608995424,2.0777608995423975,-2.0777608995423975,3.1938458310200417,4.727720909330571,0.04578999999999844,0.053589999999998125,True,True,127.12391506852236,135.04548180887298,7.921566740350613,True,0
1100,2010-05-18,130.14,128.21071057161723,-1.9292894283827593,1.9292894283827593,3.1938458310200417,4.727720909330571,0.04579499999999844,0.05359499999999812,True,True,125.01686474059719,132.9384314809478,7.921566740350613,True,0
1101,2010-05-19,125.51,129.96409590118057,4.454095901180565,-4.454095901180565,3.1938458310200417,4.727720909330571,0.04579999999999844,0.05359999999999812,False,True,126.77025007016053,134.69181681051114,7.921566740350613,False,1
1102,2010-05-20,122.64,125.51092298819646,2.8709229881964546,-2.8709229881964546,3.2057372503300243,4.699433799677728,0.04570499999999844,0.05360499999999812,True,True,122.30518573786642,130.2103567878742,7.905171050007766,True,0
1103,2010-05-21,117.9,122.64780020766335,4.747800207663346,-4.747800207663346,3.2057372503300243,4.699433799677728,0.04570999999999844,0.05360999999999812,False,True,119.44206295733332,127.34723400734109,7.905171050007766,False,1
1104,2010-05-24,122.57,117.94499712607595,-4.625002873924046,4.625002873924046,3.212467117304371,4.699433799677728,0.04561499999999844,0.053614999999998116,True,True,114.73253000877158,122.64443092575368,7.9119009169821055,True,0
1105,2010-05-25,118.54,122.3264608305419,3.7864608305418983,-3.7864608305418983,3.212467117304371,4.699433799677728,0.04561999999999844,0.053619999999998114,False,True,119.11399371323753,127.02589463021963,7.911900916982091,False,1
1106,2010-05-26,125.05,118.50736924865811,-6.542630751341889,6.542630751341889,3.2377737824927095,4.699433799677728,0.04552499999999844,0.05362499999999811,True,False,115.2695954661654,123.20680304833584,7.937207582170444,False,1
1107,2010-05-27,124.98,124.70380462134632,-0.27619537865368216,0.27619537865368216,3.2377737824927095,4.727720909330571,0.04552999999999844,0.053529999999998114,True,True,121.46603083885361,129.43152553067688,7.965494691823267,True,0
1108,2010-05-28,126.07,124.80054332076284,-1.2694566792371518,1.2694566792371518,3.2377737824927095,4.727720909330571,0.04553499999999844,0.05353499999999811,True,True,121.56276953827013,129.5282642300934,7.965494691823281,True,0
1109,2010-06-01,124.97,125.89619160979959,0.9261916097995879,-0.9261916097995879,3.2377737824927095,4.727720909330571,0.045539999999998436,0.05353999999999811,True,True,122.65841782730688,130.62391251913016,7.965494691823281,True,0
1110,2010-06-02,124.02,124.86822694550429,0.8482269455042939,-0.8482269455042939,3.2377737824927095,4.727720909330571,0.045544999999998434,0.05354499999999811,True,True,121.63045316301158,129.59594785483486,7.965494691823281,True,0
1111,2010-06-03,126.25,123.92806548950068,-2.321934510499318,2.321934510499318,3.2377737824927095,4.727720909330571,0.04554999999999843,0.053549999999998106,True,True,120.69029170700797,128.65578639883125,7.965494691823281,True,0
1112,2010-06-04,126.33,126.0407925929928,-0.28920740700719705,0.28920740700719705,3.2377737824927095,4.727720909330571,0.04555499999999843,0.053554999999998104,True,True,122.80301881050009,130.76851350232337,7.965494691823281,True,0
1113,2010-06-07,125.84,126.17722244965611,0.33722244965611026,-0.33722244965611026,3.2377737824927095,4.727720909330571,0.04555999999999843,0.0535599999999981,True,True,122.9394486671634,130.90494335898669,7.965494691823281,True,0
1114,2010-06-08,122.0,125.72320236824542,3.723202368245424,-3.723202368245424,3.2377737824927095,4.727720909330571,0.045564999999998426,0.0535649999999981,False,True,122.48542858575271,130.450923277576,7.965494691823295,False,1
1115,2010-06-09,120.31,122.00812954216244,1.6981295421624338,-1.6981295421624338,3.263973089170321,4.727720909330571,0.04546999999999843,0.0535699999999981,True,True,118.74415645299212,126.73585045149301,7.991693998500892,True,0
1116,2010-06-10,120.0,120.2654323397353,0.26543233973529823,-0.26543233973529823,3.263973089170321,4.727720909330571,0.045474999999998426,0.053574999999998096,True,True,117.00145925056498,124.99315324906587,7.991693998500892,True,0
1117,2010-06-11,121.39,119.89312954305842,-1.4968704569415792,1.4968704569415792,3.263973089170321,4.727720909330571,0.045479999999998424,0.053579999999998094,True,True,116.6291564538881,124.62085045238899,7.991693998500892,True,0
1118,2010-06-14,124.24,121.21213788719155,-3.0278621128084495,3.0278621128084495,3.263973089170321,4.727720909330571,0.04548499999999842,0.05358499999999809,True,True,117.94816479802122,125.93985879652212,7.991693998500892,True,0
1119,2010-06-15,123.2,123.99541276461265,0.7954127646126494,-0.7954127646126494,3.263973089170321,4.727720909330571,0.04548999999999842,0.05358999999999809,True,True,120.73143967544233,128.7231336739432,7.991693998500878,True,0
1120,2010-06-16,125.39,123.08489200232732,-2.3051079976726783,2.3051079976726783,3.263973089170321,4.727720909330571,0.04549499999999842,0.05359499999999809,True,True,119.820918913157,127.8126129116579,7.991693998500892,True,0
1121,2010-06-17,126.74,125.1850976484458,-1.5549023515541904,1.5549023515541904,3.263973089170321,4.699433799677728,0.04549999999999842,0.05359999999999809,True,True,121.92112455927548,129.88453144812354,7.963406888848056,True,0
1122,2010-06-18,126.48,126.54268566759384,0.06268566759383987,-0.06268566759383987,3.2377737824927095,4.699433799677728,0.045504999999998415,0.053604999999998085,True,True,123.30491188510113,131.24211946727158,7.937207582170444,True,0
1123,2010-06-21,126.79,126.34632504985596,-0.4436749501440431,0.4436749501440431,3.2377737824927095,4.699433799677728,0.04550999999999841,0.05360999999999808,True,True,123.10855126736325,131.04575884953368,7.93720758217043,True,0
1124,2010-06-22,122.65,126.64707201157508,3.997072011575071,-3.997072011575071,3.2377737824927095,4.699433799677728,0.04551499999999841,0.05361499999999808,False,True,123.40929822908237,131.3465058112528,7.93720758217043,False,1
1125,2010-06-23,122.11,122.66186667294214,0.5518666729421398,-0.5518666729421398,3.263973089170321,4.699433799677728,0.04541999999999841,0.05361999999999808,True,True,119.39789358377182,127.36130047261986,7.963406888848041,True,0
1126,2010-06-24,120.61,122.02600595593546,1.4160059559354607,-1.4160059559354607,3.263973089170321,4.699433799677728,0.04542499999999841,0.05362499999999808,True,True,118.76203286676514,126.7254397556132,7.963406888848056,True,0
1127,2010-06-25,118.14,120.53736221063285,2.397362210632849,-2.397362210632849,3.263973089170321,4.699433799677728,0.04542999999999841,0.053629999999998075,True,True,117.27338912146253,125.23679601031057,7.963406888848041,True,0
1128,2010-06-28,118.85,118.10885551133902,-0.7411444886609786,0.7411444886609786,3.263973089170321,4.699433799677728,0.04543499999999841,0.05363499999999807,True,True,114.8448824221687,122.80828931101675,7.963406888848056,True,0
1129,2010-06-29,116.26,118.71398642305465,2.453986423054644,-2.453986423054644,3.263973089170321,4.699433799677728,0.045439999999998405,0.05363999999999807,True,True,115.45001333388433,123.41342022273238,7.963406888848056,True,0
1130,2010-06-30,108.58,116.22298759485167,7.642987594851675,-7.642987594851675,3.263973089170321,4.699433799677728,0.0454449999999984,0.05364499999999807,False,True,112.95901450568135,120.92242139452941,7.963406888848056,False,1
1131,2010-07-01,108.9,108.73370920875035,-0.16629079124965074,0.16629079124965074,3.2955622078958413,4.699433799677728,0.045349999999998405,0.05364999999999807,True,True,105.43814700085451,113.43314300842809,7.994996007573576,True,0
1132,2010-07-02,110.92,108.82269152207608,-2.0973084779239173,2.0973084779239173,3.2955622078958413,4.699433799677728,0.045354999999998404,0.053654999999998065,True,True,105.52712931418024,113.5221253217538,7.994996007573562,True,0
1133,2010-07-06,110.65,110.73357628059134,0.08357628059133049,-0.08357628059133049,3.2955622078958413,4.699433799677728,0.0453599999999984,0.05365999999999806,True,True,107.4380140726955,115.43301008026907,7.994996007573576,True,0
1134,2010-07-07,109.84,110.52985222511401,0.6898522251140093,-0.6898522251140093,3.2955622078958413,4.699433799677728,0.0453649999999984,0.05366499999999806,True,True,107.23429001721817,115.22928602479175,7.994996007573576,True,0
1135,2010-07-08,115.02,109.75636272961447,-5.26363727038553,5.26363727038553,3.2955622078958413,4.699433799677728,0.0453699999999984,0.05366999999999806,True,False,106.46080052171862,114.4557965292922,7.994996007573576,False,1
1136,2010-07-09,116.55,114.72373196556168,-1.8262680344383142,1.8262680344383142,3.2955622078958413,4.727720909330571,0.045374999999998396,0.05357499999999806,True,True,111.42816975766584,119.45145287489225,8.023283117226413,True,0
1137,2010-07-12,117.81,116.33362703505577,-1.4763729649442325,1.4763729649442325,3.2955622078958413,4.727720909330571,0.045379999999998394,0.05357999999999806,True,True,113.03806482715993,121.06134794438634,8.023283117226413,True,0
1138,2010-07-13,120.69,117.63121029318366,-3.0587897068163414,3.0587897068163414,3.2955622078958413,4.727720909330571,0.04538499999999839,0.05358499999999806,True,True,114.33564808528781,122.35893120251423,8.023283117226413,True,0
1139,2010-07-14,123.03,120.45537508453586,-2.574624915464142,2.574624915464142,3.2955622078958413,4.727720909330571,0.04538999999999839,0.053589999999998056,True,True,117.15981287664002,125.18309599386643,8.023283117226413,True,0
1140,2010-07-15,120.13,122.80126855443149,2.6712685544314922,-2.6712685544314922,3.2955622078958413,4.699433799677728,0.04539499999999839,0.053594999999998054,True,True,119.50570634653565,127.50070235410922,7.994996007573576,True,0
1141,2010-07-16,121.28,120.0805706282804,-1.199429371719603,1.199429371719603,3.2955622078958413,4.699433799677728,0.045399999999998386,0.05359999999999805,True,True,116.78500842038456,124.78000442795812,7.994996007573562,True,0
1142,2010-07-19,118.38,121.13244453298284,2.7524445329828495,-2.7524445329828495,3.2955622078958413,4.699433799677728,0.045404999999998384,0.05360499999999805,True,True,117.836882325087,125.83187833266058,7.994996007573576,True,0
1143,2010-07-20,120.61,118.34306825624823,-2.266931743751769,2.266931743751769,3.2955622078958413,4.699433799677728,0.04540999999999838,0.05360999999999805,True,True,115.04750604835239,123.04250205592595,7.994996007573562,True,0
1144,2010-07-21,120.62,120.4238406147663,-0.1961593852336989,0.1961593852336989,3.2955622078958413,4.699433799677728,0.04541499999999838,0.053614999999998046,True,True,117.12827840687046,125.12327441444404,7.994996007573576,True,0
1145,2010-07-22,118.71,120.47715780343093,1.7671578034309334,-1.7671578034309334,3.2955622078958413,4.699433799677728,0.04541999999999838,0.053619999999998044,True,True,117.18159559553509,125.17659160310865,7.994996007573562,True,0
1146,2010-07-23,105.92,118.64856666152504,12.728566661525036,-12.728566661525036,3.263973089170321,4.699433799677728,0.045424999999998376,0.05362499999999804,False,True,115.38459357235472,123.34800046120276,7.963406888848041,False,1
1147,2010-07-26,118.26,106.21344160418907,-12.046558395810933,12.046558395810933,3.308065381475501,4.699433799677728,0.04532999999999838,0.05362999999999804,True,False,102.90537622271357,110.91287540386679,8.007499181153221,False,1
1148,2010-07-27,118.43,117.68678412907973,-0.743215870920281,0.743215870920281,3.308065381475501,4.727720909330571,0.04533499999999838,0.05353499999999804,True,True,114.37871874760422,122.4145050384103,8.035786290806072,True,0
1149,2010-07-28,117.0,118.17886168055426,1.178861680554263,-1.178861680554263,3.2955622078958413,4.727720909330571,0.045339999999998375,0.05353999999999804,True,True,114.88329947265842,122.90658258988483,8.023283117226413,True,0
1150,2010-07-29,117.99,116.9348374841401,-1.055162515859891,1.055162515859891,3.2955622078958413,4.727720909330571,0.04534499999999837,0.05354499999999804,True,True,113.63927527624426,121.66255839347068,8.023283117226413,True,0
1151,2010-07-30,115.53,117.83671486363917,2.306714863639172,-2.306714863639172,3.2955622078958413,4.727720909330571,0.04534999999999837,0.05354999999999804,True,True,114.54115265574333,122.56443577296974,8.023283117226413,True,0
1152,2010-08-02,119.15,115.50304117666104,-3.646958823338963,3.646958823338963,3.2955622078958413,4.727720909330571,0.04535499999999837,0.053554999999998035,True,True,112.2074789687652,120.23076208599161,8.023283117226413,True,0
1153,2010-08-03,120.0,118.88816572360328,-1.1118342763967206,1.1118342763967206,3.2955622078958413,4.727720909330571,0.04535999999999837,0.05355999999999803,True,True,115.59260351570744,123.61588663293385,8.023283117226413,True,0
1154,2010-08-04,123.06,119.79957846958433,-3.2604215304156696,3.2604215304156696,3.2955622078958413,4.727720909330571,0.045364999999998365,0.05356499999999803,True,True,116.50401626168849,124.5272993789149,8.023283117226413,True,0
1155,2010-08-05,126.77,122.7877798721776,-3.9822201278224014,3.9822201278224014,3.2955622078958413,4.727720909330571,0.04536999999999836,0.05356999999999803,True,True,119.49221766428175,127.51550078150817,8.023283117226413,True,0
1156,2010-08-06,126.72,126.44751612617866,-0.27248387382134354,0.27248387382134354,3.2955622078958413,4.727720909330571,0.04537499999999836,0.05357499999999803,True,True,123.15195391828281,131.1752370355092,8.023283117226399,True,0
1157,2010-08-09,128.46,126.55416216179691,-1.905837838203098,1.905837838203098,3.2955622078958413,4.727720909330571,0.04537999999999836,0.053579999999998025,True,True,123.25859995390107,131.28188307112748,8.023283117226413,True,0
1158,2010-08-10,127.95,128.25038416630517,0.3003841663051645,-0.3003841663051645,3.2955622078958413,4.727720909330571,0.04538499999999836,0.05358499999999802,True,True,124.95482195840933,132.97810507563574,8.023283117226413,True,0
1159,2010-08-11,128.1,127.82130549887339,-0.27869450112660843,0.27869450112660843,3.2955622078958413,4.699433799677728,0.045389999999998355,0.05358999999999802,True,True,124.52574329097754,132.52073929855112,7.994996007573576,True,0
1160,2010-08-12,123.76,127.96255205036302,4.2025520503630105,-4.2025520503630105,3.2955622078958413,4.699433799677728,0.04539499999999835,0.05359499999999802,False,True,124.66698984246717,132.66198585004074,7.994996007573562,False,1
1161,2010-08-13,126.06,123.80770586316295,-2.252294136837051,2.252294136837051,3.308065381475501,4.699433799677728,0.045299999999998355,0.05359999999999802,True,True,120.49964048168745,128.50713966284067,8.007499181153221,True,0
1162,2010-08-16,123.61,125.86308059485584,2.253080594855845,-2.253080594855845,3.308065381475501,4.699433799677728,0.045304999999998354,0.053604999999998015,True,True,122.55501521338034,130.56251439453357,8.007499181153221,True,0
1163,2010-08-17,127.34,123.56573403258331,-3.774265967416696,3.774265967416696,3.308065381475501,4.699433799677728,0.04530999999999835,0.05360999999999801,True,True,120.2576686511078,128.26516783226103,8.007499181153221,True,0
1164,2010-08-18,129.25,127.05864344527706,-2.191356554722944,2.191356554722944,3.308065381475501,4.699433799677728,0.04531499999999835,0.05361499999999801,True,True,123.75057806380156,131.7580772449548,8.007499181153236,True,0
1165,2010-08-19,129.22,129.00145208184995,-0.21854791815005115,0.21854791815005115,3.308065381475501,4.699433799677728,0.04531999999999835,0.05361999999999801,True,True,125.69338670037445,133.70088588152768,8.007499181153236,True,0
1166,2010-08-20,127.2,129.07080922128029,1.8708092212802825,-1.8708092212802825,3.308065381475501,4.699433799677728,0.045324999999998346,0.05362499999999801,True,True,125.76274383980478,133.77024302095802,8.007499181153236,True,0
1167,2010-08-23,127.86,127.15267092395993,-0.7073290760400681,0.7073290760400681,3.308065381475501,4.699433799677728,0.045329999999998344,0.053629999999998006,True,True,123.84460554248443,131.85210472363767,8.007499181153236,True,0
1168,2010-08-24,125.41,127.71252228974792,2.3025222897479267,-2.3025222897479267,3.308065381475501,4.699433799677728,0.04533499999999834,0.053634999999998004,True,True,124.40445690827242,132.41195608942564,8.007499181153221,True,0
1169,2010-08-25,123.85,125.3779547257658,1.5279547257658095,-1.5279547257658095,3.308065381475501,4.699433799677728,0.04533999999999834,0.053639999999998,True,True,122.0698893442903,130.07738852544352,8.007499181153221,True,0
1170,2010-08-26,127.15,123.80425563719652,-3.3457443628034866,3.3457443628034866,3.2955622078958413,4.699433799677728,0.04534499999999834,0.053644999999998,True,True,120.50869342930068,128.50368943687425,7.994996007573576,True,0
1171,2010-08-27,125.46,126.88401933746412,1.4240193374641308,-1.4240193374641308,3.2955622078958413,4.699433799677728,0.045349999999998336,0.053649999999998,True,True,123.58845712956828,131.58345313714184,7.994996007573562,True,0
1172,2010-08-30,126.03,125.37536450454249,-0.6546354954575122,0.6546354954575122,3.2955622078958413,4.699433799677728,0.045354999999998334,0.053654999999997996,True,True,122.07980229664665,130.07479830422022,7.994996007573576,True,0
1173,2010-08-31,122.85,125.88586525415691,3.035865254156917,-3.035865254156917,3.2955622078958413,4.699433799677728,0.04535999999999833,0.053659999999997994,True,True,122.59030304626107,130.58529905383463,7.994996007573562,True,0
1174,2010-09-01,126.36,122.85437312113261,-3.505626878867389,3.505626878867389,3.2955622078958413,4.699433799677728,0.04536499999999833,0.05366499999999799,True,True,119.55881091323677,127.55380692081033,7.994996007573562,True,0
1175,2010-09-02,132.17,126.09346557753717,-6.076534422462814,6.076534422462814,3.2955622078958413,4.636139467606782,0.04536999999999833,0.05366999999999799,True,False,122.79790336964133,130.72960504514396,7.931701675502623,False,1
1176,2010-09-03,136.89,131.74362233575897,-5.146377664241015,5.146377664241015,3.2955622078958413,4.727720909330571,0.045374999999998326,0.05357499999999799,True,False,128.44806012786313,136.47134324508954,8.023283117226413,False,1
1177,2010-09-07,137.56,136.5023395278635,-1.0576604721364902,1.0576604721364902,3.2955622078958413,4.790864037316226,0.045379999999998324,0.053479999999997994,True,True,133.20677731996767,141.29320356517974,8.086426245212067,True,0
1178,2010-09-08,137.93,137.35699159303115,-0.573008406968853,0.573008406968853,3.2955622078958413,4.790864037316226,0.04538499999999832,0.05348499999999799,True,True,134.0614293851353,142.14785563034738,8.086426245212067,True,0
1179,2010-09-09,140.39,137.7698309324039,-2.6201690675960947,2.6201690675960947,3.2955622078958413,4.727720909330571,0.04538999999999832,0.05348999999999799,True,True,134.47426872450805,142.49755184173446,8.023283117226413,True,0
1180,2010-09-10,140.75,140.14369931988568,-0.606300680114316,0.606300680114316,3.2955622078958413,4.727720909330571,0.04539499999999832,0.05349499999999799,True,True,136.84813711198984,144.87142022921626,8.023283117226413,True,0
1181,2010-09-13,144.07,140.57731533816263,-3.492684661837359,3.492684661837359,3.2955622078958413,4.727720909330571,0.04539999999999832,0.05349999999999799,True,True,137.2817531302668,145.3050362474932,8.023283117226413,True,0
1182,2010-09-14,144.5,143.78791717493363,-0.7120828250663749,0.7120828250663749,3.2955622078958413,4.727720909330571,0.045404999999998315,0.053504999999997985,True,True,140.49235496703778,148.5156380842642,8.023283117226413,True,0
1183,2010-09-15,144.88,144.31975237193288,-0.5602476280671169,0.5602476280671169,3.2955622078958413,4.727720909330571,0.04540999999999831,0.05350999999999798,True,True,141.02419016403704,149.04747328126345,8.023283117226413,True,0
1184,2010-09-16,145.4,144.72190569137572,-0.6780943086242814,0.6780943086242814,3.2955622078958413,4.727720909330571,0.04541499999999831,0.05351499999999798,True,True,141.42634348347988,149.4496266007063,8.023283117226413,True,0
1185,2010-09-17,148.9,145.23665590620473,-3.663344093795274,3.663344093795274,3.2955622078958413,4.727720909330571,0.04541999999999831,0.05351999999999798,True,True,141.9410936983089,149.9643768155353,8.023283117226413,True,0
1186,2010-09-20,148.7,148.61169610156946,-0.08830389843052444,0.08830389843052444,3.2955622078958413,4.727720909330571,0.04542499999999831,0.05352499999999798,True,True,145.31613389367362,153.33941701090004,8.023283117226413,True,0
1187,2010-09-21,150.76,148.5469578189601,-2.2130421810398957,2.2130421810398957,3.2955622078958413,4.727720909330571,0.045429999999998305,0.053529999999997975,True,True,145.25139561106425,153.27467872829067,8.023283117226413,True,0
1188,2010-09-22,149.84,150.53856492901977,0.6985649290197671,-0.6985649290197671,3.2955622078958413,4.727720909330571,0.0454349999999983,0.05353499999999797,True,True,147.24300272112393,155.26628583835034,8.023283117226413,True,0
1189,2010-09-23,151.2,149.72793928116033,-1.472060718839657,1.472060718839657,3.2955622078958413,4.727720909330571,0.0454399999999983,0.05353999999999797,True,True,146.4323770732645,154.4556601904909,8.023283117226413,True,0
1190,2010-09-24,155.43,151.01276816459884,-4.417231835401168,4.417231835401168,3.263973089170321,4.727720909330571,0.0454449999999983,0.05354499999999797,True,True,147.74879507542852,155.7404890739294,7.991693998500892,True,0
1191,2010-09-27,160.22,155.1101457941615,-5.109854205838502,5.109854205838502,3.263973089170321,4.727720909330571,0.0454499999999983,0.05354999999999797,True,False,151.84617270499118,159.83786670349207,7.991693998500892,False,1
1192,2010-09-28,159.84,159.86597625661705,0.02597625661704228,-0.02597625661704228,3.263973089170321,4.790864037316226,0.045454999999998295,0.05345499999999797,True,True,156.60200316744672,164.65684029393327,8.054837126486547,True,0
1193,2010-09-29,159.03,159.69672146056936,0.666721460569363,-0.666721460569363,3.263973089170321,4.790864037316226,0.04545999999999829,0.05345999999999797,True,True,156.43274837139904,164.4875854978856,8.054837126486547,True,0
1194,2010-09-30,160.01,158.93616894664828,-1.0738310533517108,1.0738310533517108,3.263973089170321,4.790864037316226,0.04546499999999829,0.053464999999997966,True,True,155.67219585747796,163.7270329839645,8.054837126486547,True,0
1195,2010-10-01,157.08,159.84705730220222,2.767057302202204,-2.767057302202204,3.263973089170321,4.790864037316226,0.04546999999999829,0.053469999999997964,True,True,156.5830842130319,164.63792133951844,8.054837126486547,True,0
1196,2010-10-04,153.95,157.0611787260207,3.111178726020711,-3.111178726020711,3.263973089170321,4.790864037316226,0.04547499999999829,0.05347499999999796,True,True,153.79720563685038,161.85204276333693,8.054837126486547,True,0
1197,2010-10-05,157.08,153.9591008292055,-3.1208991707945017,3.1208991707945017,3.263973089170321,4.790864037316226,0.045479999999998286,0.05347999999999796,True,True,150.6951277400352,158.74996486652174,8.054837126486547,True,0
1198,2010-10-06,160.6,156.84032257955403,-3.7596774204459678,3.7596774204459678,3.263973089170321,4.727720909330571,0.045484999999998284,0.05348499999999796,True,True,153.5763494903837,161.5680434888846,7.991693998500892,True,0
1199,2010-10-07,156.51,160.30477242954032,3.7947724295403304,-3.7947724295403304,3.263973089170321,4.727720909330571,0.04548999999999828,0.053489999999997956,False,True,157.04079934037,165.0324933388709,7.991693998500892,False,1
1200,2010-10-08,155.18,156.5176032139495,1.3376032139495067,-1.3376032139495067,3.2955622078958413,4.727720909330571,0.045394999999998284,0.053494999999997954,True,True,153.22204100605367,161.24532412328008,8.023283117226413,True,0
1201,2010-10-11,154.89,155.13166520010915,0.2416652001091677,-0.2416652001091677,3.2955622078958413,4.727720909330571,0.04539999999999828,0.05349999999999795,True,True,151.8361029922133,159.85938610943973,8.023283117226413,True,0
1202,2010-10-12,152.51,154.77854762993024,2.2685476299302536,-2.2685476299302536,3.2955622078958413,4.727720909330571,0.04540499999999828,0.05350499999999795,True,True,151.4829854220344,159.50626853926082,8.023283117226413,True,0
1203,2010-10-13,156.69,152.47318986821423,-4.216810131785763,4.216810131785763,3.2955622078958413,4.727720909330571,0.04540999999999828,0.05350999999999795,True,True,149.1776276603184,157.2009107775448,8.023283117226413,True,0
1204,2010-10-14,155.16,156.40232086014964,1.242320860149647,-1.242320860149647,3.2955622078958413,4.727720909330571,0.045414999999998276,0.053514999999997946,True,True,153.1067586522538,161.13004176948021,8.023283117226413,True,0
1205,2010-10-15,158.42,155.05834455056873,-3.361655449431254,3.361655449431254,3.2955622078958413,4.727720909330571,0.045419999999998274,0.053519999999997944,True,True,151.7627823426729,159.7860654598993,8.023283117226413,True,0
1206,2010-10-18,165.0,158.16388345004697,-6.836116549953033,6.836116549953033,3.2955622078958413,4.727720909330571,0.04542499999999827,0.05352499999999794,True,False,154.86832124215113,162.89160435937754,8.023283117226413,False,1
1207,2010-10-19,160.68,164.57733791573168,3.8973379157316685,-3.8973379157316685,3.2955622078958413,4.790864037316226,0.04542999999999827,0.053429999999997944,False,True,161.28177570783583,169.3682019530479,8.086426245212067,False,1
1208,2010-10-20,158.78,160.67825392562204,1.8982539256220434,-1.8982539256220434,3.308065381475501,4.790864037316226,0.04533499999999827,0.05343499999999794,True,True,157.37018854414654,165.46911796293827,8.098929418791727,True,0
1209,2010-10-21,162.67,158.76288023486717,-3.907119765132819,3.907119765132819,3.308065381475501,4.790864037316226,0.04533999999999827,0.05343999999999794,True,True,155.45481485339167,163.5537442721834,8.098929418791727,True,0
1210,2010-10-22,162.45,162.39753617792832,-0.05246382207167244,0.05246382207167244,3.308065381475501,4.790864037316226,0.04534499999999827,0.05344499999999794,True,True,159.08947079645282,167.18840021524454,8.098929418791727,True,0
1211,2010-10-25,171.57,162.298649053282,-9.271350946718002,9.271350946718002,3.308065381475501,4.790864037316226,0.04534999999999827,0.05344999999999794,True,False,158.9905836718065,167.08951309059822,8.098929418791727,False,1
1212,2010-10-26,167.57,171.06715015147773,3.49715015147774,-3.49715015147774,3.308065381475501,4.795601335615686,0.045354999999998265,0.05335499999999794,False,True,167.75908477000223,175.86275148709342,8.103666717091187,False,1
1213,2010-10-27,168.91,167.54832357211762,-1.3616764278823723,1.3616764278823723,3.310003113181196,4.795601335615686,0.04525999999999827,0.05335999999999794,True,True,164.2383204589364,172.3439249077333,8.105604448796896,True,0
1214,2010-10-28,168.31,168.7646507912095,0.45465079120950236,-0.45465079120950236,3.310003113181196,4.795601335615686,0.045264999999998265,0.053364999999997935,True,True,165.45464767802832,173.5602521268252,8.105604448796868,True,0
1215,2010-10-29,165.8,168.20736661384407,2.4073666138440615,-2.4073666138440615,3.310003113181196,4.795601335615686,0.04526999999999826,0.05336999999999793,True,True,164.8973635006629,173.00296794945976,8.105604448796868,True,0
1216,2010-11-01,164.45,165.788828491728,1.3388284917280089,-1.3388284917280089,3.308065381475501,4.795601335615686,0.04527499999999826,0.05337499999999793,True,True,162.4807631102525,170.58442982734368,8.103666717091187,True,0
1217,2010-11-02,163.75,164.40136674038587,0.6513667403858676,-0.6513667403858676,3.308065381475501,4.795601335615686,0.04527999999999826,0.05337999999999793,True,True,161.09330135891037,169.19696807600155,8.103666717091187,True,0
1218,2010-11-03,165.4,163.66425560609903,-1.7357443939009727,1.7357443939009727,3.308065381475501,4.795601335615686,0.04528499999999826,0.05338499999999793,True,True,160.35619022462353,168.45985694171472,8.103666717091187,True,0
1219,2010-11-04,169.86,165.2110744368564,-4.648925563143621,4.648925563143621,3.308065381475501,4.790864037316226,0.045289999999998255,0.053389999999997925,True,True,161.9030090553809,170.00193847417262,8.098929418791727,True,0
1220,2010-11-05,169.35,169.53774302861606,0.18774302861606884,-0.18774302861606884,3.308065381475501,4.790864037316226,0.04529499999999825,0.05339499999999792,True,True,166.22967764714056,174.3286070659323,8.098929418791727,True,0
1221,2010-11-08,170.84,169.21968325420144,-1.6203167457985614,1.6203167457985614,3.308065381475501,4.790864037316226,0.04529999999999825,0.05339999999999792,True,True,165.91161787272594,174.01054729151767,8.098929418791727,True,0
1222,2010-11-09,172.67,170.66444651062778,-2.005553489372204,2.005553489372204,3.308065381475501,4.790864037316226,0.04530499999999825,0.05340499999999792,True,True,167.35638112915228,175.455310547944,8.098929418791727,True,0
1223,2010-11-10,170.59,172.4678581949794,1.8778581949794102,-1.8778581949794102,3.308065381475501,4.790864037316226,0.04530999999999825,0.05340999999999792,True,True,169.1597928135039,177.25872223229564,8.098929418791727,True,0
1224,2010-11-11,171.0,170.5484273665997,-0.4515726334003034,0.4515726334003034,3.308065381475501,4.790864037316226,0.045314999999998246,0.053414999999997916,True,True,167.2403619851242,175.33929140391592,8.098929418791727,True,0
1225,2010-11-12,170.12,170.88240752300263,0.7624075230026222,-0.7624075230026222,3.308065381475501,4.790864037316226,0.045319999999998244,0.053419999999997914,True,True,167.57434214152713,175.67327156031885,8.098929418791727,True,0
1226,2010-11-15,165.16,170.03726447309205,4.877264473092055,-4.877264473092055,3.308065381475501,4.790864037316226,0.04532499999999824,0.05342499999999791,False,True,166.72919909161655,174.82812851040828,8.098929418791727,False,1
1227,2010-11-16,158.74,165.24962318939436,6.509623189394347,-6.509623189394347,3.310003113181196,4.790864037316226,0.045229999999998244,0.05342999999999791,False,True,161.93962007621315,170.04048722671058,8.100867150497436,False,1
1228,2010-11-17,157.84,158.9021961657761,1.0621961657761005,-1.0621961657761005,3.3245834561466268,4.790864037316226,0.045134999999998246,0.05343499999999791,True,True,155.57761270962948,163.69306020309233,8.115447493462852,True,0
1229,2010-11-18,160.74,157.78765091291436,-2.9523490870856506,2.9523490870856506,3.3245834561466268,4.790864037316226,0.045139999999998244,0.053439999999997906,True,True,154.46306745676773,162.57851495023058,8.115447493462852,True,0
1230,2010-11-19,163.95,160.4961984448468,-3.453801555153177,3.453801555153177,3.3245834561466268,4.790864037316226,0.04514499999999824,0.053444999999997904,True,True,157.17161498870018,165.28706248216304,8.115447493462852,True,0
1231,2010-11-22,165.1,163.66708082078375,-1.432919179216242,1.432919179216242,3.3245834561466268,4.790864037316226,0.04514999999999824,0.0534499999999979,True,True,160.34249736463713,168.45794485809998,8.115447493462852,True,0
1232,2010-11-23,168.61,164.9021106181323,-3.707889381867716,3.707889381867716,3.3245834561466268,4.790864037316226,0.04515499999999824,0.0534549999999979,True,True,161.57752716198567,169.69297465544852,8.115447493462852,True,0
1233,2010-11-24,171.53,168.3348720096778,-3.1951279903221916,3.1951279903221916,3.3245834561466268,4.790864037316226,0.045159999999998236,0.0534599999999979,True,True,165.01028855353118,173.12573604699404,8.115447493462852,True,0
1234,2010-11-26,177.36,171.26680323974554,-6.093196760254472,6.093196760254472,3.3245834561466268,4.790864037316226,0.045164999999998234,0.053464999999997896,True,False,167.94221978359892,176.05766727706177,8.115447493462852,False,1
1235,2010-11-29,179.99,176.99362676923954,-2.9963732307604687,2.9963732307604687,3.3245834561466268,4.795601335615686,0.04516999999999823,0.0533699999999979,True,True,173.6690433130929,181.78922810485523,8.120184791762313,True,0
1236,2010-11-30,176.95,179.74230688165065,2.79230688165066,-2.79230688165066,3.3245834561466268,4.795601335615686,0.04517499999999823,0.053374999999997896,True,True,176.41772342550402,184.53790821726633,8.120184791762313,True,0
1237,2010-12-01,179.16,176.94180830971104,-2.218191690288961,2.218191690288961,3.3245834561466268,4.795601335615686,0.04517999999999823,0.053379999999997894,True,True,173.6172248535644,181.73740964532672,8.120184791762313,True,0
1238,2010-12-02,176.86,178.98513237935182,2.125132379351811,-2.125132379351811,3.3245834561466268,4.790864037316226,0.04518499999999823,0.05338499999999789,True,True,175.6605489232052,183.77599641666805,8.115447493462852,True,0
1239,2010-12-03,175.5,176.82633489036215,1.3263348903621477,-1.3263348903621477,3.3245834561466268,4.790864037316226,0.045189999999998225,0.05338999999999789,True,True,173.50175143421552,181.61719892767837,8.115447493462852,True,0
1240,2010-12-06,175.52,175.45532452034715,-0.06467547965286258,0.06467547965286258,3.3245834561466268,4.790864037316226,0.04519499999999822,0.05339499999999789,True,True,172.13074106420052,180.24618855766337,8.115447493462852,True,0
1241,2010-12-07,180.5,175.41434108578437,-5.085658914215628,5.085658914215628,3.310003113181196,4.790864037316226,0.04519999999999822,0.05339999999999789,True,False,172.10433797260316,180.2052051231006,8.100867150497436,False,1
1242,2010-12-08,177.49,180.19309302693793,2.703093026937921,-2.703093026937921,3.310003113181196,4.795601335615686,0.04520499999999822,0.05330499999999789,True,True,176.88308991375675,184.98869436255362,8.105604448796868,True,0
1243,2010-12-09,177.77,177.4663368034141,-0.3036631965859158,0.3036631965859158,3.310003113181196,4.795601335615686,0.04520999999999822,0.05330999999999789,True,True,174.15633369023288,182.26193813902978,8.105604448796896,True,0
1244,2010-12-10,174.88,177.66854934421747,2.788549344217472,-2.788549344217472,3.310003113181196,4.795601335615686,0.045214999999998215,0.053314999999997885,True,True,174.35854623103626,182.46415067983315,8.105604448796896,True,0
1245,2010-12-13,176.33,174.8783944935801,-1.4516055064199236,1.4516055064199236,3.310003113181196,4.795601335615686,0.04521999999999821,0.05331999999999788,True,True,171.5683913803989,179.67399582919577,8.105604448796868,True,0
1246,2010-12-14,174.28,176.1765840014258,1.8965840014257935,-1.8965840014257935,3.310003113181196,4.795601335615686,0.04522499999999821,0.05332499999999788,True,True,172.86658088824458,180.97218533704148,8.105604448796896,True,0
1247,2010-12-15,173.72,174.23684126094915,0.5168412609491497,-0.5168412609491497,3.310003113181196,4.795601335615686,0.04522999999999821,0.05332999999999788,True,True,170.92683814776797,179.03244259656483,8.105604448796868,True,0
1248,2010-12-16,175.58,173.637805932097,-1.9421940679030172,1.9421940679030172,3.310003113181196,4.795601335615686,0.04523499999999821,0.05333499999999788,True,True,170.3278028189158,178.43340726771268,8.105604448796868,True,0
1249,2010-12-17,178.41,175.39302259847355,-3.0169774015264466,3.0169774015264466,3.310003113181196,4.795601335615686,0.045239999999998205,0.053339999999997875,True,True,172.08301948529237,180.18862393408924,8.105604448796868,True,0
1250,2010-12-20,179.27,178.17195902168905,-1.0980409783109621,1.0980409783109621,3.310003113181196,4.795601335615686,0.0452449999999982,0.05334499999999787,True,True,174.86195590850787,182.96756035730473,8.105604448796868,True,0
1251,2010-12-21,183.88,179.10754164527427,-4.772458354725728,4.772458354725728,3.310003113181196,4.795601335615686,0.0452499999999982,0.05334999999999787,True,True,175.79753853209309,183.90314298088995,8.105604448796868,True,0
1252,2010-12-22,185.0,183.58566103701625,-1.4143389629837486,1.4143389629837486,3.310003113181196,4.795601335615686,0.0452549999999982,0.05335499999999787,True,True,180.27565792383507,188.38126237263194,8.105604448796868,True,0
1253,2010-12-23,184.34,184.82715888675523,0.4871588867552248,-0.4871588867552248,3.310003113181196,4.795601335615686,0.0452599999999982,0.05335999999999787,True,True,181.51715577357402,189.6227602223709,8.105604448796896,True,0
1254,2010-12-27,181.9,184.25903104668686,2.3590310466868516,-2.3590310466868516,3.310003113181196,4.795601335615686,0.045264999999998196,0.053364999999997866,True,True,180.94902793350565,189.05463238230254,8.105604448796896,True,0
1255,2010-12-28,182.1,181.89559995340147,-0.20440004659852207,0.20440004659852207,3.310003113181196,4.795601335615686,0.045269999999998194,0.053369999999997864,True,True,178.58559684022026,186.69120128901716,8.105604448796896,True,0
1256,2010-12-29,181.8,182.00166617836098,0.20166617836096634,-0.20166617836096634,3.310003113181196,4.795601335615686,0.04527499999999819,0.05337499999999786,True,True,178.6916630651798,186.79726751397666,8.105604448796868,True,0
1257,2010-12-30,183.92,181.7045735188265,-2.2154264811734947,2.2154264811734947,3.310003113181196,4.790864037316226,0.04527999999999819,0.05337999999999786,True,True,178.3945704056453,186.49543755614272,8.100867150497407,True,0
1258,2010-12-31,181.96,183.73395471041098,1.773954710410976,-1.773954710410976,3.310003113181196,4.790864037316226,0.04528499999999819,0.05338499999999786,True,True,180.4239515972298,188.5248187477272,8.100867150497407,True,0
1259,2011-01-03,181.37,181.9189806776785,0.548980677678486,-0.548980677678486,3.310003113181196,4.790864037316226,0.045289999999998186,0.053389999999997856,True,True,178.6089775644973,186.70984471499472,8.100867150497407,True,0
1260,2011-01-04,186.15,181.29814086423477,-4.851859135765238,4.851859135765238,3.308065381475501,4.790864037316226,0.045294999999998184,0.053394999999997854,True,False,177.99007548275927,186.089004901551,8.098929418791727,False,1
1261,2011-01-05,184.1,185.86023018939366,1.760230189393667,-1.760230189393667,3.308065381475501,4.795601335615686,0.04529999999999818,0.053299999999997856,True,True,182.55216480791816,190.65583152500935,8.103666717091187,True,0
1262,2011-01-06,186.5,184.0486660907988,-2.451333909201196,2.451333909201196,3.308065381475501,4.795601335615686,0.04530499999999818,0.053304999999997854,True,True,180.7406007093233,188.8442674264145,8.103666717091187,True,0
1263,2011-01-07,187.88,186.31624170215628,-1.5637582978437194,1.5637582978437194,3.308065381475501,4.795601335615686,0.04530999999999818,0.05330999999999785,True,True,183.00817632068078,191.11184303777196,8.103666717091187,True,0
1264,2011-01-10,185.04,187.71260292745265,2.672602927452658,-2.672602927452658,3.308065381475501,4.795601335615686,0.045314999999998176,0.05331499999999785,True,True,184.40453754597715,192.50820426306834,8.103666717091187,True,0
1265,2011-01-11,185.42,185.04389206132637,-0.3761079386736128,0.3761079386736128,3.308065381475501,4.795601335615686,0.045319999999998174,0.05331999999999785,True,True,181.73582667985087,189.83949339694206,8.103666717091187,True,0
1266,2011-01-12,185.36,185.321353168484,-0.038646831516018665,0.038646831516018665,3.308065381475501,4.795601335615686,0.04532499999999817,0.053324999999997846,True,True,182.0132877870085,190.11695450409968,8.103666717091187,True,0
1267,2011-01-13,183.6,185.2583157242946,1.6583157242945958,-1.6583157242945958,3.308065381475501,4.795601335615686,0.04532999999999817,0.053329999999997844,True,True,181.9502503428191,190.05391705991028,8.103666717091187,True,0
1268,2011-01-14,185.5,183.5663415918,-1.9336584081999888,1.9336584081999888,3.308065381475501,4.795601335615686,0.04533499999999817,0.05333499999999784,True,True,180.2582762103245,188.3619429274157,8.103666717091187,True,0
1269,2011-01-18,188.66,185.331773254665,-3.3282267453350016,3.3282267453350016,3.308065381475501,4.795601335615686,0.045339999999998166,0.05333999999999784,True,True,182.0237078731895,190.12737459028068,8.103666717091187,True,0
1270,2011-01-19,190.9,188.42181879272601,-2.478181207273991,2.478181207273991,3.308065381475501,4.795601335615686,0.045344999999998165,0.05334499999999784,True,True,185.1137534112505,193.2174201283417,8.103666717091187,True,0
1271,2011-01-20,185.29,190.6961786391669,5.40617863916691,-5.40617863916691,3.308065381475501,4.795601335615686,0.04534999999999816,0.05334999999999784,False,True,187.3881132576914,195.4917799747826,8.103666717091187,False,1
1272,2011-01-21,183.0,185.39682552496717,2.39682552496717,-2.39682552496717,3.310003113181196,4.795601335615686,0.045254999999998165,0.053354999999997835,True,True,182.086822411786,190.19242686058286,8.105604448796868,True,0
1273,2011-01-24,177.95,183.0223320230081,5.0723320230081015,-5.0723320230081015,3.310003113181196,4.795601335615686,0.04525999999999816,0.05335999999999783,False,True,179.7123289098269,187.81793335862378,8.105604448796868,False,1
1274,2011-01-25,175.5,178.04664350450872,2.5466435045087223,-2.5466435045087223,3.3245834561466268,4.795601335615686,0.045164999999998165,0.05336499999999783,True,True,174.7220600483621,182.8422448401244,8.120184791762313,True,0
1275,2011-01-26,177.51,175.5062135477102,-2.003786452289802,2.003786452289802,3.3245834561466268,4.795601335615686,0.04516999999999816,0.05336999999999783,True,True,172.18163009156356,180.30181488332587,8.120184791762313,True,0
1276,2011-01-27,177.48,177.32839705330355,-0.1516029466964426,0.1516029466964426,3.3245834561466268,4.790864037316226,0.04517499999999816,0.05337499999999783,True,True,174.00381359715692,182.11926109061977,8.115447493462852,True,0
1277,2011-01-28,171.45,177.35157956559743,5.901579565597444,-5.901579565597444,3.3245834561466268,4.790864037316226,0.04517999999999816,0.053379999999997825,False,True,174.0269961094508,182.14244360291366,8.115447493462852,False,1
1278,2011-01-31,170.16,171.56144306804956,1.4014430680495593,-1.4014430680495593,3.332873532800349,4.790864037316226,0.04508499999999816,0.05338499999999782,True,True,168.22856953524922,176.35230710536578,8.12373757011656,True,0
1279,2011-02-01,170.52,170.1239142710871,-0.39608572891290805,0.39608572891290805,3.332873532800349,4.790864037316226,0.04508999999999816,0.05338999999999782,True,True,166.79104073828677,174.91477830840333,8.12373757011656,True,0
1280,2011-02-02,171.42,170.3896955330099,-1.0303044669900885,1.0303044669900885,3.332873532800349,4.790864037316226,0.04509499999999816,0.05339499999999782,True,True,167.05682200020954,175.18055957032612,8.123737570116589,True,0
1281,2011-02-03,173.5,171.25823634890622,-2.241763651093777,2.241763651093777,3.332873532800349,4.790864037316226,0.045099999999998155,0.05339999999999782,True,True,167.92536281610586,176.04910038622245,8.123737570116589,True,0
1282,2011-02-04,174.0,173.28960466108578,-0.7103953389142248,0.7103953389142248,3.332873532800349,4.790864037316226,0.045104999999998154,0.053404999999997815,True,True,169.9567311282854,178.080468698402,8.123737570116589,True,0
1283,2011-02-07,176.15,173.8448256203584,-2.3051743796416133,2.3051743796416133,3.332873532800349,4.790864037316226,0.04510999999999815,0.05340999999999781,True,True,170.51195208755803,178.63568965767462,8.123737570116589,True,0
1284,2011-02-08,176.66,175.94214458047108,-0.7178554195289166,0.7178554195289166,3.332873532800349,4.790864037316226,0.04511499999999815,0.05341499999999781,True,True,172.60927104767075,180.7330086177873,8.12373757011656,True,0
1285,2011-02-09,183.15,176.50676726725507,-6.643232732744934,6.643232732744934,3.332873532800349,4.790864037316226,0.04511999999999815,0.05341999999999781,True,False,173.17389373445474,181.2976313045713,8.12373757011656,False,1
1286,2011-02-10,184.39,182.77626334433583,-1.6137366556641553,1.6137366556641553,3.332873532800349,4.795601335615686,0.045124999999998146,0.05332499999999781,True,True,179.4433898115355,187.57186467995152,8.12847486841602,True,0
1287,2011-02-11,185.56,184.19075552921765,-1.3692444707823483,1.3692444707823483,3.3245834561466268,4.795601335615686,0.045129999999998144,0.05332999999999781,True,True,180.86617207307103,188.98635686483334,8.120184791762313,True,0
1288,2011-02-14,189.25,185.39857689857405,-3.851423101425951,3.851423101425951,3.3245834561466268,4.795601335615686,0.04513499999999814,0.05333499999999781,True,True,182.07399344242742,190.19417823418974,8.120184791762313,True,0
1289,2011-02-15,188.73,188.99565511822343,0.26565511822343524,-0.26565511822343524,3.3245834561466268,4.795601335615686,0.04513999999999814,0.053339999999997806,True,True,185.6710716620768,193.7912564538391,8.120184791762313,True,0
1290,2011-02-16,189.77,188.62483280153242,-1.1451671984675897,1.1451671984675897,3.3245834561466268,4.795601335615686,0.04514499999999814,0.053344999999997804,True,True,185.3002493453858,193.4204341371481,8.120184791762313,True,0
1291,2011-02-17,185.77,189.63043732806085,3.86043732806084,-3.86043732806084,3.3245834561466268,4.795601335615686,0.045149999999998136,0.0533499999999978,False,True,186.30585387191422,194.42603866367654,8.120184791762313,False,1
1292,2011-02-18,187.54,185.80953655464154,-1.7304634453584526,1.7304634453584526,3.332873532800349,4.795601335615686,0.04505499999999814,0.0533549999999978,True,True,182.4766630218412,190.60513789025723,8.12847486841602,True,0
1293,2011-02-22,183.68,187.3867631442644,3.706763144264386,-3.706763144264386,3.332873532800349,4.795601335615686,0.045059999999998136,0.0533599999999978,False,True,184.05388961146406,192.18236447988008,8.12847486841602,False,1
1294,2011-02-23,180.25,183.70829844104662,3.4582984410466224,-3.4582984410466224,3.335579191863104,4.790864037316226,0.04496499999999814,0.053364999999997796,False,True,180.37271924918352,188.49916247836285,8.12644322917933,False,1
1295,2011-02-24,176.86,180.28508834116224,3.4250883411622226,-3.4250883411622226,3.3485030667322917,4.790864037316226,0.04486999999999814,0.053369999999997794,False,True,176.93658527442994,185.07595237847846,8.139367104048517,False,1
1296,2011-02-25,178.95,176.8846962092573,-2.065303790742689,2.065303790742689,3.4083280097670468,4.790864037316226,0.04477499999999814,0.05337499999999779,True,True,173.47636819949025,181.67556024657353,8.199192047083272,True,0
1297,2011-02-28,173.91,178.76719035939652,4.857190359396526,-4.857190359396526,3.37239714451394,4.790864037316226,0.04477999999999814,0.05337999999999779,False,True,175.39479321488258,183.55805439671275,8.163261181830165,False,1
1298,2011-03-01,173.53,173.96970921267774,0.4397092126777409,-0.4397092126777409,3.408381753616027,4.790864037316226,0.04468499999999814,0.05338499999999779,True,True,170.56132745906172,178.76057324999397,8.199245790932252,True,0
1299,2011-03-02,169.09,173.4437814229881,4.353781422988106,-4.353781422988106,3.4083280097670468,4.790864037316226,0.04468999999999814,0.053389999999997786,False,True,170.03545341322106,178.23464546030434,8.199192047083272,False,1
1300,2011-03-03,173.71,169.13366483136264,-4.576335168637371,4.576335168637371,3.4183245618666405,4.790864037316226,0.04459499999999814,0.053394999999997785,True,True,165.71534026949598,173.92452886867886,8.20918859918288,True,0
1301,2011-03-04,172.62,173.42007892482144,0.8000789248214346,-0.8000789248214346,3.4183245618666405,4.790864037316226,0.04459999999999814,0.05339999999999778,True,True,170.00175436295478,178.21094296213766,8.20918859918288,True,0
1302,2011-03-07,171.92,172.51842626215247,0.5984262621524863,-0.5984262621524863,3.408381753616027,4.790864037316226,0.04460499999999814,0.05340499999999778,True,True,169.11004450853645,177.3092902994687,8.199245790932252,True,0
1303,2011-03-08,169.39,171.8261452905011,2.4361452905011163,-2.4361452905011163,3.408381753616027,4.790864037316226,0.04460999999999814,0.05340999999999778,True,True,168.41776353688508,176.61700932781733,8.199245790932252,True,0
1304,2011-03-09,166.67,169.36419073041301,2.694190730413027,-2.694190730413027,3.408381753616027,4.790864037316226,0.044614999999998135,0.05341499999999778,True,True,165.955808976797,174.15505476772924,8.199245790932252,True,0
1305,2011-03-10,167.07,166.656662374438,-0.4133376255619794,0.4133376255619794,3.408381753616027,4.790864037316226,0.04461999999999813,0.053419999999997775,True,True,163.248280620822,171.44752641175424,8.199245790932252,True,0
1306,2011-03-11,165.5,166.93669193491013,1.4366919349101295,-1.4366919349101295,3.408381753616027,4.790864037316226,0.04462499999999813,0.05342499999999777,True,True,163.5283101812941,171.72755597222636,8.199245790932252,True,0
1307,2011-03-14,166.6,165.43067882100001,-1.1693211789999793,1.1693211789999793,3.408381753616027,4.790864037316226,0.04462999999999813,0.05342999999999777,True,True,162.022297067384,170.22154285831624,8.199245790932252,True,0
1308,2011-03-15,161.39,166.43423776028857,5.044237760288581,-5.044237760288581,3.408381753616027,4.790864037316226,0.04463499999999813,0.05343499999999777,False,True,163.02585600667254,171.2251017976048,8.199245790932252,False,1
1309,2011-03-16,164.7,161.45810640492428,-3.241893595075709,3.241893595075709,3.4183245618666405,4.790864037316226,0.04453999999999813,0.05343999999999777,True,True,158.03978184305765,166.2489704422405,8.209188599182852,True,0
1310,2011-03-17,165.91,164.45604880075052,-1.4539511992494738,1.4539511992494738,3.4183245618666405,4.790864037316226,0.04454499999999813,0.053444999999997765,True,True,161.03772423888387,169.24691283806675,8.20918859918288,True,0
1311,2011-03-18,161.19,165.7202934865308,4.530293486530809,-4.530293486530809,3.4183245618666405,4.772458354725728,0.044549999999998126,0.05344999999999776,False,True,162.30196892466415,170.49275184125653,8.190782916592383,False,1
1312,2011-03-21,163.37,161.24120977757812,-2.128790222421884,2.128790222421884,3.4250883411622226,4.772458354725728,0.04445499999999813,0.05345499999999776,True,True,157.8161214364159,166.01366813230385,8.19754669588795,True,0
1313,2011-03-22,164.07,163.17217874445626,-0.8978212555437324,0.8978212555437324,3.4250883411622226,4.772458354725728,0.044459999999998126,0.05345999999999776,True,True,159.74709040329404,167.944637099182,8.19754669588795,True,0
1314,2011-03-23,162.3,163.90342823965912,1.6034282396591095,-1.6034282396591095,3.4250883411622226,4.772458354725728,0.044464999999998124,0.05346499999999776,True,True,160.4783398984969,168.67588659438485,8.19754669588795,True,0
1315,2011-03-24,168.21,162.2385845207297,-5.97141547927032,5.97141547927032,3.4250883411622226,4.772458354725728,0.04446999999999812,0.053469999999997755,True,False,158.81349617956747,167.01104287545542,8.19754669588795,False,1
1316,2011-03-25,171.64,167.84595907256949,-3.794040927430501,3.794040927430501,3.4250883411622226,4.790864037316226,0.04447499999999812,0.05337499999999776,True,True,164.42087073140726,172.6368231098857,8.215952378478448,True,0
1317,2011-03-28,171.8,171.34704518846942,-0.4529548115305886,0.4529548115305886,3.4250883411622226,4.790864037316226,0.04447999999999812,0.053379999999997756,True,True,167.9219568473072,176.13790922578565,8.215952378478448,True,0
1318,2011-03-29,170.73,171.65129780579824,0.9212978057982468,-0.9212978057982468,3.4250883411622226,4.790864037316226,0.044484999999998116,0.053384999999997754,True,True,168.226209464636,176.44216184311446,8.215952378478448,True,0
1319,2011-03-30,177.78,170.64443832696682,-7.13556167303318,7.13556167303318,3.4250883411622226,4.790864037316226,0.044489999999998114,0.05338999999999775,True,False,167.2193499858046,175.43530236428305,8.215952378478448,False,1
1320,2011-03-31,179.31,177.37287589438048,-1.9371241056195174,1.9371241056195174,3.4250883411622226,4.795601335615686,0.04449499999999811,0.053294999999997754,True,True,173.94778755321826,182.16847722999617,8.220689676777909,True,0
1321,2011-04-01,181.58,179.09290710121442,-2.4870928987855905,2.4870928987855905,3.4250883411622226,4.795601335615686,0.04449999999999811,0.05329999999999775,True,True,175.6678187600522,183.8885084368301,8.220689676777909,True,0
1322,2011-04-04,180.89,181.36208843266544,0.4720884326654584,-0.4720884326654584,3.4250883411622226,4.795601335615686,0.04450499999999811,0.05330499999999775,True,True,177.93700009150322,186.15768976828113,8.220689676777909,True,0
1323,2011-04-05,182.1,180.78650057473715,-1.3134994252628474,1.3134994252628474,3.4250883411622226,4.795601335615686,0.04450999999999811,0.05330999999999775,True,True,177.36141223357492,185.58210191035283,8.220689676777909,True,0
1324,2011-04-06,186.15,181.93423741091945,-4.215762589080555,4.215762589080555,3.4250883411622226,4.795601335615686,0.044514999999998105,0.053314999999997746,True,True,178.50914906975723,186.72983874653514,8.220689676777909,True,0
1325,2011-04-07,182.78,185.86590482024445,3.0859048202444512,-3.0859048202444512,3.4250883411622226,4.795601335615686,0.0445199999999981,0.053319999999997744,True,True,182.44081647908223,190.66150615586014,8.220689676777909,True,0
1326,2011-04-08,185.26,182.77640204481608,-2.4835979551839102,2.4835979551839102,3.4250883411622226,4.795601335615686,0.0445249999999981,0.05332499999999774,True,True,179.35131370365386,187.57200338043177,8.220689676777909,True,0
1327,2011-04-11,184.86,185.05605310367656,0.19605310367654738,-0.19605310367654738,3.4183245618666405,4.795601335615686,0.0445299999999981,0.05332999999999774,True,True,181.6377285418099,189.85165443929225,8.21392589748234,True,0
1328,2011-04-12,183.06,184.74794991724062,1.6879499172406156,-1.6879499172406156,3.4183245618666405,4.795601335615686,0.0445349999999981,0.05333499999999774,True,True,181.329625355374,189.5435512528563,8.213925897482312,True,0
1329,2011-04-13,180.83,183.01379311748641,2.1837931174864025,-2.1837931174864025,3.4183245618666405,4.795601335615686,0.044539999999998095,0.053339999999997736,True,True,179.5954685556198,187.8093944531021,8.213925897482312,True,0
1330,2011-04-14,181.39,180.80409432904796,-0.5859056709520303,0.5859056709520303,3.4183245618666405,4.795601335615686,0.04454499999999809,0.053344999999997735,True,True,177.38576976718133,185.59969566466364,8.213925897482312,True,0
1331,2011-04-15,181.0,181.25516952750104,0.25516952750103883,-0.25516952750103883,3.4183245618666405,4.795601335615686,0.04454999999999809,0.05334999999999773,True,True,177.83684496563438,186.05077086311672,8.21392589748234,True,0
1332,2011-04-18,178.38,180.89136971459703,2.5113697145970377,-2.5113697145970377,3.4183245618666405,4.790864037316226,0.04455499999999809,0.05335499999999773,True,True,177.47304515273038,185.68223375191326,8.20918859918288,True,0
1333,2011-04-19,178.35,178.36176691943476,0.011766919434762713,-0.011766919434762713,3.4183245618666405,4.790864037316226,0.04455999999999809,0.05335999999999773,True,True,174.94344235756813,183.15263095675098,8.209188599182852,True,0
1334,2011-04-20,181.62,178.23789944336195,-3.3821005566380506,3.3821005566380506,3.4183245618666405,4.790864037316226,0.044564999999998085,0.05336499999999773,True,True,174.81957488149533,183.02876348067818,8.209188599182852,True,0
1335,2011-04-21,184.56,181.3662695970614,-3.1937304029385984,3.1937304029385984,3.4183245618666405,4.790864037316226,0.04456999999999808,0.053369999999997725,True,True,177.94794503519478,186.15713363437763,8.209188599182852,True,0
1336,2011-04-25,185.65,184.3078775485294,-1.3421224514706012,1.3421224514706012,3.4183245618666405,4.790864037316226,0.04457499999999808,0.05337499999999772,True,True,180.88955298666275,189.09874158584563,8.20918859918288,True,0
1337,2011-04-26,186.27,185.47532028767014,-0.7946797123298666,0.7946797123298666,3.4183245618666405,4.790864037316226,0.04457999999999808,0.05337999999999772,True,True,182.05699572580352,190.26618432498637,8.209188599182852,True,0
1338,2011-04-27,183.2,186.1227796433801,2.9227796433801245,-2.9227796433801245,3.4183245618666405,4.790864037316226,0.04458499999999808,0.05338499999999772,True,True,182.70445508151346,190.91364368069634,8.20918859918288,True,0
1339,2011-04-28,195.96,183.19763074592157,-12.762369254078436,12.762369254078436,3.4183245618666405,4.790864037316226,0.044589999999998076,0.05338999999999772,True,False,179.77930618405492,187.9884947832378,8.20918859918288,False,1
1340,2011-04-29,194.38,195.32924180728224,0.9492418072822488,-0.9492418072822488,3.4183245618666405,4.795601335615686,0.044594999999998074,0.05329499999999772,True,True,191.9109172454156,200.12484314289793,8.21392589748234,True,0
1341,2011-05-02,196.57,194.28042323912908,-2.289576760870915,2.289576760870915,3.4183245618666405,4.795601335615686,0.04459999999999807,0.05329999999999772,True,True,190.86209867726245,199.07602457474476,8.213925897482312,True,0
1342,2011-05-03,201.0,196.37870105970495,-4.621298940295048,4.621298940295048,3.4183245618666405,4.795601335615686,0.04460499999999807,0.053304999999997715,True,True,192.9603764978383,201.17430239532064,8.21392589748234,True,0
1343,2011-05-04,198.25,200.70823844843645,2.458238448436447,-2.458238448436447,3.4183245618666405,4.795601335615686,0.04460999999999807,0.05330999999999771,True,True,197.28991388656982,205.50383978405213,8.213925897482312,True,0
1344,2011-05-05,198.66,198.2411578570251,-0.41884214297490985,0.41884214297490985,3.4183245618666405,4.795601335615686,0.044614999999998066,0.05331499999999771,True,True,194.82283329515843,203.03675919264077,8.21392589748234,True,0
1345,2011-05-06,199.1,198.5497371136458,-0.5502628863542043,0.5502628863542043,3.4183245618666405,4.795601335615686,0.044619999999998064,0.05331999999999771,True,True,195.13141255177914,203.34533844926148,8.21392589748234,True,0
1346,2011-05-09,198.34,198.9768763023788,0.6368763023787949,-0.6368763023787949,3.408381753616027,4.795601335615686,0.04462499999999806,0.05332499999999771,True,True,195.56849454876277,203.77247763799448,8.203983089231713,True,0
1347,2011-05-10,201.94,198.26481023114138,-3.6751897688586155,3.6751897688586155,3.408381753616027,4.795601335615686,0.04462999999999806,0.053329999999997706,True,True,194.85642847752536,203.06041156675707,8.203983089231713,True,0
1348,2011-05-11,203.12,201.69367448169336,-1.4263255183066406,1.4263255183066406,3.408381753616027,4.795601335615686,0.04463499999999806,0.053334999999997704,True,True,198.28529272807734,206.48927581730905,8.203983089231713,True,0
1349,2011-05-12,204.22,202.95936990332612,-1.2606300966738786,1.2606300966738786,3.408381753616027,4.795601335615686,0.044639999999998056,0.0533399999999977,True,True,199.5509881497101,207.7549712389418,8.203983089231713,True,0
1350,2011-05-13,205.7,204.07402211723974,-1.6259778827602531,1.6259778827602531,3.408381753616027,4.795601335615686,0.044644999999998054,0.0533449999999977,True,True,200.6656403636237,208.86962345285542,8.203983089231713,True,0
1351,2011-05-16,200.54,205.54096251590053,5.0009625159005395,-5.0009625159005395,3.408381753616027,4.790864037316226,0.04464999999999805,0.0533499999999977,False,True,202.1325807622845,210.33182655321676,8.199245790932252,False,1
1352,2011-05-17,191.82,200.6420914990088,8.82209149900882,-8.82209149900882,3.4183245618666405,4.790864037316226,0.044554999999998054,0.053354999999997696,False,True,197.22376693714216,205.43295553632504,8.20918859918288,False,1
1353,2011-05-18,194.13,192.06756337769767,-2.0624366223023287,2.0624366223023287,3.4250883411622226,4.790864037316226,0.04445999999999806,0.053359999999997694,True,True,188.64247503653544,196.8584274150139,8.215952378478448,True,0
1354,2011-05-19,198.33,193.9596870041364,-4.3703129958636,4.3703129958636,3.4250883411622226,4.790864037316226,0.044464999999998055,0.05336499999999769,True,True,190.5345986629742,198.75055104145264,8.215952378478448,True,0
1355,2011-05-20,197.95,198.038928780978,0.08892878097802281,-0.08892878097802281,3.4250883411622226,4.790864037316226,0.04446999999999805,0.05336999999999769,True,True,194.6138404398158,202.82979281829424,8.215952378478448,True,0
1356,2011-05-23,195.56,197.83602796090454,2.2760279609045426,-2.2760279609045426,3.4250883411622226,4.790864037316226,0.04447499999999805,0.05337499999999769,True,True,194.41093961974232,202.62689199822077,8.215952378478448,True,0
1357,2011-05-24,197.0,195.54717272094123,-1.4528272790587664,1.4528272790587664,3.4250883411622226,4.790864037316226,0.04447999999999805,0.053379999999997686,True,True,192.122084379779,200.33803675825746,8.215952378478448,True,0
1358,2011-05-25,193.57,196.84476284435246,3.274762844352466,-3.274762844352466,3.4250883411622226,4.790864037316226,0.04448499999999805,0.053384999999997684,True,True,193.41967450319024,201.63562688166868,8.215952378478448,True,0
1359,2011-05-26,191.24,193.5871762491954,2.3471762491953996,-2.3471762491953996,3.4250883411622226,4.790864037316226,0.044489999999998045,0.05338999999999768,True,True,190.1620879080332,198.37804028651163,8.215952378478448,True,0
1360,2011-05-27,194.76,191.23451224545565,-3.5254877545443435,3.5254877545443435,3.4250883411622226,4.790864037316226,0.04449499999999804,0.05339499999999768,True,True,187.80942390429342,196.02537628277187,8.215952378478448,True,0
1361,2011-05-31,195.94,194.51586489398392,-1.424135106016081,1.424135106016081,3.4250883411622226,4.790864037316226,0.04449999999999804,0.05339999999999768,True,True,191.0907765528217,199.30672893130014,8.215952378478448,True,0
1362,2011-06-01,196.06,195.7608321768334,-0.29916782316661283,0.29916782316661283,3.4250883411622226,4.790864037316226,0.04450499999999804,0.05340499999999768,True,True,192.33574383567117,200.55169621414962,8.215952378478448,True,0
1363,2011-06-02,192.28,195.9372024622399,3.657202462239894,-3.657202462239894,3.4250883411622226,4.790864037316226,0.04450999999999804,0.053409999999997675,False,True,192.51211412107767,200.72806649955612,8.215952378478448,False,1
1364,2011-06-03,191.23,192.31532219374157,1.0853221937415753,-1.0853221937415753,3.4437430479964632,4.790864037316226,0.04441499999999804,0.05341499999999767,True,True,188.8715791457451,197.1061862310578,8.234607085312689,True,0
1365,2011-06-06,188.66,191.17604268741317,2.516042687413176,-2.516042687413176,3.4437430479964632,4.790864037316226,0.04441999999999804,0.05341999999999767,True,True,187.7322996394167,195.9669067247294,8.234607085312689,True,0
1366,2011-06-07,185.72,188.6489253720846,2.928925372084592,-2.928925372084592,3.4437430479964632,4.790864037316226,0.044424999999998036,0.05342499999999767,True,True,185.20518232408813,193.43978940940082,8.234607085312689,True,0
1367,2011-06-08,187.45,185.72817366848966,-1.7218263315103286,1.7218263315103286,3.4437430479964632,4.790864037316226,0.044429999999998034,0.05342999999999767,True,True,182.2844306204932,190.51903770580589,8.234607085312689,True,0
1368,2011-06-09,189.74,187.27501719722034,-2.464982802779673,2.464982802779673,3.4437430479964632,4.772458354725728,0.04443499999999803,0.053434999999997665,True,True,183.83127414922387,192.04747555194606,8.216201402722191,True,0
1369,2011-06-10,189.25,189.51875990954755,0.2687599095475548,-0.2687599095475548,3.4437430479964632,4.772458354725728,0.04443999999999803,0.05343999999999766,True,True,186.0750168615511,194.29121826427328,8.216201402722191,True,0
1370,2011-06-13,186.81,189.13751834812896,2.3275183481289616,-2.3275183481289616,3.4437430479964632,4.772458354725728,0.04444499999999803,0.05344499999999766,True,True,185.6937753001325,193.9099767028547,8.216201402722191,True,0
1371,2011-06-14,188.99,186.788695826604,-2.201304173396011,2.201304173396011,3.4437430479964632,4.772458354725728,0.044449999999998026,0.05344999999999766,True,True,183.34495277860754,191.56115418132973,8.216201402722191,True,0
1372,2011-06-15,188.04,188.79579232730214,0.7557923273021458,-0.7557923273021458,3.4437430479964632,4.772458354725728,0.044454999999998024,0.05345499999999766,True,True,185.35204927930567,193.56825068202787,8.216201402722191,True,0
1373,2011-06-16,185.74,187.94534320576435,2.2053432057643363,-2.2053432057643363,3.4437430479964632,4.772458354725728,0.04445999999999802,0.053459999999997655,True,True,184.50160015776788,192.71780156049007,8.216201402722191,True,0
1374,2011-06-17,186.51,185.71515432822176,-0.7948456717782335,0.7948456717782335,3.4250883411622226,4.772458354725728,0.04446499999999802,0.05346499999999765,True,True,182.29006598705953,190.48761268294749,8.19754669588795,True,0
1375,2011-06-20,185.96,186.3703047898115,0.4103047898115051,-0.4103047898115051,3.4250883411622226,4.772458354725728,0.04446999999999802,0.05346999999999765,True,True,182.9452164486493,191.14276314453724,8.19754669588795,True,0
1376,2011-06-21,188.3,185.85554969439792,-2.444450305602089,2.444450305602089,3.4250883411622226,4.772458354725728,0.044474999999998016,0.05347499999999765,True,True,182.4304613532357,190.62800804912365,8.19754669588795,True,0
1377,2011-06-22,193.96,188.08744905601418,-5.8725509439858286,5.8725509439858286,3.4250883411622226,4.772458354725728,0.044479999999998014,0.05347999999999765,True,False,184.66236071485196,192.8599074107399,8.19754669588795,False,1
1378,2011-06-23,189.5,193.599397974816,4.099397974815986,-4.099397974815986,3.4250883411622226,4.790864037316226,0.04448499999999801,0.05338499999999765,False,True,190.17430963365376,198.3902620121322,8.215952378478448,False,1
1379,2011-06-24,193.88,189.52522816868267,-4.354771831317322,4.354771831317322,3.4437430479964632,4.790864037316226,0.044389999999998014,0.05338999999999765,True,True,186.0814851206862,194.3160922059989,8.234607085312689,True,0
1380,2011-06-27,194.5,193.60652542376948,-0.893474576230517,0.893474576230517,3.4437430479964632,4.790864037316226,0.04439499999999801,0.053394999999997646,True,True,190.16278237577302,198.3973894610857,8.234607085312689,True,0
1381,2011-06-28,201.92,194.33359187384005,-7.586408126159938,7.586408126159938,3.4437430479964632,4.790864037316226,0.04439999999999801,0.053399999999997644,True,False,190.8898488258436,199.12445591115628,8.234607085312689,False,1
1382,2011-06-29,202.67,201.49919006757892,-1.170809932421065,1.170809932421065,3.4437430479964632,4.795601335615686,0.04440499999999801,0.053304999999997646,True,True,198.05544701958246,206.2947914031946,8.23934438361215,True,0
1383,2011-06-30,200.78,202.4941053024413,1.714105302441311,-1.714105302441311,3.4437430479964632,4.795601335615686,0.04440999999999801,0.053309999999997644,True,True,199.05036225444485,207.289706638057,8.23934438361215,True,0
1384,2011-07-01,205.55,200.74250646472836,-4.807493535271647,4.807493535271647,3.4437430479964632,4.795601335615686,0.044414999999998005,0.05331499999999764,True,False,197.2987634167319,205.53810780034405,8.23934438361215,False,1
1385,2011-07-05,208.76,205.2578380337531,-3.502161966246888,3.502161966246888,3.4437430479964632,4.807493535271647,0.044419999999998,0.053219999999997644,True,True,201.81409498575664,210.06533156902475,8.25123658326811,True,0
1386,2011-07-06,212.12,208.5024251019332,-3.617574898066806,3.617574898066806,3.4437430479964632,4.807493535271647,0.044424999999998,0.05322499999999764,True,True,205.05868205393674,213.30991863720485,8.25123658326811,True,0
1387,2011-07-07,215.09,211.87127614116224,-3.2187238588377625,3.2187238588377625,3.4437430479964632,4.807493535271647,0.044429999999998,0.05322999999999764,True,True,208.42753309316578,216.6787696764339,8.25123658326811,True,0
1388,2011-07-08,214.3,214.8622985084626,0.5622985084625896,-0.5622985084625896,3.4437430479964632,4.807493535271647,0.044434999999998,0.05323499999999764,True,True,211.41855546046614,219.66979204373425,8.25123658326811,True,0
1389,2011-07-11,216.74,214.22511646122737,-2.5148835387726365,2.5148835387726365,3.4437430479964632,4.807493535271647,0.044439999999997995,0.053239999999997636,True,True,210.7813734132309,219.03260999649902,8.25123658326811,True,0
1390,2011-07-12,214.64,216.55634879324018,1.9163487932401893,-1.9163487932401893,3.4437430479964632,4.807493535271647,0.04444499999999799,0.053244999999997634,True,True,213.1126057452437,221.36384232851182,8.25123658326811,True,0
1391,2011-07-13,214.7,214.62080350690465,-0.07919649309533838,0.07919649309533838,3.4437430479964632,4.795601335615686,0.04444999999999799,0.05324999999999763,True,True,211.1770604589082,219.41640484252034,8.23934438361215,True,0
1392,2011-07-14,213.58,214.61478248204685,1.034782482046836,-1.034782482046836,3.4437430479964632,4.795601335615686,0.04445499999999799,0.05325499999999763,True,True,211.17103943405039,219.41038381766253,8.23934438361215,True,0
1393,2011-07-15,213.08,213.53010456634854,0.4501045663485286,-0.4501045663485286,3.4437430479964632,4.795601335615686,0.04445999999999799,0.05325999999999763,True,True,210.08636151835208,218.32570590196423,8.23934438361215,True,0
1394,2011-07-18,212.53,213.0094266754542,0.47942667545419226,-0.47942667545419226,3.4437430479964632,4.795601335615686,0.044464999999997985,0.05326499999999763,True,True,209.56568362745773,217.80502801106988,8.23934438361215,True,0
1395,2011-07-19,213.77,212.4574028178198,-1.3125971821802125,1.3125971821802125,3.4437430479964632,4.795601335615686,0.04446999999999798,0.053269999999997625,True,True,209.01365976982333,217.25300415343548,8.23934438361215,True,0
1396,2011-07-20,220.05,213.62688888944163,-6.423111110558381,6.423111110558381,3.4250883411622226,4.795601335615686,0.04447499999999798,0.05327499999999762,True,False,210.2018005482794,218.42249022505732,8.220689676777909,False,1
1397,2011-07-21,216.74,219.70197614208783,2.9619761420878206,-2.9619761420878206,3.4250883411622226,4.807493535271647,0.04447999999999798,0.053179999999997625,True,True,216.2768878009256,224.50946967735948,8.23258187643387,True,0
1398,2011-07-22,213.86,216.75244205939126,2.892442059391243,-2.892442059391243,3.4250883411622226,4.807493535271647,0.04448499999999798,0.05318499999999762,True,True,213.32735371822903,221.5599355946629,8.23258187643387,True,0
1399,2011-07-25,215.49,213.89616331969577,-1.5938366803042356,1.5938366803042356,3.4250883411622226,4.807493535271647,0.044489999999997976,0.05318999999999762,True,True,210.47107497853355,218.70365685496742,8.23258187643387,True,0
1400,2011-07-26,214.99,215.3448642182534,0.35486421825339676,-0.35486421825339676,3.4250883411622226,4.807493535271647,0.044494999999997974,0.05319499999999762,True,True,211.91977587709118,220.15235775352505,8.23258187643387,True,0
1401,2011-07-27,224.39,214.90701469113256,-9.482985308867427,9.482985308867427,3.4250883411622226,4.807493535271647,0.04449999999999797,0.05319999999999762,True,False,211.48192634997034,219.7145082264042,8.23258187643387,False,1
1402,2011-07-28,223.27,223.92307749948702,0.6530774994870114,-0.6530774994870114,3.4250883411622226,4.851859135765238,0.04450499999999797,0.05310499999999762,True,True,220.4979891583248,228.77493663525226,8.276947476927461,True,0
1403,2011-07-29,221.29,223.18696708684442,1.8969670868444268,-1.8969670868444268,3.4250883411622226,4.851859135765238,0.04450999999999797,0.05310999999999762,True,True,219.7618787456822,228.03882622260966,8.276947476927461,True,0
1404,2011-08-01,225.0,221.29106584913578,-3.7089341508642235,3.7089341508642235,3.4250883411622226,4.851859135765238,0.044514999999997966,0.053114999999997616,True,True,217.86597750797355,226.14292498490101,8.276947476927461,True,0
1405,2011-08-02,220.32,224.77922087025286,4.459220870252864,-4.459220870252864,3.4250883411622226,4.851859135765238,0.044519999999997964,0.053119999999997614,False,True,221.35413252909063,229.6310800060181,8.276947476927461,False,1
1406,2011-08-03,209.48,220.40408695002725,10.92408695002726,-10.92408695002726,3.4437430479964632,4.851859135765238,0.044424999999997966,0.05312499999999761,False,True,216.9603439020308,225.2559460857925,8.295602183761702,False,1
1407,2011-08-04,206.73,209.82519509193028,3.095195091930293,-3.095195091930293,3.4582984410466224,4.851859135765238,0.04432999999999797,0.05312999999999761,True,True,206.36689665088366,214.67705422769552,8.31015757681186,True,0
1408,2011-08-05,204.67,206.78511475348068,2.1151147534806967,-2.1151147534806967,3.4582984410466224,4.851859135765238,0.044334999999997966,0.05313499999999761,True,True,203.32681631243406,211.63697388924592,8.31015757681186,True,0
1409,2011-08-08,196.4,204.65200881534489,8.25200881534488,-8.25200881534488,3.4582984410466224,4.851859135765238,0.044339999999997964,0.053139999999997606,False,True,201.19371037429826,209.50386795111012,8.31015757681186,False,1
1410,2011-08-09,196.7,196.60425114541547,-0.09574885458451377,0.09574885458451377,3.4661290183451854,4.851859135765238,0.044244999999997967,0.053144999999997604,True,True,193.1381221270703,201.4561102811807,8.317988154110424,True,0
1411,2011-08-10,200.76,196.60413234028928,-4.155867659710708,4.155867659710708,3.4661290183451854,4.851859135765238,0.044249999999997965,0.0531499999999976,True,True,193.1380033219441,201.45599147605452,8.317988154110424,True,0
1412,2011-08-11,197.01,200.48152523239995,3.471525232399955,-3.471525232399955,3.4661290183451854,4.807493535271647,0.04425499999999796,0.0531549999999976,False,True,197.01539621405476,205.2890187676716,8.273622553616832,False,1
1413,2011-08-12,200.28,197.01513091355582,-3.264869086444179,3.264869086444179,3.471525232399955,4.807493535271647,0.044159999999997965,0.0531599999999976,True,True,193.54360568115587,201.82262444882747,8.279018767671602,True,0
1414,2011-08-15,202.06,200.05077073917596,-2.0092292608240427,2.0092292608240427,3.471525232399955,4.807493535271647,0.04416499999999796,0.053164999999997596,True,True,196.579245506776,204.8582642744476,8.279018767671602,True,0
1415,2011-08-16,201.14,201.8564154191896,0.7164154191896159,-0.7164154191896159,3.471525232399955,4.807493535271647,0.04416999999999796,0.053169999999997594,True,True,198.38489018678965,206.66390895446125,8.279018767671602,True,0
1416,2011-08-17,198.53,201.05003267293722,2.5200326729372193,-2.5200326729372193,3.471525232399955,4.807493535271647,0.04417499999999796,0.05317499999999759,True,True,197.57850744053727,205.85752620820887,8.279018767671602,True,0
1417,2011-08-18,191.21,198.5176359269727,7.307635926972694,-7.307635926972694,3.471525232399955,4.807493535271647,0.04417999999999796,0.05317999999999759,False,True,195.04611069457275,203.32512946224435,8.279018767671602,False,1
1418,2011-08-19,180.29,191.37808554156706,11.088085541567068,-11.088085541567068,3.482989583913721,4.807493535271647,0.04408499999999796,0.05318499999999759,False,True,187.89509595765333,196.1855790768387,8.290483119185382,False,1
1419,2011-08-22,182.83,180.58289744474337,-2.247102555256646,2.247102555256646,3.493804601489771,4.807493535271647,0.04398999999999796,0.053189999999997586,True,True,177.08909284325358,185.390390980015,8.301298136761432,True,0
1420,2011-08-23,178.92,182.65594242338523,3.7359424233852394,-3.7359424233852394,3.493804601489771,4.807493535271647,0.04399499999999796,0.053194999999997584,False,True,179.16213782189544,187.46343595865687,8.301298136761432,False,1
1421,2011-08-24,193.89,178.9290338003211,-14.960966199678893,14.960966199678893,3.49715015147774,4.807493535271647,0.04389999999999796,0.05319999999999758,True,False,175.43188364884335,183.73652733559274,8.304643686749387,False,1
1422,2011-08-25,194.41,193.16618119430842,-1.2438188056915749,1.2438188056915749,3.49715015147774,4.851859135765238,0.04390499999999796,0.053104999999997585,True,True,189.66903104283068,198.01804033007366,8.349009287242978,True,0
1423,2011-08-26,191.24,194.21791959771048,2.9779195977104678,-2.9779195977104678,3.49715015147774,4.851859135765238,0.04390999999999796,0.05310999999999758,True,True,190.72076944623274,199.06977873347572,8.349009287242978,True,0
1424,2011-08-29,202.82,191.23358216054223,-11.586417839457766,11.586417839457766,3.49715015147774,4.851859135765238,0.043914999999997956,0.05311499999999758,True,False,187.7364320090645,196.08544129630747,8.349009287242978,False,1
1425,2011-08-30,205.78,202.23954154007023,-3.5404584599297664,3.5404584599297664,3.49715015147774,4.903928498957427,0.043919999999997954,0.05301999999999758,True,True,198.7423913885925,207.14347003902765,8.401078650435153,True,0
1426,2011-08-31,212.27,205.4956437142102,-6.774356285789821,6.774356285789821,3.49715015147774,4.903928498957427,0.04392499999999795,0.05302499999999758,True,False,201.99849356273245,210.39957221316763,8.401078650435181,False,1
1427,2011-09-01,215.28,211.8952164988181,-3.3847835011819143,3.3847835011819143,3.49715015147774,4.913949003294476,0.04392999999999795,0.05292999999999758,True,True,208.39806634734035,216.80916550211256,8.411099154772216,True,0
1428,2011-09-02,208.94,215.0382989947957,6.098298994795698,-6.098298994795698,3.49715015147774,4.913949003294476,0.04393499999999795,0.05293499999999758,False,True,211.54114884331796,219.95224799809017,8.411099154772216,False,1
1429,2011-09-06,204.77,209.05487787288132,4.28487787288131,-4.28487787288131,3.5895050947563902,4.913949003294476,0.04383999999999795,0.05293999999999758,False,True,205.46537277812493,213.9688268761758,8.503454098050867,False,1
1430,2011-09-07,218.8,204.82667513171234,-13.973324868287676,13.973324868287676,3.657202462239894,4.913949003294476,0.04374499999999795,0.05294499999999758,True,False,201.16947266947244,209.7406241350068,8.57115146553437,False,1
1431,2011-09-08,218.3,218.14917775476547,-0.15082224523453647,0.15082224523453647,3.657202462239894,4.944946333592554,0.04374999999999795,0.05284999999999758,True,True,214.49197529252558,223.09412408835803,8.602148795832449,True,0
1432,2011-09-09,215.05,218.14027332832654,3.090273328326532,-3.090273328326532,3.657202462239894,4.944946333592554,0.04375499999999795,0.05285499999999758,True,True,214.48307086608665,223.0852196619191,8.602148795832449,True,0
1433,2011-09-12,208.75,215.0691587638574,6.319158763857388,-6.319158763857388,3.657202462239894,4.944946333592554,0.043759999999997946,0.052859999999997576,False,True,211.4119563016175,220.01410509744994,8.602148795832449,False,1
1434,2011-09-13,217.79,208.89094715698855,-8.899052843011447,8.899052843011447,3.706763144264386,4.944946333592554,0.04366499999999795,0.052864999999997574,True,False,205.18418401272416,213.8358934905811,8.65170947785694,False,1
1435,2011-09-14,220.22,217.3560250170972,-2.863974982902789,2.863974982902789,3.706763144264386,4.956444820395632,0.04366999999999795,0.052769999999997576,True,True,213.64926187283282,222.31246983749284,8.663207964660018,True,0
1436,2011-09-15,223.99,219.95799262255844,-4.032007377441573,4.032007377441573,3.706763144264386,4.956444820395632,0.043674999999997945,0.052774999999997574,True,True,216.25122947829405,224.91443744295407,8.663207964660018,True,0
1437,2011-09-16,227.57,223.7264205713081,-3.8435794286918963,3.8435794286918963,3.706763144264386,4.956444820395632,0.04367999999999794,0.05277999999999757,True,True,220.0196574270437,228.68286539170373,8.663207964660018,True,0
1438,2011-09-19,237.11,227.31212407644807,-9.797875923551942,9.797875923551942,3.706763144264386,4.956444820395632,0.04368499999999794,0.05278499999999757,True,False,223.6053609321837,232.2685688968437,8.663207964660018,False,1
1439,2011-09-20,240.8,236.63609365840784,-4.163906341592167,4.163906341592167,3.706763144264386,5.028411261116844,0.04368999999999794,0.05268999999999757,True,True,232.92933051414346,241.6645049195247,8.73517440538123,True,0
1440,2011-09-21,234.51,240.53614078971907,6.026140789719079,-6.026140789719079,3.706763144264386,5.028411261116844,0.04369499999999794,0.05269499999999757,False,True,236.82937764545468,245.5645520508359,8.73517440538123,False,1
1441,2011-09-22,224.72,234.64250993934562,9.922509939345616,-9.922509939345616,3.723202368245424,5.028411261116844,0.04359999999999794,0.05269999999999757,False,True,230.9193075711002,239.67092120046246,8.751613629362254,False,1
1442,2011-09-23,220.51,225.0144501826642,4.504450182664215,-4.504450182664215,3.7314549404957873,5.028411261116844,0.04350499999999794,0.052704999999997566,False,True,221.28299524216843,230.04286144378105,8.759866201612624,False,1
1443,2011-09-26,227.48,220.60942879793885,-6.870571202061143,6.870571202061143,3.7359424233852394,4.956444820395632,0.04340999999999794,0.052709999999997564,True,False,216.8734863745536,225.56587361833448,8.692387243780871,False,1
1444,2011-09-27,234.22,227.14869940205088,-7.071300597949119,7.071300597949119,3.7359424233852394,5.039359938571721,0.04341499999999794,0.052614999999997566,True,False,223.41275697866564,232.1880593406226,8.77530236195696,False,1
1445,2011-09-28,226.35,233.82886455847145,7.478864558471457,-7.478864558471457,3.7359424233852394,5.085658914215628,0.04341999999999794,0.05251999999999757,False,True,230.0929221350862,238.91452347268708,8.821601337600868,False,1
1446,2011-09-29,234.17,226.48352345275222,-7.686476547247764,7.686476547247764,3.7565483725393847,5.085658914215628,0.04332499999999794,0.05252499999999757,True,False,222.72697508021284,231.56918236696785,8.842207286755013,False,1
1447,2011-09-30,218.19,233.83895152066182,15.648951520661825,-15.648951520661825,3.7565483725393847,5.109854205838502,0.04332999999999794,0.05242999999999757,False,True,230.08240314812244,238.94880572650032,8.866402578377887,False,1
1448,2011-10-03,217.01,218.64979492767807,1.639794927678082,-1.639794927678082,3.7864608305418983,5.109854205838502,0.04323499999999794,0.05243499999999757,True,True,214.86333409713617,223.75964913351658,8.8963150363804,True,0
1449,2011-10-04,209.62,217.0303301305235,7.410330130523505,-7.410330130523505,3.7864608305418983,5.109854205838502,0.04323999999999794,0.052439999999997565,False,True,213.2438692999816,222.140184336362,8.8963150363804,False,1
1450,2011-10-05,212.53,209.78536589673809,-2.744634103261916,2.744634103261916,3.7947724295403304,5.109854205838502,0.04314499999999794,0.05244499999999756,True,True,205.99059346719775,214.8952201025766,8.904626635378833,True,0
1451,2011-10-06,220.28,212.32267813601823,-7.957321863981775,7.957321863981775,3.7947724295403304,5.085658914215628,0.04314999999999794,0.05244999999999756,True,False,208.5279057064779,217.40833705023385,8.880431343755959,False,1
1452,2011-10-07,222.48,219.84415930938454,-2.635840690615453,2.635840690615453,3.7947724295403304,5.146377664241015,0.04315499999999794,0.05235499999999756,True,True,216.0493868798442,224.99053697362555,8.941150093781346,True,0
1453,2011-10-10,226.23,222.2459516699884,-3.9840483300116034,3.9840483300116034,3.7947724295403304,5.109854205838502,0.043159999999997936,0.05235999999999756,True,True,218.45117924044806,227.3558058758269,8.904626635378833,True,0
1454,2011-10-11,230.6,225.96818725990738,-4.631812740092613,4.631812740092613,3.7947724295403304,5.109854205838502,0.043164999999997934,0.05236499999999756,True,True,222.17341483036705,231.07804146574588,8.904626635378833,True,0
1455,2011-10-12,236.64,230.31421568282482,-6.325784317175163,6.325784317175163,3.7947724295403304,5.109854205838502,0.04316999999999793,0.05236999999999756,True,False,226.5194432532845,235.42406988866333,8.904626635378833,False,1
1456,2011-10-13,237.0,236.29850871706768,-0.7014912829323237,0.7014912829323237,3.7947724295403304,5.146377664241015,0.04317499999999793,0.05227499999999756,True,True,232.50373628752735,241.4448863813087,8.941150093781346,True,0
1457,2011-10-14,240.87,236.8720465516955,-3.9979534483045143,3.9979534483045143,3.7947724295403304,5.146377664241015,0.04317999999999793,0.05227999999999756,True,True,233.07727412215516,242.0184242159365,8.941150093781346,True,0
1458,2011-10-17,244.29,240.6357092847242,-3.654290715275806,3.654290715275806,3.7947724295403304,5.146377664241015,0.043184999999997926,0.052284999999997556,True,True,236.84093685518386,245.7820869489652,8.941150093781346,True,0
1459,2011-10-18,242.31,244.06711987823923,1.757119878239223,-1.757119878239223,3.7947724295403304,5.146377664241015,0.043189999999997924,0.052289999999997554,True,True,240.2723474486989,249.21349754248024,8.941150093781346,True,0
1460,2011-10-19,240.67,242.28972362943927,1.619723629439278,-1.619723629439278,3.7864608305418983,5.146377664241015,0.04319499999999792,0.05229499999999755,True,True,238.50326279889737,247.43610129368028,8.932838494782914,True,0
1461,2011-10-20,232.13,240.6526216828466,8.52262168284659,-8.52262168284659,3.7864608305418983,5.146377664241015,0.04319999999999792,0.05229999999999755,False,True,236.8661608523047,245.7989993470876,8.932838494782914,False,1
1462,2011-10-21,236.91,232.34931124876655,-4.560688751233442,4.560688751233442,3.797377881746982,5.146377664241015,0.04310499999999792,0.05230499999999755,True,True,228.55193336701956,237.49568891300757,8.943755545988012,True,0
1463,2011-10-24,236.02,236.66138193467208,0.6413819346720686,-0.6413819346720686,3.7947724295403304,5.146377664241015,0.04310999999999792,0.052309999999997546,True,True,232.86660950513175,241.8077595989131,8.941150093781346,True,0
1464,2011-10-25,238.59,235.94184418566726,-2.648155814332739,2.648155814332739,3.7947724295403304,5.146377664241015,0.04311499999999792,0.052314999999997544,True,True,232.14707175612693,241.08822184990828,8.941150093781346,True,0
1465,2011-10-26,203.69,238.4020327640111,34.7120327640111,-34.7120327640111,3.7947724295403304,5.146377664241015,0.04311999999999792,0.05231999999999754,False,True,234.60726033447077,243.5484104282521,8.941150093781346,False,1
1466,2011-10-27,204.26,204.81928273818826,0.5592827381882728,-0.5592827381882728,3.797377881746982,5.146377664241015,0.04302499999999792,0.05232499999999754,True,True,201.02190485644127,209.96566040242928,8.943755545988012,True,0
1467,2011-10-28,206.53,204.1867942200022,-2.3432057799977883,2.3432057799977883,3.797377881746982,5.146377664241015,0.04302999999999792,0.05232999999999754,True,True,200.38941633825522,209.33317188424323,8.943755545988012,True,0
1468,2011-10-31,215.79,206.30713704166882,-9.482862958331168,9.482862958331168,3.797377881746982,5.146377664241015,0.043034999999997915,0.052334999999997536,True,False,202.50975915992183,211.45351470590984,8.943755545988012,False,1
1469,2011-11-01,208.11,215.28883541278245,7.178835412782433,-7.178835412782433,3.797377881746982,5.26363727038553,0.04303999999999791,0.05223999999999754,False,True,211.49145753103545,220.552472683168,9.06101515213254,False,1
1470,2011-11-02,215.55,208.24051967327378,-7.309480326726231,7.309480326726231,3.86043732806084,5.26363727038553,0.042944999999997915,0.052244999999997536,True,False,204.38008234521294,213.50415694365932,9.124074598446384,False,1
1471,2011-11-03,216.3,215.13937594653675,-1.1606240534632661,1.1606240534632661,3.86043732806084,5.59665441533582,0.04294999999999791,0.05214999999999754,True,True,211.2789386184759,220.73603036187257,9.45709174339666,True,0
1472,2011-11-04,217.65,216.11845136390542,-1.531548636094584,1.531548636094584,3.86043732806084,5.59665441533582,0.04295499999999791,0.05215499999999754,True,True,212.25801403584458,221.71510577924124,9.45709174339666,True,0
1473,2011-11-07,216.84,217.46723429130702,0.627234291307019,-0.627234291307019,3.86043732806084,5.59665441533582,0.04295999999999791,0.052159999999997535,True,True,213.60679696324618,223.06388870664284,9.45709174339666,True,0
1474,2011-11-08,219.2,216.74234378092586,-2.4576562190741242,2.4576562190741242,3.86043732806084,5.59665441533582,0.04296499999999791,0.05216499999999753,True,True,212.88190645286502,222.33899819626168,9.45709174339666,True,0
1475,2011-11-09,214.95,218.98162189492416,4.031621894924172,-4.031621894924172,3.86043732806084,5.59665441533582,0.042969999999997906,0.05216999999999753,False,True,215.12118456686332,224.57827631025998,9.45709174339666,False,1
1476,2011-11-10,213.5,214.9865663977715,1.4865663977714973,-1.4865663977714973,3.8874014459674697,5.59665441533582,0.04287499999999791,0.05217499999999753,True,True,211.09916495180403,220.58322081310732,9.48405586130329,True,0
1477,2011-11-11,212.52,213.44212960129474,0.9221296012947278,-0.9221296012947278,3.8874014459674697,5.26363727038553,0.042879999999997906,0.05217999999999753,True,True,209.55472815532727,218.70576687168028,9.151038716353014,True,0
1478,2011-11-14,215.65,212.43404786039497,-3.2159521396050366,3.2159521396050366,3.8874014459674697,5.26363727038553,0.042884999999997904,0.052184999999997525,True,True,208.5466464144275,217.69768513078048,9.151038716352986,True,0
1479,2011-11-15,218.0,215.39699120051657,-2.6030087994834332,2.6030087994834332,3.8874014459674697,5.26363727038553,0.0428899999999979,0.05218999999999752,True,True,211.5095897545491,220.6606284709021,9.151038716353014,True,0
1480,2011-11-16,216.27,217.76812673277374,1.498126732773727,-1.498126732773727,3.8874014459674697,5.26363727038553,0.0428949999999979,0.05219499999999752,True,True,213.88072528680627,223.03176400315925,9.151038716352986,True,0
1481,2011-11-17,212.51,216.2049094199352,3.6949094199352146,-3.6949094199352146,3.8874014459674697,5.26363727038553,0.0428999999999979,0.05219999999999752,True,True,212.31750797396774,221.46854669032075,9.151038716353014,True,0
1482,2011-11-18,205.33,212.53614929391696,7.206149293916951,-7.206149293916951,3.8874014459674697,5.26363727038553,0.042904999999997896,0.05220499999999752,False,True,208.6487478479495,217.7997865643025,9.151038716353014,False,1
1483,2011-11-21,193.29,205.4887624258872,12.198762425887196,-12.198762425887196,3.8973379157316685,5.26363727038553,0.0428099999999979,0.052209999999997515,False,True,201.59142451015552,210.75239969627273,9.160975186117213,False,1
1484,2011-11-22,186.95,193.61322143039231,6.663221430392326,-6.663221430392326,3.997072011575071,5.26363727038553,0.0427149999999979,0.05221499999999751,False,True,189.61614941881726,198.87685870077786,9.260709281960601,False,1
1485,2011-11-23,193.06,187.05241136838802,-6.007588631611981,6.007588631611981,4.031621894924172,5.26363727038553,0.0426199999999979,0.05221999999999751,True,False,183.02078947346385,192.31604863877357,9.295259165309716,False,1
1486,2011-11-25,190.41,192.70679217359015,2.2967921735901484,-2.2967921735901484,4.031621894924172,5.59665441533582,0.0426249999999979,0.052124999999997514,True,True,188.67517027866597,198.30344658892596,9.628276310259992,True,0
1487,2011-11-28,191.65,190.35874199399788,-1.2912580060021241,1.2912580060021241,4.031621894924172,5.59665441533582,0.0426299999999979,0.05212999999999751,True,True,186.3271200990737,195.9553964093337,9.628276310259992,True,0
1488,2011-11-29,194.78,191.47136805543315,-3.308631944566855,3.308631944566855,4.031621894924172,5.59665441533582,0.0426349999999979,0.05213499999999751,True,True,187.43974616050897,197.06802247076897,9.628276310259992,True,0
1489,2011-11-30,194.76,194.52088151309925,-0.23911848690073612,0.23911848690073612,4.031621894924172,5.59665441533582,0.042639999999997895,0.05213999999999751,True,True,190.48925961817508,200.11753592843507,9.628276310259992,True,0
1490,2011-12-01,191.85,194.61628757880692,2.7662875788069243,-2.7662875788069243,4.031621894924172,5.59665441533582,0.04264499999999789,0.052144999999997506,True,True,190.58466568388275,200.21294199414274,9.628276310259992,True,0
1491,2011-12-02,197.07,191.82175117779997,-5.248248822200026,5.248248822200026,4.031621894924172,5.59665441533582,0.04264999999999789,0.052149999999997504,True,True,187.7901292828758,197.4184055931358,9.628276310259992,True,0
1492,2011-12-05,198.86,196.7388484770217,-2.121151522978323,2.121151522978323,4.031621894924172,5.59665441533582,0.04265499999999789,0.0521549999999975,True,True,192.70722658209752,202.3355028923575,9.628276310259992,True,0
1493,2011-12-06,195.98,198.6409137643399,2.6609137643399094,-2.6609137643399094,4.031621894924172,5.59665441533582,0.04265999999999789,0.0521599999999975,True,True,194.60929186941573,204.23756817967572,9.628276310259992,True,0
1494,2011-12-07,191.03,195.94591818981945,4.91591818981945,-4.91591818981945,4.031621894924172,5.59665441533582,0.042664999999997885,0.0521649999999975,False,True,191.91429629489528,201.54257260515527,9.628276310259992,False,1
1495,2011-12-08,193.57,191.08501472418325,-2.48498527581674,2.48498527581674,4.060829306802077,5.59665441533582,0.04256999999999789,0.052169999999997496,True,True,187.02418541738118,196.68166913951907,9.657483722137897,True,0
1496,2011-12-09,191.21,193.3514989834855,2.1414989834854907,-2.1414989834854907,4.060829306802077,5.26363727038553,0.042574999999997885,0.052174999999997494,True,True,189.29066967668342,198.61513625387101,9.324466577187593,True,0
1497,2011-12-12,190.03,191.1547674001241,1.1247674001240853,-1.1247674001240853,4.060829306802077,5.26363727038553,0.04257999999999788,0.05217999999999749,True,True,187.093938093322,196.41840467050963,9.324466577187621,True,0
1498,2011-12-13,188.56,189.9448202303578,1.3848202303578034,-1.3848202303578034,4.060829306802077,5.26363727038553,0.04258499999999788,0.05218499999999749,True,True,185.88399092355573,195.20845750074335,9.324466577187621,True,0
1499,2011-12-14,179.0,188.48250489154512,9.482504891545119,-9.482504891545119,4.060829306802077,5.26363727038553,0.04258999999999788,0.05218999999999749,False,True,184.42167558474304,193.74614216193066,9.324466577187621,False,1
1500,2011-12-15,182.05,179.2199979542131,-2.830002045786898,2.830002045786898,4.099397974815986,5.26363727038553,0.04249499999999788,0.052194999999997486,True,True,175.12059997939713,184.48363522459863,9.363035245201502,True,0
1501,2011-12-16,182.42,181.824346631637,-0.5956533683629743,0.5956533683629743,4.099397974815986,5.26363727038553,0.04249999999999788,0.052199999999997485,True,True,177.72494865682103,187.08798390202253,9.363035245201502,True,0
1502,2011-12-19,182.0,182.26297471116234,0.26297471116234306,-0.26297471116234306,4.099397974815986,5.26363727038553,0.04250499999999788,0.05220499999999748,True,True,178.16357673634636,187.5266119815479,9.36303524520153,True,0
1503,2011-12-20,182.69,181.8809479628423,-0.8090520371576986,0.8090520371576986,4.099397974815986,5.26363727038553,0.042509999999997876,0.05220999999999748,True,True,177.7815499880263,187.14458523322782,9.363035245201502,True,0
1504,2011-12-21,181.92,182.5306414844708,0.6106414844708183,-0.6106414844708183,4.099397974815986,5.26363727038553,0.042514999999997874,0.05221499999999748,True,True,178.43124350965482,187.79427875485635,9.36303524520153,True,0
1505,2011-12-22,175.09,181.81346926550276,6.723469265502757,-6.723469265502757,4.099397974815986,5.26363727038553,0.04251999999999787,0.05221999999999748,False,True,177.71407129068677,187.07710653588828,9.363035245201502,False,1
1506,2011-12-23,179.22,175.2163438842416,-4.003656115758389,4.003656115758389,4.128248268300425,5.26363727038553,0.042424999999997874,0.052224999999997475,True,True,171.0880956159412,180.47998115462713,9.391885538685926,True,0
1507,2011-12-27,177.73,178.9470946168908,1.2170946168908188,-1.2170946168908188,4.128248268300425,5.26363727038553,0.04242999999999787,0.05222999999999747,True,True,174.8188463485904,184.21073188727632,9.391885538685926,True,0
1508,2011-12-28,176.39,177.6441989268018,1.2541989268018199,-1.2541989268018199,4.128248268300425,5.26363727038553,0.04243499999999787,0.05223499999999747,True,True,173.51595065850137,182.90783619718735,9.391885538685983,True,0
1509,2011-12-29,169.62,176.31529759131297,6.695297591312965,-6.695297591312965,4.128248268300425,5.26363727038553,0.04243999999999787,0.05223999999999747,False,True,172.18704932301256,181.57893486169849,9.391885538685926,False,1
1510,2011-12-30,173.36,169.75249009831745,-3.607509901682562,3.607509901682562,4.2025520503630105,5.26363727038553,0.04234499999999787,0.05224499999999747,True,True,165.54993804795444,175.016127368703,9.466189320748555,True,0
1511,2012-01-03,175.89,173.1029728215253,-2.7870271784746876,2.7870271784746876,4.2025520503630105,5.26363727038553,0.04234999999999787,0.052249999999997465,True,True,168.9004207711623,178.36661009191084,9.466189320748555,True,0
1512,2012-01-04,179.21,175.6482441561146,-3.5617558438854076,3.5617558438854076,4.2025520503630105,5.26363727038553,0.04235499999999787,0.05225499999999746,True,True,171.4456921057516,180.91188142650014,9.466189320748555,True,0
1513,2012-01-05,175.94,178.94057858300238,3.0005785830023797,-3.0005785830023797,4.128248268300425,5.248248822200026,0.042359999999997865,0.05225999999999746,True,True,174.81233031470197,184.1888274052024,9.376497090500436,True,0
1514,2012-01-06,178.07,175.9250881523757,-2.144911847624286,2.144911847624286,4.128248268300425,5.248248822200026,0.04236499999999786,0.05226499999999746,True,True,171.79683988407527,181.17333697457573,9.376497090500465,True,0
1515,2012-01-09,182.76,177.864614876962,-4.895385123037983,4.895385123037983,4.128248268300425,5.248248822200026,0.04236999999999786,0.05226999999999746,True,True,173.73636660866157,183.11286369916203,9.376497090500465,True,0
1516,2012-01-10,181.1,182.43413123680702,1.3341312368070248,-1.3341312368070248,4.128248268300425,5.248248822200026,0.04237499999999786,0.052274999999997455,True,True,178.30588296850658,187.68238005900704,9.376497090500465,True,0
1517,2012-01-11,179.64,181.01474337479488,1.374743374794889,-1.374743374794889,4.128248268300425,5.248248822200026,0.04237999999999786,0.052279999999997454,True,True,176.88649510649446,186.2629921969949,9.376497090500436,True,0
1518,2012-01-12,179.42,179.56992105084714,0.1499210508471549,-0.1499210508471549,4.128248268300425,5.248248822200026,0.042384999999997855,0.05228499999999745,True,True,175.44167278254673,184.81816987304717,9.376497090500436,True,0
1519,2012-01-13,175.81,179.3014475464464,3.491447546446409,-3.491447546446409,4.128248268300425,5.248248822200026,0.04238999999999785,0.05228999999999745,True,True,175.173199278146,184.54969636864644,9.376497090500436,True,0
1520,2012-01-17,180.15,175.81948598529428,-4.330514014705727,4.330514014705727,4.128248268300425,5.248248822200026,0.04239499999999785,0.05229499999999745,True,True,171.69123771699384,181.0677348074943,9.376497090500465,True,0
1521,2012-01-18,181.94,179.8579482765648,-2.0820517234351996,2.0820517234351996,4.128248268300425,5.248248822200026,0.04239999999999785,0.052299999999997446,True,True,175.7297000082644,185.10619709876482,9.376497090500436,True,0
1522,2012-01-19,190.88,181.71988805972424,-9.160111940275755,9.160111940275755,4.128248268300425,5.248248822200026,0.04240499999999785,0.052304999999997444,True,False,177.5916397914238,186.96813688192427,9.376497090500465,False,1
1523,2012-01-20,190.71,190.3830690748229,-0.3269309251770949,0.3269309251770949,4.128248268300425,5.26363727038553,0.042409999999997845,0.052209999999997446,True,True,186.2548208065225,195.64670634520843,9.391885538685926,True,0
1524,2012-01-23,190.79,190.55315383117966,-0.23684616882033538,0.23684616882033538,4.128248268300425,5.26363727038553,0.04241499999999784,0.052214999999997444,True,True,186.42490556287925,195.81679110156517,9.391885538685926,True,0
1525,2012-01-24,185.0,190.64943776497222,5.64943776497222,-5.64943776497222,4.128248268300425,5.26363727038553,0.04241999999999784,0.05221999999999744,False,True,186.5211894966718,195.91307503535774,9.391885538685926,False,1
1526,2012-01-25,186.99,185.08413134815555,-1.9058686518444574,1.9058686518444574,4.2025520503630105,5.26363727038553,0.042324999999997844,0.05222499999999744,True,True,180.88157929779254,190.34776861854107,9.466189320748526,True,0
1527,2012-01-26,189.3,186.79141649926123,-2.50858350073878,2.50858350073878,4.2025520503630105,5.26363727038553,0.04232999999999784,0.05222999999999744,True,True,182.58886444889822,192.05505376964675,9.466189320748526,True,0
1528,2012-01-27,193.09,189.06647725250178,-4.02352274749822,4.02352274749822,4.2025520503630105,5.26363727038553,0.04233499999999784,0.052234999999997436,True,True,184.86392520213877,194.3301145228873,9.466189320748526,True,0
1529,2012-01-30,193.68,192.7969504272696,-0.883049572730414,0.883049572730414,4.2025520503630105,5.26363727038553,0.04233999999999784,0.052239999999997434,True,True,188.59439837690658,198.06058769765514,9.466189320748555,True,0
1530,2012-01-31,194.0,193.50753838556722,-0.49246161443278424,0.49246161443278424,4.2025520503630105,5.26363727038553,0.042344999999997836,0.05224499999999743,True,True,189.3049863352042,198.77117565595273,9.466189320748526,True,0
1531,2012-02-01,173.81,193.84708160858716,20.037081608587158,-20.037081608587158,4.2025520503630105,5.26363727038553,0.042349999999997834,0.05224999999999743,False,True,189.64452955822415,199.1107188789727,9.466189320748555,False,1
1532,2012-02-02,179.65,174.41671590173797,-5.233284098262033,5.233284098262033,4.28487787288131,5.248248822200026,0.042254999999997836,0.05225499999999743,True,True,170.13183802885666,179.664964723938,9.533126695081336,True,0
1533,2012-02-03,182.83,179.3332091712613,-3.4967908287387104,3.4967908287387104,4.28487787288131,5.248248822200026,0.042259999999997834,0.05225999999999743,True,True,175.04833129838,184.58145799346133,9.533126695081336,True,0
1534,2012-02-06,186.28,182.53708207994995,-3.742917920050047,3.742917920050047,4.28487787288131,5.248248822200026,0.04226499999999783,0.052264999999997425,True,True,178.25220420706864,187.78533090214998,9.533126695081336,True,0
1535,2012-02-07,182.65,185.98924373475802,3.339243734758014,-3.339243734758014,4.28487787288131,5.248248822200026,0.04226999999999783,0.05226999999999742,True,True,181.7043658618767,191.23749255695805,9.533126695081336,True,0
1536,2012-02-08,184.95,182.64590445809023,-2.30409554190976,2.30409554190976,4.28487787288131,5.248248822200026,0.04227499999999783,0.05227499999999742,True,True,178.36102658520892,187.89415328029025,9.533126695081336,True,0
1537,2012-02-09,184.5,184.73465568541846,0.23465568541845983,-0.23465568541845983,4.28487787288131,5.248248822200026,0.042279999999997826,0.05227999999999742,True,True,180.44977781253715,189.98290450761849,9.533126695081336,True,0
1538,2012-02-10,183.42,184.3727056548526,0.9527056548526218,-0.9527056548526218,4.28487787288131,5.248248822200026,0.042284999999997824,0.05228499999999742,True,True,180.0878277819713,189.62095447705263,9.533126695081336,True,0
1539,2012-02-13,187.17,183.33036951910333,-3.839630480896659,3.839630480896659,4.2025520503630105,5.248248822200026,0.04228999999999782,0.052289999999997415,True,True,179.12781746874032,188.57861834130335,9.450800872563036,True,0
1540,2012-02-14,191.08,186.8827674614079,-4.197232538592118,4.197232538592118,4.2025520503630105,5.248248822200026,0.04229499999999782,0.05229499999999741,True,True,182.68021541104488,192.13101628360792,9.450800872563036,True,0
1541,2012-02-15,191.29,190.76410077444189,-0.5258992255581063,0.5258992255581063,4.2025520503630105,5.248248822200026,0.04229999999999782,0.05229999999999741,True,True,186.56154872407888,196.0123495966419,9.450800872563036,True,0
1542,2012-02-16,177.79,191.12533476474113,13.335334764741134,-13.335334764741134,4.2025520503630105,5.248248822200026,0.04230499999999782,0.05230499999999741,False,True,186.92278271437812,196.37358358694115,9.450800872563036,False,1
1543,2012-02-17,180.09,178.18485080432373,-1.9051491956762732,1.9051491956762732,4.28487787288131,5.248248822200026,0.04220999999999782,0.05230999999999741,True,True,173.89997293144242,183.43309962652376,9.533126695081336,True,0
1544,2012-02-21,182.65,179.93235662917803,-2.7176433708219747,2.7176433708219747,4.28487787288131,5.248248822200026,0.04221499999999782,0.052314999999997405,True,True,175.64747875629672,185.18060545137806,9.533126695081336,True,0
1545,2012-02-22,181.95,182.39484060003537,0.44484060003537707,-0.44484060003537707,4.28487787288131,5.248248822200026,0.042219999999997815,0.0523199999999974,True,True,178.10996272715406,187.6430894222354,9.533126695081336,True,0
1546,2012-02-23,179.64,181.8282399545109,2.1882399545109195,-2.1882399545109195,4.28487787288131,5.248248822200026,0.04222499999999781,0.0523249999999974,True,True,177.5433620816296,187.07648877671093,9.533126695081336,True,0
1547,2012-02-24,179.7,179.60558013169606,-0.09441986830393034,0.09441986830393034,4.28487787288131,5.248248822200026,0.04222999999999781,0.0523299999999974,True,True,175.32070225881475,184.85382895389608,9.533126695081336,True,0
1548,2012-02-27,177.54,179.57921862359603,2.0392186235960423,-2.0392186235960423,4.28487787288131,5.248248822200026,0.04223499999999781,0.0523349999999974,True,True,175.29434075071472,184.82746744579606,9.533126695081336,True,0
1549,2012-02-28,178.9,177.49631573977382,-1.4036842602261856,1.4036842602261856,4.28487787288131,5.233284098262033,0.04223999999999781,0.052339999999997396,True,True,173.2114378668925,182.72959983803585,9.518161971143343,True,0
1550,2012-02-29,183.89,178.72519735972344,-5.164802640276548,5.164802640276548,4.28487787288131,5.233284098262033,0.042244999999997805,0.052344999999997394,True,True,174.44031948684213,183.95848145798547,9.518161971143343,True,0
1551,2012-03-01,179.89,183.53845560118089,3.648455601180899,-3.648455601180899,4.28487787288131,5.233284098262033,0.0422499999999978,0.05234999999999739,True,True,179.25357772829958,188.77173969944292,9.518161971143343,True,0
1552,2012-03-02,179.48,179.88798409447264,0.4079840944726527,-0.4079840944726527,4.28487787288131,5.233284098262033,0.0422549999999978,0.05235499999999739,True,True,175.60310622159133,185.12126819273468,9.518161971143343,True,0
1553,2012-03-05,179.0,179.39067493108985,0.39067493108984763,-0.39067493108984763,4.28487787288131,5.233284098262033,0.0422599999999978,0.05235999999999739,True,True,175.10579705820854,184.62395902935188,9.518161971143343,True,0
1554,2012-03-06,178.68,178.89038647156283,0.21038647156282764,-0.21038647156282764,4.28487787288131,5.233284098262033,0.0422649999999978,0.052364999999997386,True,True,174.60550859868152,184.12367056982487,9.518161971143343,True,0
1555,2012-03-07,182.65,178.56454290264807,-4.085457097351934,4.085457097351934,4.28487787288131,5.233284098262033,0.042269999999997795,0.052369999999997384,True,True,174.27966502976676,183.7978270009101,9.518161971143343,True,0
1556,2012-03-08,184.17,182.3518866611601,-1.8181133388398791,1.8181133388398791,4.28487787288131,5.233284098262033,0.042274999999997794,0.05237499999999738,True,True,178.0670087882788,187.58517075942214,9.518161971143343,True,0
1557,2012-03-09,186.79,183.9446933817839,-2.8453066182160853,2.8453066182160853,4.28487787288131,5.233284098262033,0.04227999999999779,0.05237999999999738,True,True,179.6598155089026,189.17797748004594,9.518161971143343,True,0
1558,2012-03-12,184.13,186.53470001420487,2.4047000142048773,-2.4047000142048773,4.28487787288131,5.233284098262033,0.04228499999999779,0.05238499999999738,True,True,182.24982214132356,191.7679841124669,9.518161971143343,True,0
1559,2012-03-13,183.92,184.08653142496544,0.1665314249654557,-0.1665314249654557,4.28487787288131,5.233284098262033,0.04228999999999779,0.052389999999997376,True,True,179.80165355208413,189.31981552322748,9.518161971143343,True,0
1560,2012-03-14,183.65,183.8106892022374,0.1606892022373927,-0.1606892022373927,4.28487787288131,5.233284098262033,0.042294999999997786,0.052394999999997374,True,True,179.5258113293561,189.04397330049943,9.518161971143343,True,0
1561,2012-03-15,182.02,183.52751677127964,1.5075167712796258,-1.5075167712796258,4.28487787288131,5.233284098262033,0.042299999999997784,0.05239999999999737,True,True,179.24263889839833,188.76080086954167,9.518161971143343,True,0
1562,2012-03-16,183.28,181.9547000743798,-1.3252999256202145,1.3252999256202145,4.2025520503630105,5.233284098262033,0.04230499999999778,0.05240499999999737,True,True,177.75214802401678,187.18798417264182,9.435836148625043,True,0
1563,2012-03-19,183.45,183.1038910347609,-0.34610896523909673,0.34610896523909673,4.2025520503630105,5.233284098262033,0.04230999999999778,0.05240999999999737,True,True,178.90133898439788,188.33717513302292,9.435836148625043,True,0
1564,2012-03-20,184.88,183.30003265807696,-1.5799673419230373,1.5799673419230373,4.2025520503630105,5.233284098262033,0.04231499999999778,0.052414999999997366,True,True,179.09748060771395,188.533316756339,9.435836148625043,True,0
1565,2012-03-21,192.5,184.6841770516399,-7.815822948360108,7.815822948360108,4.2025520503630105,5.233284098262033,0.042319999999997776,0.052419999999997365,True,False,180.48162500127688,189.91746114990192,9.435836148625043,False,1
1566,2012-03-22,190.54,192.03193188454117,1.4919318845411738,-1.4919318845411738,4.2025520503630105,5.248248822200026,0.042324999999997774,0.05232499999999737,True,True,187.82937983417816,197.2801807067412,9.450800872563036,True,0
1567,2012-03-23,192.01,190.43143260945934,-1.5785673905406554,1.5785673905406554,4.2025520503630105,5.248248822200026,0.04232999999999777,0.052329999999997365,True,True,186.22888055909632,195.67968143165936,9.450800872563036,True,0
1568,2012-03-26,196.48,191.82205370245606,-4.65794629754393,4.65794629754393,4.2025520503630105,5.233284098262033,0.04233499999999777,0.05233499999999736,True,True,187.61950165209305,197.0553378007181,9.435836148625043,True,0
1569,2012-03-27,203.59,196.14283748961898,-7.44716251038102,7.44716251038102,4.2025520503630105,5.233284098262033,0.04233999999999777,0.05233999999999736,True,False,191.94028543925597,201.37612158788102,9.435836148625043,False,1
1570,2012-03-28,206.14,203.12365389854907,-3.016346101450921,3.016346101450921,4.2025520503630105,5.26363727038553,0.042344999999997766,0.05224499999999736,True,True,198.92110184818605,208.3872911689346,9.466189320748555,True,0
1571,2012-03-29,201.28,205.8488240985049,4.568824098504905,-4.568824098504905,4.2025520503630105,5.248248822200026,0.042349999999997764,0.05224999999999736,False,True,201.6462720481419,211.09707292070493,9.450800872563036,False,1
1572,2012-03-30,205.02,201.31485508646654,-3.7051449135334735,3.7051449135334735,4.28487787288131,5.248248822200026,0.04225499999999777,0.05225499999999736,True,True,197.02997721358523,206.56310390866656,9.533126695081336,True,0
1573,2012-04-02,198.02,204.75437458296082,6.734374582960811,-6.734374582960811,4.28487787288131,5.248248822200026,0.042259999999997765,0.05225999999999736,False,True,200.4694967100795,210.00262340516085,9.533126695081336,False,1
1574,2012-04-03,198.24,198.13975369195092,-0.10024630804909407,0.10024630804909407,4.302029447972899,5.248248822200026,0.04216499999999777,0.052264999999997355,True,True,193.83772424397802,203.38800251415094,9.550278270172925,True,0
1575,2012-04-04,196.95,198.12926117048792,1.1792611704879334,-1.1792611704879334,4.302029447972899,5.248248822200026,0.042169999999997765,0.05226999999999735,True,True,193.82723172251502,203.37750999268795,9.550278270172925,True,0
1576,2012-04-05,193.55,196.85999274973491,3.309992749734903,-3.309992749734903,4.302029447972899,5.248248822200026,0.04217499999999776,0.05227499999999735,True,True,192.55796330176202,202.10824157193494,9.550278270172925,True,0
1577,2012-04-09,192.02,193.5552893762428,1.5352893762427868,-1.5352893762427868,4.302029447972899,5.248248822200026,0.04217999999999776,0.05227999999999735,True,True,189.2532599282699,198.80353819844282,9.550278270172925,True,0
1578,2012-04-10,192.75,191.96168897980846,-0.7883110201915429,0.7883110201915429,4.302029447972899,5.248248822200026,0.04218499999999776,0.05228499999999735,True,True,187.65965953183556,197.20993780200848,9.550278270172925,True,0
1579,2012-04-11,189.63,192.58884980887473,2.9588498088747315,-2.9588498088747315,4.302029447972899,5.248248822200026,0.04218999999999776,0.052289999999997346,True,True,188.28682036090183,197.83709863107475,9.550278270172925,True,0
1580,2012-04-12,188.06,189.6145176092057,1.5545176092057034,-1.5545176092057034,4.302029447972899,5.248248822200026,0.042194999999997755,0.052294999999997344,True,True,185.3124881612328,194.86276643140573,9.550278270172925,True,0
1581,2012-04-13,189.9,188.0037726735861,-1.8962273264139071,1.8962273264139071,4.302029447972899,5.248248822200026,0.04219999999999775,0.05229999999999734,True,True,183.7017432256132,193.25202149578612,9.550278270172925,True,0
1582,2012-04-16,189.01,189.69495741238063,0.6849574123806406,-0.6849574123806406,4.302029447972899,5.248248822200026,0.04220499999999775,0.05230499999999734,True,True,185.39292796440773,194.94320623458066,9.550278270172925,True,0
1583,2012-04-17,187.21,188.8979901966897,1.6879901966896966,-1.6879901966896966,4.302029447972899,5.248248822200026,0.04220999999999775,0.05230999999999734,True,True,184.5959607487168,194.14623901888973,9.550278270172925,True,0
1584,2012-04-18,188.82,187.1517083166546,-1.6682916833453874,1.6682916833453874,4.302029447972899,5.248248822200026,0.04221499999999775,0.052314999999997336,True,True,182.8496788686817,192.39995713885463,9.550278270172925,True,0
1585,2012-04-19,192.93,188.62656431672892,-4.30343568327109,4.30343568327109,4.302029447972899,5.248248822200026,0.042219999999997745,0.052319999999997334,True,True,184.32453486875602,193.87481313892894,9.550278270172925,True,0
1586,2012-04-20,192.34,192.610410268843,0.27041026884299413,-0.27041026884299413,4.302029447972899,5.248248822200026,0.042224999999997744,0.05232499999999733,True,True,188.3083808208701,197.85865909104302,9.550278270172925,True,0
1587,2012-04-23,188.99,192.19975576350032,3.2097557635003113,-3.2097557635003113,4.302029447972899,5.248248822200026,0.04222999999999774,0.05232999999999733,True,True,187.89772631552742,197.44800458570035,9.550278270172925,True,0
1588,2012-04-24,188.68,188.9918020765401,0.31180207654008996,-0.31180207654008996,4.28487787288131,5.233284098262033,0.04223499999999774,0.05233499999999733,True,True,184.7069242036588,194.22508617480213,9.518161971143343,True,0
1589,2012-04-25,191.67,188.57596841664557,-3.094031583354422,3.094031583354422,4.28487787288131,5.233284098262033,0.04223999999999774,0.052339999999997326,True,True,184.29109054376426,193.8092525149076,9.518161971143343,True,0
1590,2012-04-26,193.57,191.4098112998714,-2.1601887001286,2.1601887001286,4.28487787288131,5.233284098262033,0.042244999999997736,0.052344999999997324,True,True,187.12493342699008,196.64309539813343,9.518161971143343,True,0
1591,2012-04-27,224.83,193.33246671890174,-31.49753328109827,31.49753328109827,4.28487787288131,5.233284098262033,0.042249999999997734,0.05234999999999732,True,False,189.04758884602043,198.56575081716377,9.518161971143343,False,1
1592,2012-04-30,223.95,223.33695118955535,-0.6130488104446385,0.6130488104446385,4.28487787288131,5.248248822200026,0.04225499999999773,0.052254999999997324,True,True,219.05207331667404,228.58520001175538,9.533126695081336,True,0
1593,2012-05-01,229.4,223.67581235264518,-5.7241876473548245,5.7241876473548245,4.28487787288131,5.248248822200026,0.04225999999999773,0.05225999999999732,True,False,219.39093447976387,228.9240611748452,9.533126695081336,False,1
1594,2012-05-02,227.82,229.0367840690424,1.2167840690424043,-1.2167840690424043,4.28487787288131,5.26363727038553,0.04226499999999773,0.052164999999997325,True,True,224.7519061961611,234.30042133942794,9.548515143266854,True,0
1595,2012-05-03,229.74,227.72277275558886,-2.0172272444111456,2.0172272444111456,4.28487787288131,5.26363727038553,0.042269999999997726,0.05216999999999732,True,True,223.43789488270755,232.9864100259744,9.548515143266854,True,0
1596,2012-05-04,227.8,229.51921655925042,1.7192165592504125,-1.7192165592504125,4.28487787288131,5.26363727038553,0.042274999999997724,0.05217499999999732,True,True,225.2343386863691,234.78285382963594,9.548515143266826,True,0
1597,2012-05-07,222.36,227.7247025491979,5.364702549197887,-5.364702549197887,4.28487787288131,5.26363727038553,0.04227999999999772,0.05217999999999732,False,True,223.4398246763166,232.98833981958342,9.548515143266826,False,1
1598,2012-05-08,223.15,222.4263346492315,-0.7236653507684991,0.7236653507684991,4.302029447972899,5.26363727038553,0.042184999999997724,0.05218499999999732,True,True,218.1243052012586,227.68997191961705,9.565666718358443,True,0
1599,2012-05-09,220.59,222.9802059058333,2.390205905833284,-2.390205905833284,4.302029447972899,5.26363727038553,0.04218999999999772,0.052189999999997315,True,True,218.6781764578604,228.24384317621883,9.565666718358443,True,0
1600,2012-05-10,223.91,220.53926214560235,-3.370737854397646,3.370737854397646,4.302029447972899,5.26363727038553,0.04219499999999772,0.05219499999999731,True,True,216.23723269762945,225.8028994159879,9.565666718358443,True,0
1601,2012-05-11,225.95,223.63257305135573,-2.317426948644254,2.317426948644254,4.302029447972899,5.26363727038553,0.04219999999999772,0.05219999999999731,True,True,219.33054360338284,228.89621032174125,9.565666718358415,True,0
1602,2012-05-14,225.6,225.71336815570695,0.1133681557069508,-0.1133681557069508,4.302029447972899,5.26363727038553,0.04220499999999772,0.05220499999999731,True,True,221.41133870773405,230.9770054260925,9.565666718358443,True,0
1603,2012-05-15,226.5,225.46070447152567,-1.0392955284743266,1.0392955284743266,4.302029447972899,5.26363727038553,0.042209999999997715,0.05220999999999731,True,True,221.15867502355277,230.7243417419112,9.565666718358415,True,0
1604,2012-05-16,225.0,226.31590897959137,1.31590897959137,-1.31590897959137,4.302029447972899,5.26363727038553,0.04221499999999771,0.052214999999997305,True,True,222.01387953161847,231.5795462499769,9.565666718358415,True,0
1605,2012-05-17,225.05,224.90810515439262,-0.1418948456073963,0.1418948456073963,4.302029447972899,5.26363727038553,0.04221999999999771,0.0522199999999973,True,True,220.60607570641972,230.17174242477813,9.565666718358415,True,0
1606,2012-05-18,219.41,224.90139638116253,5.491396381162531,-5.491396381162531,4.302029447972899,5.26363727038553,0.04222499999999771,0.0522249999999973,False,True,220.59936693318963,230.16503365154807,9.565666718358443,False,1
1607,2012-05-21,214.03,219.48012046181634,5.45012046181634,-5.45012046181634,4.353781422988106,5.26363727038553,0.04212999999999771,0.0522299999999973,False,True,215.12633903882823,224.74375773220186,9.617418693373622,False,1
1608,2012-05-22,218.31,214.09663746050802,-4.213362539491982,4.213362539491982,4.384435860056229,5.26363727038553,0.04203499999999771,0.0522349999999973,True,True,209.7122016004518,219.36027473089354,9.64807313044173,True,0
1609,2012-05-23,214.71,218.0004619009296,3.2904619009295857,-3.2904619009295857,4.384435860056229,5.248248822200026,0.04203999999999771,0.052239999999997296,True,True,213.61602604087335,223.24871072312962,9.632684682256269,True,0
1610,2012-05-24,216.98,214.69374727976617,-2.2862527202338185,2.2862527202338185,4.384435860056229,5.248248822200026,0.04204499999999771,0.052244999999997294,True,True,210.30931141970996,219.9419961019662,9.63268468225624,True,0
1611,2012-05-25,214.99,216.74491015987965,1.7549101598796426,-1.7549101598796426,4.384435860056229,5.248248822200026,0.04204999999999771,0.05224999999999729,True,True,212.3604742998234,221.99315898207968,9.632684682256269,True,0
1612,2012-05-29,214.3,214.91514678112108,0.6151467811210694,-0.6151467811210694,4.384435860056229,5.248248822200026,0.042054999999997705,0.05225499999999729,True,True,210.53071092106484,220.1633956033211,9.632684682256269,True,0
1613,2012-05-30,212.14,214.1804034353775,2.0404034353775273,-2.0404034353775273,4.384435860056229,5.248248822200026,0.0420599999999977,0.05225999999999729,True,True,209.7959675753213,219.42865225757754,9.63268468225624,True,0
1614,2012-05-31,209.48,212.07666207945246,2.5966620794524715,-2.5966620794524715,4.384435860056229,5.248248822200026,0.0420649999999977,0.052264999999997286,True,True,207.69222621939622,217.3249109016525,9.632684682256269,True,0
1615,2012-06-01,208.44,209.43864418461115,0.9986441846111518,-0.9986441846111518,4.384435860056229,5.248248822200026,0.0420699999999977,0.052269999999997284,True,True,205.0542083245549,214.68689300681118,9.632684682256269,True,0
1616,2012-06-04,207.4,208.33579974166972,0.9357997416697117,-0.9357997416697117,4.384435860056229,5.248248822200026,0.0420749999999977,0.05227499999999728,True,True,203.95136388161347,213.58404856386974,9.632684682256269,True,0
1617,2012-06-05,213.85,207.29377612974923,-6.556223870250761,6.556223870250761,4.353781422988106,5.248248822200026,0.042079999999997696,0.05227999999999728,True,False,202.93999470676113,212.54202495194926,9.602030245188132,False,1
1618,2012-06-06,214.63,213.4413589324937,-1.1886410675062962,1.1886410675062962,4.353781422988106,5.26363727038553,0.042084999999997694,0.05218499999999728,True,True,209.0875775095056,218.70499620287922,9.617418693373622,True,0
1619,2012-06-07,219.65,214.4386166598523,-5.211383340147705,5.211383340147705,4.353781422988106,5.26363727038553,0.04208999999999769,0.05218999999999728,True,True,210.0848352368642,219.70225393023782,9.617418693373622,True,0
1620,2012-06-08,218.61,219.29740734665626,0.6874073466562436,-0.6874073466562436,4.353781422988106,5.26363727038553,0.04209499999999769,0.05219499999999728,True,True,214.94362592366815,224.56104461704177,9.617418693373622,True,0
1621,2012-06-11,217.49,218.49493194508904,1.0049319450890266,-1.0049319450890266,4.353781422988106,5.26363727038553,0.04209999999999769,0.052199999999997276,True,True,214.14115052210093,223.75856921547455,9.617418693373622,True,0
1622,2012-06-12,217.65,217.38451744373512,-0.26548255626488526,0.26548255626488526,4.353781422988106,5.26363727038553,0.042104999999997686,0.052204999999997274,True,True,213.030736020747,222.64815471412066,9.61741869337365,True,0
1623,2012-06-13,215.52,217.49405623127097,1.9740562312709642,-1.9740562312709642,4.353781422988106,5.26363727038553,0.042109999999997684,0.05220999999999727,True,True,213.14027480828287,222.7576935016565,9.617418693373622,True,0
1624,2012-06-14,215.26,215.45312087853742,0.1931208785374281,-0.1931208785374281,4.353781422988106,5.26363727038553,0.04211499999999768,0.05221499999999727,True,True,211.0993394555493,220.71675814892296,9.61741869337365,True,0
1625,2012-06-15,215.29,215.12196927036837,-0.16803072963162435,0.16803072963162435,4.353781422988106,5.26363727038553,0.04211999999999768,0.05221999999999727,True,True,210.76818784738026,220.38560654075388,9.617418693373622,True,0
1626,2012-06-18,217.28,215.13853754304478,-2.1414624569552245,2.1414624569552245,4.353781422988106,5.26363727038553,0.04212499999999768,0.05222499999999727,True,True,210.78475612005667,220.4021748134303,9.617418693373622,True,0
1627,2012-06-19,223.26,217.05003948381025,-6.209960516189739,6.209960516189739,4.353781422988106,5.26363727038553,0.042129999999997676,0.052229999999997265,True,False,212.69625806082215,222.3136767541958,9.61741869337365,False,1
1628,2012-06-20,224.51,222.86765631922242,-1.6423436807775715,1.6423436807775715,4.353781422988106,5.59665441533582,0.042134999999997674,0.05213499999999727,True,True,218.5138748962343,228.46431073455824,9.950435838323926,True,0
1629,2012-06-21,223.84,224.30309370580792,0.4630937058079212,-0.4630937058079212,4.353781422988106,5.59665441533582,0.04213999999999767,0.052139999999997265,True,True,219.94931228281982,229.89974812114374,9.950435838323926,True,0
1630,2012-06-22,221.83,223.7136699019705,1.8836699019704781,-1.8836699019704781,4.353781422988106,5.59665441533582,0.04214499999999767,0.05214499999999726,True,True,219.35988847898238,229.3103243173063,9.950435838323926,True,0
1631,2012-06-25,220.3,221.75804776912452,1.458047769124505,-1.458047769124505,4.353781422988106,5.26363727038553,0.04214999999999767,0.05214999999999726,True,True,217.4042663461364,227.02168503951003,9.617418693373622,True,0
1632,2012-06-26,221.45,220.21073248789563,-1.2392675121043624,1.2392675121043624,4.353781422988106,5.26363727038553,0.04215499999999767,0.05215499999999726,True,True,215.85695106490752,225.47436975828117,9.61741869337365,True,0
1633,2012-06-27,225.01,221.25520382387592,-3.7547961761240742,3.7547961761240742,4.353781422988106,5.26363727038553,0.042159999999997665,0.05215999999999726,True,True,216.9014224008878,226.51884109426146,9.61741869337365,True,0
1634,2012-06-28,223.92,224.7165837084053,0.7965837084053078,-0.7965837084053078,4.353781422988106,5.26363727038553,0.04216499999999766,0.052164999999997255,True,True,220.3628022854172,229.98022097879084,9.61741869337365,True,0
1635,2012-06-29,224.7,223.80690964664933,-0.893090353350658,0.893090353350658,4.353781422988106,5.26363727038553,0.04216999999999766,0.05216999999999725,True,True,219.45312822366122,229.07054691703485,9.617418693373622,True,0
1636,2012-07-02,229.3,224.51930687510688,-4.7806931248931335,4.7806931248931335,4.353781422988106,5.26363727038553,0.04217499999999766,0.05217499999999725,True,True,220.16552545211877,229.78294414549242,9.61741869337365,True,0
1637,2012-07-03,229.14,228.96568506485346,-0.1743149351465263,0.1743149351465263,4.302029447972899,5.26363727038553,0.04217999999999766,0.05217999999999725,True,True,224.66365561688056,234.22932233523898,9.565666718358415,True,0
1638,2012-07-05,228.62,228.98921077393226,0.3692107739322523,-0.3692107739322523,4.302029447972899,5.26363727038553,0.042184999999997655,0.05218499999999725,True,True,224.68718132595936,234.25284804431777,9.565666718358415,True,0
1639,2012-07-06,226.35,228.48944263035304,2.139442630353045,-2.139442630353045,4.302029447972899,5.26363727038553,0.04218999999999765,0.052189999999997246,True,True,224.18741318238014,233.75307990073856,9.565666718358415,True,0
1640,2012-07-09,225.0,226.28785690018853,1.2878569001885296,-1.2878569001885296,4.302029447972899,5.26363727038553,0.04219499999999765,0.052194999999997244,True,True,221.98582745221563,231.55149417057407,9.565666718358443,True,0
1641,2012-07-10,226.25,224.90413632208356,-1.3458636779164408,1.3458636779164408,4.302029447972899,5.26363727038553,0.04219999999999765,0.05219999999999724,True,True,220.60210687411066,230.16777359246908,9.565666718358415,True,0
1642,2012-07-11,218.95,226.05129452823724,7.101294528237247,-7.101294528237247,4.302029447972899,5.26363727038553,0.04220499999999765,0.05220499999999724,False,True,221.74926508026434,231.31493179862275,9.565666718358415,False,1
1643,2012-07-12,216.61,219.07951919367056,2.46951919367055,-2.46951919367055,4.353781422988106,5.26363727038553,0.04210999999999765,0.05220999999999724,True,True,214.72573777068246,224.3431564640561,9.61741869337365,True,0
1644,2012-07-13,215.63,216.5583298140019,0.9283298140018985,-0.9283298140018985,4.353781422988106,5.26363727038553,0.04211499999999765,0.052214999999997236,True,True,212.2045483910138,221.82196708438744,9.61741869337365,True,0
1645,2012-07-16,216.6,215.5198911972356,-1.0801088027643857,1.0801088027643857,4.353781422988106,5.26363727038553,0.042119999999997645,0.052219999999997234,True,True,211.1661097742475,220.78352846762112,9.617418693373622,True,0
1646,2012-07-17,217.45,216.41234836389293,-1.0376516361070571,1.0376516361070571,4.353781422988106,5.26363727038553,0.042124999999997643,0.05222499999999723,True,True,212.05856694090483,221.67598563427845,9.617418693373622,True,0
1647,2012-07-18,216.15,217.26468077779666,1.11468077779665,-1.11468077779665,4.353781422988106,5.26363727038553,0.04212999999999764,0.05222999999999723,True,True,212.91089935480855,222.5283180481822,9.61741869337365,True,0
1648,2012-07-19,220.73,216.04879424734528,-4.681205752654705,4.681205752654705,4.353781422988106,5.248248822200026,0.04213499999999764,0.05223499999999723,True,True,211.69501282435718,221.2970430695453,9.602030245188132,True,0
1649,2012-07-20,225.36,220.39913807223232,-4.960861927767695,4.960861927767695,4.353781422988106,5.248248822200026,0.04213999999999764,0.052239999999997226,True,True,216.0453566492442,225.64738689443234,9.602030245188132,True,0
1650,2012-07-23,224.72,225.02091960300473,0.3009196030047292,-0.3009196030047292,4.353781422988106,5.248248822200026,0.042144999999997636,0.052244999999997224,True,True,220.66713818001662,230.26916842520475,9.602030245188132,True,0
1651,2012-07-24,226.27,224.58703259019515,-1.68296740980486,1.68296740980486,4.353781422988106,5.248248822200026,0.042149999999997634,0.05224999999999722,True,True,220.23325116720704,229.83528141239518,9.602030245188132,True,0
1652,2012-07-25,222.0,226.05833270322677,4.0583327032267675,-4.0583327032267675,4.353781422988106,5.248248822200026,0.04215499999999763,0.05225499999999722,True,True,221.70455128023866,231.3065815254268,9.602030245188132,True,0
1653,2012-07-26,220.0,222.01098232595834,2.010982325958338,-2.010982325958338,4.353781422988106,5.248248822200026,0.04215999999999763,0.05225999999999722,True,True,217.65720090297023,227.25923114815836,9.602030245188132,True,0
1654,2012-07-27,225.25,219.9302261232985,-5.319773876701504,5.319773876701504,4.353781422988106,5.248248822200026,0.04216499999999763,0.052264999999997216,True,False,215.5764447003104,225.17847494549852,9.602030245188132,False,1
1655,2012-07-30,237.0,224.89419193612613,-12.105808063873866,12.105808063873866,4.353781422988106,5.26363727038553,0.042169999999997626,0.05216999999999722,True,False,220.54041051313803,230.15782920651168,9.61741869337365,False,1
1656,2012-07-31,235.1,236.37923368142958,1.279233681429588,-1.279233681429588,4.353781422988106,5.319773876701504,0.042174999999997624,0.05207499999999722,True,True,232.02545225844148,241.6990075581311,9.67355529968961,True,0
1657,2012-08-01,234.14,234.9977123136195,0.8577123136195155,-0.8577123136195155,4.353781422988106,5.319773876701504,0.04217999999999762,0.05207999999999722,True,True,230.6439308906314,240.317486190321,9.67355529968961,True,0
1658,2012-08-02,230.56,234.02844535975456,3.468445359754554,-3.468445359754554,4.353781422988106,5.319773876701504,0.04218499999999762,0.05208499999999722,True,True,229.67466393676645,239.34821923645606,9.67355529968961,True,0
1659,2012-08-03,234.03,230.54511241278854,-3.4848875872114604,3.4848875872114604,4.353781422988106,5.319773876701504,0.04218999999999762,0.052089999999997215,True,True,226.19133098980043,235.86488628949004,9.67355529968961,True,0
1660,2012-08-06,235.56,233.75074310520208,-1.809256894797926,1.809256894797926,4.302029447972899,5.319773876701504,0.042194999999997616,0.05209499999999721,True,True,229.44871365722918,239.07051698190358,9.621803324674403,True,0
1661,2012-08-07,234.13,235.341783249407,1.2117832494070058,-1.2117832494070058,4.302029447972899,5.319773876701504,0.042199999999997614,0.05209999999999721,True,True,231.0397538014341,240.6615571261085,9.621803324674403,True,0
1662,2012-08-08,235.29,234.02919504172064,-1.2608049582793512,1.2608049582793512,4.302029447972899,5.319773876701504,0.04220499999999761,0.05210499999999721,True,True,229.72716559374774,239.34896891842214,9.621803324674403,True,0
1663,2012-08-09,233.93,235.09629588765074,1.1662958876507332,-1.1662958876507332,4.302029447972899,5.319773876701504,0.04220999999999761,0.05210999999999721,True,True,230.79426643967784,240.41606976435224,9.621803324674403,True,0
1664,2012-08-10,233.08,233.82733692138967,0.7473369213896603,-0.7473369213896603,4.302029447972899,5.319773876701504,0.04221499999999761,0.052114999999997205,True,True,229.52530747341677,239.14711079809118,9.621803324674403,True,0
1665,2012-08-13,232.23,232.96297407763345,0.7329740776334575,-0.7329740776334575,4.302029447972899,5.319773876701504,0.04221999999999761,0.0521199999999972,True,True,228.66094462966055,238.28274795433495,9.621803324674403,True,0
1666,2012-08-14,234.71,232.11178886284355,-2.5982111371564542,2.5982111371564542,4.302029447972899,5.319773876701504,0.042224999999997605,0.0521249999999972,True,True,227.80975941487065,237.43156273954506,9.621803324674403,True,0
1667,2012-08-15,232.26,234.46375832506052,2.2037583250605337,-2.2037583250605337,4.302029447972899,5.319773876701504,0.0422299999999976,0.0521299999999972,True,True,230.16172887708763,239.78353220176203,9.621803324674403,True,0
1668,2012-08-16,237.72,232.19605056930732,-5.5239494306926815,5.5239494306926815,4.302029447972899,5.319773876701504,0.0422349999999976,0.0521349999999972,True,False,227.89402112133442,237.51582444600882,9.621803324674403,False,1
1669,2012-08-17,240.6,237.35935837325914,-3.240641626740853,3.240641626740853,4.302029447972899,5.5239494306926815,0.0422399999999976,0.0520399999999972,True,True,233.05732892528624,242.88330780395182,9.82597887866558,True,0
1670,2012-08-20,241.37,240.32563297107708,-1.0443670289229203,1.0443670289229203,4.302029447972899,5.5239494306926815,0.0422449999999976,0.0520449999999972,True,True,236.02360352310419,245.84958240176977,9.82597887866558,True,0
1671,2012-08-21,240.88,241.1832147893522,0.3032147893522108,-0.3032147893522108,4.302029447972899,5.5239494306926815,0.042249999999997595,0.052049999999997196,True,True,236.8811853413793,246.7071642200449,9.82597887866558,True,0
1672,2012-08-22,239.4,240.74571791333744,1.3457179133374382,-1.3457179133374382,4.302029447972899,5.5239494306926815,0.04225499999999759,0.052054999999997194,True,True,236.44368846536454,246.26966734403013,9.82597887866558,True,0
1673,2012-08-23,242.14,239.3057157170387,-2.8342842829612778,2.8342842829612778,4.302029447972899,5.319773876701504,0.04225999999999759,0.05205999999999719,True,True,235.0036862690658,244.6254895937402,9.621803324674403,True,0
1674,2012-08-24,241.68,241.88567513624702,0.2056751362470095,-0.2056751362470095,4.302029447972899,5.319773876701504,0.04226499999999759,0.05206499999999719,True,True,237.58364568827412,247.20544901294852,9.621803324674403,True,0
1675,2012-08-27,245.79,241.54061893449392,-4.249381065506071,4.249381065506071,4.302029447972899,5.319773876701504,0.04226999999999759,0.05206999999999719,True,True,237.23858948652102,246.86039281119542,9.621803324674403,True,0
1676,2012-08-28,243.97,245.4808217596911,1.5108217596911118,-1.5108217596911118,4.302029447972899,5.319773876701504,0.042274999999997585,0.052074999999997186,True,True,241.1787923117182,250.80059563639261,9.621803324674403,True,0
1677,2012-08-29,246.78,243.88114088923535,-2.898859110764647,2.898859110764647,4.302029447972899,5.319773876701504,0.04227999999999758,0.052079999999997184,True,True,239.57911144126246,249.20091476593686,9.621803324674403,True,0
1678,2012-08-30,246.99,246.52371030812455,-0.46628969187545977,0.46628969187545977,4.302029447972899,5.319773876701504,0.04228499999999758,0.05208499999999718,True,True,242.22168086015165,251.84348418482605,9.621803324674403,True,0
1679,2012-08-31,248.07,246.82659152107104,-1.2434084789289557,1.2434084789289557,4.302029447972899,5.319773876701504,0.04228999999999758,0.05208999999999718,True,True,242.52456207309814,252.14636539777254,9.621803324674403,True,0
1680,2012-09-04,248.27,247.8778220028899,-0.39217799711011025,0.39217799711011025,4.28487787288131,5.319773876701504,0.04229499999999758,0.05209499999999718,True,True,243.5929441300086,253.1975958795914,9.604651749582814,True,0
1681,2012-09-05,247.61,248.11040216762504,0.5004021676250261,-0.5004021676250261,4.28487787288131,5.319773876701504,0.042299999999997576,0.052099999999997176,True,True,243.82552429474373,253.43017604432654,9.604651749582814,True,0
1682,2012-09-06,248.23,247.48482759305514,-0.745172406944846,0.745172406944846,4.28487787288131,5.319773876701504,0.042304999999997574,0.052104999999997174,True,True,243.19994972017383,252.80460146975665,9.604651749582814,True,0
1683,2012-09-07,253.85,248.05701584425057,-5.792984155749423,5.792984155749423,4.28487787288131,5.319773876701504,0.04230999999999757,0.05210999999999717,True,False,243.77213797136926,253.37678972095208,9.604651749582814,False,1
1684,2012-09-10,259.0,253.48141808529198,-5.518581914708022,5.518581914708022,4.28487787288131,5.5239494306926815,0.04231499999999757,0.052014999999997175,True,True,249.19654021241067,259.00536751598463,9.808827303573963,True,0
1685,2012-09-11,257.6,258.64493029385073,1.0449302938507117,-1.0449302938507117,4.28487787288131,5.5239494306926815,0.04231999999999757,0.05201999999999717,True,True,254.36005242096942,264.16887972454344,9.80882730357402,True,0
1686,2012-09-12,256.5,257.4976458076387,0.9976458076387189,-0.9976458076387189,4.28487787288131,5.5239494306926815,0.042324999999997566,0.05202499999999717,True,True,253.2127679347574,263.02159523833143,9.80882730357402,True,0
1687,2012-09-13,254.94,256.3975872208837,1.4575872208836813,-1.4575872208836813,4.28487787288131,5.5239494306926815,0.042329999999997564,0.05202999999999717,True,True,252.11270934800237,261.9215366515764,9.80882730357402,True,0
1688,2012-09-14,261.4,254.85359883047846,-6.546401169521516,6.546401169521516,4.28487787288131,5.5239494306926815,0.04233499999999756,0.05203499999999717,True,False,250.56872095759715,260.3775482611711,9.808827303573963,False,1
1689,2012-09-17,261.25,261.00699196547816,-0.24300803452183573,0.24300803452183573,4.28487787288131,5.59665441533582,0.04233999999999756,0.05193999999999717,True,True,256.7221140925968,266.603646380814,9.881532288217159,True,0
1690,2012-09-18,258.48,261.0980600143732,2.6180600143731567,-2.6180600143731567,4.28487787288131,5.59665441533582,0.04234499999999756,0.05194499999999717,True,True,256.8131821414919,266.694714429709,9.881532288217102,True,0
1691,2012-09-19,259.45,258.4397214841691,-1.010278515830862,1.010278515830862,4.28487787288131,5.59665441533582,0.042349999999997556,0.051949999999997165,True,True,254.15484361128782,264.03637589950495,9.88153228821713,True,0
1692,2012-09-20,260.03,259.27243105782804,-0.7575689421719289,0.7575689421719289,4.28487787288131,5.59665441533582,0.042354999999997554,0.05195499999999716,True,True,254.98755318494673,264.86908547316386,9.88153228821713,True,0
1693,2012-09-21,261.74,259.8596750972776,-1.880324902722407,1.880324902722407,4.28487787288131,5.59665441533582,0.04235999999999755,0.05195999999999716,True,True,255.5747972243963,265.4563295126134,9.88153228821713,True,0
1694,2012-09-24,255.22,261.5277343598265,6.307734359826526,-6.307734359826526,4.28487787288131,5.59665441533582,0.04236499999999755,0.05196499999999716,False,True,257.24285648694524,267.12438877516234,9.881532288217102,False,1
1695,2012-09-25,256.33,255.31606088224436,-1.0139391177556263,1.0139391177556263,4.302029447972899,5.5239494306926815,0.04226999999999755,0.05196999999999716,True,True,251.01403143427146,260.840010312937,9.825978878665552,True,0
1696,2012-09-26,252.4,256.1527917060897,3.7527917060897096,-3.7527917060897096,4.302029447972899,5.5239494306926815,0.04227499999999755,0.051974999999997155,True,True,251.85076225811682,261.6767411367824,9.825978878665609,True,0
1697,2012-09-27,250.54,252.398631946614,1.8586319466139969,-1.8586319466139969,4.302029447972899,5.5239494306926815,0.04227999999999755,0.051979999999997153,True,True,248.0966024986411,257.92258137730664,9.825978878665552,True,0
1698,2012-09-28,256.14,250.4679651346666,-5.672034865333387,5.672034865333387,4.302029447972899,5.5239494306926815,0.04228499999999755,0.05198499999999715,True,False,246.1659356866937,255.99191456535928,9.82597887866558,False,1
1699,2012-10-01,255.4,255.77639100181676,0.37639100181675644,-0.37639100181675644,4.302029447972899,5.59665441533582,0.042289999999997545,0.051889999999997154,True,True,251.47436155384386,261.3730454171526,9.898683863308719,True,0
1700,2012-10-02,252.8,255.2674080545404,2.4674080545403854,-2.4674080545403854,4.302029447972899,5.59665441533582,0.04229499999999754,0.05189499999999715,True,True,250.9653786065675,260.8640624698762,9.898683863308719,True,0
1701,2012-10-03,251.21,252.7516498921242,1.541649892124184,-1.541649892124184,4.302029447972899,5.59665441533582,0.04229999999999754,0.05189999999999715,True,True,248.4496204441513,258.34830430746,9.898683863308719,True,0
1702,2012-10-04,256.01,251.12631107904787,-4.883688920952125,4.883688920952125,4.302029447972899,5.59665441533582,0.04230499999999754,0.05190499999999715,True,True,246.82428163107497,256.7229654943837,9.898683863308719,True,0
1703,2012-10-05,261.2,255.67714812044917,-5.522851879550814,5.522851879550814,4.28487787288131,5.59665441533582,0.04230999999999754,0.051909999999997146,True,True,251.39227024756786,261.27380253578497,9.881532288217102,True,0
1704,2012-10-08,257.67,260.83889149559394,3.1688914955939254,-3.1688914955939254,4.28487787288131,5.59665441533582,0.042314999999997535,0.051914999999997144,True,True,256.55401362271266,266.43554591092976,9.881532288217102,True,0
1705,2012-10-09,258.67,257.64307196953814,-1.0269280304618746,1.0269280304618746,4.28487787288131,5.59665441533582,0.04231999999999753,0.05191999999999714,True,True,253.35819409665683,263.23972638487396,9.88153228821713,True,0
1706,2012-10-10,252.0,258.49231013868945,6.492310138689447,-6.492310138689447,4.28487787288131,5.59665441533582,0.04232499999999753,0.05192499999999714,False,True,254.20743226580814,264.08896455402527,9.88153228821713,False,1
1707,2012-10-11,248.0,252.10169756407083,4.101697564070832,-4.101697564070832,4.302029447972899,5.59665441533582,0.04222999999999753,0.05192999999999714,True,True,247.79966811609793,257.69835197940665,9.898683863308719,True,0
1708,2012-10-12,243.18,248.015604855255,4.835604855254985,-4.835604855254985,4.302029447972899,5.59665441533582,0.04223499999999753,0.051934999999997136,False,True,243.7135754072821,253.6122592705908,9.898683863308719,False,1
1709,2012-10-15,242.85,243.21648703960426,0.3664870396042659,-0.3664870396042659,4.384435860056229,5.59665441533582,0.042139999999997534,0.051939999999997134,True,True,238.83205117954805,248.81314145494008,9.981090275392035,True,0
1710,2012-10-16,244.87,242.71850650574066,-2.1514934942593413,2.1514934942593413,4.353781422988106,5.59665441533582,0.04214499999999753,0.05194499999999713,True,True,238.36472508275256,248.31516092107648,9.950435838323926,True,0
1711,2012-10-17,243.37,244.6400972444473,1.2700972444472995,-1.2700972444472995,4.353781422988106,5.59665441533582,0.04214999999999753,0.05194999999999713,True,True,240.2863158214592,250.23675165978312,9.950435838323926,True,0
1712,2012-10-18,247.77,243.26939818784774,-4.500601812152269,4.500601812152269,4.353781422988106,5.59665441533582,0.04215499999999753,0.05195499999999713,True,True,238.91561676485964,248.86605260318356,9.950435838323926,True,0
1713,2012-10-19,245.16,247.45033235490158,2.2903323549015795,-2.2903323549015795,4.353781422988106,5.59665441533582,0.042159999999997526,0.05195999999999713,True,True,243.09655093191347,253.0469867702374,9.950435838323926,True,0
1714,2012-10-22,238.81,245.09763290134867,6.2876329013486725,-6.2876329013486725,4.353781422988106,5.5239494306926815,0.042164999999997524,0.051964999999997125,False,True,240.74385147836057,250.62158233204136,9.877730853680788,False,1
1715,2012-10-23,231.05,238.90112317834553,7.851123178345517,-7.851123178345517,4.384435860056229,5.5239494306926815,0.042069999999997526,0.05196999999999712,False,True,234.5166873182893,244.4250726090382,9.908385290748896,False,1
1716,2012-10-24,235.88,231.19463347222958,-4.685366527770412,4.685366527770412,4.454095901180565,5.5239494306926815,0.04197499999999753,0.05197499999999712,True,True,226.740537571049,236.71858290292226,9.978045331873261,True,0
1717,2012-10-25,230.92,235.55908751878206,4.639087518782077,-4.639087518782077,4.400581239885014,5.5239494306926815,0.041979999999997526,0.05197999999999712,False,True,231.15850627889705,241.08303694947475,9.924530670577695,False,1
1718,2012-10-26,228.6,230.94525316319994,2.345253163199942,-2.345253163199942,4.459220870252864,5.5239494306926815,0.04188499999999753,0.05198499999999712,True,True,226.48603229294707,236.46920259389262,9.983170300945545,True,0
1719,2012-10-31,236.32,228.5448069520164,-7.775193047983606,7.775193047983606,4.459220870252864,5.5239494306926815,0.041889999999997526,0.051989999999997115,True,False,224.08558608176352,234.06875638270907,9.983170300945545,False,1
1720,2012-11-01,234.23,235.87096896164257,1.640968961642585,-1.640968961642585,4.454095901180565,5.59665441533582,0.041894999999997524,0.05189499999999712,True,True,231.41687306046202,241.4676233769784,10.050750316516371,True,0
1721,2012-11-02,234.01,234.1367028970551,0.12670289705511095,-0.12670289705511095,4.454095901180565,5.59665441533582,0.04189999999999752,0.051899999999997115,True,True,229.68260699587455,239.73335731239092,10.050750316516371,True,0
1722,2012-11-05,232.04,233.8698619935522,1.829861993552214,-1.829861993552214,4.454095901180565,5.59665441533582,0.04190499999999752,0.05190499999999711,True,True,229.41576609237165,239.46651640888803,10.050750316516371,True,0
1723,2012-11-06,235.41,231.96251164904294,-3.447488350957059,3.447488350957059,4.454095901180565,5.59665441533582,0.04190999999999752,0.05190999999999711,True,True,227.5084157478624,237.55916606437876,10.050750316516371,True,0
1724,2012-11-07,235.65,235.1298737833681,-0.5201262166318941,0.5201262166318941,4.454095901180565,5.59665441533582,0.04191499999999752,0.05191499999999711,True,True,230.67577788218756,240.72652819870393,10.050750316516371,True,0
1725,2012-11-08,232.22,235.47810866202153,3.2581086620215274,-3.2581086620215274,4.454095901180565,5.59665441533582,0.041919999999997515,0.05191999999999711,True,True,231.02401276084095,241.07476307735735,10.0507503165164,True,0
1726,2012-11-09,226.26,232.19723342307807,5.937233423078084,-5.937233423078084,4.454095901180565,5.59665441533582,0.04192499999999751,0.051924999999997105,False,True,227.7431375218975,237.7938878384139,10.0507503165164,False,1
1727,2012-11-12,226.59,226.34185603345603,-0.24814396654397797,0.24814396654397797,4.459220870252864,5.59665441533582,0.041829999999997515,0.051929999999997103,True,True,221.88263516320316,231.93851044879185,10.055875285588684,True,0
1728,2012-11-13,225.12,226.44052989358298,1.3205298935829717,-1.3205298935829717,4.459220870252864,5.59665441533582,0.04183499999999751,0.0519349999999971,True,True,221.9813090233301,232.0371843089188,10.055875285588684,True,0
1729,2012-11-14,226.5,225.02340013111214,-1.4765998688878597,1.4765998688878597,4.459220870252864,5.59665441533582,0.04183999999999751,0.0519399999999971,True,True,220.56417926085928,230.62005454644796,10.055875285588684,True,0
1730,2012-11-15,222.3,226.2983091175953,3.9983091175952836,-3.9983091175952836,4.459220870252864,5.59665441533582,0.04184499999999751,0.0519449999999971,True,True,221.83908824734243,231.89496353293111,10.055875285588684,True,0
1731,2012-11-16,221.31,222.30565694274037,0.9956569427403679,-0.9956569427403679,4.459220870252864,5.59665441533582,0.04184999999999751,0.051949999999997096,True,True,217.8464360724875,227.9023113580762,10.055875285588684,True,0
1732,2012-11-19,228.32,221.20753273725933,-7.112467262740665,7.112467262740665,4.459220870252864,5.59665441533582,0.041854999999997505,0.051954999999997094,True,False,216.74831186700646,226.80418715259515,10.055875285588684,False,1
1733,2012-11-20,230.0,227.89617531045448,-2.103824689545519,2.103824689545519,4.459220870252864,5.661814998372577,0.0418599999999975,0.051859999999997096,True,True,223.43695444020162,233.55799030882707,10.121035868625455,True,0
1734,2012-11-21,233.84,229.7611286937093,-4.078871306290694,4.078871306290694,4.459220870252864,5.661814998372577,0.0418649999999975,0.051864999999997094,True,True,225.30190782345645,235.4229436920819,10.121035868625455,True,0
1735,2012-11-23,239.89,233.53341744978752,-6.356582550212465,6.356582550212465,4.459220870252864,5.661814998372577,0.0418699999999975,0.05186999999999709,True,False,229.07419657953466,239.19523244816008,10.121035868625427,False,1
1736,2012-11-26,240.39,239.49290587508395,-0.8970941249160376,0.8970941249160376,4.459220870252864,5.664016231169953,0.0418749999999975,0.051774999999997094,True,True,235.03368500483109,245.1569221062539,10.123237101422802,True,0
1737,2012-11-27,243.22,240.20111868590922,-3.018881314090777,3.018881314090777,4.459220870252864,5.664016231169953,0.041879999999997496,0.05177999999999709,True,True,235.74189781565636,245.86513491707916,10.123237101422802,True,0
1738,2012-11-28,242.45,242.95563993717573,0.5056399371757436,-0.5056399371757436,4.459220870252864,5.664016231169953,0.041884999999997494,0.05178499999999709,True,True,238.49641906692287,248.61965616834567,10.123237101422802,True,0
1739,2012-11-29,248.05,242.31738378545083,-5.732616214549182,5.732616214549182,4.459220870252864,5.661814998372577,0.04188999999999749,0.05178999999999709,True,False,237.85816291519797,247.9791987838234,10.121035868625427,False,1
1740,2012-11-30,250.38,247.68128764945212,-2.698712350547879,2.698712350547879,4.459220870252864,5.672034865333387,0.04189499999999749,0.05169499999999709,True,True,243.22206677919925,253.3533225147855,10.131255735586251,True,0
1741,2012-12-03,252.54,250.12467016696328,-2.415329833036708,2.415329833036708,4.459220870252864,5.672034865333387,0.04189999999999749,0.05169999999999709,True,True,245.66544929671042,255.79670503229667,10.131255735586251,True,0
1742,2012-12-04,249.94,252.29854210260828,2.3585421026082827,-2.3585421026082827,4.459220870252864,5.664016231169953,0.041904999999997486,0.05170499999999709,True,True,247.83932123235542,257.96255833377825,10.12323710142283,True,0
1743,2012-12-05,252.44,249.8778510106536,-2.5621489893464116,2.5621489893464116,4.454095901180565,5.664016231169953,0.041909999999997484,0.051709999999997085,True,True,245.423755109473,255.54186724182352,10.118112132350518,True,0
1744,2012-12-06,253.0,252.19445818828572,-0.8055418117142779,0.8055418117142779,4.454095901180565,5.664016231169953,0.04191499999999748,0.05171499999999708,True,True,247.74036228710514,257.85847441945566,10.118112132350518,True,0
1745,2012-12-07,254.14,252.81868146581263,-1.3213185341873555,1.3213185341873555,4.454095901180565,5.664016231169953,0.04191999999999748,0.05171999999999708,True,True,248.36458556463208,258.4826976969826,10.118112132350518,True,0
1746,2012-12-10,253.1,253.94052658300205,0.8405265830020596,-0.8405265830020596,4.454095901180565,5.664016231169953,0.04192499999999748,0.05172499999999708,True,True,249.4864306818215,259.604542814172,10.118112132350518,True,0
1747,2012-12-11,248.5,252.9816702657787,4.481670265778689,-4.481670265778689,4.454095901180565,5.664016231169953,0.041929999999997476,0.05172999999999708,False,True,248.52757436459814,258.64568649694866,10.118112132350518,False,1
1748,2012-12-12,251.07,248.5179945047645,-2.5520054952355054,2.5520054952355054,4.459220870252864,5.664016231169953,0.04183499999999748,0.051734999999997075,True,True,244.05877363451162,254.18201073593445,10.12323710142283,True,0
1749,2012-12-13,251.11,250.82531286550923,-0.2846871344907811,0.2846871344907811,4.459220870252864,5.664016231169953,0.041839999999997476,0.05173999999999707,True,True,246.36609199525637,256.48932909667917,10.123237101422802,True,0
1750,2012-12-14,250.11,250.94761012980933,0.8376101298093204,-0.8376101298093204,4.459220870252864,5.664016231169953,0.041844999999997474,0.05174499999999707,True,True,246.48838925955647,256.6116263609793,10.12323710142283,True,0
1751,2012-12-17,249.81,249.99178462961925,0.18178462961924424,-0.18178462961924424,4.459220870252864,5.664016231169953,0.04184999999999747,0.05174999999999707,True,True,245.53256375936638,255.6558008607892,10.12323710142283,True,0
1752,2012-12-18,254.57,249.66734133076451,-4.902658669235478,4.902658669235478,4.459220870252864,5.664016231169953,0.04185499999999747,0.05175499999999707,True,True,245.20812046051165,255.33135756193445,10.123237101422802,True,0
1753,2012-12-19,261.3,254.23302045904404,-7.06697954095597,7.06697954095597,4.459220870252864,5.664016231169953,0.04185999999999747,0.051759999999997065,True,False,249.77379958879118,259.897036690214,10.12323710142283,False,1
1754,2012-12-20,258.36,260.8793378203207,2.519337820320686,-2.519337820320686,4.459220870252864,5.672034865333387,0.04186499999999747,0.05166499999999707,True,True,256.42011695006784,266.5513726856541,10.131255735586251,True,0
1755,2012-12-21,257.82,258.3003686097848,0.48036860978481855,-0.48036860978481855,4.459220870252864,5.672034865333387,0.041869999999997465,0.051669999999997065,True,True,253.84114773953195,263.9724034751182,10.131255735586251,True,0
1756,2012-12-24,257.3,257.6916140788021,0.39161407880209254,-0.39161407880209254,4.459220870252864,5.672034865333387,0.04187499999999746,0.051674999999997064,True,True,253.23239320854924,263.3636489441355,10.131255735586251,True,0
1757,2012-12-26,257.15,257.16537017493414,0.01537017493416215,-0.01537017493416215,4.459220870252864,5.672034865333387,0.04187999999999746,0.05167999999999706,True,True,252.70614930468128,262.8374050402675,10.131255735586251,True,0
1758,2012-12-27,248.28,257.00131187731074,8.72131187731074,-8.72131187731074,4.459220870252864,5.672034865333387,0.04188499999999746,0.05168499999999706,False,True,252.54209100705788,262.6733467426441,10.131255735586251,False,1
1759,2012-12-28,245.85,248.45221560390206,2.602215603902067,-2.602215603902067,4.481670265778689,5.672034865333387,0.04178999999999746,0.05168999999999706,True,True,243.97054533812337,254.12425046923545,10.153705131112076,True,0
1760,2012-12-31,243.75,245.80211423461222,2.052114234612219,-2.052114234612219,4.481670265778689,5.672034865333387,0.04179499999999746,0.051694999999997056,True,True,241.32044396883353,251.4741490999456,10.153705131112076,True,0
1761,2013-01-02,256.08,243.67605666484826,-12.403943335151723,12.403943335151723,4.481670265778689,5.672034865333387,0.04179999999999746,0.051699999999997054,True,False,239.19438639906957,249.34809153018165,10.153705131112076,False,1
1762,2013-01-03,257.27,255.4528694207951,-1.8171305792048713,1.8171305792048713,4.481670265778689,5.7241876473548245,0.041804999999997455,0.051604999999997056,True,True,250.97119915501642,261.1770570681499,10.205857913133485,True,0
1763,2013-01-04,257.58,257.0392809472698,-0.5407190527301964,0.5407190527301964,4.481670265778689,5.7241876473548245,0.04180999999999745,0.051609999999997054,True,True,252.5576106814911,262.7634685946246,10.205857913133514,True,0
1764,2013-01-07,262.97,257.4092251163109,-5.560774883689135,5.560774883689135,4.481670265778689,5.7241876473548245,0.04181499999999745,0.05161499999999705,True,True,252.9275548505322,263.1334127636657,10.205857913133514,True,0
1765,2013-01-08,267.07,262.6100158091672,-4.459984190832813,4.459984190832813,4.481670265778689,5.672034865333387,0.04181999999999745,0.05161999999999705,True,True,258.1283455433885,268.28205067450057,10.153705131112076,True,0
1766,2013-01-09,268.17,266.7496389155871,-1.4203610844128889,1.4203610844128889,4.481670265778689,5.672034865333387,0.04182499999999745,0.05162499999999705,True,True,262.26796864980844,272.4216737809205,10.153705131112076,True,0
1767,2013-01-10,268.54,267.96595998045154,-0.5740400195484767,0.5740400195484767,4.481670265778689,5.672034865333387,0.041829999999997446,0.051629999999997046,True,True,263.48428971467285,273.63799484578493,10.153705131112076,True,0
1768,2013-01-11,265.1,268.36968611998077,3.269686119980747,-3.269686119980747,4.481670265778689,5.672034865333387,0.041834999999997444,0.051634999999997044,True,True,263.8880158542021,274.04172098531416,10.153705131112076,True,0
1769,2013-01-14,268.0,265.07079071437556,-2.929209285624438,2.929209285624438,4.481670265778689,5.672034865333387,0.04183999999999744,0.05163999999999704,True,True,260.5891204485969,270.74282557970895,10.153705131112076,True,0
1770,2013-01-15,270.68,267.744172863031,-2.93582713696901,2.93582713696901,4.459220870252864,5.672034865333387,0.04184499999999744,0.05164499999999704,True,True,263.28495199277813,273.4162077283644,10.131255735586251,True,0
1771,2013-01-16,270.53,270.4195428899665,-0.11045711003345104,0.11045711003345104,4.459220870252864,5.672034865333387,0.04184999999999744,0.05164999999999704,True,True,265.96032201971366,276.0915777552999,10.131255735586251,True,0
1772,2013-01-17,271.5,270.37567563684735,-1.1243243631526525,1.1243243631526525,4.459220870252864,5.672034865333387,0.041854999999997436,0.05165499999999704,True,True,265.9164547665945,276.04771050218073,10.131255735586251,True,0
1773,2013-01-18,270.83,271.3105729560606,0.48057295606059824,-0.48057295606059824,4.459220870252864,5.672034865333387,0.041859999999997434,0.051659999999997035,True,True,266.8513520858077,276.98260782139397,10.131255735586251,True,0
1774,2013-01-22,271.62,270.6987787695445,-0.921221230455501,0.921221230455501,4.459220870252864,5.672034865333387,0.04186499999999743,0.05166499999999703,True,True,266.23955789929164,276.3708136348779,10.131255735586251,True,0
1775,2013-01-23,270.57,271.438280444503,0.8682804445030001,-0.8682804445030001,4.459220870252864,5.672034865333387,0.04186999999999743,0.05166999999999703,True,True,266.97905957425013,277.1103153098364,10.131255735586251,True,0
1776,2013-01-24,269.37,270.4530142970503,1.0830142970502834,-1.0830142970502834,4.459220870252864,5.672034865333387,0.04187499999999743,0.05167499999999703,True,True,265.9937934267974,276.1250491623837,10.131255735586251,True,0
1777,2013-01-25,275.0,269.26207301530997,-5.737926984690034,5.737926984690034,4.459220870252864,5.672034865333387,0.041879999999997426,0.05167999999999703,True,False,264.8028521450571,274.93410788064335,10.131255735586251,False,1
1778,2013-01-28,283.78,274.638090524655,-9.14190947534496,9.14190947534496,4.459220870252864,5.7241876473548245,0.041884999999997424,0.05158499999999703,True,False,270.17886965440215,280.36227817200984,10.183408517607688,False,1
1779,2013-01-29,275.35,283.2889075902929,7.938907590292899,-7.938907590292899,4.459220870252864,5.732616214549182,0.04188999999999742,0.05148999999999703,False,True,278.82968672004006,289.0215238048421,10.191837084802046,False,1
1780,2013-01-30,283.0,275.4840006440527,-7.515999355947315,7.515999355947315,4.481670265778689,5.732616214549182,0.041794999999997424,0.05149499999999703,True,False,271.002330378274,281.21661685860187,10.214286480327871,False,1
1781,2013-01-31,271.04,282.57511699579123,11.535116995791213,-11.535116995791213,4.481670265778689,5.737926984690034,0.04179999999999742,0.05139999999999703,False,True,278.09344673001254,288.31304398048127,10.219597250468723,False,1
1782,2013-02-01,268.93,271.328378780986,2.398378780985979,-2.398378780985979,4.483608339694882,5.737926984690034,0.041704999999997425,0.05140499999999703,True,True,266.8447704412911,277.066305765676,10.221535324384945,True,0
1783,2013-02-04,262.78,268.8724083931471,6.092408393147139,-6.092408393147139,4.483608339694882,5.737926984690034,0.04170999999999742,0.05140999999999703,False,True,264.3888000534522,274.61033537783715,10.221535324384945,False,1
1784,2013-02-05,262.0,262.85668194118506,0.8566819411850588,-0.8566819411850588,4.504450182664215,5.737926984690034,0.041614999999997425,0.051414999999997026,True,True,258.3522317585208,268.5946089258751,10.242377167354277,True,0
1785,2013-02-06,265.16,261.87647317218045,-3.2835268278195713,3.2835268278195713,4.504450182664215,5.737926984690034,0.04161999999999742,0.051419999999997024,True,True,257.37202298951627,267.6144001568705,10.24237716735422,True,0
1786,2013-02-07,264.1,264.8817180110344,0.7817180110343998,-0.7817180110343998,4.504450182664215,5.737926984690034,0.04162499999999742,0.05142499999999702,True,True,260.37726782837024,270.61964499572446,10.24237716735422,True,0
1787,2013-02-08,261.4,263.97976111217304,2.5797611121730597,-2.5797611121730597,4.504450182664215,5.737926984690034,0.04162999999999742,0.05142999999999702,True,True,259.47531092950885,269.71768809686307,10.24237716735422,True,0
1788,2013-02-11,263.2,261.3457640767164,-1.854235923283568,1.854235923283568,4.504450182664215,5.737926984690034,0.04163499999999742,0.05143499999999702,True,True,256.8413138940522,267.08369106140645,10.242377167354277,True,0
1789,2013-02-12,259.19,262.9758057985828,3.785805798582828,-3.785805798582828,4.504450182664215,5.737926984690034,0.041639999999997415,0.051439999999997016,True,True,258.4713556159186,268.71373278327286,10.242377167354277,True,0
1790,2013-02-13,261.53,259.18257124708936,-2.3474287529106164,2.3474287529106164,4.504450182664215,5.732616214549182,0.04164499999999741,0.051444999999997014,True,True,254.67812106442514,264.91518746163854,10.237066397213397,True,0
1791,2013-02-14,267.37,261.2850640687381,-6.084935931261896,6.084935931261896,4.504450182664215,5.732616214549182,0.04164999999999741,0.05144999999999701,True,False,256.78061388607387,267.0176802832873,10.237066397213425,False,1
1792,2013-02-15,267.63,266.98336136391487,-0.6466386360851288,0.6466386360851288,4.504450182664215,5.7858225314715455,0.04165499999999741,0.051354999999997014,True,True,262.4789111812506,272.7691838953864,10.290272714135767,True,0
1793,2013-02-19,265.91,267.4556775171936,1.5456775171935533,-1.5456775171935533,4.504450182664215,5.737926984690034,0.04165999999999741,0.05135999999999701,True,True,262.95122733452934,273.1936045018836,10.242377167354277,True,0
1794,2013-02-20,270.2,265.8175731383787,-4.382426861621298,4.382426861621298,4.504450182664215,5.737926984690034,0.041664999999997405,0.05136499999999701,True,True,261.31312295571445,271.5555001230687,10.242377167354277,True,0
1795,2013-02-21,265.12,269.87917868878475,4.759178688784743,-4.759178688784743,4.504450182664215,5.737926984690034,0.041669999999997404,0.05136999999999701,False,True,265.3747285061205,275.6171056734748,10.242377167354277,False,1
1796,2013-02-22,266.62,265.15116958998857,-1.468830410011435,1.468830410011435,4.530293486530809,5.737926984690034,0.041574999999997406,0.051374999999997006,True,True,260.62087610345776,270.8890965746786,10.268220471220843,True,0
1797,2013-02-25,266.94,266.4096198182646,-0.5303801817353815,0.5303801817353815,4.530293486530809,5.737926984690034,0.041579999999997404,0.051379999999997004,True,True,261.8793263317338,272.14754680295465,10.268220471220843,True,0
1798,2013-02-26,260.89,266.7680222887985,5.8780222887984905,-5.8780222887984905,4.530293486530809,5.737926984690034,0.0415849999999974,0.051384999999997,False,True,262.23772880226767,272.5059492734885,10.268220471220843,False,1
1799,2013-02-27,259.4,260.96218381255727,1.5621838125572935,-1.5621838125572935,4.543449545106583,5.737926984690034,0.041489999999997404,0.051389999999997,True,True,256.4187342674507,266.7001107972473,10.281376529796603,True,0
1800,2013-02-28,261.81,259.3056114558444,-2.5043885441555744,2.5043885441555744,4.543449545106583,5.737926984690034,0.0414949999999974,0.051394999999997,True,True,254.76216191073786,265.04353844053446,10.281376529796603,True,0
1801,2013-03-01,263.27,261.55988709798515,-1.7101129020148278,1.7101129020148278,4.543449545106583,5.737926984690034,0.0414999999999974,0.051399999999997,True,True,257.0164375528786,267.2978140826752,10.281376529796603,True,0
1802,2013-03-04,265.36,263.0514869463695,-2.30851305363052,2.30851305363052,4.543449545106583,5.737926984690034,0.0415049999999974,0.051404999999996995,True,True,258.5080374012629,268.7894139310595,10.281376529796603,True,0
1803,2013-03-05,274.0,265.1186657686148,-8.88133423138521,8.88133423138521,4.543449545106583,5.737926984690034,0.041509999999997396,0.05140999999999699,True,False,260.5752162235082,270.8565927533048,10.281376529796603,False,1
1804,2013-03-06,275.76,273.5034686095035,-2.256531390496491,2.256531390496491,4.543449545106583,5.7858225314715455,0.041514999999997394,0.051314999999996995,True,True,268.96001906439693,279.289291140975,10.329272076578093,True,0
1805,2013-03-07,274.1,275.5252806567825,1.4252806567824905,-1.4252806567824905,4.543449545106583,5.7858225314715455,0.04151999999999739,0.05131999999999699,True,True,270.98183111167594,281.31110318825404,10.329272076578093,True,0
1806,2013-03-08,275.0,274.0037644107096,-0.9962355892903929,0.9962355892903929,4.543449545106583,5.7858225314715455,0.04152499999999739,0.05132499999999699,True,True,269.46031486560304,279.78958694218113,10.329272076578093,True,0
1807,2013-03-11,273.43,274.81062437418313,1.3806243741831281,-1.3806243741831281,4.530293486530809,5.7858225314715455,0.04152999999999739,0.05132999999999699,True,True,270.2803308876523,280.59644690565466,10.316116018002333,True,0
1808,2013-03-12,271.0,273.3311999712734,2.3311999712734064,-2.3311999712734064,4.530293486530809,5.7858225314715455,0.041534999999997387,0.05133499999999699,True,True,268.8009064847426,279.11702250274493,10.316116018002333,True,0
1809,2013-03-13,275.24,270.9362397066066,-4.303760293393395,4.303760293393395,4.530293486530809,5.7858225314715455,0.041539999999997385,0.051339999999996985,True,True,266.4059462200758,276.72206223807814,10.316116018002333,True,0
1810,2013-03-14,269.67,274.9223882482173,5.252388248217301,-5.252388248217301,4.530293486530809,5.7858225314715455,0.04154499999999738,0.05134499999999698,False,True,270.3920947616865,280.70821077968884,10.316116018002333,False,1
1811,2013-03-15,264.98,269.718648175528,4.738648175527999,-4.738648175527999,4.543449545106583,5.7858225314715455,0.041449999999997385,0.05134999999999698,False,True,265.17519863042145,275.50447070699954,10.329272076578093,False,1
1812,2013-03-18,259.3,265.00611000769396,5.706110007693951,-5.706110007693951,4.639087518782077,5.737926984690034,0.04135499999999739,0.05135499999999698,False,True,260.36702248891186,270.744036992384,10.37701450347214,False,1
1813,2013-03-19,258.4,259.35831504158506,0.958315041585081,-0.958315041585081,4.692270027240724,5.737926984690034,0.04125999999999739,0.05135999999999698,True,True,254.66604501434432,265.0962420262751,10.430197011930773,True,0
1814,2013-03-20,258.05,258.2798593937486,0.22985939374859754,-0.22985939374859754,4.692270027240724,5.737926984690034,0.04126499999999739,0.051364999999996976,True,True,253.58758936650787,264.01778637843864,10.430197011930773,True,0
1815,2013-03-21,256.11,257.9043137576814,1.7943137576813797,-1.7943137576813797,4.692270027240724,5.737926984690034,0.041269999999997385,0.051369999999996974,True,True,253.21204373044066,263.6422407423714,10.430197011930773,True,0
1816,2013-03-22,254.55,256.02379981181565,1.4737998118156383,-1.4737998118156383,4.692270027240724,5.737926984690034,0.04127499999999738,0.05137499999999697,True,True,251.3315297845749,261.7617267965057,10.430197011930773,True,0
1817,2013-03-25,258.58,254.4510789230513,-4.1289210769486715,4.1289210769486715,4.692270027240724,5.737926984690034,0.04127999999999738,0.05137999999999697,True,True,249.7588088958106,260.1890059077414,10.430197011930773,True,0
1818,2013-03-26,257.05,258.2677770556768,1.2177770556767769,-1.2177770556767769,4.639087518782077,5.737926984690034,0.04128499999999738,0.05138499999999697,True,True,253.6286895368947,264.0057040403668,10.377014503472111,True,0
1819,2013-03-27,258.75,256.94388069113285,-1.806119308867153,1.806119308867153,4.639087518782077,5.737926984690034,0.04128999999999738,0.051389999999996966,True,True,252.30479317235077,262.6818076758229,10.377014503472111,True,0
1820,2013-03-28,265.82,258.52668858805316,-7.293311411946831,7.293311411946831,4.639087518782077,5.737926984690034,0.041294999999997375,0.051394999999996964,True,False,253.88760106927108,264.2646155727432,10.377014503472111,False,1
1821,2013-04-01,266.98,265.38657535693966,-1.5934246430603594,1.5934246430603594,4.639087518782077,5.7858225314715455,0.041299999999997374,0.051299999999996966,True,True,260.74748783815755,271.1723978884112,10.42491005025363,True,0
1822,2013-04-02,262.4,266.7682866428716,4.368286642871624,-4.368286642871624,4.639087518782077,5.7858225314715455,0.04130499999999737,0.051304999999996964,True,True,262.1291991240895,272.5541091743431,10.42491005025363,True,0
1823,2013-04-03,262.12,262.4100077738699,0.2900077738698883,-0.2900077738698883,4.639087518782077,5.7858225314715455,0.04130999999999737,0.05130999999999696,True,True,257.77092025508784,268.1958303053414,10.424910050253573,True,0
1824,2013-04-04,259.23,261.9764909754755,2.746490975475467,-2.746490975475467,4.639087518782077,5.7858225314715455,0.04131499999999737,0.05131499999999696,True,True,257.33740345669344,267.762313506947,10.424910050253573,True,0
1825,2013-04-05,255.72,259.1787166826172,3.458716682617222,-3.458716682617222,4.639087518782077,5.7858225314715455,0.041319999999997366,0.05131999999999696,True,True,254.53962916383514,264.96453921408875,10.424910050253601,True,0
1826,2013-04-08,255.92,255.69479132638583,-0.22520867361416208,0.22520867361416208,4.639087518782077,5.7858225314715455,0.041324999999997364,0.051324999999996956,True,True,251.05570380760375,261.48061385785735,10.424910050253601,True,0
1827,2013-04-09,258.85,255.75665220009307,-3.093347799906951,3.093347799906951,4.639087518782077,5.7858225314715455,0.04132999999999736,0.051329999999996954,True,True,251.117564681311,261.5424747315646,10.424910050253601,True,0
1828,2013-04-10,261.78,258.5783366630822,-3.201663336917761,3.201663336917761,4.639087518782077,5.7858225314715455,0.04133499999999736,0.05133499999999695,True,True,253.93924914430013,264.36415919455374,10.424910050253601,True,0
1829,2013-04-11,264.74,261.50466425562803,-3.23533574437198,3.23533574437198,4.639087518782077,5.7858225314715455,0.04133999999999736,0.05133999999999695,True,True,256.8655767368459,267.29048678709955,10.42491005025363,True,0
1830,2013-04-12,270.12,264.46393824093195,-5.656061759068052,5.656061759068052,4.639087518782077,5.7858225314715455,0.041344999999997356,0.05134499999999695,True,True,259.8248507221499,270.2497607724035,10.424910050253573,True,0
1831,2013-04-15,271.08,269.7531140587842,-1.326885941215778,1.326885941215778,4.639087518782077,5.7858225314715455,0.041349999999997354,0.05134999999999695,True,True,265.1140265400021,275.53893659025573,10.42491005025363,True,0
1832,2013-04-16,269.31,270.87781844986495,1.5678184498649443,-1.5678184498649443,4.639087518782077,5.737926984690034,0.04135499999999735,0.051354999999996945,True,True,266.23873093108284,276.615745434555,10.37701450347214,True,0
1833,2013-04-17,270.8,269.21397339164486,-1.586026608355155,1.586026608355155,4.639087518782077,5.737926984690034,0.04135999999999735,0.05135999999999694,True,True,264.57488587286275,274.9519003763349,10.37701450347214,True,0
1834,2013-04-18,266.81,270.5854977033803,3.7754977033803243,-3.7754977033803243,4.639087518782077,5.737926984690034,0.04136499999999735,0.05136499999999694,True,True,265.9464101845982,276.32342468807036,10.37701450347214,True,0
1835,2013-04-19,258.16,266.7955174214512,8.635517421451198,-8.635517421451198,4.639087518782077,5.737926984690034,0.041369999999997346,0.05136999999999694,False,True,262.1564299026692,272.53344440614126,10.377014503472083,False,1
1836,2013-04-22,259.35,258.31857287598126,-1.0314271240187622,1.0314271240187622,4.692270027240724,5.737926984690034,0.04127499999999735,0.05137499999999694,True,True,253.62630284874052,264.0564998606713,10.430197011930773,True,0
1837,2013-04-23,264.5,259.15481498347134,-5.34518501652866,5.34518501652866,4.692270027240724,5.737926984690034,0.04127999999999735,0.051379999999996935,True,True,254.4625449562306,264.8927419681614,10.430197011930773,True,0
1838,2013-04-24,269.5,264.1439394137409,-5.356060586259105,5.356060586259105,4.692270027240724,5.737926984690034,0.041284999999997345,0.05138499999999693,True,True,259.45166938650016,269.88186639843093,10.430197011930773,True,0
1839,2013-04-25,271.53,269.14440490134604,-2.385595098653937,2.385595098653937,4.692270027240724,5.737926984690034,0.04128999999999734,0.05138999999999693,True,True,264.4521348741053,274.88233188603607,10.430197011930773,True,0
1840,2013-04-26,269.97,271.28634716097366,1.3163471609736348,-1.3163471609736348,4.692270027240724,5.737926984690034,0.04129499999999734,0.05139499999999693,True,True,266.5940771337329,277.0242741456637,10.430197011930773,True,0
1841,2013-04-29,254.9,269.86254437409934,14.962544374099338,-14.962544374099338,4.692270027240724,5.737926984690034,0.04129999999999734,0.05139999999999693,False,True,265.1702743468586,275.6004713587894,10.430197011930773,False,1
1842,2013-04-30,249.37,255.27610438362981,5.90610438362981,-5.90610438362981,4.737598771371339,5.737926984690034,0.04120499999999734,0.051404999999996925,False,True,250.53850561225846,261.0140313683198,10.475525756061359,False,1
1843,2013-05-01,253.9,249.42781161410304,-4.47218838589697,4.47218838589697,4.738648175527999,5.737926984690034,0.04110999999999734,0.05140999999999692,True,True,244.68916343857504,255.16573859879307,10.476575160218033,True,0
1844,2013-05-02,248.94,253.58861297306183,4.64861297306183,-4.64861297306183,4.738648175527999,5.737926984690034,0.04111499999999734,0.05141499999999692,True,True,248.84996479753383,259.32653995775183,10.476575160218005,True,0
1845,2013-05-03,256.14,248.94802675385662,-7.1919732461433625,7.1919732461433625,4.738648175527999,5.737926984690034,0.04111999999999734,0.05141999999999692,True,False,244.20937857832863,254.68595373854666,10.476575160218033,False,1
1846,2013-05-06,258.09,255.72154188244582,-2.3684581175541553,2.3684581175541553,4.738648175527999,5.7858225314715455,0.04112499999999734,0.05132499999999692,True,True,250.98289370691782,261.50736441391734,10.524470706999523,True,0
1847,2013-05-07,256.31,257.8433665753412,1.5333665753411765,-1.5333665753411765,4.738648175527999,5.7858225314715455,0.041129999999997335,0.05132999999999692,True,True,253.10471839981318,263.6291891068127,10.524470706999523,True,0
1848,2013-05-08,256.87,256.2089752945113,-0.6610247054887282,0.6610247054887282,4.738648175527999,5.7858225314715455,0.04113499999999733,0.05133499999999692,True,True,251.47032711898328,261.9947978259828,10.524470706999523,True,0
1849,2013-05-09,258.73,256.691562524787,-2.0384374752130157,2.0384374752130157,4.737598771371339,5.7858225314715455,0.04113999999999733,0.051339999999996916,True,True,251.95396375341568,262.4773850562585,10.523421302842848,True,0
1850,2013-05-10,260.88,258.49918093936196,-2.380819060638032,2.380819060638032,4.737598771371339,5.7858225314715455,0.04114499999999733,0.051344999999996914,True,True,253.76158216799064,264.2850034708335,10.523421302842848,True,0
1851,2013-05-13,262.77,260.635671518117,-2.13432848188296,2.13432848188296,4.737598771371339,5.7858225314715455,0.04114999999999733,0.05134999999999691,True,True,255.8980727467457,266.42149404958855,10.523421302842848,True,0
1852,2013-05-14,264.5,262.5344787446255,-1.9655212553744832,1.9655212553744832,4.737598771371339,5.737926984690034,0.041154999999997326,0.05135499999999691,True,True,257.7968799732542,268.27240572931555,10.475525756061359,True,0
1853,2013-05-15,267.07,264.2707695564063,-2.7992304435936717,2.7992304435936717,4.737598771371339,5.737926984690034,0.041159999999997324,0.05135999999999691,True,True,259.533170785035,270.00869654109636,10.475525756061359,True,0
1854,2013-05-16,265.96,266.8104255422461,0.8504255422461142,-0.8504255422461142,4.737598771371339,5.737926984690034,0.04116499999999732,0.051364999999996906,True,True,262.07282677087477,272.5483525269361,10.475525756061359,True,0
1855,2013-05-17,265.83,265.8322306900394,0.0022306900394255536,-0.0022306900394255536,4.737598771371339,5.737926984690034,0.04116999999999732,0.051369999999996904,True,True,261.0946319186681,271.57015767472944,10.475525756061359,True,0
1856,2013-05-20,269.0,265.67388123276874,-3.3261187672312644,3.3261187672312644,4.737598771371339,5.737926984690034,0.04117499999999732,0.0513749999999969,True,True,260.9362824613974,271.41180821745877,10.475525756061359,True,0
1857,2013-05-21,268.74,268.721851561686,-0.01814843831402868,0.01814843831402868,4.737598771371339,5.737926984690034,0.041179999999997316,0.0513799999999969,True,True,263.98425279031466,274.459778546376,10.475525756061359,True,0
1858,2013-05-22,267.39,268.58007041784975,1.1900704178497676,-1.1900704178497676,4.737598771371339,5.737926984690034,0.041184999999997314,0.0513849999999969,True,True,263.84247164647843,274.3179974025398,10.475525756061359,True,0
1859,2013-05-23,260.49,267.2761297217407,6.786129721740679,-6.786129721740679,4.737598771371339,5.737926984690034,0.04118999999999731,0.051389999999996896,False,True,262.53853095036936,273.0140567064307,10.475525756061359,False,1
1860,2013-05-24,259.85,260.5756744527149,0.725674452714884,-0.725674452714884,4.738648175527999,5.737926984690034,0.041094999999997314,0.051394999999996895,True,True,255.8370262771869,266.31360143740494,10.476575160218033,True,0
1861,2013-05-28,266.48,259.72371573147655,-6.756284268523473,6.756284268523473,4.738648175527999,5.737926984690034,0.04109999999999731,0.05139999999999689,True,False,254.98506755594855,265.4616427161666,10.476575160218033,False,1
1862,2013-05-29,265.46,266.07626975975467,0.6162697597546867,-0.6162697597546867,4.738648175527999,5.7858225314715455,0.04110499999999731,0.051304999999996895,True,True,261.33762158422667,271.8620922912262,10.524470706999523,True,0
1863,2013-05-30,265.71,265.31754036760725,-0.39245963239272896,0.39245963239272896,4.738648175527999,5.7858225314715455,0.04110999999999731,0.05130999999999689,True,True,260.57889219207925,271.1033628990788,10.524470706999523,True,0
1864,2013-05-31,266.0,265.54022228999395,-0.45977771000605117,0.45977771000605117,4.738648175527999,5.7858225314715455,0.041114999999997306,0.05131499999999689,True,True,260.80157411446595,271.3260448214655,10.524470706999523,True,0
1865,2013-06-03,265.38,265.82570839709496,0.44570839709496113,-0.44570839709496113,4.738648175527999,5.7858225314715455,0.041119999999997305,0.05131999999999689,True,True,261.08706022156696,271.6115309285665,10.524470706999523,True,0
1866,2013-06-04,267.0,265.2385074233216,-1.7614925766783927,1.7614925766783927,4.738648175527999,5.7858225314715455,0.0411249999999973,0.05132499999999689,True,True,260.4998592477936,271.02432995479313,10.524470706999523,True,0
1867,2013-06-05,265.81,266.77943998823076,0.9694399882307607,-0.9694399882307607,4.738648175527999,5.7858225314715455,0.0411299999999973,0.051329999999996885,True,True,262.04079181270276,272.5652625197023,10.524470706999523,True,0
1868,2013-06-06,267.75,265.68582403891816,-2.064175961081844,2.064175961081844,4.738648175527999,5.7858225314715455,0.0411349999999973,0.05133499999999688,True,True,260.94717586339016,271.4716465703897,10.524470706999523,True,0
1869,2013-06-07,269.74,267.51894393999305,-2.2210560600069584,2.2210560600069584,4.738648175527999,5.7858225314715455,0.0411399999999973,0.05133999999999688,True,True,262.78029576446505,273.3047664714646,10.524470706999523,True,0
1870,2013-06-10,276.68,269.4995488261635,-7.180451173836502,7.180451173836502,4.738648175527999,5.7858225314715455,0.041144999999997295,0.05134499999999688,True,False,264.7609006506355,275.28537135763503,10.524470706999523,False,1
1871,2013-06-11,276.0,276.2585069337593,0.2585069337592927,-0.2585069337592927,4.738648175527999,5.792984155749423,0.04114999999999729,0.05124999999999688,True,True,271.5198587582313,282.0514910895087,10.531632331277422,True,0
1872,2013-06-12,276.6,275.8447139446412,-0.7552860553587948,0.7552860553587948,4.737598771371339,5.792984155749423,0.04115499999999729,0.05125499999999688,True,True,271.1071151732699,281.63769810039065,10.530582927120747,True,0
1873,2013-06-13,271.5,276.4159810706713,4.915981070671307,-4.915981070671307,4.737598771371339,5.792984155749423,0.04115999999999729,0.05125999999999688,False,True,271.6783822993,282.20896522642073,10.530582927120747,False,1
1874,2013-06-14,275.0,271.51692884964604,-3.4830711503539646,3.4830711503539646,4.747800207663346,5.7858225314715455,0.04106499999999729,0.051264999999996876,True,True,266.76912864198266,277.30275138111756,10.533622739134898,True,0
1875,2013-06-17,276.35,274.71950843552224,-1.6304915644777793,1.6304915644777793,4.747800207663346,5.7858225314715455,0.04106999999999729,0.051269999999996874,True,True,269.9717082278589,280.50533096699377,10.533622739134842,True,0
1876,2013-06-18,279.08,276.1290193116196,-2.9509806883804117,2.9509806883804117,4.738648175527999,5.7858225314715455,0.04107499999999729,0.05127499999999687,True,True,271.3903711360916,281.9148418430911,10.524470706999523,True,0
1877,2013-06-19,281.26,278.81388635677024,-2.446113643229751,2.446113643229751,4.738648175527999,5.7858225314715455,0.041079999999997285,0.05127999999999687,True,True,274.07523818124224,284.59970888824176,10.524470706999523,True,0
1878,2013-06-20,275.14,281.0112064014752,5.871206401475206,-5.871206401475206,4.738648175527999,5.7858225314715455,0.04108499999999728,0.05128499999999687,False,True,276.2725582259472,286.7970289329467,10.524470706999523,False,1
1879,2013-06-21,274.57,275.19004667634766,0.6200466763476697,-0.6200466763476697,4.759178688784743,5.7858225314715455,0.040989999999997286,0.051289999999996866,True,True,270.4308679875629,280.9758692078192,10.545001220256268,True,0
1880,2013-06-24,271.29,274.4400594436882,3.1500594436881784,-3.1500594436881784,4.747800207663346,5.7858225314715455,0.040994999999997284,0.051294999999996864,True,True,269.6922592360248,280.2258819751597,10.533622739134898,True,0
1881,2013-06-25,272.3,271.2446947669548,-1.0553052330452033,1.0553052330452033,4.747800207663346,5.7858225314715455,0.04099999999999728,0.05129999999999686,True,True,266.4968945592915,277.03051729842633,10.533622739134842,True,0
1882,2013-06-26,273.98,272.10593712002174,-1.8740628799782826,1.8740628799782826,4.747800207663346,5.7858225314715455,0.04100499999999728,0.05130499999999686,True,True,267.3581369123584,277.89175965149326,10.533622739134842,True,0
1883,2013-06-27,279.18,273.75243595451,-5.427564045489987,5.427564045489987,4.747800207663346,5.7858225314715455,0.04100999999999728,0.05130999999999686,True,True,269.0046357468467,279.53825848598154,10.533622739134842,True,0
1884,2013-06-28,276.19,278.8225026910637,2.632502691063678,-2.632502691063678,4.747800207663346,5.7858225314715455,0.041014999999997276,0.051314999999996856,True,True,274.0747024834003,284.6083252225352,10.533622739134898,True,0
1885,2013-07-01,279.0,276.12183347424457,-2.8781665257554323,2.8781665257554323,4.747800207663346,5.7858225314715455,0.041019999999997274,0.051319999999996854,True,True,271.37403326658125,281.9076560057161,10.533622739134842,True,0
1886,2013-07-02,281.04,278.73907577695945,-2.3009242230405675,2.3009242230405675,4.747800207663346,5.7858225314715455,0.04102499999999727,0.05132499999999685,True,True,273.99127556929614,284.524898308431,10.533622739134842,True,0
1887,2013-07-03,282.0,280.79529912830475,-1.2047008716952519,1.2047008716952519,4.747800207663346,5.7858225314715455,0.04102999999999727,0.05132999999999685,True,True,276.0474989206414,286.5811216597763,10.533622739134898,True,0
1888,2013-07-05,285.0,281.79637317492023,-3.203626825079766,3.203626825079766,4.747800207663346,5.7858225314715455,0.04103499999999727,0.05133499999999685,True,True,277.04857296725686,287.58219570639176,10.533622739134898,True,0
1889,2013-07-08,286.42,284.7245662712514,-1.6954337287486396,1.6954337287486396,4.747800207663346,5.7858225314715455,0.041039999999997266,0.051339999999996846,True,True,279.976766063588,290.5103888027229,10.533622739134898,True,0
1890,2013-07-09,291.0,286.1982030889718,-4.801796911028191,4.801796911028191,4.747800207663346,5.7858225314715455,0.041044999999997264,0.051344999999996845,True,True,281.4504028813085,291.98402562044333,10.533622739134842,True,0
1891,2013-07-10,291.41,290.66701472233444,-0.7429852776655821,0.7429852776655821,4.747800207663346,5.737926984690034,0.04104999999999726,0.05134999999999684,True,True,285.9192145146711,296.4049417070245,10.485727192353352,True,0
1892,2013-07-11,294.99,291.2228283919538,-3.767171608046226,3.767171608046226,4.747800207663346,5.737926984690034,0.04105499999999726,0.05135499999999684,True,True,286.4750281842904,296.9607553766438,10.485727192353409,True,0
1893,2013-07-12,298.69,294.69644628753724,-3.993553712462756,3.993553712462756,4.747800207663346,5.737926984690034,0.04105999999999726,0.05135999999999684,True,True,289.9486460798739,300.4343732722273,10.485727192353352,True,0
1894,2013-07-15,307.27,298.38767760474013,-8.882322395259848,8.882322395259848,4.747800207663346,5.737926984690034,0.041064999999997256,0.05136499999999684,True,False,293.6398773970768,304.12560458943017,10.485727192353352,False,1
1895,2013-07-16,307.3,306.79410817244286,-0.50589182755715,0.50589182755715,4.747800207663346,5.7858225314715455,0.041069999999997255,0.05126999999999684,True,True,302.04630796477954,312.5799307039144,10.533622739134842,True,0
1896,2013-07-17,306.97,307.126427933964,0.15642793396398247,-0.15642793396398247,4.747800207663346,5.7858225314715455,0.04107499999999725,0.05127499999999684,True,True,302.3786277263007,312.91225046543553,10.533622739134842,True,0
1897,2013-07-18,306.27,306.8221130587204,0.5521130587204084,-0.5521130587204084,4.747800207663346,5.7858225314715455,0.04107999999999725,0.051279999999996835,True,True,302.074312851057,312.6079355901919,10.533622739134898,True,0
1898,2013-07-19,304.39,306.1354202922421,1.7454202922421018,-1.7454202922421018,4.747800207663346,5.7858225314715455,0.04108499999999725,0.05128499999999683,True,True,301.38762008457877,311.9212428237136,10.533622739134842,True,0
1899,2013-07-22,309.25,304.29701408462233,-4.952985915377667,4.952985915377667,4.747800207663346,5.7858225314715455,0.04108999999999725,0.05128999999999683,True,True,299.549213876959,310.08283661609386,10.533622739134842,True,0
1900,2013-07-23,303.16,308.91873784173924,5.758737841739219,-5.758737841739219,4.738648175527999,5.7858225314715455,0.041094999999997245,0.05129499999999683,False,True,304.18008966621125,314.70456037321077,10.524470706999523,False,1
1901,2013-07-24,303.02,303.2082083270762,0.18820832707621094,-0.18820832707621094,4.759178688784743,5.7858225314715455,0.04099999999999725,0.05129999999999683,True,True,298.44902963829145,308.9940308585477,10.545001220256268,True,0
1902,2013-07-25,299.0,302.872074193088,3.8720741930879967,-3.8720741930879967,4.759178688784743,5.7858225314715455,0.041004999999997245,0.051304999999996825,True,True,298.11289550430325,308.6578967245595,10.545001220256268,True,0
1903,2013-07-26,299.55,298.9803964003935,-0.5696035996065234,0.5696035996065234,4.747800207663346,5.7858225314715455,0.04100999999999724,0.05130999999999682,True,True,294.23259619273017,304.766218931865,10.533622739134842,True,0
1904,2013-07-29,311.07,299.3721624216497,-11.697837578350288,11.697837578350288,4.747800207663346,5.7858225314715455,0.04101499999999724,0.05131499999999682,True,False,294.6243622139864,305.15798495312123,10.533622739134842,False,1
1905,2013-07-30,307.72,310.48828672085904,2.7682867208590096,-2.7682867208590096,4.747800207663346,5.792984155749423,0.04101999999999724,0.051219999999996824,True,True,305.7404865131957,316.28127087660846,10.54078436341274,True,0
1906,2013-07-31,303.91,307.6604049381326,3.75040493813259,-3.75040493813259,4.747800207663346,5.792984155749423,0.04102499999999724,0.05122499999999682,True,True,302.9126047304693,313.45338909388204,10.54078436341274,True,0
1907,2013-08-01,303.08,303.8909698900856,0.8109698900856301,-0.8109698900856301,4.747800207663346,5.792984155749423,0.041029999999997235,0.05122999999999682,True,True,299.14316968242224,309.68395404583504,10.540784363412797,True,0
1908,2013-08-02,304.63,302.9547154295449,-1.6752845704551191,1.6752845704551191,4.747800207663346,5.792984155749423,0.04103499999999723,0.05123499999999682,True,True,298.20691522188156,308.7476995852943,10.54078436341274,True,0
1909,2013-08-05,303.4,304.41352817144667,1.0135281714466942,-1.0135281714466942,4.747800207663346,5.792984155749423,0.04103999999999723,0.051239999999996816,True,True,299.6657279637833,310.2065123271961,10.540784363412797,True,0
1910,2013-08-06,300.51,303.2785601265058,2.768560126505804,-2.768560126505804,4.747800207663346,5.792984155749423,0.04104499999999723,0.051244999999996814,True,True,298.5307599188425,309.0715442822552,10.54078436341274,True,0
1911,2013-08-07,300.15,300.45252113642266,0.3025211364226834,-0.3025211364226834,4.747800207663346,5.792984155749423,0.04104999999999723,0.05124999999999681,True,True,295.70472092875934,306.2455052921721,10.54078436341274,True,0
1912,2013-08-08,298.52,300.00496928216324,1.484969282163263,-1.484969282163263,4.747800207663346,5.792984155749423,0.041054999999997226,0.05125499999999681,True,True,295.25716907449987,305.79795343791267,10.540784363412797,True,0
1913,2013-08-09,295.68,298.4149691841452,2.7349691841452,-2.7349691841452,4.747800207663346,5.7858225314715455,0.041059999999997224,0.05125999999999681,True,True,293.6671689764819,304.20079171561673,10.533622739134842,True,0
1914,2013-08-12,295.79,295.6198541025405,-0.1701458974595198,0.1701458974595198,4.747800207663346,5.7858225314715455,0.04106499999999722,0.051264999999996806,True,True,290.8720538948771,301.405676634012,10.533622739134898,True,0
1915,2013-08-13,295.88,295.6265539240672,-0.2534460759327999,0.2534460759327999,4.747800207663346,5.7858225314715455,0.04106999999999722,0.051269999999996804,True,True,290.8787537164038,301.4123764555387,10.533622739134898,True,0
1916,2013-08-14,294.29,295.71145052782106,1.4214505278210368,-1.4214505278210368,4.747800207663346,5.7858225314715455,0.04107499999999722,0.0512749999999968,True,True,290.96365032015774,301.4972730592926,10.533622739134842,True,0
1917,2013-08-15,288.79,294.18143296754727,5.391432967547246,-5.391432967547246,4.747800207663346,5.7858225314715455,0.041079999999997216,0.0512799999999968,False,True,289.43363275988395,299.9672554990188,10.533622739134842,False,1
1918,2013-08-16,286.55,288.8224334487957,2.2724334487957094,-2.2724334487957094,4.759178688784743,5.7858225314715455,0.04098499999999722,0.0512849999999968,True,True,284.063254760011,294.60825598026724,10.545001220256268,True,0
1919,2013-08-19,285.19,286.4737923329508,1.2837923329507817,-1.2837923329507817,4.759178688784743,5.7858225314715455,0.040989999999997216,0.051289999999996796,True,True,281.71461364416604,292.2596148644223,10.545001220256268,True,0
1920,2013-08-20,285.88,285.0761237296778,-0.8038762703221778,0.8038762703221778,4.759178688784743,5.7858225314715455,0.040994999999997214,0.051294999999996795,True,True,280.3169450408931,290.86194626114934,10.545001220256268,True,0
1921,2013-08-21,285.09,285.69132854253036,0.601328542530382,-0.601328542530382,4.759178688784743,5.7858225314715455,0.04099999999999721,0.05129999999999679,True,True,280.9321498537456,291.4771510740019,10.545001220256268,True,0
1922,2013-08-22,284.8,284.95036668162606,0.15036668162605338,-0.15036668162605338,4.759178688784743,5.7858225314715455,0.04100499999999721,0.05130499999999679,True,True,280.1911879928413,290.7361892130976,10.545001220256268,True,0
1923,2013-08-23,291.21,284.6452322537707,-6.564767746229279,6.564767746229279,4.759178688784743,5.7858225314715455,0.04100999999999721,0.05130999999999679,True,False,279.88605356498596,290.4310547852422,10.545001220256268,False,1
1924,2013-08-26,290.43,290.8122267953684,0.3822267953684104,-0.3822267953684104,4.759178688784743,5.792984155749423,0.041014999999997206,0.05121499999999679,True,True,286.0530481065837,296.60521095111784,10.552162844534166,True,0
1925,2013-08-27,283.87,290.2789288471691,6.408928847169079,-6.408928847169079,4.759178688784743,5.792984155749423,0.041019999999997205,0.05121999999999679,False,True,285.51975015838434,296.0719130029185,10.552162844534166,False,1
1926,2013-08-28,280.36,283.9369926959771,3.576992695977083,-3.576992695977083,4.831146649804751,5.792984155749423,0.04092499999999721,0.05122499999999679,True,True,279.10584604617236,289.7299768517265,10.62413080555416,True,0
1927,2013-08-29,281.45,280.33149178996524,-1.1185082100347472,1.1185082100347472,4.831146649804751,5.792984155749423,0.040929999999997205,0.051229999999996785,True,True,275.5003451401605,286.12447594571466,10.62413080555416,True,0
1928,2013-08-30,284.59,281.25234141372704,-3.337658586272937,3.337658586272937,4.831146649804751,5.792984155749423,0.0409349999999972,0.05123499999999678,True,True,276.4211947639223,287.04532556947646,10.62413080555416,True,0
1929,2013-09-03,284.73,284.30817260278485,-0.4218273972151678,0.4218273972151678,4.831146649804751,5.792984155749423,0.0409399999999972,0.05123999999999678,True,True,279.4770259529801,290.1011567585343,10.62413080555416,True,0
1930,2013-09-04,288.33,284.5505734476087,-3.7794265523912713,3.7794265523912713,4.831146649804751,5.792984155749423,0.0409449999999972,0.05124499999999678,True,True,279.719426797804,290.34355760335814,10.62413080555416,True,0
1931,2013-09-05,293.63,288.0338079500985,-5.596192049901504,5.596192049901504,4.759178688784743,5.792984155749423,0.0409499999999972,0.05124999999999678,True,True,283.27462926131375,293.8267921058479,10.552162844534166,True,0
1932,2013-09-06,295.33,293.26532397831824,-2.0646760216817484,2.0646760216817484,4.759178688784743,5.792984155749423,0.040954999999997195,0.051254999999996775,True,True,288.5061452895335,299.05830813406766,10.552162844534166,True,0
1933,2013-09-09,297.22,295.09095745463645,-2.129042545363575,2.129042545363575,4.759178688784743,5.7858225314715455,0.04095999999999719,0.05125999999999677,True,True,290.3317787658517,300.876779986108,10.545001220256268,True,0
1934,2013-09-10,300.55,296.98266214088363,-3.5673378591163782,3.5673378591163782,4.759178688784743,5.7858225314715455,0.04096499999999719,0.05126499999999677,True,True,292.2234834520989,302.76848467235516,10.545001220256268,True,0
1935,2013-09-11,298.91,300.26159404184097,1.35159404184094,-1.35159404184094,4.759178688784743,5.7858225314715455,0.04096999999999719,0.05126999999999677,True,True,295.5024153530562,306.0474165733125,10.545001220256268,True,0
1936,2013-09-12,299.39,298.7940042674689,-0.5959957325310938,0.5959957325310938,4.759178688784743,5.7858225314715455,0.04097499999999719,0.05127499999999677,True,True,294.03482557868415,304.5798267989404,10.545001220256268,True,0
1937,2013-09-13,300.14,299.20979935310476,-0.93020064689523,0.93020064689523,4.759178688784743,5.7858225314715455,0.040979999999997185,0.051279999999996766,True,True,294.45062066432,304.9956218845763,10.545001220256268,True,0
1938,2013-09-16,299.82,299.94584866444364,0.12584866444365161,-0.12584866444365161,4.759178688784743,5.7858225314715455,0.04098499999999718,0.051284999999996764,True,True,295.1866699756589,305.73167119591517,10.545001220256268,True,0
1939,2013-09-17,297.63,299.662952735228,2.0329527352279797,-2.0329527352279797,4.759178688784743,5.7858225314715455,0.04098999999999718,0.05128999999999676,True,True,294.90377404644323,305.4487752666995,10.545001220256268,True,0
1940,2013-09-18,304.06,297.54054675692794,-6.519453243072064,6.519453243072064,4.759178688784743,5.7858225314715455,0.04099499999999718,0.05129499999999676,True,False,292.7813680681432,303.32636928839946,10.545001220256268,False,1
1941,2013-09-19,313.77,303.6685607821397,-10.101439217860275,10.101439217860275,4.759178688784743,5.792984155749423,0.04099999999999718,0.05119999999999676,True,False,298.90938209335496,309.46154493788913,10.552162844534166,False,1
1942,2013-09-20,312.54,313.24582462767876,0.7058246276787372,-0.7058246276787372,4.759178688784743,5.8725509439858286,0.041004999999997176,0.051104999999996764,True,True,308.486645938894,319.1183755716646,10.6317296327706,True,0
1943,2013-09-23,314.01,312.395447003918,-1.6145529960820113,1.6145529960820113,4.759178688784743,5.8725509439858286,0.041009999999997174,0.05110999999999676,True,True,307.63626831513324,318.26799794790384,10.6317296327706,True,0
1944,2013-09-24,312.43,313.79710361331524,1.367103613315237,-1.367103613315237,4.759178688784743,5.8725509439858286,0.04101499999999717,0.05111499999999676,True,True,309.0379249245305,319.6696545573011,10.6317296327706,True,0
1945,2013-09-25,314.53,312.3172610702969,-2.2127389297030504,2.2127389297030504,4.759178688784743,5.8725509439858286,0.04101999999999717,0.05111999999999676,True,True,307.5580823815122,318.1898120142828,10.6317296327706,True,0
1946,2013-09-26,313.9,314.2955128644934,0.39551286449341205,-0.39551286449341205,4.759178688784743,5.8725509439858286,0.04102499999999717,0.051124999999996756,True,True,309.53633417570865,320.16806380847925,10.6317296327706,True,0
1947,2013-09-27,316.92,313.75297577258294,-3.1670242274170732,3.1670242274170732,4.759178688784743,5.8725509439858286,0.041029999999997166,0.051129999999996754,True,True,308.9937970837982,319.62552671656874,10.631729632770544,True,0
1948,2013-09-30,313.41,316.65136128561676,3.2413612856167333,-3.2413612856167333,4.759178688784743,5.8725509439858286,0.041034999999997164,0.05113499999999675,True,True,311.892182596832,322.5239122296026,10.6317296327706,True,0
1949,2013-10-01,314.22,313.36139372741656,-0.8586062725834722,0.8586062725834722,4.759178688784743,5.8725509439858286,0.04103999999999716,0.05113999999999675,True,True,308.6022150386318,319.23394467140236,10.631729632770544,True,0
1950,2013-10-02,318.04,314.03425168076194,-4.00574831923808,4.00574831923808,4.759178688784743,5.8725509439858286,0.04104499999999716,0.05114499999999675,True,True,309.2750729919772,319.9068026247478,10.6317296327706,True,0
1951,2013-10-03,320.39,317.73954039497346,-2.6504596050265263,2.6504596050265263,4.747800207663346,5.8725509439858286,0.04104999999999716,0.05114999999999675,True,True,312.99174018731014,323.6120913389593,10.620351151649174,True,0
1952,2013-10-04,315.13,320.1357963755277,5.005796375527723,-5.005796375527723,4.747800207663346,5.8725509439858286,0.041054999999997156,0.051154999999996745,False,True,315.38799616786434,326.0083473195135,10.620351151649174,False,1
1953,2013-10-07,315.24,315.14329626492685,-0.09670373507316299,0.09670373507316299,4.831146649804751,5.8725509439858286,0.04095999999999716,0.05115999999999674,True,True,310.3121496151221,321.01584720891265,10.703697593790537,True,0
1954,2013-10-08,311.5,315.08356173183677,3.5835617318367667,-3.5835617318367667,4.759178688784743,5.8725509439858286,0.040964999999997156,0.05116499999999674,True,True,310.324383043052,320.9561126758226,10.6317296327706,True,0
1955,2013-10-09,303.42,311.46441711431436,8.044417114314342,-8.044417114314342,4.759178688784743,5.8725509439858286,0.040969999999997155,0.05116999999999674,False,True,306.7052384255296,317.33696805830016,10.631729632770544,False,1
1956,2013-10-10,304.63,303.5385747160958,-1.0914252839041865,1.0914252839041865,4.835604855254985,5.792984155749423,0.04087499999999716,0.05117499999999674,True,True,298.7029698608408,309.33155887184523,10.628589011004408,True,0
1957,2013-10-11,304.77,304.43755947137913,-0.3324405286208503,0.3324405286208503,4.835604855254985,5.792984155749423,0.040879999999997155,0.051179999999996735,True,True,299.60195461612415,310.23054362712855,10.628589011004408,True,0
1958,2013-10-14,309.22,304.59451515897183,-4.625484841028197,4.625484841028197,4.831146649804751,5.792984155749423,0.04088499999999715,0.05118499999999673,True,True,299.7633685091671,310.38749931472125,10.62413080555416,True,0
1959,2013-10-15,309.87,308.89568411401893,-0.9743158859810706,0.9743158859810706,4.831146649804751,5.792984155749423,0.04088999999999715,0.05118999999999673,True,True,304.0645374642142,314.68866826976836,10.62413080555416,True,0
1960,2013-10-16,308.38,309.67016309563303,1.2901630956330337,-1.2901630956330337,4.831146649804751,5.792984155749423,0.04089499999999715,0.05119499999999673,True,True,304.8390164458283,315.46314725138245,10.62413080555416,True,0
1961,2013-10-17,307.07,308.2629970195791,1.1929970195790816,-1.1929970195790816,4.831146649804751,5.792984155749423,0.04089999999999715,0.05119999999999673,True,True,303.43185036977434,314.0559811753285,10.62413080555416,True,0
1962,2013-10-18,319.36,306.95117952563044,-12.408820474369577,12.408820474369577,4.831146649804751,5.792984155749423,0.040904999999997145,0.051204999999996725,True,False,302.1200328758257,312.74416368137986,10.62413080555416,False,1
1963,2013-10-21,329.89,318.758599141928,-11.13140085807197,11.13140085807197,4.831146649804751,5.8725509439858286,0.04090999999999714,0.05110999999999673,True,False,313.9274524921233,324.6311500859139,10.703697593790594,False,1
1964,2013-10-22,327.72,329.33015576019915,1.6101557601991203,-1.6101557601991203,4.831146649804751,5.885281025402918,0.04091499999999714,0.05101499999999673,True,True,324.4990091103944,335.21543678560204,10.716427675207626,True,0
1965,2013-10-23,330.84,327.6037311965943,-3.2362688034056646,3.2362688034056646,4.831146649804751,5.885281025402918,0.04091999999999714,0.05101999999999673,True,True,322.7725845467896,333.4890122219972,10.716427675207626,True,0
1966,2013-10-24,329.63,330.57630921012577,0.9463092101257757,-0.9463092101257757,4.831146649804751,5.885281025402918,0.04092499999999714,0.051024999999996726,True,True,325.74516256032103,336.46159023552866,10.716427675207626,True,0
1967,2013-10-25,358.6,329.5020032729324,-29.097996727067596,29.097996727067596,4.831146649804751,5.885281025402918,0.040929999999997135,0.051029999999996724,True,False,324.6708566231277,335.3872842983353,10.716427675207626,False,1
1968,2013-10-28,359.92,357.4123972873961,-2.507602712603898,2.507602712603898,4.831146649804751,5.914256353834034,0.04093499999999713,0.050934999999996726,True,True,352.5812506375914,363.32665364123017,10.745403003638785,True,0
1969,2013-10-29,358.96,359.67146314671334,0.7114631467133563,-0.7114631467133563,4.831146649804751,5.914256353834034,0.04093999999999713,0.050939999999996724,True,True,354.8403164969086,365.5857195005474,10.745403003638785,True,0
1970,2013-10-30,362.62,358.84508316337354,-3.77491683662646,3.77491683662646,4.831146649804751,5.914256353834034,0.04094499999999713,0.05094499999999672,True,True,354.0139365135688,364.7593395172076,10.745403003638785,True,0
1971,2013-10-31,361.73,362.3536615677683,0.6236615677682948,-0.6236615677682948,4.831146649804751,5.914256353834034,0.04094999999999713,0.05094999999999672,True,True,357.5225149179636,368.26791792160236,10.745403003638785,True,0
1972,2013-11-01,365.63,361.60974244929093,-4.020257550709061,4.020257550709061,4.831146649804751,5.914256353834034,0.040954999999997126,0.05095499999999672,True,True,356.7785957994862,367.523998803125,10.745403003638785,True,0
1973,2013-11-04,360.12,365.3570849048918,5.237084904891788,-5.237084904891788,4.831146649804751,5.914256353834034,0.040959999999997124,0.050959999999996716,False,True,360.52593825508706,371.27134125872584,10.745403003638785,False,1
1974,2013-11-05,356.78,360.1554717823052,3.375471782305226,-3.375471782305226,4.835604855254985,5.914256353834034,0.040864999999997126,0.050964999999996714,True,True,355.3198669270502,366.06972813613925,10.749861209089033,True,0
1975,2013-11-06,360.45,356.7565457470035,-3.693454252996503,3.693454252996503,4.835604855254985,5.914256353834034,0.040869999999997124,0.05096999999999671,True,True,351.9209408917485,362.67080210083753,10.749861209089033,True,0
1976,2013-11-07,355.86,360.18463421594873,4.32463421594872,-4.32463421594872,4.835604855254985,5.914256353834034,0.04087499999999712,0.05097499999999671,True,True,355.34902936069375,366.0988905697828,10.749861209089033,True,0
1977,2013-11-08,345.95,355.86020213890015,9.91020213890016,-9.91020213890016,4.835604855254985,5.914256353834034,0.04087999999999712,0.05097999999999671,False,True,351.02459728364516,361.7744584927342,10.749861209089033,False,1
1978,2013-11-11,350.59,346.1369997795708,-4.453000220429203,4.453000220429203,4.857190359396526,5.914256353834034,0.04078499999999712,0.05098499999999671,True,True,341.2798094201743,352.0512561334048,10.771446713230546,True,0
1979,2013-11-12,352.99,350.29802310231133,-2.6919768976886758,2.6919768976886758,4.857190359396526,5.914256353834034,0.04078999999999712,0.050989999999996705,True,True,345.44083274291484,356.2122794561454,10.771446713230546,True,0
1980,2013-11-13,347.4,352.742983917799,5.3429839177990175,-5.3429839177990175,4.857190359396526,5.914256353834034,0.04079499999999712,0.0509949999999967,False,True,347.8857935584025,358.65724027163304,10.771446713230546,False,1
1981,2013-11-14,357.39,347.4284617123591,-9.961538287640906,9.961538287640906,4.877264473092055,5.914256353834034,0.04069999999999712,0.0509999999999967,True,False,342.551197239267,353.34271806619313,10.791520826926103,False,1
1982,2013-11-15,367.63,356.90211126835834,-10.727888731641656,10.727888731641656,4.877264473092055,5.9647052015063835,0.04070499999999712,0.0509049999999967,True,False,352.0248467952663,362.8668164698647,10.841969674598431,False,1
1983,2013-11-18,370.28,367.10304641141175,-3.176953588588219,3.176953588588219,4.877264473092055,5.97141547927032,0.04070999999999712,0.050809999999996705,True,True,362.2257819383197,373.0744618906821,10.848679952362374,True,0
1984,2013-11-19,365.82,370.0215465478528,4.201546547852786,-4.201546547852786,4.877264473092055,5.97141547927032,0.040714999999997115,0.0508149999999967,True,True,365.1442820747607,375.9929620271231,10.848679952362374,True,0
1985,2013-11-20,367.56,365.8197156275382,-1.740284372461815,1.740284372461815,4.877264473092055,5.97141547927032,0.04071999999999711,0.0508199999999967,True,True,360.94245115444613,371.7911311068085,10.848679952362374,True,0
1986,2013-11-21,364.05,367.3701570239524,3.3201570239523903,-3.3201570239523903,4.877264473092055,5.97141547927032,0.04072499999999711,0.0508249999999967,True,True,362.49289255086035,373.3415725032227,10.848679952362374,True,0
1987,2013-11-22,370.0,364.01842320754423,-5.981576792455769,5.981576792455769,4.877264473092055,5.97141547927032,0.04072999999999711,0.0508299999999967,True,False,359.1411587344522,369.98983868681455,10.848679952362374,False,1
1988,2013-11-25,373.82,369.66241478172884,-4.1575852182711515,4.1575852182711515,4.877264473092055,5.981576792455769,0.04073499999999711,0.0507349999999967,True,True,364.7851503086368,375.6439915741846,10.858841265547824,True,0
1989,2013-11-26,377.61,373.5333100240206,-4.076689975979434,4.076689975979434,4.877264473092055,5.981576792455769,0.040739999999997105,0.0507399999999967,True,True,368.6560455509285,379.51488681647635,10.858841265547824,True,0
1990,2013-11-27,383.5,377.3344304750508,-6.1655695249492055,6.1655695249492055,4.857190359396526,5.981576792455769,0.0407449999999971,0.050744999999996696,True,False,372.47724011565424,383.31600726750656,10.838767151852323,False,1
1991,2013-11-29,389.1,383.1584154754721,-5.9415845245279115,5.9415845245279115,4.857190359396526,6.007588631611981,0.0407499999999971,0.0506499999999967,True,True,378.30122511607556,389.16600410708406,10.864778991008507,True,0
1992,2013-12-02,399.0,388.76989659554135,-10.230103404458646,10.230103404458646,4.857190359396526,6.007588631611981,0.0407549999999971,0.050654999999996696,True,False,383.9127062361448,394.7774852271533,10.864778991008507,False,1
1993,2013-12-03,390.11,398.5368781894614,8.426878189461377,-8.426878189461377,4.857190359396526,6.076534422462814,0.0407599999999971,0.0505599999999967,False,True,393.67968783006484,404.6134126119242,10.933724781859382,False,1
1994,2013-12-04,383.5,390.26131477680417,6.76131477680417,-6.76131477680417,4.877264473092055,6.076534422462814,0.0406649999999971,0.050564999999996696,False,True,385.3840503037121,396.337849199267,10.953798895554883,False,1
1995,2013-12-05,386.65,383.61312814898076,-3.036871851019214,3.036871851019214,4.91591818981945,6.076534422462814,0.0405699999999971,0.050569999999996694,True,True,378.69720995916134,389.6896625714436,10.99245261228225,True,0
1996,2013-12-06,388.35,386.43333997775466,-1.9166600222453667,1.9166600222453667,4.91591818981945,6.076534422462814,0.0405749999999971,0.05057499999999669,True,True,381.5174217879352,392.5098744002175,10.992452612282307,True,0
1997,2013-12-09,388.21,388.15614369468403,-0.05385630531594643,0.05385630531594643,4.91591818981945,6.076534422462814,0.0405799999999971,0.05057999999999669,True,True,383.2402255048646,394.23267811714686,10.99245261228225,True,0
1998,2013-12-10,383.5,388.08220696583976,4.5822069658397595,-4.5822069658397595,4.889122137728307,6.007588631611981,0.040584999999997096,0.05058499999999669,True,True,383.19308482811147,394.0897955974517,10.896710769340245,True,0
1999,2013-12-11,387.71,383.525660046947,-4.184339953052984,4.184339953052984,4.889122137728307,6.007588631611981,0.040589999999997094,0.050589999999996686,True,True,378.6365379092187,389.53324867855895,10.896710769340245,True,0
2000,2013-12-12,381.55,387.45151021077646,5.9015102107764505,-5.9015102107764505,4.889122137728307,6.007588631611981,0.04059499999999709,0.050594999999996684,False,True,382.56238807304817,393.45909884238847,10.896710769340302,False,1
2001,2013-12-13,384.62,381.61029551052974,-3.0097044894702663,3.0097044894702663,4.915981070671307,6.007588631611981,0.040499999999997094,0.05059999999999668,True,True,376.69431443985843,387.61788414214175,10.923569702283316,True,0
2002,2013-12-16,385.5,384.39888680134936,-1.101113198650637,1.101113198650637,4.91591818981945,6.007588631611981,0.04050499999999709,0.05060499999999668,True,True,379.48296861152994,390.4064754329613,10.923506821431374,True,0
2003,2013-12-17,391.0,385.3288216030615,-5.671178396938501,5.671178396938501,4.91591818981945,6.007588631611981,0.04050999999999709,0.05060999999999668,True,True,380.412903413242,391.3364102346735,10.923506821431488,True,0
2004,2013-12-18,389.56,390.68175766513815,1.1217576651381478,-1.1217576651381478,4.91591818981945,6.007588631611981,0.04051499999999709,0.05061499999999668,True,True,385.76583947531867,396.68934629675016,10.923506821431488,True,0
2005,2013-12-19,394.36,389.46479308287394,-4.895206917126075,4.895206917126075,4.91591818981945,6.007588631611981,0.040519999999997086,0.050619999999996675,True,True,384.5488748930545,395.4723817144859,10.923506821431374,True,0
2006,2013-12-20,396.84,394.07467795212017,-2.765322047879806,2.765322047879806,4.91591818981945,6.007588631611981,0.040524999999997084,0.05062499999999667,True,True,389.15875976230075,400.0822665837321,10.923506821431374,True,0
2007,2013-12-23,403.69,396.6204037045952,-7.069596295404779,7.069596295404779,4.91591818981945,6.007588631611981,0.04052999999999708,0.05062999999999667,True,False,391.7044855147758,402.62799233620717,10.923506821431374,False,1
2008,2013-12-24,402.52,403.33428280439495,0.8142828043949635,-0.8142828043949635,4.91591818981945,6.076534422462814,0.04053499999999708,0.05053499999999667,True,True,398.41836461457547,409.4108172268578,10.992452612282307,True,0
2009,2013-12-26,401.79,402.4260720904092,0.6360720904091863,-0.6360720904091863,4.91591818981945,6.076534422462814,0.04053999999999708,0.05053999999999667,True,True,397.5101539005898,408.50260651287203,10.99245261228225,True,0
2010,2013-12-27,404.65,401.7000506223469,-2.94994937765307,2.94994937765307,4.91591818981945,6.076534422462814,0.040544999999997076,0.05054499999999667,True,True,396.7841324325275,407.77658504480974,10.99245261228225,True,0
2011,2013-12-30,399.41,404.43945517952,5.029455179519971,-5.029455179519971,4.91591818981945,6.076534422462814,0.040549999999997074,0.05054999999999667,False,True,399.5235369897006,410.5159896019828,10.99245261228225,False,1
2012,2013-12-31,394.58,399.4588406470669,4.878840647066909,-4.878840647066909,4.915981070671307,6.076534422462814,0.04045499999999708,0.050554999999996665,True,True,394.5428595763956,405.5353750695297,10.992515493134135,True,0
2013,2014-01-02,398.8,394.6288485228602,-4.1711514771398015,4.1711514771398015,4.915981070671307,6.076534422462814,0.040459999999997075,0.05055999999999666,True,True,389.7128674521889,400.70538294532304,10.992515493134135,True,0
2014,2014-01-03,398.29,398.5453408492787,0.2553408492786957,-0.2553408492786957,4.915981070671307,6.076534422462814,0.04046499999999707,0.05056499999999666,True,True,393.6293597786074,404.62187527174154,10.992515493134135,True,0
2015,2014-01-06,395.85,398.1719235236579,2.3219235236578584,-2.3219235236578584,4.915981070671307,6.076534422462814,0.04046999999999707,0.05056999999999666,True,True,393.2559424529866,404.2484579461207,10.992515493134135,True,0
2016,2014-01-07,395.04,395.8069552031227,0.7669552031226772,-0.7669552031226772,4.915981070671307,6.076534422462814,0.04047499999999707,0.05057499999999666,True,True,390.8909741324514,401.8834896255855,10.992515493134135,True,0
2017,2014-01-08,398.47,394.9455192743369,-3.5244807256631248,3.5244807256631248,4.915981070671307,6.076534422462814,0.04047999999999707,0.050579999999996655,True,True,390.0295382036656,401.02205369679973,10.992515493134135,True,0
2018,2014-01-09,403.71,398.2296306101538,-5.480369389846203,5.480369389846203,4.915981070671307,6.007588631611981,0.040484999999997065,0.050584999999996653,True,True,393.31364953948247,404.23721924176573,10.92356970228326,True,0
2019,2014-01-10,402.53,403.4012089223404,0.8712089223404291,-0.8712089223404291,4.915981070671307,6.007588631611981,0.04048999999999706,0.05058999999999665,True,True,398.4852278516691,409.40879755395235,10.92356970228326,True,0
2020,2014-01-13,397.98,402.4338398087807,4.453839808780685,-4.453839808780685,4.915981070671307,6.007588631611981,0.04049499999999706,0.05059499999999665,True,True,397.5178587381094,408.44142844039266,10.92356970228326,True,0
2021,2014-01-14,392.13,398.00999881817523,5.879998818175238,-5.879998818175238,4.915981070671307,6.007588631611981,0.04049999999999706,0.05059999999999665,False,True,393.0940177475039,404.01758744978724,10.923569702283316,False,1
2022,2014-01-15,398.94,392.20540852051516,-6.734591479484834,6.734591479484834,5.0009625159005395,6.007588631611981,0.04040499999999706,0.050604999999996646,True,False,387.2044460046146,398.2129971521272,11.008551147512549,False,1
2023,2014-01-16,393.68,398.596726398388,4.916726398387993,-4.916726398387993,5.0009625159005395,6.076534422462814,0.04040999999999706,0.05050999999999665,True,True,393.59576388248746,404.6732608208508,11.077496938363367,True,0
2024,2014-01-17,394.26,393.7064141370578,-0.5535858629422137,0.5535858629422137,5.0009625159005395,6.076534422462814,0.04041499999999706,0.050514999999996646,True,True,388.70545162115724,399.7829485595206,11.077496938363367,True,0
2025,2014-01-21,403.0,394.1221660783091,-8.877833921690922,8.877833921690922,5.0009625159005395,6.076534422462814,0.040419999999997056,0.050519999999996644,True,False,389.12120356240854,400.1987005007719,11.077496938363367,False,1
2026,2014-01-22,408.0,402.5722763094203,-5.427723690579683,5.427723690579683,5.0009625159005395,6.084935931261896,0.040424999999997054,0.050424999999996646,True,True,397.5713137935198,408.6572122406822,11.085898447162435,True,0
2027,2014-01-23,401.0,407.68303930704803,6.683039307048034,-6.683039307048034,5.0009625159005395,6.084935931261896,0.04042999999999705,0.050429999999996644,False,True,402.6820767911475,413.76797523830993,11.085898447162435,False,1
2028,2014-01-24,398.16,401.0938405486573,2.9338405486572583,-2.9338405486572583,5.005796375527723,6.084935931261896,0.040334999999997054,0.05043499999999664,True,True,396.08804417312956,407.1787764799192,11.090732306789619,True,0
2029,2014-01-27,390.5,398.1487702464912,7.64877024649121,-7.64877024649121,5.005796375527723,6.084935931261896,0.04033999999999705,0.05043999999999664,False,True,393.1429738709635,404.2337061777531,11.090732306789619,False,1
2030,2014-01-28,387.4,390.62727381268473,3.227273812684757,-3.227273812684757,5.011847665536521,6.084935931261896,0.040244999999997054,0.05044499999999664,True,True,385.61542614714824,396.71220974394663,11.096783596798389,True,0
2031,2014-01-29,392.16,387.38516464464755,-4.774835355352479,4.774835355352479,5.011847665536521,6.084935931261896,0.04024999999999705,0.050449999999996636,True,True,382.373316979111,393.47010057590944,11.096783596798446,True,0
2032,2014-01-30,393.77,391.86990858113205,-1.9000914188679303,1.9000914188679303,5.011847665536521,6.084935931261896,0.04025499999999705,0.050454999999996634,True,True,386.8580609155955,397.95484451239395,11.096783596798446,True,0
2033,2014-01-31,371.76,393.56327228429177,21.80327228429178,-21.80327228429178,5.011847665536521,6.084935931261896,0.04025999999999705,0.05045999999999663,False,True,388.5514246187553,399.64820821555367,11.096783596798389,False,1
2034,2014-02-03,358.98,372.326056464727,13.346056464726985,-13.346056464726985,5.029455179519971,6.084935931261896,0.04016499999999705,0.05046499999999663,False,True,367.29660128520703,378.4109923959889,11.114391110781867,False,1
2035,2014-02-04,349.59,359.30027419759784,9.710274197597869,-9.710274197597869,5.036240787092794,6.084935931261896,0.04006999999999705,0.05046999999999663,False,True,354.264033410505,365.38521012885974,11.121176718354718,False,1
2036,2014-02-05,346.0,349.74719066501024,3.747190665010237,-3.747190665010237,5.044237760288581,6.084935931261896,0.039974999999997055,0.05047499999999663,True,True,344.70295290472166,355.83212659627213,11.129173691550477,True,0
2037,2014-02-06,347.4,345.9633531599664,-1.4366468400335748,1.4366468400335748,5.044237760288581,6.084935931261896,0.03997999999999705,0.050479999999996625,True,True,340.9191153996778,352.0482890912283,11.129173691550477,True,0
2038,2014-02-07,358.98,347.19401314248023,-11.785986857519788,11.785986857519788,5.044237760288581,6.084935931261896,0.03998499999999705,0.05048499999999662,True,False,342.14977538219165,353.2789490737421,11.129173691550477,False,1
2039,2014-02-10,361.61,358.4390531168808,-3.1709468831192,3.1709468831192,5.044237760288581,6.093196760254472,0.03998999999999705,0.050389999999996625,True,True,353.39481535659223,364.5322498771353,11.137434520543081,True,0
2040,2014-02-11,361.84,361.3318033210112,-0.5081966789887815,0.5081966789887815,5.044237760288581,6.093196760254472,0.03999499999999705,0.05039499999999662,True,True,356.2875655607226,367.4250000812657,11.137434520543081,True,0
2041,2014-02-12,356.43,361.6612421141603,5.231242114160295,-5.231242114160295,5.044237760288581,6.093196760254472,0.039999999999997045,0.05039999999999662,False,True,356.6170043538717,367.75443887441475,11.137434520543025,False,1
2042,2014-02-13,347.7,356.4304234332586,8.730423433258636,-8.730423433258636,5.0723320230081015,6.093196760254472,0.03990499999999705,0.05040499999999662,False,True,351.3580914102505,362.5236201935131,11.16552878326263,False,1
2043,2014-02-14,359.34,347.81078190166824,-11.52921809833174,11.52921809833174,5.231242114160295,6.093196760254472,0.03980999999999705,0.05040999999999662,True,False,342.57953978750794,353.9039786619227,11.324438874414739,False,1
2044,2014-02-18,355.28,358.82512060536857,3.545120605368595,-3.545120605368595,5.231242114160295,6.123168581259378,0.03981499999999705,0.05031499999999662,True,True,353.5938784912083,364.94828918662796,11.354410695419688,True,0
2045,2014-02-19,352.64,355.20742099926105,2.56742099926106,-2.56742099926106,5.231242114160295,6.123168581259378,0.039819999999997045,0.05031999999999662,True,True,349.97617888510075,361.33058958052044,11.354410695419688,True,0
2046,2014-02-20,348.8,352.5659033622,3.7659033621999924,-3.7659033621999924,5.231242114160295,6.123168581259378,0.03982499999999704,0.050324999999996615,True,True,347.3346612480397,358.6890719434594,11.354410695419688,True,0
2047,2014-02-21,352.44,348.75757365868213,-3.682426341317864,3.682426341317864,5.231242114160295,6.123168581259378,0.03982999999999704,0.050329999999996614,True,True,343.52633154452184,354.8807422399415,11.354410695419688,True,0
2048,2014-02-24,345.19,352.1646818146585,6.9746818146584815,-6.9746818146584815,5.231242114160295,6.093196760254472,0.03983499999999704,0.05033499999999661,False,True,346.9334397004982,358.257878574913,11.324438874414795,False,1
2049,2014-02-25,353.0,345.2369409775766,-7.76305902242342,7.76305902242342,5.2353533948385795,6.093196760254472,0.03973999999999704,0.05033999999999661,True,False,340.001587582738,351.330137737831,11.328550155093012,False,1
2050,2014-02-26,359.86,352.59414860717646,-7.265851392823549,7.265851392823549,5.2353533948385795,6.1655695249492055,0.03974499999999704,0.05024499999999661,True,False,347.3587952123379,358.75971813212567,11.400922919787774,False,1
2051,2014-02-27,357.22,359.4469899341941,2.22698993419408,-2.22698993419408,5.2353533948385795,6.171438483048803,0.03974999999999704,0.050149999999996614,True,True,354.21163653935554,365.6184284172429,11.406791877887372,True,0
2052,2014-02-28,360.6,357.11463410306936,-3.4853658969306593,3.4853658969306593,5.2353533948385795,6.171438483048803,0.039754999999997036,0.05015499999999661,True,True,351.8792807082308,363.28607258611817,11.406791877887372,True,0
2053,2014-03-03,358.74,360.3307559982188,1.5907559982188104,-1.5907559982188104,5.2353533948385795,6.171438483048803,0.039759999999997034,0.05015999999999661,True,True,355.09540260338025,366.5021944812676,11.406791877887372,True,0
2054,2014-03-04,363.9,358.6211729491684,-5.27882705083158,5.27882705083158,5.2353533948385795,6.171438483048803,0.03976499999999703,0.05016499999999661,True,True,353.3858195543298,364.7926114322172,11.406791877887372,True,0
2055,2014-03-05,364.13,363.57110363002846,-0.558896369971535,0.558896369971535,5.2353533948385795,6.1655695249492055,0.03976999999999703,0.050169999999996606,True,True,358.3357502351899,369.73667315497767,11.400922919787774,True,0
2056,2014-03-06,374.05,363.94119189318496,-10.108808106815047,10.108808106815047,5.2353533948385795,6.1655695249492055,0.03977499999999703,0.050174999999996604,True,False,358.7058384983464,370.10676141813417,11.400922919787774,False,1
2057,2014-03-07,374.58,373.5635764237099,-1.0164235762900944,1.0164235762900944,5.2353533948385795,6.209960516189739,0.039779999999997026,0.050079999999996606,True,True,368.3282230288713,379.7735369398996,11.445313911028279,True,0
2058,2014-03-10,372.69,374.3751173875547,1.685117387554726,-1.685117387554726,5.2353533948385795,6.171438483048803,0.039784999999997024,0.050084999999996604,True,True,369.13976399271615,380.5465558706035,11.406791877887372,True,0
2059,2014-03-11,370.99,372.5859378015725,1.5959378015725179,-1.5959378015725179,5.2353533948385795,6.171438483048803,0.03978999999999702,0.0500899999999966,True,True,367.35058440673396,378.75737628462133,11.406791877887372,True,0
2060,2014-03-12,366.4,370.8850233705457,4.4850233705457185,-4.4850233705457185,5.2353533948385795,6.171438483048803,0.03979499999999702,0.0500949999999966,True,True,365.6496699757071,377.0564618535945,11.406791877887372,True,0
2061,2014-03-13,376.62,366.3837640640492,-10.236235935950788,10.236235935950788,5.2353533948385795,6.171438483048803,0.03979999999999702,0.0500999999999966,True,False,361.14841066921065,372.555202547098,11.406791877887372,False,1
2062,2014-03-14,372.8,376.1357438647295,3.3357438647294657,-3.3357438647294657,5.231242114160295,6.209960516189739,0.039804999999997016,0.0500049999999966,True,True,370.9045017505692,382.3457043809192,11.441202630350006,True,0
2063,2014-03-17,375.72,372.73250698616084,-2.9874930138391846,2.9874930138391846,5.231242114160295,6.209960516189739,0.039809999999997014,0.0500099999999966,True,True,367.50126487200055,378.9424675023506,11.441202630350062,True,0
2064,2014-03-18,377.32,375.47123892577525,-1.8487610742247398,1.8487610742247398,5.231242114160295,6.209960516189739,0.03981499999999701,0.0500149999999966,True,True,370.23999681161496,381.68119944196496,11.441202630350006,True,0
2065,2014-03-19,378.77,377.09828833523363,-1.6717116647663488,1.6717116647663488,5.231242114160295,6.209960516189739,0.03981999999999701,0.050019999999996595,True,True,371.86704622107334,383.3082488514234,11.441202630350062,True,0
2066,2014-03-20,370.64,378.5571963619483,7.9171963619482995,-7.9171963619482995,5.231242114160295,6.209960516189739,0.03982499999999701,0.05002499999999659,False,True,373.325954247788,384.76715687813805,11.441202630350062,False,1
2067,2014-03-21,371.0,370.73216786295643,-0.2678321370435697,0.2678321370435697,5.2353533948385795,6.209960516189739,0.03972999999999701,0.05002999999999659,True,True,365.49681446811786,376.9421283791462,11.445313911028336,True,0
2068,2014-03-24,360.09,370.8424875966559,10.752487596655897,-10.752487596655897,5.2353533948385795,6.209960516189739,0.03973499999999701,0.05003499999999659,False,True,365.6071342018173,377.0524481128456,11.445313911028279,False,1
2069,2014-03-25,354.03,360.267931104631,6.237931104631002,-6.237931104631002,5.252388248217301,6.209960516189739,0.03963999999999701,0.05003999999999659,False,True,355.0155428564137,366.47789162082074,11.462348764407068,False,1
2070,2014-03-26,357.13,354.07175454718544,-3.0582454528145604,3.0582454528145604,5.2671958537235355,6.209960516189739,0.03954499999999701,0.050044999999996585,True,True,348.8045586934619,360.28171506337515,11.477156369913246,True,0
2071,2014-03-27,343.15,356.87033565449457,13.72033565449459,-13.72033565449459,5.2671958537235355,6.209960516189739,0.03954999999999701,0.05004999999999658,False,True,351.60313980077103,363.0802961706843,11.477156369913246,False,1
2072,2014-03-28,340.05,343.4134001643125,3.363400164312509,-3.363400164312509,5.3429839177990175,6.209960516189739,0.03945499999999701,0.05005499999999658,True,True,338.0704162465135,349.6233606805023,11.552944433988785,True,0
2073,2014-03-31,342.4,339.99715257219333,-2.4028474278066483,2.4028474278066483,5.3429839177990175,6.209960516189739,0.03945999999999701,0.05005999999999658,True,True,334.6541686543943,346.20711308838304,11.552944433988728,True,0
2074,2014-04-01,338.09,342.1533157122663,4.063315712266331,-4.063315712266331,5.3429839177990175,6.209960516189739,0.03946499999999701,0.05006499999999658,True,True,336.8103317944673,348.363276228456,11.552944433988728,True,0
2075,2014-04-02,345.99,338.0463306940461,-7.943669305953904,7.943669305953904,5.3429839177990175,6.209960516189739,0.03946999999999701,0.050069999999996576,True,False,332.7033467762471,344.2562912102359,11.552944433988785,False,1
2076,2014-04-03,341.82,345.5617717478407,3.741771747840687,-3.741771747840687,5.3429839177990175,6.325784317175163,0.039474999999997006,0.04997499999999658,True,True,340.21878783004166,351.8875560650158,11.668768234974152,True,0
2077,2014-04-04,335.15,341.76413350541543,6.614133505415452,-6.614133505415452,5.3429839177990175,6.325784317175163,0.039479999999997004,0.049979999999996576,False,True,336.4211495876164,348.08991782259056,11.668768234974152,False,1
2078,2014-04-07,320.99,335.1951060196935,14.205106019693517,-14.205106019693517,5.364702549197887,6.325784317175163,0.039384999999997006,0.049984999999996574,False,True,329.83040347049564,341.52089033686866,11.690486866373021,False,1
2079,2014-04-08,321.88,321.26458220219,-0.6154177978099824,0.6154177978099824,5.391432967547246,6.325784317175163,0.03928999999999701,0.04998999999999657,True,True,315.87314923464277,327.59036651936515,11.71721728472238,True,0
2080,2014-04-09,328.47,321.6965790266101,-6.773420973389932,6.773420973389932,5.391432967547246,6.325784317175163,0.039294999999997006,0.04999499999999657,True,False,316.30514605906285,328.0223633437853,11.717217284722437,False,1
2081,2014-04-10,330.6,328.0765408770633,-2.5234591229367425,2.5234591229367425,5.391432967547246,6.32626534488368,0.039299999999997004,0.04989999999999657,True,True,322.68510790951603,334.40280622194695,11.717698312430912,True,0
2082,2014-04-11,314.0,330.33779006578817,16.33779006578817,-16.33779006578817,5.391432967547246,6.32626534488368,0.039304999999997,0.04990499999999657,False,True,324.9463570982409,336.66405541067184,11.717698312430912,False,1
2083,2014-04-14,317.67,314.33562100388053,-3.334378996119483,3.334378996119483,5.399616352598684,6.32626534488368,0.039209999999997004,0.04990999999999657,True,True,308.93600465128185,320.6618863487642,11.72588169748235,True,0
2084,2014-04-15,316.7,317.41999790528126,0.719997905281275,-0.719997905281275,5.399616352598684,6.32626534488368,0.039214999999997,0.049914999999996566,True,True,312.0203815526826,323.74626325016493,11.72588169748235,True,0
2085,2014-04-16,321.17,316.5430901685435,-4.626909831456544,4.626909831456544,5.399616352598684,6.325784317175163,0.039219999999997,0.049919999999996564,True,True,311.1434738159448,322.8688744857186,11.72540066977382,True,0
2086,2014-04-17,319.76,320.84794333200404,1.0879433320040448,-1.0879433320040448,5.399616352598684,6.325784317175163,0.039224999999997,0.04992499999999656,True,True,315.44832697940535,327.1737276491792,11.725400669773876,True,0
2087,2014-04-21,323.97,319.61506972544396,-4.354930274556068,4.354930274556068,5.399616352598684,6.325784317175163,0.039229999999996996,0.04992999999999656,True,True,314.2154533728453,325.9408540426191,11.72540066977382,True,0
2088,2014-04-22,332.0,323.6568137651829,-8.343186234817097,8.343186234817097,5.399616352598684,6.325784317175163,0.039234999999996995,0.04993499999999656,True,False,318.2571974125842,329.9825980823581,11.725400669773876,False,1
2089,2014-04-23,333.06,331.54590335791937,-1.5140966420806308,1.5140966420806308,5.399616352598684,6.32626534488368,0.03923999999999699,0.04983999999999656,True,True,326.1462870053207,337.87216870280304,11.72588169748235,True,0
2090,2014-04-24,329.67,332.82441538021624,3.1544153802162214,-3.1544153802162214,5.399616352598684,6.32626534488368,0.03924499999999699,0.04984499999999656,True,True,327.42479902761755,339.1506807250999,11.72588169748235,True,0
2091,2014-04-25,316.25,329.59630106355,13.346301063550015,-13.346301063550015,5.391432967547246,6.32626534488368,0.03924999999999699,0.04984999999999656,False,True,324.20486809600277,335.9225664084337,11.717698312430912,False,1
2092,2014-04-28,304.0,316.50141178875805,12.501411788758048,-12.501411788758048,5.40617863916691,6.32626534488368,0.03915499999999699,0.049854999999996555,False,True,311.09523314959114,322.8276771336417,11.732443984050576,False,1
2093,2014-04-29,296.44,304.22654286711565,7.7865428671156565,-7.7865428671156565,5.45012046181634,6.32626534488368,0.03905999999999699,0.04985999999999655,False,True,298.7764224052993,310.5528082119993,11.776385806700034,False,1
2094,2014-04-30,298.1,296.51211232485923,-1.5878876751407915,1.5878876751407915,5.491396381162531,6.32626534488368,0.038964999999996995,0.04986499999999655,True,True,291.0207159436967,302.8383776697429,11.817661726046197,True,0
2095,2014-05-01,304.13,297.88985914119314,-6.240140858806853,6.240140858806853,5.491396381162531,6.32626534488368,0.03896999999999699,0.04986999999999655,True,True,292.3984627600306,304.2161244860768,11.817661726046197,True,0
2096,2014-05-02,310.42,303.7661455609568,-6.6538544390432435,6.6538544390432435,5.491396381162531,6.32626534488368,0.03897499999999699,0.04987499999999655,True,False,298.27474917979424,310.09241090584044,11.817661726046197,False,1
2097,2014-05-05,306.37,310.0382132652748,3.668213265274801,-3.668213265274801,5.491396381162531,6.356582550212465,0.03897999999999699,0.04977999999999655,True,True,304.5468168841123,316.39479581548727,11.847978931374996,True,0
2098,2014-05-06,309.53,306.29907699499483,-3.2309230050051383,3.2309230050051383,5.491396381162531,6.356582550212465,0.03898499999999699,0.04978499999999655,True,True,300.8076806138323,312.6556595452073,11.847978931374996,True,0
2099,2014-05-07,295.56,309.26520988503603,13.705209885036027,-13.705209885036027,5.491396381162531,6.356582550212465,0.038989999999996985,0.049789999999996545,False,True,303.7738135038735,315.6217924352485,11.847978931374996,False,1
2100,2014-05-08,290.82,295.7963497353798,4.976349735379813,-4.976349735379813,5.545091823505189,6.356582550212465,0.03889499999999699,0.04979499999999654,True,True,290.25125791187463,302.15293228559227,11.90167437371764,True,0
2101,2014-05-09,290.57,290.8145009410913,0.24450094109130305,-0.24450094109130305,5.545091823505189,6.356582550212465,0.038899999999996986,0.04979999999999654,True,True,285.2694091175861,297.17108349130376,11.90167437371764,True,0
2102,2014-05-12,294.3,290.41482016046916,-3.885179839530849,3.885179839530849,5.545091823505189,6.356582550212465,0.038904999999996984,0.04980499999999654,True,True,284.869728336964,296.7714027106816,11.90167437371764,True,0
2103,2014-05-13,302.6,294.01522783265204,-8.584772167347978,8.584772167347978,5.545091823505189,6.356582550212465,0.03890999999999698,0.04980999999999654,True,False,288.47013600914687,300.3718103828645,11.90167437371764,False,1
2104,2014-05-14,302.5,302.1660781291962,-0.3339218708038061,0.3339218708038061,5.545091823505189,6.423111110558381,0.03891499999999698,0.04971499999999654,True,True,296.620986305691,308.58918923975455,11.968202934063527,True,0
2105,2014-05-15,298.02,302.30943713520276,4.289437135202775,-4.289437135202775,5.545091823505189,6.423111110558381,0.03891999999999698,0.04971999999999654,True,True,296.7643453116976,308.7325482457611,11.968202934063527,True,0
2106,2014-05-16,292.8,297.9773635474715,5.1773635474714865,-5.1773635474714865,5.545091823505189,6.423111110558381,0.038924999999996976,0.049724999999996536,True,True,292.4322717239663,304.4004746580299,11.968202934063584,True,0
2107,2014-05-19,295.76,292.78985783624415,-2.9701421637558383,2.9701421637558383,5.545091823505189,6.423111110558381,0.038929999999996974,0.049729999999996534,True,True,287.244766012739,299.21296894680256,11.968202934063584,True,0
2108,2014-05-20,297.1,295.5106048864879,-1.5893951135121256,1.5893951135121256,5.491396381162531,6.423111110558381,0.03893499999999697,0.04973499999999653,True,True,290.01920850532537,301.9337159970463,11.91450749172094,True,0
2109,2014-05-21,302.21,296.8786641572665,-5.331335842733495,5.331335842733495,5.491396381162531,6.423111110558381,0.03893999999999697,0.04973999999999653,True,True,291.38726777610395,303.30177526782484,11.914507491720883,True,0
2110,2014-05-22,305.05,301.87835856636883,-3.17164143363118,3.17164143363118,5.491396381162531,6.423111110558381,0.03894499999999697,0.04974499999999653,True,True,296.3869621852063,308.30146967692724,11.91450749172094,True,0
2111,2014-05-23,305.46,304.77671390031605,-0.6832860996839258,0.6832860996839258,5.491396381162531,6.423111110558381,0.038949999999996966,0.049749999999996526,True,True,299.2853175191535,311.1998250108744,11.914507491720883,True,0
2112,2014-05-27,314.41,305.2638327571355,-9.146167242864522,9.146167242864522,5.491396381162531,6.356582550212465,0.038954999999996964,0.049754999999996524,True,False,299.772436375973,311.62041530734797,11.847978931374996,False,1
2113,2014-05-28,309.5,313.9620981573074,4.462098157307423,-4.462098157307423,5.491396381162531,6.519453243072064,0.03895999999999696,0.049659999999996526,True,True,308.4707017761449,320.4815514003795,12.010849624234595,True,0
2114,2014-05-29,310.42,309.4463911365644,-0.9736088634356292,0.9736088634356292,5.491396381162531,6.519453243072064,0.03896499999999696,0.049664999999996524,True,True,303.95499475540186,315.96584437963645,12.010849624234595,True,0
2115,2014-05-30,314.43,310.2233918823212,-4.2066081176787975,4.2066081176787975,5.491396381162531,6.423111110558381,0.03896999999999696,0.04966999999999652,True,True,304.7319955011587,316.6465029928796,11.91450749172094,True,0
2116,2014-06-02,312.59,314.1278209327599,1.537820932759928,-1.537820932759928,5.491396381162531,6.423111110558381,0.038974999999996957,0.04967499999999652,True,True,308.6364245515974,320.5509320433183,11.91450749172094,True,0
2117,2014-06-03,305.75,312.4556039251356,6.70560392513562,-6.70560392513562,5.491396381162531,6.423111110558381,0.038979999999996955,0.04967999999999652,False,True,306.9642075439731,318.878715035694,11.914507491720883,False,1
2118,2014-06-04,306.85,305.7767139318979,-1.0732860681021066,1.0732860681021066,5.545091823505189,6.423111110558381,0.03888499999999696,0.04968499999999652,True,True,300.23162210839274,312.19982504245627,11.968202934063527,True,0
2119,2014-06-05,308.1,306.65541051305024,-1.4445894869497806,1.4445894869497806,5.545091823505189,6.423111110558381,0.038889999999996955,0.049689999999996515,True,True,301.11031868954507,313.0785216236086,11.968202934063527,True,0
2120,2014-06-06,325.0,307.8815110783252,-17.118488921674782,17.118488921674782,5.545091823505189,6.423111110558381,0.03889499999999695,0.04969499999999651,True,False,302.33641925482004,314.3046221888836,11.968202934063584,False,1
2121,2014-06-09,331.57,324.30149142937745,-7.268508570622544,7.268508570622544,5.545091823505189,6.519453243072064,0.03889999999999695,0.049599999999996515,True,False,318.7563996058723,330.8209446724495,12.064545066577239,False,1
2122,2014-06-10,327.65,331.1540112170583,3.5040112170583484,-3.5040112170583484,5.545091823505189,6.542630751341889,0.03890499999999695,0.04950499999999652,True,True,325.60891939355315,337.69664196840023,12.087722574847078,True,0
2123,2014-06-11,336.0,327.5611160834905,-8.438883916509496,8.438883916509496,5.545091823505189,6.542630751341889,0.03890999999999695,0.049509999999996515,True,False,322.01602425998533,334.1037468348324,12.087722574847078,False,1
2124,2014-06-12,335.55,335.5781586000576,0.028158600057565764,-0.028158600057565764,5.545091823505189,6.556223870250761,0.038914999999996945,0.04941499999999652,True,True,330.0330667765524,342.1343824703083,12.101315693755907,True,0
2125,2014-06-13,327.05,335.35806783924545,8.308067839245439,-8.308067839245439,5.545091823505189,6.556223870250761,0.03891999999999694,0.049419999999996515,False,True,329.8129760157403,341.9142917094962,12.101315693755907,False,1
2126,2014-06-16,324.86,327.1111676537402,2.251167653740197,-2.251167653740197,5.64943776497222,6.546401169521516,0.038824999999996945,0.04942499999999651,True,True,321.461729888768,333.6575688232617,12.195838934493736,True,0
2127,2014-06-17,327.54,324.762178825051,-2.777821174948997,2.777821174948997,5.64943776497222,6.546401169521516,0.03882999999999694,0.04942999999999651,True,True,319.1127410600788,331.30857999457254,12.195838934493736,True,0
2128,2014-06-18,328.0,327.28399733340683,-0.7160026665931696,0.7160026665931696,5.64943776497222,6.546401169521516,0.03883499999999694,0.04943499999999651,True,True,321.6345595684346,333.83039850292835,12.195838934493736,True,0
2129,2014-06-19,335.26,327.7944619144654,-7.465538085534604,7.465538085534604,5.64943776497222,6.546401169521516,0.03883999999999694,0.04943999999999651,True,False,322.14502414949317,334.3408630839869,12.195838934493736,False,1
2130,2014-06-20,327.76,334.86051111912855,7.100511119128555,-7.100511119128555,5.64943776497222,6.556223870250761,0.03884499999999694,0.04934499999999651,False,True,329.2110733541563,341.4167349893793,12.205661635222953,False,1
2131,2014-06-23,323.33,327.77260262318634,4.44260262318636,-4.44260262318636,5.706110007693951,6.556223870250761,0.03874999999999694,0.04934999999999651,True,True,322.0664926154924,334.3288264934371,12.262333877944684,True,0
2132,2014-06-24,327.54,323.2960912428298,-4.243908757170232,4.243908757170232,5.706110007693951,6.556223870250761,0.03875499999999694,0.049354999999996506,True,True,317.58998123513584,329.8523151130805,12.262333877944684,True,0
2133,2014-06-25,324.33,327.2459777044959,2.9159777044959014,-2.9159777044959014,5.706110007693951,6.556223870250761,0.038759999999996936,0.049359999999996504,True,True,321.53986769680193,333.8022015747466,12.262333877944684,True,0
2134,2014-06-26,328.49,324.226604832568,-4.263395167432009,4.263395167432009,5.706110007693951,6.556223870250761,0.038764999999996934,0.0493649999999965,True,True,318.52049482487405,330.78282870281873,12.262333877944684,True,0
2135,2014-06-27,325.88,328.1920568715499,2.312056871549885,-2.312056871549885,5.706110007693951,6.556223870250761,0.03876999999999693,0.0493699999999965,True,True,322.48594686385593,334.7482807418006,12.262333877944684,True,0
2136,2014-06-30,324.98,325.759922312464,0.7799223124640093,-0.7799223124640093,5.706110007693951,6.556223870250761,0.03877499999999693,0.0493749999999965,True,True,320.0538123047701,332.31614618271476,12.262333877944684,True,0
2137,2014-07-01,325.86,324.83001185228716,-1.0299881477128565,1.0299881477128565,5.706110007693951,6.556223870250761,0.03877999999999693,0.049379999999996496,True,True,319.1239018445932,331.3862357225379,12.262333877944684,True,0
2138,2014-07-02,333.2,325.6524642930228,-7.547535706977214,7.547535706977214,5.706110007693951,6.556223870250761,0.038784999999996926,0.049384999999996494,True,False,319.9463542853288,332.20868816327356,12.26233387794474,False,1
2139,2014-07-03,334.83,332.79357564923924,-2.03642435076074,2.03642435076074,5.706110007693951,6.564767746229279,0.038789999999996924,0.049289999999996496,True,True,327.0874656415453,339.3583433954685,12.27087775392323,True,0
2140,2014-07-07,337.5,334.57357361901643,-2.926426380983571,2.926426380983571,5.706110007693951,6.564767746229279,0.03879499999999692,0.049294999999996494,True,True,328.8674636113225,341.1383413652457,12.27087775392323,True,0
2141,2014-07-08,333.1,337.23040456602826,4.130404566028233,-4.130404566028233,5.64943776497222,6.564767746229279,0.03879999999999692,0.04929999999999649,True,True,331.58096680105604,343.79517231225753,12.214205511201499,True,0
2142,2014-07-09,324.71,333.0345930339077,8.324593033907718,-8.324593033907718,5.64943776497222,6.564767746229279,0.03880499999999692,0.04930499999999649,False,True,327.3851552689355,339.599360780137,12.214205511201499,False,1
2143,2014-07-10,324.34,324.7797462801689,0.4397462801689471,-0.4397462801689471,5.758737841739219,6.564767746229279,0.03870999999999692,0.04930999999999649,True,True,319.0210084384297,331.3445140263982,12.323505587968498,True,0
2144,2014-07-11,334.71,324.1915764066067,-10.518423593393265,10.518423593393265,5.758737841739219,6.564767746229279,0.03871499999999692,0.04931499999999649,True,False,318.4328385648675,330.756344152836,12.323505587968498,False,1
2145,2014-07-14,347.03,334.2183337713885,-12.8116662286115,12.8116662286115,5.706110007693951,6.600213493306498,0.03871999999999692,0.04921999999999649,True,False,328.5122237636945,340.818547264695,12.306323501000463,False,1
2146,2014-07-15,353.72,346.4469914816081,-7.273008518391919,7.273008518391919,5.706110007693951,6.643232732744934,0.038724999999996915,0.04912499999999649,True,False,340.74088147391416,353.09022421435304,12.349342740438885,False,1
2147,2014-07-16,355.62,353.3028798803127,-2.3171201196873312,2.3171201196873312,5.706110007693951,6.6538544390432435,0.03872999999999691,0.04902999999999649,True,True,347.5967698726187,359.9567343193559,12.359964446737195,True,0
2148,2014-07-17,353.44,355.35824882160205,1.9182488216020488,-1.9182488216020488,5.706110007693951,6.6538544390432435,0.03873499999999691,0.04903499999999649,True,True,349.6521388139081,362.0121032606453,12.359964446737195,True,0
2149,2014-07-18,354.4,353.3062659010682,-1.0937340989318045,1.0937340989318045,5.706110007693951,6.6538544390432435,0.03873999999999691,0.04903999999999649,True,True,347.6001558933742,359.9601203401114,12.359964446737195,True,0
2150,2014-07-21,358.1,354.1915663860138,-3.908433613986233,3.908433613986233,5.706110007693951,6.6538544390432435,0.03874499999999691,0.04904499999999649,True,True,348.48545637831984,360.84542082505703,12.359964446737195,True,0
2151,2014-07-22,355.25,357.8051795885742,2.5551795885742195,-2.5551795885742195,5.706110007693951,6.6538544390432435,0.038749999999996905,0.049049999999996485,True,True,352.09906958088027,364.45903402761746,12.359964446737195,True,0
2152,2014-07-23,359.05,355.12901668043247,-3.92098331956754,3.92098331956754,5.706110007693951,6.6538544390432435,0.0387549999999969,0.04905499999999648,True,True,349.4229066727385,361.7828711194757,12.359964446737195,True,0
2153,2014-07-24,359.98,358.76372414019306,-1.2162758598069559,1.2162758598069559,5.706110007693951,6.6538544390432435,0.0387599999999969,0.04905999999999648,True,True,353.0576141324991,365.4175785792363,12.359964446737195,True,0
2154,2014-07-25,317.3,359.75373337730974,42.45373337730973,-42.45373337730973,5.706110007693951,6.6538544390432435,0.0387649999999969,0.04906499999999648,False,True,354.0476233696158,366.407587816353,12.359964446737195,False,1
2155,2014-07-28,324.25,318.23782467150767,-6.012175328492333,6.012175328492333,5.758737841739219,6.6538544390432435,0.0386699999999969,0.04906999999999648,True,True,312.47908682976845,324.8916791105509,12.412592280782462,True,0
2156,2014-07-29,321.98,324.0159491306286,2.0359491306285804,-2.0359491306285804,5.758737841739219,6.6538544390432435,0.0386749999999969,0.049074999999996476,True,True,318.2572112888894,330.66980356967184,12.412592280782462,True,0
2157,2014-07-30,321.45,321.83726204313723,0.3872620431372411,-0.3872620431372411,5.758737841739219,6.6538544390432435,0.0386799999999969,0.049079999999996474,True,True,316.078524201398,328.4911164821805,12.412592280782462,True,0
2158,2014-07-31,320.01,321.2875210465948,1.2775210465948135,-1.2775210465948135,5.758737841739219,6.6538544390432435,0.038684999999996895,0.04908499999999647,True,True,315.5287832048556,327.94137548563805,12.412592280782462,True,0
2159,2014-08-01,313.69,319.8689220819677,6.178922081967698,-6.178922081967698,5.758737841739219,6.6538544390432435,0.038689999999996894,0.04908999999999647,False,True,314.1101842402285,326.52277652101094,12.412592280782462,False,1
2160,2014-08-04,308.84,313.6965956310244,4.856595631024447,-4.856595631024447,5.871206401475206,6.6538544390432435,0.038594999999996896,0.04909499999999647,True,True,307.8253892295492,320.35045007006767,12.52506084051845,True,0
2161,2014-08-05,313.65,308.8203450903378,-4.8296549096621675,4.8296549096621675,5.871206401475206,6.643232732744934,0.038599999999996894,0.049099999999996466,True,True,302.9491386888626,315.46357782308274,12.51443913422014,True,0
2162,2014-08-06,310.83,313.340655798881,2.5106557988810323,-2.5106557988810323,5.871206401475206,6.643232732744934,0.03860499999999689,0.049104999999996464,True,True,307.4694493974058,319.98388853162595,12.51443913422014,True,0
2163,2014-08-07,315.21,310.71435623824175,-4.495643761758231,4.495643761758231,5.871206401475206,6.643232732744934,0.03860999999999689,0.04910999999999646,True,True,304.84314983676654,317.3575889709867,12.51443913422014,True,0
2164,2014-08-08,311.94,314.904415053976,2.9644150539759835,-2.9644150539759835,5.871206401475206,6.643232732744934,0.03861499999999689,0.04911499999999646,True,True,309.0332086525008,321.5476477867209,12.51443913422014,True,0
2165,2014-08-11,318.48,311.83997772265474,-6.640022277345281,6.640022277345281,5.871206401475206,6.643232732744934,0.038619999999996886,0.04911999999999646,True,True,305.96877132117953,318.48321045539967,12.51443913422014,True,0
2166,2014-08-12,318.89,318.1072368485861,-0.7827631514138602,0.7827631514138602,5.871206401475206,6.643232732744934,0.038624999999996884,0.049124999999996456,True,True,312.2360304471109,324.75046958133106,12.51443913422014,True,0
2167,2014-08-13,327.6,318.6719059551647,-8.928094044835348,8.928094044835348,5.871206401475206,6.643232732744934,0.03862999999999688,0.049129999999996454,True,False,312.80069955368947,325.3151386879096,12.51443913422014,False,1
2168,2014-08-14,327.8,327.14693606092953,-0.6530639390704778,0.6530639390704778,5.871206401475206,6.6538544390432435,0.03863499999999688,0.049034999999996456,True,True,321.2757296594543,333.8007904999728,12.52506084051845,True,0
2169,2014-08-15,334.0,327.5816090645976,-6.418390935402385,6.418390935402385,5.871206401475206,6.6538544390432435,0.03863999999999688,0.049039999999996454,True,True,321.7104026631224,334.23546350364086,12.52506084051845,True,0
2170,2014-08-18,335.48,333.62286420348136,-1.8571357965186621,1.8571357965186621,5.871206401475206,6.6538544390432435,0.038644999999996876,0.04904499999999645,True,True,327.75165780200615,340.2767186425246,12.52506084051845,True,0
2171,2014-08-19,334.87,335.230447621238,0.360447621237995,-0.360447621237995,5.871206401475206,6.6538544390432435,0.038649999999996874,0.04904999999999645,True,True,329.3592412197628,341.88430206028124,12.52506084051845,True,0
2172,2014-08-20,334.68,334.69438207138984,0.014382071389832163,-0.014382071389832163,5.871206401475206,6.6538544390432435,0.03865499999999687,0.04905499999999645,True,True,328.82317566991463,341.3482365104331,12.52506084051845,True,0
2173,2014-08-21,336.48,334.49695271869314,-1.983047281306881,1.983047281306881,5.871206401475206,6.6538544390432435,0.03865999999999687,0.04905999999999645,True,True,328.62574631721793,341.1508071577364,12.52506084051845,True,0
2174,2014-08-22,332.99,336.23613980115675,3.246139801156744,-3.246139801156744,5.758737841739219,6.6538544390432435,0.03866499999999687,0.049064999999996445,True,True,330.47740195941753,342.8899942402,12.412592280782462,True,0
2175,2014-08-25,333.21,332.8993681416899,-0.31063185831010287,0.31063185831010287,5.758737841739219,6.6538544390432435,0.03866999999999687,0.04906999999999644,True,True,327.14063029995066,339.5532225807331,12.412592280782462,True,0
2176,2014-08-26,337.0,333.02191845079165,-3.9780815492083548,3.9780815492083548,5.758737841739219,6.6538544390432435,0.038674999999996865,0.04907499999999644,True,True,327.2631806090524,339.6757728898349,12.412592280782462,True,0
2177,2014-08-27,342.09,336.6950470331314,-5.394952966868573,5.394952966868573,5.758737841739219,6.6538544390432435,0.03867999999999686,0.04907999999999644,True,True,330.9363091913922,343.34890147217465,12.412592280782462,True,0
2178,2014-08-28,340.0,341.7362353045383,1.7362353045382974,-1.7362353045382974,5.758737841739219,6.6538544390432435,0.03868499999999686,0.04908499999999644,True,True,335.9774974627991,348.39008974358154,12.412592280782462,True,0
2179,2014-08-29,341.76,339.85769247154576,-1.9023075284542301,1.9023075284542301,5.758737841739219,6.6538544390432435,0.03868999999999686,0.049089999999996435,True,True,334.09895462980654,346.511546910589,12.412592280782462,True,0
2180,2014-09-02,339.98,341.52087114817937,1.540871148179349,-1.540871148179349,5.758737841739219,6.6538544390432435,0.03869499999999686,0.04909499999999643,True,True,335.76213330644015,348.1747255872226,12.412592280782462,True,0
2181,2014-09-03,342.54,339.8370983240889,-2.7029016759111073,2.7029016759111073,5.758737841739219,6.643232732744934,0.038699999999996855,0.04909999999999643,True,True,334.0783604823497,346.48033105683385,12.401970574484153,True,0
2182,2014-09-04,343.69,342.27575708067786,-1.4142429193221346,1.4142429193221346,5.758737841739219,6.643232732744934,0.03870499999999685,0.04910499999999643,True,True,336.51701923893864,348.9189898134228,12.401970574484153,True,0
2183,2014-09-05,346.3,343.45715110690236,-2.8428488930976528,2.8428488930976528,5.758737841739219,6.643232732744934,0.03870999999999685,0.04910999999999643,True,True,337.69841326516314,350.1003838396473,12.401970574484153,True,0
2184,2014-09-08,344.54,346.0265201146722,1.486520114672203,-1.486520114672203,5.758737841739219,6.643232732744934,0.03871499999999685,0.049114999999996425,True,True,340.267782272933,352.66975284741716,12.401970574484153,True,0
2185,2014-09-09,341.61,344.39362054929603,2.7836205492960175,-2.7836205492960175,5.758737841739219,6.643232732744934,0.03871999999999685,0.04911999999999642,True,True,338.6348827075568,351.03685328204097,12.401970574484153,True,0
2186,2014-09-10,334.3,341.50923958864263,7.2092395886426175,-7.2092395886426175,5.758737841739219,6.643232732744934,0.038724999999996845,0.04912499999999642,False,True,335.7505017469034,348.15247232138756,12.401970574484153,False,1
2187,2014-09-11,329.94,334.33076628067494,4.390766280674939,-4.390766280674939,5.871206401475206,6.643232732744934,0.03862999999999685,0.04912999999999642,True,True,328.45955987919973,340.97399901341987,12.51443913422014,True,0
2188,2014-09-12,329.56,329.8945508382587,0.3345508382586786,-0.3345508382586786,5.871206401475206,6.643232732744934,0.038634999999996845,0.04913499999999642,True,True,324.0233444367835,336.5377835710036,12.51443913422014,True,0
2189,2014-09-15,330.91,329.39171031945295,-1.5182896805470705,1.5182896805470705,5.871206401475206,6.643232732744934,0.038639999999996844,0.049139999999996416,True,True,323.52050391797775,336.0349430521979,12.51443913422014,True,0
2190,2014-09-16,321.07,330.6813311334681,9.611331133468127,-9.611331133468127,5.871206401475206,6.643232732744934,0.03864499999999684,0.049144999999996414,False,True,324.8101247319929,337.32456386621305,12.51443913422014,False,1
2191,2014-09-17,327.76,321.16661123971113,-6.59338876028886,6.59338876028886,5.8780222887984905,6.643232732744934,0.038549999999996844,0.04914999999999641,True,True,315.28858895091264,327.80984397245606,12.521255021543425,True,0
2192,2014-09-18,325.44,327.39123014939355,1.9512301493935524,-1.9512301493935524,5.8780222887984905,6.643232732744934,0.03855499999999684,0.04915499999999641,True,True,321.51320786059506,334.0344628821385,12.521255021543425,True,0
2193,2014-09-19,327.6,325.3068927359021,-2.2931072640978982,2.2931072640978982,5.8780222887984905,6.643232732744934,0.03855999999999684,0.04915999999999641,True,True,319.42887044710363,331.95012546864706,12.521255021543425,True,0
2194,2014-09-22,328.49,327.35084751366566,-1.1391524863343534,1.1391524863343534,5.8780222887984905,6.643232732744934,0.03856499999999684,0.049164999999996406,True,True,321.47282522486717,333.9940802464106,12.521255021543425,True,0
2195,2014-09-23,322.46,328.26963641578203,5.809636415782052,-5.809636415782052,5.8780222887984905,6.643232732744934,0.038569999999996836,0.049169999999996404,True,True,322.39161412698354,334.91286914852697,12.521255021543425,True,0
2196,2014-09-24,324.17,322.45052636230747,-1.7194736376925448,1.7194736376925448,5.8780222887984905,6.643232732744934,0.038574999999996834,0.0491749999999964,True,True,316.572504073509,329.0937590950524,12.521255021543425,True,0
2197,2014-09-25,327.99,323.9434559197108,-4.046544080289209,4.046544080289209,5.8780222887984905,6.643232732744934,0.03857999999999683,0.0491799999999964,True,True,318.0654336309123,330.58668865245573,12.521255021543425,True,0
2198,2014-09-26,320.6,327.68153007163846,7.08153007163844,-7.08153007163844,5.8780222887984905,6.640022277345281,0.03858499999999683,0.0491849999999964,False,True,321.80350778284,334.32155234898374,12.518044566143772,False,1
2199,2014-09-29,320.5,320.62570111689587,0.12570111689586838,-0.12570111689586838,5.879998818175238,6.640022277345281,0.03848999999999683,0.049189999999996396,True,True,314.74570229872063,327.26572339424115,12.52002109552052,True,0
2200,2014-09-30,321.36,320.3338559971494,-1.0261440028506286,1.0261440028506286,5.879998818175238,6.640022277345281,0.03849499999999683,0.049194999999996394,True,True,314.45385717897415,326.97387827449467,12.52002109552052,True,0
2201,2014-10-01,322.04,321.1475603393956,-0.8924396606043956,0.8924396606043956,5.879998818175238,6.640022277345281,0.03849999999999683,0.04919999999999639,True,True,315.2675615212204,327.7875826167409,12.52002109552052,True,0
2202,2014-10-02,316.92,321.83044771226236,4.910447712262339,-4.910447712262339,5.879998818175238,6.640022277345281,0.038504999999996826,0.04920499999999639,True,True,315.9504488940871,328.47046998960764,12.52002109552052,True,0
2203,2014-10-03,320.36,316.8871098464998,-3.4728901535002024,3.4728901535002024,5.879998818175238,6.640022277345281,0.038509999999996825,0.04920999999999639,True,True,311.0071110283246,323.5271321238451,12.52002109552052,True,0
2204,2014-10-06,323.5,320.08117563499593,-3.4188243650040704,3.4188243650040704,5.879998818175238,6.640022277345281,0.03851499999999682,0.04921499999999639,True,True,314.2011768168207,326.7211979123412,12.52002109552052,True,0
2205,2014-10-07,319.43,323.2081635236493,3.7781635236493116,-3.7781635236493116,5.879998818175238,6.640022277345281,0.03851999999999682,0.049219999999996385,True,True,317.3281647054741,329.8481858009946,12.52002109552052,True,0
2206,2014-10-08,316.58,319.3588082113046,2.7788082113046357,-2.7788082113046357,5.879998818175238,6.640022277345281,0.03852499999999682,0.04922499999999638,True,True,313.4788093931294,325.9988304886499,12.52002109552052,True,0
2207,2014-10-09,321.49,316.4919012460547,-4.998098753945328,4.998098753945328,5.879998818175238,6.640022277345281,0.03852999999999682,0.04922999999999638,True,True,310.61190242787944,323.13192352339996,12.52002109552052,True,0
2208,2014-10-10,314.02,321.16106133558054,7.141061335580559,-7.141061335580559,5.8780222887984905,6.640022277345281,0.038534999999996815,0.04923499999999638,False,True,315.28303904678205,327.8010836129258,12.518044566143772,False,1
2209,2014-10-13,309.87,314.0495277850626,4.179527785062589,-4.179527785062589,5.9015102107764505,6.640022277345281,0.03843999999999682,0.04923999999999638,True,True,308.14801757428614,320.6895500624079,12.541532488121732,True,0
2210,2014-10-14,308.0,309.8339667137373,1.8339667137373112,-1.8339667137373112,5.9015102107764505,6.640022277345281,0.038444999999996815,0.049244999999996375,True,True,303.93245650296086,316.4739889910826,12.541532488121732,True,0
2211,2014-10-15,304.35,307.88689595723486,3.536895957234833,-3.536895957234833,5.9015102107764505,6.640022277345281,0.03844999999999681,0.04924999999999637,True,True,301.9853857464584,314.52691823458014,12.541532488121732,True,0
2212,2014-10-16,293.83,304.2858537765707,10.455853776570734,-10.455853776570734,5.879998818175238,6.640022277345281,0.03845499999999681,0.04925499999999637,False,True,298.4058549583955,310.925876053916,12.52002109552052,False,1
2213,2014-10-17,307.15,293.9757923137778,-13.17420768622219,13.17420768622219,5.901579565597444,6.640022277345281,0.03835999999999681,0.04925999999999637,True,False,288.07421274818034,300.61581459112307,12.541601842942725,False,1
2214,2014-10-20,302.95,306.5778986884558,3.6278986884557867,-3.6278986884557867,5.901579565597444,6.643232732744934,0.03836499999999681,0.04916499999999637,True,True,300.67631912285833,313.2211314212007,12.544812298342379,True,0
2215,2014-10-21,309.9,302.86838876140865,-7.031611238591324,7.031611238591324,5.901579565597444,6.643232732744934,0.03836999999999681,0.04916999999999637,True,False,296.9668091958112,309.5116214941536,12.544812298342379,False,1
2216,2014-10-22,315.43,309.50470341359716,-5.925296586402851,5.925296586402851,5.9015102107764505,6.6538544390432435,0.03837499999999681,0.04907499999999637,True,True,303.6031932028207,316.1585578526404,12.555364649819694,True,0
2217,2014-10-23,313.4,315.05621629285673,1.6562162928567545,-1.6562162928567545,5.9015102107764505,6.6538544390432435,0.038379999999996806,0.04907999999999637,True,True,309.1547060820803,321.7100707319,12.555364649819694,True,0
2218,2014-10-24,284.4,313.26785267240183,28.867852672401852,-28.867852672401852,5.9015102107764505,6.6538544390432435,0.038384999999996804,0.04908499999999637,False,True,307.3663424616254,319.9217071114451,12.555364649819694,False,1
2219,2014-10-27,285.7,285.0935162037431,-0.6064837962568959,0.6064837962568959,5.90610438362981,6.6538544390432435,0.038289999999996806,0.049089999999996366,True,True,279.1874118201133,291.74737064278634,12.559958822673025,True,0
2220,2014-10-28,289.76,285.5803514134694,-4.179648586530618,4.179648586530618,5.90610438362981,6.6538544390432435,0.038294999999996804,0.049094999999996364,True,True,279.67424702983953,292.2342058525126,12.559958822673082,True,0
2221,2014-10-29,299.11,289.45684196852847,-9.653158031471548,9.653158031471548,5.901579565597444,6.643232732744934,0.0382999999999968,0.04909999999999636,True,False,283.555262402931,296.1000747012734,12.544812298342379,False,1
2222,2014-10-30,293.98,298.62421921424453,4.644219214244515,-4.644219214244515,5.901579565597444,6.734591479484834,0.0383049999999968,0.049004999999996364,True,True,292.7226396486471,305.35881069372937,12.636171045082278,True,0
2223,2014-10-31,305.15,293.9255463750868,-11.224453624913167,11.224453624913167,5.901579565597444,6.734591479484834,0.0383099999999968,0.04900999999999636,True,False,288.02396680948937,300.66013785457164,12.636171045082278,False,1
2224,2014-11-03,306.24,304.6297329898722,-1.6102670101278136,1.6102670101278136,5.901579565597444,6.756284268523473,0.038314999999996796,0.048914999999996364,True,True,298.72815342427475,311.38601725839567,12.657863834120917,True,0
2225,2014-11-04,303.99,305.9849564756612,1.9949564756611835,-1.9949564756611835,5.901579565597444,6.756284268523473,0.038319999999996794,0.04891999999999636,True,True,300.08337691006375,312.74124074418467,12.657863834120917,True,0
2226,2014-11-05,303.01,303.87665868895596,0.8666586889559653,-0.8666586889559653,5.901579565597444,6.756284268523473,0.03832499999999679,0.04892499999999636,True,True,297.9750791233585,310.63294295747943,12.657863834120917,True,0
2227,2014-11-06,296.69,302.8696806099745,6.179680609974525,-6.179680609974525,5.901579565597444,6.756284268523473,0.03832999999999679,0.04892999999999636,False,True,296.9681010443771,309.625964878498,12.657863834120917,False,1
2228,2014-11-07,297.82,296.7137886538904,-1.1062113461096033,1.1062113461096033,5.90610438362981,6.756284268523473,0.03823499999999679,0.048934999999996356,True,True,290.80768427026055,303.47007292241386,12.66238865215331,True,0
2229,2014-11-10,300.0,297.6307236249102,-2.3692763750897825,2.3692763750897825,5.90610438362981,6.734591479484834,0.03823999999999679,0.048939999999996354,True,True,291.7246192412804,304.36531510439505,12.640695863114672,True,0
2230,2014-11-11,305.94,299.7499215234282,-6.1900784765717844,6.1900784765717844,5.90610438362981,6.734591479484834,0.03824499999999679,0.04894499999999635,True,True,293.8438171397984,306.48451300291305,12.640695863114672,True,0
2231,2014-11-12,310.75,305.563734436584,-5.186265563415986,5.186265563415986,5.90610438362981,6.734591479484834,0.03824999999999679,0.04894999999999635,True,True,299.65763005295423,312.29832591606885,12.640695863114615,True,0
2232,2014-11-13,312.0,310.39456554322817,-1.6054344567718317,1.6054344567718317,5.90610438362981,6.734591479484834,0.038254999999996785,0.04895499999999635,True,True,304.4884611595984,317.129157022713,12.640695863114615,True,0
2233,2014-11-14,317.12,311.760187131742,-5.359812868258018,5.359812868258018,5.90610438362981,6.734591479484834,0.03825999999999678,0.04895999999999635,True,True,305.8540827481122,318.4947786112268,12.640695863114615,True,0
2234,2014-11-17,326.44,316.7693683676172,-9.670631632382822,9.670631632382822,5.90610438362981,6.734591479484834,0.03826499999999678,0.048964999999996345,True,False,310.8632639839874,323.503959847102,12.640695863114615,False,1
2235,2014-11-18,323.99,325.9421809169004,1.9521809169003745,-1.9521809169003745,5.90610438362981,6.756284268523473,0.03826999999999678,0.04886999999999635,True,True,320.0360765332706,332.69846518542386,12.662388652153254,True,0
2236,2014-11-19,327.25,323.84426490116033,-3.4057350988396706,3.4057350988396706,5.90610438362981,6.756284268523473,0.03827499999999678,0.048874999999996345,True,True,317.9381605175305,330.6005491696838,12.66238865215331,True,0
2237,2014-11-20,324.0,326.9654168122223,2.9654168122223155,-2.9654168122223155,5.90610438362981,6.756284268523473,0.038279999999996775,0.04887999999999634,True,True,321.05931242859253,333.7217010807458,12.662388652153254,True,0
2238,2014-11-21,335.42,323.89993381596884,-11.52006618403118,11.52006618403118,5.90610438362981,6.756284268523473,0.03828499999999677,0.04888499999999634,True,False,317.993829432339,330.6562180844923,12.66238865215331,False,1
2239,2014-11-24,334.78,334.8739946946825,0.09399469468252164,-0.09399469468252164,5.90610438362981,6.773420973389932,0.03828999999999677,0.04878999999999634,True,True,328.96789031105266,341.6474156680724,12.67952535701977,True,0
2240,2014-11-25,335.27,334.5724778709523,-0.6975221290476838,0.6975221290476838,5.90610438362981,6.773420973389932,0.03829499999999677,0.04879499999999634,True,True,328.6663734873225,341.34589884434223,12.679525357019713,True,0
2241,2014-11-26,333.78,335.06208585479067,1.2820858547906937,-1.2820858547906937,5.90610438362981,6.773420973389932,0.03829999999999677,0.04879999999999634,True,True,329.1559814711609,341.8355068281806,12.679525357019713,True,0
2242,2014-11-28,336.03,333.630931286665,-2.399068713334998,2.399068713334998,5.90610438362981,6.773420973389932,0.038304999999996765,0.04880499999999634,True,True,327.72482690303514,340.4043522600549,12.67952535701977,True,0
2243,2014-12-01,338.12,335.7692036608539,-2.350796339146086,2.350796339146086,5.90610438362981,6.773420973389932,0.03830999999999676,0.048809999999996335,True,True,329.86309927722414,342.54262463424385,12.679525357019713,True,0
2244,2014-12-02,327.5,337.8529542557082,10.352954255708198,-10.352954255708198,5.90610438362981,6.773420973389932,0.03831499999999676,0.048814999999996334,False,True,331.94684987207836,344.62637522909813,12.67952535701977,False,1
2245,2014-12-03,325.73,327.62879144192055,1.8987914419205367,-1.8987914419205367,5.937233423078084,6.773420973389932,0.038219999999996764,0.04881999999999633,True,True,321.69155801884244,334.4022124153105,12.710654396468044,True,0
2246,2014-12-04,315.53,325.6248737953003,10.094873795300316,-10.094873795300316,5.937233423078084,6.773420973389932,0.03822499999999676,0.04882499999999633,False,True,319.6876403722222,332.3982947686902,12.710654396468044,False,1
2247,2014-12-05,316.8,315.6585124755415,-1.1414875244585119,1.1414875244585119,6.026140789719079,6.773420973389932,0.038129999999996764,0.04882999999999633,True,True,309.6323716858224,322.43193344893143,12.799561763109011,True,0
2248,2014-12-08,311.57,316.5971144101935,5.027114410193519,-5.027114410193519,6.026140789719079,6.773420973389932,0.03813499999999676,0.048834999999996326,True,True,310.57097362047443,323.37053538358344,12.799561763109011,True,0
2249,2014-12-09,302.99,311.54436997936557,8.55436997936556,-8.55436997936556,6.026140789719079,6.773420973389932,0.03813999999999676,0.048839999999996324,False,True,305.5182291896465,318.3177909527555,12.799561763109011,False,1
2250,2014-12-10,312.0,303.08124767117624,-8.918752328823757,8.918752328823757,6.092408393147139,6.773420973389932,0.03804499999999676,0.04884499999999632,True,False,296.9888392780291,309.8546686445662,12.86582936653707,False,1
2251,2014-12-11,307.89,311.55048532259735,3.660485322597367,-3.660485322597367,6.092408393147139,6.774356285789821,0.03804999999999676,0.048749999999996324,True,True,305.4580769294502,318.32484160838715,12.866764678936931,True,0
2252,2014-12-12,303.99,307.8167651694555,3.8267651694554843,-3.8267651694554843,6.092408393147139,6.774356285789821,0.03805499999999676,0.04875499999999632,True,True,301.72435677630835,314.59112145524534,12.866764678936988,True,0
2253,2014-12-15,308.87,303.94150626914364,-4.92849373085636,4.92849373085636,6.092408393147139,6.774356285789821,0.038059999999996756,0.04875999999999632,True,True,297.8490978759965,310.71586255493344,12.866764678936931,True,0
2254,2014-12-16,304.35,308.542374926536,4.19237492653599,-4.19237492653599,6.092408393147139,6.774356285789821,0.038064999999996754,0.04876499999999632,True,True,302.4499665333889,315.31673121232586,12.866764678936988,True,0
2255,2014-12-17,296.37,304.3002506630997,7.9302506630996845,-7.9302506630996845,6.092408393147139,6.774356285789821,0.03806999999999675,0.048769999999996316,False,True,298.20784226995255,311.0746069488895,12.866764678936931,False,1
2256,2014-12-18,304.01,296.4541618892656,-7.555838110734385,7.555838110734385,6.098298994795698,6.774356285789821,0.037974999999996754,0.048774999999996314,True,False,290.3558628944699,303.22851817505546,12.872655280585548,False,1
2257,2014-12-19,296.91,303.60771559086635,6.6977155908663235,-6.6977155908663235,6.098298994795698,6.836116549953033,0.03797999999999675,0.048679999999996316,False,True,297.50941659607065,310.4438321408194,12.934415544748731,False,1
2258,2014-12-22,301.94,296.94114575776086,-4.998854242239133,4.998854242239133,6.178922081967698,6.836116549953033,0.037884999999996755,0.048684999999996315,True,True,290.76222367579317,303.7772623077139,13.015038631920731,True,0
2259,2014-12-23,306.98,301.61359103001854,-5.366408969981478,5.366408969981478,6.178922081967698,6.836116549953033,0.03788999999999675,0.04868999999999631,True,True,295.43466894805084,308.4497075799716,13.015038631920731,True,0
2260,2014-12-24,306.38,306.62128320885677,0.24128320885677113,-0.24128320885677113,6.178922081967698,6.774356285789821,0.03789499999999675,0.04869499999999631,True,True,300.44236112688907,313.3956394946466,12.953278367757548,True,0
2261,2014-12-26,305.0,306.2050453832875,1.2050453832874837,-1.2050453832874837,6.178922081967698,6.774356285789821,0.03789999999999675,0.04869999999999631,True,True,300.0261233013198,312.97940166907733,12.953278367757548,True,0
2262,2014-12-29,307.85,304.86568121280544,-2.9843187871945815,2.9843187871945815,6.178922081967698,6.774356285789821,0.03790499999999675,0.04870499999999631,True,True,298.68675913083774,311.64003749859523,12.953278367757491,True,0
2263,2014-12-30,309.91,307.57925296680855,-2.3307470331914715,2.3307470331914715,6.178922081967698,6.774356285789821,0.037909999999996745,0.048709999999996305,True,True,301.40033088484086,314.3536092525984,12.953278367757548,True,0
2264,2014-12-31,311.55,309.65251109811373,-1.8974889018862768,1.8974889018862768,6.178922081967698,6.774356285789821,0.03791499999999674,0.0487149999999963,True,True,303.47358901614604,316.4268673839035,12.953278367757491,True,0
2265,2015-01-02,312.58,311.3074729488867,-1.2725270511132862,1.2725270511132862,6.178922081967698,6.774356285789821,0.03791999999999674,0.0487199999999963,True,True,305.128550866919,318.08182923467655,12.953278367757548,True,0
2266,2015-01-05,307.01,312.3578198047821,5.347819804782091,-5.347819804782091,6.178922081967698,6.774356285789821,0.03792499999999674,0.0487249999999963,True,True,306.1788977228144,319.1321760905719,12.953278367757491,True,0
2267,2015-01-06,302.24,307.00391740649985,4.763917406499843,-4.763917406499843,6.178922081967698,6.774356285789821,0.03792999999999674,0.0487299999999963,True,True,300.82499532453215,313.77827369228964,12.953278367757491,True,0
2268,2015-01-07,297.5,302.22790813333967,4.7279081333396675,-4.7279081333396675,6.178922081967698,6.774356285789821,0.037934999999996735,0.048734999999996295,True,True,296.04898605137197,309.00226441912946,12.953278367757491,True,0
2269,2015-01-08,300.32,297.48622932208525,-2.8337706779147425,2.8337706779147425,6.098298994795698,6.774356285789821,0.03793999999999673,0.04873999999999629,True,True,291.38793032728955,304.2605856078751,12.872655280585548,True,0
2270,2015-01-09,301.48,300.06445833110945,-1.4155416688905689,1.4155416688905689,6.098298994795698,6.774356285789821,0.03794499999999673,0.04874499999999629,True,True,293.96615933631375,306.8388146168993,12.872655280585548,True,0
2271,2015-01-12,297.56,301.25734770960435,3.697347709604344,-3.697347709604344,6.098298994795698,6.774356285789821,0.03794999999999673,0.04874999999999629,True,True,295.15904871480865,308.0317039953942,12.872655280585548,True,0
2272,2015-01-13,297.48,297.5061474873658,0.026147487365790312,-0.026147487365790312,6.098298994795698,6.774356285789821,0.03795499999999673,0.04875499999999629,True,True,291.4078484925701,304.2805037731556,12.87265528058549,True,0
2273,2015-01-14,291.93,297.31786984909775,5.38786984909774,-5.38786984909774,6.098298994795698,6.774356285789821,0.037959999999996726,0.048759999999996285,True,True,291.21957085430205,304.0922261348876,12.872655280585548,True,0
2274,2015-01-15,294.0,291.93461980634294,-2.065380193657063,2.065380193657063,6.098298994795698,6.774356285789821,0.037964999999996724,0.048764999999996284,True,True,285.83632081154724,298.70897609213273,12.87265528058549,True,0
2275,2015-01-16,286.28,293.7747374289464,7.494737428946451,-7.494737428946451,6.098298994795698,6.774356285789821,0.03796999999999672,0.04876999999999628,False,True,287.6764384341507,300.5490937147363,12.872655280585548,False,1
2276,2015-01-20,292.59,286.35319798701744,-6.236802012982537,6.236802012982537,6.178922081967698,6.774356285789821,0.037874999999996724,0.04877499999999628,True,True,280.17427590504974,293.1275542728073,12.953278367757548,True,0
2277,2015-01-21,289.64,292.2276178021368,2.5876178021368332,-2.5876178021368332,6.178922081967698,6.773420973389932,0.03787999999999672,0.04877999999999628,True,True,286.0486957201691,299.00103877552675,12.95234305535763,True,0
2278,2015-01-22,300.0,289.5532091478098,-10.44679085219019,10.44679085219019,6.178922081967698,6.773420973389932,0.03788499999999672,0.048784999999996276,True,False,283.3742870658421,296.32663012119974,12.95234305535763,False,1
2279,2015-01-23,308.08,299.48135824708413,-8.598641752915853,8.598641752915853,6.178922081967698,6.836116549953033,0.03788999999999672,0.04868999999999628,True,False,293.30243616511643,306.31747479703716,13.015038631920731,False,1
2280,2015-01-26,311.82,307.614959332484,-4.205040667516016,4.205040667516016,6.178922081967698,6.870571202061143,0.037894999999996716,0.04859499999999628,True,True,301.4360372505163,314.4855305345451,13.049493284028813,True,0
2281,2015-01-27,306.3,311.5030796531425,5.203079653142481,-5.203079653142481,6.178922081967698,6.870571202061143,0.037899999999996714,0.04859999999999628,True,True,305.3241575711748,318.37365085520366,13.04949328402887,True,0
2282,2015-01-28,309.81,306.2884015090276,-3.5215984909723943,3.5215984909723943,6.178922081967698,6.870571202061143,0.03790499999999671,0.048604999999996276,True,True,300.1094794270599,313.1589727110887,13.049493284028813,True,0
2283,2015-01-29,304.73,309.5217101038884,4.791710103888363,-4.791710103888363,6.178922081967698,6.870571202061143,0.03790999999999671,0.048609999999996274,True,True,303.3427880219207,316.3922813059495,13.049493284028813,True,0
2284,2015-01-30,346.32,304.70792368124427,-41.612076318755726,41.612076318755726,6.178922081967698,6.870571202061143,0.03791499999999671,0.04861499999999627,True,False,298.52900159927657,311.57849488330544,13.04949328402887,False,1
2285,2015-02-02,350.05,344.62964833354613,-5.4203516664538824,5.4203516664538824,6.178922081967698,7.031611238591324,0.037919999999996706,0.048519999999996274,True,True,338.45072625157843,351.66125957213745,13.210533320559023,True,0
2286,2015-02-03,360.29,349.69083495333706,-10.59916504666296,10.59916504666296,6.178922081967698,7.031611238591324,0.037924999999996704,0.04852499999999627,True,False,343.51191287136936,356.7224461919284,13.210533320559023,False,1
2287,2015-02-04,358.38,359.75383623430497,1.3738362343049744,-1.3738362343049744,6.178922081967698,7.06697954095597,0.0379299999999967,0.048429999999996275,True,True,353.57491415233727,366.82081577526094,13.245901622923668,True,0
2288,2015-02-05,366.0,358.2508840481991,-7.7491159518008885,7.7491159518008885,6.178922081967698,7.06697954095597,0.0379349999999967,0.04843499999999627,True,False,352.0719619662314,365.3178635891551,13.245901622923668,False,1
2289,2015-02-06,374.87,365.53775270505133,-9.332247294948672,9.332247294948672,6.178922081967698,7.069596295404779,0.0379399999999967,0.048339999999996275,True,False,359.35883062308363,372.6073490004561,13.248518377372477,False,1
2290,2015-02-09,371.0,374.3863387175728,3.386338717572812,-3.386338717572812,6.178922081967698,7.071300597949119,0.0379449999999967,0.04824499999999628,True,True,368.2074166356051,381.45763931552193,13.250222679916817,True,0
2291,2015-02-10,371.19,370.9294146545643,-0.2605853454356861,0.2605853454356861,6.178922081967698,7.071300597949119,0.037949999999996695,0.048249999999996275,True,True,364.7504925725966,378.00071525251343,13.250222679916817,True,0
2292,2015-02-11,371.23,370.96661305226996,-0.263386947730055,0.263386947730055,6.178922081967698,7.071300597949119,0.03795499999999669,0.04825499999999627,True,True,364.78769097030226,378.0379136502191,13.250222679916817,True,0
2293,2015-02-12,375.1,371.0186308099975,-4.081369190002533,4.081369190002533,6.098298994795698,7.071300597949119,0.03795999999999669,0.04825999999999627,True,True,364.9203318152018,378.0899314079466,13.169599592744817,True,0
2294,2015-02-13,378.41,374.76374165342924,-3.6462583465707894,3.6462583465707894,6.098298994795698,7.071300597949119,0.03796499999999669,0.04826499999999627,True,True,368.66544265863354,381.83504225137835,13.169599592744817,True,0
2295,2015-02-17,377.72,378.09853087692926,0.3785308769292328,-0.3785308769292328,6.098298994795698,7.071300597949119,0.03796999999999669,0.04826999999999627,True,True,372.00023188213356,385.1698314748784,13.169599592744817,True,0
2296,2015-02-18,375.42,377.5364924799656,2.1164924799655864,-2.1164924799655864,6.098298994795698,7.071300597949119,0.037974999999996685,0.048274999999996265,True,True,371.4381934851699,384.6077930779147,13.169599592744817,True,0
2297,2015-02-19,373.49,375.2812405073119,1.7912405073118975,-1.7912405073118975,6.098298994795698,7.071300597949119,0.03797999999999668,0.04827999999999626,True,True,369.1829415125162,382.352541105261,13.169599592744817,True,0
2298,2015-02-20,378.62,373.3368339266417,-5.283166073358302,5.283166073358302,6.098298994795698,7.071300597949119,0.03798499999999668,0.04828499999999626,True,True,367.238534931846,380.4081345245908,13.169599592744817,True,0
2299,2015-02-23,383.44,378.23877471832475,-5.201225281675249,5.201225281675249,6.098298994795698,7.071300597949119,0.03798999999999668,0.04828999999999626,True,True,372.14047572352905,385.31007531627387,13.169599592744817,True,0
2300,2015-02-24,378.65,383.0806897353645,4.430689735364524,-4.430689735364524,6.098298994795698,7.069596295404779,0.03799499999999668,0.04829499999999626,True,True,376.9823907405688,390.1502860307693,13.167895290200477,True,0
2301,2015-02-25,377.27,378.59861565884484,1.3286156588448534,-1.3286156588448534,6.098298994795698,7.069596295404779,0.037999999999996675,0.048299999999996256,True,True,372.50031666404914,385.6682119542496,13.167895290200477,True,0
2302,2015-02-26,384.07,377.09528861753273,-6.974711382467262,6.974711382467262,6.098298994795698,7.069596295404779,0.03800499999999667,0.048304999999996254,True,True,370.99698962273703,384.1648849129375,13.167895290200477,True,0
2303,2015-02-27,384.0,383.63477321448954,-0.3652267855104583,0.3652267855104583,6.098298994795698,7.069596295404779,0.03800999999999667,0.04830999999999625,True,True,377.53647421969384,390.7043695098943,13.167895290200477,True,0
2304,2015-03-02,380.85,383.79902363328847,2.949023633288448,-2.949023633288448,6.098298994795698,7.069596295404779,0.03801499999999667,0.04831499999999625,True,True,377.7007246384928,390.86861992869325,13.167895290200477,True,0
2305,2015-03-03,383.95,380.73852828994256,-3.211471710057424,3.211471710057424,6.098298994795698,7.069596295404779,0.03801999999999667,0.04831999999999625,True,True,374.64022929514687,387.80812458534734,13.167895290200477,True,0
2306,2015-03-04,385.71,383.6329970402894,-2.077002959710569,2.077002959710569,6.098298994795698,7.069596295404779,0.038024999999996666,0.048324999999996246,True,True,377.5346980454937,390.7025933356942,13.167895290200477,True,0
2307,2015-03-05,385.61,385.4442245165787,-0.16577548342132786,0.16577548342132786,6.098298994795698,7.069596295404779,0.038029999999996664,0.048329999999996244,True,True,379.345925521783,392.51382081198346,13.167895290200477,True,0
2308,2015-03-06,385.52,385.4024829934066,-0.11751700659340258,0.11751700659340258,6.098298994795698,7.069596295404779,0.03803499999999666,0.04833499999999624,True,True,379.3041839986109,392.47207928881136,13.167895290200477,True,0
2309,2015-03-09,378.4,385.30978501366315,6.909785013663168,-6.909785013663168,6.098298994795698,7.069596295404779,0.03803999999999666,0.04833999999999624,False,True,379.21148601886745,392.3793813090679,13.167895290200477,False,1
2310,2015-03-10,377.45,378.41473242233985,0.9647324223398641,-0.9647324223398641,6.178922081967698,7.069596295404779,0.03794499999999666,0.04834499999999624,True,True,372.23581034037215,385.48432871774463,13.248518377372477,True,0
2311,2015-03-11,370.61,377.259482517305,6.649482517304989,-6.649482517304989,6.178922081967698,7.069596295404779,0.03794999999999666,0.048349999999996236,False,True,371.0805604353373,384.3290788127098,13.248518377372477,False,1
2312,2015-03-12,368.82,370.6153364712125,1.7953364712125222,-1.7953364712125222,6.179680609974525,7.069596295404779,0.03785499999999666,0.048354999999996234,True,True,364.435655861238,377.6849327666173,13.249276905379304,True,0
2313,2015-03-13,371.52,368.6565827237773,-2.8634172762226626,2.8634172762226626,6.179680609974525,7.069596295404779,0.03785999999999666,0.04835999999999623,True,True,362.4769021138028,375.7261790191821,13.249276905379304,True,0
2314,2015-03-16,370.38,371.2194211843131,0.8394211843130961,-0.8394211843130961,6.179680609974525,7.069596295404779,0.03786499999999666,0.04836499999999623,True,True,365.03974057433857,378.28901747971787,13.249276905379304,True,0
2315,2015-03-17,371.11,370.20941516108695,-0.900584838913062,0.900584838913062,6.179680609974525,7.069596295404779,0.037869999999996656,0.04836999999999623,True,True,364.0297345511124,377.27901145649173,13.249276905379304,True,0
2316,2015-03-18,369.97,370.8738290754408,0.9038290754407967,-0.9038290754407967,6.179680609974525,7.069596295404779,0.037874999999996654,0.04837499999999623,True,True,364.6941484654663,377.9434253708456,13.249276905379304,True,0
2317,2015-03-19,373.87,369.79670201260944,-4.073297987390561,4.073297987390561,6.179680609974525,7.06697954095597,0.03787999999999665,0.048379999999996225,True,True,363.6170214026349,376.8636815535654,13.246660150930495,True,0
2318,2015-03-20,376.29,373.53071452258433,-2.7592854774156876,2.7592854774156876,6.179680609974525,7.06697954095597,0.03788499999999665,0.04838499999999622,True,True,367.3510339126098,380.5976940635403,13.246660150930495,True,0
2319,2015-03-23,378.07,376.00548037097565,-2.064519629024346,2.064519629024346,6.179680609974525,7.06697954095597,0.03788999999999665,0.04838999999999622,True,True,369.8257997610011,383.0724599119316,13.246660150930495,True,0
2320,2015-03-24,373.99,377.80372599361624,3.813725993616231,-3.813725993616231,6.179680609974525,7.06697954095597,0.03789499999999665,0.04839499999999622,True,True,371.6240453836417,384.8707055345722,13.246660150930495,True,0
2321,2015-03-25,375.17,373.9108083379434,-1.259191662056594,1.259191662056594,6.179680609974525,7.06697954095597,0.037899999999996645,0.04839999999999622,True,True,367.7311277279689,380.9777878788994,13.246660150930495,True,0
2322,2015-03-26,369.59,374.91412564097703,5.3241256409770585,-5.3241256409770585,6.179680609974525,7.06697954095597,0.03790499999999664,0.048404999999996215,True,True,368.7344450310025,381.981105181933,13.246660150930495,True,0
2323,2015-03-27,367.11,369.5587400630933,2.4487400630932825,-2.4487400630932825,6.178922081967698,7.06697954095597,0.03790999999999664,0.04840999999999621,True,True,363.3798179811256,376.62571960404927,13.245901622923668,True,0
2324,2015-03-30,371.87,366.9705288270618,-4.899471172938206,4.899471172938206,6.178922081967698,7.06697954095597,0.03791499999999664,0.04841499999999621,True,True,360.7916067450941,374.03750836801777,13.245901622923668,True,0
2325,2015-03-31,373.24,371.50116016864354,-1.7388398313564721,1.7388398313564721,6.178922081967698,7.06697954095597,0.03791999999999664,0.04841999999999621,True,True,365.32223808667584,378.5681397095995,13.245901622923668,True,0
2326,2015-04-01,372.1,372.9906713923318,0.8906713923317966,-0.8906713923317966,6.178922081967698,7.06697954095597,0.037924999999996635,0.04842499999999621,True,True,366.8117493103641,380.0576509332878,13.245901622923668,True,0
2327,2015-04-02,370.5,371.926749536151,1.4267495361510214,-1.4267495361510214,6.178922081967698,7.06697954095597,0.03792999999999663,0.048429999999996205,True,True,365.7478274541833,378.993729077107,13.245901622923668,True,0
2328,2015-04-06,370.1,370.3384433205256,0.23844332052556183,-0.23844332052556183,6.178922081967698,7.06697954095597,0.03793499999999663,0.0484349999999962,True,True,364.1595212385579,377.40542286148155,13.245901622923668,True,0
2329,2015-04-07,376.15,369.8995114668452,-6.250488533154794,6.250488533154794,6.178922081967698,7.06697954095597,0.03793999999999663,0.0484399999999962,True,True,363.7205893848775,376.96649100780115,13.245901622923668,True,0
2330,2015-04-08,374.66,375.7411423834309,1.0811423834308584,-1.0811423834308584,6.178922081967698,7.06697954095597,0.03794499999999663,0.0484449999999962,True,True,369.5622203014632,382.80812192438685,13.245901622923668,True,0
2331,2015-04-09,380.66,374.50332896900994,-6.156671030990083,6.156671030990083,6.178922081967698,7.06697954095597,0.037949999999996625,0.0484499999999962,True,True,368.32440688704224,381.5703085099659,13.245901622923668,True,0
2332,2015-04-10,384.31,380.2497023490058,-4.060297650994187,4.060297650994187,6.178922081967698,7.06697954095597,0.03795499999999662,0.048454999999996196,True,True,374.0707802670381,387.3166818899618,13.245901622923668,True,0
2333,2015-04-13,383.53,383.986797280675,0.4567972806750049,-0.4567972806750049,6.178922081967698,7.031611238591324,0.03795999999999662,0.048459999999996194,True,True,377.8078751987073,391.0184085192663,13.210533320559023,True,0
2334,2015-04-14,383.51,383.3459603447944,-0.16403965520561314,0.16403965520561314,6.178922081967698,7.031611238591324,0.03796499999999662,0.04846499999999619,True,True,377.1670382628267,390.3775715833857,13.210533320559023,True,0
2335,2015-04-15,384.65,383.2953086553465,-1.3546913446534745,1.3546913446534745,6.178922081967698,7.031611238591324,0.03796999999999662,0.04846999999999619,True,True,377.1163865733788,390.3269198939378,13.210533320559023,True,0
2336,2015-04-16,383.69,384.3989021556409,0.7089021556408852,-0.7089021556408852,6.178922081967698,7.031611238591324,0.037974999999996616,0.04847499999999619,True,True,378.2199800736732,391.4305133942322,13.210533320559023,True,0
2337,2015-04-17,382.63,383.5080409008867,0.8780409008867309,-0.8780409008867309,6.178922081967698,7.031611238591324,0.037979999999996614,0.048479999999996186,True,True,377.329118818919,390.53965213947805,13.210533320559023,True,0
2338,2015-04-20,378.55,382.4484379042815,3.8984379042814794,-3.8984379042814794,6.178922081967698,7.031611238591324,0.03798499999999661,0.048484999999996184,True,True,376.2695158223138,389.4800491428728,13.210533320559023,True,0
2339,2015-04-21,391.31,378.4651665285841,-12.844833471415882,12.844833471415882,6.178922081967698,7.031611238591324,0.03798999999999661,0.04848999999999618,True,False,372.2862444466164,385.49677776717544,13.210533320559023,False,1
2340,2015-04-22,391.91,390.6700143481127,-1.2399856518873094,1.2399856518873094,6.178922081967698,7.06697954095597,0.03799499999999661,0.048394999999996184,True,True,384.491092266145,397.7369938890687,13.245901622923668,True,0
2341,2015-04-23,390.21,391.69213876119795,1.482138761197973,-1.482138761197973,6.178922081967698,7.06697954095597,0.037999999999996606,0.04839999999999618,True,True,385.51321667923025,398.7591183021539,13.245901622923668,True,0
2342,2015-04-24,439.0,390.04985025830405,-48.95014974169595,48.95014974169595,6.178922081967698,7.06697954095597,0.038004999999996604,0.04840499999999618,True,False,383.87092817633635,397.11682979926,13.245901622923668,False,1
2343,2015-04-27,443.86,437.0986024728749,-6.761397527125098,6.761397527125098,6.098298994795698,7.069596295404779,0.0380099999999966,0.04830999999999618,True,True,431.0003034780792,444.1681987682797,13.167895290200477,True,0
2344,2015-04-28,438.51,443.5586164827758,5.048616482775799,-5.048616482775799,6.098298994795698,7.069596295404779,0.0380149999999966,0.04831499999999618,True,True,437.4603174879801,450.62821277818057,13.167895290200477,True,0
2345,2015-04-29,426.75,438.46439202336666,11.714392023366656,-11.714392023366656,6.098298994795698,7.069596295404779,0.0380199999999966,0.04831999999999618,False,True,432.36609302857096,445.53398831877143,13.167895290200477,False,1
2346,2015-04-30,427.11,426.8944411995459,-0.21555880045411868,0.21555880045411868,6.179680609974525,7.069596295404779,0.0379249999999966,0.04832499999999618,True,True,420.71476058957137,433.9640374949507,13.249276905379304,True,0
2347,2015-05-01,423.82,426.876830414088,3.056830414087983,-3.056830414087983,6.179680609974525,7.069596295404779,0.0379299999999966,0.048329999999996175,True,True,420.69714980411345,433.94642670949275,13.249276905379304,True,0
2348,2015-05-04,424.8,423.70412426914606,-1.0958757308539475,1.0958757308539475,6.178922081967698,7.069596295404779,0.037934999999996596,0.04833499999999617,True,True,417.52520218717837,430.77372056455084,13.248518377372477,True,0
2349,2015-05-05,422.85,424.54886480633377,1.698864806333745,-1.698864806333745,6.178922081967698,7.069596295404779,0.037939999999996595,0.04833999999999617,True,True,418.36994272436607,431.61846110173855,13.248518377372477,True,0
2350,2015-05-06,421.43,422.6923195741785,1.2623195741784912,-1.2623195741784912,6.178922081967698,7.069596295404779,0.03794499999999659,0.04834499999999617,True,True,416.5133974922108,429.7619158695833,13.248518377372477,True,0
2351,2015-05-07,424.15,421.25421402417226,-2.895785975827721,2.895785975827721,6.178922081967698,7.069596295404779,0.03794999999999659,0.04834999999999617,True,True,415.07529194220456,428.32381031957703,13.248518377372477,True,0
2352,2015-05-08,430.75,423.84436522939467,-6.905634770605332,6.905634770605332,6.178922081967698,7.069596295404779,0.03795499999999659,0.048354999999996165,True,True,417.66544314742697,430.91396152479945,13.248518377372477,True,0
2353,2015-05-11,432.51,430.323785219354,-2.186214780645969,2.186214780645969,6.178922081967698,7.069596295404779,0.03795999999999659,0.04835999999999616,True,True,424.1448631373863,437.3933815147588,13.248518377372477,True,0
2354,2015-05-12,431.08,432.23885017959105,1.1588501795910702,-1.1588501795910702,6.178922081967698,7.069596295404779,0.037964999999996585,0.04836499999999616,True,True,426.05992809762336,439.30844647499583,13.248518377372477,True,0
2355,2015-05-13,429.98,430.9064961469837,0.926496146983709,-0.926496146983709,6.178922081967698,7.069596295404779,0.03796999999999658,0.04836999999999616,True,True,424.72757406501603,437.9760924423885,13.248518377372477,True,0
2356,2015-05-14,429.45,429.7947365070736,0.3447365070736055,-0.3447365070736055,6.178922081967698,7.069596295404779,0.03797499999999658,0.04837499999999616,True,True,423.6158144251059,436.8643328024784,13.248518377372477,True,0
2357,2015-05-15,428.0,429.24685642749444,1.2468564274944356,-1.2468564274944356,6.178922081967698,7.069596295404779,0.03797999999999658,0.048379999999996155,True,True,423.06793434552674,436.3164527228992,13.248518377372477,True,0
2358,2015-05-18,426.0,427.8255300505818,1.82553005058179,-1.82553005058179,6.178922081967698,7.06697954095597,0.03798499999999658,0.04838499999999615,True,True,421.6466079686141,434.89250959153776,13.245901622923668,True,0
2359,2015-05-19,424.87,425.84199914802525,0.9719991480252475,-0.9719991480252475,6.178922081967698,7.06697954095597,0.037989999999996575,0.04838999999999615,True,True,419.66307706605755,432.9089786889812,13.245901622923668,True,0
2360,2015-05-20,420.6,424.6844310346708,4.084431034670786,-4.084431034670786,6.178922081967698,7.06697954095597,0.03799499999999657,0.04839499999999615,True,True,418.5055089527031,431.7514105756268,13.245901622923668,True,0
2361,2015-05-21,428.0,420.51190798193306,-7.488092018066936,7.488092018066936,6.178922081967698,7.06697954095597,0.03799999999999657,0.04839999999999615,True,False,414.33298589996537,427.57888752288903,13.245901622923668,False,1
2362,2015-05-22,431.55,427.54400990159354,-4.005990098406471,4.005990098406471,6.178922081967698,7.069596295404779,0.03800499999999657,0.04830499999999615,True,True,421.36508781962584,434.6136061969983,13.248518377372477,True,0
2363,2015-05-26,426.2,431.2210705170652,5.021070517065198,-5.021070517065198,6.178922081967698,7.069596295404779,0.03800999999999657,0.04830999999999615,True,True,425.0421484350975,438.29066681246996,13.248518377372477,True,0
2364,2015-05-27,427.45,426.1470429841811,-1.3029570158188903,1.3029570158188903,6.178922081967698,7.069596295404779,0.038014999999996565,0.048314999999996146,True,True,419.9681209022134,433.2166392795859,13.248518377372477,True,0
2365,2015-05-28,429.71,427.1891632791795,-2.520836720820455,2.520836720820455,6.178922081967698,7.069596295404779,0.038019999999996563,0.048319999999996144,True,True,421.0102411972118,434.2587595745843,13.248518377372477,True,0
2366,2015-05-29,427.23,429.41884069135614,2.18884069135612,-2.18884069135612,6.178922081967698,7.069596295404779,0.03802499999999656,0.04832499999999614,True,True,423.23991860938844,436.4884369867609,13.248518377372477,True,0
2367,2015-06-01,430.4,427.08738205176905,-3.3126179482309226,3.3126179482309226,6.178922081967698,7.069596295404779,0.03802999999999656,0.04832999999999614,True,True,420.90845996980136,434.15697834717383,13.248518377372477,True,0
2368,2015-06-02,430.07,430.0791656137915,0.009165613791481064,-0.009165613791481064,6.098298994795698,7.069596295404779,0.03803499999999656,0.04833499999999614,True,True,423.9808666189958,437.14876190919625,13.167895290200477,True,0
2369,2015-06-03,434.4,429.86038161817316,-4.539618381826813,4.539618381826813,6.098298994795698,7.069596295404779,0.038039999999996556,0.048339999999996136,True,True,423.76208262337747,436.92997791357794,13.167895290200477,True,0
2370,2015-06-04,434.4,434.0429593180737,-0.35704068192626437,0.35704068192626437,6.098298994795698,7.069596295404779,0.038044999999996554,0.048344999999996134,True,True,427.944660323278,441.1125556134785,13.167895290200477,True,0
2371,2015-06-05,429.66,434.18064022397806,4.5206402239780346,-4.5206402239780346,6.098298994795698,7.069596295404779,0.03804999999999655,0.04834999999999613,True,True,428.08234122918236,441.25023651938284,13.167895290200477,True,0
2372,2015-06-08,425.62,429.5871992138589,3.967199213858919,-3.967199213858919,6.098298994795698,7.069596295404779,0.03805499999999655,0.04835499999999613,True,True,423.4889002190632,436.6567955092637,13.167895290200477,True,0
2373,2015-06-09,422.96,425.52392616597695,2.563926165976966,-2.563926165976966,6.098298994795698,7.069596295404779,0.03805999999999655,0.04835999999999613,True,True,419.42562717118125,432.5935224613817,13.167895290200477,True,0
2374,2015-06-10,426.46,422.8205913401463,-3.6394086598537,3.6394086598537,6.098298994795698,7.069596295404779,0.038064999999996546,0.048364999999996126,True,True,416.7222923453506,429.89018763555106,13.167895290200477,True,0
2375,2015-06-11,432.29,426.12791345513375,-6.16208654486627,6.16208654486627,6.098298994795698,7.069596295404779,0.038069999999996544,0.048369999999996124,True,True,420.02961446033805,433.19750975053853,13.167895290200477,True,0
2376,2015-06-12,431.25,431.8855685578969,0.6355685578968746,-0.6355685578968746,6.098298994795698,7.069596295404779,0.03807499999999654,0.04837499999999612,True,True,425.7872695631012,438.95516485330165,13.167895290200477,True,0
2377,2015-06-15,427.66,431.0616875644198,3.401687564419774,-3.401687564419774,6.098298994795698,7.069596295404779,0.03807999999999654,0.04837999999999612,True,True,424.9633885696241,438.1312838598246,13.167895290200477,True,0
2378,2015-06-16,424.15,427.5500915316419,3.4000915316419196,-3.4000915316419196,6.098298994795698,7.06697954095597,0.03808499999999654,0.04838499999999612,True,True,421.4517925368462,434.61707107259787,13.165278535751668,True,0
2379,2015-06-17,428.36,424.0370354941884,-4.322964505811626,4.322964505811626,6.098298994795698,7.06697954095597,0.038089999999996536,0.04838999999999612,True,True,417.9387364993927,431.10401503514436,13.165278535751668,True,0
2380,2015-06-18,430.3,428.0057620530652,-2.2942379469347998,2.2942379469347998,6.098298994795698,7.06697954095597,0.038094999999996534,0.048394999999996115,True,True,421.9074630582695,435.0727415940212,13.165278535751668,True,0
2381,2015-06-19,440.26,430.0172023763736,-10.242797623626416,10.242797623626416,6.098298994795698,7.06697954095597,0.03809999999999653,0.04839999999999611,True,False,423.9189033815779,437.08418191732954,13.165278535751668,False,1
2382,2015-06-22,437.0,439.7247695631684,2.7247695631684223,-2.7247695631684223,6.098298994795698,7.069596295404779,0.03810499999999653,0.048304999999996115,True,True,433.6264705683727,446.7943658585732,13.167895290200477,True,0
2383,2015-06-23,435.59,436.8808619068888,1.2908619068888356,-1.2908619068888356,6.098298994795698,7.069596295404779,0.03810999999999653,0.04830999999999611,True,True,430.7825629120931,443.9504582022936,13.167895290200477,True,0
2384,2015-06-24,444.97,435.41204876607895,-9.557951233921074,9.557951233921074,6.098298994795698,7.069596295404779,0.03811499999999653,0.04831499999999611,True,False,429.31374977128326,442.48164506148373,13.167895290200477,False,1
2385,2015-06-25,438.07,444.45233882120186,6.38233882120187,-6.38233882120187,6.098298994795698,7.075858099101708,0.038119999999996525,0.04821999999999611,False,True,438.35403982640617,451.52819692030357,13.174157093897406,False,1
2386,2015-06-26,441.76,438.06365154093106,-3.696348459068929,3.696348459068929,6.178922081967698,7.071300597949119,0.03802499999999653,0.04822499999999611,True,True,431.88472945896336,445.1349521388802,13.250222679916817,True,0
2387,2015-06-29,434.98,441.4209903176206,6.44099031762056,-6.44099031762056,6.178922081967698,7.071300597949119,0.038029999999996525,0.04822999999999611,False,True,435.2420682356529,448.4922909155697,13.250222679916817,False,1
2388,2015-06-30,434.2,434.9714157532205,0.7714157532205377,-0.7714157532205377,6.179680609974525,7.071300597949119,0.03793499999999653,0.04823499999999611,True,True,428.791735143246,442.04271635116964,13.250981207923644,True,0
2389,2015-07-01,439.35,434.000724865991,-5.349275134009019,5.349275134009019,6.179680609974525,7.071300597949119,0.037939999999996525,0.048239999999996105,True,True,427.8210442560165,441.0720254639401,13.250981207923644,True,0
2390,2015-07-02,437.0,438.96374216785784,1.9637421678578448,-1.9637421678578448,6.179680609974525,7.071300597949119,0.03794499999999652,0.048244999999996104,True,True,432.7840615578833,446.03504276580696,13.250981207923644,True,0
2391,2015-07-06,435.23,436.85222607668584,1.6222260766858199,-1.6222260766858199,6.179680609974525,7.071300597949119,0.03794999999999652,0.0482499999999961,True,True,430.6725454667113,443.92352667463496,13.250981207923644,True,0
2392,2015-07-07,435.68,435.0630629613675,-0.6169370386324999,0.6169370386324999,6.179680609974525,7.071300597949119,0.03795499999999652,0.0482549999999961,True,True,428.883382351393,442.1343635593166,13.250981207923644,True,0
2393,2015-07-08,434.35,435.4428118814288,1.0928118814287586,-1.0928118814287586,6.179680609974525,7.071300597949119,0.03795999999999652,0.0482599999999961,True,True,429.26313127145426,442.5141124793779,13.250981207923644,True,0
2394,2015-07-09,434.9,434.16909425601654,-0.7309057439834419,0.7309057439834419,6.179680609974525,7.071300597949119,0.037964999999996515,0.048264999999996096,True,True,427.989413646042,441.24039485396565,13.250981207923644,True,0
2395,2015-07-10,440.49,434.65939892780176,-5.830601072198249,5.830601072198249,6.179680609974525,7.071300597949119,0.037969999999996513,0.048269999999996094,True,True,428.47971831782723,441.7306995257509,13.250981207923644,True,0
2396,2015-07-13,448.29,440.08905741659675,-8.200942583403275,8.200942583403275,6.179680609974525,7.071300597949119,0.03797499999999651,0.04827499999999609,True,False,433.9093768066222,447.16035801454586,13.250981207923644,False,1
2397,2015-07-14,462.32,447.82008887214135,-14.499911127858638,14.499911127858638,6.178922081967698,7.075858099101708,0.03797999999999651,0.048179999999996094,True,False,441.64116679017366,454.89594697124306,13.254780181069407,False,1
2398,2015-07-15,463.04,461.6581061652565,-1.3818938347434937,1.3818938347434937,6.178922081967698,7.112467262740665,0.03798499999999651,0.048084999999996096,True,True,455.4791840832888,468.7705734279972,13.291389344708364,True,0
2399,2015-07-16,465.5,462.8024885118334,-2.697511488166583,2.697511488166583,6.178922081967698,7.112467262740665,0.037989999999996506,0.048089999999996094,True,True,456.6235664298657,469.9149557745741,13.291389344708364,True,0
2400,2015-07-17,477.7,465.2042528112212,-12.495747188778807,12.495747188778807,6.178922081967698,7.112467262740665,0.037994999999996504,0.04809499999999609,True,False,459.0253307292535,472.31672007396185,13.291389344708364,False,1
2401,2015-07-20,492.57,477.1013133732379,-15.468686626762121,15.468686626762121,6.178922081967698,7.13556167303318,0.0379999999999965,0.047999999999996094,True,False,470.9223912912702,484.23687504627105,13.314483755000879,False,1
2402,2015-07-21,487.9,491.9047251256811,4.004725125681148,-4.004725125681148,6.178922081967698,7.180451173836502,0.0380049999999965,0.0479049999999961,True,True,485.7258030437134,499.0851762995176,13.3593732558042,True,0
2403,2015-07-22,485.99,487.8366178603069,1.8466178603068784,-1.8466178603068784,6.178922081967698,7.180451173836502,0.0380099999999965,0.047909999999996095,True,True,481.6576957783392,495.0170690341434,13.3593732558042,True,0
2404,2015-07-23,491.66,485.8334292025121,-5.826570797487932,5.826570797487932,6.178922081967698,7.180451173836502,0.038014999999996496,0.04791499999999609,True,True,479.6545071205444,493.0138803763486,13.3593732558042,True,0
2405,2015-07-24,578.99,491.27269922654096,-87.71730077345904,87.71730077345904,6.178922081967698,7.180451173836502,0.038019999999996494,0.04791999999999609,True,False,485.09377714457327,498.45315040037747,13.3593732558042,False,1
2406,2015-07-27,527.75,576.02861139679,48.278611396789984,-48.278611396789984,6.178922081967698,7.1913533907224405,0.03802499999999649,0.04782499999999609,False,True,569.8496893148223,583.2199647875125,13.370275472690196,False,1
2407,2015-07-28,536.0,529.3443441832051,-6.655655816794933,6.655655816794933,6.179680609974525,7.1913533907224405,0.037929999999996494,0.04782999999999609,True,True,523.1646635732305,536.5356975739276,13.371034000697023,True,0
2408,2015-07-29,530.92,535.4781469879616,4.558146987961663,-4.558146987961663,6.179680609974525,7.1913533907224405,0.03793499999999649,0.04783499999999609,True,True,529.2984663779871,542.669500378684,13.371034000696909,True,0
2409,2015-07-30,527.65,530.9293197350647,3.279319735064746,-3.279319735064746,6.179680609974525,7.1913533907224405,0.03793999999999649,0.04783999999999609,True,True,524.7496391250902,538.1206731257871,13.371034000696909,True,0
2410,2015-07-31,539.09,527.5778807780486,-11.51211922195148,11.51211922195148,6.179680609974525,7.1913533907224405,0.03794499999999649,0.047844999999996085,True,False,521.398200168074,534.7692341687709,13.371034000696909,False,1
2411,2015-08-03,537.45,538.4488586594946,0.9988586594945446,-0.9988586594945446,6.179680609974525,7.1919732461433625,0.03794999999999649,0.04774999999999609,True,True,532.2691780495201,545.6408319056379,13.37165385611786,True,0
2412,2015-08-04,529.69,537.3298330847958,7.639833084795782,-7.639833084795782,6.179680609974525,7.1919732461433625,0.037954999999996485,0.047754999999996085,False,True,531.1501524748213,544.5218063309392,13.37165385611786,False,1
2413,2015-08-05,538.8,529.7947525222639,-9.00524747773602,9.00524747773602,6.237931104631002,7.1919732461433625,0.03785999999999649,0.04775999999999608,True,False,523.5568214176329,536.9867257684073,13.429904350774336,False,1
2414,2015-08-06,539.3,538.2483585725156,-1.0516414274843555,1.0516414274843555,6.237931104631002,7.265851392823549,0.037864999999996485,0.047664999999996086,True,True,532.0104274678846,545.5142099653392,13.503782497454608,True,0
2415,2015-08-07,529.16,539.0931714009697,9.93317140096974,-9.93317140096974,6.237931104631002,7.265851392823549,0.03786999999999648,0.047669999999996084,False,True,532.8552402963387,546.3590227937932,13.503782497454495,False,1
2416,2015-08-10,528.52,529.3567873351706,0.8367873351705839,-0.8367873351705839,6.241705172505334,7.265851392823549,0.037774999999996485,0.04767499999999608,True,True,523.1150821626652,536.6226387279942,13.507556565328969,True,0
2417,2015-08-11,523.65,528.3464557793023,4.696455779302369,-4.696455779302369,6.241705172505334,7.265851392823549,0.03777999999999648,0.04767999999999608,True,True,522.104750606797,535.6123071721258,13.507556565328855,True,0
2418,2015-08-12,523.75,523.6382021095089,-0.11179789049106148,0.11179789049106148,6.241705172505334,7.265851392823549,0.03778499999999648,0.04768499999999608,True,True,517.3964969370036,530.9040535023325,13.507556565328969,True,0
2419,2015-08-13,527.37,523.5433971953825,-3.8266028046175506,3.8266028046175506,6.241705172505334,7.265851392823549,0.03778999999999648,0.047689999999996076,True,True,517.3016920228771,530.809248588206,13.507556565328855,True,0
2420,2015-08-14,528.25,527.027896906163,-1.2221030938369495,1.2221030938369495,6.241705172505334,7.265851392823549,0.03779499999999648,0.047694999999996074,True,True,520.7861917336577,534.2937482989867,13.507556565328969,True,0
2421,2015-08-17,531.29,528.0163415805583,-3.273658419441631,3.273658419441631,6.241705172505334,7.265851392823549,0.037799999999996475,0.04769999999999607,True,True,521.774636408053,535.2821929733818,13.507556565328855,True,0
2422,2015-08-18,535.04,530.9727569223465,-4.067243077653416,4.067243077653416,6.241705172505334,7.265851392823549,0.03780499999999647,0.04770499999999607,True,True,524.7310517498412,538.23860831517,13.507556565328855,True,0
2423,2015-08-19,533.74,534.6973723720637,0.9573723720636735,-0.9573723720636735,6.241705172505334,7.265851392823549,0.03780999999999647,0.04770999999999607,True,True,528.4556671995583,541.9632237648873,13.507556565328969,True,0
2424,2015-08-20,530.39,533.5942790862097,3.204279086209681,-3.204279086209681,6.241705172505334,7.265851392823549,0.03781499999999647,0.047714999999996066,True,True,527.3525739137043,540.8601304790332,13.507556565328855,True,0
2425,2015-08-21,507.36,530.3207978605463,22.960797860546336,-22.960797860546336,6.241705172505334,7.265851392823549,0.03781999999999647,0.047719999999996064,False,True,524.079092688041,537.5866492533698,13.507556565328855,False,1
2426,2015-08-24,463.58,508.02299274458306,44.44299274458308,-44.44299274458308,6.2876329013486725,7.265851392823549,0.03772499999999647,0.04772499999999606,False,True,501.7353598432344,515.2888441374066,13.553484294172222,False,1
2427,2015-08-25,487.49,464.8599415595236,-22.630058440476432,22.630058440476432,6.300506514521345,7.265851392823549,0.03762999999999647,0.04772999999999606,True,False,458.55943504500226,472.1257929523471,13.566357907344866,False,1
2428,2015-08-26,484.02,486.33852310679345,2.3185231067934637,-2.3185231067934637,6.300506514521345,7.268508570622544,0.03763499999999647,0.04763499999999606,True,True,480.03801659227213,493.607031677416,13.56901508514386,True,0
2429,2015-08-27,513.71,483.9205516028205,-29.789448397179513,29.789448397179513,6.300506514521345,7.268508570622544,0.03763999999999647,0.04763999999999606,True,False,477.6200450882992,491.18906017344307,13.56901508514386,False,1
2430,2015-08-28,517.5,512.2867590657448,-5.213240934255168,5.213240934255168,6.300506514521345,7.273008518391919,0.037644999999996466,0.04754499999999606,True,True,505.9862525512235,519.5597675841368,13.573515032913292,True,0
2431,2015-08-31,516.44,517.1782888569312,0.738288856931149,-0.738288856931149,6.300506514521345,7.273008518391919,0.037649999999996464,0.04754999999999606,True,True,510.8777823424099,524.4512973753231,13.573515032913178,True,0
2432,2015-09-01,499.14,516.2717152156326,17.131715215632653,-17.131715215632653,6.300506514521345,7.273008518391919,0.03765499999999646,0.04755499999999606,False,True,509.9712087011113,523.5447237340245,13.573515032913178,False,1
2433,2015-09-02,505.09,499.57968781223803,-5.51031218776194,5.51031218776194,6.307734359826526,7.273008518391919,0.037559999999996464,0.04755999999999606,True,True,493.2719534524115,506.85269633062995,13.580742878218473,True,0
2434,2015-09-03,514.5,504.6158878678049,-9.884112132195128,9.884112132195128,6.307734359826526,7.273008518391919,0.03756499999999646,0.047564999999996055,True,False,498.3081535079783,511.8888963861968,13.580742878218473,False,1
2435,2015-09-04,497.65,513.9167692434137,16.266769243413705,-16.266769243413705,6.307734359826526,7.293311411946831,0.03756999999999646,0.04746999999999606,False,True,507.6090348835871,521.2100806553606,13.601045771773443,False,1
2436,2015-09-08,508.69,498.08495834033084,-10.605041659669155,10.605041659669155,6.319158763857388,7.293311411946831,0.03747499999999646,0.047474999999996055,True,False,491.76579957647346,505.3782697522777,13.61247017580422,False,1
2437,2015-09-09,524.0,508.0140602168732,-15.98593978312681,15.98593978312681,6.319158763857388,7.309480326726231,0.03747999999999646,0.04737999999999606,True,False,501.6949014530158,515.3235405435994,13.62863909058359,False,1
2438,2015-09-10,515.15,523.1751161195627,8.025116119562767,-8.025116119562767,6.319158763857388,7.407676093026502,0.03748499999999646,0.04728499999999606,False,True,516.8559573557054,530.5827922125892,13.726834856883784,False,1
2439,2015-09-11,521.07,515.2804380095362,-5.789561990463881,5.789561990463881,6.38233882120187,7.407676093026502,0.03738999999999646,0.04728999999999606,True,True,508.8980991883343,522.6881141025626,13.790014914228323,True,0
2440,2015-09-14,529.44,520.617709997554,-8.822290002446039,8.822290002446039,6.38233882120187,7.407676093026502,0.03739499999999646,0.047294999999996055,True,False,514.2353711763521,528.0253860905805,13.790014914228323,False,1
2441,2015-09-15,523.25,528.8936562369271,5.643656236927086,-5.643656236927086,6.38233882120187,7.44716251038102,0.03739999999999646,0.04719999999999606,True,True,522.5113174157252,536.340818747308,13.829501331582833,True,0
2442,2015-09-16,521.98,523.2803526263352,1.3003526263352114,-1.3003526263352114,6.38233882120187,7.44716251038102,0.037404999999996455,0.047204999999996056,True,True,516.8980138051334,530.7275151367162,13.829501331582833,True,0
2443,2015-09-17,526.98,521.8171756615455,-5.16282433845447,5.16282433845447,6.38233882120187,7.44716251038102,0.03740999999999645,0.047209999999996054,True,True,515.4348368403437,529.2643381719265,13.829501331582833,True,0
2444,2015-09-18,534.62,526.567701239046,-8.052298760954045,8.052298760954045,6.38233882120187,7.44716251038102,0.03741499999999645,0.04721499999999605,True,False,520.1853624178441,534.0148637494269,13.829501331582833,False,1
2445,2015-09-21,544.33,534.1038147361401,-10.226185263859975,10.226185263859975,6.38233882120187,7.465538085534604,0.03741999999999645,0.047119999999996054,True,False,527.7214759149382,541.5693528216747,13.847876906736474,False,1
2446,2015-09-22,539.71,543.7371135177095,4.027113517709495,-4.027113517709495,6.38233882120187,7.515999355947315,0.03742499999999645,0.047024999999996056,True,True,537.3547746965077,551.2531128736568,13.898338177149185,True,0
2447,2015-09-23,538.3,539.6842961265877,1.384296126587742,-1.384296126587742,6.38233882120187,7.488092018066936,0.037429999999996445,0.047029999999996054,True,True,533.3019573053858,547.1723881446546,13.870430839268806,True,0
2448,2015-09-24,530.55,538.1500203485499,7.600020348549947,-7.600020348549947,6.38233882120187,7.488092018066936,0.03743499999999644,0.04703499999999605,False,True,531.767681527348,545.6381123666168,13.870430839268806,False,1
2449,2015-09-25,542.57,530.6435952188773,-11.926404781122756,11.926404781122756,6.408928847169079,7.488092018066936,0.037339999999996445,0.04703999999999605,True,False,524.2346663717083,538.1316872369442,13.897020865235959,False,1
2450,2015-09-28,520.02,541.881857017462,21.861857017462057,-21.861857017462057,6.408928847169079,7.547535706977214,0.037344999999996444,0.04694499999999605,False,True,535.472928170293,549.4293927244393,13.956464554146237,False,1
2451,2015-09-29,506.0,520.6953095354022,14.695309535402203,-14.695309535402203,6.44099031762056,7.515999355947315,0.037249999999996446,0.04694999999999605,False,True,514.2543192177816,528.2113088913495,13.956989673567932,False,1
2452,2015-09-30,505.44,506.3291415043578,0.8891415043577808,-0.8891415043577808,6.492310138689447,7.515999355947315,0.03715499999999645,0.04695499999999605,True,True,499.83683136566833,513.845140860305,14.008309494636705,True,0
2453,2015-10-01,511.0,505.2394067257437,-5.76059327425628,5.76059327425628,6.492310138689447,7.515999355947315,0.037159999999996446,0.04695999999999605,True,True,498.7470965870543,512.755406081691,14.008309494636762,True,0
2454,2015-10-02,512.99,510.55506716325306,-2.4349328367469525,2.4349328367469525,6.492310138689447,7.515999355947315,0.037164999999996444,0.046964999999996045,True,True,504.0627570245636,518.0710665192004,14.008309494636762,True,0
2455,2015-10-05,536.99,512.6859431865275,-24.30405681347247,24.30405681347247,6.492310138689447,7.515999355947315,0.03716999999999644,0.04696999999999604,True,False,506.1936330478381,520.2019425424749,14.008309494636762,False,1
2456,2015-10-06,545.5,535.8073526935369,-9.692647306463073,9.692647306463073,6.492310138689447,7.547535706977214,0.03717499999999644,0.046874999999996045,True,False,529.3150425548474,543.3548884005141,14.039845845666719,False,1
2457,2015-10-07,541.79,544.955759115243,3.165759115243077,-3.165759115243077,6.492310138689447,7.586408126159938,0.03717999999999644,0.04677999999999605,True,True,538.4634489765535,552.5421672414029,14.078718264849385,True,0
2458,2015-10-08,536.71,541.7226683971912,5.012668397191192,-5.012668397191192,6.492310138689447,7.586408126159938,0.037184999999996436,0.046784999999996045,True,True,535.2303582585018,549.3090765233512,14.078718264849385,True,0
2459,2015-10-09,534.48,536.6952528169066,2.2152528169066272,-2.2152528169066272,6.492310138689447,7.555838110734385,0.037189999999996434,0.04678999999999604,True,True,530.2029426782171,544.251090927641,14.048148249423889,True,0
2460,2015-10-12,539.96,534.3532302425469,-5.606769757453094,5.606769757453094,6.492310138689447,7.555838110734385,0.03719499999999643,0.04679499999999604,True,True,527.8609201038576,541.9090683532813,14.048148249423775,True,0
2461,2015-10-13,546.26,539.533072286581,-6.726927713418945,6.726927713418945,6.492310138689447,7.555838110734385,0.03719999999999643,0.04679999999999604,True,True,533.0407621478917,547.0889103973154,14.048148249423775,True,0
2462,2015-10-14,551.34,545.8016162410939,-5.538383758906093,5.538383758906093,6.492310138689447,7.555838110734385,0.03720499999999643,0.04680499999999604,True,True,539.3093061024044,553.3574543518283,14.048148249423889,True,0
2463,2015-10-15,547.75,550.9328376301193,3.182837630119252,-3.182837630119252,6.492310138689447,7.555838110734385,0.037209999999996426,0.046809999999996035,True,True,544.4405274914297,558.4886757408536,14.048148249423889,True,0
2464,2015-10-16,565.27,547.6789470600153,-17.591052939984706,17.591052939984706,6.492310138689447,7.555838110734385,0.037214999999996425,0.04681499999999603,True,False,541.1866369213258,555.2347851707497,14.048148249423889,False,1
2465,2015-10-19,570.76,564.3767195719452,-6.383280428054832,6.383280428054832,6.492310138689447,7.586408126159938,0.03721999999999642,0.046719999999996036,True,True,557.8844094332558,571.9631276981052,14.078718264849385,True,0
2466,2015-10-20,572.0,570.3465899135174,-1.6534100864826087,1.6534100864826087,6.492310138689447,7.586408126159938,0.03722499999999642,0.046724999999996034,True,True,563.854279774828,577.9329980396774,14.078718264849385,True,0
2467,2015-10-21,563.87,571.7567815278562,7.886781527856215,-7.886781527856215,6.492310138689447,7.586408126159938,0.03722999999999642,0.04672999999999603,False,True,565.2644713891668,579.3431896540162,14.078718264849385,False,1
2468,2015-10-22,562.7,563.9838064921311,1.2838064921310206,-1.2838064921310206,6.509623189394347,7.586408126159938,0.03713499999999642,0.04673499999999603,True,True,557.4741833027367,571.570214618291,14.096031315554228,True,0
2469,2015-10-23,617.68,562.5460676297919,-55.13393237020807,55.13393237020807,6.509623189394347,7.586408126159938,0.03713999999999642,0.04673999999999603,True,False,556.0364444403975,570.1324757559519,14.096031315554342,False,1
2470,2015-10-26,602.3,615.2766076180816,12.97660761808163,-12.97660761808163,6.509623189394347,7.686476547247764,0.03714499999999642,0.04664499999999603,False,True,608.7669844286872,622.9630841653293,14.196099736642054,False,1
2471,2015-10-27,608.6,602.6785156149508,-5.921484385049212,5.921484385049212,6.614133505415452,7.686476547247764,0.03704999999999642,0.04664999999999603,True,True,596.0643821095354,610.3649921621986,14.300610052663274,True,0
2472,2015-10-28,612.3,608.1876527749386,-4.112347225061399,4.112347225061399,6.614133505415452,7.686476547247764,0.03705499999999642,0.046654999999996026,True,True,601.5735192695231,615.8741293221863,14.30061005266316,True,0
2473,2015-10-29,617.7,611.9832539548175,-5.716746045182504,5.716746045182504,6.614133505415452,7.686476547247764,0.037059999999996415,0.046659999999996024,True,True,605.3691204494021,619.6697305020652,14.30061005266316,True,0
2474,2015-10-30,626.01,617.3211197098582,-8.68888029014181,8.68888029014181,6.614133505415452,7.686476547247764,0.03706499999999641,0.04666499999999602,True,False,610.7069862044427,625.0075962571059,14.30061005266316,False,1
2475,2015-11-02,627.13,625.5201626353241,-1.6098373646758546,1.6098373646758546,6.614133505415452,7.7491159518008885,0.03706999999999641,0.046569999999996024,True,True,618.9060291299087,633.269278587125,14.363249457216284,True,0
2476,2015-11-03,629.53,626.9308172090817,-2.599182790918235,2.599182790918235,6.614133505415452,7.7491159518008885,0.03707499999999641,0.04657499999999602,True,True,620.3166837036663,634.6799331608827,14.363249457216398,True,0
2477,2015-11-04,627.76,629.2853524030186,1.5253524030185872,-1.5253524030185872,6.614133505415452,7.7491159518008885,0.03707999999999641,0.04657999999999602,True,True,622.6712188976031,637.0344683548194,14.363249457216284,True,0
2478,2015-11-05,647.1,627.6799715983374,-19.42002840166265,19.42002840166265,6.614133505415452,7.7491159518008885,0.037084999999996406,0.04658499999999602,True,False,621.0658380929219,635.4290875501383,14.363249457216398,False,1
2479,2015-11-06,655.0,646.1807789907884,-8.81922100921156,8.81922100921156,6.614133505415452,7.76305902242342,0.037089999999996404,0.04648999999999602,True,False,639.566645485373,653.9438380132119,14.377192527838929,False,1
2480,2015-11-09,658.65,654.5507427679295,-4.099257232070499,4.099257232070499,6.614133505415452,7.775193047983606,0.0370949999999964,0.04639499999999602,True,True,647.936609262514,662.3259358159131,14.389326553399087,True,0
2481,2015-11-10,653.0,658.3837281696495,5.383728169649544,-5.383728169649544,6.509623189394347,7.775193047983606,0.0370999999999964,0.04639999999999602,True,True,651.8741049802552,666.1589212176332,14.284816237377981,True,0
2482,2015-11-11,663.25,653.0996877176474,-10.150312282352616,10.150312282352616,6.509623189394347,7.775193047983606,0.0371049999999964,0.04640499999999602,True,False,646.590064528253,660.874880765631,14.284816237377981,False,1
2483,2015-11-12,673.0,662.7256258793462,-10.27437412065376,10.27437412065376,6.509623189394347,7.943669305953904,0.037109999999996396,0.04630999999999602,True,False,656.2160026899519,670.6692951853001,14.45329249534825,False,1
2484,2015-11-13,663.57,672.5011016382196,8.931101638219502,-8.931101638219502,6.509623189394347,7.957321863981775,0.037114999999996394,0.04621499999999602,False,True,665.9914784488252,680.4584235022013,14.466945053376094,False,1
2485,2015-11-16,640.92,663.8265622870344,22.90656228703449,-22.90656228703449,6.649482517304989,7.957321863981775,0.037019999999996396,0.04621999999999602,False,True,657.1770797697295,671.7838841510162,14.606804381286679,False,1
2486,2015-11-17,650.65,641.673669111491,-8.976330888508983,8.976330888508983,6.663221430392326,7.957321863981775,0.0369249999999964,0.04622499999999602,True,False,635.0104476810986,649.6309909754727,14.620543294374102,False,1
2487,2015-11-18,646.51,650.1487907295334,3.6387907295334116,-3.6387907295334116,6.663221430392326,8.052298760954045,0.036929999999996396,0.04612999999999602,True,True,643.485569299141,658.2010894904874,14.7155201913464,True,0
2488,2015-11-19,664.99,646.5299269449647,-18.46007305503531,18.46007305503531,6.663221430392326,8.052298760954045,0.036934999999996394,0.04613499999999602,True,False,639.8667055145723,654.5822257059187,14.7155201913464,False,1
2489,2015-11-20,663.95,664.122444184257,0.1724441842569604,-0.1724441842569604,6.663221430392326,8.200942583403275,0.03693999999999639,0.04603999999999602,True,True,657.4592227538647,672.3233867676603,14.86416401379563,True,0
2490,2015-11-23,671.5,663.8610683880255,-7.638931611974499,7.638931611974499,6.663221430392326,8.200942583403275,0.03694499999999639,0.04604499999999602,True,True,657.1978469576331,672.0620109714288,14.86416401379563,True,0
2491,2015-11-24,674.14,671.0853379265719,-3.0546620734280623,3.0546620734280623,6.649482517304989,8.200942583403275,0.03694999999999639,0.04604999999999602,True,True,664.4358554092669,679.2862805099752,14.850425100708321,True,0
2492,2015-11-25,675.0,673.9228196423636,-1.0771803576363936,1.0771803576363936,6.649482517304989,8.200942583403275,0.03695499999999639,0.046054999999996016,True,True,667.2733371250586,682.1237622257669,14.850425100708321,True,0
2493,2015-11-27,680.8,674.8575503006548,-5.942449699345161,5.942449699345161,6.649482517304989,8.200942583403275,0.036959999999996385,0.046059999999996014,True,True,668.2080677833499,683.0584928840581,14.850425100708208,True,0
2494,2015-11-30,675.9,680.4652677432093,4.565267743209347,-4.565267743209347,6.649482517304989,8.200942583403275,0.03696499999999638,0.04606499999999601,True,True,673.8157852259044,688.6662103266126,14.850425100708208,True,0
2495,2015-12-01,673.75,675.9868521039584,2.2368521039584266,-2.2368521039584266,6.649482517304989,8.200942583403275,0.03696999999999638,0.04606999999999601,True,True,669.3373695866535,684.1877946873617,14.850425100708208,True,0
2496,2015-12-02,681.0,673.7281443684722,-7.271855631527842,7.271855631527842,6.649482517304989,8.200942583403275,0.03697499999999638,0.04607499999999601,True,True,667.0786618511672,681.9290869518754,14.850425100708208,True,0
2497,2015-12-03,679.44,680.605114019088,1.1651140190879232,-1.1651140190879232,6.649482517304989,8.052298760954045,0.03697999999999638,0.046079999999996006,True,True,673.955631501783,688.657412780042,14.701781278258977,True,0
2498,2015-12-04,666.0,679.3935439829462,13.393543982946198,-13.393543982946198,6.649482517304989,8.052298760954045,0.036984999999996375,0.046084999999996004,False,True,672.7440614656412,687.4458427439002,14.70178127825909,False,1
2499,2015-12-07,674.74,666.4141162662944,-8.32588373370561,8.32588373370561,6.663221430392326,8.052298760954045,0.03688999999999638,0.046089999999996,True,False,659.750894835902,674.4664150272484,14.7155201913464,False,1
2500,2015-12-08,663.13,674.2805361295258,11.15053612952579,-11.15053612952579,6.663221430392326,8.32588373370561,0.036894999999996375,0.045994999999996004,False,True,667.6173146991334,682.6064198632314,14.989105164097964,False,1
2501,2015-12-09,678.0,663.4641103442289,-14.535889655771143,14.535889655771143,6.695297591312965,8.32588373370561,0.03679999999999638,0.045999999999996,True,False,656.7688127529159,671.7899940779345,15.021181325018574,False,1
2502,2015-12-10,665.59,677.2802460216994,11.690246021699409,-11.690246021699409,6.683039307048034,8.343186234817097,0.036804999999996375,0.045904999999996005,False,True,670.5972067146514,685.6234322565165,15.026225541865074,False,1
2503,2015-12-11,651.23,665.9641916148157,14.7341916148157,-14.7341916148157,6.6977155908663235,8.343186234817097,0.03670999999999638,0.045909999999996,False,True,659.2664760239494,674.3073778496328,15.040901825683363,False,1
2504,2015-12-14,641.75,651.6692584013543,9.919258401354341,-9.919258401354341,6.70560392513562,8.343186234817097,0.03661499999999638,0.045914999999996,False,True,644.9636544762187,660.0124446361715,15.048790159952773,False,1
2505,2015-12-15,665.03,641.9788276869057,-23.0511723130943,23.0511723130943,6.723469265502757,8.343186234817097,0.03651999999999638,0.045919999999996,True,False,635.2553584214029,650.3220139217228,15.06665550031994,False,1
2506,2015-12-16,663.56,663.9386847538256,0.37868475382560973,-0.37868475382560973,6.723469265502757,8.43241410940513,0.03652499999999638,0.045824999999996,True,True,657.2152154883228,672.3710988632307,15.155883374907944,True,0
2507,2015-12-17,680.0,663.46951526636,-16.530484733640037,16.530484733640037,6.723469265502757,8.43241410940513,0.03652999999999638,0.045829999999996,True,False,656.7460460008572,671.9019293757651,15.155883374907944,False,1
2508,2015-12-18,668.65,679.2051741715534,10.555174171553404,-10.555174171553404,6.723469265502757,8.438883916509496,0.036534999999996376,0.045734999999996,False,True,672.4817049060506,687.6440580880628,15.162353182012225,False,1
2509,2015-12-21,668.5,668.9800361477786,0.4800361477786055,-0.4800361477786055,6.734374582960811,8.438883916509496,0.03643999999999638,0.045739999999996,True,True,662.2456615648177,677.4189200642882,15.173258499470421,True,0
2510,2015-12-22,666.83,668.3783246513636,1.5483246513636004,-1.5483246513636004,6.734374582960811,8.438883916509496,0.036444999999996376,0.045744999999996,True,True,661.6439500684028,676.8172085678732,15.173258499470421,True,0
2511,2015-12-23,666.5,666.7654295653242,0.2654295653242116,-0.2654295653242116,6.734374582960811,8.438883916509496,0.036449999999996374,0.045749999999995995,True,True,660.0310549823635,675.2043134818337,15.173258499470194,True,0
2512,2015-12-24,663.35,666.3795375748085,3.0295375748085007,-3.0295375748085007,6.734374582960811,8.438883916509496,0.03645499999999637,0.04575499999999599,True,True,659.6451629918477,674.8184214913181,15.173258499470421,True,0
2513,2015-12-28,665.56,663.3404526028879,-2.2195473971120236,2.2195473971120236,6.734374582960811,8.438883916509496,0.03645999999999637,0.04575999999999599,True,True,656.606078019927,671.7793365193975,15.173258499470421,True,0
2514,2015-12-29,677.98,665.3325738113342,-12.647426188665804,12.647426188665804,6.734374582960811,8.43241410940513,0.03646499999999637,0.04576499999999599,True,False,658.5981992283735,673.7649879207394,15.166788692365913,False,1
2515,2015-12-30,691.89,677.3412482351705,-14.54875176482949,14.54875176482949,6.734374582960811,8.584772167347978,0.036469999999996366,0.04566999999999599,True,False,670.6068736522097,685.9260204025185,15.319146750308732,False,1
2516,2015-12-31,686.08,691.2059034587782,5.125903458778112,-5.125903458778112,6.734374582960811,8.598641752915853,0.036474999999996364,0.045574999999995994,True,True,684.4715288758173,699.804545211694,15.333016335876664,True,0
2517,2016-01-04,656.29,686.1975895058232,29.90758950582324,-29.90758950582324,6.734374582960811,8.598641752915853,0.03647999999999636,0.04557999999999599,False,True,679.4632149228623,694.796231258739,15.333016335876664,False,1
2518,2016-01-05,646.86,657.3308069850444,10.470806985044419,-10.470806985044419,6.76131477680417,8.598641752915853,0.036384999999996365,0.04558499999999599,False,True,650.5694922082403,665.9294487379602,15.359956529719966,False,1
2519,2016-01-06,622.0,647.0946702460058,25.094670246005762,-25.094670246005762,6.786129721740679,8.598641752915853,0.03628999999999637,0.04558999999999599,False,True,640.308540524265,655.6933119989217,15.384771474656645,False,1
2520,2016-01-07,621.8,622.7826777858526,0.9826777858526157,-0.9826777858526157,6.842809183738666,8.598641752915853,0.03619499999999637,0.045594999999995986,True,True,615.9398686021138,631.3813195387684,15.441450936654519,True,0
2521,2016-01-08,619.66,621.6106316249968,1.950631624996845,-1.950631624996845,6.842809183738666,8.598641752915853,0.03619999999999637,0.045599999999995984,True,True,614.7678224412582,630.2092733779127,15.441450936654519,True,0
2522,2016-01-11,612.48,619.5553980622054,7.075398062205409,-7.075398062205409,6.842809183738666,8.598641752915853,0.036204999999996365,0.04560499999999598,False,True,612.7125888784667,628.1540398151212,15.441450936654519,False,1
2523,2016-01-12,625.25,612.5673297845914,-12.68267021540862,12.68267021540862,6.909785013663168,8.584772167347978,0.03610999999999637,0.04560999999999598,True,False,605.6575447709282,621.1521019519394,15.494557181011146,False,1
2524,2016-01-13,620.88,624.5454097288987,3.6654097288986804,-3.6654097288986804,6.909785013663168,8.68888029014181,0.036114999999996365,0.04551499999999598,True,True,617.6356247152355,633.2342900190405,15.598665303804978,True,0
2525,2016-01-14,580.25,620.8702391132514,40.62023911325139,-40.62023911325139,6.909785013663168,8.68888029014181,0.03611999999999636,0.04551999999999598,False,True,613.9604540995882,629.5591194033932,15.598665303804978,False,1
2526,2016-01-15,572.24,581.5942700262704,9.354270026270342,-9.354270026270342,7.075398062205409,8.68888029014181,0.036024999999996365,0.04552499999999598,False,True,574.5188719640649,590.2831503164122,15.764278352347219,False,1
2527,2016-01-19,577.09,572.3337443726389,-4.756255627361156,4.756255627361156,7.08153007163844,8.598641752915853,0.03592999999999637,0.045529999999995976,True,True,565.2522143010004,580.9323861255548,15.68017182455435,True,0
2528,2016-01-20,564.36,576.6818975718218,12.32189757182175,-12.32189757182175,7.08153007163844,8.598641752915853,0.035934999999996366,0.045534999999995975,False,True,569.6003675001833,585.2805393247377,15.68017182455435,False,1
2529,2016-01-21,573.58,564.624596494353,-8.955403505647041,8.955403505647041,7.100511119128555,8.598641752915853,0.03583999999999637,0.04553999999999597,True,False,557.5240853752244,573.2232382472689,15.699152872044465,False,1
2530,2016-01-22,588.73,572.992749456754,-15.737250543245977,15.737250543245977,7.100511119128555,8.81922100921156,0.035844999999996366,0.045444999999995975,True,False,565.8922383376255,581.8119704659656,15.919732128340115,False,1
2531,2016-01-25,597.99,587.9060228245577,-10.083977175442328,10.083977175442328,7.100511119128555,8.822290002446039,0.035849999999996364,0.04534999999999598,True,False,580.8055117054291,596.7283128270037,15.922801121574594,False,1
2532,2016-01-26,603.45,597.4078443356373,-6.042155664362781,6.042155664362781,7.100511119128555,8.855407630738071,0.03585499999999636,0.04525499999999598,True,True,590.3073332165087,606.2632519663754,15.955918749866669,True,0
2533,2016-01-27,601.99,603.0253784755248,1.0353784755247943,-1.0353784755247943,7.100511119128555,8.855407630738071,0.03585999999999636,0.04525999999999598,True,True,595.9248673563962,611.8807861062629,15.955918749866669,True,0
2534,2016-01-28,608.37,601.8351058677003,-6.534894132299655,6.534894132299655,7.100511119128555,8.855407630738071,0.03586499999999636,0.045264999999995975,True,True,594.7345947485718,610.6905134984385,15.955918749866669,True,0
2535,2016-01-29,571.98,607.9147563102615,35.93475631026149,-35.93475631026149,7.100511119128555,8.855407630738071,0.035869999999996356,0.04526999999999597,False,True,600.814245191133,616.7701639409996,15.955918749866669,False,1
2536,2016-02-01,578.15,573.136970580477,-5.013029419522923,5.013029419522923,7.101294528237247,8.855407630738071,0.03577499999999636,0.04527499999999597,True,True,566.0356760522398,581.9923782112152,15.956702158975418,True,0
2537,2016-02-02,570.0,577.6840003754926,7.684000375492587,-7.684000375492587,7.101294528237247,8.855407630738071,0.035779999999996356,0.04527999999999597,False,True,570.5827058472553,586.5394080062307,15.956702158975418,False,1
2538,2016-02-03,553.5,570.0931815044285,16.593181504428458,-16.593181504428458,7.141061335580559,8.855407630738071,0.03568499999999636,0.04528499999999597,False,True,562.9521201688478,578.9485891351666,15.99646896631873,False,1
2539,2016-02-04,525.0,553.9020510523171,28.90205105231712,-28.90205105231712,7.178835412782433,8.855407630738071,0.03558999999999636,0.045289999999995965,False,True,546.7232156395347,562.7574586830552,16.03424304352052,False,1
2540,2016-02-05,529.28,525.81046124449,-3.469538755509916,3.469538755509916,7.206149293916951,8.822290002446039,0.03549499999999636,0.045294999999995963,True,True,518.6043119505731,534.6327512469361,16.02843929636299,True,0
2541,2016-02-08,486.47,528.8534738044783,42.383473804478285,-42.383473804478285,7.206149293916951,8.822290002446039,0.03549999999999636,0.04529999999999596,False,True,521.6473245105614,537.6757638069244,16.02843929636299,False,1
2542,2016-02-09,478.01,487.8290451925507,9.819045192550732,-9.819045192550732,7.307635926972694,8.822290002446039,0.03540499999999636,0.04530499999999596,False,True,480.52140926557803,496.65133519499676,16.129925929418732,False,1
2543,2016-02-10,491.76,477.95332531885526,-13.806674681144727,13.806674681144727,7.410330130523505,8.822290002446039,0.035309999999996365,0.04530999999999596,True,False,470.54299518833176,486.7756153213013,16.232620132969544,False,1
2544,2016-02-11,491.17,490.96299244661253,-0.20700755338748422,0.20700755338748422,7.410330130523505,8.877833921690922,0.03531499999999636,0.04521499999999596,True,True,483.552662316089,499.84082636830345,16.288164052214427,True,0
2545,2016-02-12,510.7,490.96616838847785,-19.733831611522135,19.733831611522135,7.410330130523505,8.855407630738071,0.03531999999999636,0.04521999999999596,True,False,483.55583825795435,499.8215760192159,16.265737761261562,False,1
2546,2016-02-16,519.48,509.6878960829203,-9.792103917079714,9.792103917079714,7.410330130523505,8.88133423138521,0.03532499999999636,0.04512499999999596,True,False,502.2775659523968,518.5692303143055,16.291664361908715,False,1
2547,2016-02-17,528.74,518.9424110078801,-9.797588992119927,9.797588992119927,7.410330130523505,8.882322395259848,0.03532999999999636,0.04502999999999596,True,False,511.5320808773566,527.8247334031399,16.292652525783353,False,1
2548,2016-02-18,541.19,528.164324274026,-13.02567572597411,13.02567572597411,7.410330130523505,8.899052843011447,0.035334999999996355,0.044934999999995964,True,False,520.7539941435025,537.0633771170374,16.309382973534866,False,1
2549,2016-02-19,520.71,540.50074759269,19.790747592689968,-19.790747592689968,7.307635926972694,8.918752328823757,0.035339999999996353,0.044839999999995966,False,True,533.1931116657173,549.4194999215138,16.22638825579645,False,1
2550,2016-02-22,542.2,521.2518753472982,-20.948124652701836,20.948124652701836,7.478864558471457,8.918752328823757,0.035244999999996356,0.044844999999995964,True,False,513.7730107888267,530.170627676122,16.39761688729527,False,1
2551,2016-02-23,555.55,541.0402090721615,-14.50979092783848,14.50979092783848,7.478864558471457,8.928094044835348,0.035249999999996354,0.04474999999999597,True,False,533.5613445136901,549.9683031169968,16.406958603306748,False,1
2552,2016-02-24,545.75,554.846406960779,9.09640696077895,-9.09640696077895,7.478864558471457,8.976330888508983,0.03525499999999635,0.04465499999999597,False,True,547.3675424023074,563.8227378492879,16.455195446980497,False,1
2553,2016-02-25,555.52,545.9042423808742,-9.615757619125816,9.615757619125816,7.494737428946451,8.976330888508983,0.035159999999996354,0.04465999999999597,True,False,538.4095049519277,554.8805732693831,16.471068317455433,False,1
2554,2016-02-26,560.12,554.872428985494,-5.247571014505979,5.247571014505979,7.494737428946451,9.00524747773602,0.03516499999999635,0.04456499999999597,True,True,547.3776915565476,563.87767646323,16.49998490668247,True,0
2555,2016-02-29,554.0,559.7212323221221,5.721232322122091,-5.721232322122091,7.494737428946451,9.00524747773602,0.03516999999999635,0.04456999999999597,True,True,552.2264948931756,568.7264797998581,16.49998490668247,True,0
2556,2016-03-01,556.29,553.999013945856,-2.290986054144014,2.290986054144014,7.494737428946451,9.00524747773602,0.03517499999999635,0.044574999999995965,True,True,546.5042765169095,563.004261423592,16.49998490668247,True,0
2557,2016-03-02,581.75,555.9434879052538,-25.806512094746154,25.806512094746154,7.494737428946451,9.00524747773602,0.035179999999996346,0.04457999999999596,True,False,548.4487504763074,564.9487353829899,16.49998490668247,False,1
2558,2016-03-03,577.96,580.5170480591926,2.557048059192539,-2.557048059192539,7.494737428946451,9.14190947534496,0.035184999999996344,0.044484999999995965,True,True,573.0223106302461,589.6589575345375,16.63664690429141,True,0
2559,2016-03-04,581.07,577.915347486619,-3.154652513381052,3.154652513381052,7.478864558471457,9.14190947534496,0.03518999999999634,0.04448999999999596,True,True,570.4364829281476,587.057256961964,16.62077403381636,True,0
2560,2016-03-07,573.54,580.7049018978346,7.164901897834625,-7.164901897834625,7.478864558471457,9.14190947534496,0.03519499999999634,0.04449499999999596,True,True,573.2260373393631,589.8468113731795,16.620774033816474,True,0
2561,2016-03-08,557.87,573.5948941807612,15.724894180761225,-15.724894180761225,7.478864558471457,9.14190947534496,0.03519999999999634,0.04449999999999596,False,True,566.1160296222897,582.7368036561062,16.620774033816474,False,1
2562,2016-03-09,559.56,558.2036147095861,-1.3563852904138685,1.3563852904138685,7.59001311200177,9.14190947534496,0.03510499999999634,0.04450499999999596,True,True,550.6136015975843,567.345524184931,16.73192258734673,True,0
2563,2016-03-10,566.74,559.2189165371732,-7.521083462826823,7.521083462826823,7.59001311200177,9.00524747773602,0.03510999999999634,0.044509999999995956,True,True,551.6289034251714,568.2241640149092,16.59526058973779,True,0
2564,2016-03-11,566.95,566.2213815419458,-0.7286184580542567,0.7286184580542567,7.59001311200177,9.00524747773602,0.03511499999999634,0.044514999999995954,True,True,558.631368429944,575.2266290196818,16.59526058973779,True,0
2565,2016-03-14,567.0,566.7104736876698,-0.28952631233016746,0.28952631233016746,7.494737428946451,9.00524747773602,0.035119999999996335,0.04451999999999595,True,True,559.2157362587234,575.7157211654059,16.49998490668247,True,0
2566,2016-03-15,571.0,566.7542426553193,-4.245757344680669,4.245757344680669,7.494737428946451,9.00524747773602,0.03512499999999633,0.04452499999999595,True,True,559.2595052263729,575.7594901330554,16.49998490668247,True,0
2567,2016-03-16,576.64,570.6026504659924,-6.037349534007603,6.037349534007603,7.494737428946451,9.00524747773602,0.03512999999999633,0.04452999999999595,True,True,563.1079130370459,579.6078979437284,16.49998490668247,True,0
2568,2016-03-17,569.51,576.1879314864906,6.677931486490593,-6.677931486490593,7.494737428946451,9.00524747773602,0.03513499999999633,0.044534999999995946,True,True,568.6931940575441,585.1931789642266,16.49998490668247,True,0
2569,2016-03-18,560.94,569.5479736412557,8.607973641255626,-8.607973641255626,7.494737428946451,9.00524747773602,0.03513999999999633,0.044539999999995944,False,True,562.0532362123092,578.5532211189917,16.49998490668247,False,1
2570,2016-03-21,548.91,561.0080140823641,12.098014082364102,-12.098014082364102,7.59001311200177,9.00524747773602,0.03504499999999633,0.04454499999999594,False,True,553.4180009703623,570.0132615601001,16.59526058973779,False,1
2571,2016-03-22,545.11,549.0988490047124,3.9888490047123923,-3.9888490047123923,7.611320153076839,9.00524747773602,0.03494999999999633,0.04454999999999594,True,True,541.4875288516356,558.1040964824484,16.616567630812824,True,0
2572,2016-03-23,561.0,544.9807184958878,-16.0192815041122,16.0192815041122,7.611320153076839,9.00524747773602,0.03495499999999633,0.04455499999999594,True,False,537.369398342811,553.9859659736238,16.616567630812824,False,1
2573,2016-03-24,567.11,560.1308878755026,-6.979112124497419,6.979112124497419,7.611320153076839,9.14190947534496,0.03495999999999633,0.04445999999999594,True,True,552.5195677224258,569.2727973508476,16.753229628421764,True,0
2574,2016-03-28,584.4,566.6534318693972,-17.746568130602782,17.746568130602782,7.611320153076839,9.14190947534496,0.034964999999996325,0.04446499999999594,True,False,559.0421117163204,575.7953413447422,16.753229628421764,False,1
2575,2016-03-29,580.15,583.5075829852374,3.3575829852374,-3.3575829852374,7.600020348549947,9.146167242864522,0.034969999999996323,0.04436999999999594,True,True,575.9075626366874,592.6537502281019,16.74618759141447,True,0
2576,2016-03-30,596.71,580.1003967502744,-16.609603249725637,16.609603249725637,7.600020348549947,9.146167242864522,0.03497499999999632,0.04437499999999594,True,False,572.5003764017245,589.2465639931389,16.74618759141447,False,1
2577,2016-03-31,599.28,595.8243960527258,-3.4556039472741986,3.4556039472741986,7.600020348549947,9.160111940275755,0.03497999999999632,0.04427999999999594,True,True,588.2243757041758,604.9845079930016,16.76013228882573,True,0
2578,2016-04-01,590.49,598.9854067094905,8.495406709490453,-8.495406709490453,7.600020348549947,9.160111940275755,0.03498499999999632,0.04428499999999594,False,True,591.3853863609405,608.1455186497662,16.76013228882573,False,1
2579,2016-04-04,599.0,590.5863908471972,-8.413609152802792,8.413609152802792,7.639833084795782,9.160111940275755,0.03488999999999632,0.04428999999999594,True,True,582.9465577624014,599.746502787473,16.799945025071565,True,0
2580,2016-04-05,590.77,598.4176897490383,7.6476897490383635,-7.6476897490383635,7.639833084795782,9.160111940275755,0.03489499999999632,0.044294999999995935,False,True,590.7778566642426,607.5778016893141,16.799945025071565,False,1
2581,2016-04-06,587.52,590.8603449167714,3.3403449167714143,-3.3403449167714143,7.642987594851675,9.160111940275755,0.03479999999999632,0.04429999999999593,True,True,583.2173573219197,600.0204568570472,16.803099535127444,True,0
2582,2016-04-07,598.76,587.3832393188723,-11.376760681127735,11.376760681127735,7.642987594851675,9.160111940275755,0.03480499999999632,0.04430499999999593,True,False,579.7402517240206,596.543351259148,16.803099535127444,False,1
2583,2016-04-08,594.32,598.0817308213166,3.761730821316519,-3.761730821316519,7.642987594851675,9.219771232147934,0.034809999999996316,0.04420999999999593,True,True,590.4387432264649,607.3015020534644,16.86275882699954,True,0
2584,2016-04-11,596.14,594.2723933859734,-1.867606614026613,1.867606614026613,7.642987594851675,9.219771232147934,0.034814999999996314,0.04421499999999593,True,True,586.6294057911217,603.4921646181213,16.86275882699954,True,0
2585,2016-04-12,598.4,595.821114477281,-2.5788855227190197,2.5788855227190197,7.642987594851675,9.219771232147934,0.03481999999999631,0.04421999999999593,True,True,588.1781268824293,605.040885709429,16.862758826999652,True,0
2586,2016-04-13,607.68,598.0779949400473,-9.602005059952603,9.602005059952603,7.639833084795782,9.219771232147934,0.03482499999999631,0.04422499999999593,True,False,590.4381618552516,607.2977661721952,16.85960431694366,False,1
2587,2016-04-14,615.07,607.0918132622047,-7.97818673779534,7.97818673779534,7.639833084795782,9.271350946718002,0.03482999999999631,0.04412999999999593,True,True,599.4519801774089,616.3631642089227,16.911184031513812,True,0
2588,2016-04-15,621.92,614.5744018401824,-7.345598159817541,7.345598159817541,7.639833084795782,9.271350946718002,0.034834999999996306,0.04413499999999593,True,True,606.9345687553866,623.8457527869004,16.911184031513812,True,0
2589,2016-04-18,625.35,621.445545427093,-3.9044545729070705,3.9044545729070705,7.639833084795782,9.271350946718002,0.034839999999996304,0.044139999999995926,True,True,613.8057123422972,630.716896373811,16.911184031513812,True,0
2590,2016-04-19,637.14,625.0073795312469,-12.132620468753089,12.132620468753089,7.639833084795782,9.271350946718002,0.0348449999999963,0.044144999999995924,True,False,617.3675464464511,634.2787304779649,16.911184031513812,False,1
2591,2016-04-20,630.0,636.4753144271843,6.475314427184344,-6.475314427184344,7.639833084795782,9.332247294948672,0.0348499999999963,0.044049999999995926,True,True,628.8354813423886,645.807561722133,16.972080379744398,True,0
2592,2016-04-21,631.0,630.0723831974334,-0.9276168025666038,0.9276168025666038,7.639833084795782,9.332247294948672,0.0348549999999963,0.044054999999995924,True,True,622.4325501126376,639.404630492382,16.972080379744398,True,0
2593,2016-04-22,624.47,630.7194551281124,6.249455128112345,-6.249455128112345,7.639833084795782,9.332247294948672,0.0348599999999963,0.04405999999999592,True,True,623.0796220433166,640.051702423061,16.972080379744398,True,0
2594,2016-04-25,616.61,624.4902149028261,7.880214902826083,-7.880214902826083,7.639833084795782,9.332247294948672,0.034864999999996295,0.04406499999999592,False,True,616.8503818180303,633.8224621977747,16.972080379744398,False,1
2595,2016-04-26,626.17,616.6570835167859,-9.512916483214099,9.512916483214099,7.642987594851675,9.332247294948672,0.0347699999999963,0.04406999999999592,True,False,609.0140959219342,625.9893308117346,16.97523488980039,False,1
2596,2016-04-27,611.8,625.5546585375574,13.754658537557475,-13.754658537557475,7.642987594851675,9.482862958331168,0.034774999999996295,0.04397499999999592,False,True,617.9116709427058,635.0375214958885,17.125850553182772,False,1
2597,2016-04-28,615.54,612.1305834415801,-3.409416558419821,3.409416558419821,7.6476897490383635,9.482862958331168,0.0346799999999963,0.04397999999999592,True,True,604.4828936925418,621.6134463999113,17.130552707369475,True,0
2598,2016-04-29,666.0,615.1238981345731,-50.876101865426904,50.876101865426904,7.6476897490383635,9.482862958331168,0.034684999999996295,0.043984999999995916,True,False,607.4762083855347,624.6067610929042,17.130552707369475,False,1
2599,2016-05-02,663.92,663.7980445336436,-0.12195546635632581,0.12195546635632581,7.6476897490383635,9.482985308867427,0.03468999999999629,0.04388999999999592,True,True,656.1503547846053,673.2810298425111,17.13067505790582,True,0
2600,2016-05-03,677.36,663.867526769431,-13.492473230568976,13.492473230568976,7.6476897490383635,9.482985308867427,0.03469499999999629,0.043894999999995916,True,False,656.2198370203927,673.3505120782985,17.13067505790582,False,1
2601,2016-05-04,662.59,676.6372640312243,14.047264031224245,-14.047264031224245,7.6476897490383635,9.557951233921074,0.03469999999999629,0.04379999999999592,False,True,668.9895742821859,686.1952152651454,17.205640982959494,False,1
2602,2016-05-05,673.31,662.9722909160419,-10.337709083958089,10.337709083958089,7.64877024649121,9.557951233921074,0.03460499999999629,0.04380499999999592,True,False,655.3235206695506,672.530242149963,17.206721480412398,False,1
2603,2016-05-06,656.05,672.6513847413328,16.601384741332822,-16.601384741332822,7.64877024649121,9.602005059952603,0.03460999999999629,0.04370999999999592,False,True,665.0026144948415,682.2533898012854,17.25077530644387,False,1
2604,2016-05-09,673.95,656.525054766713,-17.424945233287076,17.424945233287076,7.7865428671156565,9.602005059952603,0.03451499999999629,0.04371499999999592,True,False,648.7385118995974,666.1270598266656,17.388547927068203,False,1
2605,2016-05-10,694.0,672.9808275543886,-21.01917244561139,21.01917244561139,7.7865428671156565,9.615757619125816,0.03451999999999629,0.04361999999999592,True,False,665.194284687273,682.5965851735144,17.402300486241415,False,1
2606,2016-05-11,705.79,693.0712799017465,-12.71872009825347,12.71872009825347,7.7865428671156565,9.653158031471548,0.03452499999999629,0.04352499999999592,True,False,685.2847370346308,702.724437933218,17.43970089858726,False,1
2607,2016-05-12,717.38,705.2128482056344,-12.167151794365623,12.167151794365623,7.7865428671156565,9.670631632382822,0.034529999999996286,0.04342999999999592,True,False,697.4263053385187,714.8834798380171,17.45717449949848,False,1
2608,2016-05-13,714.64,716.8009196348104,2.160919634810398,-2.160919634810398,7.684000375492587,9.792103917079714,0.034534999999996284,0.043334999999995925,True,True,709.1169192593178,726.5930235518902,17.47610429257236,True,0
2609,2016-05-16,710.13,714.6084271270811,4.4784271270810905,-4.4784271270810905,7.684000375492587,9.692647306463073,0.03453999999999628,0.04333999999999592,True,True,706.9244267515885,724.3010744335442,17.37664768195566,True,0
2610,2016-05-17,709.9,710.1158588882424,0.21585888824245103,-0.21585888824245103,7.684000375492587,9.692647306463073,0.03454499999999628,0.04334499999999592,True,True,702.4318585127498,719.8085061947055,17.37664768195566,True,0
2611,2016-05-18,689.56,709.7159055840089,20.155905584008906,-20.155905584008906,7.684000375492587,9.692647306463073,0.03454999999999628,0.04334999999999592,False,True,702.0319052085163,719.4085528904719,17.37664768195566,False,1
2612,2016-05-19,691.88,690.1297553460471,-1.7502446539529046,1.7502446539529046,7.851123178345517,9.692647306463073,0.03445499999999628,0.04335499999999592,True,True,682.2786321677015,699.8224026525102,17.543770484808647,True,0
2613,2016-05-20,701.05,691.5298772267505,-9.520122773249454,9.520122773249454,7.7865428671156565,9.692647306463073,0.03445999999999628,0.043359999999995916,True,True,683.7433343596349,701.2225245332136,17.479190173578672,True,0
2614,2016-05-23,704.25,700.5142050253521,-3.735794974647888,3.735794974647888,7.7865428671156565,9.692647306463073,0.034464999999996276,0.043364999999995914,True,True,692.7276621582364,710.2068523318152,17.479190173578786,True,0
2615,2016-05-24,698.01,703.9679788777827,5.957978877782693,-5.957978877782693,7.7865428671156565,9.692647306463073,0.034469999999996274,0.04336999999999591,True,True,696.1814360106671,713.6606261842458,17.479190173578672,True,0
2616,2016-05-25,708.0,698.0644590258793,-9.935540974120727,9.935540974120727,7.7865428671156565,9.692647306463073,0.03447499999999627,0.04337499999999591,True,False,690.2779161587637,707.7571063323423,17.479190173578672,False,1
2617,2016-05-26,708.33,707.410223825071,-0.9197761749290976,0.9197761749290976,7.7865428671156565,9.792103917079714,0.03447999999999627,0.04327999999999591,True,True,699.6236809579552,717.2023277421506,17.57864678419537,True,0
2618,2016-05-27,715.0,708.1617741717247,-6.838225828275313,6.838225828275313,7.7865428671156565,9.792103917079714,0.03448499999999627,0.04328499999999591,True,True,700.3752313046091,717.9538780888045,17.57864678419537,True,0
2619,2016-05-31,712.33,714.5637756781923,2.2337756781922735,-2.2337756781922735,7.7865428671156565,9.792103917079714,0.03448999999999627,0.04328999999999591,True,True,706.7772328110766,724.355879595272,17.57864678419537,True,0
2620,2016-06-01,720.9,712.2694114515826,-8.630588548417336,8.630588548417336,7.7865428671156565,9.792103917079714,0.034494999999996265,0.043294999999995906,True,True,704.482868584467,722.0615153686624,17.57864678419537,True,0
2621,2016-06-02,720.97,720.3844228554638,-0.5855771445362734,0.5855771445362734,7.7865428671156565,9.792103917079714,0.03449999999999626,0.043299999999995904,True,True,712.597879988348,730.1765267725434,17.57864678419537,True,0
2622,2016-06-03,726.74,720.8172177512453,-5.922782248754743,5.922782248754743,7.7865428671156565,9.792103917079714,0.03450499999999626,0.0433049999999959,True,True,713.0306748841297,730.609321668325,17.57864678419537,True,0
2623,2016-06-06,726.5,726.3456645667509,-0.15433543324911625,0.15433543324911625,7.7865428671156565,9.792103917079714,0.03450999999999626,0.0433099999999959,True,True,718.5591216996352,736.1377684838305,17.57864678419537,True,0
2624,2016-06-07,729.89,726.3544239889247,-3.53557601107525,3.53557601107525,7.7865428671156565,9.792103917079714,0.03451499999999626,0.0433149999999959,True,True,718.567881121809,736.1465279060044,17.57864678419537,True,0
2625,2016-06-08,726.4,729.5882355336762,3.1882355336762203,-3.1882355336762203,7.7865428671156565,9.792103917079714,0.034519999999996255,0.043319999999995897,True,True,721.8016926665605,739.3803394507559,17.57864678419537,True,0
2626,2016-06-09,723.1,726.3699960308525,3.2699960308524396,-3.2699960308524396,7.7865428671156565,9.792103917079714,0.03452499999999625,0.043324999999995895,True,True,718.5834531637367,736.1620999479321,17.57864678419537,True,0
2627,2016-06-10,722.35,723.0372735904382,0.687273590438167,-0.687273590438167,7.7865428671156565,9.792103917079714,0.03452999999999625,0.04332999999999589,True,True,715.2507307233225,732.8293775075178,17.57864678419537,True,0
2628,2016-06-13,714.01,722.1887147856012,8.178714785601187,-8.178714785601187,7.7865428671156565,9.792103917079714,0.03453499999999625,0.04333499999999589,False,True,714.4021719184855,731.9808187026808,17.57864678419537,False,1
2629,2016-06-14,712.33,714.1381848459412,1.8081848459411276,-1.8081848459411276,7.851123178345517,9.792103917079714,0.03443999999999625,0.04333999999999589,True,True,706.2870616675957,723.9302887630208,17.643227095425118,True,0
2630,2016-06-15,722.0,712.177958411729,-9.822041588270963,9.822041588270963,7.851123178345517,9.792103917079714,0.03444499999999625,0.04334499999999589,True,False,704.3268352333835,721.9700623288088,17.643227095425345,False,1
2631,2016-06-16,712.05,721.4387549618151,9.388754961815152,-9.388754961815152,7.851123178345517,9.797588992119927,0.03444999999999625,0.04324999999999589,False,True,713.5876317834695,731.236343953935,17.6487121704655,False,1
2632,2016-06-17,718.19,712.2689719824205,-5.9210280175796015,5.9210280175796015,7.880214902826083,9.797588992119927,0.03435499999999625,0.04325499999999589,True,True,704.3887570795944,722.0665609745404,17.67780389494601,True,0
2633,2016-06-20,713.5,717.7337392284315,4.233739228431546,-4.233739228431546,7.880214902826083,9.797588992119927,0.03435999999999625,0.043259999999995885,True,True,709.8535243256055,727.5313282205515,17.67780389494601,True,0
2634,2016-06-21,715.72,713.5085788846902,-2.211421115309804,2.211421115309804,7.880214902826083,9.797588992119927,0.034364999999996246,0.04326499999999588,True,True,705.6283639818641,723.3061678768102,17.67780389494601,True,0
2635,2016-06-22,716.58,715.4286713369603,-1.1513286630397488,1.1513286630397488,7.880214902826083,9.797588992119927,0.034369999999996244,0.04326999999999588,True,True,707.5484564341342,725.2262603290802,17.67780389494601,True,0
2636,2016-06-23,715.5,716.3637314010012,0.863731401001246,-0.863731401001246,7.880214902826083,9.792103917079714,0.03437499999999624,0.04327499999999588,True,True,708.4835164981752,726.155835318081,17.672318819905854,True,0
2637,2016-06-24,693.0,715.3526279815962,22.352627981596243,-22.352627981596243,7.880214902826083,9.792103917079714,0.03437999999999624,0.04327999999999588,False,True,707.4724130787702,725.1447318986759,17.67231881990574,False,1
2638,2016-06-27,692.01,693.6403279199861,1.6303279199861436,-1.6303279199861436,7.886781527856215,9.792103917079714,0.03428499999999624,0.043284999999995875,True,True,685.7535463921299,703.4324318370659,17.678885444935986,True,0
2639,2016-06-28,700.0,691.764964225969,-8.235035774030962,8.235035774030962,7.886781527856215,9.792103917079714,0.03428999999999624,0.04328999999999587,True,True,683.8781826981128,701.5570681430488,17.678885444935986,True,0
2640,2016-06-29,715.75,699.4812888125666,-16.268711187433382,16.268711187433382,7.886781527856215,9.792103917079714,0.03429499999999624,0.04329499999999587,True,False,691.5945072847104,709.2733927296463,17.678885444935872,False,1
2641,2016-06-30,717.2,714.968780190119,-2.231219809881054,2.231219809881054,7.886781527856215,9.797588992119927,0.034299999999996236,0.043199999999995874,True,True,707.0819986622628,724.7663691822389,17.68437051997614,True,0
2642,2016-07-01,717.32,716.9983386933308,-0.3216613066692844,0.3216613066692844,7.886781527856215,9.797588992119927,0.034304999999996234,0.04320499999999587,True,True,709.1115571654746,726.7959276854507,17.68437051997614,True,0
2643,2016-07-05,722.8,717.1252319657336,-5.674768034266322,5.674768034266322,7.886781527856215,9.797588992119927,0.03430999999999623,0.04320999999999587,True,True,709.2384504378774,726.9228209578536,17.68437051997614,True,0
2644,2016-07-06,725.71,722.3987736150743,-3.3112263849257033,3.3112263849257033,7.886781527856215,9.797588992119927,0.03431499999999623,0.04321499999999587,True,True,714.5119920872181,732.1963626071943,17.68437051997614,True,0
2645,2016-07-07,739.33,725.4260828504118,-13.90391714958821,13.90391714958821,7.886781527856215,9.797588992119927,0.03431999999999623,0.043219999999995866,True,False,717.5393013225556,735.2236718425318,17.68437051997614,False,1
2646,2016-07-08,740.14,738.6351720167697,-1.504827983230257,1.504827983230257,7.886781527856215,9.797875923551942,0.03432499999999623,0.04312499999999587,True,True,730.7483904889135,748.4330479403217,17.684657451408157,True,0
2647,2016-07-11,750.0,739.9740427413478,-10.02595725865217,10.02595725865217,7.886781527856215,9.797875923551942,0.034329999999996225,0.043129999999995866,True,False,732.0872612134916,749.7719186648998,17.684657451408157,False,1
2648,2016-07-12,756.86,749.4536242492785,-7.406375750721509,7.406375750721509,7.886781527856215,9.884112132195128,0.03433499999999622,0.04303499999999587,True,True,741.5668427214223,759.3377363814736,17.770893660051343,True,0
2649,2016-07-13,746.76,756.4657638765958,9.705763876595825,-9.705763876595825,7.886781527856215,9.884112132195128,0.03433999999999622,0.043039999999995866,False,True,748.5789823487396,766.349876008791,17.770893660051343,False,1
2650,2016-07-14,748.86,746.9917674927804,-1.868232507219659,1.868232507219659,7.9171963619482995,9.822041588270963,0.03424499999999622,0.043044999999995864,True,True,739.074571130832,756.8138090810513,17.739237950219263,True,0
2651,2016-07-15,746.55,748.5752712539373,2.025271253937376,-2.025271253937376,7.9171963619482995,9.822041588270963,0.03424999999999622,0.04304999999999586,True,True,740.658074891989,758.3973128422083,17.739237950219263,True,0
2652,2016-07-18,735.49,746.4695821980896,10.979582198089588,-10.979582198089588,7.9171963619482995,9.822041588270963,0.03425499999999622,0.04305499999999586,False,True,738.5523858361413,756.2916237863606,17.739237950219263,False,1
2653,2016-07-19,732.5,735.716768897161,3.216768897161046,-3.216768897161046,7.9302506630996845,9.822041588270963,0.03415999999999622,0.04305999999999586,True,True,727.7865182340613,745.538810485432,17.752292251370704,True,0
2654,2016-07-20,744.0,732.3898514945608,-11.610148505439156,11.610148505439156,7.9302506630996845,9.822041588270963,0.03416499999999622,0.04306499999999586,True,False,724.4596008314611,742.2118930828318,17.752292251370704,False,1
2655,2016-07-21,747.5,743.3674066751713,-4.13259332482869,4.13259332482869,7.9302506630996845,9.884112132195128,0.03416999999999622,0.04296999999999586,True,True,735.4371560120717,753.2515188073664,17.814362795294755,True,0
2656,2016-07-22,747.79,747.2235236402797,-0.5664763597202409,0.5664763597202409,7.9302506630996845,9.884112132195128,0.034174999999996215,0.04297499999999586,True,True,739.2932729771801,757.1076357724749,17.814362795294755,True,0
2657,2016-07-25,746.55,747.6115443391897,1.0615443391897088,-1.0615443391897088,7.9302506630996845,9.884112132195128,0.03417999999999621,0.042979999999995855,True,True,739.68129367609,757.4956564713848,17.814362795294755,True,0
2658,2016-07-26,742.71,746.4184008837564,3.708400883756326,-3.708400883756326,7.9302506630996845,9.884112132195128,0.03418499999999621,0.04298499999999585,True,True,738.4881502206567,756.3025130159515,17.814362795294755,True,0
2659,2016-07-27,737.97,742.6686611825209,4.698661182520823,-4.698661182520823,7.9302506630996845,9.884112132195128,0.03418999999999621,0.04298999999999585,True,True,734.7384105194212,752.552773314716,17.814362795294755,True,0
2660,2016-07-28,745.98,737.950073228482,-8.029926771518035,8.029926771518035,7.9302506630996845,9.884112132195128,0.03419499999999621,0.04299499999999585,True,True,730.0198225653824,747.8341853606771,17.814362795294755,True,0
2661,2016-07-29,765.0,745.4753085186227,-19.524691481377317,19.524691481377317,7.9302506630996845,9.884112132195128,0.034199999999996206,0.04299999999999585,True,False,737.545057855523,755.3594206508178,17.814362795294755,False,1
2662,2016-08-01,759.87,764.1246409946939,4.254640994693887,-4.254640994693887,7.9171963619482995,9.935540974120727,0.034204999999996204,0.04290499999999585,True,True,756.2074446327456,774.0601819688146,17.852737336069026,True,0
2663,2016-08-02,763.81,759.9486925524025,-3.8613074475974827,3.8613074475974827,7.9171963619482995,9.935540974120727,0.0342099999999962,0.04290999999999585,True,True,752.0314961904542,769.8842335265232,17.852737336069026,True,0
2664,2016-08-03,757.06,763.4756871673748,6.415687167374813,-6.415687167374813,7.9171963619482995,9.935540974120727,0.0342149999999962,0.042914999999995845,True,True,755.5584908054265,773.4112281414955,17.852737336069026,True,0
2665,2016-08-04,753.7,757.1529294426838,3.4529294426837396,-3.4529294426837396,7.9171963619482995,9.935540974120727,0.0342199999999962,0.04291999999999584,True,True,749.2357330807355,767.0884704168045,17.852737336069026,True,0
2666,2016-08-05,764.81,753.6288597582845,-11.181140241715411,11.181140241715411,7.9171963619482995,9.935540974120727,0.034224999999996196,0.04292499999999584,True,False,745.7116633963362,763.5644007324053,17.852737336069026,False,1
2667,2016-08-08,766.81,764.2026509547568,-2.6073490452431543,2.6073490452431543,7.9171963619482995,9.961538287640906,0.034229999999996194,0.042829999999995844,True,True,756.2854545928085,774.1641892423977,17.878734649589205,True,0
2668,2016-08-09,767.39,766.597019965232,-0.792980034767993,0.792980034767993,7.9171963619482995,9.961538287640906,0.03423499999999619,0.04283499999999584,True,True,758.6798236032837,776.5585582528729,17.878734649589205,True,0
2669,2016-08-10,769.8,767.2047429231627,-2.5952570768372425,2.5952570768372425,7.9171963619482995,9.961538287640906,0.03423999999999619,0.04283999999999584,True,True,759.2875465612144,777.1662812108036,17.878734649589205,True,0
2670,2016-08-11,769.94,769.542128945115,-0.3978710548850586,0.3978710548850586,7.9171963619482995,9.961538287640906,0.03424499999999619,0.04284499999999584,True,True,761.6249325831667,779.5036672327559,17.878734649589205,True,0
2671,2016-08-12,768.46,769.7736313995496,1.3136313995495357,-1.3136313995495357,7.9171963619482995,9.961538287640906,0.034249999999996186,0.042849999999995836,True,True,761.8564350376013,779.7351696871905,17.878734649589205,True,0
2672,2016-08-15,771.9,768.3467352372875,-3.5532647627125016,3.5532647627125016,7.9171963619482995,9.961538287640906,0.034254999999996184,0.042854999999995834,True,True,760.4295388753392,778.3082735249284,17.878734649589205,True,0
2673,2016-08-16,768.62,771.5963331708587,2.976333170858652,-2.976333170858652,7.9171963619482995,9.961538287640906,0.03425999999999618,0.04285999999999583,True,True,763.6791368089104,781.5578714584996,17.878734649589205,True,0
2674,2016-08-17,764.41,768.5834510609527,4.173451060952743,-4.173451060952743,7.9171963619482995,9.961538287640906,0.03426499999999618,0.04286499999999583,True,True,760.6662546990044,778.5449893485936,17.878734649589205,True,0
2675,2016-08-18,764.0,764.3848176738996,0.38481767389964716,-0.38481767389964716,7.9171963619482995,9.961538287640906,0.03426999999999618,0.04286999999999583,True,True,756.4676213119513,774.3463559615406,17.878734649589205,True,0
2676,2016-08-19,761.9,763.826226280482,1.9262262804820693,-1.9262262804820693,7.9171963619482995,9.961538287640906,0.03427499999999618,0.042874999999995826,True,True,755.9090299185337,773.787764568123,17.878734649589205,True,0
2677,2016-08-22,757.5,761.7989152352361,4.298915235236109,-4.298915235236109,7.9171963619482995,9.961538287640906,0.034279999999996175,0.042879999999995824,True,True,753.8817188732878,771.760453522877,17.878734649589205,True,0
2678,2016-08-23,763.31,757.4768610231532,-5.833138976846726,5.833138976846726,7.9171963619482995,9.961538287640906,0.03428499999999617,0.04288499999999582,True,True,749.5596646612049,767.4383993107941,17.878734649589205,True,0
2679,2016-08-24,763.0,762.8942466312894,-0.10575336871056606,0.10575336871056606,7.9171963619482995,9.961538287640906,0.03428999999999617,0.04288999999999582,True,True,754.9770502693411,772.8557849189303,17.878734649589205,True,0
2680,2016-08-25,756.0,762.8473917413448,6.847391741344836,-6.847391741344836,7.9171963619482995,9.961538287640906,0.03429499999999617,0.04289499999999582,True,True,754.9301953793965,772.8089300289857,17.878734649589205,True,0
2681,2016-08-26,760.05,756.0773597820005,-3.9726402179994693,3.9726402179994693,7.9171963619482995,9.961538287640906,0.03429999999999617,0.042899999999995816,True,True,748.1601634200522,766.0388980696414,17.878734649589205,True,0
2682,2016-08-29,768.72,759.689669853574,-9.030330146426081,9.030330146426081,7.9171963619482995,9.935540974120727,0.034304999999996165,0.042904999999995815,True,True,751.7724734916256,769.6252108276947,17.852737336069026,True,0
2683,2016-08-30,771.05,768.2200264536705,-2.8299735463294837,2.8299735463294837,7.886781527856215,9.935540974120727,0.03430999999999616,0.04290999999999581,True,True,760.3332449258143,778.1555674277912,17.82232250197694,True,0
2684,2016-08-31,766.6,770.8083034340113,4.208303434011327,-4.208303434011327,7.886781527856215,9.935540974120727,0.03431499999999616,0.04291499999999581,True,True,762.9215219061551,780.7438444081321,17.82232250197694,True,0
2685,2016-09-01,770.9,766.5942622142109,-4.30573778578912,4.30573778578912,7.886781527856215,9.935540974120727,0.03431999999999616,0.04291999999999581,True,True,758.7074806863546,776.5298031883316,17.82232250197694,True,0
2686,2016-09-02,774.11,770.5444449658793,-3.5655550341207345,3.5655550341207345,7.886781527856215,9.935540974120727,0.03432499999999616,0.04292499999999581,True,True,762.6576634380231,780.47998594,17.82232250197694,True,0
2687,2016-09-06,774.04,773.8226457908196,-0.21735420918037107,0.21735420918037107,7.886781527856215,9.935540974120727,0.034329999999996155,0.042929999999995805,True,True,765.9358642629634,783.7581867649403,17.82232250197694,True,0
2688,2016-09-07,789.53,773.8743469808588,-15.655653019141141,15.655653019141141,7.886781527856215,9.935540974120727,0.03433499999999615,0.0429349999999958,True,False,765.9875654530026,783.8098879549796,17.82232250197694,False,1
2689,2016-09-08,783.89,788.7686924826745,4.8786924826745235,-4.8786924826745235,7.886781527856215,9.961538287640906,0.03433999999999615,0.042839999999995805,True,True,780.8819109548183,798.7302307703154,17.84831981549712,True,0
2690,2016-09-09,779.36,783.9786610099969,4.618661009996913,-4.618661009996913,7.886781527856215,9.961538287640906,0.03434499999999615,0.0428449999999958,True,True,776.0918794821407,793.9401992976378,17.84831981549712,True,0
2691,2016-09-12,757.35,779.3430180465087,21.993018046508723,-21.993018046508723,7.886781527856215,9.961538287640906,0.03434999999999615,0.0428499999999958,False,True,771.4562365186525,789.3045563341497,17.84831981549712,False,1
2692,2016-09-13,768.77,757.9704220206545,-10.799577979345486,10.799577979345486,7.9171963619482995,9.961538287640906,0.03425499999999615,0.0428549999999958,True,False,750.0532256587062,767.9319603082954,17.878734649589205,False,1
2693,2016-09-14,762.2,768.081413964343,5.881413964342983,-5.881413964342983,7.9171963619482995,10.02595725865217,0.03425999999999615,0.0427599999999958,True,True,760.1642176023947,778.1073712229952,17.94315362060047,True,0
2694,2016-09-15,762.0,762.2925792021065,0.2925792021064808,-0.2925792021064808,7.9171963619482995,10.02595725865217,0.034264999999996146,0.0427649999999958,True,True,754.3753828401582,772.3185364607587,17.94315362060047,True,0
2695,2016-09-16,773.28,761.7956663619951,-11.484333638004841,11.484333638004841,7.9171963619482995,10.02595725865217,0.034269999999996144,0.0427699999999958,True,False,753.8784700000468,771.8216236206473,17.94315362060047,False,1
2696,2016-09-19,779.97,772.6586842450502,-7.311315754949874,7.311315754949874,7.9171963619482995,10.083977175442328,0.03427499999999614,0.0426749999999958,True,True,764.7414878831019,782.7426614204925,18.001173537390628,True,0
2697,2016-09-20,776.0,779.5657119831615,3.5657119831614636,-3.5657119831614636,7.9171963619482995,10.083977175442328,0.03427999999999614,0.0426799999999958,True,True,771.6485156212132,789.6496891586038,18.001173537390628,True,0
2698,2016-09-21,783.25,775.9875289884674,-7.262471011532625,7.262471011532625,7.9171963619482995,10.083977175442328,0.03428499999999614,0.042684999999995796,True,True,768.0703326265191,786.0715061639097,18.001173537390628,True,0
2699,2016-09-22,794.27,782.7814030512405,-11.488596948759437,11.488596948759437,7.9171963619482995,10.083977175442328,0.034289999999996136,0.042689999999995794,True,False,774.8642066892922,792.8653802266829,18.001173537390628,False,1
2700,2016-09-23,803.13,793.696926173768,-9.433073826231976,9.433073826231976,7.9171963619482995,10.108808106815047,0.034294999999996134,0.042594999999995796,True,True,785.7797298118197,803.805734280583,18.02600446876329,True,0
2701,2016-09-26,801.8,802.6604970897695,0.8604970897695239,-0.8604970897695239,7.9171963619482995,10.101439217860275,0.03429999999999613,0.042599999999995794,True,True,794.7433007278212,812.7619363076298,18.018635579808574,True,0
2702,2016-09-27,801.85,801.7134268603699,-0.1365731396301726,0.1365731396301726,7.9171963619482995,10.101439217860275,0.03430499999999613,0.04260499999999579,True,True,793.7962304984216,811.8148660782301,18.018635579808574,True,0
2703,2016-09-28,818.0,801.6808588353435,-16.319141164656457,16.319141164656457,7.9171963619482995,10.101439217860275,0.03430999999999613,0.04260999999999579,True,False,793.7636624733952,811.7822980532038,18.018635579808574,False,1
2704,2016-09-29,828.26,817.2276743640423,-11.032325635957704,11.032325635957704,7.9171963619482995,10.150312282352616,0.034314999999996126,0.04251499999999579,True,False,809.310478002094,827.3779866463949,18.067508644300915,False,1
2705,2016-09-30,832.61,827.7741554086953,-4.835844591304749,4.835844591304749,7.9171963619482995,10.226185263859975,0.034319999999996124,0.042419999999995794,True,True,819.856959046747,838.0003406725552,18.143381625808274,True,0
2706,2016-10-03,836.0,832.3388149843727,-3.661185015627325,3.661185015627325,7.9171963619482995,10.226185263859975,0.03432499999999612,0.04242499999999579,True,True,824.4216186224244,842.5650002482326,18.143381625808274,True,0
2707,2016-10-04,840.91,835.751218792243,-5.158781207756988,5.158781207756988,7.9171963619482995,10.226185263859975,0.03432999999999612,0.04242999999999579,True,True,827.8340224302947,845.977404056103,18.143381625808274,True,0
2708,2016-10-05,838.0,840.6047815366334,2.604781536633368,-2.604781536633368,7.9171963619482995,10.226185263859975,0.03433499999999612,0.04243499999999579,True,True,832.6875851746851,850.8309668004933,18.143381625808274,True,0
2709,2016-10-06,843.7,837.99307498438,-5.706925015620072,5.706925015620072,7.9171963619482995,10.226185263859975,0.03433999999999612,0.04243999999999579,True,True,830.0758786224317,848.21926024824,18.143381625808274,True,0
2710,2016-10-07,845.79,843.3469729404505,-2.443027059549422,2.443027059549422,7.886781527856215,10.226185263859975,0.034344999999996115,0.042444999999995785,True,True,835.4601914125943,853.5731582043105,18.11296679171619,True,0
2711,2016-10-10,843.25,845.6018158523445,2.3518158523445436,-2.3518158523445436,7.886781527856215,10.150312282352616,0.03434999999999611,0.04244999999999578,True,True,837.7150343244883,855.7521281346972,18.03709381020883,True,0
2712,2016-10-11,841.02,843.2236641359019,2.2036641359019313,-2.2036641359019313,7.886781527856215,10.150312282352616,0.03435499999999611,0.04245499999999578,True,True,835.3368826080457,853.3739764182545,18.03709381020883,True,0
2713,2016-10-12,834.0,840.9649634374806,6.9649634374806055,-6.9649634374806055,7.886781527856215,10.150312282352616,0.03435999999999611,0.04245999999999578,True,True,833.0781819096244,851.1152757198332,18.03709381020883,True,0
2714,2016-10-13,829.0,834.1186059037383,5.118605903738285,-5.118605903738285,7.886781527856215,10.150312282352616,0.03436499999999611,0.04246499999999578,True,True,826.2318243758821,844.2689181860909,18.03709381020883,True,0
2715,2016-10-14,835.08,829.0218138975602,-6.05818610243989,6.05818610243989,7.886781527856215,10.150312282352616,0.034369999999996105,0.042469999999995775,True,True,821.1350323697039,839.1721261799128,18.03709381020883,True,0
2716,2016-10-17,821.5,834.6912615032608,13.191261503260762,-13.191261503260762,7.886781527856215,10.150312282352616,0.0343749999999961,0.04247499999999577,False,True,826.8044799754045,844.8415737856134,18.03709381020883,False,1
2717,2016-10-18,822.11,821.8746393447984,-0.235360655201589,0.235360655201589,7.9171963619482995,10.150312282352616,0.034279999999996105,0.04247999999999577,True,True,813.9574429828501,832.024951627151,18.067508644300915,True,0
2718,2016-10-19,820.4,821.8896417031706,1.489641703170605,-1.489641703170605,7.9171963619482995,10.150312282352616,0.0342849999999961,0.04248499999999577,True,True,813.9724453412223,832.0399539855232,18.067508644300915,True,0
2719,2016-10-20,813.99,820.3073193942979,6.317319394297897,-6.317319394297897,7.9171963619482995,10.150312282352616,0.0342899999999961,0.04248999999999577,True,True,812.3901230323496,830.4576316766505,18.067508644300915,True,0
2720,2016-10-21,809.36,814.0615781301832,4.701578130183179,-4.701578130183179,7.9171963619482995,10.150312282352616,0.0342949999999961,0.042494999999995765,True,True,806.1443817682349,824.2118904125358,18.067508644300915,True,0
2721,2016-10-24,824.95,809.3448543323334,-15.605145667666648,15.605145667666648,7.9171963619482995,10.150312282352616,0.0342999999999961,0.04249999999999576,True,False,801.4276579703851,819.495166614686,18.067508644300915,False,1
2722,2016-10-25,839.3,824.1783286231125,-15.121671376887434,15.121671376887434,7.9171963619482995,10.226185263859975,0.034304999999996096,0.042404999999995766,True,False,816.2611322611642,834.4045138869725,18.143381625808274,False,1
2723,2016-10-26,832.76,838.6518075876734,5.891807587673384,-5.891807587673384,7.9171963619482995,10.230103404458646,0.034309999999996094,0.04230999999999577,True,True,830.7346112257251,848.881910992132,18.147299766406945,True,0
2724,2016-10-27,831.24,832.8958285011887,1.6558285011886937,-1.6558285011886937,7.9171963619482995,10.230103404458646,0.03431499999999609,0.042314999999995766,True,True,824.9786321392404,843.1259319056473,18.147299766406945,True,0
2725,2016-10-28,782.0,831.1255953527733,49.1255953527733,-49.1255953527733,7.9171963619482995,10.230103404458646,0.03431999999999609,0.042319999999995764,False,True,823.208398990825,841.355698757232,18.147299766406945,False,1
2726,2016-10-31,781.03,783.6074296813316,2.577429681331637,-2.577429681331637,7.9302506630996845,10.230103404458646,0.03422499999999609,0.04232499999999576,True,True,775.677179018232,793.8375330857903,18.160354067558274,True,0
2727,2016-11-01,799.0,780.7181507860004,-18.281849213999635,18.281849213999635,7.9302506630996845,10.230103404458646,0.03422999999999609,0.04232999999999576,True,False,772.7879001229007,790.948254190459,18.160354067558274,False,1
2728,2016-11-02,783.93,798.1226025020585,14.192602502058548,-14.192602502058548,7.9302506630996845,10.236235935950788,0.03423499999999609,0.04223499999999576,False,True,790.1923518389588,808.3588384380093,18.166486599050586,False,1
2729,2016-11-03,765.05,784.3388359222242,19.28883592222428,-19.28883592222428,7.938907590292899,10.236235935950788,0.03413999999999609,0.04223999999999576,False,True,776.3999283319313,794.5750718581751,18.1751435262438,False,1
2730,2016-11-04,762.79,765.5110898491063,2.7210898491063062,-2.7210898491063062,8.044417114314342,10.236235935950788,0.03404499999999609,0.04224499999999576,True,True,757.4666727347919,775.747325785057,18.280653050265073,True,0
2731,2016-11-07,771.64,762.6199807862963,-9.020019213703677,9.020019213703677,8.044417114314342,10.236235935950788,0.03404999999999609,0.042249999999995756,True,True,754.575563671982,772.8562167222472,18.280653050265187,True,0
2732,2016-11-08,784.97,771.0879225245071,-13.882077475492906,13.882077475492906,8.025116119562767,10.236235935950788,0.03405499999999609,0.042254999999995754,True,False,763.0628064049444,781.324158460458,18.261352055513612,False,1
2733,2016-11-09,764.0,784.2777876611818,20.277787661181833,-20.277787661181833,8.025116119562767,10.242797623626416,0.034059999999996086,0.042159999999995756,False,True,776.2526715416191,794.5205852848082,18.267913743189183,False,1
2734,2016-11-10,778.81,764.588439676511,-14.221560323488916,14.221560323488916,8.178714785601187,10.242797623626416,0.03396499999999609,0.042164999999995754,True,False,756.4097248909098,774.8312373001374,18.421512409227603,False,1
2735,2016-11-11,735.73,777.9923144528029,42.26231445280291,-42.26231445280291,8.178714785601187,10.27437412065376,0.03396999999999609,0.04206999999999576,False,True,769.8135996672017,788.2666885734567,18.453088906254948,False,1
2736,2016-11-14,745.51,737.1532229097218,-8.356777090278229,8.356777090278229,8.25200881534488,10.27437412065376,0.03387499999999609,0.042074999999995755,True,True,728.9012140943769,747.4275970303755,18.52638293599864,True,0
2737,2016-11-15,730.0,744.7750625272643,14.775062527264254,-14.775062527264254,8.25200881534488,10.27437412065376,0.03387999999999609,0.04207999999999575,False,True,736.5230537119194,755.049436647918,18.52638293599864,False,1
2738,2016-11-16,739.88,730.3927151383549,-9.487284861645094,9.487284861645094,8.308067839245439,10.27437412065376,0.03378499999999609,0.04208499999999575,True,True,722.0846472991095,740.6670892590087,18.582441959899143,True,0
2739,2016-11-17,749.32,739.1971871640327,-10.122812835967352,10.122812835967352,8.308067839245439,10.27437412065376,0.03378999999999609,0.04208999999999575,True,True,730.8891193247873,749.4715612846865,18.582441959899143,True,0
2740,2016-11-18,761.0,748.7486283479703,-12.251371652029661,12.251371652029661,8.308067839245439,10.27437412065376,0.033794999999996085,0.04209499999999575,True,False,740.440560508725,759.0230024686241,18.582441959899143,False,1
2741,2016-11-21,766.0,760.3470393047061,-5.6529606952939275,5.6529606952939275,8.308067839245439,10.337709083958089,0.03379999999999608,0.04199999999999575,True,True,752.0389714654607,770.6847483886642,18.64577692320347,True,0
2742,2016-11-22,788.17,765.6224901932535,-22.54750980674646,22.54750980674646,8.308067839245439,10.337709083958089,0.03380499999999608,0.04200499999999575,True,False,757.314422354008,775.9601992772116,18.645776923203584,False,1
2743,2016-11-23,781.73,787.1044940950347,5.37449409503472,-5.37449409503472,8.308067839245439,10.44679085219019,0.03380999999999608,0.04190999999999575,True,True,778.7964262557894,797.551284947225,18.75485869143563,True,0
2744,2016-11-25,786.5,781.8500866272367,-4.649913372763308,4.649913372763308,8.308067839245439,10.44679085219019,0.03381499999999608,0.04191499999999575,True,True,773.5420187879913,792.2968774794269,18.75485869143563,True,0
2745,2016-11-28,776.99,786.0772241804716,9.087224180471594,-9.087224180471594,8.308067839245439,10.395946211211111,0.033819999999996075,0.041919999999995745,False,True,777.7691563412261,796.4731703916827,18.704014050456635,False,1
2746,2016-11-29,768.0,777.1600218285846,9.160021828584604,-9.160021828584604,8.324593033907718,10.395946211211111,0.03372499999999608,0.04192499999999574,False,True,768.8354287946769,787.5559680397957,18.720539245118857,False,1
2747,2016-11-30,762.0,768.0882057229644,6.088205722964403,-6.088205722964403,8.426878189461377,10.395946211211111,0.03362999999999608,0.04192999999999574,True,True,759.661327533503,778.4841519341755,18.822824400672516,True,0
2748,2016-12-01,752.41,761.9689807021059,9.558980702105941,-9.558980702105941,8.426878189461377,10.395946211211111,0.03363499999999608,0.04193499999999574,False,True,753.5421025126445,772.364926913317,18.822824400672516,False,1
2749,2016-12-02,743.4,752.521615191631,9.121615191631008,-9.121615191631008,8.445680639693741,10.395946211211111,0.03353999999999608,0.04193999999999574,False,True,744.0759345519373,762.9175614028421,18.841626850904845,False,1
2750,2016-12-05,745.0,743.4681363819963,-1.5318636180037402,1.5318636180037402,8.52262168284659,10.395946211211111,0.03344499999999608,0.041944999999995736,True,True,734.9455146991497,753.8640825932074,18.918567894057674,True,0
2751,2016-12-06,763.99,744.6603357712121,-19.32966422878792,19.32966422878792,8.52262168284659,10.395946211211111,0.03344999999999608,0.041949999999995734,True,False,736.1377140883656,755.0562819824232,18.918567894057674,False,1
2752,2016-12-07,764.55,763.018934835956,-1.53106516404398,1.53106516404398,8.495406709490453,10.44679085219019,0.03345499999999608,0.041854999999995736,True,True,754.5235281264655,773.4657256881462,18.9421975616807,True,0
2753,2016-12-08,771.87,764.3716217011676,-7.498378298832449,7.498378298832449,8.495406709490453,10.44679085219019,0.033459999999996076,0.041859999999995734,True,True,755.8762149916771,774.8184125533578,18.9421975616807,True,0
2754,2016-12-09,770.0,771.359812760642,1.359812760641944,-1.359812760641944,8.495406709490453,10.44679085219019,0.033464999999996074,0.04186499999999573,True,True,762.8644060511515,781.8066036128321,18.942197561680587,True,0
2755,2016-12-12,766.4,769.8730794149186,3.4730794149186295,-3.4730794149186295,8.495406709490453,10.44679085219019,0.03346999999999607,0.04186999999999573,True,True,761.3776727054282,780.3198702671089,18.9421975616807,True,0
2756,2016-12-13,764.96,766.3005253811681,1.3405253811680495,-1.3405253811680495,8.495406709490453,10.44679085219019,0.03347499999999607,0.04187499999999573,True,True,757.8051186716776,776.7473162333583,18.9421975616807,True,0
2757,2016-12-14,778.25,764.7686660656329,-13.481333934367058,13.481333934367058,8.495406709490453,10.44679085219019,0.03347999999999607,0.041879999999995726,True,False,756.2732593561425,775.2154569178231,18.942197561680587,False,1
2758,2016-12-15,766.28,777.4986728368218,11.218672836821838,-11.218672836821838,8.495406709490453,10.518423593393265,0.033484999999996067,0.04178499999999573,False,True,769.0032661273314,788.0170964302151,19.013830302883775,False,1
2759,2016-12-16,765.0,766.5618411882632,1.5618411882632017,-1.5618411882632017,8.52262168284659,10.518423593393265,0.03338999999999607,0.041789999999995726,True,True,758.0392195054167,777.0802647816565,19.041045276239856,True,0
2760,2016-12-19,758.89,764.7688633456464,5.878863345646437,-5.878863345646437,8.52262168284659,10.518423593393265,0.03339499999999607,0.041794999999995724,True,True,756.2462416627998,775.2872869390396,19.041045276239856,True,0
2761,2016-12-20,768.65,758.8833448716515,-9.766655128348475,9.766655128348475,8.52262168284659,10.518423593393265,0.033399999999996065,0.04179999999999572,True,True,750.360723188805,769.4017684650448,19.041045276239856,True,0
2762,2016-12-21,770.0,768.0091951746447,-1.990804825355326,1.990804825355326,8.52262168284659,10.518423593393265,0.03340499999999606,0.04180499999999572,True,True,759.486573491798,778.5276187680379,19.041045276239856,True,0
2763,2016-12-22,768.12,769.753226794964,1.6332267949640027,-1.6332267949640027,8.52262168284659,10.518423593393265,0.03340999999999606,0.04180999999999572,True,True,761.2306051121175,780.2716503883573,19.041045276239856,True,0
2764,2016-12-23,764.55,767.9638095169624,3.4138095169624876,-3.4138095169624876,8.52262168284659,10.518423593393265,0.03341499999999606,0.04181499999999572,True,True,759.4411878341159,778.4822331103558,19.041045276239856,True,0
2765,2016-12-27,763.4,764.4441317161214,1.0441317161214556,-1.0441317161214556,8.52262168284659,10.518423593393265,0.03341999999999606,0.041819999999995715,True,True,755.9215100332749,774.9625553095148,19.041045276239856,True,0
2766,2016-12-28,776.25,763.1922578086412,-13.057742191358784,13.057742191358784,8.52262168284659,10.518423593393265,0.033424999999996055,0.04182499999999571,True,False,754.6696361257946,773.7106814020344,19.041045276239856,False,1
2767,2016-12-29,772.4,775.5089233665141,3.108923366514091,-3.108923366514091,8.52262168284659,10.59916504666296,0.03342999999999605,0.041729999999995715,True,True,766.9863016836675,786.108088413177,19.121786729509495,True,0
2768,2016-12-30,766.47,772.3659357025234,5.8959357025233885,-5.8959357025233885,8.52262168284659,10.59916504666296,0.03343499999999605,0.04173499999999571,True,True,763.8433140196769,782.9651007491864,19.121786729509495,True,0
2769,2017-01-03,757.92,766.4476019984293,8.527601998429304,-8.527601998429304,8.52262168284659,10.59916504666296,0.03343999999999605,0.04173999999999571,False,True,757.9249803155826,777.0467670450922,19.12178672950961,False,1
2770,2017-01-04,758.39,757.9850612411207,-0.4049387588793252,0.4049387588793252,8.527601998429304,10.59916504666296,0.03334499999999605,0.04174499999999571,True,True,749.4574592426914,768.5842262877836,19.126767045092265,True,0
2771,2017-01-05,761.55,758.0950153344454,-3.454984665554548,3.454984665554548,8.527601998429304,10.59916504666296,0.03334999999999605,0.04174999999999571,True,True,749.5674133360161,768.6941803811084,19.126767045092265,True,0
2772,2017-01-06,782.36,761.1859646521473,-21.174035347852737,21.174035347852737,8.527601998429304,10.59916504666296,0.03335499999999605,0.041754999999995705,True,False,752.658362653718,771.7851296988102,19.126767045092265,False,1
2773,2017-01-09,798.0,781.321164562202,-16.678835437798057,16.678835437798057,8.527601998429304,10.605041659669155,0.033359999999996046,0.04165999999999571,True,False,772.7935625637726,791.9262062218711,19.13264365809846,False,1
2774,2017-01-10,796.6,797.2522375420117,0.6522375420116759,-0.6522375420116759,8.527601998429304,10.727888731641656,0.033364999999996044,0.04156499999999571,True,True,788.7246355435824,807.9801262736534,19.25549073007096,True,0
2775,2017-01-11,793.66,796.4917059860292,2.831705986029192,-2.831705986029192,8.527601998429304,10.727888731641656,0.03336999999999604,0.04156999999999571,True,True,787.9641039875999,807.2195947176708,19.25549073007096,True,0
2776,2017-01-12,800.31,793.5419552422477,-6.76804475775225,6.76804475775225,8.527601998429304,10.727888731641656,0.03337499999999604,0.041574999999995706,True,True,785.0143532438184,804.2698439738894,19.25549073007096,True,0
2777,2017-01-13,814.32,799.818628198648,-14.501371801352093,14.501371801352093,8.527601998429304,10.727888731641656,0.03337999999999604,0.041579999999995704,True,False,791.2910262002187,810.5465169302896,19.25549073007096,False,1
2778,2017-01-17,815.7,813.5879805817833,-2.1120194182167324,2.1120194182167324,8.527601998429304,10.799577979345486,0.033384999999996036,0.041484999999995706,True,True,805.060378583354,824.3875585611288,19.32717997777479,True,0
2779,2017-01-18,809.5,815.4878296527893,5.987829652789287,-5.987829652789287,8.527601998429304,10.799577979345486,0.033389999999996034,0.041489999999995704,True,True,806.96022765436,826.2874076321348,19.32717997777479,True,0
2780,2017-01-19,810.0,809.525394539686,-0.47460546031402373,0.47460546031402373,8.527601998429304,10.799577979345486,0.03339499999999603,0.0414949999999957,True,True,800.9977925412567,820.3249725190315,19.32717997777479,True,0
2781,2017-01-20,815.28,809.7396167889913,-5.540383211008702,5.540383211008702,8.527601998429304,10.799577979345486,0.03339999999999603,0.0414999999999957,True,True,801.212014790562,820.5391947683368,19.32717997777479,True,0
2782,2017-01-23,806.8,814.8628122755807,8.062812275580768,-8.062812275580768,8.527601998429304,10.799577979345486,0.03340499999999603,0.0415049999999957,True,True,806.3352102771514,825.6623902549262,19.32717997777479,True,0
2783,2017-01-24,822.0,806.9233643967443,-15.076635603255681,15.076635603255681,8.527601998429304,10.799577979345486,0.033409999999996026,0.041509999999995696,True,False,798.395762398315,817.7229423760898,19.32717997777479,False,1
2784,2017-01-25,825.79,821.1630476033365,-4.626952396663455,4.626952396663455,8.527601998429304,11.032325635957704,0.033414999999996024,0.0414149999999957,True,True,812.6354456049072,832.1953732392942,19.55992763438701,True,0
2785,2017-01-26,835.53,825.4913442049769,-10.038655795023033,10.038655795023033,8.52262168284659,11.032325635957704,0.03341999999999602,0.041419999999995696,True,True,816.9687225221303,836.5236698409346,19.554947318804352,True,0
2786,2017-01-27,839.0,834.9639486523146,-4.036051347685429,4.036051347685429,8.52262168284659,11.032325635957704,0.03342499999999602,0.041424999999995694,True,True,826.441326969468,845.9962742882723,19.55494731880424,True,0
2787,2017-01-30,833.0,838.7030618022078,5.703061802207799,-5.703061802207799,8.52262168284659,11.032325635957704,0.03342999999999602,0.04142999999999569,True,True,830.1804401193613,849.7353874381655,19.55494731880424,True,0
2788,2017-01-31,823.75,833.0378169624208,9.287816962420834,-9.287816962420834,8.52262168284659,11.032325635957704,0.033434999999996017,0.04143499999999569,False,True,824.5151952795743,844.0701425983785,19.55494731880424,False,1
2789,2017-02-01,829.21,823.8684035574069,-5.341596442593186,5.341596442593186,8.55436997936556,11.032325635957704,0.03333999999999602,0.04143999999999569,True,True,815.3140335780413,834.9007291933646,19.586695615323265,True,0
2790,2017-02-02,836.59,828.7535401129288,-7.836459887071214,7.836459887071214,8.55436997936556,11.032325635957704,0.03334499999999602,0.04144499999999569,True,True,820.1991701335633,839.7858657488865,19.586695615323265,True,0
2791,2017-02-03,806.72,836.1193193853583,29.39931938535824,-29.39931938535824,8.527601998429304,11.032325635957704,0.033349999999996015,0.041449999999995685,False,True,827.591717386929,847.151645021316,19.55992763438701,False,1
2792,2017-02-06,809.8,807.6544899118178,-2.1455100881821636,2.1455100881821636,8.607973641255626,11.032325635957704,0.03325499999999602,0.04145499999999568,True,True,799.0465162705622,818.6868155477755,19.64029927721333,True,0
2793,2017-02-07,809.31,809.3486883058995,0.038688305899540865,-0.038688305899540865,8.607973641255626,11.032325635957704,0.033259999999996015,0.04145999999999568,True,True,800.7407146646439,820.3810139418572,19.64029927721333,True,0
2794,2017-02-08,812.69,809.1132865250435,-3.576713474956591,3.576713474956591,8.607973641255626,11.032325635957704,0.03326499999999601,0.04146499999999568,True,True,800.5053128837878,820.1456121610012,19.64029927721333,True,0
2795,2017-02-09,821.6,812.3317599864463,-9.268240013553736,9.268240013553736,8.607973641255626,11.032325635957704,0.03326999999999601,0.04146999999999568,True,True,803.7237863451907,823.364085622404,19.64029927721333,True,0
2796,2017-02-10,823.82,821.0454618273191,-2.774538172680991,2.774538172680991,8.55436997936556,11.032325635957704,0.03327499999999601,0.041474999999995675,True,True,812.4910918479535,832.0777874632768,19.586695615323265,True,0
2797,2017-02-13,831.62,823.547363983301,-8.072636016698993,8.072636016698993,8.55436997936556,11.032325635957704,0.03327999999999601,0.04147999999999567,True,True,814.9929940039355,834.5796896192587,19.586695615323265,True,0
2798,2017-02-14,837.0,831.1107510119964,-5.889248988003601,5.889248988003601,8.55436997936556,10.799577979345486,0.033284999999996005,0.04148499999999567,True,True,822.5563810326308,841.9103289913419,19.353947958711046,True,0
2799,2017-02-15,834.0,836.6092745332091,2.6092745332091454,-2.6092745332091454,8.55436997936556,10.799577979345486,0.033289999999996,0.04148999999999567,True,True,828.0549045538436,847.4088525125546,19.353947958711046,True,0
2800,2017-02-16,841.84,833.921786955389,-7.9182130446109795,7.9182130446109795,8.55436997936556,10.799577979345486,0.033294999999996,0.04149499999999567,True,True,825.3674169760235,844.7213649347345,19.353947958711046,True,0
2801,2017-02-17,842.0,841.3153286101036,-0.6846713898963799,0.6846713898963799,8.55436997936556,10.799577979345486,0.033299999999996,0.041499999999995665,True,True,832.7609586307381,852.1149065894491,19.353947958711046,True,0
2802,2017-02-21,848.84,841.8135608504384,-7.026439149561611,7.026439149561611,8.55436997936556,10.799577979345486,0.033304999999996,0.04150499999999566,True,True,833.2591908710729,852.6131388297839,19.353947958711046,True,0
2803,2017-02-22,856.95,848.3699803249351,-8.580019675064932,8.580019675064932,8.55436997936556,10.799577979345486,0.033309999999995996,0.04150999999999566,True,True,839.8156103455696,859.1695583042806,19.353947958711046,True,0
2804,2017-02-23,857.57,856.4614471611153,-1.1085528388847479,1.1085528388847479,8.55436997936556,10.799577979345486,0.033314999999995994,0.04151499999999566,True,True,847.9070771817497,867.2610251404608,19.353947958711046,True,0
2805,2017-02-24,844.69,857.3768798235579,12.686879823557888,-12.686879823557888,8.55436997936556,10.799577979345486,0.03331999999999599,0.04151999999999566,False,True,848.8225098441924,868.1764578029034,19.353947958711046,False,1
2806,2017-02-27,842.38,844.9765159310284,2.5965159310284207,-2.5965159310284207,8.607973641255626,10.799577979345486,0.033224999999995994,0.041524999999995656,True,True,836.3685422897728,855.7760939103739,19.40755162060111,True,0
2807,2017-02-28,851.45,842.2100302051767,-9.23996979482331,9.23996979482331,8.607973641255626,10.799577979345486,0.03322999999999599,0.041529999999995654,True,True,833.6020565639211,853.0096081845222,19.40755162060111,True,0
2808,2017-03-01,853.05,850.8828350738297,-2.167164926170244,2.167164926170244,8.607973641255626,10.799577979345486,0.03323499999999599,0.04153499999999565,True,True,842.2748614325741,861.6824130531752,19.40755162060111,True,0
2809,2017-03-02,853.08,852.8146659727119,-0.26533402728819055,0.26533402728819055,8.607973641255626,10.799577979345486,0.03323999999999599,0.04153999999999565,True,True,844.2066923314562,863.6142439520573,19.40755162060111,True,0
2810,2017-03-03,847.2,852.8779564564919,5.67795645649187,-5.67795645649187,8.607973641255626,10.799577979345486,0.033244999999995986,0.04154499999999565,True,True,844.2699828152363,863.6775344358374,19.40755162060111,True,0
2811,2017-03-06,845.23,847.214899091023,1.9848990910229531,-1.9848990910229531,8.607973641255626,10.799577979345486,0.033249999999995984,0.041549999999995646,True,True,838.6069254497673,858.0144770703685,19.40755162060111,True,0
2812,2017-03-07,845.48,845.0714390458458,-0.4085609541542681,0.4085609541542681,8.607973641255626,10.799577979345486,0.03325499999999598,0.041554999999995644,True,True,836.4634654045901,855.8710170251912,19.40755162060111,True,0
2813,2017-03-08,848.0,845.2490474492259,-2.750952550774059,2.750952550774059,8.607973641255626,10.799577979345486,0.03325999999999598,0.04155999999999564,True,True,836.6410738079703,856.0486254285714,19.40755162060111,True,0
2814,2017-03-09,851.0,847.6902392179951,-3.3097607820049006,3.3097607820049006,8.607973641255626,10.799577979345486,0.03326499999999598,0.04156499999999564,True,True,839.0822655767395,858.4898171973406,19.40755162060111,True,0
2815,2017-03-10,857.0,850.6812432038934,-6.318756796106641,6.318756796106641,8.607973641255626,10.799577979345486,0.033269999999995976,0.04156999999999564,True,True,842.0732695626377,861.4808211832388,19.40755162060111,True,0
2816,2017-03-13,851.77,856.5703456868514,4.800345686851415,-4.800345686851415,8.607973641255626,10.727888731641656,0.033274999999995974,0.041574999999995636,True,True,847.9623720455958,867.298234418493,19.33586237289728,True,0
2817,2017-03-14,853.55,851.780234675156,-1.769765324844002,1.769765324844002,8.607973641255626,10.727888731641656,0.03327999999999597,0.041579999999995634,True,True,843.1722610339003,862.5081234067976,19.33586237289728,True,0
2818,2017-03-15,854.33,853.2507225897893,-1.0792774102106932,1.0792774102106932,8.607973641255626,10.727888731641656,0.03328499999999597,0.04158499999999563,True,True,844.6427489485337,863.978611321431,19.33586237289728,True,0
2819,2017-03-16,855.3,854.0942013752438,-1.2057986247561985,1.2057986247561985,8.607973641255626,10.727888731641656,0.03328999999999597,0.04158999999999563,True,True,845.4862277339881,864.8220901068854,19.33586237289728,True,0
2820,2017-03-17,853.49,855.0533170700412,1.5633170700411938,-1.5633170700411938,8.607973641255626,10.727888731641656,0.03329499999999597,0.04159499999999563,True,True,846.4453434287856,865.7812058016829,19.33586237289728,True,0
2821,2017-03-20,851.51,853.3493550065364,1.8393550065363797,-1.8393550065363797,8.607973641255626,10.727888731641656,0.033299999999995965,0.04159999999999563,True,True,844.7413813652807,864.077243738178,19.33586237289728,True,0
2822,2017-03-21,858.84,851.3639541666805,-7.476045833319517,7.476045833319517,8.607973641255626,10.727888731641656,0.03330499999999596,0.041604999999995625,True,True,842.7559805254249,862.0918428983222,19.33586237289728,True,0
2823,2017-03-22,840.43,858.337007069328,17.907007069328074,-17.907007069328074,8.55436997936556,10.727888731641656,0.03330999999999596,0.04160999999999562,False,True,849.7826370899625,869.0648958009697,19.282258711007216,False,1
2824,2017-03-23,848.2,840.9364674058066,-7.263532594193407,7.263532594193407,8.635517421451198,10.727888731641656,0.03321499999999596,0.04161499999999562,True,True,832.3009499843554,851.6643561374483,19.36340615309291,True,0
2825,2017-03-24,851.68,847.6102124183283,-4.069787581671676,4.069787581671676,8.635517421451198,10.727888731641656,0.03321999999999596,0.04161999999999562,True,True,838.9746949968771,858.3381011499699,19.363406153092797,True,0
2826,2017-03-27,838.07,851.3537639910605,13.283763991060482,-13.283763991060482,8.635517421451198,10.727888731641656,0.03322499999999596,0.04162499999999562,False,True,842.7182465696094,862.0816527227022,19.363406153092797,False,1
2827,2017-03-28,851.75,838.3782279600925,-13.371772039907455,13.371772039907455,8.72131187731074,10.727888731641656,0.03312999999999596,0.041629999999995615,True,False,829.6569160827818,849.1061166917342,19.449200608952424,False,1
2828,2017-03-29,859.05,850.9444871246692,-8.10551287533076,8.10551287533076,8.72131187731074,10.799577979345486,0.03313499999999596,0.04153499999999562,True,True,842.2231752473584,861.7440651040147,19.520889856656254,True,0
2829,2017-03-30,874.95,858.5966588402501,-16.353341159749903,16.353341159749903,8.72131187731074,10.799577979345486,0.03313999999999596,0.041539999999995615,True,False,849.8753469629394,869.3962368195956,19.520889856656254,False,1
2830,2017-03-31,877.0,874.149011511142,-2.850988488857979,2.850988488857979,8.72131187731074,11.032325635957704,0.033144999999995955,0.04144499999999562,True,True,865.4276996338313,885.1813371470997,19.753637513268473,True,0
2831,2017-04-03,888.0,876.7742797490805,-11.225720250919494,11.225720250919494,8.72131187731074,11.032325635957704,0.033149999999995954,0.041449999999995615,True,False,868.0529678717697,887.8066053850382,19.753637513268473,False,1
2832,2017-04-04,891.5,887.382391493803,-4.11760850619703,4.11760850619703,8.72131187731074,11.13140085807197,0.03315499999999595,0.04135499999999562,True,True,878.6610796164922,898.5137923518749,19.852712735382738,True,0
2833,2017-04-05,910.82,891.2113882948848,-19.60861170511521,19.60861170511521,8.72131187731074,11.13140085807197,0.03315999999999595,0.041359999999995616,True,False,882.4900764175741,902.3427891529568,19.852712735382738,False,1
2834,2017-04-06,913.8,909.8991702844075,-3.9008297155924083,3.9008297155924083,8.72131187731074,11.224453624913167,0.03316499999999595,0.04126499999999562,True,True,901.1778584070968,921.1236239093207,19.945765502223935,True,0
2835,2017-04-07,899.65,913.5833318438098,13.93333184380981,-13.93333184380981,8.635517421451198,11.224453624913167,0.033169999999995946,0.041269999999995616,False,True,904.9478144223585,924.807785468723,19.85997104636442,False,1
2836,2017-04-10,899.63,900.0145038605264,0.3845038605263653,-0.3845038605263653,8.730423433258636,11.181140241715411,0.03307499999999595,0.041274999999995614,True,True,891.2840804272678,911.1956441022418,19.91156367497399,True,0
2837,2017-04-11,907.04,899.388200578973,-7.651799421026908,7.651799421026908,8.730423433258636,11.181140241715411,0.033079999999995946,0.04127999999999561,True,True,890.6577771457144,910.5693408206885,19.911563674974104,True,0
2838,2017-04-12,903.09,906.5667100832709,3.4767100832708593,-3.4767100832708593,8.730423433258636,11.181140241715411,0.033084999999995944,0.04128499999999561,True,True,897.8362866500122,917.7478503249863,19.911563674974104,True,0
2839,2017-04-13,891.45,903.0799970600476,11.629997060047572,-11.629997060047572,8.730423433258636,11.181140241715411,0.03308999999999594,0.04128999999999561,False,True,894.3495736267889,914.261137301763,19.911563674974104,False,1
2840,2017-04-17,887.5,891.6838483123676,4.183848312367559,-4.183848312367559,8.80797472763895,11.181140241715411,0.032994999999995944,0.041294999999995606,True,True,882.8758735847287,902.864988554083,19.98911496935432,True,0
2841,2017-04-18,900.99,887.4074350091518,-13.582564990848255,13.582564990848255,8.80797472763895,11.181140241715411,0.03299999999999594,0.041299999999995604,True,False,878.5994602815128,898.5885752508672,19.98911496935432,False,1
2842,2017-04-19,907.84,900.2567456951274,-7.583254304872639,7.583254304872639,8.80797472763895,11.224453624913167,0.03300499999999594,0.041204999999995606,True,True,891.4487709674885,911.4811993200406,20.032428352552074,True,0
2843,2017-04-20,899.7,907.4327424464458,7.732742446445741,-7.732742446445741,8.80797472763895,11.224453624913167,0.03300999999999594,0.041209999999995604,True,True,898.6247677188069,918.657196071359,20.032428352552074,True,0
2844,2017-04-21,902.67,899.8401295386235,-2.8298704613764585,2.8298704613764585,8.80797472763895,11.224453624913167,0.033014999999995936,0.0412149999999956,True,True,891.0321548109846,911.0645831635367,20.032428352552074,True,0
2845,2017-04-24,908.68,902.3327857610881,-6.347214238911874,6.347214238911874,8.80797472763895,11.224453624913167,0.033019999999995935,0.0412199999999956,True,True,893.5248110334492,913.5572393860012,20.032428352552074,True,0
2846,2017-04-25,907.04,908.2663704661177,1.2263704661177144,-1.2263704661177144,8.80797472763895,11.224453624913167,0.03302499999999593,0.0412249999999956,True,True,899.4583957384788,919.4908240910308,20.032428352552074,True,0
2847,2017-04-26,910.3,906.9308680942556,-3.369131905744325,3.369131905744325,8.730423433258636,11.224453624913167,0.03302999999999593,0.0412299999999956,True,True,898.2004446609969,918.1553217191688,19.95487705817186,True,0
2848,2017-04-27,914.39,909.9773692086657,-4.412630791334323,4.412630791334323,8.730423433258636,11.224453624913167,0.03303499999999593,0.041234999999995595,True,True,901.2469457754071,921.2018228335788,19.954877058171746,True,0
2849,2017-04-28,948.83,914.0542616935774,-34.77573830642268,34.77573830642268,8.730423433258636,11.224453624913167,0.03303999999999593,0.04123999999999559,True,False,905.3238382603188,925.2787153184905,19.954877058171746,False,1
2850,2017-05-01,927.8,947.3324304919179,19.53243049191792,-19.53243049191792,8.730423433258636,11.225720250919494,0.033044999999995925,0.041144999999995595,False,True,938.6020070586592,958.5581507428374,19.956143684178187,False,1
2851,2017-05-02,946.64,928.5481743443376,-18.091825655662433,18.091825655662433,8.82209149900882,11.225720250919494,0.03294999999999593,0.04114999999999559,True,False,919.7260828453287,939.773894595257,20.047811749928314,False,1
2852,2017-05-03,946.0,945.6515542524721,-0.34844574752787594,0.34844574752787594,8.82209149900882,11.376760681127735,0.032954999999995925,0.041054999999995595,True,True,936.8294627534633,957.0283149335999,20.198852180136555,True,0
2853,2017-05-04,944.75,945.9316503049591,1.1816503049591347,-1.1816503049591347,8.80797472763895,11.376760681127735,0.03295999999999592,0.04105999999999559,True,True,937.1236755773202,957.3084109860869,20.18473540876664,True,0
2854,2017-05-05,940.52,944.6302613304132,4.110261330413209,-4.110261330413209,8.80797472763895,11.376760681127735,0.03296499999999592,0.04106499999999559,True,True,935.8222866027743,956.0070220115409,20.18473540876664,True,0
2855,2017-05-08,940.95,940.5097893578046,-0.4402106421954386,0.4402106421954386,8.80797472763895,11.376760681127735,0.03296999999999592,0.04106999999999559,True,True,931.7018146301657,951.8865500389323,20.18473540876664,True,0
2856,2017-05-09,952.8,940.7456919802828,-12.054308019717155,12.054308019717155,8.80797472763895,11.376760681127735,0.03297499999999592,0.04107499999999559,True,False,931.9377172526439,952.1224526614105,20.18473540876664,False,1
2857,2017-05-10,953.5,952.1719682762161,-1.3280317237838517,1.3280317237838517,8.80797472763895,11.484333638004841,0.032979999999995915,0.04097999999999559,True,True,943.3639935485772,963.656301914221,20.29230836564375,True,0
2858,2017-05-11,945.11,953.3543325136521,8.244332513652125,-8.244332513652125,8.80797472763895,11.484333638004841,0.03298499999999591,0.04098499999999559,True,True,944.5463577860132,964.838666151657,20.29230836564375,True,0
2859,2017-05-12,954.5,945.269557999924,-9.230442000075982,9.230442000075982,8.80797472763895,11.484333638004841,0.03298999999999591,0.040989999999995586,True,True,936.4615832722851,956.7538916379289,20.29230836564375,True,0
2860,2017-05-15,958.73,953.9357585535071,-4.794241446492947,4.794241446492947,8.80797472763895,11.484333638004841,0.03299499999999591,0.040994999999995584,True,True,945.1277838258682,965.4200921915119,20.29230836564375,True,0
2861,2017-05-16,961.0,958.4375958530052,-2.5624041469948224,2.5624041469948224,8.80797472763895,11.484333638004841,0.03299999999999591,0.04099999999999558,True,True,949.6296211253663,969.92192949101,20.29230836564375,True,0
2862,2017-05-17,954.7,960.7672276141216,6.067227614121521,-6.067227614121521,8.80797472763895,11.484333638004841,0.033004999999995906,0.04100499999999558,True,True,951.9592528864827,972.2515612521264,20.29230836564375,True,0
2863,2017-05-18,944.8,954.7889510829445,9.988951082944595,-9.988951082944595,8.80797472763895,11.484333638004841,0.033009999999995904,0.04100999999999558,False,True,945.9809763553056,966.2732847209494,20.29230836564375,False,1
2864,2017-05-19,962.84,944.9882804684995,-17.85171953150052,17.85171953150052,8.82209149900882,11.484333638004841,0.032914999999995906,0.041014999999995576,True,False,936.1661889694907,956.4726141065044,20.30642513701366,False,1
2865,2017-05-22,964.0,961.9285748639617,-2.0714251360383287,2.0714251360383287,8.82209149900882,11.488596948759437,0.032919999999995904,0.04091999999999558,True,True,953.1064833649529,973.4171718127211,20.310688447768257,True,0
2866,2017-05-23,975.02,963.8581658422781,-11.161834157721842,11.161834157721842,8.82209149900882,11.488596948759437,0.0329249999999959,0.040924999999995576,True,True,955.0360743432693,975.3467627910376,20.310688447768257,True,0
2867,2017-05-24,976.0,974.4380731830472,-1.5619268169527913,1.5619268169527913,8.82209149900882,11.488596948759437,0.0329299999999959,0.040929999999995574,True,True,965.6159816840384,985.9266701318066,20.310688447768257,True,0
2868,2017-05-25,984.85,975.8509011987617,-8.999098801238347,8.999098801238347,8.82209149900882,11.488596948759437,0.0329349999999959,0.04093499999999557,True,True,967.0288096997529,987.3394981475211,20.310688447768257,True,0
2869,2017-05-26,995.0,984.3612564811219,-10.638743518878073,10.638743518878073,8.82209149900882,11.488596948759437,0.032939999999995896,0.04093999999999557,True,True,975.5391649821131,995.8498534298814,20.310688447768257,True,0
2870,2017-05-30,996.51,994.4986244722494,-2.0113755277506016,2.0113755277506016,8.82209149900882,11.488596948759437,0.032944999999995894,0.04094499999999557,True,True,985.6765329732406,1005.9872214210088,20.310688447768257,True,0
2871,2017-05-31,1000.0,996.3547957240073,-3.6452042759926826,3.6452042759926826,8.82209149900882,11.488596948759437,0.03294999999999589,0.040949999999995566,True,True,987.5327042249985,1007.8433926727668,20.310688447768257,True,0
2872,2017-06-01,998.59,999.7373996453323,1.147399645332257,-1.147399645332257,8.82209149900882,11.488596948759437,0.03295499999999589,0.040954999999995564,True,True,990.9153081463235,1011.2259965940917,20.310688447768257,True,0
2873,2017-06-02,998.99,998.5246107950411,-0.46538920495891034,0.46538920495891034,8.82209149900882,11.488596948759437,0.03295999999999589,0.04095999999999556,True,True,989.7025192960323,1010.0132077438005,20.310688447768257,True,0
2874,2017-06-05,1007.23,998.8347921885581,-8.395207811441878,8.395207811441878,8.82209149900882,11.488596948759437,0.032964999999995886,0.04096499999999556,True,True,990.0127006895493,1010.3233891373176,20.310688447768257,True,0
2875,2017-06-06,1012.0,1006.7799470659678,-5.220052934032196,5.220052934032196,8.82209149900882,11.488596948759437,0.032969999999995885,0.04096999999999556,True,True,997.957855566959,1018.2685440147272,20.310688447768257,True,0
2876,2017-06-07,1005.95,1011.7200987912405,5.770098791240457,-5.770098791240457,8.82209149900882,11.488596948759437,0.03297499999999588,0.04097499999999556,True,True,1002.8980072922317,1023.2086957399999,20.310688447768257,True,0
2877,2017-06-08,1012.06,1006.0736344149601,-5.9863655850398345,5.9863655850398345,8.82209149900882,11.488596948759437,0.03297999999999588,0.040979999999995555,True,True,997.2515429159513,1017.5622313637195,20.310688447768257,True,0
2878,2017-06-09,1012.5,1011.67187262739,-0.8281273726099698,0.8281273726099698,8.82209149900882,11.488596948759437,0.03298499999999588,0.04098499999999555,True,True,1002.8497811283812,1023.1604695761495,20.310688447768257,True,0
2879,2017-06-12,967.0,1012.3793224838151,45.379322483815145,-45.379322483815145,8.82209149900882,11.488596948759437,0.03298999999999588,0.04098999999999555,False,True,1003.5572309848063,1023.8679194325746,20.310688447768257,False,1
2880,2017-06-13,977.99,968.5759417321336,-9.41405826786638,9.41405826786638,8.931101638219502,11.484333638004841,0.03289499999999588,0.04099499999999555,True,True,959.6448400939141,980.0602753701385,20.415435276224343,True,0
2881,2017-06-14,988.59,977.232191403292,-11.357808596708082,11.357808596708082,8.931101638219502,11.484333638004841,0.03289999999999588,0.04099999999999555,True,True,968.3010897650724,988.7165250412968,20.415435276224343,True,0
2882,2017-06-15,958.7,988.0526599515657,29.35265995156567,-29.35265995156567,8.931101638219502,11.484333638004841,0.032904999999995875,0.041004999999995545,False,True,979.1215583133462,999.5369935895706,20.415435276224343,False,1
2883,2017-06-16,996.0,959.7166447744364,-36.28335522556358,36.28335522556358,9.087224180471594,11.484333638004841,0.03280999999999588,0.04100999999999554,True,False,950.6294205939648,971.2009784124413,20.571557818476435,False,1
2884,2017-06-19,1017.0,994.2241642633563,-22.77583573664367,22.77583573664367,9.087224180471594,11.51211922195148,0.032814999999995875,0.040914999999995545,True,False,985.1369400828847,1005.7362834853078,20.599343402423074,False,1
2885,2017-06-20,998.0,1016.138509608805,18.138509608804952,-18.138509608804952,9.087224180471594,11.52006618403118,0.03281999999999587,0.04081999999999555,False,True,1007.0512854283334,1027.658575792836,20.60729036450266,False,1
2886,2017-06-21,998.7,998.6570858707609,-0.042914129239193244,0.042914129239193244,9.092261705948445,11.52006618403118,0.032724999999995875,0.040824999999995545,True,True,989.5648241648124,1010.177152054792,20.61232788997961,True,0
2887,2017-06-22,1002.23,998.4767257675704,-3.7532742324295896,3.7532742324295896,9.092261705948445,11.52006618403118,0.032729999999995874,0.04082999999999554,True,True,989.384464061622,1009.9967919516016,20.61232788997961,True,0
2888,2017-06-23,1002.54,1001.9442475864316,-0.5957524135683343,0.5957524135683343,9.092261705948445,11.52006618403118,0.03273499999999587,0.04083499999999554,True,True,992.8519858804832,1013.4643137704628,20.61232788997961,True,0
2889,2017-06-26,1008.5,1002.3894995406177,-6.110500459382251,6.110500459382251,9.092261705948445,11.52006618403118,0.03273999999999587,0.04083999999999554,True,True,993.2972378346693,1013.9095657246489,20.61232788997961,True,0
2890,2017-06-27,990.69,1008.1196518914043,17.429651891404205,-17.429651891404205,9.092261705948445,11.51211922195148,0.03274499999999587,0.04084499999999554,False,True,999.0273901854558,1019.6317711133557,20.60438092789991,False,1
2891,2017-06-28,978.55,991.2515558090408,12.701555809040883,-12.701555809040883,9.09640696077895,11.51211922195148,0.03264999999999587,0.040849999999995536,False,True,982.1551488482619,1002.7636750309923,20.60852618273043,False,1
2892,2017-06-29,979.0,978.8169494590638,-0.1830505409361649,0.1830505409361649,9.121615191631008,11.51211922195148,0.03255499999999587,0.040854999999995534,True,True,969.6953342674328,990.3290686810153,20.633734413582488,True,0
2893,2017-06-30,980.12,978.7797199558933,-1.3402800441067484,1.3402800441067484,9.121615191631008,11.51211922195148,0.03255999999999587,0.04085999999999553,True,True,969.6581047642622,990.2918391778447,20.633734413582488,True,0
2894,2017-07-03,972.79,979.9034311373998,7.113431137399857,-7.113431137399857,9.121615191631008,11.51211922195148,0.03256499999999587,0.04086499999999553,True,True,970.7818159457688,991.4155503593513,20.633734413582488,True,0
2895,2017-07-05,961.53,972.9039972054414,11.37399720544147,-11.37399720544147,9.121615191631008,11.51211922195148,0.032569999999995866,0.04086999999999553,False,True,963.7823820138104,984.4161164273929,20.633734413582488,False,1
2896,2017-07-06,964.66,961.7681466143645,-2.8918533856354998,2.8918533856354998,9.160021828584604,11.51211922195148,0.03247499999999587,0.040874999999995526,True,True,952.6081247857799,973.280265836316,20.672141050536084,True,0
2897,2017-07-07,969.55,964.3188952951953,-5.231104704804693,5.231104704804693,9.160021828584604,11.51211922195148,0.032479999999995866,0.040879999999995524,True,True,955.1588734666107,975.8310145171467,20.672141050536084,True,0
2898,2017-07-10,985.0,969.1761964291362,-15.823803570863788,15.823803570863788,9.160021828584604,11.51211922195148,0.032484999999995864,0.04088499999999552,True,False,960.0161746005516,980.6883156510877,20.672141050536084,False,1
2899,2017-07-11,993.0,984.2181222137996,-8.781877786200425,8.781877786200425,9.160021828584604,11.52006618403118,0.03248999999999586,0.040789999999995524,True,True,975.058100385215,995.7381883978308,20.680088012615784,True,0
2900,2017-07-12,1000.65,992.5511455246345,-8.098854475365442,8.098854475365442,9.160021828584604,11.52006618403118,0.03249499999999586,0.04079499999999552,True,True,983.3911236960499,1004.0712117086657,20.680088012615784,True,0
2901,2017-07-13,1004.62,1000.2035029664011,-4.416497033598944,4.416497033598944,9.160021828584604,11.52006618403118,0.03249999999999586,0.04079999999999552,True,True,991.0434811378165,1011.7235691504322,20.680088012615784,True,0
2902,2017-07-14,1002.4,1004.3224609703369,1.9224609703369424,-1.9224609703369424,9.160021828584604,11.52006618403118,0.03250499999999586,0.04080499999999552,True,True,995.1624391417523,1015.8425271543681,20.680088012615784,True,0
2903,2017-07-17,1004.69,1002.3360790501706,-2.353920949829444,2.353920949829444,9.160021828584604,11.52006618403118,0.032509999999995855,0.040809999999995517,True,True,993.176057221586,1013.8561452342018,20.680088012615784,True,0
2904,2017-07-18,1006.0,1004.4325334761709,-1.5674665238291254,1.5674665238291254,9.160021828584604,11.52006618403118,0.03251499999999585,0.040814999999995515,True,True,995.2725116475863,1015.952599660202,20.680088012615784,True,0
2905,2017-07-19,1025.0,1005.793046910072,-19.206953089927993,19.206953089927993,9.160021828584604,11.52006618403118,0.03251999999999585,0.04081999999999551,True,False,996.6330250814874,1017.3131130941032,20.680088012615784,False,1
2906,2017-07-20,1031.59,1024.098170007675,-7.491829992324938,7.491829992324938,9.160021828584604,11.52921809833174,0.03252499999999585,0.040724999999995515,True,True,1014.9381481790904,1035.6273881060067,20.689239926916343,True,0
2907,2017-07-21,1021.28,1031.2382237037148,9.958223703714793,-9.958223703714793,9.160021828584604,11.52921809833174,0.03252999999999585,0.04072999999999551,False,True,1022.0782018751302,1042.7674418020465,20.689239926916343,False,1
2908,2017-07-24,1028.34,1021.5536142786335,-6.7863857213664005,6.7863857213664005,9.287816962420834,11.52921809833174,0.03243499999999585,0.04073499999999551,True,True,1012.2657973162127,1033.0828323769651,20.81703506075246,True,0
2909,2017-07-25,1038.05,1027.889751508985,-10.160248491014954,10.160248491014954,9.287816962420834,11.52921809833174,0.03243999999999585,0.04073999999999551,True,True,1018.6019345465642,1039.4189696073167,20.817035060752573,True,0
2910,2017-07-26,1043.2,1037.544806975145,-5.6551930248549525,5.6551930248549525,9.287816962420834,11.52921809833174,0.032444999999995845,0.04074499999999551,True,True,1028.2569900127241,1049.0740250734768,20.817035060752687,True,0
2911,2017-07-27,1069.55,1042.887742626998,-26.66225737300192,26.66225737300192,9.287816962420834,11.52921809833174,0.03244999999999584,0.040749999999995505,True,False,1033.5999256645773,1054.4169607253298,20.81703506075246,False,1
2912,2017-07-28,1012.14,1068.402264437041,56.262264437040926,-56.262264437040926,9.287816962420834,11.586417839457766,0.03245499999999584,0.04065499999999551,False,True,1059.1144474746202,1079.9886822764986,20.8742348018784,False,1
2913,2017-07-31,1019.05,1014.2903819385676,-4.75961806143232,4.75961806143232,9.354270026270342,11.586417839457766,0.032359999999995843,0.040659999999995505,True,True,1004.9361119122973,1025.8767997780253,20.940687865728023,True,0
2914,2017-08-01,996.11,1018.4742281111427,22.364228111142666,-22.364228111142666,9.354270026270342,11.586417839457766,0.03236499999999584,0.0406649999999955,False,True,1009.1199580848723,1030.0606459506005,20.940687865728137,False,1
2915,2017-08-02,1001.77,996.869459861562,-4.900540138438032,4.900540138438032,9.388754961815152,11.586417839457766,0.032269999999995844,0.0406699999999955,True,True,987.4807048997468,1008.4558777010197,20.975172801272947,True,0
2916,2017-08-03,999.47,1001.2917330733317,1.821733073331643,-1.821733073331643,9.388754961815152,11.586417839457766,0.03227499999999584,0.0406749999999955,True,True,991.9029781115165,1012.8781509127895,20.975172801272947,True,0
2917,2017-08-04,989.68,999.4014637380261,9.72146373802616,-9.72146373802616,9.388754961815152,11.586417839457766,0.03227999999999584,0.0406799999999955,False,True,990.012708776211,1010.9878815774839,20.975172801272947,False,1
2918,2017-08-07,990.65,989.8791479941738,-0.7708520058262138,0.7708520058262138,9.558980702105941,11.586417839457766,0.03218499999999584,0.040684999999995496,True,True,980.3201672920678,1001.4655658336316,21.145398541563736,True,0
2919,2017-08-08,994.35,990.3912192733142,-3.958780726685859,3.958780726685859,9.558980702105941,11.586417839457766,0.03218999999999584,0.040689999999995494,True,True,980.8322385712082,1001.977637112772,21.145398541563736,True,0
2920,2017-08-09,982.6,994.0159972689803,11.415997268980277,-11.415997268980277,9.558980702105941,11.586417839457766,0.03219499999999584,0.04069499999999549,False,True,984.4570165668744,1005.6024151084381,21.145398541563736,False,1
2921,2017-08-10,976.3,982.8881410444794,6.588141044479471,-6.588141044479471,9.611331133468127,11.586417839457766,0.03209999999999584,0.04069999999999549,True,True,973.2768099110112,994.4745588839372,21.19774897292598,True,0
2922,2017-08-11,960.0,976.3154817581234,16.315481758123383,-16.315481758123383,9.611331133468127,11.586417839457766,0.03210499999999584,0.04070499999999549,False,True,966.7041506246553,987.9018995975812,21.197748972925865,False,1
2923,2017-08-14,978.41,960.417787621504,-17.992212378495992,17.992212378495992,9.705763876595825,11.586417839457766,0.03200999999999584,0.040709999999995486,True,False,950.7120237449082,972.0042054609618,21.29218171605362,False,1
2924,2017-08-15,988.9,977.400305522119,-11.499694477881008,11.499694477881008,9.705763876595825,11.610148505439156,0.03201499999999584,0.04061499999999549,True,True,967.6945416455231,989.0104540275581,21.31591238203498,True,0
2925,2017-08-16,981.65,988.3338219598977,6.6838219598977275,-6.6838219598977275,9.705763876595825,11.610148505439156,0.032019999999995837,0.040619999999995486,True,True,978.6280580833019,999.9439704653369,21.31591238203498,True,0
2926,2017-08-17,977.84,981.7716766305076,3.9316766305075816,-3.9316766305075816,9.705763876595825,11.610148505439156,0.032024999999995835,0.040624999999995484,True,True,972.0659127539118,993.3818251359468,21.31591238203498,True,0
2927,2017-08-18,961.4,977.7669016984428,16.366901698442803,-16.366901698442803,9.705763876595825,11.610148505439156,0.03202999999999583,0.04062999999999548,False,True,968.061137821847,989.3770502038819,21.31591238203498,False,1
2928,2017-08-21,957.57,961.8297837827578,4.259783782757722,-4.259783782757722,9.710274197597869,11.610148505439156,0.031934999999995835,0.04063499999999548,True,True,952.1195095851599,973.4399322881969,21.320422703037025,True,0
2929,2017-08-22,955.52,957.4526997405278,1.9326997405278235,-1.9326997405278235,9.710274197597869,11.610148505439156,0.03193999999999583,0.04063999999999548,True,True,947.7424255429299,969.062848245967,21.320422703037025,True,0
2930,2017-08-23,959.38,955.3663279652249,-4.013672034775141,4.013672034775141,9.710274197597869,11.586417839457766,0.03194499999999583,0.040644999999995476,True,True,945.656053767627,966.9527458046826,21.296692037055664,True,0
2931,2017-08-24,957.42,958.9944155693794,1.5744155693794255,-1.5744155693794255,9.710274197597869,11.586417839457766,0.03194999999999583,0.040649999999995474,True,True,949.2841413717815,970.5808334088372,21.296692037055664,True,0
2932,2017-08-25,956.0,957.2859498955227,1.2859498955226627,-1.2859498955226627,9.710274197597869,11.586417839457766,0.03195499999999583,0.04065499999999547,True,True,947.5756756979248,968.8723677349805,21.296692037055664,True,0
2933,2017-08-28,946.54,955.8247380007315,9.284738000731522,-9.284738000731522,9.710274197597869,11.586417839457766,0.031959999999995825,0.04065999999999547,True,True,946.1144638031336,967.4111558401893,21.296692037055664,True,0
2934,2017-08-29,940.0,946.6826243372761,6.682624337276138,-6.682624337276138,9.710274197597869,11.586417839457766,0.03196499999999582,0.04066499999999547,True,True,936.9723501396783,958.2690421767339,21.296692037055664,True,0
2935,2017-08-30,958.44,939.9959342460621,-18.444065753937934,18.444065753937934,9.710274197597869,11.586417839457766,0.03196999999999582,0.04066999999999547,True,False,930.2856600484643,951.5823520855199,21.296692037055664,False,1
2936,2017-08-31,974.7,957.4397649992839,-17.260235000716193,17.260235000716193,9.710274197597869,11.610148505439156,0.03197499999999582,0.04057499999999547,True,False,947.729490801686,969.049913504723,21.320422703037025,False,1
2937,2017-09-01,984.2,973.8771696404718,-10.322830359528211,10.322830359528211,9.710274197597869,11.785986857519788,0.03197999999999582,0.04047999999999547,True,True,964.166895442874,985.6631564979916,21.496261055117657,True,0
2938,2017-09-05,975.4,983.6549759323856,8.254975932385605,-8.254975932385605,9.710274197597869,11.785986857519788,0.031984999999995815,0.04048499999999547,True,True,973.9447017347877,995.4409627899054,21.496261055117657,True,0
2939,2017-09-06,968.32,975.5622074202839,7.242207420283876,-7.242207420283876,9.710274197597869,11.785986857519788,0.03198999999999581,0.04048999999999547,True,True,965.8519332226861,987.3481942778037,21.496261055117657,True,0
2940,2017-09-07,974.0,968.3547070067557,-5.645292993244311,5.645292993244311,9.705763876595825,11.697837578350288,0.03199499999999581,0.040494999999995465,True,True,958.6489431301599,980.052544585106,21.40360145494617,True,0
2941,2017-09-08,979.1,973.5300045488102,-5.569995451189811,5.569995451189811,9.705763876595825,11.697837578350288,0.03199999999999581,0.04049999999999546,True,True,963.8242406722144,985.2278421271606,21.40360145494617,True,0
2942,2017-09-11,974.46,978.6928517832555,4.232851783255455,-4.232851783255455,9.705763876595825,11.697837578350288,0.03200499999999581,0.04050499999999546,True,True,968.9870879066597,990.3906893616058,21.40360145494617,True,0
2943,2017-09-12,983.27,974.4387924408813,-8.831207559118639,8.831207559118639,9.705763876595825,11.697837578350288,0.032009999999995806,0.04050999999999546,True,True,964.7330285642855,986.1366300192317,21.40360145494617,True,0
2944,2017-09-13,983.97,982.6842550007722,-1.285744999227859,1.285744999227859,9.705763876595825,11.697837578350288,0.032014999999995804,0.04051499999999546,True,True,972.9784911241763,994.3820925791224,21.403601454946056,True,0
2945,2017-09-14,996.8,983.7503346323499,-13.04966536765005,13.04966536765005,9.705763876595825,11.697837578350288,0.0320199999999958,0.040519999999995455,True,False,974.0445707557541,995.4481722107002,21.40360145494617,False,1
2946,2017-09-15,993.01,996.0744203209498,3.0644203209498073,-3.0644203209498073,9.705763876595825,11.785986857519788,0.0320249999999958,0.04042499999999546,True,True,986.368656444354,1007.8604071784696,21.491750734115612,True,0
2947,2017-09-18,990.4,992.9878967128917,2.587896712891734,-2.587896712891734,9.705763876595825,11.785986857519788,0.0320299999999958,0.040429999999995456,True,True,983.2821328362959,1004.7738835704115,21.491750734115612,True,0
2948,2017-09-19,977.25,990.2796649290206,13.029664929020555,-13.029664929020555,9.705763876595825,11.785986857519788,0.032034999999995796,0.040434999999995454,False,True,980.5739010524247,1002.0656517865403,21.491750734115612,False,1
2949,2017-09-20,971.79,977.5435282126527,5.753528212652782,-5.753528212652782,9.710274197597869,11.785986857519788,0.0319399999999958,0.04043999999999545,True,True,967.8332540150549,989.3295150701725,21.496261055117657,True,0
2950,2017-09-21,971.31,971.7416400835274,0.43164008352744077,-0.43164008352744077,9.710274197597869,11.785986857519788,0.031944999999995796,0.04044499999999545,True,True,962.0313658859295,983.5276269410472,21.496261055117657,True,0
2951,2017-09-22,961.01,971.0831318553506,10.073131855350653,-10.073131855350653,9.710274197597869,11.785986857519788,0.031949999999995794,0.04044999999999545,False,True,961.3728576577528,982.8691187128704,21.496261055117657,False,1
2952,2017-09-25,949.31,961.1825763596607,11.872576359660798,-11.872576359660798,9.72146373802616,11.785986857519788,0.031854999999995796,0.040454999999995446,False,True,951.4611126216346,972.9685632171805,21.507450595545947,False,1
2953,2017-09-26,945.49,949.5004956039115,4.010495603911522,-4.010495603911522,9.91020213890016,11.785986857519788,0.0317599999999958,0.040459999999995444,True,True,939.5902934650114,961.2864824614313,21.69618899641989,True,0
2954,2017-09-27,948.0,945.3592928799247,-2.6407071200752625,2.6407071200752625,9.91020213890016,11.785986857519788,0.0317649999999958,0.04046499999999544,True,True,935.4490907410245,957.1452797374445,21.696188996420005,True,0
2955,2017-09-28,951.86,947.6401365249586,-4.219863475041393,4.219863475041393,9.91020213890016,11.785986857519788,0.031769999999995795,0.04046999999999544,True,True,937.7299343860584,959.4261233824784,21.696188996420005,True,0
2956,2017-09-29,960.11,951.4664552856024,-8.643544714397649,8.643544714397649,9.91020213890016,11.785986857519788,0.03177499999999579,0.04047499999999544,True,True,941.5562531467021,963.2524421431222,21.696188996420005,True,0
2957,2017-10-02,964.0,959.5480701142121,-4.451929885787877,4.451929885787877,9.91020213890016,11.785986857519788,0.03177999999999579,0.040479999999995436,True,True,949.637867975312,971.3340569717319,21.69618899641989,True,0
2958,2017-10-03,958.0,963.6287996002077,5.628799600207685,-5.628799600207685,9.91020213890016,11.785986857519788,0.03178499999999579,0.040484999999995434,True,True,953.7185974613076,975.4147864577275,21.69618899641989,True,0
2959,2017-10-04,954.21,958.0065470328533,3.7965470328532547,-3.7965470328532547,9.819045192550732,11.785986857519788,0.03178999999999579,0.04048999999999543,True,True,948.1875018403025,969.7925338903731,21.605032050070577,True,0
2960,2017-10-05,970.0,954.096313404263,-15.903686595736986,15.903686595736986,9.819045192550732,11.785986857519788,0.031794999999995785,0.04049499999999543,True,False,944.2772682117122,965.8823002617828,21.605032050070577,False,1
2961,2017-10-06,975.64,969.1127607633439,-6.527239236656101,6.527239236656101,9.819045192550732,11.926404781122756,0.03179999999999578,0.04039999999999543,True,True,959.2937155707932,981.0391655444666,21.74544997367343,True,0
2962,2017-10-09,993.24,975.2243445587937,-18.015655441206263,18.015655441206263,9.819045192550732,11.926404781122756,0.03180499999999578,0.04040499999999543,True,False,965.4052993662431,987.1507493399165,21.74544997367343,False,1
2963,2017-10-10,996.67,992.3234219427515,-4.346578057248507,4.346578057248507,9.819045192550732,12.046558395810933,0.03180999999999578,0.04030999999999543,True,True,982.5043767502007,1004.3699803385624,21.86560358836175,True,0
2964,2017-10-11,991.27,996.3641079873458,5.094107987345865,-5.094107987345865,9.819045192550732,12.046558395810933,0.03181499999999578,0.04031499999999543,True,True,986.5450627947951,1008.4106663831568,21.86560358836175,True,0
2965,2017-10-12,996.81,991.2675929070009,-5.542407092999042,5.542407092999042,9.819045192550732,12.046558395810933,0.031819999999995775,0.04031999999999543,True,True,981.4485477144501,1003.3141513028119,21.86560358836175,True,0
2966,2017-10-13,1007.0,996.3470899658208,-10.652910034179172,10.652910034179172,9.819045192550732,12.046558395810933,0.03182499999999577,0.04032499999999543,True,True,986.52804477327,1008.3936483616318,21.86560358836175,True,0
2967,2017-10-16,1008.44,1006.3896807363445,-2.050319263655524,2.050319263655524,9.819045192550732,12.046558395810933,0.03182999999999577,0.040329999999995425,True,True,996.5706355437937,1018.4362391321555,21.86560358836175,True,0
2968,2017-10-17,1005.59,1008.1950506139784,2.605050613978392,-2.605050613978392,9.819045192550732,12.046558395810933,0.03183499999999577,0.04033499999999542,True,True,998.3760054214276,1020.2416090097894,21.86560358836175,True,0
2969,2017-10-18,1009.27,1005.4869112453781,-3.783088754621872,3.783088754621872,9.819045192550732,12.046558395810933,0.03183999999999577,0.04033999999999542,True,True,995.6678660528273,1017.5334696411891,21.86560358836175,True,0
2970,2017-10-19,990.0,1008.8952236941204,18.895223694120432,-18.895223694120432,9.819045192550732,12.046558395810933,0.031844999999995766,0.04034499999999542,False,True,999.0761785015698,1020.9417820899314,21.865603588361637,False,1
2971,2017-10-20,993.53,990.5402017408293,-2.9897982591706977,2.9897982591706977,9.91020213890016,12.046558395810933,0.03174999999999577,0.04034999999999542,True,True,980.6299996019291,1002.5867601366402,21.95676053471118,True,0
2972,2017-10-23,986.73,993.0992212402666,6.369221240266597,-6.369221240266597,9.91020213890016,12.046558395810933,0.031754999999995766,0.040354999999995415,True,True,983.1890191013665,1005.1457796360776,21.956760534711066,True,0
2973,2017-10-24,969.0,986.7749547201987,17.774954720198707,-17.774954720198707,9.91020213890016,12.046558395810933,0.031759999999995764,0.04035999999999541,False,True,976.8647525812985,998.8215131160097,21.95676053471118,False,1
2974,2017-10-25,978.0,969.4322651228831,-8.56773487711689,8.56773487711689,9.919258401354341,11.926404781122756,0.031664999999995766,0.04036499999999541,True,True,959.5130067215288,981.3586699040059,21.845663182477097,True,0
2975,2017-10-26,980.33,977.3410495714484,-2.988950428551675,2.988950428551675,9.919258401354341,11.926404781122756,0.031669999999995764,0.04036999999999541,True,True,967.421791170094,989.2674543525711,21.845663182477097,True,0
2976,2017-10-27,1058.14,980.0208552927859,-78.11914470721422,78.11914470721422,9.919258401354341,11.926404781122756,0.03167499999999576,0.04037499999999541,True,False,970.1015968914315,991.9472600739086,21.845663182477097,False,1
2977,2017-10-30,1095.01,1054.7383432939669,-40.27165670603313,40.27165670603313,9.919258401354341,12.054308019717155,0.03167999999999576,0.04027999999999541,True,False,1044.8190848926124,1066.792651313684,21.97356642107161,False,1
2978,2017-10-31,1109.0,1093.6994287722798,-15.300571227720184,15.300571227720184,9.919258401354341,12.105808063873866,0.03168499999999576,0.04018499999999541,True,False,1083.7801703709256,1105.8052368361537,22.025066465228065,False,1
2979,2017-11-01,1105.4,1108.4669991284536,3.066999128453517,-3.066999128453517,9.919258401354341,12.132620468753089,0.031689999999995756,0.040089999999995414,True,True,1098.5477407270992,1120.5996195972066,22.05187887010743,True,0
2980,2017-11-02,1097.81,1105.4383889972469,7.62838899724693,-7.62838899724693,9.919258401354341,12.132620468753089,0.031694999999995754,0.04009499999999541,True,True,1095.5191305958924,1117.5710094659999,22.05187887010743,True,0
2981,2017-11-03,1091.15,1097.9215152388824,6.77151523888233,-6.77151523888233,9.919258401354341,12.132620468753089,0.03169999999999575,0.04009999999999541,True,True,1088.002256837528,1110.0541357076354,22.05187887010743,True,0
2982,2017-11-06,1109.15,1091.203321239562,-17.94667876043809,17.94667876043809,9.919258401354341,12.132620468753089,0.03170499999999575,0.04010499999999541,True,False,1081.2840628382078,1103.3359417083152,22.05187887010743,False,1
2983,2017-11-07,1124.74,1108.2777356041393,-16.462264395860757,16.462264395860757,9.919258401354341,12.167151794365623,0.03170999999999575,0.04000999999999541,True,False,1098.3584772027848,1120.4448873985048,22.086410195719964,False,1
2984,2017-11-08,1122.82,1124.0731861062663,1.253186106266412,-1.253186106266412,9.919258401354341,12.251371652029661,0.03171499999999575,0.03991499999999541,True,True,1114.153927704912,1136.3245577582961,22.17063005338423,True,0
2985,2017-11-09,1125.96,1122.809059202806,-3.1509407971939254,3.1509407971939254,9.919258401354341,12.251371652029661,0.031719999999995745,0.03991999999999541,True,True,1112.8898008014517,1135.0604308548359,22.17063005338423,True,0
2986,2017-11-10,1126.1,1125.691099235236,-0.4089007647639846,0.4089007647639846,9.919258401354341,12.251371652029661,0.03172499999999574,0.03992499999999541,True,True,1115.7718408338815,1137.9424708872657,22.17063005338423,True,0
2987,2017-11-13,1123.0,1125.9637462214462,2.963746221446172,-2.963746221446172,9.919258401354341,12.251371652029661,0.03172999999999574,0.03992999999999541,True,True,1116.044487820092,1138.2151178734757,22.170630053383775,True,0
2988,2017-11-14,1130.11,1122.9710614549074,-7.138938545092515,7.138938545092515,9.919258401354341,12.251371652029661,0.03173499999999574,0.039934999999995405,True,True,1113.0518030535532,1135.222433106937,22.170630053383775,True,0
2989,2017-11-15,1127.01,1129.6853272593862,2.675327259386222,-2.675327259386222,9.919258401354341,12.251371652029661,0.03173999999999574,0.0399399999999954,True,True,1119.7660688580318,1141.936698911416,22.17063005338423,True,0
2990,2017-11-16,1130.16,1127.0094163988558,-3.1505836011442625,3.1505836011442625,9.919258401354341,12.251371652029661,0.031744999999995735,0.0399449999999954,True,True,1117.0901579975016,1139.2607880508854,22.170630053383775,True,0
2991,2017-11-17,1138.28,1129.8842152235807,-8.395784776419305,8.395784776419305,9.919258401354341,12.251371652029661,0.03174999999999573,0.0399499999999954,True,True,1119.9649568222262,1142.1355868756104,22.17063005338423,True,0
2992,2017-11-20,1129.77,1137.8451273183036,8.075127318303657,-8.075127318303657,9.919258401354341,12.251371652029661,0.03175499999999573,0.0399549999999954,True,True,1127.9258689169492,1150.0964989703334,22.17063005338423,True,0
2993,2017-11-21,1132.86,1129.9771074340335,-2.8828925659663582,2.8828925659663582,9.91020213890016,12.251371652029661,0.03175999999999573,0.039959999999995395,True,True,1120.0669052951334,1142.228479086063,22.16157379092965,True,0
2994,2017-11-22,1141.0,1132.5647905687915,-8.435209431208477,8.435209431208477,9.91020213890016,12.251371652029661,0.03176499999999573,0.03996499999999539,True,True,1122.6545884298914,1144.8161622208213,22.16157379092988,True,0
2995,2017-11-24,1160.7,1140.5628596409879,-20.137140359012164,20.137140359012164,9.91020213890016,12.251371652029661,0.031769999999995725,0.03996999999999539,True,False,1130.6526575020878,1152.8142312930177,22.16157379092988,False,1
2996,2017-11-27,1202.66,1159.8570740592384,-42.802925940761725,42.802925940761725,9.91020213890016,12.403943335151723,0.03177499999999572,0.03987499999999539,True,False,1149.9468719203383,1172.2610173943901,22.314145474051884,False,1
2997,2017-11-28,1204.88,1201.0560179912943,-3.823982008705798,3.823982008705798,9.91020213890016,12.408820474369577,0.03177999999999572,0.039779999999995395,True,True,1191.1458158523942,1213.464838465664,22.31902261326968,True,0
2998,2017-11-29,1194.8,1204.8910000553797,10.091000055379709,-10.091000055379709,9.91020213890016,12.408820474369577,0.03178499999999572,0.039784999999995393,False,True,1194.9807979164796,1217.2998205297492,22.31902261326968,False,1
2999,2017-11-30,1167.1,1195.0974734824974,27.997473482497526,-27.997473482497526,9.919258401354341,12.408820474369577,0.03168999999999572,0.03978999999999539,False,True,1185.1782150811432,1207.506293956867,22.328078875723804,False,1
3000,2017-12-01,1172.05,1167.969767550726,-4.080232449274035,4.080232449274035,9.93317140096974,12.408820474369577,0.031594999999995724,0.03979499999999539,True,True,1158.0365961497562,1180.3785880250955,22.341991875339318,True,0
3001,2017-12-04,1173.85,1171.643021153453,-2.2069788465469173,2.2069788465469173,9.93317140096974,12.408820474369577,0.03159999999999572,0.03979999999999539,True,True,1161.7098497524833,1184.0518416278226,22.341991875339318,True,0
3002,2017-12-05,1128.26,1173.6857476595203,45.42574765952031,-45.42574765952031,9.93317140096974,12.408820474369577,0.03160499999999572,0.039804999999995386,False,True,1163.7525762585506,1186.0945681338899,22.341991875339318,False,1
3003,2017-12-06,1137.99,1129.7849400716173,-8.205059928382752,8.205059928382752,9.958223703714793,12.408820474369577,0.03150999999999572,0.039809999999995384,True,True,1119.8267163679025,1142.1937605459868,22.36704417808437,True,0
3004,2017-12-07,1156.59,1137.30083276625,-19.289167233749822,19.289167233749822,9.958223703714793,12.408820474369577,0.03151499999999572,0.03981499999999538,True,False,1127.3426090625353,1149.7096532406197,22.36704417808437,False,1
3005,2017-12-08,1170.4,1155.7806127965011,-14.619387203498945,14.619387203498945,9.958223703714793,12.495747188778807,0.03151999999999572,0.039719999999995384,True,False,1145.8223890927864,1168.27635998528,22.453970892493544,False,1
3006,2017-12-11,1164.6,1169.8185239392512,5.218523939251327,-5.218523939251327,9.958223703714793,12.647426188665804,0.031524999999995716,0.039624999999995386,True,True,1159.8603002355364,1182.465950127917,22.605649892380598,True,0
3007,2017-12-12,1166.51,1164.7326217885443,-1.777378211455698,1.777378211455698,9.958223703714793,12.647426188665804,0.031529999999995714,0.039629999999995384,True,True,1154.7743980848295,1177.38004797721,22.605649892380598,True,0
3008,2017-12-13,1170.0,1166.287860617214,-3.712139382786063,3.712139382786063,9.958223703714793,12.647426188665804,0.03153499999999571,0.03963499999999538,True,True,1156.3296369134991,1178.9352868058797,22.605649892380598,True,0
3009,2017-12-14,1163.71,1169.746552628534,6.036552628533855,-6.036552628533855,9.958223703714793,12.647426188665804,0.03153999999999571,0.03963999999999538,True,True,1159.788328924819,1182.3939788171997,22.605649892380598,True,0
3010,2017-12-15,1179.03,1163.8215472071452,-15.208452792854814,15.208452792854814,9.958223703714793,12.647426188665804,0.03154499999999571,0.03964499999999538,True,False,1153.8633235034304,1176.468973395811,22.605649892380598,False,1
3011,2017-12-18,1187.37,1178.3062725525363,-9.063727447463634,9.063727447463634,9.958223703714793,12.68267021540862,0.031549999999995706,0.03954999999999538,True,True,1168.3480488488215,1190.988942767945,22.640893919123528,True,0
3012,2017-12-19,1189.15,1186.992591859538,-2.1574081404621666,2.1574081404621666,9.93317140096974,12.68267021540862,0.031554999999995705,0.03955499999999538,True,True,1177.0594204585682,1199.6752620749467,22.615841616378475,True,0
3013,2017-12-20,1190.5,1188.9968294460728,-1.503170553927248,1.503170553927248,9.93317140096974,12.68267021540862,0.0315599999999957,0.03955999999999538,True,True,1179.063658045103,1201.6794996614813,22.615841616378248,True,0
3014,2017-12-21,1175.9,1190.3408667035208,14.440866703520669,-14.440866703520669,9.93317140096974,12.68267021540862,0.0315649999999957,0.039564999999995375,False,True,1180.407695302551,1203.0235369189295,22.615841616378475,False,1
3015,2017-12-22,1172.08,1176.319429418815,4.239429418815007,-4.239429418815007,9.988951082944595,12.68267021540862,0.0314699999999957,0.03956999999999537,True,True,1166.3304783358703,1189.0020996342237,22.67162129835333,True,0
3016,2017-12-26,1168.36,1172.039014336131,3.679014336131104,-3.679014336131104,9.988951082944595,12.68267021540862,0.0314749999999957,0.03957499999999537,True,True,1162.0500632531864,1184.7216845515395,22.671621298353102,True,0
3017,2017-12-27,1179.91,1168.3461796370748,-11.563820362925298,11.563820362925298,9.988951082944595,12.68267021540862,0.0314799999999957,0.03957999999999537,True,True,1158.3572285541302,1181.0288498524833,22.671621298353102,True,0
3018,2017-12-28,1189.0,1179.3310810042246,-9.668918995775357,9.668918995775357,9.988951082944595,12.68267021540862,0.0314849999999957,0.03958499999999537,True,True,1169.34212992128,1192.0137512196334,22.67162129835333,True,0
3019,2017-12-29,1182.35,1188.5741884613885,6.224188461388621,-6.224188461388621,9.958223703714793,12.68267021540862,0.031489999999995695,0.039589999999995365,True,True,1178.6159647576737,1201.256858676797,22.6408939191233,True,0
