step,timestamp,y,forecast,score_lower,score_upper,q_lower,q_upper,alpha_lower,alpha_upper,lower_tail_covered,upper_tail_covered,lower_bound,upper_bound,width,covered,miss
0,2006-01-03,47.47,1.0,-46.47,46.47,inf,inf,0.05,0.05,True,True,-inf,inf,inf,True,0
1,2006-01-04,47.48,1.0,-46.48,46.48,inf,inf,0.05,0.05,True,True,-inf,inf,inf,True,0
2,2006-01-05,47.16,1.0,-46.16,46.16,inf,inf,0.05,0.05,True,True,-inf,inf,inf,True,0
3,2006-01-06,47.97,1.0,-46.97,46.97,inf,inf,0.05,0.05,True,True,-inf,inf,inf,True,0
4,2006-01-09,46.55,1.0,-45.55,45.55,inf,inf,0.05,0.05,True,True,-inf,inf,inf,True,0
5,2006-01-10,46.41,1.0,-45.41,45.41,inf,inf,0.05,0.05,True,True,-inf,inf,inf,True,0
6,2006-01-11,45.65,1.0,-44.65,44.65,inf,inf,0.05,0.05,True,True,-inf,inf,inf,True,0
7,2006-01-12,44.79,1.0,-43.79,43.79,inf,inf,0.05,0.05,True,True,-inf,inf,inf,True,0
8,2006-01-13,44.48,1.0,-43.48,43.48,inf,inf,0.05,0.05,True,True,-inf,inf,inf,True,0
9,2006-01-17,43.95,1.0,-42.95,42.95,inf,inf,0.05,0.05,True,True,-inf,inf,inf,True,0
10,2006-01-18,43.19,1.0,-42.19,42.19,inf,inf,0.05,0.05,True,True,-inf,inf,inf,True,0
11,2006-01-19,44.5,1.0,-43.5,43.5,inf,inf,0.05,0.05,True,True,-inf,inf,inf,True,0
12,2006-01-20,44.23,1.0,-43.23,43.23,inf,inf,0.05,0.05,True,True,-inf,inf,inf,True,0
13,2006-01-23,44.18,1.0,-43.18,43.18,inf,inf,0.05,0.05,True,True,-inf,inf,inf,True,0
14,2006-01-24,43.66,1.0,-42.66,42.66,inf,inf,0.05,0.05,True,True,-inf,inf,inf,True,0
15,2006-01-25,44.05,1.0,-43.05,43.05,inf,inf,0.05,0.05,True,True,-inf,inf,inf,True,0
16,2006-01-26,43.95,1.0,-42.95,42.95,inf,inf,0.05,0.05,True,True,-inf,inf,inf,True,0
17,2006-01-27,44.55,1.0,-43.55,43.55,inf,inf,0.05,0.05,True,True,-inf,inf,inf,True,0
18,2006-01-30,45.41,1.0,-44.41,44.41,inf,inf,0.05,0.05,True,True,-inf,inf,inf,True,0
19,2006-01-31,44.76,1.0,-43.76,43.76,inf,inf,0.05,0.05,True,True,-inf,inf,inf,True,0
20,2006-02-01,43.92,1.0,-42.92,42.92,inf,inf,0.05,0.05,True,True,-inf,inf,inf,True,0
21,2006-02-02,43.84,1.0,-42.84,42.84,-42.66,46.48,0.05,0.05,True,True,43.66,47.48,3.8200000000000003,True,0
22,2006-02-03,37.7,1.0,-36.7,36.7,-42.669,46.479499999999994,0.05,0.05,False,True,43.669,47.479499999999994,3.8104999999999976,False,1
23,2006-02-06,38.34,1.0,-37.34,37.34,-42.236999999999995,46.479,0.05,0.05,False,True,43.236999999999995,47.479,4.242000000000004,False,1
24,2006-02-07,38.08,1.0,-37.08,37.08,-38.06750000000001,46.4785,0.05,0.05,False,True,39.06750000000001,47.4785,8.410999999999987,False,1
25,2006-02-08,37.7,1.0,-36.7,36.7,-37.132,46.477999999999994,0.05,0.05,False,True,38.132,47.477999999999994,9.345999999999997,False,1
26,2006-02-09,38.61,1.0,-37.61,37.61,-36.795,46.4775,0.05,0.05,True,True,37.795,47.4775,9.682499999999997,True,0
27,2006-02-10,37.98,1.0,-36.98,36.98,-36.814,46.477,0.05,0.05,True,True,37.814,47.477,9.662999999999997,True,0
28,2006-02-13,38.25,1.0,-37.25,37.25,-36.798,46.476499999999994,0.05,0.05,True,True,37.798,47.476499999999994,9.678499999999993,True,0
29,2006-02-14,38.04,1.0,-37.04,37.04,-36.812,46.476,0.05,0.05,True,True,37.812,47.476,9.664000000000001,True,0
30,2006-02-15,38.24,38.41325158199922,0.1732515819992173,-0.1732515819992173,-36.826,46.4755,0.05,0.05,False,True,75.23925158199921,84.88875158199922,9.649500000000003,False,1
31,2006-02-16,39.37,38.4783940862664,-0.8916059137335992,0.8916059137335992,-36.7,46.474999999999994,0.05,0.05,False,True,75.1783940862664,84.9533940862664,9.775000000000006,False,1
32,2006-02-17,38.93,39.63605891896633,0.7060589189663276,-0.7060589189663276,-20.586222661180148,46.4745,0.05,0.05,False,True,60.22228158014647,86.11055891896632,25.888277338819847,False,1
33,2006-02-21,39.01,39.40671010288421,0.3967101028842137,-0.3967101028842137,-0.4656629154404741,46.474,0.05,0.05,False,True,39.87237301832469,85.88071010288421,46.00833708455952,False,1
34,2006-02-22,38.31,39.1658330509893,0.8558330509892969,-0.8558330509892969,0.25146206430896556,46.4735,0.05,0.05,False,True,38.91437098668033,85.63933305098931,46.724962064308976,False,1
35,2006-02-23,38.62,38.60097568705054,-0.019024312949454725,0.019024312949454725,0.48951474770884695,46.473,0.05,0.05,True,True,38.1114609393417,85.07397568705053,46.96251474770884,True,0
36,2006-02-24,38.25,38.699826987387354,0.44982698738735394,-0.44982698738735394,0.47404730690474217,46.4725,0.05,0.05,True,True,38.22577968048261,85.17232698738735,46.94654730690474,True,0
37,2006-02-27,38.4,38.54064306953705,0.14064306953704886,-0.14064306953704886,0.5010733737031475,46.472,0.05,0.05,True,True,38.0395696958339,85.01264306953705,46.97307337370315,True,0
38,2006-02-28,37.79,38.52578044853799,0.7357804485379944,-0.7357804485379944,0.4882617771241996,46.4715,0.05,0.05,False,True,38.03751867141379,84.99728044853799,46.9597617771242,False,1
39,2006-03-01,37.45,38.05820505702436,0.6082050570243567,-0.6082050570243567,0.7090310719234942,46.471,0.05,0.05,True,True,37.34917398510086,84.52920505702436,47.180031071923494,True,0
40,2006-03-02,35.64,37.56268180081046,1.9226818008104587,-1.9226818008104587,0.7075449954449108,46.4705,0.05,0.05,False,True,36.85513680536555,84.03318180081047,47.17804499544492,False,1
41,2006-03-03,36.89,35.88084949876878,-1.0091505012312183,1.0091505012312183,0.7357804485379944,46.47,0.05,0.05,True,True,35.14506905023079,82.35084949876878,47.20578044853799,True,0
42,2006-03-06,37.32,36.621909902820796,-0.6980900971792039,0.6980900971792039,0.734294372059411,46.454499999999996,0.05,0.05,True,True,35.88761553076139,83.07640990282079,47.1887943720594,True,0
43,2006-03-07,36.71,37.671239303273495,0.9612393032734943,-0.9612393032734943,0.7328082955808277,46.439,0.05,0.05,False,True,36.93843100769267,84.11023930327349,47.17180829558082,False,1
44,2006-03-08,36.72,36.987953316213456,0.2679533162134575,-0.2679533162134575,0.8378251606216016,46.4235,0.05,0.05,True,True,36.15012815559186,83.41145331621345,47.261325160621595,True,0
45,2006-03-09,36.8,36.80084817152182,0.0008481715218238151,-0.0008481715218238151,0.831822530499036,46.407999999999994,0.05,0.05,True,True,35.96902564102278,83.20884817152182,47.23982253049904,True,0
46,2006-03-10,36.24,36.94303628270688,0.7030362827068757,-0.7030362827068757,0.8258199003764712,46.3925,0.05,0.05,True,True,36.117216382330405,83.33553628270687,47.218319900376464,True,0
47,2006-03-13,36.31,36.45017725873504,0.1401772587350365,-0.1401772587350365,0.8198172702539056,46.376999999999995,0.05,0.05,True,True,35.63035998848113,82.82717725873503,47.1968172702539,True,0
48,2006-03-14,36.04,36.37427076486977,0.33427076486977114,-0.33427076486977114,0.8138146401313409,46.3615,0.05,0.05,True,True,35.56045612473843,82.73577076486977,47.17531464013134,True,0
49,2006-03-15,36.95,36.20850946770649,-0.7414905322935113,0.7414905322935113,0.8078120100087752,46.346,0.05,0.05,True,True,35.40069745769772,82.55450946770648,47.153812010008764,True,0
50,2006-03-16,37.08,36.94918796305458,-0.13081203694542154,0.13081203694542154,0.8018093798862104,46.330499999999994,0.05,0.05,True,True,36.14737858316837,83.27968796305457,47.1323093798862,True,0
51,2006-03-17,36.88,37.30713026067453,0.42713026067453086,-0.42713026067453086,0.7958067497636456,46.315,0.05,0.05,True,True,36.511323510910884,83.62213026067454,47.110806749763654,True,0
52,2006-03-20,35.92,37.03716698169513,1.117166981695128,-1.117166981695128,0.78980411964108,46.299499999999995,0.05,0.05,False,True,36.24736286205405,83.33666698169512,47.08930411964107,False,1
53,2006-03-21,36.33,36.1201032923631,-0.20989670763690071,0.20989670763690071,0.8979955519029756,46.284,0.05,0.05,True,True,35.222107740460125,82.40410329236309,47.181995551902965,True,0
54,2006-03-22,36.0,36.29757538918925,0.2975753891892481,-0.2975753891892481,0.8927252392887653,46.268499999999996,0.05,0.05,True,True,35.40485014990048,82.56607538918925,47.16122523928877,True,0
55,2006-03-23,35.96,36.19647313704774,0.23647313704773865,-0.23647313704773865,0.8874549266745557,46.25299999999999,0.05,0.05,True,True,35.30901821037318,82.44947313704773,47.14045492667455,True,0
56,2006-03-24,35.72,36.03773742653546,0.31773742653545867,-0.31773742653545867,0.8821846140603462,46.2375,0.05,0.05,True,True,35.15555281247511,82.27523742653545,47.11968461406035,True,0
57,2006-03-27,35.5,35.84879365032934,0.3487936503293412,-0.3487936503293412,0.8769143014461359,46.221999999999994,0.05,0.05,True,True,34.971879348883206,82.07079365032934,47.09891430144613,True,0
58,2006-03-28,35.21,35.60092043904647,0.390920439046468,-0.390920439046468,0.8716439888319263,46.2065,0.05,0.05,True,True,34.72927645021454,81.80742043904647,47.078143988831926,True,0
59,2006-03-29,35.69,35.31713515249522,-0.3728648475047791,0.3728648475047791,0.866373676217716,46.190999999999995,0.05,0.05,True,True,34.4507614762775,81.50813515249521,47.057373676217715,True,0
60,2006-03-30,36.45,35.700410301478186,-0.7495896985218167,0.7495896985218167,0.8611033636035064,46.17549999999999,0.05,0.05,True,True,34.83930693787468,81.87591030147817,47.03660336360349,True,0
61,2006-03-31,36.68,36.52111224716598,-0.15888775283401912,0.15888775283401912,0.8558330509892969,46.16,0.05,0.05,True,True,35.665279196176684,82.68111224716597,47.015833050989286,True,0
62,2006-04-03,36.67,36.83729451415845,0.1672945141584492,-0.1672945141584492,0.8498304208667312,46.12949999999999,0.05,0.05,True,True,35.98746409329172,82.96679451415844,46.97933042086672,True,0
63,2006-04-04,36.14,36.78736237403666,0.6473623740366605,-0.6473623740366605,0.8438277907441665,46.099,0.05,0.05,True,True,35.9435345832925,82.88636237403665,46.942827790744154,True,0
64,2006-04-05,36.66,36.285072605776854,-0.3749273942231426,0.3749273942231426,0.8378251606216008,46.06849999999999,0.05,0.05,True,True,35.447247445155256,82.35357260577685,46.90632516062159,True,0
65,2006-04-06,37.2,36.63545331112288,-0.5645466888771224,0.5645466888771224,0.831822530499036,46.038,0.05,0.05,True,True,35.80363078062384,82.67345331112287,46.86982253049903,True,0
66,2006-04-07,38.55,37.28137253559436,-1.2686274644056397,1.2686274644056397,0.8258199003764712,46.00749999999999,0.05,0.05,True,True,36.455552635217884,83.28887253559435,46.833319900376466,True,0
67,2006-04-10,37.16,38.571366770963415,1.4113667709634186,-1.4113667709634186,0.8198172702539056,45.977,0.05,0.05,False,True,37.75154950070951,84.54836677096341,46.796817270253904,False,1
68,2006-04-11,36.61,37.53878687465152,0.9287868746515215,-0.9287868746515215,0.924347114974025,45.94649999999999,0.05,0.05,False,True,36.614439759677495,83.4852868746515,46.87084711497401,False,1
69,2006-04-12,35.91,36.64987237487255,0.7398723748725544,-0.7398723748725544,0.948258331824705,45.916,0.05,0.05,True,True,35.70161404304785,82.56587237487255,46.86425833182471,True,0
70,2006-04-13,35.95,36.01595874936027,0.06595874936027002,-0.06595874936027002,0.9466357103936065,45.88549999999999,0.05,0.05,True,True,35.069323038966665,81.90145874936027,46.83213571039361,True,0
71,2006-04-17,36.47,35.96992038222933,-0.5000796177706661,0.5000796177706661,0.9450130889625079,45.855,0.05,0.05,True,True,35.02490729326682,81.82492038222932,46.8000130889625,True,0
72,2006-04-18,35.39,36.51189003088416,1.1218900308841597,-1.1218900308841597,0.9433904675314093,45.8245,0.05,0.05,False,True,35.56849956335275,82.33639003088416,46.76789046753141,False,1
73,2006-04-19,36.12,35.6353654146277,-0.484634585372298,0.484634585372298,1.0236103746421463,45.79399999999999,0.05,0.05,True,True,34.61175503998555,81.42936541462768,46.81761037464213,True,0
74,2006-04-20,36.7,36.02280445922612,-0.6771955407738801,0.6771955407738801,1.0158139907210653,45.76349999999999,0.05,0.05,True,True,35.00699046850506,81.78630445922612,46.77931399072106,True,0
75,2006-04-21,36.62,36.77913283853928,0.15913283853928561,-0.15913283853928561,1.008017606799984,45.733,0.05,0.05,True,True,35.7711152317393,82.51213283853929,46.741017606799986,True,0
76,2006-04-24,36.12,36.75304547161565,0.6330454716156524,-0.6330454716156524,1.0002212228789027,45.7025,0.05,0.05,True,True,35.752824248736744,82.45554547161565,46.70272122287891,True,0
77,2006-04-25,35.59,36.249000469353255,0.6590004693532521,-0.6590004693532521,0.9924248389578214,45.672,0.05,0.05,True,True,35.25657563039543,81.92100046935326,46.66442483895783,True,0
78,2006-04-26,35.34,35.69209390188234,0.35209390188233414,-0.35209390188233414,0.984628455036738,45.64149999999999,0.05,0.05,True,True,34.707465446845596,81.33359390188232,46.62612845503673,True,0
79,2006-04-27,35.5,35.40708458811624,-0.09291541188375874,0.09291541188375874,0.9768320711156567,45.611,0.05,0.05,True,True,34.43025251700058,81.01808458811624,46.587832071115656,True,0
80,2006-04-28,35.77,35.543499011202286,-0.22650098879771718,0.22650098879771718,0.9690356871945756,45.580499999999994,0.05,0.05,True,True,34.57446332400771,81.12399901120227,46.54953568719456,True,0
81,2006-05-01,35.19,35.8322809977151,0.6422809977151047,-0.6422809977151047,0.9612393032734943,45.55,0.05,0.05,True,True,34.87104169444161,81.3822809977151,46.51123930327349,True,0
82,2006-05-02,34.64,35.34578427570186,0.7057842757018591,-0.7057842757018591,0.9596166818423957,45.543,0.05,0.05,True,True,34.38616759385946,80.88878427570185,46.50261668184239,True,0
83,2006-05-03,34.29,34.73457213666613,0.4445721366661317,-0.4445721366661317,0.9579940604112968,45.535999999999994,0.05,0.05,True,True,33.776578076254836,80.27057213666612,46.49399406041128,True,0
84,2006-05-04,34.62,34.36544376773439,-0.25455623226560675,0.25455623226560675,0.9563714389801982,45.528999999999996,0.05,0.05,True,True,33.40907232875419,79.89444376773439,46.485371438980195,True,0
85,2006-05-05,34.64,34.638612704461515,-0.001387295538485489,0.001387295538485489,0.9547488175490997,45.522,0.05,0.05,True,True,33.68386388691241,80.16061270446151,46.4767488175491,True,0
86,2006-05-08,34.99,34.73339679140576,-0.25660320859424246,0.25660320859424246,0.9531261961180011,45.515,0.05,0.05,True,True,33.78027059528776,80.24839679140575,46.46812619611799,True,0
87,2006-05-09,34.42,35.02969801917967,0.6096980191796675,-0.6096980191796675,0.9515035746869025,45.507999999999996,0.05,0.05,True,True,34.078194444492766,80.53769801917966,46.45950357468689,True,0
88,2006-05-10,34.68,34.57080965437498,-0.1091903456250165,0.1091903456250165,0.9498809532558036,45.501,0.05,0.05,True,True,33.620928701119176,80.07180965437499,46.45088095325581,True,0
89,2006-05-11,34.12,34.68347957423927,0.563479574239274,-0.563479574239274,0.948258331824705,45.49399999999999,0.05,0.05,True,True,33.73522124241457,80.17747957423927,46.4422583318247,True,0
90,2006-05-12,33.56,34.26506724934898,0.7050672493489785,-0.7050672493489785,0.9466357103936065,45.486999999999995,0.05,0.05,True,True,33.31843153895537,79.75206724934898,46.43363571039361,True,0
91,2006-05-15,32.55,33.64296599246585,1.0929659924658495,-1.0929659924658495,0.9450130889625079,45.48,0.05,0.05,False,True,32.697952903503335,79.12296599246585,46.425013088962515,False,1
92,2006-05-16,32.84,32.65729720302995,-0.1827027969700552,0.1827027969700552,1.0205163134100546,45.473,0.05,0.05,True,True,31.636780889619892,78.13029720302995,46.49351631341006,True,0
93,2006-05-17,32.45,32.7982072613131,0.34820726131309954,-0.34820726131309954,1.0139299789504352,45.465999999999994,0.05,0.05,True,True,31.784277282362666,78.26420726131309,46.47992997895042,True,0
94,2006-05-18,31.71,32.57225323200624,0.862253232006239,-0.862253232006239,1.007343644490818,45.458999999999996,0.05,0.05,True,True,31.564909587515423,78.03125323200624,46.46634364449081,True,0
95,2006-05-19,32.66,31.80180926420809,-0.8581907357919079,0.8581907357919079,1.0007573100312004,45.452,0.05,0.05,True,True,30.801051954176888,77.25380926420809,46.4527573100312,True,0
96,2006-05-22,33.96,32.56906172466342,-1.3909382753365804,1.3909382753365804,0.9941709755715831,45.44499999999999,0.05,0.05,True,True,31.574890749091836,78.0140617246634,46.43917097557157,True,0
97,2006-05-23,35.0,33.989811905924995,-1.010188094075005,1.010188094075005,0.9875846411119638,45.437999999999995,0.05,0.05,True,True,33.00222726481303,79.42781190592498,46.42558464111195,True,0
98,2006-05-24,33.41,35.13601490055353,1.7260149005535368,-1.7260149005535368,0.9809983066523464,45.431,0.05,0.05,False,True,34.15501659390119,80.56701490055353,46.41199830665234,False,1
99,2006-05-25,35.36,33.6406877834316,-1.7193122165683974,1.7193122165683974,1.0953860913887772,45.42399999999999,0.05,0.05,True,True,32.54530169204283,79.0646877834316,46.51938609138877,True,0
100,2006-05-26,35.66,35.07913105455782,-0.5808689454421767,0.5808689454421767,1.0941760419273132,45.416999999999994,0.05,0.05,True,True,33.98495501263051,80.49613105455782,46.511176041927314,True,0
101,2006-05-30,35.73,35.81587679006547,0.08587679006546978,-0.08587679006546978,1.0929659924658495,45.41,0.05,0.05,True,True,34.72291079759962,81.22587679006546,46.50296599246584,True,0
102,2006-05-31,34.74,35.79989291218529,1.0598929121852905,-1.0598929121852905,1.0929659924658495,45.41,0.05500000000000001,0.05500000000000001,True,True,34.70692691971944,81.2098929121853,46.50296599246585,True,0
103,2006-06-01,34.62,34.91404725242171,0.2940472524217128,-0.2940472524217128,1.0598929121852905,44.65,0.06000000000000001,0.06000000000000001,True,True,33.85415434023642,79.56404725242172,45.709892912185296,True,0
104,2006-06-02,34.68,34.65321174226028,-0.02678825773971738,0.02678825773971738,1.0598929121852905,44.65,0.06500000000000002,0.06500000000000002,True,True,33.59331883007499,79.30321174226029,45.709892912185296,True,0
105,2006-06-05,34.46,34.73302657361969,0.2730265736196884,-0.2730265736196884,0.9612393032734943,44.41,0.07000000000000002,0.07000000000000002,True,True,33.771787270346195,79.1430265736197,45.3712393032735,True,0
106,2006-06-06,33.58,34.5499136312409,0.9699136312408996,-0.9699136312408996,0.9612393032734943,44.41,0.07500000000000002,0.07500000000000002,False,True,33.588674327967404,78.9599136312409,45.37123930327349,False,1
107,2006-06-07,33.4,33.72466139377225,0.3246613937722529,-0.3246613937722529,inf,43.79,-0.019999999999999976,0.08000000000000003,True,True,-inf,77.51466139377226,inf,True,0
108,2006-06-08,33.55,33.44289360104929,-0.10710639895070528,0.10710639895070528,inf,43.76,-0.014999999999999975,0.08500000000000003,True,True,-inf,77.20289360104928,inf,True,0
109,2006-06-09,33.5,33.59113932253861,0.09113932253860924,-0.09113932253860924,inf,43.76,-0.009999999999999974,0.09000000000000004,True,True,-inf,77.35113932253861,inf,True,0
110,2006-06-12,34.0,33.57449655896196,-0.42550344103803894,0.42550344103803894,inf,43.55,-0.004999999999999973,0.09500000000000004,True,True,-inf,77.12449655896197,inf,True,0
111,2006-06-13,33.49,34.010460235715556,0.5204602357155537,-0.5204602357155537,inf,43.5,2.7755575615628914e-17,0.10000000000000005,True,True,-inf,77.51046023571556,inf,True,0
112,2006-06-14,33.5,33.62609101252737,0.1260910125273682,-0.1260910125273682,inf,43.5,0.005000000000000029,0.10500000000000005,True,True,-inf,77.12609101252737,inf,True,0
113,2006-06-15,33.84,33.53703134017222,-0.3029686598277834,0.3029686598277834,1.7260149005535368,43.48,0.01000000000000003,0.11000000000000006,True,True,31.811016439618683,77.01703134017222,45.20601490055354,True,0
114,2006-06-16,34.88,33.86495008019631,-1.015049919803694,1.015049919803694,1.7260149005535368,43.48,0.01500000000000003,0.11500000000000006,True,True,32.13893517964277,77.3449500801963,45.20601490055353,True,0
115,2006-06-19,35.2,34.8536503697342,-0.3463496302658058,0.3463496302658058,1.4113667709634186,43.23,0.02000000000000003,0.12000000000000006,True,True,33.44228359877078,78.08365036973419,44.64136677096341,True,0
116,2006-06-20,35.01,35.271414373217816,0.2614143732178178,-0.2614143732178178,1.4113667709634186,43.18,0.025000000000000033,0.12500000000000006,True,True,33.8600476022544,78.45141437321782,44.59136677096342,True,0
117,2006-06-21,35.34,35.09656991836152,-0.24343008163848623,0.24343008163848623,1.1218900308841597,43.05,0.030000000000000034,0.13000000000000006,True,True,33.97467988747736,78.14656991836151,44.17189003088415,True,0
118,2006-06-22,36.55,35.355092872806686,-1.1949071271933107,1.1949071271933107,1.117166981695128,43.05,0.03500000000000003,0.13500000000000006,True,True,34.23792589111156,78.40509287280668,44.16716698169512,True,0
119,2006-06-23,36.46,36.50517892236388,0.04517892236388121,-0.04517892236388121,1.117166981695128,42.95,0.040000000000000036,0.14000000000000007,True,True,35.388011940668754,79.45517892236388,44.06716698169513,True,0
120,2006-06-26,36.55,36.56523411359629,0.015234113596292786,-0.015234113596292786,1.0929659924658495,42.95,0.04500000000000004,0.14500000000000007,True,True,35.47226812113044,79.51523411359629,44.04296599246585,True,0
121,2006-06-27,36.72,36.5830322580369,-0.13696774196309747,0.13696774196309747,1.0598929121852905,42.92,0.050000000000000044,0.15000000000000008,True,True,35.52313934585161,79.50303225803691,43.9798929121853,True,0
122,2006-06-28,36.7,36.76317471508242,0.06317471508241823,-0.06317471508241823,1.0598929121852905,42.92,0.05500000000000005,0.15500000000000008,True,True,35.70328180289713,79.68317471508243,43.9798929121853,True,0
123,2006-06-29,36.82,36.74885308499364,-0.07114691500635928,0.07114691500635928,0.9699136312408996,42.84,0.06000000000000005,0.1600000000000001,True,True,35.77893945375274,79.58885308499364,43.8099136312409,True,0
124,2006-06-30,38.58,36.849992962893005,-1.7300070371069936,1.7300070371069936,0.9699136312408996,42.66,0.06500000000000006,0.1650000000000001,True,True,35.880079331652105,79.509992962893,43.62991363124089,True,0
125,2006-07-03,38.52,38.45924447957441,-0.06075552042559451,0.06075552042559451,0.9612393032734943,42.19,0.07000000000000006,0.1700000000000001,True,True,37.498005176300914,80.6492444795744,43.15123930327349,True,0
126,2006-07-05,38.28,38.624569621735425,0.34456962173542394,-0.34456962173542394,0.9287868746515215,42.19,0.07500000000000007,0.1750000000000001,True,True,37.6957827470839,80.81456962173542,43.11878687465151,True,0
127,2006-07-06,37.07,38.323561451474085,1.2535614514740843,-1.2535614514740843,0.862253232006239,37.61,0.08000000000000007,0.1800000000000001,False,True,37.461308219467846,75.93356145147408,38.47225323200623,False,1
128,2006-07-07,36.71,37.19427304883096,0.484273048830957,-0.484273048830957,inf,37.34,-0.01499999999999993,0.1850000000000001,True,True,-inf,74.53427304883095,inf,True,0
129,2006-07-10,36.3,36.73256173687569,0.4325617368756909,-0.4325617368756909,inf,37.25,-0.009999999999999929,0.1900000000000001,True,True,-inf,73.98256173687568,inf,True,0
130,2006-07-11,35.74,36.35939341484365,0.6193934148436497,-0.6193934148436497,inf,37.08,-0.004999999999999928,0.19500000000000012,True,True,-inf,73.43939341484365,inf,True,0
131,2006-07-12,35.6,35.80986844191193,0.20986844191192944,-0.20986844191192944,inf,37.04,7.28583859910259e-17,0.20000000000000012,True,True,-inf,72.84986844191192,inf,True,0
132,2006-07-13,34.33,35.63524027338917,1.305240273389174,-1.305240273389174,inf,37.04,0.005000000000000074,0.20500000000000013,True,True,-inf,72.67524027338916,inf,True,0
133,2006-07-14,33.51,34.462794903058,0.952794903057999,-0.952794903057999,1.7260149005535368,36.98,0.010000000000000075,0.21000000000000013,True,True,32.73678000250446,71.442794903058,38.70601490055354,True,0
134,2006-07-17,32.79,33.54195957575999,0.7519595757599902,-0.7519595757599902,1.7260149005535368,36.7,0.015000000000000076,0.21500000000000014,True,True,31.815944675206453,70.24195957575999,38.42601490055354,True,0
135,2006-07-18,33.65,32.82988056506384,-0.82011943493616,0.82011943493616,1.4113667709634186,36.7,0.020000000000000077,0.22000000000000014,True,True,31.41851379410042,69.52988056506385,38.11136677096343,True,0
136,2006-07-19,33.5,33.630518476760294,0.13051847676029382,-0.13051847676029382,1.305240273389174,1.7300070371069936,0.025000000000000078,0.22500000000000014,True,True,32.32527820337112,35.36052551386729,3.0352473104961675,True,0
137,2006-07-20,34.39,33.631340754339256,-0.7586592456607448,0.7586592456607448,1.2535614514740843,1.7193122165683974,0.03000000000000008,0.23000000000000015,True,True,32.37777930286517,35.35065297090765,2.9728736680424817,True,0
138,2006-07-21,33.85,34.399949060042445,0.5499490600424437,-0.5499490600424437,1.2535614514740843,1.3909382753365804,0.03500000000000008,0.23500000000000015,True,True,33.14638760856836,35.790887335379026,2.6444997268106647,True,0
139,2006-07-24,33.35,34.0115889875218,0.661588987521796,-0.661588987521796,1.1218900308841597,1.2686274644056397,0.04000000000000008,0.24000000000000016,True,True,32.88969895663764,35.28021645192744,2.3905174952897994,True,0
140,2006-07-25,34.0,33.40604869751714,-0.5939513024828571,0.5939513024828571,1.117166981695128,1.1949071271933107,0.04500000000000008,0.24500000000000016,True,True,32.288881715822015,34.600955824710454,2.3120741088884387,True,0
141,2006-07-26,28.76,33.99535339483858,5.2353533948385795,-5.2353533948385795,1.0929659924658495,1.015049919803694,0.050000000000000086,0.25000000000000017,False,True,32.90238740237273,35.010403314642275,2.1080159122695434,False,1
142,2006-07-27,26.45,29.391374614560583,2.9413746145605835,-2.9413746145605835,inf,1.015049919803694,-0.044999999999999915,0.25500000000000017,True,True,-inf,30.406424534364277,inf,True,0
143,2006-07-28,26.8,26.006529442666203,-0.7934705573337979,0.7934705573337979,inf,1.010188094075005,-0.03999999999999991,0.2600000000000002,True,True,-inf,27.016717536741208,inf,True,0
144,2006-07-31,27.02,26.83328523545193,-0.18671476454807134,0.18671476454807134,inf,1.0091505012312183,-0.034999999999999906,0.2650000000000002,True,True,-inf,27.842435736683147,inf,True,0
145,2006-08-01,26.55,27.12848398921499,0.5784839892149876,-0.5784839892149876,inf,0.8916059137335992,-0.029999999999999905,0.2700000000000002,True,True,-inf,28.020089902948587,inf,True,0
146,2006-08-02,26.15,26.605435509121452,0.4554355091214539,-0.4554355091214539,inf,0.8581907357919079,-0.024999999999999904,0.2750000000000002,True,True,-inf,27.46362624491336,inf,True,0
147,2006-08-03,26.09,26.18808366017156,0.0980836601715609,-0.0980836601715609,inf,0.82011943493616,-0.019999999999999903,0.2800000000000002,True,True,-inf,27.00820309510772,inf,True,0
148,2006-08-04,26.94,26.146442737605774,-0.7935572623942271,0.7935572623942271,inf,0.7934705573337979,-0.014999999999999902,0.2850000000000002,True,False,-inf,26.939913294939572,inf,False,1
149,2006-08-07,27.19,27.06648959194053,-0.12351040805947022,0.12351040805947022,inf,36.7,-0.009999999999999901,0.1900000000000002,True,True,-inf,63.766489591940534,inf,True,0
150,2006-08-08,26.8,27.43469881150622,0.6346988115062189,-0.6346988115062189,inf,36.7,-0.0049999999999999,0.1950000000000002,True,True,-inf,64.13469881150623,inf,True,0
151,2006-08-09,26.54,26.850870270801813,0.3108702708018143,-0.3108702708018143,inf,1.7300070371069936,1.0061396160665481e-16,0.2000000000000002,True,True,-inf,28.580877307908807,inf,True,0
152,2006-08-10,26.2,26.58803682165518,0.38803682165518083,-0.38803682165518083,inf,1.7300070371069936,0.005000000000000102,0.2050000000000002,True,True,-inf,28.318043858762174,inf,True,0
153,2006-08-11,26.43,26.240398288425364,-0.18960171157463535,0.18960171157463535,2.9413746145605835,1.7193122165683974,0.010000000000000103,0.21000000000000021,True,True,23.29902367386478,27.95971050499376,4.660686831128981,True,0
154,2006-08-14,26.22,26.503951335152546,0.28395133515254756,-0.28395133515254756,1.9226818008104587,1.3909382753365804,0.015000000000000104,0.21500000000000022,True,True,24.581269534342088,27.894889610489127,3.313620076147039,True,0
155,2006-08-15,26.97,26.271589700712255,-0.6984102992877439,0.6984102992877439,1.7260149005535368,1.2686274644056397,0.020000000000000104,0.22000000000000022,True,True,24.545574800158718,27.540217165117895,2.9946423649591765,True,0
156,2006-08-16,27.97,27.180167576992098,-0.7898324230079012,0.7898324230079012,1.7260149005535368,1.1949071271933107,0.025000000000000105,0.22500000000000023,True,True,25.45415267643856,28.37507470418541,2.9209220277468475,True,0
157,2006-08-17,27.96,28.23445638671261,0.2744563867126075,-0.2744563867126075,1.4113667709634186,1.015049919803694,0.030000000000000106,0.23000000000000023,True,True,26.82308961574919,29.249506306516302,2.4264166907671125,True,0
158,2006-08-18,29.09,28.147064857694925,-0.9429351423050747,0.9429351423050747,1.305240273389174,1.010188094075005,0.03500000000000011,0.23500000000000024,True,True,26.84182458430575,29.15725295176993,2.315428367464179,True,0
159,2006-08-21,28.7,29.245125741575144,0.5451257415751449,-0.5451257415751449,1.2535614514740843,1.0091505012312183,0.040000000000000105,0.24000000000000024,True,True,27.99156429010106,30.254276242806363,2.2627119527053026,True,0
160,2006-08-22,28.14,28.782762987665386,0.6427629876653853,-0.6427629876653853,1.1218900308841597,0.9429351423050747,0.04500000000000011,0.24500000000000025,True,True,27.660872956781226,29.72569812997046,2.0648251731892344,True,0
161,2006-08-23,28.56,28.171295168332932,-0.3887048316670665,0.3887048316670665,1.117166981695128,0.8581907357919079,0.050000000000000114,0.2500000000000002,True,True,27.054128186637804,29.02948590412484,1.9753577174870358,True,0
162,2006-08-24,28.24,28.647892710039674,0.4078927100396754,-0.4078927100396754,1.117166981695128,0.82011943493616,0.05500000000000012,0.2550000000000002,True,True,27.530725728344546,29.468012144975834,1.937286416631288,True,0
163,2006-08-25,27.79,28.299578779054062,0.5095787790540633,-0.5095787790540633,1.0929659924658495,0.7935572623942271,0.06000000000000012,0.26000000000000023,True,True,27.206612786588213,29.09313604144829,1.8865232548600765,True,0
164,2006-08-28,28.4,27.916992338826702,-0.4830076611732963,0.4830076611732963,1.0598929121852905,0.7934705573337979,0.06500000000000013,0.26500000000000024,True,True,26.857099426641412,28.7104628961605,1.8533634695190884,True,0
165,2006-08-29,28.97,28.49631223022871,-0.47368776977128846,0.47368776977128846,0.9699136312408996,0.7898324230079012,0.07000000000000013,0.27000000000000024,True,True,27.52639859898781,29.28614465323661,1.7597460542488008,True,0
166,2006-08-30,29.57,29.08336956798179,-0.48663043201820955,0.48663043201820955,0.9612393032734943,0.7586592456607448,0.07500000000000014,0.27500000000000024,True,True,28.122130264708296,29.842028813642536,1.719898548934239,True,0
167,2006-08-31,30.75,29.68714006364004,-1.0628599363599598,1.0628599363599598,0.952794903057999,0.7495896985218167,0.08000000000000014,0.28000000000000025,True,False,28.73434516058204,30.436729762161857,1.7023846015798156,False,1
168,2006-09-01,30.85,30.918712380915665,0.06871238091566312,-0.06871238091566312,0.9287868746515215,1.7300070371069936,0.08500000000000014,0.18500000000000025,True,True,29.989925506264143,32.64871941802266,2.658793911758515,True,0
169,2006-09-05,31.61,30.95195931206019,-0.6580406879398097,0.6580406879398097,0.862253232006239,1.7193122165683974,0.09000000000000015,0.19000000000000025,True,True,30.08970608005395,32.67127152862859,2.5815654485746364,True,0
170,2006-09-06,31.76,31.731834006148876,-0.028165993851125393,0.028165993851125393,0.8558330509892969,1.3909382753365804,0.09500000000000015,0.19500000000000026,True,True,30.87600095515958,33.12277228148545,2.2467713263258737,True,0
171,2006-09-07,30.57,31.85763594814631,1.2876359481463098,-1.2876359481463098,0.7519595757599902,1.1949071271933107,0.10000000000000016,0.20000000000000026,False,True,31.10567637238632,33.05254307533962,1.9468667029533009,False,1
172,2006-09-08,30.19,30.561364043574297,0.371364043574296,-0.371364043574296,inf,1.0628599363599598,0.005000000000000157,0.20500000000000027,True,True,-inf,31.624223979934257,inf,True,0
173,2006-09-11,30.23,30.20858152285174,-0.021418477148259285,0.021418477148259285,2.9413746145605835,1.015049919803694,0.010000000000000158,0.21000000000000027,True,True,27.267206908291158,31.223631442655435,3.9564245343642774,True,0
174,2006-09-12,30.87,30.292606824256453,-0.5773931757435484,0.5773931757435484,1.9226818008104587,1.010188094075005,0.015000000000000159,0.21500000000000027,True,True,28.369925023445994,31.302794918331458,2.9328698948854637,True,0
175,2006-09-13,31.73,30.983844092677334,-0.7461559073226667,0.7461559073226667,1.7260149005535368,1.0091505012312183,0.02000000000000016,0.22000000000000028,True,True,29.257829192123797,31.992994593908552,2.735165401784755,True,0
176,2006-09-14,31.54,31.87228876456662,0.33228876456661993,-0.33228876456661993,1.4113667709634186,0.9429351423050747,0.02500000000000016,0.22500000000000028,True,True,30.4609219936032,32.815223906871694,2.3543019132684933,True,0
177,2006-09-15,31.9,31.60235106876437,-0.29764893123562786,0.29764893123562786,1.305240273389174,0.8916059137335992,0.030000000000000162,0.2300000000000003,True,True,30.297110795375197,32.49395698249797,2.196846187122773,True,0
178,2006-09-18,32.44,31.98294952042564,-0.45705047957435596,0.45705047957435596,1.2876359481463098,0.8581907357919079,0.03500000000000016,0.2350000000000003,True,True,30.695313572279332,32.84114025621755,2.1458266839382176,True,0
179,2006-09-19,32.24,32.54403425861738,0.3040342586173779,-0.3040342586173779,1.2535614514740843,0.82011943493616,0.04000000000000016,0.2400000000000003,True,True,31.290472807143296,33.36415369355354,2.0736808864102443,True,0
180,2006-09-20,31.81,32.29119839168726,0.4811983916872613,-0.4811983916872613,1.1218900308841597,0.7935572623942271,0.045000000000000165,0.2450000000000003,True,True,31.1693083608031,33.08475565408149,1.9154472932783904,True,0
181,2006-09-21,32.24,31.833528257033585,-0.4064717429664171,0.4064717429664171,1.117166981695128,0.7898324230079012,0.05000000000000017,0.2500000000000003,True,True,30.716361275338457,32.623360680041486,1.9069994047030292,True,0
182,2006-09-22,30.22,32.32151731624129,2.101517316241292,-2.101517316241292,1.117166981695128,0.7586592456607448,0.055000000000000174,0.2550000000000003,False,True,31.204350334546163,33.080176561902036,1.8758262273558728,False,1
183,2006-09-25,31.05,30.16849283075591,-0.8815071692440917,0.8815071692440917,inf,0.7495896985218167,-0.03999999999999983,0.2600000000000003,True,False,-inf,30.918082529277726,inf,False,1
184,2006-09-26,31.89,31.102013231452965,-0.7879867685470359,0.7879867685470359,inf,1.7300070371069936,-0.03499999999999982,0.16500000000000029,True,True,-inf,32.83202026855996,inf,True,0
185,2006-09-27,32.28,32.0085266427174,-0.271473357282602,0.271473357282602,inf,1.7193122165683974,-0.029999999999999822,0.1700000000000003,True,True,-inf,33.7278388592858,inf,True,0
186,2006-09-28,32.27,32.3724245247538,0.10242452475379338,-0.10242452475379338,inf,1.3909382753365804,-0.02499999999999982,0.1750000000000003,True,True,-inf,33.76336280009038,inf,True,0
187,2006-09-29,32.01,32.33050155533755,0.3205015553375503,-0.3205015553375503,inf,1.2686274644056397,-0.01999999999999982,0.1800000000000003,True,True,-inf,33.59912901974319,inf,True,0
188,2006-10-02,31.98,32.05136079688728,0.07136079688728003,-0.07136079688728003,inf,1.1949071271933107,-0.014999999999999819,0.1850000000000003,True,True,-inf,33.24626792408059,inf,True,0
189,2006-10-03,30.9,32.03104975458249,1.1310497545824916,-1.1310497545824916,inf,1.0628599363599598,-0.009999999999999818,0.1900000000000003,True,True,-inf,33.09390969094245,inf,True,0
190,2006-10-04,31.75,30.900327429247024,-0.8496725707529755,0.8496725707529755,inf,1.015049919803694,-0.004999999999999817,0.1950000000000003,True,True,-inf,31.91537734905072,inf,True,0
191,2006-10-05,32.68,31.83370691404741,-0.8462930859525883,0.8462930859525883,inf,1.0091505012312183,1.8388068845354155e-16,0.20000000000000032,True,True,-inf,32.84285741527863,inf,True,0
192,2006-10-06,33.15,32.793723105322485,-0.35627689467751367,0.35627689467751367,inf,0.9429351423050747,0.005000000000000185,0.20500000000000032,True,True,-inf,33.73665824762756,inf,True,0
193,2006-10-09,32.49,33.236777951198135,0.7467779511981334,-0.7467779511981334,2.9413746145605835,0.8916059137335992,0.010000000000000186,0.21000000000000033,True,True,30.295403336637552,34.128383864931735,3.8329805282941827,True,0
194,2006-10-10,33.27,32.50736253578195,-0.7626374642180522,0.7626374642180522,2.101517316241292,0.8815071692440917,0.015000000000000187,0.21500000000000033,True,True,30.40584521954066,33.38886970502604,2.9830244854853802,True,0
195,2006-10-11,32.61,33.35176719886929,0.7417671988692902,-0.7417671988692902,1.9226818008104587,0.8581907357919079,0.020000000000000188,0.22000000000000033,True,True,31.42908539805883,34.2099579346612,2.7808725366023666,True,0
196,2006-10-12,33.1,32.63861221844261,-0.46138778155739146,0.46138778155739146,1.7260149005535368,0.8496725707529755,0.02500000000000019,0.22500000000000034,True,True,30.912597317889073,33.48828478919559,2.575687471306516,True,0
197,2006-10-13,33.35,33.15947148497636,-0.19052851502364376,0.19052851502364376,1.4113667709634186,0.82011943493616,0.03000000000000019,0.23000000000000034,True,True,31.74810471401294,33.97959091991252,2.2314862058995786,True,0
198,2006-10-16,32.85,33.41270427769678,0.5627042776967812,-0.5627042776967812,1.305240273389174,0.7935572623942271,0.03500000000000019,0.23500000000000035,True,True,32.10746400430761,34.206261540091006,2.0987975357833974,True,0
199,2006-10-17,32.2,32.87812912999045,0.6781291299904453,-0.6781291299904453,1.2876359481463098,0.7934705573337979,0.04000000000000019,0.24000000000000035,True,True,31.59049318184414,33.671599687324246,2.0811065054801077,True,0
200,2006-10-18,32.57,32.21584467598637,-0.35415532401363237,0.35415532401363237,1.2535614514740843,0.7898324230079012,0.04500000000000019,0.24500000000000036,True,True,30.962283224512284,33.00567709899427,2.0433938744819855,True,0
201,2006-10-19,32.17,32.631182527744976,0.4611825277449739,-0.4611825277449739,1.1218900308841597,0.7626374642180522,0.0500000000000002,0.25000000000000033,True,True,31.509292496860816,33.39381999196303,1.884527495102212,True,0
202,2006-10-20,32.69,32.2089636636473,-0.4810363363526946,0.4810363363526946,1.117166981695128,0.7586592456607448,0.0550000000000002,0.25500000000000034,True,True,31.091796681952175,32.96762290930805,1.8758262273558728,True,0
203,2006-10-23,32.47,32.7566867022846,0.286686702284598,-0.286686702284598,1.0929659924658495,0.7495896985218167,0.060000000000000206,0.26000000000000034,True,True,31.663720709818747,33.506276400806414,1.8425556909876661,True,0
204,2006-10-24,32.87,32.517961054283454,-0.3520389457165436,0.3520389457165436,1.0598929121852905,0.7461559073226667,0.06500000000000021,0.26500000000000035,True,True,31.458068142098163,33.26411696160612,1.8060488195079571,True,0
205,2006-10-25,37.3,32.93067750194552,-4.36932249805448,4.36932249805448,0.9699136312408996,0.6984102992877439,0.07000000000000021,0.27000000000000035,True,False,31.960763870704618,33.62908780123326,1.6683239305286435,False,1
206,2006-10-26,37.25,37.57079987602499,0.32079987602499216,-0.32079987602499216,0.9612393032734943,1.1949071271933107,0.07500000000000022,0.17500000000000035,True,True,36.6095605727515,38.7657070032183,2.156146430466805,True,0
207,2006-10-27,38.15,37.295351890278205,-0.8546481097217935,0.8546481097217935,0.952794903057999,1.015049919803694,0.08000000000000022,0.18000000000000035,True,True,36.342556987220206,38.3104018100819,1.967844822861693,True,0
208,2006-10-30,38.05,38.179662102572884,0.1296621025728868,-0.1296621025728868,0.9287868746515215,1.010188094075005,0.08500000000000023,0.18500000000000036,True,True,37.25087522792136,39.18985019664789,1.9389749687265265,True,0
209,2006-10-31,38.22,38.0610348166372,-0.15896518336279541,0.15896518336279541,0.862253232006239,1.0091505012312183,0.09000000000000023,0.19000000000000036,True,True,37.198781584630964,39.07018531786842,1.8714037332374573,True,0
210,2006-11-01,38.12,38.211722472041224,0.09172247204122641,-0.09172247204122641,0.8558330509892969,0.9429351423050747,0.09500000000000024,0.19500000000000037,True,True,37.35588942105193,39.1546576143463,1.7987681932943715,True,0
211,2006-11-02,37.33,38.108495195933465,0.7784951959334663,-0.7784951959334663,0.7467779511981334,0.8815071692440917,0.10000000000000024,0.20000000000000037,False,True,37.36171724473533,38.99000236517756,1.6282851204422286,False,1
212,2006-11-03,37.61,37.28740099463605,-0.3225990053639478,0.3225990053639478,2.9413746145605835,0.8581907357919079,0.00500000000000024,0.20500000000000038,True,True,34.34602638007547,38.14559173042796,3.7995653503524878,True,0
213,2006-11-06,37.64,37.593914603277774,-0.046085396722226335,0.046085396722226335,2.101517316241292,0.8546481097217935,0.010000000000000241,0.21000000000000038,True,True,35.49239728703648,38.44856271299957,2.9561654259630856,True,0
214,2006-11-07,38.2,37.644008946106304,-0.555991053893699,0.555991053893699,1.9226818008104587,0.8496725707529755,0.015000000000000242,0.21500000000000039,True,True,35.721327145295845,38.49368151685928,2.772354371563438,True,0
215,2006-11-08,38.58,38.214451755228716,-0.3655482447712828,0.3655482447712828,1.7260149005535368,0.82011943493616,0.020000000000000243,0.2200000000000004,True,True,36.48843685467518,39.034571190164876,2.546134335489697,True,0
216,2006-11-09,39.5,38.59781988594241,-0.9021801140575931,0.9021801140575931,1.4113667709634186,0.7935572623942271,0.025000000000000244,0.2250000000000004,True,False,37.18645311497899,39.39137714833663,2.204924033357642,False,1
217,2006-11-10,38.79,39.52854902169354,0.7385490216935438,-0.7385490216935438,1.305240273389174,36.7,0.030000000000000245,0.1300000000000004,True,True,38.22330874830437,76.22854902169354,38.00524027338917,True,0
218,2006-11-13,39.23,38.76621941538275,-0.4637805846172469,0.4637805846172469,1.2876359481463098,36.7,0.035000000000000246,0.1350000000000004,True,True,37.47858346723644,75.46621941538275,37.98763594814631,True,0
219,2006-11-14,40.11,39.20075238108613,-0.9092476189138665,0.9092476189138665,1.2535614514740843,4.36932249805448,0.040000000000000244,0.1400000000000004,True,True,37.94719092961205,43.57007487914061,5.622883949528564,True,0
220,2006-11-15,41.5,40.12886462466771,-1.3711353753322868,1.3711353753322868,1.1310497545824916,1.7300070371069936,0.04500000000000025,0.1450000000000004,True,True,38.99781487008522,41.85887166177471,2.861056791689485,True,0
221,2006-11-16,42.44,41.54883521304061,-0.8911647869593864,0.8911647869593864,1.117166981695128,1.3909382753365804,0.05000000000000025,0.1500000000000004,True,True,40.43166823134548,42.93977348837719,2.5081052570317084,True,0
222,2006-11-17,42.55,42.47996599096595,-0.07003400903404611,0.07003400903404611,1.0929659924658495,1.3711353753322868,0.05500000000000026,0.15500000000000042,True,True,41.3869999985001,43.85110136629824,2.4641013677981363,True,0
223,2006-11-20,42.35,42.52684097722017,0.17684097722016645,-0.17684097722016645,1.0598929121852905,1.2686274644056397,0.06000000000000026,0.16000000000000042,True,True,41.46694806503488,43.79546844162581,2.32852037659093,True,0
224,2006-11-21,42.55,42.28309034144142,-0.26690965855857485,0.26690965855857485,0.9699136312408996,1.1949071271933107,0.06500000000000027,0.16500000000000042,True,True,41.31317671020052,43.47799746863473,2.1648207584342103,True,0
225,2006-11-22,42.5,42.49312431138659,-0.006875688613412478,0.006875688613412478,0.9612393032734943,1.015049919803694,0.07000000000000027,0.17000000000000043,True,True,41.53188500811309,43.50817423119028,1.9762892230771882,True,0
226,2006-11-24,42.56,42.44411260082453,-0.11588739917547031,0.11588739917547031,0.952794903057999,1.010188094075005,0.07500000000000027,0.17500000000000043,True,True,41.49131769776653,43.45430069489954,1.962982997133004,True,0
227,2006-11-27,42.18,42.50155830850846,0.32155830850845746,-0.32155830850845746,0.862253232006239,1.0091505012312183,0.08000000000000028,0.18000000000000044,True,True,41.63930507650222,43.510708809739675,1.8714037332374573,True,0
228,2006-11-28,40.75,42.10536543574708,1.355365435747082,-1.355365435747082,0.8558330509892969,0.9429351423050747,0.08500000000000028,0.18500000000000044,False,True,41.249532384757785,43.04830057805216,1.7987681932943715,False,1
229,2006-11-29,40.48,40.61448724685596,0.13448724685596147,-0.13448724685596147,inf,0.9021801140575931,-0.009999999999999717,0.19000000000000045,True,True,-inf,41.51666736091355,inf,True,0
230,2006-11-30,40.42,40.37659477759416,-0.04340522240584477,0.04340522240584477,inf,0.8916059137335992,-0.0049999999999997165,0.19500000000000045,True,True,-inf,41.268200691327756,inf,True,0
231,2006-12-01,40.26,40.36922415344882,0.10922415344882097,-0.10922415344882097,inf,0.8815071692440917,2.8449465006019636e-16,0.20000000000000046,True,True,-inf,41.250731322692914,inf,True,0
232,2006-12-04,39.31,40.21272805084912,0.9027280508491202,-0.9027280508491202,2.9413746145605835,0.8581907357919079,0.0050000000000002855,0.20500000000000046,True,True,37.271353436288535,41.07091878664103,3.799565350352495,True,0
233,2006-12-05,39.13,39.22305179910834,0.09305179910833772,-0.09305179910833772,2.101517316241292,0.8546481097217935,0.010000000000000286,0.21000000000000046,True,True,37.12153448286705,40.077699908830134,2.9561654259630856,True,0
234,2006-12-06,38.77,39.06357626649804,0.2935762664980359,-0.2935762664980359,1.9226818008104587,0.8462930859525883,0.015000000000000287,0.21500000000000047,True,True,37.14089446568758,39.90986935245063,2.768974886763047,True,0
235,2006-12-07,38.93,38.724058502838915,-0.2059414971610849,0.2059414971610849,1.7260149005535368,0.82011943493616,0.02000000000000029,0.22000000000000047,True,True,36.99804360228538,39.544177937775075,2.546134335489697,True,0
236,2006-12-08,37.92,38.906442750884835,0.9864427508848337,-0.9864427508848337,1.4113667709634186,0.7935572623942271,0.02500000000000029,0.22500000000000048,True,True,37.49507597992142,39.700000013279066,2.204924033357649,True,0
237,2006-12-11,38.22,37.860261671679375,-0.35973832832062413,0.35973832832062413,1.305240273389174,0.7898324230079012,0.03000000000000029,0.23000000000000048,True,True,36.5550213982902,38.650094094687276,2.095072696397075,True,0
238,2006-12-12,38.44,38.187256682773544,-0.2527433172264537,0.2527433172264537,1.2876359481463098,0.7879867685470359,0.035000000000000295,0.2350000000000005,True,True,36.899620734627234,38.97524345132058,2.0756227166933456,True,0
239,2006-12-13,38.61,38.450555106273704,-0.15944489372629533,0.15944489372629533,1.2535614514740843,0.7586592456607448,0.0400000000000003,0.2400000000000005,True,True,37.19699365479962,39.20921435193445,2.012220697134829,True,0
240,2006-12-14,38.74,38.612509832180585,-0.1274901678194169,0.1274901678194169,1.1310497545824916,0.7495896985218167,0.045000000000000304,0.2450000000000005,True,True,37.48146007759809,39.3620995307024,1.8806394531043082,True,0
241,2006-12-15,39.38,38.73672118249259,-0.6432788175074151,0.6432788175074151,1.117166981695128,0.7414905322935113,0.05000000000000031,0.2500000000000005,True,True,37.61955420079746,39.4782117147861,1.8586575139886392,True,0
242,2006-12-18,40.2,39.39703768310083,-0.8029623168991762,0.8029623168991762,1.0929659924658495,0.6984102992877439,0.05500000000000031,0.2550000000000005,True,False,38.30407169063498,40.09544798238857,1.7913762917535934,False,1
243,2006-12-19,38.78,40.23919037553908,1.4591903755390803,-1.4591903755390803,1.0598929121852905,1.015049919803694,0.06000000000000032,0.1600000000000005,False,True,39.17929746335379,41.254240295342775,2.0749428319889844,False,1
244,2006-12-20,39.43,38.71329018583297,-0.7167098141670323,0.7167098141670323,inf,1.0091505012312183,-0.034999999999999684,0.1650000000000005,True,True,-inf,39.722440687064186,inf,True,0
245,2006-12-21,39.87,39.38464836405771,-0.4853516359422869,0.4853516359422869,inf,0.9429351423050747,-0.029999999999999683,0.1700000000000005,True,True,-inf,40.327583506362785,inf,True,0
246,2006-12-22,39.98,39.8852767599111,-0.09472324008889643,0.09472324008889643,inf,0.9092476189138665,-0.024999999999999682,0.17500000000000052,True,True,-inf,40.79452437882497,inf,True,0
247,2006-12-26,40.13,39.96981546544239,-0.16018453455761517,0.16018453455761517,inf,0.8916059137335992,-0.01999999999999968,0.18000000000000052,True,True,-inf,40.86142137917599,inf,True,0
248,2006-12-27,39.86,40.1083412815196,0.24834128151960044,-0.24834128151960044,inf,0.8911647869593864,-0.01499999999999968,0.18500000000000053,True,True,-inf,40.999506068478986,inf,True,0
249,2006-12-28,40.38,39.82123607967032,-0.5587639203296817,0.5587639203296817,inf,0.8581907357919079,-0.00999999999999968,0.19000000000000053,True,True,-inf,40.67942681546223,inf,True,0
250,2006-12-29,40.06,40.358223405129,0.2982234051290007,-0.2982234051290007,inf,0.8546481097217935,-0.004999999999999678,0.19500000000000053,True,True,-inf,41.2128715148508,inf,True,0
251,2007-01-03,38.68,40.03026785471103,1.3502678547110278,-1.3502678547110278,inf,0.8462930859525883,3.226585665316861e-16,0.20000000000000054,True,True,-inf,40.876560940663616,inf,True,0
252,2007-01-04,38.59,38.58265634461537,-0.007343655384630665,0.007343655384630665,2.9413746145605835,0.82011943493616,0.005000000000000324,0.20500000000000054,True,True,35.641281730054786,39.40277577955153,3.761494049496747,True,0
253,2007-01-05,38.72,38.526590109765586,-0.19340989023441324,0.19340989023441324,2.101517316241292,0.8029623168991762,0.010000000000000325,0.21000000000000055,True,True,36.42507279352429,39.32955242666476,2.9044796331404683,True,0
254,2007-01-08,38.22,38.70859589517656,0.48859589517655877,-0.48859589517655877,1.9226818008104587,0.7934705573337979,0.015000000000000326,0.21500000000000055,True,True,36.7859140943661,39.502066452510356,2.7161523581442566,True,0
255,2007-01-09,37.6,38.18891605553896,0.5889160555389594,-0.5889160555389594,1.4591903755390803,0.7898324230079012,0.020000000000000327,0.22000000000000056,True,True,36.72972567999988,38.97874847854686,2.2490227985469815,True,0
256,2007-01-10,37.49,37.54998992192828,0.05998992192827757,-0.05998992192827757,1.4113667709634186,0.7626374642180522,0.025000000000000328,0.22500000000000056,True,True,36.13862315096486,38.31262738614633,2.174004235181471,True,0
257,2007-01-11,37.17,37.464763335269964,0.29476333526996257,-0.29476333526996257,1.355365435747082,0.7586592456607448,0.03000000000000033,0.23000000000000057,True,True,36.10939789952288,38.22342258093071,2.1140246814078267,True,0
258,2007-01-12,37.36,37.15363721812572,-0.20636278187427592,0.20636278187427592,1.3502678547110278,0.7461559073226667,0.03500000000000033,0.23500000000000057,True,True,35.803369363414696,37.89979312544839,2.0964237620336945,True,0
259,2007-01-16,38.4,37.36195533109316,-1.038044668906842,1.038044668906842,1.2876359481463098,0.7414905322935113,0.04000000000000033,0.24000000000000057,True,False,36.07431938294685,38.10344586338667,2.029126480439821,False,1
260,2007-01-17,38.7,38.452771942950505,-0.24722805704949735,0.24722805704949735,1.2535614514740843,1.0628599363599598,0.04500000000000033,0.14500000000000057,True,True,37.19921049147642,39.51563187931046,2.3164213878340405,True,0
261,2007-01-18,37.5,38.73488746404047,1.2348874640404688,-1.2348874640404688,1.1218900308841597,1.015049919803694,0.050000000000000336,0.15000000000000058,False,True,37.61299743315631,39.74993738384416,2.1369399506878537,False,1
262,2007-01-19,36.69,37.44302117995031,0.7530211799503093,-0.7530211799503093,inf,1.010188094075005,-0.044999999999999665,0.15500000000000058,True,True,-inf,38.45320927402531,inf,True,0
263,2007-01-22,37.65,36.62469186175666,-1.0253081382433393,1.0253081382433393,inf,1.0091505012312183,-0.03999999999999966,0.1600000000000006,True,False,-inf,37.63384236298788,inf,False,1
264,2007-01-23,36.9,37.686366235283984,0.7863662352839853,-0.7863662352839853,inf,42.95,-0.034999999999999656,0.06500000000000059,True,True,-inf,80.63636623528399,inf,True,0
265,2007-01-24,36.51,36.891429623862955,0.38142962386295665,-0.38142962386295665,inf,42.92,-0.029999999999999655,0.07000000000000059,True,True,-inf,79.81142962386295,inf,True,0
266,2007-01-25,38.08,36.487323477924875,-1.5926765220751236,1.5926765220751236,inf,42.84,-0.024999999999999654,0.0750000000000006,True,True,-inf,79.32732347792488,inf,True,0
267,2007-01-26,37.26,38.14830221134007,0.8883022113400685,-0.8883022113400685,inf,42.19,-0.019999999999999653,0.0800000000000006,True,True,-inf,80.33830221134006,inf,True,0
268,2007-01-29,36.7,37.25524752195469,0.5552475219546906,-0.5552475219546906,inf,37.61,-0.014999999999999653,0.0850000000000006,True,True,-inf,74.8652475219547,inf,True,0
269,2007-01-30,37.29,36.67424218493915,-0.6157578150608458,0.6157578150608458,inf,37.25,-0.009999999999999652,0.09000000000000061,True,True,-inf,73.92424218493915,inf,True,0
270,2007-01-31,36.95,37.31432647196912,0.3643264719691146,-0.3643264719691146,inf,37.08,-0.0049999999999996506,0.09500000000000061,True,True,-inf,74.39432647196912,inf,True,0
271,2007-02-01,37.95,36.951139779385436,-0.9988602206145671,0.9988602206145671,inf,36.98,3.5041414214731503e-16,0.10000000000000062,True,True,-inf,73.93113977938543,inf,True,0
272,2007-02-02,37.23,37.98263931507313,0.7526393150731323,-0.7526393150731323,2.9413746145605835,36.7,0.005000000000000351,0.10500000000000062,True,True,35.04126470051254,74.68263931507313,39.64137461456059,True,0
273,2007-02-05,37.25,37.22239228538299,-0.02760771461701239,0.02760771461701239,2.101517316241292,36.7,0.010000000000000352,0.11000000000000063,True,True,35.120874969141695,73.92239228538298,38.80151731624129,True,0
274,2007-02-06,37.2,37.24301330620449,0.04301330620448596,-0.04301330620448596,1.7260149005535368,1.7300070371069936,0.015000000000000353,0.11500000000000063,True,True,35.51699840565095,38.97302034331148,3.4560219376605303,True,0
275,2007-02-07,38.49,37.2032193969852,-1.2867806030148046,1.2867806030148046,1.4591903755390803,1.7193122165683974,0.020000000000000354,0.12000000000000063,True,True,35.74402902144612,38.922531613553595,3.1785025921074777,True,0
276,2007-02-08,38.95,38.52813575822083,-0.4218642417791756,0.4218642417791756,1.4113667709634186,1.3909382753365804,0.025000000000000355,0.12500000000000064,True,True,37.11676898725741,39.91907403355741,2.802305046299999,True,0
277,2007-02-09,39.19,38.972452687176094,-0.21754731282390338,0.21754731282390338,1.3502678547110278,1.3711353753322868,0.030000000000000356,0.13000000000000064,True,True,37.62218483246507,40.34358806250838,2.7214032300433146,True,0
278,2007-02-12,38.79,39.1866056339896,0.39660563398960136,-0.39660563398960136,1.305240273389174,1.2686274644056397,0.03500000000000036,0.13500000000000065,True,True,37.88136536060043,40.45523309839524,2.5738677377948136,True,0
279,2007-02-13,38.85,38.761431864618594,-0.08856813538140784,0.08856813538140784,1.2535614514740843,1.1949071271933107,0.040000000000000355,0.14000000000000065,True,True,37.50787041314451,39.956338991811904,2.448468578667395,True,0
280,2007-02-14,39.23,38.828804223306214,-0.4011957766937826,0.4011957766937826,1.2348874640404688,1.038044668906842,0.04500000000000036,0.14500000000000066,True,True,37.593916759265745,39.866848892213056,2.272932132947311,True,0
281,2007-02-15,40.14,39.22505363876048,-0.9149463612395223,0.9149463612395223,1.1218900308841597,1.015049919803694,0.050000000000000364,0.15000000000000066,True,True,38.10316360787632,40.24010355856417,2.1369399506878537,True,0
282,2007-02-16,39.9,40.15192395641399,0.25192395641398946,-0.25192395641398946,1.117166981695128,1.010188094075005,0.05500000000000037,0.15500000000000067,True,True,39.03475697471886,41.16211205048899,2.127355075770133,True,0
283,2007-02-20,40.13,39.87444033202931,-0.25555966797069374,0.25555966797069374,1.0929659924658495,0.9988602206145671,0.06000000000000037,0.16000000000000067,True,True,38.78147433956346,40.873300552643876,2.0918262130804166,True,0
284,2007-02-21,41.19,40.10280031173189,-1.0871996882681074,1.0871996882681074,0.9864427508848337,0.9429351423050747,0.06500000000000038,0.16500000000000067,True,False,39.11635756084706,41.045735454036965,1.9293778931899084,False,1
285,2007-02-22,41.4,41.18866297583224,-0.21133702416776146,0.21133702416776146,0.9699136312408996,42.84,0.07000000000000038,0.07000000000000067,True,True,40.21874934459134,84.02866297583225,43.80991363124091,True,0
286,2007-02-23,41.0,41.37778417348531,0.3777841734853098,-0.3777841734853098,0.952794903057999,42.19,0.07500000000000039,0.07500000000000068,True,True,40.42498927042731,83.56778417348531,43.142794903058,True,0
287,2007-02-26,40.86,40.94587179936826,0.08587179936826317,-0.08587179936826317,0.9287868746515215,37.61,0.08000000000000039,0.08000000000000068,True,True,40.01708492471674,78.55587179936826,38.53878687465152,True,0
288,2007-02-27,40.19,40.80717437976996,0.6171743797699634,-0.6171743797699634,0.8883022113400685,37.25,0.0850000000000004,0.08500000000000069,True,True,39.91887216842989,78.05717437976996,38.13830221134007,True,0
289,2007-02-28,38.91,40.12659019957189,1.2165901995718968,-1.2165901995718968,0.862253232006239,37.08,0.0900000000000004,0.09000000000000069,False,True,39.264336967565654,77.20659019957189,37.94225323200624,False,1
290,2007-03-01,39.32,38.824056415234544,-0.4959435847654561,0.4959435847654561,inf,36.98,-0.004999999999999602,0.0950000000000007,True,True,-inf,75.80405641523454,inf,True,0
291,2007-03-02,38.32,39.29714650838123,0.9771465083812316,-0.9771465083812316,inf,36.7,3.9898639947466563e-16,0.1000000000000007,True,True,-inf,75.99714650838123,inf,True,0
292,2007-03-05,37.15,38.27675334616647,1.126753346166474,-1.126753346166474,2.9413746145605835,4.36932249805448,0.0050000000000004,0.1050000000000007,True,True,35.335378731605886,42.64607584422095,7.310697112615067,True,0
293,2007-03-06,37.69,37.08415518658501,-0.6058448134149899,0.6058448134149899,2.101517316241292,1.7193122165683974,0.010000000000000401,0.11000000000000071,True,True,34.982637870343716,38.803467403153405,3.8208295328096895,True,0
294,2007-03-07,38.68,37.69821407760096,-0.9817859223990411,0.9817859223990411,1.7260149005535368,1.5926765220751236,0.015000000000000402,0.11500000000000071,True,True,35.97219917704742,39.29089059967608,3.3186914226286603,True,0
295,2007-03-08,38.77,38.718629912032085,-0.051370087967917755,0.051370087967917755,1.4591903755390803,1.3711353753322868,0.020000000000000403,0.12000000000000072,True,True,37.259439536493005,40.08976528736437,2.830325750871367,True,0
296,2007-03-09,38.48,38.77152118283328,0.29152118283328576,-0.29152118283328576,1.355365435747082,1.2867806030148046,0.025000000000000404,0.12500000000000072,True,True,37.4161557470862,40.05830178584809,2.6421460387618865,True,0
297,2007-03-12,38.64,38.45609071190305,-0.18390928809694884,0.18390928809694884,1.3502678547110278,1.1949071271933107,0.030000000000000405,0.13000000000000073,True,True,37.105822857192024,39.65099783909636,2.5451749819043386,True,0
298,2007-03-13,38.3,38.63154697635601,0.33154697635601593,-0.33154697635601593,1.2876359481463098,1.0628599363599598,0.035000000000000406,0.13500000000000073,True,True,37.3439110282097,39.694406912715976,2.350495884506273,True,0
299,2007-03-14,37.76,38.2776432271234,0.5176432271234006,-0.5176432271234006,1.2535614514740843,1.038044668906842,0.04000000000000041,0.14000000000000073,True,True,37.024081775649314,39.31568789603024,2.2916061203809264,True,0
300,2007-03-15,38.1,37.731724120679914,-0.36827587932008754,0.36827587932008754,1.2165901995718968,1.015049919803694,0.045000000000000415,0.14500000000000074,True,True,36.51513392110802,38.74677404048361,2.231640119375591,True,0
301,2007-03-16,37.72,38.104691975631034,0.38469197563103563,-0.38469197563103563,1.126753346166474,1.0091505012312183,0.05000000000000042,0.15000000000000074,True,True,36.97793862946456,39.11384247686225,2.1359038473976923,True,0
302,2007-03-19,38.0,37.70537282813194,-0.29462717186805776,0.29462717186805776,1.1218900308841597,0.9988602206145671,0.055000000000000424,0.15500000000000075,True,True,36.58348279724778,38.70423304874651,2.120750251498727,True,0
303,2007-03-20,38.53,38.004082095539715,-0.525917904460286,0.525917904460286,1.0929659924658495,0.9429351423050747,0.06000000000000043,0.16000000000000075,True,True,36.911116103073866,38.94701723784479,2.035901134770924,True,0
304,2007-03-21,38.55,38.545152293550736,-0.0048477064492615796,0.0048477064492615796,1.0598929121852905,0.9149463612395223,0.06500000000000043,0.16500000000000076,True,True,37.485259381365445,39.46009865479026,1.9748392734248128,True,0
305,2007-03-22,39.48,38.54425540696507,-0.9357445930349257,0.9357445930349257,0.9771465083812316,0.9021801140575931,0.07000000000000044,0.17000000000000076,True,False,37.56710889858384,39.446435521022664,1.8793266224388248,False,1
306,2007-03-23,39.56,39.49872633725374,-0.06127366274625956,0.06127366274625956,0.9699136312408996,37.61,0.07500000000000044,0.07500000000000076,True,True,38.52881270601284,77.10872633725374,38.5799136312409,True,0
307,2007-03-26,38.98,39.54915403225021,0.5691540322502107,-0.5691540322502107,0.952794903057999,37.25,0.08000000000000045,0.08000000000000076,True,True,38.59635912919221,76.79915403225021,38.202794903058006,True,0
308,2007-03-27,38.82,38.93670445674593,0.11670445674592855,-0.11670445674592855,0.9027280508491202,37.04,0.08500000000000045,0.08500000000000077,True,True,38.03397640589681,75.97670445674592,37.94272805084911,True,0
309,2007-03-28,39.09,38.79152914190746,-0.2984708580925428,0.2984708580925428,0.8883022113400685,36.98,0.09000000000000045,0.09000000000000077,True,True,37.90322693056739,75.77152914190745,37.86830221134006,True,0
310,2007-03-29,39.65,39.082083299545474,-0.5679167004545249,0.5679167004545249,0.8558330509892969,36.7,0.09500000000000046,0.09500000000000078,True,True,38.22625024855618,75.78208329954548,37.5558330509893,True,0
311,2007-03-30,39.75,39.65204121979418,-0.09795878020582194,0.09795878020582194,0.7784951959334663,1.7300070371069936,0.10000000000000046,0.10000000000000078,True,True,38.87354602386071,41.38204825690117,2.50850223304046,True,0
312,2007-04-02,39.85,39.732433304963564,-0.11756669503643735,0.11756669503643735,0.7530211799503093,1.7193122165683974,0.10500000000000047,0.10500000000000079,True,True,38.979412125013255,41.45174552153196,2.4723333965187066,True,0
313,2007-04-03,40.42,39.82695838239686,-0.5930416176031414,0.5930416176031414,0.7519595757599902,1.3909382753365804,0.11000000000000047,0.11000000000000079,True,True,39.07499880663687,41.21789665773344,2.1428978510965706,True,0
314,2007-04-04,41.22,40.41184745419347,-0.8081525458065286,0.8081525458065286,0.7467779511981334,1.3711353753322868,0.11500000000000048,0.1150000000000008,True,True,39.66506950299534,41.78298282952576,2.11791332653042,True,0
315,2007-04-05,41.57,41.218231953818375,-0.3517680461816255,0.3517680461816255,0.7398723748725544,1.2686274644056397,0.12000000000000048,0.1200000000000008,True,True,40.47835957894582,42.486859418224014,2.008499839278194,True,0
316,2007-04-09,41.72,41.487576610562854,-0.23242338943714458,0.23242338943714458,0.7357804485379944,1.0871996882681074,0.12500000000000047,0.1250000000000008,True,True,40.75179616202486,42.57477629883096,1.8229801368061018,True,0
317,2007-04-10,41.57,41.67868941338791,0.10868941338790705,-0.10868941338790705,0.7057842757018591,1.038044668906842,0.13000000000000048,0.1300000000000008,True,True,40.97290513768605,42.71673408229475,1.7438289446087012,True,0
318,2007-04-11,41.73,41.5148278548136,-0.2151721451863935,0.2151721451863935,0.7050672493489785,1.0253081382433393,0.13500000000000048,0.1350000000000008,True,True,40.809760605464625,42.54013599305694,1.7303753875923178,True,0
319,2007-04-12,41.73,41.68694893225513,-0.04305106774486944,0.04305106774486944,0.6781291299904453,1.010188094075005,0.14000000000000049,0.14000000000000082,True,True,41.00881980226468,42.69713702633013,1.6883172240654503,True,0
320,2007-04-13,42.19,41.681002337870346,-0.5089976621296515,0.5089976621296515,0.6590004693532521,0.9988602206145671,0.1450000000000005,0.14500000000000082,True,True,41.022001868517094,42.67986255848491,1.6578606899678192,True,0
321,2007-04-16,43.77,42.15702411830573,-1.6129758816942754,1.6129758816942754,0.6427629876653853,0.9429351423050747,0.1500000000000005,0.15000000000000083,True,False,41.51426113064034,43.0999592606108,1.58569812997046,False,1
322,2007-04-17,45.28,43.78314075525029,-1.4968592447497144,1.4968592447497144,0.6422809977151047,42.95,0.1550000000000005,0.055000000000000826,True,True,43.14085975753518,86.73314075525029,43.59228099771511,True,0
323,2007-04-18,44.8,45.297234334947916,0.4972343349479189,-0.4972343349479189,0.6330454716156524,42.84,0.1600000000000005,0.06000000000000083,True,True,44.664188863332264,88.13723433494792,43.473045471615656,True,0
324,2007-04-19,44.61,44.70511885759874,0.09511885759874161,-0.09511885759874161,0.6171743797699634,42.66,0.1650000000000005,0.06500000000000083,True,True,44.08794447782878,87.36511885759873,43.27717437976995,True,0
325,2007-04-20,45.09,44.51661383226649,-0.5733861677335099,0.5733861677335099,0.6082050570243567,37.61,0.1700000000000005,0.07000000000000084,True,True,43.90840877524214,82.12661383226649,38.21820505702435,True,0
326,2007-04-23,44.27,45.032645983794396,0.7626459837943926,-0.7626459837943926,0.5889160555389594,37.25,0.17500000000000052,0.07500000000000084,False,True,44.443729928255436,82.2826459837944,37.83891605553896,False,1
327,2007-04-24,44.75,44.15481092830773,-0.5951890716922676,0.5951890716922676,0.9027280508491202,37.04,0.08000000000000052,0.08000000000000085,True,True,43.25208287745861,81.19481092830773,37.94272805084912,True,0
328,2007-04-25,53.12,44.68758589059487,-8.43241410940513,8.43241410940513,0.8883022113400685,36.98,0.08500000000000052,0.08500000000000085,True,True,43.7992836792548,81.66758589059486,37.868302211340065,True,0
329,2007-04-26,56.5,53.52829265436647,-2.971707345633533,2.971707345633533,0.8558330509892969,36.7,0.09000000000000052,0.09000000000000086,True,True,52.67245960337717,90.22829265436647,37.5558330509893,True,0
330,2007-04-27,61.24,56.540566200322274,-4.699433799677728,4.699433799677728,0.7784951959334663,4.36932249805448,0.09500000000000053,0.09500000000000086,True,False,55.76207100438881,60.909888698376754,5.147817693987946,False,1
331,2007-04-30,61.91,61.87155507142563,-0.03844492857436421,0.03844492857436421,0.7530211799503093,inf,0.10000000000000053,8.604228440844963e-16,True,True,61.11853389147532,inf,inf,True,0
332,2007-05-01,61.12,62.085963712203196,0.9659637122031981,-0.9659637122031981,0.7526393150731323,46.48,0.10500000000000054,0.005000000000000861,False,True,61.33332439713006,108.5659637122032,47.232639315073136,False,1
333,2007-05-02,61.68,60.88142538274331,-0.7985746172566905,0.7985746172566905,1.9226818008104587,46.16,0.010000000000000536,0.010000000000000862,True,True,58.95874358193285,107.04142538274331,48.08268180081046,True,0
334,2007-05-03,61.08,61.5665067461793,0.4865067461793018,-0.4865067461793018,1.7260149005535368,45.55,0.015000000000000537,0.015000000000000863,True,True,59.84049184562576,107.1165067461793,47.276014900553534,True,0
335,2007-05-04,62.39,60.87619214760717,-1.51380785239283,1.51380785239283,1.4113667709634186,44.65,0.020000000000000538,0.020000000000000864,True,True,59.46482537664375,105.52619214760716,46.06136677096341,True,0
336,2007-05-07,62.43,62.402207600212236,-0.0277923997877636,0.0277923997877636,1.3502678547110278,43.79,0.02500000000000054,0.025000000000000865,True,True,61.05193974550121,106.19220760021224,45.140267854711034,True,0
337,2007-05-08,60.54,62.380700926830244,1.8407009268302446,-1.8407009268302446,1.2876359481463098,43.55,0.03000000000000054,0.030000000000000866,False,True,61.093064978683934,105.93070092683024,44.83763594814631,False,1
338,2007-05-09,62.0,60.16605565981328,-1.8339443401867186,1.8339443401867186,inf,43.5,-0.06499999999999946,0.035000000000000864,True,True,-inf,103.66605565981328,inf,True,0
339,2007-05-10,62.44,61.97817648984064,-0.4618235101593555,0.4618235101593555,inf,43.23,-0.05999999999999946,0.04000000000000087,True,True,-inf,105.20817648984064,inf,True,0
340,2007-05-11,60.96,62.45532567849618,1.4953256784961795,-1.4953256784961795,inf,43.05,-0.05499999999999945,0.04500000000000087,True,True,-inf,105.50532567849618,inf,True,0
341,2007-05-14,61.68,60.68658245121178,-0.9934175487882229,0.9934175487882229,inf,42.95,-0.04999999999999945,0.05000000000000088,True,True,-inf,103.63658245121178,inf,True,0
342,2007-05-15,61.4,61.59971682144184,0.19971682144183944,-0.19971682144183944,inf,42.92,-0.04499999999999944,0.05500000000000088,True,True,-inf,104.51971682144185,inf,True,0
343,2007-05-16,61.02,61.29124137189624,0.2712413718962381,-0.2712413718962381,inf,42.66,-0.03999999999999944,0.060000000000000886,True,True,-inf,103.95124137189623,inf,True,0
344,2007-05-17,62.88,60.85910577428633,-2.0208942257136755,2.0208942257136755,inf,37.61,-0.034999999999999434,0.06500000000000089,True,True,-inf,98.46910577428633,inf,True,0
345,2007-05-18,62.48,63.00078302709012,0.5207830270901255,-0.5207830270901255,inf,37.25,-0.029999999999999433,0.0700000000000009,True,True,-inf,100.25078302709012,inf,True,0
346,2007-05-21,63.58,62.42913933689842,-1.1508606631015752,1.1508606631015752,inf,37.08,-0.024999999999999432,0.0750000000000009,True,True,-inf,99.50913933689841,inf,True,0
347,2007-05-22,68.48,63.57607150104258,-4.903928498957427,4.903928498957427,inf,36.98,-0.01999999999999943,0.0800000000000009,True,True,-inf,100.55607150104257,inf,True,0
348,2007-05-23,69.21,66.48136627613354,-2.7286337238664515,2.7286337238664515,inf,36.7,-0.01499999999999943,0.08500000000000091,True,True,-inf,103.18136627613355,inf,True,0
349,2007-05-24,69.04,69.22283042381888,0.1828304238188707,-0.1828304238188707,inf,4.903928498957427,-0.00999999999999943,0.09000000000000091,True,True,-inf,74.1267589227763,inf,True,0
350,2007-05-25,69.69,68.91257036445852,-0.7774296355414805,0.7774296355414805,inf,4.36932249805448,-0.0049999999999994285,0.09500000000000092,True,True,-inf,73.28189286251299,inf,True,0
351,2007-05-29,68.43,69.62459904313674,1.1945990431367335,-1.1945990431367335,inf,2.7286337238664515,5.724587470723463e-16,0.10000000000000092,True,True,-inf,72.35323276700319,inf,True,0
352,2007-05-30,69.06,68.3029925238283,-0.757007476171708,0.757007476171708,2.9413746145605835,2.0208942257136755,0.005000000000000573,0.10500000000000093,True,True,65.36161790926771,70.32388674954197,4.9622688402742625,True,0
353,2007-05-31,70.68,68.95178020321512,-1.7282197967848845,1.7282197967848845,1.9226818008104587,1.7300070371069936,0.010000000000000574,0.11000000000000093,True,True,67.02909840240466,70.68178724032211,3.6526888379174522,True,0
354,2007-06-01,68.9,70.7596070674442,1.8596070674441876,-1.8596070674441876,1.7260149005535368,1.7193122165683974,0.015000000000000575,0.11500000000000093,False,True,69.03359216689066,72.47891928401259,3.445327117121934,False,1
355,2007-06-04,68.25,68.75882555722329,0.5088255572232896,-0.5088255572232896,inf,1.5926765220751236,-0.07999999999999943,0.12000000000000094,True,True,-inf,70.35150207929841,inf,True,0
356,2007-06-05,71.1,68.10568108119176,-2.994318918808233,2.994318918808233,inf,1.4968592447497144,-0.07499999999999943,0.12500000000000094,True,False,-inf,69.60254032594148,inf,False,1
357,2007-06-06,73.14,71.27728689030425,-1.862713109695747,1.862713109695747,inf,43.55,-0.06999999999999942,0.030000000000000943,True,True,-inf,114.82728689030425,inf,True,0
358,2007-06-07,72.57,72.26747169710826,-0.30252830289173005,0.30252830289173005,inf,43.48,-0.06499999999999942,0.03500000000000095,True,True,-inf,115.74747169710827,inf,True,0
359,2007-06-08,72.47,72.43506377847436,-0.034936221525640576,0.034936221525640576,inf,43.18,-0.059999999999999415,0.04000000000000095,True,True,-inf,115.61506377847437,inf,True,0
360,2007-06-11,73.0,71.95881963843247,-1.0411803615675268,1.0411803615675268,inf,42.95,-0.05499999999999941,0.045000000000000956,True,True,-inf,114.90881963843248,inf,True,0
361,2007-06-12,70.44,72.93790064343492,2.4979006434349174,-2.4979006434349174,inf,42.92,-0.049999999999999406,0.05000000000000096,True,True,-inf,115.85790064343492,inf,True,0
362,2007-06-13,70.9,70.04977985716133,-0.8502201428386797,0.8502201428386797,inf,42.84,-0.0449999999999994,0.055000000000000965,True,True,-inf,112.88977985716133,inf,True,0
363,2007-06-14,70.9,70.76543293840926,-0.13456706159074372,0.13456706159074372,inf,42.19,-0.0399999999999994,0.06000000000000097,True,True,-inf,112.95543293840926,inf,True,0
364,2007-06-15,72.85,70.48038474566494,-2.3696152543350593,2.3696152543350593,inf,37.34,-0.03499999999999939,0.06500000000000097,True,True,-inf,107.82038474566494,inf,True,0
365,2007-06-18,72.34,72.94857998987658,0.6085799898765742,-0.6085799898765742,inf,37.08,-0.029999999999999392,0.07000000000000098,True,True,-inf,110.02857998987658,inf,True,0
366,2007-06-19,71.55,72.20743538095276,0.6574353809527622,-0.6574353809527622,inf,36.98,-0.02499999999999939,0.07500000000000098,True,True,-inf,109.18743538095276,inf,True,0
367,2007-06-20,70.25,71.50377562679935,1.253775626799353,-1.253775626799353,inf,36.7,-0.01999999999999939,0.08000000000000099,True,True,-inf,108.20377562679936,inf,True,0
368,2007-06-21,69.16,69.97262289577513,0.8126228957751351,-0.8126228957751351,inf,4.903928498957427,-0.014999999999999389,0.08500000000000099,True,True,-inf,74.87655139473256,inf,True,0
369,2007-06-22,69.55,68.99308319363504,-0.5569168063649528,0.5569168063649528,inf,4.36932249805448,-0.009999999999999388,0.090000000000001,True,True,-inf,73.36240569168953,inf,True,0
370,2007-06-25,69.35,69.55939830601827,0.20939830601827225,-0.20939830601827225,inf,2.971707345633533,-0.004999999999999387,0.095000000000001,True,True,-inf,72.5311056516518,inf,True,0
371,2007-06-26,68.53,69.3250965067269,0.7950965067268925,-0.7950965067268925,inf,2.3696152543350593,6.140921104957897e-16,0.100000000000001,True,True,-inf,71.69471176106195,inf,True,0
372,2007-06-27,66.96,68.4090355711589,1.4490355711589018,-1.4490355711589018,2.9413746145605835,2.0208942257136755,0.005000000000000615,0.10500000000000101,True,True,65.46766095659831,70.42992979687257,4.9622688402742625,True,0
373,2007-06-28,68.46,66.71786839628069,-1.7421316037193009,1.7421316037193009,2.101517316241292,1.8339443401867186,0.010000000000000616,0.11000000000000101,True,True,64.61635108003941,68.55181273646741,3.9354616564280036,True,0
374,2007-06-29,69.03,68.56312652418586,-0.46687347581413974,0.46687347581413974,1.8596070674441876,1.7300070371069936,0.015000000000000617,0.11500000000000102,True,True,66.70351945674167,70.29313356129285,3.589614104551174,True,0
375,2007-07-02,68.81,69.10835119830635,0.2983511983063494,-0.2983511983063494,1.7260149005535368,1.7193122165683974,0.020000000000000618,0.12000000000000102,True,True,67.38233629775281,70.82766341487475,3.445327117121934,True,0
376,2007-07-03,70.04,68.77533814629541,-1.2646618537045953,1.2646618537045953,1.4591903755390803,1.5926765220751236,0.02500000000000062,0.12500000000000103,True,True,67.31614777075633,70.36801466837053,3.051866897614204,True,0
377,2007-07-05,69.36,70.16411481070972,0.80411481070972,-0.80411481070972,1.4113667709634186,1.4968592447497144,0.03000000000000062,0.13000000000000103,True,True,68.75274803974631,71.66097405545943,2.908226015713126,True,0
378,2007-07-06,68.75,69.29691794756039,0.546917947560388,-0.546917947560388,1.3502678547110278,1.3711353753322868,0.03500000000000062,0.13500000000000104,True,True,67.94665009284935,70.66805332289267,2.7214032300433217,True,0
379,2007-07-09,69.38,68.6423613370896,-0.737638662910399,0.737638662910399,1.2876359481463098,1.2686274644056397,0.04000000000000062,0.14000000000000104,True,True,67.35472538894328,69.91098880149524,2.5562634125519565,True,0
380,2007-07-10,71.65,69.41760916158466,-2.2323908384153412,2.2323908384153412,1.2535614514740843,1.1949071271933107,0.04500000000000062,0.14500000000000104,True,False,68.16404771011058,70.61251628877798,2.448468578667402,False,1
381,2007-07-11,70.58,71.9549180216169,1.3749180216169066,-1.3749180216169066,1.2165901995718968,42.84,0.05000000000000063,0.050000000000001044,False,True,70.73832782204501,114.79491802161691,44.0565901995719,False,1
382,2007-07-12,71.31,70.50664994265553,-0.8033500573444741,0.8033500573444741,inf,42.66,-0.044999999999999374,0.05500000000000105,True,True,-inf,113.16664994265552,inf,True,0
383,2007-07-13,73.08,71.25848964147924,-1.8215103585207544,1.8215103585207544,inf,37.61,-0.03999999999999937,0.06000000000000105,True,True,-inf,108.86848964147924,inf,True,0
384,2007-07-16,74.73,73.1838404063453,-1.546159593654707,1.546159593654707,inf,37.25,-0.034999999999999365,0.06500000000000106,True,True,-inf,110.4338404063453,inf,True,0
385,2007-07-17,74.39,74.9765325192327,0.5865325192327049,-0.5865325192327049,inf,37.04,-0.029999999999999364,0.07000000000000106,True,True,-inf,112.0165325192327,inf,True,0
386,2007-07-18,73.27,74.28311010722429,1.0131101072242927,-1.0131101072242927,inf,36.7,-0.024999999999999363,0.07500000000000107,True,True,-inf,110.98311010722429,inf,True,0
387,2007-07-19,74.24,73.0095713655278,-1.2304286344721902,1.2304286344721902,inf,8.43241410940513,-0.019999999999999362,0.08000000000000107,True,True,-inf,81.44198547493293,inf,True,0
388,2007-07-20,72.62,74.22086604846287,1.600866048462862,-1.600866048462862,inf,4.699433799677728,-0.014999999999999361,0.08500000000000107,True,True,-inf,78.92029984814059,inf,True,0
389,2007-07-23,71.78,72.36623862024949,0.5862386202494889,-0.5862386202494889,inf,2.994318918808233,-0.00999999999999936,0.09000000000000108,True,True,-inf,75.36055753905772,inf,True,0
390,2007-07-24,71.04,71.66045104298662,0.6204510429866161,-0.6204510429866161,inf,2.7286337238664515,-0.004999999999999359,0.09500000000000108,True,True,-inf,74.38908476685307,inf,True,0
391,2007-07-25,84.66,70.93434445432592,-13.725655545674073,13.725655545674073,inf,2.0208942257136755,6.418476861114186e-16,0.10000000000000109,True,False,-inf,72.9552386800396,inf,False,1
392,2007-07-26,85.02,86.03805218747978,1.0180521874797819,-1.0180521874797819,2.9413746145605835,46.48,0.005000000000000643,0.005000000000001087,True,True,83.09667757291919,132.51805218747978,49.42137461456059,True,0
393,2007-07-27,84.27,85.14368659456827,0.8736865945682695,-0.8736865945682695,2.101517316241292,46.16,0.010000000000000644,0.010000000000001088,True,True,83.04216927832698,131.30368659456826,48.26151731624128,True,0
394,2007-07-30,83.0,84.11841013803317,1.1184101380331697,-1.1184101380331697,1.8596070674441876,45.41,0.015000000000000645,0.015000000000001089,True,True,82.25880307058898,129.52841013803317,47.269607067444184,True,0
395,2007-07-31,83.7,82.4266252469071,-1.2733747530929094,1.2733747530929094,1.7260149005535368,44.41,0.020000000000000646,0.02000000000000109,True,True,80.70061034635356,126.83662524690709,46.13601490055353,True,0
396,2007-08-01,78.1,83.64509182350518,5.545091823505189,-5.545091823505189,1.4953256784961795,43.76,0.025000000000000647,0.02500000000000109,False,True,82.14976614500901,127.40509182350519,45.25532567849618,False,1
397,2007-08-02,77.86,77.50182045475076,-0.3581795452492429,0.3581795452492429,inf,43.5,-0.06999999999999935,0.030000000000001092,True,True,-inf,121.00182045475076,inf,True,0
398,2007-08-03,79.54,77.66398157877114,-1.8760184212288635,1.8760184212288635,inf,43.23,-0.06499999999999935,0.03500000000000109,True,True,-inf,120.89398157877113,inf,True,0
399,2007-08-06,77.06,79.58044427070416,2.5204442707041608,-2.5204442707041608,inf,43.05,-0.059999999999999346,0.04000000000000109,True,True,-inf,122.63044427070416,inf,True,0
400,2007-08-07,78.55,76.74584733352005,-1.8041526664799505,1.8041526664799505,inf,42.95,-0.05499999999999934,0.045000000000001095,True,True,-inf,119.69584733352005,inf,True,0
401,2007-08-08,79.77,78.8342149167507,-0.9357850832493,0.9357850832493,inf,42.66,-0.04999999999999934,0.0500000000000011,True,True,-inf,121.49421491675069,inf,True,0
402,2007-08-09,76.4,79.15646807191673,2.7564680719167285,-2.7564680719167285,inf,37.61,-0.04499999999999933,0.055000000000001104,True,True,-inf,116.76646807191673,inf,True,0
403,2007-08-10,73.15,76.01916044367191,2.869160443671902,-2.869160443671902,inf,37.25,-0.03999999999999933,0.06000000000000111,True,True,-inf,113.26916044367191,inf,True,0
404,2007-08-13,76.09,72.85035095368964,-3.2396490463103618,3.2396490463103618,inf,37.04,-0.03499999999999932,0.06500000000000111,True,True,-inf,109.89035095368965,inf,True,0
405,2007-08-14,74.79,75.6624804058962,0.8724804058961979,-0.8724804058961979,inf,36.7,-0.029999999999999322,0.07000000000000112,True,True,-inf,112.3624804058962,inf,True,0
406,2007-08-15,73.02,74.57462787461131,1.5546278746113131,-1.5546278746113131,inf,13.725655545674073,-0.02499999999999932,0.07500000000000112,True,True,-inf,88.30028342028538,inf,True,0
407,2007-08-16,72.0,72.8706302872014,0.8706302872013936,-0.8706302872013936,inf,4.903928498957427,-0.01999999999999932,0.08000000000000113,True,True,-inf,77.77455878615882,inf,True,0
408,2007-08-17,74.49,71.90161761012419,-2.588382389875804,2.588382389875804,inf,4.36932249805448,-0.01499999999999932,0.08500000000000113,True,True,-inf,76.27094010817868,inf,True,0
409,2007-08-20,74.98,73.65122873714623,-1.3287712628537776,1.3287712628537776,inf,2.994318918808233,-0.009999999999999318,0.09000000000000113,True,True,-inf,76.64554765595446,inf,True,0
410,2007-08-21,74.21,74.89787181601743,0.6878718160174344,-0.6878718160174344,inf,2.7286337238664515,-0.0049999999999993175,0.09500000000000114,True,True,-inf,77.62650553988388,inf,True,0
411,2007-08-22,78.24,74.13730703764202,-4.1026929623579775,4.1026929623579775,inf,2.2323908384153412,6.83481049534862e-16,0.10000000000000114,True,False,-inf,76.36969787605736,inf,False,1
412,2007-08-23,78.94,78.61890815135581,-0.32109184864418694,0.32109184864418694,2.9413746145605835,46.47,0.0050000000000006845,0.005000000000001142,True,True,75.67753353679522,125.08890815135581,49.411374614560586,True,0
413,2007-08-24,76.8,78.8882008639901,2.088200863990096,-2.088200863990096,2.7564680719167285,45.55,0.010000000000000685,0.010000000000001143,True,True,76.13173279207336,124.43820086399009,48.306468071916726,True,0
414,2007-08-27,80.56,76.73900975939421,-3.820990240605795,3.820990240605795,2.4979006434349174,44.65,0.015000000000000686,0.015000000000001144,True,True,74.24110911595929,121.38900975939421,47.14790064343492,True,0
415,2007-08-28,77.86,81.23239714451394,3.37239714451394,-3.37239714451394,2.088200863990096,43.79,0.020000000000000687,0.020000000000001145,False,True,79.14419628052384,125.02239714451395,45.8782008639901,False,1
416,2007-08-29,76.96,76.9704482503958,0.010448250395810987,-0.010448250395810987,inf,43.55,-0.07499999999999932,0.025000000000001146,True,True,-inf,120.5204482503958,inf,True,0
417,2007-08-30,78.4,77.06342324268883,-1.3365767573111782,1.3365767573111782,inf,43.48,-0.06999999999999931,0.030000000000001147,True,True,-inf,120.54342324268882,inf,True,0
418,2007-08-31,80.0,78.49779277456544,-1.5022072254345602,1.5022072254345602,inf,43.18,-0.06499999999999931,0.03500000000000115,True,True,-inf,121.67779277456543,inf,True,0
419,2007-09-04,79.9,79.82643164906342,-0.07356835093658276,0.07356835093658276,inf,42.95,-0.059999999999999304,0.040000000000001146,True,True,-inf,122.77643164906343,inf,True,0
420,2007-09-05,82.24,79.7727355930897,-2.4672644069102887,2.4672644069102887,inf,42.92,-0.0549999999999993,0.04500000000000115,True,True,-inf,122.69273559308971,inf,True,0
421,2007-09-06,84.5,82.49750782854001,-2.0024921714599913,2.0024921714599913,inf,42.19,-0.049999999999999295,0.050000000000001155,True,True,-inf,124.68750782854,inf,True,0
422,2007-09-07,84.7,84.65223706284084,-0.04776293715916324,0.04776293715916324,inf,37.34,-0.04499999999999929,0.05500000000000116,True,True,-inf,121.99223706284084,inf,True,0
423,2007-09-10,84.93,83.37535994144261,-1.5546400585573963,1.5546400585573963,inf,37.08,-0.039999999999999286,0.060000000000001164,True,True,-inf,120.45535994144261,inf,True,0
424,2007-09-11,84.17,84.84124231627531,0.6712423162753112,-0.6712423162753112,inf,36.98,-0.03499999999999928,0.06500000000000117,True,True,-inf,121.82124231627532,inf,True,0
425,2007-09-12,86.07,84.21558398833368,-1.8544160116663164,1.8544160116663164,inf,36.7,-0.02999999999999928,0.07000000000000117,True,True,-inf,120.91558398833368,inf,True,0
426,2007-09-13,87.95,86.10396666217085,-1.8460333378291551,1.8460333378291551,inf,8.43241410940513,-0.02499999999999928,0.07500000000000118,True,True,-inf,94.53638077157598,inf,True,0
427,2007-09-14,86.41,88.05808863485657,1.6480886348565775,-1.6480886348565775,inf,4.36932249805448,-0.01999999999999928,0.08000000000000118,True,True,-inf,92.42741113291106,inf,True,0
428,2007-09-17,86.98,86.17494925121058,-0.8050507487894265,0.8050507487894265,inf,3.820990240605795,-0.014999999999999278,0.08500000000000119,True,True,-inf,89.99593949181637,inf,True,0
429,2007-09-18,87.38,87.03463480621305,-0.34536519378694663,0.34536519378694663,inf,2.994318918808233,-0.009999999999999277,0.09000000000000119,True,True,-inf,90.02895372502128,inf,True,0
430,2007-09-19,89.52,87.32608727253655,-2.1939127274634416,2.1939127274634416,inf,2.7286337238664515,-0.004999999999999276,0.0950000000000012,True,True,-inf,90.054720996403,inf,True,0
431,2007-09-20,88.9,89.5901647922319,0.6901647922318972,-0.6901647922318972,inf,2.3696152543350593,7.251144129583054e-16,0.1000000000000012,True,True,-inf,91.95978004656696,inf,True,0
432,2007-09-21,90.29,88.8679355664024,-1.4220644335976118,1.4220644335976118,3.37239714451394,2.1939127274634416,0.005000000000000726,0.1050000000000012,True,True,85.49553842188845,91.06184829386584,5.566309871977381,True,0
433,2007-09-24,91.3,90.29352211808286,-1.0064778819171352,1.0064778819171352,2.869160443671902,2.0024921714599913,0.010000000000000727,0.11000000000000121,True,True,87.42436167441096,92.29601428954285,4.871652615131893,True,0
434,2007-09-25,91.99,91.25623262724876,-0.733767372751231,0.733767372751231,2.5204442707041608,1.862713109695747,0.015000000000000728,0.11500000000000121,True,True,88.7357883565446,93.11894573694451,4.383157380399908,True,0
435,2007-09-26,94.04,92.21750428132167,-1.82249571867834,1.82249571867834,2.101517316241292,1.8339443401867186,0.02000000000000073,0.12000000000000122,True,True,90.11598696508037,94.05144862150838,3.935461656428018,True,0
436,2007-09-27,94.07,94.42684760009287,0.35684760009287686,-0.35684760009287686,1.9226818008104587,1.8215103585207544,0.02500000000000073,0.12500000000000122,True,True,92.50416579928242,96.24835795861362,3.744192159331206,True,0
437,2007-09-28,92.77,93.69447643469633,0.9244764346963308,-0.9244764346963308,1.7260149005535368,1.7421316037193009,0.03000000000000073,0.13000000000000123,True,True,91.96846153414279,95.43660803841563,3.4681465042728377,True,0
438,2007-10-01,93.42,92.24622009744968,-1.1737799025503222,1.1737799025503222,1.600866048462862,1.7282197967848845,0.03500000000000073,0.13500000000000123,True,True,90.64535404898682,93.97443989423456,3.3290858452477465,True,0
439,2007-10-02,93.86,93.70304077905537,-0.15695922094462844,0.15695922094462844,1.4953256784961795,1.5926765220751236,0.04000000000000073,0.14000000000000123,True,True,92.2077151005592,95.2957173011305,3.088002200571296,True,0
440,2007-10-03,92.19,93.42997282198093,1.2399728219809276,-1.2399728219809276,1.4490355711589018,1.546159593654707,0.045000000000000734,0.14500000000000124,True,True,91.98093725082202,94.97613241563563,2.995195164813609,True,0
441,2007-10-04,92.55,91.96319921760451,-0.5868007823954855,0.5868007823954855,1.355365435747082,1.4968592447497144,0.05000000000000074,0.15000000000000124,True,True,90.60783378185744,93.46005846235423,2.8522246804967892,True,0
442,2007-10-05,93.55,92.49223694569146,-1.0577630543085377,1.0577630543085377,1.305240273389174,1.3909382753365804,0.05500000000000074,0.15500000000000125,True,True,91.18699667230229,93.88317522102804,2.6961785487257544,True,0
443,2007-10-08,94.22,93.89211864379425,-0.32788135620575076,0.32788135620575076,1.253775626799353,1.3365767573111782,0.06000000000000075,0.16000000000000125,True,True,92.6383430169949,95.22869540110543,2.590352384110531,True,0
444,2007-10-09,96.59,94.44825444055937,-2.1417455594406363,2.1417455594406363,1.2399728219809276,1.2733747530929094,0.06500000000000075,0.16500000000000126,True,False,93.20828161857844,95.72162919365228,2.513347575073837,False,1
445,2007-10-10,95.5,96.59714222516934,1.0971422251693355,-1.0971422251693355,1.1945990431367335,8.43241410940513,0.07000000000000076,0.07000000000000126,True,True,95.4025431820326,105.02955633457447,9.627013152541863,True,0
446,2007-10-11,95.33,95.5077265635665,0.17772656356649463,-0.17772656356649463,1.126753346166474,4.699433799677728,0.07500000000000076,0.07500000000000126,True,True,94.38097321740003,100.20716036324421,5.826187145844187,True,0
447,2007-10-12,89.42,94.43184766553652,5.011847665536521,-5.011847665536521,1.1184101380331697,4.1026929623579775,0.08000000000000076,0.08000000000000126,False,True,93.31343752750335,98.5345406278945,5.221103100391147,False,1
448,2007-10-15,91.8,89.14181516473583,-2.6581848352641657,2.6581848352641657,inf,3.2396490463103618,-0.014999999999999236,0.08500000000000127,True,True,-inf,92.3814642110462,inf,True,0
449,2007-10-16,88.69,91.90246711730437,3.212467117304371,-3.212467117304371,inf,2.7286337238664515,-0.009999999999999235,0.09000000000000127,True,True,-inf,94.63110084117082,inf,True,0
450,2007-10-17,91.9,88.4068605132436,-3.493139486756405,3.493139486756405,inf,2.588382389875804,-0.004999999999999234,0.09500000000000128,True,False,-inf,90.9952429031194,inf,False,1
451,2007-10-18,89.37,91.92622677015486,2.5562267701548507,-2.5562267701548507,inf,inf,7.667477763817487e-16,1.27675647831893e-15,True,True,-inf,inf,inf,True,0
452,2007-10-19,89.93,89.20246051318708,-0.7275394868129297,0.7275394868129297,5.011847665536521,46.47,0.005000000000000768,0.005000000000001278,True,True,84.19061284765056,135.67246051318708,51.48184766553652,True,0
453,2007-10-22,89.25,90.05267688401213,0.8026768840121292,-0.8026768840121292,3.212467117304371,45.55,0.010000000000000769,0.010000000000001279,True,True,86.84020976670776,135.6026768840121,48.762467117304354,True,0
454,2007-10-23,95.28,88.6797865066935,-6.600213493306498,6.600213493306498,2.869160443671902,44.65,0.01500000000000077,0.01500000000000128,True,True,85.8106260630216,133.3297865066935,47.51916044367189,True,0
455,2007-10-24,90.87,95.56227002724073,4.692270027240724,-4.692270027240724,2.5204442707041608,43.76,0.02000000000000077,0.02000000000000128,False,True,93.04182575653657,139.32227002724073,46.280444270704166,False,1
456,2007-10-25,88.23,90.63815958120873,2.4081595812087215,-2.4081595812087215,inf,43.5,-0.07499999999999923,0.02500000000000128,True,True,-inf,134.13815958120873,inf,True,0
457,2007-10-26,89.0,88.01704186051023,-0.9829581394897673,0.9829581394897673,inf,43.23,-0.06999999999999923,0.030000000000001283,True,True,-inf,131.24704186051022,inf,True,0
458,2007-10-29,90.41,88.9259281762317,-1.4840718237683035,1.4840718237683035,inf,43.05,-0.06499999999999923,0.03500000000000128,True,True,-inf,131.9759281762317,inf,True,0
459,2007-10-30,89.67,90.72383684264496,1.0538368426449551,-1.0538368426449551,inf,42.92,-0.05999999999999922,0.040000000000001285,True,True,-inf,133.64383684264496,inf,True,0
460,2007-10-31,88.05,89.0505055305335,1.000505530533502,-1.000505530533502,inf,42.66,-0.054999999999999216,0.04500000000000129,True,True,-inf,131.7105055305335,inf,True,0
461,2007-11-01,87.75,88.15877846138335,0.40877846138334917,-0.40877846138334917,inf,37.34,-0.04999999999999921,0.05000000000000129,True,True,-inf,125.49877846138335,inf,True,0
462,2007-11-02,87.97,87.86566201410079,-0.10433798589920684,0.10433798589920684,inf,37.08,-0.04499999999999921,0.0550000000000013,True,True,-inf,124.94566201410079,inf,True,0
463,2007-11-05,84.35,87.83298958391372,3.482989583913721,-3.482989583913721,inf,36.98,-0.0399999999999992,0.0600000000000013,True,True,-inf,124.81298958391372,inf,True,0
464,2007-11-06,84.61,84.10007003581352,-0.5099299641864832,0.5099299641864832,inf,13.725655545674073,-0.0349999999999992,0.0650000000000013,True,True,-inf,97.82572558148759,inf,True,0
465,2007-11-07,86.41,84.52222624988939,-1.887773750110611,1.887773750110611,inf,6.600213493306498,-0.029999999999999197,0.07000000000000131,True,True,-inf,91.12243974319588,inf,True,0
466,2007-11-08,86.8,86.39816238670056,-0.4018376132994348,0.4018376132994348,inf,4.699433799677728,-0.024999999999999196,0.07500000000000132,True,True,-inf,91.0975961863783,inf,True,0
467,2007-11-09,82.42,86.7220294479729,4.302029447972899,-4.302029447972899,inf,3.820990240605795,-0.019999999999999196,0.08000000000000132,True,True,-inf,90.5430196885787,inf,True,0
468,2007-11-12,78.26,82.14740144596747,3.8874014459674697,-3.8874014459674697,inf,3.2396490463103618,-0.014999999999999195,0.08500000000000132,True,True,-inf,85.38705049227784,inf,True,0
469,2007-11-13,77.91,78.05420648949614,0.1442064894961419,-0.1442064894961419,inf,2.7286337238664515,-0.009999999999999194,0.09000000000000133,True,True,-inf,80.78284021336259,inf,True,0
470,2007-11-14,80.4,77.8897963252227,-2.5102036747773013,2.5102036747773013,inf,2.588382389875804,-0.004999999999999193,0.09500000000000133,True,True,-inf,80.47817871509851,inf,True,0
471,2007-11-15,79.43,80.52108188810398,1.0910818881039717,-1.0910818881039717,inf,2.3696152543350593,8.083811398051921e-16,0.10000000000000134,True,True,-inf,82.89069714243904,inf,True,0
472,2007-11-16,77.01,79.34172292359878,2.3317229235987753,-2.3317229235987753,5.011847665536521,2.1939127274634416,0.005000000000000809,0.10500000000000134,True,True,74.32987525806226,81.53563565106222,7.205760392999963,True,0
473,2007-11-19,78.83,76.87533144359254,-1.954668556407455,1.954668556407455,4.302029447972899,2.0208942257136755,0.01000000000000081,0.11000000000000135,True,True,72.57330199561964,78.89622566930622,6.322923673686574,True,0
474,2007-11-20,79.86,78.93463581888162,-0.9253641811183826,0.9253641811183826,3.37239714451394,1.887773750110611,0.015000000000000811,0.11500000000000135,True,True,75.56223867436768,80.82240956899223,5.260170894624551,True,0
475,2007-11-21,79.24,79.8691729471077,0.6291729471077048,-0.6291729471077048,2.9413746145605835,1.862713109695747,0.020000000000000812,0.12000000000000136,True,True,76.92779833254711,81.73188605680345,4.804087724256334,True,0
476,2007-11-23,80.11,79.17695111764704,-0.9330488823529635,0.9330488823529635,2.7564680719167285,1.8339443401867186,0.025000000000000813,0.12500000000000136,True,True,76.42048304573031,81.01089545783375,4.590412412103447,True,0
477,2007-11-26,82.3,80.14823178327129,-2.151768216728712,2.151768216728712,2.4979006434349174,1.8215103585207544,0.030000000000000814,0.13000000000000136,True,False,77.65033113983637,81.96974214179204,4.319411001955672,False,1
478,2007-11-27,82.92,82.39115113671565,-0.5288488632843524,0.5288488632843524,2.3317229235987753,42.95,0.035000000000000815,0.03500000000000136,True,True,80.05942821311687,125.34115113671565,45.28172292359878,True,0
479,2007-11-28,87.55,82.91386053239322,-4.636139467606782,4.636139467606782,1.9226818008104587,42.84,0.04000000000000081,0.04000000000000137,True,True,80.99117873158275,125.75386053239322,44.76268180081047,True,0
480,2007-11-29,89.89,88.2231052786516,-1.6668947213483989,1.6668947213483989,1.8407009268302446,42.19,0.04500000000000082,0.04500000000000137,True,True,86.38240435182135,130.41310527865159,44.030700926830235,True,0
481,2007-11-30,90.56,90.15298266836342,-0.40701733163658105,0.40701733163658105,1.600866048462862,37.25,0.05000000000000082,0.05000000000000138,True,True,88.55211661990056,127.40298266836342,38.85086604846286,True,0
482,2007-12-03,90.03,90.6836459951483,0.6536459951482954,-0.6536459951482954,1.4953256784961795,37.04,0.055000000000000826,0.05500000000000138,True,True,89.18832031665212,127.7236459951483,38.53532567849618,True,0
483,2007-12-04,90.04,89.90090775931009,-0.13909224068991932,0.13909224068991932,1.4490355711589018,36.7,0.06000000000000083,0.060000000000001386,True,True,88.45187218815119,126.60090775931009,38.149035571158905,True,0
484,2007-12-05,94.99,89.96158873888315,-5.028411261116844,5.028411261116844,1.355365435747082,8.43241410940513,0.06500000000000083,0.06500000000000139,True,True,88.60622330313606,98.39400284828828,9.787779545152219,True,0
485,2007-12-06,93.28,94.55825133333686,1.2782513333368541,-1.2782513333368541,1.305240273389174,5.028411261116844,0.07000000000000084,0.0700000000000014,True,True,93.25301105994768,99.5866625944537,6.333651534506018,True,0
486,2007-12-07,94.56,93.24130837273349,-1.3186916272665172,1.3186916272665172,1.253775626799353,4.636139467606782,0.07500000000000084,0.0750000000000014,True,True,91.98753274593413,97.87744784034027,5.889915094406135,True,0
487,2007-12-10,94.31,94.95740296488073,0.647402964880726,-0.647402964880726,1.2399728219809276,4.1026929623579775,0.08000000000000085,0.0800000000000014,True,True,93.7174301428998,99.0600959272387,5.342665784338905,True,0
488,2007-12-11,93.1,94.19220414845043,1.0922041484504348,-1.0922041484504348,1.1945990431367335,3.2396490463103618,0.08500000000000085,0.08500000000000141,True,True,92.9976051053137,97.43185319476079,4.434248089447095,True,0
489,2007-12-12,92.84,92.95039850694332,0.11039850694331221,-0.11039850694331221,1.126753346166474,2.971707345633533,0.09000000000000086,0.09000000000000141,True,True,91.82364516077683,95.92210585257685,4.098460691800014,True,0
490,2007-12-13,91.05,92.89634299241199,1.8463429924119907,-1.8463429924119907,1.117166981695128,2.588382389875804,0.09500000000000086,0.09500000000000142,False,True,91.77917601071687,95.48472538228779,3.7055493715709247,False,1
491,2007-12-14,90.77,91.21481617148306,0.44481617148306896,-0.44481617148306896,inf,2.3696152543350593,8.604228440844963e-16,0.10000000000000142,True,True,-inf,93.58443142581812,inf,True,0
492,2007-12-17,89.01,90.92980898548704,1.9198089854870375,-1.9198089854870375,5.011847665536521,2.1939127274634416,0.005000000000000861,0.10500000000000143,True,True,85.91796131995052,93.12372171295048,7.205760392999963,True,0
493,2007-12-18,85.83,88.88197312196009,3.0519731219600885,-3.0519731219600885,4.302029447972899,2.0208942257136755,0.010000000000000862,0.11000000000000143,True,True,84.57994367398719,90.90286734767376,6.322923673686574,True,0
494,2007-12-19,86.94,85.67148167078983,-1.268518329210167,1.268518329210167,3.37239714451394,1.954668556407455,0.015000000000000863,0.11500000000000143,True,True,82.29908452627589,87.62615022719729,5.327065700921395,True,0
495,2007-12-20,90.14,86.95582305128183,-3.184176948718175,3.184176948718175,3.0519731219600885,1.862713109695747,0.020000000000000864,0.12000000000000144,True,False,83.90384992932174,88.81853616097757,4.9146862316558355,False,1
496,2007-12-21,91.47,90.21317505680832,-1.256824943191674,1.256824943191674,2.7564680719167285,43.48,0.025000000000000865,0.025000000000001438,True,True,87.4567069848916,133.69317505680831,46.23646807191672,True,0
497,2007-12-24,91.05,91.61610410205301,0.5661041020530178,-0.5661041020530178,2.5204442707041608,43.18,0.030000000000000866,0.03000000000000144,True,True,89.09565983134885,134.79610410205302,45.70044427070417,True,0
498,2007-12-26,91.48,91.08040463952192,-0.39959536047808797,0.39959536047808797,2.3317229235987753,42.95,0.035000000000000864,0.03500000000000144,True,True,88.74868171592314,134.03040463952192,45.28172292359878,True,0
499,2007-12-27,92.67,91.41716287342575,-1.2528371265742493,1.2528371265742493,2.088200863990096,42.84,0.04000000000000087,0.04000000000000144,True,True,89.32896200943566,134.25716287342576,44.9282008639901,True,0
500,2007-12-28,95.27,92.63987542659228,-2.6301245734077128,2.6301245734077128,1.8596070674441876,37.61,0.04500000000000087,0.04500000000000144,True,True,90.7802683591481,130.24987542659227,39.46960706744417,True,0
501,2007-12-31,93.81,95.41144528936651,1.6014452893665094,-1.6014452893665094,1.7260149005535368,37.08,0.05000000000000088,0.050000000000001446,True,True,93.68543038881297,132.4914452893665,38.806014900553535,True,0
502,2008-01-02,95.35,93.73443956150248,-1.6155604384975106,1.6155604384975106,1.6014452893665094,36.98,0.05500000000000088,0.05500000000000145,True,True,92.13299427213597,130.71443956150247,38.5814452893665,True,0
503,2008-01-03,96.06,95.22422589387945,-0.835774106120553,0.835774106120553,1.4953256784961795,13.725655545674073,0.060000000000000886,0.060000000000001455,True,True,93.72890021538328,108.94988143955352,15.220981224170245,True,0
504,2008-01-04,93.26,96.00049783077309,2.74049783077308,-2.74049783077308,1.4490355711589018,6.600213493306498,0.06500000000000089,0.06500000000000146,False,True,94.55146225961418,102.60071132407958,8.0492490644654,False,1
505,2008-01-07,88.62,93.02058123988502,4.400581239885014,-4.400581239885014,inf,4.699433799677728,-0.02999999999999911,0.07000000000000146,True,True,-inf,97.72001503956275,inf,True,0
506,2008-01-08,87.55,88.41274689510065,0.8627468951006563,-0.8627468951006563,inf,4.36932249805448,-0.02499999999999911,0.07500000000000147,True,True,-inf,92.78206939315513,inf,True,0
507,2008-01-09,87.56,87.53908272793034,-0.020917272069667092,0.020917272069667092,inf,3.493139486756405,-0.01999999999999911,0.08000000000000147,True,True,-inf,91.03222221468674,inf,True,0
508,2008-01-10,83.98,87.5695050947564,3.5895050947563902,-3.5895050947563902,inf,2.994318918808233,-0.014999999999999108,0.08500000000000148,True,True,-inf,90.56382401356463,inf,True,0
509,2008-01-11,84.03,83.75322983875088,-0.276770161249118,0.276770161249118,inf,2.7286337238664515,-0.009999999999999107,0.09000000000000148,True,True,-inf,86.48186356261733,inf,True,0
510,2008-01-14,82.18,84.05129231398668,1.8712923139866717,-1.8712923139866717,inf,2.588382389875804,-0.004999999999999106,0.09500000000000149,True,True,-inf,86.63967470386248,inf,True,0
511,2008-01-15,80.48,82.04676283247393,1.566762832473927,-1.566762832473927,inf,2.3696152543350593,8.951173136040325e-16,0.10000000000000149,True,True,-inf,84.41637808680899,inf,True,0
512,2008-01-16,79.58,80.36295317956677,0.7829531795667748,-0.7829531795667748,5.011847665536521,2.1939127274634416,0.005000000000000896,0.1050000000000015,True,True,75.35110551403025,82.55686590703021,7.205760392999963,True,0
513,2008-01-17,80.16,79.50556191308908,-0.6544380869109148,0.6544380869109148,4.302029447972899,2.0208942257136755,0.010000000000000897,0.1100000000000015,True,True,75.20353246511618,81.52645613880276,6.322923673686574,True,0
514,2008-01-18,79.93,80.17133290335535,0.2413329033553424,-0.2413329033553424,3.5895050947563902,1.954668556407455,0.015000000000000898,0.1150000000000015,True,True,76.58182780859896,82.1260014597628,5.544173651163845,True,0
515,2008-01-22,73.58,79.88050651452134,6.300506514521345,-6.300506514521345,3.212467117304371,1.862713109695747,0.0200000000000009,0.12000000000000151,False,True,76.66803939721697,81.74321962421709,5.075180227000118,False,1
516,2008-01-23,75.6,73.16832756205237,-2.4316724379476256,2.4316724379476256,inf,1.8339443401867186,-0.0749999999999991,0.1250000000000015,True,False,-inf,75.00227190223909,inf,False,1
517,2008-01-24,74.53,75.72747522277177,1.1974752227717715,-1.1974752227717715,inf,43.05,-0.06999999999999909,0.030000000000001498,True,True,-inf,118.77747522277177,inf,True,0
518,2008-01-25,78.69,74.42579087450993,-4.264209125490069,4.264209125490069,inf,42.92,-0.06499999999999909,0.0350000000000015,True,True,-inf,117.34579087450993,inf,True,0
519,2008-01-28,76.91,78.86815536019192,1.958155360191924,-1.958155360191924,inf,42.66,-0.05999999999999908,0.04000000000000151,True,True,-inf,121.52815536019192,inf,True,0
520,2008-01-29,75.77,76.79391127803143,1.0239112780314343,-1.0239112780314343,inf,37.34,-0.05499999999999908,0.04500000000000151,True,True,-inf,114.13391127803143,inf,True,0
521,2008-01-30,73.54,75.6807792648143,2.1407792648142987,-2.1407792648142987,inf,37.04,-0.04999999999999907,0.050000000000001515,True,True,-inf,112.7207792648143,inf,True,0
522,2008-01-31,68.91,73.39360833969488,4.483608339694882,-4.483608339694882,inf,36.7,-0.04499999999999907,0.05500000000000152,True,True,-inf,110.09360833969488,inf,True,0
523,2008-02-01,79.02,68.62405378878888,-10.395946211211111,10.395946211211111,inf,8.43241410940513,-0.039999999999999064,0.060000000000001524,True,False,-inf,77.05646789819401,inf,False,1
524,2008-02-04,74.5,79.33114664980475,4.831146649804751,-4.831146649804751,inf,inf,-0.03499999999999906,-0.03499999999999848,True,True,-inf,inf,inf,True,0
525,2008-02-05,72.8,74.47727569605735,1.6772756960573503,-1.6772756960573503,inf,inf,-0.02999999999999906,-0.029999999999998476,True,True,-inf,inf,inf,True,0
526,2008-02-06,72.3,72.75993077343416,0.45993077343416644,-0.45993077343416644,inf,inf,-0.024999999999999058,-0.024999999999998475,True,True,-inf,inf,inf,True,0
527,2008-02-07,67.37,72.25912213772831,4.889122137728307,-4.889122137728307,inf,inf,-0.019999999999999057,-0.019999999999998474,True,True,-inf,inf,inf,True,0
528,2008-02-08,73.4,67.27683141874063,-6.123168581259378,6.123168581259378,inf,inf,-0.014999999999999056,-0.014999999999998473,True,True,-inf,inf,inf,True,0
529,2008-02-11,73.14,73.32913002854622,0.18913002854621652,-0.18913002854621652,inf,inf,-0.009999999999999055,-0.009999999999998472,True,True,-inf,inf,inf,True,0
530,2008-02-12,75.43,73.10220164584413,-2.327798354155874,2.327798354155874,inf,inf,-0.004999999999999054,-0.004999999999998471,True,True,-inf,inf,inf,True,0
531,2008-02-13,74.99,75.37315858500392,0.3831585850039261,-0.3831585850039261,inf,inf,9.471590178833367e-16,1.5300261058115439e-15,True,True,-inf,inf,inf,True,0
532,2008-02-14,77.73,74.96692936708726,-2.7630706329127435,2.7630706329127435,5.2353533948385795,46.47,0.005000000000000948,0.005000000000001531,True,True,69.73157597224868,121.43692936708726,51.70535339483858,True,0
533,2008-02-15,75.0,77.6662265802286,2.666226580228596,-2.666226580228596,4.831146649804751,45.41,0.010000000000000949,0.010000000000001532,True,True,72.83507993042384,123.07622658022859,50.24114664980475,True,0
534,2008-02-19,73.54,75.01111749919778,1.4711174991977742,-1.4711174991977742,4.483608339694882,44.41,0.01500000000000095,0.015000000000001533,True,True,70.5275091595029,119.42111749919778,48.89360833969488,True,0
535,2008-02-20,71.9,73.48547063960683,1.5854706396068252,-1.5854706396068252,3.8874014459674697,43.55,0.02000000000000095,0.020000000000001534,True,True,69.59806919363936,117.03547063960683,47.43740144596747,True,0
536,2008-02-21,73.94,71.85274375301668,-2.0872562469833156,2.0872562469833156,3.37239714451394,43.23,0.025000000000000952,0.025000000000001535,True,True,68.48034660850274,115.08274375301667,46.60239714451393,True,0
537,2008-02-22,70.54,73.86458345614663,3.3245834561466268,-3.3245834561466268,2.9413746145605835,42.95,0.030000000000000953,0.030000000000001536,False,True,70.92320884158605,116.81458345614664,45.89137461456059,False,1
538,2008-02-25,72.35,70.5591446705023,-1.7908553294976883,1.7908553294976883,inf,42.92,-0.06499999999999904,0.03500000000000154,True,True,-inf,113.47914467050231,inf,True,0
539,2008-02-26,71.91,72.23485698253256,0.324856982532566,-0.324856982532566,inf,42.19,-0.05999999999999904,0.040000000000001534,True,True,-inf,114.42485698253256,inf,True,0
540,2008-02-27,70.68,71.89950242911318,1.2195024291131773,-1.2195024291131773,inf,37.25,-0.054999999999999036,0.04500000000000154,True,True,-inf,109.14950242911318,inf,True,0
541,2008-02-28,70.3,70.64984329191063,0.3498432919106307,-0.3498432919106307,inf,36.98,-0.04999999999999903,0.05000000000000154,True,True,-inf,107.62984329191062,inf,True,0
542,2008-02-29,67.01,70.24777378249271,3.2377737824927095,-3.2377737824927095,inf,36.7,-0.04499999999999903,0.05500000000000155,True,True,-inf,106.94777378249272,inf,True,0
543,2008-03-03,63.59,67.00832456186664,3.4183245618666405,-3.4183245618666405,inf,8.43241410940513,-0.03999999999999902,0.06000000000000155,True,True,-inf,75.44073867127177,inf,True,0
544,2008-03-04,61.67,63.529858538793405,1.8598585387934037,-1.8598585387934037,inf,5.028411261116844,-0.03499999999999902,0.06500000000000156,True,True,-inf,68.55826979991025,inf,True,0
545,2008-03-05,65.66,61.58157914267396,-4.078420857326037,4.078420857326037,inf,4.636139467606782,-0.029999999999999017,0.07000000000000156,True,True,-inf,66.21771861028074,inf,True,0
546,2008-03-06,64.75,65.56684106408247,0.8168410640824675,-0.8168410640824675,inf,4.264209125490069,-0.024999999999999016,0.07500000000000157,True,True,-inf,69.83105018957254,inf,True,0
547,2008-03-07,62.2,64.77391538396851,2.5739153839685116,-2.5739153839685116,inf,3.820990240605795,-0.019999999999999015,0.08000000000000157,True,True,-inf,68.59490562457431,inf,True,0
548,2008-03-10,63.9,62.184756830929295,-1.7152431690707033,1.7152431690707033,inf,3.184176948718175,-0.014999999999999014,0.08500000000000157,True,True,-inf,65.36893377964748,inf,True,0
549,2008-03-11,65.95,63.83294659033099,-2.117053409669012,2.117053409669012,inf,2.7630706329127435,-0.009999999999999013,0.09000000000000158,True,True,-inf,66.59601722324373,inf,True,0
550,2008-03-12,66.77,65.89784015412714,-0.8721598458728579,0.8721598458728579,inf,2.6301245734077128,-0.004999999999999012,0.09500000000000158,True,True,-inf,68.52796472753485,inf,True,0
551,2008-03-13,65.11,66.73132515211257,1.6213251521125756,-1.6213251521125756,inf,2.4672644069102887,9.8879238130678e-16,0.10000000000000159,True,True,-inf,69.19858955902286,inf,True,0
552,2008-03-14,68.61,65.08969200877031,-3.5203079912296857,3.5203079912296857,5.2353533948385795,2.3696152543350593,0.00500000000000099,0.10500000000000159,True,False,59.85433861393173,67.45930726310537,7.604968649173642,False,1
553,2008-03-17,65.72,68.52082416131421,2.8008241613142104,-2.8008241613142104,4.831146649804751,45.41,0.01000000000000099,0.010000000000001591,True,True,63.68967751150946,113.9308241613142,50.24114664980475,True,0
554,2008-03-18,68.25,65.74954892171097,-2.500451078289032,2.500451078289032,4.400581239885014,43.79,0.015000000000000992,0.015000000000001592,True,True,61.348967681825954,109.53954892171097,48.19058123988502,True,0
555,2008-03-19,71.1,68.12687213033759,-2.973127869662406,2.973127869662406,3.5895050947563902,43.5,0.020000000000000993,0.020000000000001593,True,True,64.5373670355812,111.62687213033759,47.08950509475639,True,0
556,2008-03-20,70.17,71.02040028131006,0.8504002813100584,-0.8504002813100584,3.4183245618666405,43.23,0.025000000000000994,0.025000000000001594,True,True,67.60207571944342,114.25040028131005,46.64832456186663,True,0
557,2008-03-24,73.82,70.15666608211471,-3.663333917885282,3.663333917885282,3.2377737824927095,42.95,0.030000000000000995,0.030000000000001595,True,True,66.918892299622,113.10666608211471,46.18777378249271,True,0
558,2008-03-25,75.83,73.69040825554455,-2.139591744455444,2.139591744455444,2.9413746145605835,42.84,0.035000000000000996,0.0350000000000016,True,True,70.74903364098397,116.53040825554456,45.78137461456059,True,0
559,2008-03-26,74.14,75.78072286013699,1.6407228601369894,-1.6407228601369894,2.7564680719167285,37.61,0.04000000000000099,0.040000000000001604,True,True,73.02425478822026,113.39072286013699,40.36646807191673,True,0
560,2008-03-27,74.37,74.13548985131148,-0.23451014868852837,0.23451014868852837,2.5739153839685116,37.08,0.045000000000001,0.04500000000000161,True,True,71.56157446734296,111.21548985131147,39.65391538396851,True,0
561,2008-03-28,71.0,74.3100031131812,3.310003113181196,-3.310003113181196,2.4979006434349174,36.7,0.050000000000001,0.05000000000000161,False,True,71.81210246974628,111.0100031131812,39.19790064343492,False,1
562,2008-03-31,70.25,71.01797498220563,0.7679749822056294,-0.7679749822056294,inf,13.725655545674073,-0.044999999999999,0.05500000000000162,True,True,-inf,84.7436305278797,inf,True,0
563,2008-04-01,72.99,70.19203216669659,-2.797967833303403,2.797967833303403,inf,6.600213493306498,-0.039999999999998995,0.06000000000000162,True,True,-inf,76.79224566000309,inf,True,0
564,2008-04-02,77.08,72.89001502902835,-4.189984970971651,4.189984970971651,inf,4.903928498957427,-0.03499999999999899,0.06500000000000163,True,True,-inf,77.79394352798577,inf,True,0
565,2008-04-03,75.15,76.98304606951571,1.833046069515703,-1.833046069515703,inf,4.36932249805448,-0.02999999999999899,0.07000000000000163,True,True,-inf,81.35236856757018,inf,True,0
566,2008-04-04,75.26,75.13685696680442,-0.12314303319558917,0.12314303319558917,inf,4.1026929623579775,-0.02499999999999899,0.07500000000000163,True,True,-inf,79.2395499291624,inf,True,0
567,2008-04-07,77.36,75.2099175524926,-2.150082447507401,2.150082447507401,inf,3.663333917885282,-0.019999999999998987,0.08000000000000164,True,True,-inf,78.87325147037788,inf,True,0
568,2008-04-08,76.4,77.27754955273498,0.8775495527349761,-0.8775495527349761,inf,3.2396490463103618,-0.014999999999998986,0.08500000000000164,True,True,-inf,80.51719859904534,inf,True,0
569,2008-04-09,76.56,76.36767052013002,-0.19232947986998283,0.19232947986998283,inf,2.973127869662406,-0.009999999999998985,0.09000000000000165,True,True,-inf,79.34079838979243,inf,True,0
570,2008-04-10,74.48,76.5112637921441,2.0312637921441024,-2.0312637921441024,inf,2.7630706329127435,-0.004999999999998984,0.09500000000000165,True,True,-inf,79.27433442505685,inf,True,0
571,2008-04-11,73.84,74.46932050307957,0.629320503079569,-0.629320503079569,inf,2.6301245734077128,1.016547956922409e-15,0.10000000000000166,True,True,-inf,77.09944507648729,inf,True,0
572,2008-04-14,71.7,73.80457205052207,2.1045720505220658,-2.1045720505220658,5.2353533948385795,2.5102036747773013,0.0050000000000010175,0.10500000000000166,True,True,68.56921865568349,76.31477572529937,7.745557069615884,True,0
573,2008-04-15,72.97,71.68809833996349,-1.2819016600365103,1.2819016600365103,4.831146649804751,2.4316724379476256,0.010000000000001018,0.11000000000000167,True,True,66.85695169015874,74.11977077791111,7.262819087752376,True,0
574,2008-04-16,73.02,72.89867722562573,-0.12132277437426353,0.12132277437426353,4.400581239885014,2.2323908384153412,0.01500000000000102,0.11500000000000167,True,True,68.49809598574072,75.13106806404107,6.632972078300355,True,0
575,2008-04-17,74.18,72.97513051887523,-1.2048694811247742,1.2048694811247742,3.5895050947563902,2.150082447507401,0.02000000000000102,0.12000000000000167,True,True,69.38562542411884,75.12521296638263,5.739587542263791,True,0
576,2008-04-18,76.48,74.11325305391787,-2.366746946082131,2.366746946082131,3.37239714451394,2.117053409669012,0.02500000000000102,0.12500000000000167,True,False,70.74085590940393,76.23030646358689,5.489450554182952,False,1
577,2008-04-21,80.03,76.39668026524718,-3.633319734752817,3.633319734752817,3.2377737824927095,42.95,0.030000000000001022,0.030000000000001664,True,True,73.15890648275447,119.34668026524719,46.18777378249271,True,0
578,2008-04-22,79.94,79.94273817934125,0.002738179341250202,-0.002738179341250202,2.9413746145605835,42.66,0.03500000000000102,0.03500000000000167,True,True,77.00136356478066,122.60273817934124,45.601374614560584,True,0
579,2008-04-23,80.3,79.90628150550832,-0.3937184944916794,0.3937184944916794,2.7564680719167285,37.34,0.04000000000000102,0.04000000000000167,True,True,77.14981343359159,117.24628150550832,40.09646807191673,True,0
580,2008-04-24,77.71,80.24719133290964,2.537191332909643,-2.537191332909643,2.5739153839685116,37.04,0.045000000000001025,0.04500000000000168,True,True,77.67327594894113,117.28719133290963,39.613915383968504,True,0
581,2008-04-25,77.81,77.69732941671104,-0.11267058328895985,0.11267058328895985,2.5204442707041608,36.7,0.05000000000000103,0.05000000000000168,True,True,75.17688514600688,114.39732941671105,39.220444270704164,True,0
582,2008-04-28,80.64,77.74936664073685,-2.8906333592631483,2.8906333592631483,2.4081595812087215,10.395946211211111,0.055000000000001034,0.055000000000001686,True,True,75.34120705952813,88.14531285194796,12.804105792419833,True,0
583,2008-04-29,81.42,80.55327708354564,-0.8667229164543642,0.8667229164543642,2.1045720505220658,6.123168581259378,0.06000000000000104,0.06000000000000169,True,True,78.44870503302357,86.67644566480502,8.227740631781444,True,0
584,2008-04-30,80.9,81.36700453332239,0.4670045333223811,-0.4670045333223811,2.0312637921441024,4.699433799677728,0.06500000000000104,0.0650000000000017,True,True,79.33574074117828,86.06643833300012,6.730697591821837,True,0
585,2008-05-01,78.4,80.8601045658625,2.460104565862494,-2.460104565862494,1.9198089854870375,4.264209125490069,0.07000000000000105,0.0700000000000017,False,True,78.94029558037546,85.12431369135257,6.184018110977107,False,1
586,2008-05-02,80.3,78.38190837849545,-1.9180916215045443,1.9180916215045443,inf,4.078420857326037,-0.024999999999998954,0.0750000000000017,True,True,-inf,82.46032923582149,inf,True,0
587,2008-05-05,77.27,80.22499697761846,2.954996977618464,-2.954996977618464,inf,3.633319734752817,-0.019999999999998953,0.08000000000000171,True,True,-inf,83.85831671237128,inf,True,0
588,2008-05-06,75.51,77.27419607535535,1.7641960753553434,-1.7641960753553434,inf,3.2396490463103618,-0.014999999999998952,0.08500000000000171,True,True,-inf,80.51384512166571,inf,True,0
589,2008-05-07,75.26,75.48163450349966,0.22163450349965785,-0.22163450349965785,inf,2.973127869662406,-0.00999999999999895,0.09000000000000172,True,True,-inf,78.45476237316207,inf,True,0
590,2008-05-08,73.73,75.21238287539434,1.482382875394336,-1.482382875394336,inf,2.797967833303403,-0.00499999999999895,0.09500000000000172,True,True,-inf,78.01035070869774,inf,True,0
591,2008-05-09,72.2,73.70301386940248,1.50301386940248,-1.50301386940248,inf,2.6301245734077128,1.0512424264419451e-15,0.10000000000000173,True,True,-inf,76.3331384428102,inf,True,0
592,2008-05-12,73.0,72.16889113795865,-0.8311088620413472,0.8311088620413472,5.2353533948385795,2.500451078289032,0.005000000000001052,0.10500000000000173,True,True,66.93353774312007,74.66934221624768,7.735804473127615,True,0
593,2008-05-13,74.57,72.93928702626755,-1.630712973732443,1.630712973732443,4.831146649804751,2.3696152543350593,0.010000000000001053,0.11000000000000174,True,True,68.1081403764628,75.30890228060261,7.20076190413981,True,0
594,2008-05-14,74.92,74.50376097136449,-0.4162390286355162,0.4162390286355162,4.400581239885014,2.2323908384153412,0.015000000000001054,0.11500000000000174,True,True,70.10317973147947,76.73615180977983,6.632972078300355,True,0
595,2008-05-15,73.89,74.87070131052258,0.9807013105225764,-0.9807013105225764,3.5895050947563902,2.150082447507401,0.020000000000001055,0.12000000000000174,True,True,71.28119621576619,77.02078375802998,5.739587542263791,True,0
596,2008-05-16,76.42,73.85646445131566,-2.5635355486843423,2.5635355486843423,3.37239714451394,2.117053409669012,0.025000000000001056,0.12500000000000175,True,False,70.48406730680172,75.97351786098467,5.489450554182952,False,1
597,2008-05-19,79.01,76.33498975357264,-2.6750102464273624,2.6750102464273624,3.2377737824927095,42.95,0.030000000000001057,0.030000000000001747,True,True,73.09721597107993,119.28498975357265,46.18777378249271,True,0
598,2008-05-20,82.17,78.93177849564404,-3.2382215043559626,3.2382215043559626,2.954996977618464,42.66,0.03500000000000106,0.03500000000000175,True,True,75.97678151802558,121.59177849564404,45.61499697761846,True,0
599,2008-05-21,80.37,82.1021892124647,1.7321892124646894,-1.7321892124646894,2.8008241613142104,37.34,0.04000000000000106,0.040000000000001756,True,True,79.30136505115048,119.4421892124647,40.140824161314214,True,0
600,2008-05-22,78.68,80.34346051181515,1.6634605118151455,-1.6634605118151455,2.666226580228596,37.04,0.04500000000000107,0.04500000000000176,True,True,77.67723393158656,117.38346051181514,39.70622658022859,True,0
601,2008-05-23,78.55,78.64549597526896,0.09549597526896036,-0.09549597526896036,2.5204442707041608,13.725655545674073,0.05000000000000107,0.050000000000001765,True,True,76.1250517045648,92.37115152094303,16.246099816378234,True,0
602,2008-05-27,78.26,78.50142968933481,0.24142968933480802,-0.24142968933480802,2.4081595812087215,6.600213493306498,0.055000000000001076,0.05500000000000177,True,True,76.09327010812609,85.10164318264131,9.00837307451522,True,0
603,2008-05-28,80.73,78.21292743093088,-2.5170725690691285,2.5170725690691285,2.1045720505220658,4.903928498957427,0.06000000000000108,0.060000000000001774,True,True,76.10835538040881,83.1168559298883,7.008500549479493,True,0
604,2008-05-29,80.61,80.65682136484425,0.04682136484424859,-0.04682136484424859,2.0312637921441024,4.36932249805448,0.06500000000000108,0.06500000000000178,True,True,78.62555757270015,85.02614386289872,6.400586290198575,True,0
605,2008-05-30,80.58,80.5612552643877,-0.01874473561230161,0.01874473561230161,1.9198089854870375,4.1026929623579775,0.07000000000000109,0.07000000000000178,True,True,78.64144627890066,84.66394822674567,6.022501947845015,True,0
606,2008-06-02,81.15,80.53057173623041,-0.619428263769592,0.619428263769592,1.8596070674441876,3.663333917885282,0.0750000000000011,0.07500000000000179,True,True,78.67096466878623,84.1939056541157,5.52294098532947,True,0
607,2008-06-03,80.71,81.09505370034705,0.38505370034705777,-0.38505370034705777,1.833046069515703,3.493139486756405,0.0800000000000011,0.08000000000000179,True,True,79.26200763083135,84.58819318710346,5.326185556272108,True,0
608,2008-06-04,80.11,80.66449503558955,0.5544950355895537,-0.5544950355895537,1.7260149005535368,3.184176948718175,0.0850000000000011,0.0850000000000018,True,True,78.93848013503602,83.84867198430773,4.910191849271712,True,0
609,2008-06-05,82.11,80.06600166859842,-2.043998331401582,2.043998331401582,1.6480886348565775,2.971707345633533,0.0900000000000011,0.0900000000000018,True,True,78.41791303374184,83.03770901423195,4.61979598049011,True,0
610,2008-06-06,83.24,82.04115808296797,-1.198841917032027,1.198841917032027,1.6014452893665094,2.7630706329127435,0.09500000000000111,0.0950000000000018,True,True,80.43971279360146,84.80422871588071,4.364515922279253,True,0
611,2008-06-09,81.19,83.17923055743846,1.9892305574384608,-1.9892305574384608,1.5546278746113131,2.6301245734077128,0.10000000000000112,0.10000000000000181,False,True,81.62460268282715,85.80935513084617,4.184752448019026,False,1
612,2008-06-10,78.2,81.15815698503,2.9581569850300014,-2.9581569850300014,5.011847665536521,2.5170725690691285,0.005000000000001115,0.10500000000000181,True,True,76.14630931949348,83.67522955409913,7.52892023460565,True,0
613,2008-06-11,79.35,78.17875596722152,-1.1712440327784748,1.1712440327784748,4.692270027240724,2.4672644069102887,0.010000000000001116,0.11000000000000182,True,True,73.4864859399808,80.64602037413181,7.159534434151013,True,0
614,2008-06-12,78.02,79.30155439400627,1.2815543940062781,-1.2815543940062781,4.302029447972899,2.366746946082131,0.015000000000001117,0.11500000000000182,True,True,74.99952494603338,81.6683013400884,6.66877639405503,True,0
615,2008-06-13,76.7,77.98027791618571,1.2802779161857103,-1.2802779161857103,3.482989583913721,2.1939127274634416,0.020000000000001118,0.12000000000000183,True,True,74.49728833227199,80.17419064364915,5.676902311377162,True,0
616,2008-06-16,78.42,76.66662453524029,-1.7533754647597135,1.7533754647597135,3.3245834561466268,2.1417455594406363,0.02500000000000112,0.12500000000000183,True,True,73.34204107909366,78.80837009468092,5.466329015587263,True,0
617,2008-06-17,83.15,78.35913596268378,-4.790864037316226,4.790864037316226,3.212467117304371,2.043998331401582,0.03000000000000112,0.13000000000000184,True,False,75.14666884537941,80.40313429408536,5.256465448705953,False,1
618,2008-06-18,82.0,83.05498505419092,1.0549850541909223,-1.0549850541909223,2.954996977618464,42.19,0.03500000000000112,0.035000000000001835,True,True,80.09998807657246,125.24498505419092,45.14499697761846,True,0
619,2008-06-19,82.21,81.92757354213,-0.2824264578699882,0.2824264578699882,2.8008241613142104,37.25,0.04000000000000112,0.04000000000000184,True,True,79.1267493808158,119.17757354213,40.05082416131421,True,0
620,2008-06-20,83.1,82.16562208599444,-0.9343779140055517,0.9343779140055517,2.666226580228596,36.98,0.04500000000000112,0.045000000000001844,True,True,79.49939550576585,119.14562208599443,39.646226580228586,True,0
621,2008-06-23,81.3,83.0414149636088,1.741414963608804,-1.741414963608804,2.5204442707041608,10.395946211211111,0.05000000000000113,0.05000000000000185,True,True,80.52097069290464,93.43736117481991,12.916390481915272,True,0
622,2008-06-24,79.55,81.26031526725187,1.7103152672518718,-1.7103152672518718,2.4081595812087215,6.123168581259378,0.05500000000000113,0.05500000000000185,True,True,78.85215568604315,87.38348384851125,8.5313281624681,True,0
623,2008-06-25,80.45,79.52640182472028,-0.9235981752797215,0.9235981752797215,2.1045720505220658,4.790864037316226,0.060000000000001136,0.06000000000000186,True,True,77.42182977419822,84.3172658620365,6.895436087838291,True,0
624,2008-06-26,79.1,80.40592105429744,1.3059210542974427,-1.3059210542974427,2.0312637921441024,4.36932249805448,0.06500000000000114,0.06500000000000186,True,True,78.37465726215333,84.77524355235192,6.400586290198589,True,0
625,2008-06-27,75.59,79.05612901834519,3.4661290183451854,-3.4661290183451854,1.9226818008104587,4.1026929623579775,0.07000000000000114,0.07000000000000187,False,True,77.13344721753472,83.15882198070317,6.025374763168443,False,1
626,2008-06-30,74.27,75.57682442226783,1.3068244222678373,-1.3068244222678373,inf,3.663333917885282,-0.024999999999998856,0.07500000000000187,True,True,-inf,79.24015834015312,inf,True,0
627,2008-07-01,72.24,74.25463074815366,2.014630748153664,-2.014630748153664,inf,3.2396490463103618,-0.019999999999998855,0.08000000000000188,True,True,-inf,77.49427979446402,inf,True,0
628,2008-07-02,74.16,72.20996263538223,-1.9500373646177707,1.9500373646177707,inf,2.994318918808233,-0.014999999999998855,0.08500000000000188,True,True,-inf,75.20428155419046,inf,True,0
629,2008-07-03,72.51,74.11319494786152,1.6031949478615104,-1.6031949478615104,inf,2.8906333592631483,-0.009999999999998854,0.09000000000000188,True,True,-inf,77.00382830712466,inf,True,0
630,2008-07-07,72.37,72.46917456736911,0.09917456736910424,-0.09917456736910424,inf,2.7286337238664515,-0.004999999999998853,0.09500000000000189,True,True,-inf,75.19780829123556,inf,True,0
631,2008-07-08,72.38,72.33367649530577,-0.046323504694228745,0.046323504694228745,inf,2.588382389875804,1.1483869410966463e-15,0.10000000000000189,True,True,-inf,74.92205888518157,inf,True,0
632,2008-07-09,74.56,72.33639018446924,-2.2236098155307644,2.2236098155307644,5.011847665536521,2.5102036747773013,0.005000000000001149,0.1050000000000019,True,True,67.32454251893272,74.84659385924654,7.522051340313823,True,0
633,2008-07-10,70.7,74.49737788174698,3.797377881746982,-3.797377881746982,4.692270027240724,2.4316724379476256,0.01000000000000115,0.1100000000000019,True,True,69.80510785450626,76.92905031969461,7.12394246518835,True,0
634,2008-07-11,69.4,70.68759473068536,1.2875947306853561,-1.2875947306853561,4.302029447972899,2.327798354155874,0.015000000000001151,0.1150000000000019,True,True,66.38556528271246,73.01539308484124,6.629827802128773,True,0
635,2008-07-14,69.31,69.39124964001776,0.08124964001775936,-0.08124964001775936,3.5895050947563902,2.151768216728712,0.020000000000001152,0.12000000000000191,True,True,65.80174454526137,71.54301785674647,5.741273311485102,True,0
636,2008-07-15,65.87,69.27838175361603,3.408381753616027,-3.408381753616027,3.4183245618666405,2.139591744455444,0.025000000000001153,0.12500000000000192,True,True,65.86005719174939,71.41797349807148,5.557916306322085,True,0
637,2008-07-16,66.94,65.86396186962358,-1.0760381303764177,1.0760381303764177,3.310003113181196,2.043998331401582,0.030000000000001154,0.13000000000000192,True,True,62.553958756442384,67.90796020102516,5.354001444582778,True,0
638,2008-07-17,71.2,66.90634251252887,-4.293657487471137,4.293657487471137,3.0519731219600885,1.954668556407455,0.035000000000001155,0.13500000000000192,True,False,63.85436939056878,68.86101106893632,5.006641678367544,False,1
639,2008-07-18,69.94,71.11203675251933,1.1720367525193325,-1.1720367525193325,2.9413746145605835,37.08,0.04000000000000116,0.04000000000000192,True,True,68.17066213795874,108.19203675251933,40.021374614560585,True,0
640,2008-07-21,69.52,69.86611345249358,0.34611345249358294,-0.34611345249358294,2.7564680719167285,36.7,0.045000000000001164,0.04500000000000193,True,True,67.10964538057685,106.56611345249358,39.45646807191673,True,0
641,2008-07-22,67.09,69.49833903570814,2.4083390357081385,-2.4083390357081385,2.5562267701548507,8.43241410940513,0.05000000000000117,0.05000000000000193,True,True,66.94211226555329,77.93075314511327,10.98864087955998,True,0
642,2008-07-23,67.46,67.08060951601894,-0.3793904839810551,0.3793904839810551,2.4979006434349174,5.028411261116844,0.05500000000000117,0.055000000000001936,True,True,64.58270887258402,72.10902077713578,7.526311904551761,True,0
643,2008-07-24,76.3,67.44459236926193,-8.855407630738071,8.855407630738071,2.4081595812087215,4.699433799677728,0.06000000000000118,0.06000000000000194,True,False,65.0364327880532,72.14402616893966,7.107593380886456,False,1
644,2008-07-25,79.63,76.16238850806262,-3.467611491937376,3.467611491937376,2.1045720505220658,inf,0.06500000000000118,-0.03499999999999806,True,True,74.05781645754055,inf,inf,True,0
645,2008-07-28,77.09,79.40134713881804,2.3113471388180358,-2.3113471388180358,2.014630748153664,inf,0.07000000000000119,-0.02999999999999806,False,True,77.38671639066438,inf,inf,False,1
646,2008-07-29,76.49,76.95311738601688,0.46311738601689,-0.46311738601689,inf,inf,-0.024999999999998815,-0.02499999999999806,True,True,-inf,inf,inf,True,0
647,2008-07-30,78.36,76.50379953584739,-1.8562004641526073,1.8562004641526073,inf,inf,-0.019999999999998814,-0.019999999999998058,True,True,-inf,inf,inf,True,0
648,2008-07-31,76.75,78.32432733632528,1.5743273363252825,-1.5743273363252825,inf,inf,-0.014999999999998813,-0.014999999999998057,True,True,-inf,inf,inf,True,0
649,2008-08-01,76.36,76.64919502408722,0.28919502408722053,-0.28919502408722053,inf,inf,-0.009999999999998812,-0.009999999999998056,True,True,-inf,inf,inf,True,0
650,2008-08-04,75.99,76.35348457209354,0.36348457209354024,-0.36348457209354024,inf,inf,-0.004999999999998811,-0.004999999999998055,True,True,-inf,inf,inf,True,0
651,2008-08-05,76.92,75.95060288289841,-0.9693971171015932,0.9693971171015932,inf,inf,1.1900203045200897e-15,1.9463597400459776e-15,True,True,-inf,inf,inf,True,0
652,2008-08-06,78.55,76.87830301676416,-1.671696983235833,1.671696983235833,5.011847665536521,46.16,0.005000000000001191,0.005000000000001947,True,True,71.86645535122764,123.03830301676416,51.17184766553652,True,0
653,2008-08-07,77.01,78.46996212590662,1.459962125906614,-1.459962125906614,4.692270027240724,44.65,0.010000000000001192,0.010000000000001948,True,True,73.7776920986659,123.11996212590662,49.34227002724073,True,0
654,2008-08-08,76.78,76.91475606183731,0.13475606183730804,-0.13475606183730804,4.302029447972899,43.76,0.015000000000001193,0.01500000000000195,True,True,72.61272661386441,120.67475606183731,48.062029447972904,True,0
655,2008-08-11,80.18,76.77250330098506,-3.407496699014942,3.407496699014942,3.482989583913721,43.23,0.020000000000001194,0.02000000000000195,True,True,73.28951371707134,120.00250330098507,46.712989583913725,True,0
656,2008-08-12,87.32,80.12864660927755,-7.1913533907224405,7.1913533907224405,3.408381753616027,42.95,0.025000000000001195,0.02500000000000195,True,True,76.72026485566153,123.07864660927756,46.35838175361603,True,0
657,2008-08-13,86.28,87.18957029134602,0.9095702913460144,-0.9095702913460144,3.310003113181196,42.84,0.030000000000001196,0.030000000000001952,True,True,83.87956717816482,130.02957029134603,46.150003113181214,True,0
658,2008-08-14,85.71,85.98638645624683,0.2763864562468399,-0.2763864562468399,3.0519731219600885,37.61,0.0350000000000012,0.03500000000000195,True,True,82.93441333428675,123.59638645624683,40.66197312196009,True,0
659,2008-08-15,88.28,85.68483007899698,-2.59516992100302,2.59516992100302,2.869160443671902,37.04,0.0400000000000012,0.04000000000000195,True,True,82.81566963532508,122.72483007899697,39.909160443671894,True,0
660,2008-08-18,86.09,88.25401230046828,2.164012300468272,-2.164012300468272,2.74049783077308,36.7,0.045000000000001206,0.045000000000001955,True,True,85.5135144696952,124.95401230046828,39.44049783077308,True,0
661,2008-08-19,83.09,85.94620845814595,2.856208458145943,-2.856208458145943,2.537191332909643,8.43241410940513,0.05000000000000121,0.05000000000000196,False,True,83.4090171252363,94.37862256755108,10.969605442314773,False,1
662,2008-08-20,82.0,83.09402037060109,1.0940203706010863,-1.0940203706010863,inf,6.123168581259378,-0.04499999999999879,0.055000000000001964,True,True,-inf,89.21718895186046,inf,True,0
663,2008-08-21,81.41,82.03700676662139,0.6270067666213919,-0.6270067666213919,inf,4.790864037316226,-0.039999999999998787,0.06000000000000197,True,True,-inf,86.82787080393761,inf,True,0
664,2008-08-22,84.27,81.38697296470332,-2.883027035296678,2.883027035296678,inf,4.293657487471137,-0.03499999999999878,0.06500000000000197,True,True,-inf,85.68063045217446,inf,True,0
665,2008-08-25,84.63,84.24773153033931,-0.38226846966068706,0.38226846966068706,inf,4.1026929623579775,-0.02999999999999878,0.07000000000000198,True,True,-inf,88.35042449269729,inf,True,0
666,2008-08-26,82.74,84.47501661793261,1.7350166179326152,-1.7350166179326152,inf,3.663333917885282,-0.02499999999999878,0.07500000000000198,True,True,-inf,88.13835053581789,inf,True,0
667,2008-08-27,81.44,82.66241143748873,1.2224114374887307,-1.2224114374887307,inf,3.467611491937376,-0.01999999999999878,0.08000000000000199,True,True,-inf,86.1300229294261,inf,True,0
668,2008-08-28,82.21,81.4430754258743,-0.7669245741256958,0.7669245741256958,inf,3.2382215043559626,-0.014999999999998778,0.08500000000000199,True,True,-inf,84.68129693023026,inf,True,0
669,2008-08-29,82.9,82.20529688535227,-0.6947031146477372,0.6947031146477372,inf,2.971707345633533,-0.009999999999998777,0.090000000000002,True,True,-inf,85.1770042309858,inf,True,0
670,2008-09-02,83.16,82.8192933778901,-0.34070662210989155,0.34070662210989155,inf,2.797967833303403,-0.004999999999998776,0.095000000000002,True,True,-inf,85.61726121119351,inf,True,0
671,2008-09-03,81.4,83.08010553727556,1.6801055372755513,-1.6801055372755513,inf,2.6581848352641657,1.2247147740396258e-15,0.100000000000002,True,True,-inf,85.73829037253972,inf,True,0
672,2008-09-04,80.6,81.3262018431192,0.726201843119199,-0.726201843119199,5.011847665536521,2.588382389875804,0.005000000000001226,0.10500000000000201,True,True,76.31435417758267,83.914584232995,7.600230055412325,True,0
673,2008-09-05,77.34,80.60397308917032,3.263973089170321,-3.263973089170321,4.692270027240724,2.5102036747773013,0.010000000000001227,0.11000000000000201,True,True,75.9117030619296,83.11417676394763,7.202473702018025,True,0
674,2008-09-08,82.25,77.29355517960437,-4.956444820395632,4.956444820395632,3.8874014459674697,2.3696152543350593,0.015000000000001228,0.11500000000000202,True,False,73.4061537336369,79.66317043393943,6.257016700302529,False,1
675,2008-09-09,80.76,82.32458626981307,1.5645862698130628,-1.5645862698130628,3.482989583913721,43.23,0.02000000000000123,0.020000000000002016,True,True,78.84159668589935,125.55458626981306,46.71298958391371,True,0
676,2008-09-10,80.01,80.53417980450241,0.5241798045024098,-0.5241798045024098,3.408381753616027,42.95,0.02500000000000123,0.025000000000002017,True,True,77.12579805088639,123.48417980450242,46.35838175361603,True,0
677,2008-09-11,75.27,80.00759877137133,4.737598771371339,-4.737598771371339,3.263973089170321,42.66,0.03000000000000123,0.030000000000002018,False,True,76.74362568220101,122.66759877137133,45.92397308917032,False,1
678,2008-09-12,78.81,75.23981961198872,-3.5701803880112806,3.5701803880112806,inf,37.34,-0.06499999999999877,0.035000000000002016,True,True,-inf,112.57981961198873,inf,True,0
679,2008-09-15,76.86,78.90327121592145,2.0432712159214503,-2.0432712159214503,inf,36.98,-0.05999999999999876,0.04000000000000202,True,True,-inf,115.88327121592144,inf,True,0
680,2008-09-16,76.8,76.71247017630027,-0.08752982369972528,0.08752982369972528,inf,13.725655545674073,-0.05499999999999876,0.045000000000002024,True,True,-inf,90.43812572197434,inf,True,0
681,2008-09-17,77.68,76.80834726127746,-0.8716527387225455,0.8716527387225455,inf,7.1913533907224405,-0.049999999999998754,0.05000000000000203,True,True,-inf,83.9997006519999,inf,True,0
682,2008-09-18,73.08,77.62344954510658,4.543449545106583,-4.543449545106583,inf,5.028411261116844,-0.04499999999999875,0.05500000000000203,True,True,-inf,82.65186080622343,inf,True,0
683,2008-09-19,80.12,73.0441419008983,-7.075858099101708,7.075858099101708,inf,4.790864037316226,-0.039999999999998745,0.06000000000000204,True,False,-inf,77.83500593821452,inf,False,1
684,2008-09-22,81.13,80.07059276589094,-1.0594072341090595,1.0594072341090595,inf,inf,-0.03499999999999874,-0.03499999999999796,True,True,-inf,inf,inf,True,0
685,2008-09-23,75.79,80.8262407870928,5.036240787092794,-5.036240787092794,inf,inf,-0.02999999999999874,-0.029999999999997962,True,True,-inf,inf,inf,True,0
686,2008-09-24,72.3,75.79380460148977,3.493804601489771,-3.493804601489771,inf,inf,-0.02499999999999874,-0.02499999999999796,True,True,-inf,inf,inf,True,0
687,2008-09-25,70.66,72.50665177695437,1.8466517769543742,-1.8466517769543742,inf,inf,-0.019999999999998738,-0.01999999999999796,True,True,-inf,inf,inf,True,0
688,2008-09-26,69.52,70.76533468109129,1.2453346810912933,-1.2453346810912933,inf,inf,-0.014999999999998737,-0.01499999999999796,True,True,-inf,inf,inf,True,0
689,2008-09-29,68.41,69.55123847500042,1.1412384750004207,-1.1412384750004207,inf,inf,-0.009999999999998736,-0.009999999999997958,True,True,-inf,inf,inf,True,0
690,2008-09-30,65.84,68.42385937555899,2.583859375558987,-2.583859375558987,inf,inf,-0.004999999999998735,-0.0049999999999979575,True,True,-inf,inf,inf,True,0
691,2008-10-01,71.78,65.86574364616597,-5.914256353834034,5.914256353834034,inf,inf,1.2663481374630692e-15,2.0435042547006788e-15,True,True,-inf,inf,inf,True,0
692,2008-10-02,67.63,71.75824826830042,4.128248268300425,-4.128248268300425,5.036240787092794,46.16,0.005000000000001267,0.0050000000000020445,True,True,66.72200748120763,117.91824826830042,51.19624078709279,True,0
693,2008-10-03,69.42,67.48398058362214,-1.9360194163778601,1.9360194163778601,4.831146649804751,44.65,0.010000000000001268,0.010000000000002045,True,True,62.65283393381739,112.13398058362213,49.48114664980474,True,0
694,2008-10-06,64.06,69.45961635259869,5.399616352598684,-5.399616352598684,4.483608339694882,43.55,0.01500000000000127,0.015000000000002046,False,True,64.9760080129038,113.00961635259868,48.03360833969488,False,1
695,2008-10-07,65.79,64.14464591524236,-1.645354084757642,1.645354084757642,inf,43.23,-0.07999999999999874,0.020000000000002047,True,True,-inf,107.37464591524235,inf,True,0
696,2008-10-08,55.64,65.81138112416589,10.17138112416589,-10.17138112416589,inf,42.95,-0.07499999999999873,0.02500000000000205,True,True,-inf,108.7613811241659,inf,True,0
697,2008-10-09,61.97,56.005294798493615,-5.9647052015063835,5.9647052015063835,inf,42.66,-0.06999999999999873,0.03000000000000205,True,True,-inf,98.66529479849362,inf,True,0
698,2008-10-10,52.99,61.43568063969374,8.445680639693741,-8.445680639693741,inf,37.25,-0.06499999999999873,0.03500000000000205,True,True,-inf,98.68568063969374,inf,True,0
699,2008-10-13,58.96,54.01505366640745,-4.944946333592554,4.944946333592554,inf,36.98,-0.05999999999999872,0.04000000000000205,True,True,-inf,90.99505366640744,inf,True,0
700,2008-10-14,63.5,57.714177468528455,-5.7858225314715455,5.7858225314715455,inf,10.395946211211111,-0.05499999999999872,0.04500000000000205,True,True,-inf,68.11012367973956,inf,True,0
701,2008-10-15,54.46,63.26797472763895,8.80797472763895,-8.80797472763895,inf,7.075858099101708,-0.04999999999999871,0.05000000000000206,True,True,-inf,70.34383282674065,inf,True,0
702,2008-10-16,46.4,55.492261705948444,9.092261705948445,-9.092261705948445,inf,5.9647052015063835,-0.04499999999999871,0.05500000000000206,True,True,-inf,61.45696690745483,inf,True,0
703,2008-10-17,48.83,47.025796884188736,-1.8042031158112621,1.8042031158112621,inf,4.956444820395632,-0.0399999999999987,0.060000000000002066,True,True,-inf,51.98224170458437,inf,True,0
704,2008-10-20,52.17,48.72596738691979,-3.4440326130802106,3.4440326130802106,inf,4.790864037316226,-0.0349999999999987,0.06500000000000207,True,True,-inf,53.51683142423602,inf,True,0
705,2008-10-21,51.86,51.82111216888805,-0.03888783111194982,0.03888783111194982,inf,4.293657487471137,-0.029999999999998698,0.07000000000000207,True,True,-inf,56.11476965635919,inf,True,0
706,2008-10-22,50.05,51.79578711656471,1.7457871165647134,-1.7457871165647134,inf,4.1026929623579775,-0.024999999999998697,0.07500000000000208,True,True,-inf,55.89848007892269,inf,True,0
707,2008-10-23,43.37,50.21280918373866,6.842809183738666,-6.842809183738666,inf,3.633319734752817,-0.019999999999998696,0.08000000000000208,True,True,-inf,53.84612891849148,inf,True,0
708,2008-10-24,44.75,43.910302699026495,-0.8396973009735049,0.8396973009735049,inf,3.467611491937376,-0.014999999999998695,0.08500000000000209,True,True,-inf,47.37791419096387,inf,True,0
709,2008-10-27,49.0,44.85074899219987,-4.149251007800132,4.149251007800132,inf,3.2396490463103618,-0.009999999999998694,0.09000000000000209,True,False,-inf,48.09039803851023,inf,False,1
710,2008-10-28,51.5,48.612035322278096,-2.8879646777219037,2.8879646777219037,inf,inf,-0.004999999999998693,-0.004999999999997909,True,True,-inf,inf,inf,True,0
711,2008-10-29,55.53,51.11166434419931,-4.418335655800689,4.418335655800689,inf,inf,1.3079815008865125e-15,2.0920765120280294e-15,True,True,-inf,inf,inf,True,0
712,2008-10-30,58.76,55.16283301557349,-3.597166984426508,3.597166984426508,8.445680639693741,46.16,0.005000000000001309,0.005000000000002093,True,True,46.71715237587975,101.32283301557348,54.60568063969373,True,0
713,2008-10-31,56.01,58.42424160487999,2.41424160487999,-2.41424160487999,5.399616352598684,44.41,0.01000000000000131,0.010000000000002094,True,True,53.024625252281304,102.83424160487999,49.80961635259869,True,0
714,2008-11-03,56.35,56.057416380667945,-0.29258361933205634,0.29258361933205634,5.011847665536521,43.55,0.015000000000001311,0.015000000000002095,True,True,51.045568715131424,99.60741638066794,48.56184766553652,True,0
715,2008-11-04,57.16,56.41429375281071,-0.7457062471892897,0.7457062471892897,4.692270027240724,43.18,0.020000000000001312,0.020000000000002096,True,True,51.72202372556998,99.5942937528107,47.87227002724072,True,0
716,2008-11-05,57.47,57.08810770572116,-0.38189229427884186,0.38189229427884186,4.400581239885014,42.95,0.025000000000001313,0.025000000000002097,True,True,52.68752646583614,100.03810770572116,47.35058123988502,True,0
717,2008-11-06,49.8,57.41132015307684,7.611320153076839,-7.611320153076839,3.797377881746982,42.19,0.030000000000001314,0.030000000000002098,False,True,53.613942271329854,99.60132015307684,45.98737788174699,False,1
718,2008-11-07,47.76,50.24073317813129,2.4807331781312953,-2.4807331781312953,inf,37.08,-0.06499999999999868,0.0350000000000021,True,True,-inf,87.32073317813129,inf,True,0
719,2008-11-10,49.98,48.14314130062916,-1.8368586993708362,1.8368586993708362,inf,36.7,-0.05999999999999868,0.0400000000000021,True,True,-inf,84.84314130062916,inf,True,0
720,2008-11-11,47.1,49.9614638550281,2.8614638550280986,-2.8614638550280986,inf,8.855407630738071,-0.054999999999998675,0.04500000000000211,True,True,-inf,58.81687148576617,inf,True,0
721,2008-11-12,43.99,47.195737250330026,3.2057372503300243,-3.2057372503300243,inf,6.600213493306498,-0.04999999999999867,0.05000000000000211,True,True,-inf,53.795950743636524,inf,True,0
722,2008-11-13,41.4,44.29879123221425,2.8987912322142506,-2.8987912322142506,inf,5.914256353834034,-0.044999999999998666,0.05500000000000212,True,True,-inf,50.21304758604828,inf,True,0
723,2008-11-14,43.61,41.66690196423057,-1.943098035769431,1.943098035769431,inf,4.944946333592554,-0.03999999999999866,0.06000000000000212,True,True,-inf,46.61184829782312,inf,True,0
724,2008-11-17,39.91,43.641454940495784,3.7314549404957873,-3.7314549404957873,inf,4.699433799677728,-0.03499999999999866,0.06500000000000213,True,True,-inf,48.34088874017351,inf,True,0
725,2008-11-18,39.73,40.06848573619255,0.3384857361925526,-0.3384857361925526,inf,4.293657487471137,-0.029999999999998656,0.07000000000000213,True,True,-inf,44.362143223663686,inf,True,0
726,2008-11-19,37.97,39.911285322957184,1.9412853229571851,-1.9412853229571851,inf,4.1026929623579775,-0.024999999999998655,0.07500000000000213,True,True,-inf,44.01397828531516,inf,True,0
727,2008-11-20,35.29,38.109046817317804,2.8190468173178047,-2.8190468173178047,inf,3.633319734752817,-0.019999999999998654,0.08000000000000214,True,True,-inf,41.74236655207062,inf,True,0
728,2008-11-21,36.39,35.51295470652403,-0.8770452934759732,0.8770452934759732,inf,3.5203079912296857,-0.014999999999998653,0.08500000000000214,True,True,-inf,39.03326269775371,inf,True,0
729,2008-11-24,38.79,36.45938927978767,-2.330610720212327,2.330610720212327,inf,3.407496699014942,-0.009999999999998652,0.09000000000000215,True,True,-inf,39.866885978802614,inf,True,0
730,2008-11-25,42.09,38.655763367287115,-3.4342366327128886,3.4342366327128886,inf,2.994318918808233,-0.004999999999998651,0.09500000000000215,True,False,-inf,41.65008228609535,inf,False,1
731,2008-11-26,40.87,41.879435259920825,1.0094352599208278,-1.0094352599208278,inf,inf,1.349614864309956e-15,2.1510571102112408e-15,True,True,-inf,inf,inf,True,0
732,2008-11-28,44.03,40.837469167565374,-3.1925308324346275,3.1925308324346275,8.445680639693741,46.16,0.005000000000001351,0.005000000000002152,True,True,32.39178852787163,86.99746916756537,54.60568063969374,True,0
733,2008-12-01,42.0,43.9394418041256,1.9394418041256003,-1.9394418041256003,5.545091823505189,44.41,0.010000000000001352,0.010000000000002153,True,True,38.39434998062041,88.3494418041256,49.95509182350519,True,0
734,2008-12-02,41.39,42.0499750730929,0.6599750730929017,-0.6599750730929017,5.036240787092794,43.55,0.015000000000001353,0.015000000000002154,True,True,37.01373428600011,85.5999750730929,48.5862407870928,True,0
735,2008-12-03,40.16,41.51514713054351,1.3551471305435143,-1.3551471305435143,4.737598771371339,43.18,0.020000000000001354,0.020000000000002155,True,True,36.77754835917217,84.69514713054352,47.917598771371345,True,0
736,2008-12-04,45.94,40.275983768830045,-5.664016231169953,5.664016231169953,4.400581239885014,42.92,0.025000000000001354,0.025000000000002156,True,True,35.87540252894503,83.19598376883005,47.320581239885016,True,0
737,2008-12-05,45.89,45.663126888453306,-0.22687311154669487,0.22687311154669487,3.797377881746982,37.61,0.030000000000001355,0.030000000000002157,True,True,41.865749006706324,83.2731268884533,41.40737788174698,True,0
738,2008-12-08,49.15,45.73101034597652,-3.418989654023477,3.418989654023477,3.493804601489771,37.08,0.035000000000001356,0.035000000000002154,True,True,42.23720574448675,82.81101034597651,40.57380460148976,True,0
739,2008-12-09,49.81,48.98377578506882,-0.8262242149311803,0.8262242149311803,3.408381753616027,36.7,0.040000000000001354,0.04000000000000216,True,True,45.575394031452795,85.68377578506883,40.10838175361604,True,0
740,2008-12-10,51.46,49.72442189984706,-1.7355781001529422,1.7355781001529422,3.263973089170321,8.43241410940513,0.04500000000000136,0.04500000000000216,True,True,46.46044881067674,58.15683600925219,11.69638719857545,True,0
741,2008-12-11,49.33,51.3695937505731,2.039593750573104,-2.039593750573104,3.0519731219600885,6.123168581259378,0.05000000000000136,0.05000000000000217,True,True,48.317620628613014,57.49276233183248,9.175141703219467,True,0
742,2008-12-12,47.52,49.431490787628654,1.9114907876286509,-1.9114907876286509,2.9413746145605835,5.7858225314715455,0.05500000000000137,0.05500000000000217,True,True,46.490116173068074,55.2173133191002,8.727197146032125,True,0
743,2008-12-15,50.65,47.67092477983387,-2.9790752201661306,2.9790752201661306,2.856208458145943,4.944946333592554,0.06000000000000137,0.06000000000000218,True,True,44.814716321687925,52.61587111342642,7.801154791738497,True,0
744,2008-12-16,49.62,50.52417823663216,0.9041782366321627,-0.9041782366321627,2.74049783077308,4.636139467606782,0.06500000000000138,0.06500000000000218,True,True,47.78368040585908,55.16031770423894,7.376637298379862,True,0
745,2008-12-17,52.26,49.62686331602737,-2.63313668397263,2.63313668397263,2.5562267701548507,4.264209125490069,0.07000000000000138,0.07000000000000219,True,True,47.07063654587252,53.89107244151744,6.82043589564492,True,0
746,2008-12-18,53.0,52.12866953746252,-0.8713304625374789,0.8713304625374789,2.4979006434349174,4.1026929623579775,0.07500000000000139,0.07500000000000219,True,True,49.630768894027604,56.2313624998205,6.600593605792895,True,0
747,2008-12-19,51.59,52.913850097434825,1.3238500974348213,-1.3238500974348213,2.4083390357081385,3.633319734752817,0.08000000000000139,0.0800000000000022,True,True,50.505511061726686,56.54716983218764,6.0416587704609555,True,0
748,2008-12-22,51.6,51.663354441769705,0.06335444176970384,-0.06335444176970384,2.164012300468272,3.493139486756405,0.0850000000000014,0.0850000000000022,True,True,49.49934214130143,55.15649392852611,5.657151787224677,True,0
749,2008-12-23,50.12,51.63332239145467,1.5133223914546718,-1.5133223914546718,2.088200863990096,3.418989654023477,0.0900000000000014,0.0900000000000022,True,True,49.54512152746457,55.052312045478146,5.507190518013573,True,0
750,2008-12-24,51.66,50.21563831278628,-1.4443616872137142,1.4443616872137142,2.014630748153664,3.1925308324346275,0.0950000000000014,0.09500000000000221,True,True,48.20100756463262,53.40816914522091,5.207161580588291,True,0
751,2008-12-26,53.79,51.60435667035546,-2.1856433296445417,2.1856433296445417,1.9394418041256003,2.973127869662406,0.10000000000000141,0.10000000000000221,True,True,49.66491486622986,54.57748454001786,4.912569673788006,True,0
752,2008-12-29,51.43,53.636621096407566,2.2066210964075665,-2.2066210964075665,1.9114907876286509,2.8879646777219037,0.10500000000000141,0.10500000000000222,False,True,51.725130308778915,56.52458577412947,4.799455465350555,False,1
753,2008-12-30,49.51,51.53001928377803,2.0200192837780335,-2.0200192837780335,5.545091823505189,2.7286337238664515,0.01000000000000141,0.11000000000000222,True,True,45.98492746027284,54.25865300764448,8.27372554737164,True,0
754,2008-12-31,50.74,49.681452487313386,-1.0585475126866157,1.0585475126866157,5.011847665536521,2.6301245734077128,0.015000000000001412,0.11500000000000223,True,True,44.669604821776865,52.3115770607211,7.641972238944234,True,0
755,2009-01-02,51.35,50.72502296017885,-0.6249770398211538,0.6249770398211538,4.692270027240724,2.5170725690691285,0.020000000000001412,0.12000000000000223,True,True,46.03275293293812,53.242095529247976,7.2093425963098525,True,0
756,2009-01-05,55.73,51.29335662217816,-4.436643377821838,4.436643377821838,4.400581239885014,2.4316724379476256,0.025000000000001413,0.12500000000000222,True,False,46.892775382293145,53.725029060125784,6.8322536778326395,False,1
757,2009-01-06,54.55,55.45430143282736,0.90430143282736,-0.90430143282736,3.797377881746982,37.61,0.030000000000001414,0.03000000000000222,True,True,51.656923551080375,93.06430143282736,41.40737788174699,True,0
758,2009-01-07,56.29,54.51546123848147,-1.774538761518528,1.774538761518528,3.482989583913721,37.04,0.03500000000000142,0.035000000000002224,True,True,51.03247165456775,91.55546123848147,40.52298958391372,True,0
759,2009-01-08,54.99,56.200754735035474,1.2107547350354722,-1.2107547350354722,3.37239714451394,13.725655545674073,0.04000000000000142,0.04000000000000223,True,True,52.828357590521534,69.92641028070955,17.098052690188013,True,0
760,2009-01-09,56.92,55.02837320072927,-1.8916267992707319,1.8916267992707319,3.2377737824927095,7.1913533907224405,0.04500000000000143,0.04500000000000223,True,True,51.79059941823656,62.21972659145171,10.42912717321515,True,0
761,2009-01-12,54.12,56.814060746798056,2.6940607467980584,-2.6940607467980584,2.9581569850300014,5.9647052015063835,0.05000000000000143,0.05000000000000224,True,True,53.855903761768054,62.77876594830444,8.922862186536385,True,0
762,2009-01-13,50.96,54.25556220789584,3.2955622078958413,-3.2955622078958413,2.8987912322142506,5.664016231169953,0.05500000000000144,0.05500000000000224,False,True,51.35677097568159,59.919578439065795,8.562807463384203,False,1
763,2009-01-14,50.1,51.19558558870164,1.0955855887016384,-1.0955855887016384,inf,4.903928498957427,-0.039999999999998564,0.060000000000002246,True,True,-inf,56.09951408765907,inf,True,0
764,2009-01-15,48.56,50.21319166413128,1.6531916641312776,-1.6531916641312776,inf,4.436643377821838,-0.03499999999999856,0.06500000000000225,True,True,-inf,54.64983504195312,inf,True,0
765,2009-01-16,51.8,48.67531677100374,-3.124683228996254,3.124683228996254,inf,4.264209125490069,-0.02999999999999856,0.07000000000000225,True,True,-inf,52.93952589649381,inf,True,0
766,2009-01-20,50.75,51.640413986648035,0.890413986648035,-0.890413986648035,inf,4.078420857326037,-0.024999999999998558,0.07500000000000226,True,True,-inf,55.71883484397407,inf,True,0
767,2009-01-21,49.31,50.771258184630724,1.4612581846307222,-1.4612581846307222,inf,3.597166984426508,-0.019999999999998557,0.08000000000000226,True,True,-inf,54.36842516905723,inf,True,0
768,2009-01-22,49.42,49.42710218866549,0.007102188665491838,-0.007102188665491838,inf,3.467611491937376,-0.014999999999998556,0.08500000000000227,True,True,-inf,52.89471368060287,inf,True,0
769,2009-01-23,48.9,49.45448310889723,0.5544831088972302,-0.5544831088972302,inf,3.407496699014942,-0.009999999999998555,0.09000000000000227,True,True,-inf,52.86197980791217,inf,True,0
770,2009-01-26,50.18,48.94588829745215,-1.2341117025478496,1.2341117025478496,inf,3.184176948718175,-0.004999999999998554,0.09500000000000228,True,True,-inf,52.130065246170325,inf,True,0
771,2009-01-27,49.3,50.126115807333235,0.8261158073332382,-0.8261158073332382,inf,2.973127869662406,1.4467593789646571e-15,0.10000000000000228,True,True,-inf,53.09924367699564,inf,True,0
772,2009-01-28,49.72,49.34599307081663,-0.3740069291833663,0.3740069291833663,8.445680639693741,2.8879646777219037,0.005000000000001448,0.10500000000000229,True,True,40.90031243112289,52.233957748538536,11.333645317415645,True,0
773,2009-01-29,49.96,49.72448091322711,-0.23551908677288935,0.23551908677288935,5.545091823505189,2.7286337238664515,0.010000000000001449,0.11000000000000229,True,True,44.17938908972192,52.45311463709356,8.27372554737164,True,0
774,2009-01-30,57.36,49.9523239069735,-7.407676093026502,7.407676093026502,5.011847665536521,2.6301245734077128,0.01500000000000145,0.1150000000000023,True,False,44.940476241436976,52.58244848038121,7.641972238944234,False,1
775,2009-02-02,58.57,56.87984887542519,-1.690151124574811,1.690151124574811,4.692270027240724,43.05,0.02000000000000145,0.020000000000002294,True,True,52.187578848184465,99.9298488754252,47.74227002724073,True,0
776,2009-02-03,60.87,58.3615321814671,-2.5084678185328997,2.5084678185328997,4.302029447972899,42.84,0.02500000000000145,0.025000000000002295,True,True,54.0595027334942,101.2015321814671,47.1420294479729,True,0
777,2009-02-04,63.38,60.70539243061094,-2.6746075693890603,2.6746075693890603,3.7314549404957873,37.34,0.030000000000001453,0.030000000000002296,True,True,56.973937490115155,98.04539243061095,41.07145494049579,True,0
778,2009-02-05,61.15,63.190199002561336,2.0401990025613372,-2.0401990025613372,3.4661290183451854,36.98,0.035000000000001454,0.03500000000000229,True,True,59.72406998421615,100.17019900256133,40.44612901834518,True,0
779,2009-02-06,63.18,61.210715482430146,-1.9692845175698537,1.9692845175698537,3.3245834561466268,10.395946211211111,0.04000000000000145,0.0400000000000023,True,True,57.88613202628352,71.60666169364126,13.720529667357738,True,0
780,2009-02-09,66.56,63.047305840887404,-3.5126941591125984,3.5126941591125984,3.2377737824927095,7.1913533907224405,0.045000000000001456,0.0450000000000023,True,True,59.809532058394694,70.23865923160984,10.42912717321515,True,0
781,2009-02-10,66.15,66.30491176391764,0.15491176391763872,-0.15491176391763872,2.9581569850300014,5.9647052015063835,0.05000000000000146,0.050000000000002306,True,True,63.34675477888764,72.26961696542404,8.922862186536392,True,0
782,2009-02-11,63.1,66.08417688715174,2.9841768871517402,-2.9841768871517402,2.8987912322142506,5.664016231169953,0.055000000000001464,0.05500000000000231,False,True,63.18538565493749,71.7481931183217,8.562807463384203,False,1
783,2009-02-12,63.25,63.219237061851736,-0.03076293814826414,0.03076293814826414,inf,4.903928498957427,-0.03999999999999854,0.060000000000002315,True,True,-inf,68.12316556080916,inf,True,0
784,2009-02-13,63.97,63.239325824928585,-0.7306741750714139,0.7306741750714139,inf,4.436643377821838,-0.03499999999999853,0.06500000000000232,True,True,-inf,67.67596920275042,inf,True,0
785,2009-02-17,61.67,63.88733873000539,2.2173387300053875,-2.2173387300053875,inf,4.264209125490069,-0.02999999999999853,0.07000000000000232,True,True,-inf,68.15154785549547,inf,True,0
786,2009-02-18,62.27,61.745162936759186,-0.5248370632408168,0.5248370632408168,inf,4.078420857326037,-0.02499999999999853,0.07500000000000233,True,True,-inf,65.82358379408522,inf,True,0
787,2009-02-19,62.84,62.232381282266786,-0.6076187177332173,0.6076187177332173,inf,3.597166984426508,-0.01999999999999853,0.08000000000000233,True,True,-inf,65.8295482666933,inf,True,0
788,2009-02-20,61.07,62.76354271483305,1.6935427148330504,-1.6935427148330504,inf,3.493139486756405,-0.014999999999998528,0.08500000000000234,True,True,-inf,66.25668220158946,inf,True,0
789,2009-02-23,64.16,61.12357509698818,-3.036424903011813,3.036424903011813,inf,3.418989654023477,-0.009999999999998527,0.09000000000000234,True,True,-inf,64.54256475101167,inf,True,0
790,2009-02-24,61.97,63.969442844725755,1.9994428447257562,-1.9994428447257562,inf,3.1925308324346275,-0.0049999999999985265,0.09500000000000235,True,True,-inf,67.16197367716038,inf,True,0
791,2009-02-25,64.9,62.01726799697579,-2.8827320030242163,2.8827320030242163,inf,2.9790752201661306,1.474514954580286e-15,0.10000000000000235,True,True,-inf,64.99634321714191,inf,True,0
792,2009-02-26,64.12,64.70425187156266,0.5842518715626568,-0.5842518715626568,8.445680639693741,2.8879646777219037,0.0050000000000014755,0.10500000000000236,True,True,56.25857123186892,67.59221654928456,11.333645317415638,True,0
793,2009-02-27,61.26,64.09171313936228,2.831713139362286,-2.831713139362286,5.545091823505189,2.7630706329127435,0.010000000000001476,0.11000000000000236,True,True,58.546621315857095,66.85478377227503,8.308162456417932,True,0
794,2009-03-02,63.94,61.39780532147036,-2.54219467852964,2.54219467852964,5.011847665536521,2.6581848352641657,0.015000000000001477,0.11500000000000236,True,True,56.38595765593384,64.05599015673452,7.670032500800687,True,0
795,2009-03-03,62.75,63.772144592378346,1.0221445923783463,-1.0221445923783463,4.692270027240724,2.588382389875804,0.02000000000000148,0.12000000000000237,True,True,59.07987456513762,66.36052698225416,7.280652417116535,True,0
796,2009-03-04,62.8,62.75082454006623,-0.04917545993376393,0.04917545993376393,4.302029447972899,2.5102036747773013,0.02500000000000148,0.12500000000000236,True,True,58.448795092093334,65.26102821484353,6.8122331227502,True,0
797,2009-03-05,64.12,62.77324650990321,-1.3467534900967948,1.3467534900967948,3.7314549404957873,2.4316724379476256,0.03000000000000148,0.13000000000000236,True,True,59.04179156940742,65.20491894785084,6.16312737844342,True,0
798,2009-03-06,65.2,63.995929811525144,-1.2040701884748586,1.2040701884748586,3.4661290183451854,2.327798354155874,0.03500000000000148,0.13500000000000237,True,True,60.52980079317996,66.32372816568102,5.793927372501059,True,0
799,2009-03-09,62.2,65.07032461880812,2.8703246188081124,-2.8703246188081124,3.3245834561466268,2.1856433296445417,0.04000000000000148,0.14000000000000237,True,True,61.74574116266149,67.25596794845265,5.510226785791161,True,0
800,2009-03-10,62.49,62.32820586201441,-0.16179413798559494,0.16179413798559494,3.2377737824927095,2.139591744455444,0.04500000000000148,0.14500000000000238,True,True,59.0904320795217,64.46779760646984,5.377365526948147,True,0
801,2009-03-11,66.24,62.475317031659024,-3.7646829683409706,3.7646829683409706,2.9581569850300014,2.0024921714599913,0.05000000000000149,0.15000000000000238,True,False,59.51716004662902,64.47780920311902,4.96064915649,False,1
802,2009-03-12,68.35,65.94952746182143,-2.400472538178562,2.400472538178562,2.8703246188081124,4.956444820395632,0.05500000000000149,0.05500000000000238,True,True,63.07920284301332,70.90597228221706,7.826769439203744,True,0
803,2009-03-13,69.64,68.10018195097787,-1.5398180490221307,1.5398180490221307,2.831713139362286,4.699433799677728,0.0600000000000015,0.060000000000002385,True,True,65.26846881161558,72.79961575065559,7.531146939040013,True,0
804,2009-03-16,68.56,69.46652697203862,0.9065269720386198,-0.9065269720386198,2.74049783077308,4.36932249805448,0.0650000000000015,0.06500000000000239,True,True,66.72602914126554,73.83584947009311,7.109820328827567,True,0
805,2009-03-17,67.37,68.54042227647803,1.1704222764780212,-1.1704222764780212,2.5739153839685116,4.149251007800132,0.0700000000000015,0.0700000000000024,True,True,65.96650689250951,72.68967328427816,6.723166391768643,True,0
806,2009-03-18,70.97,67.39683321544891,-3.5731667845510913,3.5731667845510913,2.4979006434349174,3.7646829683409706,0.07500000000000151,0.0750000000000024,True,True,64.89893257201399,71.16151618378987,6.262583611775881,True,0
807,2009-03-19,71.4,70.70222463526622,-0.6977753647337863,0.6977753647337863,2.4083390357081385,3.5731667845510913,0.08000000000000151,0.0800000000000024,True,True,68.29388559955808,74.27539141981731,5.98150582025923,True,0
808,2009-03-20,70.39,71.24021933905533,0.8502193390553288,-0.8502193390553288,2.2173387300053875,3.493139486756405,0.08500000000000152,0.08500000000000241,True,True,69.02288060904993,74.73335882581173,5.7104782167618,True,0
809,2009-03-23,71.36,70.37164429526932,-0.9883557047306795,0.9883557047306795,2.1045720505220658,3.418989654023477,0.09000000000000152,0.09000000000000241,True,True,68.26707224474725,73.7906339492928,5.523561704545543,True,0
810,2009-03-24,74.85,71.24715504199256,-3.602844958007438,3.602844958007438,2.0401990025613372,3.1925308324346275,0.09500000000000153,0.09500000000000242,True,False,69.20695603943122,74.43968587442718,5.232729834995965,False,1
811,2009-03-25,73.09,74.53888187521628,1.4488818752162729,-1.4488818752162729,1.9994428447257562,inf,0.10000000000000153,2.4147350785597155e-15,True,True,72.53943903049051,inf,inf,True,0
812,2009-03-26,73.47,73.04907894815801,-0.4209210518419866,0.4209210518419866,1.9394418041256003,45.55,0.10500000000000154,0.005000000000002416,True,True,71.1096371440324,118.59907894815801,47.489441804125605,True,0
813,2009-03-27,71.61,73.39760377287638,1.7876037728763805,-1.7876037728763805,1.8712923139866717,43.79,0.11000000000000154,0.010000000000002417,True,True,71.52631145888971,117.18760377287637,45.661292313986664,True,0
814,2009-03-30,70.4,71.63799015194006,1.2379901519400534,-1.2379901519400534,1.8463429924119907,43.48,0.11500000000000155,0.015000000000002418,True,True,69.79164715952807,115.11799015194006,45.326342992411995,True,0
815,2009-03-31,72.61,70.43233935840128,-2.1776606415987203,2.1776606415987203,1.7641960753553434,42.95,0.12000000000000155,0.02000000000000242,True,True,68.66814328304594,113.38233935840128,44.714196075355346,True,0
816,2009-04-01,73.02,72.4223094252182,-0.5976905747817938,0.5976905747817938,1.7321892124646894,42.66,0.12500000000000155,0.02500000000000242,True,True,70.69012021275351,115.0823094252182,44.392189212464686,True,0
817,2009-04-02,73.63,72.87545341823733,-0.7545465817626678,0.7545465817626678,1.6772756960573503,37.25,0.13000000000000156,0.03000000000000242,True,True,71.19817772217998,110.12545341823733,38.92727569605735,True,0
818,2009-04-03,76.42,73.50518995235863,-2.9148100476413674,2.9148100476413674,1.6407228601369894,36.7,0.13500000000000156,0.03500000000000242,True,True,71.86446709222164,110.20518995235864,38.34072286013699,True,0
819,2009-04-06,77.26,76.15090995439981,-1.1090900456001975,1.1090900456001975,1.600866048462862,8.855407630738071,0.14000000000000157,0.04000000000000242,True,True,74.55004390593695,85.00631758513788,10.456273679200933,True,0
820,2009-04-07,76.97,77.06578670178999,0.09578670178999005,-0.09578670178999005,1.5645862698130628,7.075858099101708,0.14500000000000157,0.04500000000000243,True,True,75.50120043197693,84.1416448008917,8.640444368914771,True,0
821,2009-04-08,75.93,76.87841081472985,0.94841081472984,-0.94841081472984,1.482382875394336,5.7858225314715455,0.15000000000000158,0.05000000000000243,True,True,75.39602793933551,82.6642333462014,7.268205406865889,True,0
822,2009-04-09,77.51,75.90528423454955,-1.6047157654504502,1.6047157654504502,1.4591903755390803,4.944946333592554,0.15500000000000158,0.055000000000002436,True,True,74.44609385901047,80.85023056814211,6.404136709131635,True,0
823,2009-04-13,79.84,77.34090097577717,-2.4990990242228293,2.4990990242228293,1.3749180216169066,4.636139467606782,0.16000000000000159,0.06000000000000244,True,True,75.96598295416027,81.97704044338396,6.011057489223688,True,0
824,2009-04-14,78.0,79.5707546102048,1.5707546102048013,-1.5707546102048013,1.3238500974348213,4.293657487471137,0.1650000000000016,0.06500000000000244,False,True,78.24690451276999,83.86441209767594,5.617507584905951,False,1
825,2009-04-15,75.5,77.96598896846947,2.4659889684694747,-2.4659889684694747,2.5562267701548507,4.1026929623579775,0.07000000000000159,0.07000000000000245,True,True,75.40976219831462,82.06868193082745,6.658919732512828,True,0
826,2009-04-16,75.33,75.58867543661906,0.25867543661905756,-0.25867543661905756,2.4807331781312953,3.663333917885282,0.0750000000000016,0.07500000000000245,True,True,73.10794225848775,79.25200935450434,6.144067096016585,True,0
827,2009-04-17,76.78,75.30111788645878,-1.4788821135412178,1.4788821135412178,2.4081595812087215,3.5701803880112806,0.0800000000000016,0.08000000000000246,True,True,72.89295830525006,78.87129827447006,5.978339969220002,True,0
828,2009-04-20,78.44,76.60762859520887,-1.8323714047911324,1.8323714047911324,2.2066210964075665,3.467611491937376,0.0850000000000016,0.08500000000000246,True,True,74.4010074988013,80.07524008714624,5.674232588344935,True,0
829,2009-04-21,77.33,78.2163990658036,0.8863990658036016,-0.8863990658036016,2.101517316241292,3.407496699014942,0.0900000000000016,0.09000000000000247,True,True,76.1148817495623,81.62389576481854,5.509014015256241,True,0
830,2009-04-22,78.17,77.26552807286063,-0.9044719271393689,0.9044719271393689,2.039593750573104,3.184176948718175,0.09500000000000161,0.09500000000000247,True,True,75.22593432228753,80.44970502157881,5.223770699291279,True,0
831,2009-04-23,81.33,78.04789849360002,-3.2821015063999823,3.2821015063999823,1.9892305574384608,2.973127869662406,0.10000000000000162,0.10000000000000248,True,False,76.05866793616156,81.02102636326242,4.962358427100867,False,1
832,2009-04-24,82.03,81.02114659444156,-1.0088534055584404,1.0088534055584404,1.9226818008104587,45.55,0.10500000000000162,0.005000000000002475,True,True,79.09846479363111,126.57114659444156,47.47268180081045,True,0
833,2009-04-27,83.88,81.81379282654636,-2.066207173453634,2.066207173453634,1.8598585387934037,43.79,0.11000000000000162,0.010000000000002476,True,True,79.95393428775296,125.60379282654637,45.64985853879341,True,0
834,2009-04-28,82.68,83.6462731328202,0.9662731328201914,-0.9662731328201914,1.8407009268302446,43.48,0.11500000000000163,0.015000000000002477,True,True,81.80557220598996,127.12627313282019,45.32070092683023,True,0
835,2009-04-29,82.99,82.60031456939541,-0.3896854306045867,0.3896854306045867,1.741414963608804,42.95,0.12000000000000163,0.020000000000002478,True,True,80.8588996057866,125.55031456939541,44.69141496360881,True,0
836,2009-04-30,80.93,82.8851383845152,1.9551383845151946,-1.9551383845151946,1.7103152672518718,42.66,0.12500000000000164,0.02500000000000248,False,True,81.17482311726333,125.5451383845152,44.37031526725187,False,1
837,2009-05-01,80.38,80.93483769305033,0.5548376930503309,-0.5548376930503309,3.493804601489771,37.08,0.030000000000001636,0.03000000000000248,True,True,77.44103309156056,118.01483769305032,40.57380460148977,True,0
838,2009-05-04,80.26,80.34756558463376,0.08756558463375086,-0.08756558463375086,3.408381753616027,36.7,0.03500000000000164,0.03500000000000248,True,True,76.93918383101773,117.04756558463376,40.10838175361603,True,0
839,2009-05-05,81.01,80.17517668728155,-0.8348233127184557,0.8348233127184557,3.2955622078958413,8.43241410940513,0.040000000000001645,0.04000000000000248,True,True,76.87961447938571,88.60759079668668,11.727976317300971,True,0
840,2009-05-06,82.88,80.86531040864986,-2.014689591350134,2.014689591350134,3.2057372503300243,6.600213493306498,0.04500000000000165,0.04500000000000248,True,True,77.65957315831983,87.46552390195636,9.80595074363653,True,0
841,2009-05-07,82.73,82.64828924704571,-0.08171075295429375,0.08171075295429375,2.9413746145605835,5.664016231169953,0.050000000000001654,0.05000000000000249,True,True,79.70691463248512,88.31230547821566,8.60539084573054,True,0
842,2009-05-08,79.69,82.59203502412879,2.902035024128793,-2.902035024128793,2.8614638550280986,4.903928498957427,0.05500000000000166,0.05500000000000249,False,True,79.7305711691007,87.49596352308622,7.7653923539855185,False,1
843,2009-05-11,76.8,79.76117159755995,2.9611715975599537,-2.9611715975599537,inf,4.436643377821838,-0.03999999999999834,0.060000000000002496,True,True,-inf,84.19781497538179,inf,True,0
844,2009-05-12,78.7,76.92338680579853,-1.7766131942014738,1.7766131942014738,inf,4.264209125490069,-0.03499999999999834,0.0650000000000025,True,True,-inf,81.1875959312886,inf,True,0
845,2009-05-13,76.25,78.55803908208557,2.308039082085571,-2.308039082085571,inf,3.820990240605795,-0.029999999999998337,0.0700000000000025,True,True,-inf,82.37902932269137,inf,True,0
846,2009-05-14,73.79,76.26089315088637,2.4708931508863685,-2.4708931508863685,inf,3.602844958007438,-0.024999999999998336,0.07500000000000251,True,True,-inf,79.86373810889381,inf,True,0
847,2009-05-15,74.54,73.89363153856263,-0.6463684614373761,0.6463684614373761,inf,3.5203079912296857,-0.019999999999998335,0.08000000000000251,True,True,-inf,77.41393952979232,inf,True,0
848,2009-05-18,73.96,74.46837300868394,0.5083730086839466,-0.5083730086839466,inf,3.4440326130802106,-0.014999999999998334,0.08500000000000252,True,True,-inf,77.91240562176415,inf,True,0
849,2009-05-19,75.43,73.89775985898694,-1.5322401410130624,1.5322401410130624,inf,3.2396490463103618,-0.009999999999998333,0.09000000000000252,True,True,-inf,77.1374089052973,inf,True,0
850,2009-05-20,78.5,75.27512077870223,-3.224879221297769,3.224879221297769,inf,3.124683228996254,-0.004999999999998332,0.09500000000000253,True,False,-inf,78.39980400769849,inf,False,1
851,2009-05-21,76.75,78.20028054854859,1.4502805485485908,-1.4502805485485908,inf,inf,1.6688039838896884e-15,2.525757381022231e-15,True,True,-inf,inf,inf,True,0
852,2009-05-22,76.1,76.69216306832979,0.5921630683297963,-0.5921630683297963,7.611320153076839,45.55,0.00500000000000167,0.005000000000002527,True,True,69.08084291525296,122.24216306832979,53.16132015307683,True,0
853,2009-05-26,75.03,76.08665042810664,1.0566504281066358,-1.0566504281066358,5.399616352598684,43.79,0.01000000000000167,0.010000000000002528,True,True,70.68703407550795,119.87665042810664,49.18961635259869,True,0
854,2009-05-27,78.51,75.02006193499365,-3.4899380650063563,3.4899380650063563,4.889122137728307,43.48,0.015000000000001672,0.015000000000002529,True,True,70.13093979726534,118.50006193499365,48.36912213772831,True,0
855,2009-05-28,77.7,78.2395247067973,0.5395247067972946,-0.5395247067972946,4.483608339694882,42.95,0.020000000000001673,0.02000000000000253,True,True,73.75591636710242,121.1895247067973,47.433608339694885,True,0
856,2009-05-29,77.72,77.57717169797263,-0.14282830202736818,0.14282830202736818,3.8874014459674697,42.19,0.025000000000001674,0.02500000000000253,True,True,73.68977025200516,119.76717169797263,46.07740144596747,True,0
857,2009-06-01,78.21,77.64441075939322,-0.5655892406067693,0.5655892406067693,3.493804601489771,37.08,0.030000000000001675,0.03000000000000253,True,True,74.15060615790345,114.72441075939322,40.57380460148977,True,0
858,2009-06-02,82.42,78.08835615994144,-4.331643840058561,4.331643840058561,3.408381753616027,36.7,0.035000000000001676,0.03500000000000253,True,True,74.67997440632541,114.78835615994144,40.10838175361603,True,0
859,2009-06-03,83.31,82.05848665483555,-1.2515133451644544,1.2515133451644544,3.263973089170321,7.407676093026502,0.04000000000000167,0.040000000000002534,True,True,78.79451356566523,89.46616274786206,10.67164918219683,True,0
860,2009-06-04,85.42,83.05584859163407,-2.3641514083659274,2.3641514083659274,3.0519731219600885,6.123168581259378,0.04500000000000168,0.04500000000000254,True,True,80.00387546967399,89.17901717289345,9.175141703219467,True,0
861,2009-06-05,86.29,85.16739764325743,-1.1226023567425756,1.1226023567425756,2.9413746145605835,5.028411261116844,0.05000000000000168,0.05000000000000254,True,True,82.22602302869684,90.19580890437427,7.969785875677431,True,0
862,2009-06-08,86.75,86.08027206993904,-0.669727930060958,0.669727930060958,2.869160443671902,4.790864037316226,0.055000000000001686,0.05500000000000255,True,True,83.21111162626714,90.87113610725527,7.6600244809881275,True,0
863,2009-06-09,86.93,86.58767157443704,-0.34232842556296816,0.34232842556296816,2.8190468173178047,4.418335655800689,0.06000000000000169,0.06000000000000255,True,True,83.76862475711923,91.00600723023773,7.237382473118501,True,0
864,2009-06-10,87.58,86.79109742650269,-0.7889025734973103,0.7889025734973103,2.666226580228596,4.189984970971651,0.0650000000000017,0.06500000000000256,True,True,84.12487084627409,90.98108239747434,6.856211551200246,True,0
865,2009-06-11,86.3,87.41937863761092,1.1193786376109216,-1.1193786376109216,2.537191332909643,3.820990240605795,0.0700000000000017,0.07000000000000256,True,True,84.88218730470128,91.24036887821671,6.358181573515438,True,0
866,2009-06-12,85.03,86.23915178527558,1.20915178527558,-1.20915178527558,2.4708931508863685,3.602844958007438,0.0750000000000017,0.07500000000000256,True,True,83.76825863438921,89.84199674328302,6.0737381088938065,True,0
867,2009-06-15,82.83,85.00950546477156,2.179505464771566,-2.179505464771566,2.4081595812087215,3.5126941591125984,0.08000000000000171,0.08000000000000257,True,True,82.60134588356284,88.52219962388416,5.92085374032132,True,0
868,2009-06-16,83.7,82.86362385349072,-0.8363761465092807,0.8363761465092807,2.2173387300053875,3.4440326130802106,0.08500000000000171,0.08500000000000257,True,True,80.64628512348534,86.30765646657093,5.661371343085591,True,0
869,2009-06-17,82.5,83.58525354654554,1.0852535465455446,-1.0852535465455446,2.1045720505220658,3.2396490463103618,0.09000000000000172,0.09000000000000258,True,True,81.48068149602348,86.8249025928559,5.3442210968324275,True,0
870,2009-06-18,82.81,82.44208396819771,-0.36791603180229515,0.36791603180229515,2.0401990025613372,3.184176948718175,0.09500000000000172,0.09500000000000258,True,True,80.40188496563637,85.62626091691588,5.224375951279512,True,0
871,2009-06-19,82.15,82.70889935370998,0.5588993537099753,-0.5588993537099753,1.9994428447257562,2.973127869662406,0.10000000000000173,0.10000000000000259,True,True,80.70945650898423,85.68202722337239,4.972570714388155,True,0
872,2009-06-22,82.41,82.0751675864919,-0.3348324135080958,0.3348324135080958,1.9412853229571851,2.8879646777219037,0.10500000000000173,0.10500000000000259,True,True,80.13388226353472,84.96313226421381,4.829250000679096,True,0
873,2009-06-23,78.97,82.30287353280035,3.332873532800349,-3.332873532800349,1.9114907876286509,2.7630706329127435,0.11000000000000174,0.1100000000000026,False,True,80.3913827451717,85.06594416571309,4.674561420541394,False,1
874,2009-06-24,78.0,79.05526719244028,1.055267192440283,-1.055267192440283,4.831146649804751,2.63313668397263,0.015000000000001734,0.1150000000000026,True,True,74.22412054263553,81.6884038764129,7.464283333777374,True,0
875,2009-06-25,79.1,78.0233586506953,-1.076641349304694,1.076641349304694,4.483608339694882,2.5635355486843423,0.020000000000001735,0.1200000000000026,True,True,73.53975031100042,80.58689419937964,7.047143888379225,True,0
876,2009-06-26,81.9,78.96444620252683,-2.935553797473176,2.935553797473176,3.8874014459674697,2.500451078289032,0.025000000000001736,0.1250000000000026,True,False,75.07704475655936,81.46489728081586,6.387852524256502,False,1
877,2009-06-29,83.87,81.6206432183674,-2.2493567816325992,2.2493567816325992,3.482989583913721,37.04,0.030000000000001737,0.030000000000002608,True,True,78.13765363445368,118.6606432183674,40.52298958391371,True,0
878,2009-06-30,83.62,83.59849779366365,-0.021502206336350582,0.021502206336350582,3.37239714451394,13.725655545674073,0.03500000000000174,0.03500000000000261,True,True,80.22610064914971,97.32415333933773,17.098052690188013,True,0
879,2009-07-01,84.42,83.48588618266449,-0.9341138173355148,0.9341138173355148,3.263973089170321,7.1913533907224405,0.04000000000000174,0.04000000000000262,True,True,80.22191309349417,90.67723957338693,10.455326479892761,True,0
880,2009-07-02,81.11,84.27111150284574,3.161111502845742,-3.161111502845742,3.0519731219600885,5.9647052015063835,0.04500000000000175,0.04500000000000262,False,True,81.21913838088565,90.23581670435212,9.016678323466465,False,1
881,2009-07-06,78.45,81.16731753294884,2.71731753294884,-2.71731753294884,inf,4.956444820395632,-0.049999999999998254,0.050000000000002626,True,True,-inf,86.12376235334447,inf,True,0
882,2009-07-07,78.53,78.55376626387566,0.0237662638756575,-0.0237662638756575,inf,4.699433799677728,-0.04499999999999825,0.05500000000000263,True,True,-inf,83.25320006355338,inf,True,0
883,2009-07-08,76.46,78.4839634193259,2.0239634193259093,-2.0239634193259093,inf,4.36932249805448,-0.039999999999998245,0.060000000000002635,True,True,-inf,82.85328591738039,inf,True,0
884,2009-07-09,78.25,76.47983638270489,-1.7701636172951112,1.7701636172951112,inf,4.149251007800132,-0.03499999999999824,0.06500000000000264,True,True,-inf,80.62908739050502,inf,True,0
885,2009-07-10,77.52,78.10258579539256,0.5825857953925606,-0.5825857953925606,inf,3.7646829683409706,-0.02999999999999824,0.07000000000000264,True,True,-inf,81.86726876373353,inf,True,0
886,2009-07-13,78.07,77.4378863803992,-0.632113619600787,0.632113619600787,inf,3.5731667845510913,-0.02499999999999824,0.07500000000000265,True,True,-inf,81.0110531649503,inf,True,0
887,2009-07-14,81.48,77.96419792077668,-3.51580207922332,3.51580207922332,inf,3.493139486756405,-0.019999999999998238,0.08000000000000265,True,False,-inf,81.45733740753309,inf,False,1
888,2009-07-15,83.0,81.18571271801517,-1.8142872819848321,1.8142872819848321,inf,inf,-0.014999999999998237,-0.014999999999997349,True,True,-inf,inf,inf,True,0
889,2009-07-16,84.42,82.75035613658281,-1.6696438634171926,1.6696438634171926,inf,inf,-0.009999999999998236,-0.009999999999997348,True,True,-inf,inf,inf,True,0
890,2009-07-17,85.8,84.20895835426676,-1.5910416457332417,1.5910416457332417,inf,inf,-0.004999999999998235,-0.004999999999997347,True,True,-inf,inf,inf,True,0
891,2009-07-20,86.27,85.58971412924318,-0.6802858707568191,0.6802858707568191,inf,inf,1.7659484985443896e-15,2.654126918244515e-15,True,True,-inf,inf,inf,True,0
892,2009-07-21,88.52,86.10635771142927,-2.4136422885707276,2.4136422885707276,7.611320153076839,45.55,0.005000000000001767,0.005000000000002655,True,True,78.49503755835244,131.65635771142928,53.161320153076844,True,0
893,2009-07-22,88.65,88.27465505409751,-0.3753449459024978,0.3753449459024978,5.399616352598684,43.79,0.010000000000001768,0.010000000000002656,True,True,82.87503870149882,132.0646550540975,49.18961635259868,True,0
894,2009-07-23,89.84,88.48356799549548,-1.3564320045045264,1.3564320045045264,4.831146649804751,43.23,0.015000000000001769,0.015000000000002657,True,True,83.65242134569073,131.71356799549548,48.061146649804755,True,0
895,2009-07-24,87.6,89.65216779862529,2.052167798625291,-2.052167798625291,4.483608339694882,42.95,0.02000000000000177,0.020000000000002658,True,True,85.1685594589304,132.6021677986253,47.433608339694885,True,0
896,2009-07-27,86.24,87.57397257650591,1.3339725765059143,-1.3339725765059143,3.797377881746982,37.61,0.02500000000000177,0.02500000000000266,True,True,83.77659469475893,125.18397257650591,41.40737788174698,True,0
897,2009-07-28,83.84,86.22754130383012,2.387541303830119,-2.387541303830119,3.482989583913721,37.04,0.030000000000001772,0.03000000000000266,True,True,82.7445517199164,123.26754130383011,40.52298958391371,True,0
898,2009-07-29,84.47,83.86943728928743,-0.6005627107125662,0.6005627107125662,3.332873532800349,10.395946211211111,0.03500000000000177,0.03500000000000266,True,True,80.53656375648708,94.26538350049854,13.72881974401146,True,0
899,2009-07-30,85.64,84.36530220014744,-1.2746977998525608,1.2746977998525608,3.263973089170321,7.1913533907224405,0.04000000000000177,0.04000000000000266,True,True,81.10132911097712,91.55665559086988,10.455326479892761,True,0
900,2009-07-31,85.76,85.45770560100205,-0.30229439899795807,0.30229439899795807,3.0519731219600885,5.914256353834034,0.045000000000001775,0.04500000000000266,True,True,82.40573247904196,91.37196195483608,8.966229475794123,True,0
901,2009-08-03,86.56,85.62169462170849,-0.938305378291517,0.938305378291517,2.9413746145605835,4.944946333592554,0.05000000000000178,0.05000000000000267,True,True,82.6803200071479,90.56664095530104,7.886320948153141,True,0
902,2009-08-04,87.48,86.40237667523967,-1.0776233247603386,1.0776233247603386,2.869160443671902,4.636139467606782,0.055000000000001784,0.05500000000000267,True,True,83.53321623156776,91.03851614284645,7.505299911278684,True,0
903,2009-08-05,85.64,87.30311972885032,1.6631197288503188,-1.6631197288503188,2.8008241613142104,4.293657487471137,0.06000000000000179,0.060000000000002676,True,True,84.50229556753611,91.59677721632146,7.094481648785347,True,0
904,2009-08-06,84.31,85.60376170157879,1.293761701578788,-1.293761701578788,2.6940607467980584,4.1026929623579775,0.06500000000000179,0.06500000000000268,True,True,82.90970095478073,89.70645466393677,6.796753709156036,True,0
905,2009-08-07,84.1,84.29569106665924,0.19569106665925062,-0.19569106665925062,2.537191332909643,3.633319734752817,0.0700000000000018,0.07000000000000269,True,True,81.7584997337496,87.92901080141206,6.17051106766246,True,0
906,2009-08-10,85.01,84.02378165207755,-0.9862183479224598,0.9862183479224598,2.4708931508863685,3.5701803880112806,0.0750000000000018,0.07500000000000269,True,True,81.55288850119118,87.59396204008883,6.041073538897649,True,0
907,2009-08-11,83.64,84.85787102514513,1.2178710251451292,-1.2178710251451292,2.4081595812087215,3.4899380650063563,0.0800000000000018,0.0800000000000027,True,True,82.44971144393641,88.34780909015149,5.898097646215078,True,0
908,2009-08-12,83.42,83.58712486585587,0.16712486585586817,-0.16712486585586817,2.2173387300053875,3.407496699014942,0.08500000000000181,0.0850000000000027,True,True,81.36978613585049,86.99462156487081,5.624835429020322,True,0
909,2009-08-13,85.72,83.34785190015357,-2.3721480998464273,2.3721480998464273,2.1407792648142987,3.224879221297769,0.09000000000000181,0.0900000000000027,True,True,81.20707263533927,86.57273112145134,5.365658486112068,True,0
910,2009-08-14,84.11,85.4959118830714,1.385911883071401,-1.385911883071401,2.0432712159214503,2.994318918808233,0.09500000000000182,0.09500000000000271,True,True,83.45264066714995,88.49023080187963,5.037590134729683,True,0
911,2009-08-17,81.16,84.0452516272478,2.885251627247797,-2.885251627247797,2.0200192837780335,2.9148100476413674,0.10000000000000182,0.10000000000000271,False,True,82.02523234346975,86.96006167488916,4.934829331419408,False,1
912,2009-08-18,81.41,81.23341463531213,-0.17658536468786679,0.17658536468786679,7.611320153076839,2.8827320030242163,0.005000000000001822,0.10500000000000272,True,True,73.6220944822353,84.11614663833635,10.494052156101048,True,0
913,2009-08-19,80.91,81.3507809334937,0.4407809334936985,-0.4407809334936985,5.2353533948385795,2.6746075693890603,0.010000000000001823,0.11000000000000272,True,True,76.11542753865511,84.02538850288275,7.909960964227636,True,0
914,2009-08-20,82.98,80.83445787870025,-2.145542121299755,2.145542121299755,4.831146649804751,2.59516992100302,0.015000000000001824,0.11500000000000273,True,True,76.0033112288955,83.42962779970327,7.426316570807771,True,0
915,2009-08-21,84.78,82.78179926963149,-1.9982007303685094,1.9982007303685094,4.400581239885014,2.5102036747773013,0.020000000000001825,0.12000000000000273,True,True,78.38121802974648,85.2920029444088,6.910784914662315,True,0
916,2009-08-24,85.17,84.5447715900881,-0.6252284099118981,0.6252284099118981,3.797377881746982,2.4316724379476256,0.025000000000001826,0.12500000000000272,True,True,80.74739370834112,86.97644402803573,6.229050319694608,True,0
917,2009-08-25,84.66,85.00983650021577,0.3498365002157726,-0.3498365002157726,3.4661290183451854,2.366746946082131,0.030000000000001827,0.13000000000000272,True,True,81.54370748187058,87.3765834462979,5.832875964427316,True,0
918,2009-08-26,84.1,84.57055155261077,0.47055155261077175,-0.47055155261077175,3.3245834561466268,2.2493567816325992,0.03500000000000183,0.13500000000000273,True,True,81.24596809646414,86.81990833424337,5.573940237779226,True,0
919,2009-08-27,84.01,84.03039911185516,0.02039911185515564,-0.02039911185515564,3.2377737824927095,2.1776606415987203,0.040000000000001826,0.14000000000000273,True,True,80.79262532936245,86.20805975345388,5.41543442409143,True,0
920,2009-08-28,84.78,83.91879494125305,-0.8612050587469469,0.8612050587469469,2.9841768871517402,2.139591744455444,0.04500000000000183,0.14500000000000274,True,True,80.93461805410132,86.0583866857085,5.123768631607177,True,0
921,2009-08-31,81.93,84.63610922305061,2.7061092230506034,-2.7061092230506034,2.902035024128793,2.0208942257136755,0.050000000000001835,0.15000000000000274,True,True,81.73407419892182,86.65700344876429,4.922929249842468,True,0
922,2009-09-01,80.74,81.95695040975319,1.2169504097531956,-1.2169504097531956,2.869160443671902,1.9692845175698537,0.05500000000000184,0.15500000000000275,True,True,79.08778996608129,83.92623492732304,4.838444961241748,True,0
923,2009-09-02,79.04,80.75170413382116,1.7117041338211578,-1.7117041338211578,2.8008241613142104,1.9180916215045443,0.060000000000001844,0.16000000000000275,True,True,77.95087997250695,82.66979575532571,4.718915782818755,True,0
924,2009-09-03,78.39,79.05250156373499,0.6625015637349918,-0.6625015637349918,2.7061092230506034,1.8562004641526073,0.06500000000000185,0.16500000000000276,True,True,76.34639234068439,80.9087020278876,4.562309687203211,True,0
925,2009-09-04,78.27,78.36300350245237,0.0930035024523761,-0.0930035024523761,2.5562267701548507,1.8323714047911324,0.07000000000000185,0.17000000000000276,True,True,75.80677673229752,80.1953749072435,4.388598174945983,True,0
926,2009-09-08,79.86,78.20122300957023,-1.6587769904297716,1.6587769904297716,2.4708931508863685,1.8042031158112621,0.07500000000000186,0.17500000000000276,True,True,75.73032985868386,80.00542612538149,4.275096266697631,True,0
927,2009-09-09,80.6,79.69379231364101,-0.9062076863589823,0.9062076863589823,2.4081595812087215,1.7701636172951112,0.08000000000000186,0.18000000000000277,True,True,77.28563273243229,81.46395593093612,4.178323198503833,True,0
928,2009-09-10,82.33,80.44390787030126,-1.8860921296987385,1.8860921296987385,2.308039082085571,1.7282197967848845,0.08500000000000187,0.18500000000000277,True,False,78.13586878821569,82.17212766708614,4.036258878870456,False,1
929,2009-09-11,84.44,82.1348811469201,-2.305118853079904,2.305118853079904,2.1407792648142987,3.184176948718175,0.09000000000000187,0.09000000000000277,True,True,79.9941018821058,85.31905809563827,5.324956213532474,True,0
930,2009-09-14,83.81,84.2042392471173,0.39423924711729796,-0.39423924711729796,2.0432712159214503,2.973127869662406,0.09500000000000187,0.09500000000000278,True,True,82.16096803119585,87.1773671167797,5.016399085583856,True,0
931,2009-09-15,84.17,83.70167171815883,-0.4683282818411669,0.4683282818411669,2.0200192837780335,2.8879646777219037,0.10000000000000188,0.10000000000000278,True,True,81.6816524343808,86.58963639588075,4.907983961499951,True,0
932,2009-09-16,85.91,84.05812254858024,-1.8518774514197531,1.8518774514197531,1.958155360191924,2.7630706329127435,0.10500000000000188,0.10500000000000279,True,True,82.09996718838832,86.82119318149299,4.721225993104667,True,0
933,2009-09-17,90.75,85.71064006142828,-5.039359938571721,5.039359938571721,1.9198089854870375,2.63313668397263,0.11000000000000189,0.11000000000000279,True,False,83.79083107594124,88.3437767454009,4.55294566945966,False,1
934,2009-09-18,90.74,90.36608994974087,-0.37391005025912705,0.37391005025912705,1.8466517769543742,43.23,0.11500000000000189,0.015000000000002789,True,True,88.5194381727865,133.59608994974087,45.07665177695438,True,0
935,2009-09-21,89.69,90.53750990063506,0.8475099006350604,-0.8475099006350604,1.7641960753553434,42.92,0.1200000000000019,0.02000000000000279,True,True,88.77331382527971,133.45750990063505,44.68419607535533,True,0
936,2009-09-22,91.46,89.61749827374182,-1.8425017262581775,1.8425017262581775,1.7321892124646894,37.34,0.1250000000000019,0.02500000000000279,True,True,87.88530906127713,126.95749827374182,39.07218921246469,True,0
937,2009-09-23,92.82,91.26945349488659,-1.5505465051134024,1.5505465051134024,1.6801055372755513,36.7,0.1300000000000019,0.030000000000002792,True,True,89.58934795761104,127.9694534948866,38.380105537275554,True,0
938,2009-09-24,92.0,92.59838768178207,0.5983876817820715,-0.5983876817820715,1.6480886348565775,8.855407630738071,0.1350000000000019,0.03500000000000279,True,True,90.9502990469255,101.45379531252014,10.503496265594649,True,0
939,2009-09-25,91.44,91.88892901530596,0.4489290153059642,-0.4489290153059642,1.600866048462862,6.600213493306498,0.1400000000000019,0.0400000000000028,True,True,90.2880629668431,98.48914250861246,8.20107954176936,True,0
940,2009-09-28,91.04,91.35504195676981,0.31504195676980373,-0.31504195676980373,1.5645862698130628,5.664016231169953,0.1450000000000019,0.0450000000000028,True,True,89.79045568695675,97.01905818793976,7.2286025009830155,True,0
941,2009-09-29,91.96,90.944556862741,-1.0154431372589983,1.0154431372589983,1.482382875394336,4.903928498957427,0.1500000000000019,0.050000000000002806,True,True,89.46217398734666,95.84848536169842,6.386311374351763,True,0
942,2009-09-30,92.26,91.79885843590505,-0.46114156409495877,0.46114156409495877,1.4591903755390803,4.436643377821838,0.15500000000000191,0.05500000000000281,True,True,90.33966806036597,96.23550181372688,5.895833753360918,True,0
943,2009-10-01,92.5,92.10469426662551,-0.39530573337448516,0.39530573337448516,1.385911883071401,4.264209125490069,0.16000000000000192,0.060000000000002815,True,True,90.71878238355411,96.36890339211558,5.65012100856147,True,0
944,2009-10-02,90.05,92.35773918175975,2.3077391817597572,-2.3077391817597572,1.3339725765059143,3.820990240605795,0.16500000000000192,0.06500000000000282,False,True,91.02376660525384,96.17872942236555,5.154962817111709,False,1
945,2009-10-05,90.25,90.0378792386603,-0.2121207613397047,0.2121207613397047,2.5204442707041608,3.597166984426508,0.07000000000000192,0.07000000000000282,True,True,87.51743496795613,93.6350462230868,6.117611255130669,True,0
946,2009-10-06,89.33,90.16162621024456,0.8316262102445648,-0.8316262102445648,2.4659889684694747,3.51580207922332,0.07500000000000193,0.07500000000000283,True,True,87.69563724177509,93.67742828946788,5.981791047692795,True,0
947,2009-10-07,91.5,89.25148550592363,-2.2485144940763746,2.2485144940763746,2.387541303830119,3.4440326130802106,0.08000000000000193,0.08000000000000283,True,True,86.8639442020935,92.69551811900384,5.83157391691033,True,0
948,2009-10-08,94.8,91.29048374342185,-3.509516256578152,3.509516256578152,2.2173387300053875,3.2396490463103618,0.08500000000000194,0.08500000000000284,True,False,89.07314501341645,94.5301327897322,5.456987776315756,False,1
949,2009-10-09,95.0,94.47700619914006,-0.5229938008599362,0.5229938008599362,2.1045720505220658,inf,0.09000000000000194,-0.009999999999997164,True,True,92.372434148618,inf,inf,True,0
950,2009-10-12,96.17,94.80291808208382,-1.367081917916181,1.367081917916181,2.0401990025613372,inf,0.09500000000000194,-0.004999999999997163,True,True,92.76271907952248,inf,inf,True,0
951,2009-10-13,93.83,95.97988720153593,2.1498872015359325,-2.1498872015359325,2.014630748153664,inf,0.10000000000000195,2.8380076066980564e-15,False,True,93.96525645338227,inf,inf,False,1
952,2009-10-14,96.22,93.78880184666569,-2.431198153334307,2.431198153334307,7.611320153076839,45.55,0.005000000000001947,0.005000000000002839,True,True,86.17748169358885,139.3388018466657,53.161320153076844,True,0
953,2009-10-15,95.13,96.01335385103488,0.8833538510348831,-0.8833538510348831,5.2353533948385795,43.76,0.010000000000001948,0.01000000000000284,True,True,90.7780004561963,139.77335385103487,48.995353394838574,True,0
954,2009-10-16,95.3,95.01175440952744,-0.28824559047255605,0.28824559047255605,4.737598771371339,43.18,0.01500000000000195,0.015000000000002841,True,True,90.2741556381561,138.19175440952745,47.917598771371345,True,0
955,2009-10-19,95.35,95.17885202119965,-0.1711479788003487,0.1711479788003487,4.302029447972899,42.84,0.02000000000000195,0.020000000000002842,True,True,90.87682257322675,138.01885202119965,47.1420294479729,True,0
956,2009-10-20,95.91,95.21454898251035,-0.6954510174896456,0.6954510174896456,3.7314549404957873,37.34,0.02500000000000195,0.025000000000002843,True,True,91.48309404201456,132.55454898251037,41.07145494049581,True,0
957,2009-10-21,95.27,95.75167863721705,0.4816786372170583,-0.4816786372170583,3.4183245618666405,36.7,0.030000000000001952,0.030000000000002844,True,True,92.33335407535041,132.45167863721707,40.11832456186666,True,0
958,2009-10-22,93.66,95.16111573141774,1.501115731417741,-1.501115731417741,3.310003113181196,8.43241410940513,0.03500000000000195,0.03500000000000285,True,True,91.85111261823654,103.59352984082287,11.742417222586326,True,0
959,2009-10-23,111.05,93.6183378223185,-17.431662177681503,17.431662177681503,3.2057372503300243,6.123168581259378,0.04000000000000195,0.04000000000000285,True,False,90.41260057198846,99.74150640357787,9.32890583158941,False,1
960,2009-10-26,119.21,109.99022876785206,-9.219771232147934,9.219771232147934,2.9581569850300014,inf,0.045000000000001955,-0.05499999999999715,True,True,107.03207178282206,inf,inf,True,0
961,2009-10-27,122.93,118.36625878896446,-4.563741211035548,4.563741211035548,2.885251627247797,inf,0.05000000000000196,-0.049999999999997144,True,True,115.48100716171666,inf,inf,True,0
962,2009-10-28,121.57,122.53752916254781,0.9675291625478195,-0.9675291625478195,2.856208458145943,inf,0.055000000000001964,-0.04499999999999714,True,True,119.68132070440187,inf,inf,True,0
963,2009-10-29,123.9,121.41275248748883,-2.487247512511175,2.487247512511175,2.74049783077308,inf,0.06000000000000197,-0.039999999999997135,True,True,118.67225465671575,inf,inf,True,0
964,2009-10-30,121.97,123.68240416487855,1.7124041648785493,-1.7124041648785493,2.583859375558987,inf,0.06500000000000197,-0.03499999999999713,True,True,121.09854478931956,inf,inf,True,0
965,2009-11-02,118.66,121.85384583102004,3.1938458310200417,-3.1938458310200417,2.4979006434349174,inf,0.07000000000000198,-0.02999999999999713,False,True,119.35594518758512,inf,inf,False,1
966,2009-11-03,117.67,118.63812479152323,0.9681247915232234,-0.9681247915232234,inf,inf,-0.024999999999998024,-0.02499999999999713,True,True,-inf,inf,inf,True,0
967,2009-11-04,119.0,117.58528537436528,-1.4147146256347156,1.4147146256347156,inf,inf,-0.019999999999998023,-0.019999999999997128,True,True,-inf,inf,inf,True,0
968,2009-11-05,117.46,118.80924612304668,1.349246123046683,-1.349246123046683,inf,inf,-0.014999999999998022,-0.014999999999997127,True,True,-inf,inf,inf,True,0
969,2009-11-06,123.0,117.33818500162742,-5.661814998372577,5.661814998372577,inf,inf,-0.009999999999998021,-0.009999999999997126,True,True,-inf,inf,inf,True,0
970,2009-11-09,127.11,122.6663011980609,-4.443698801939092,4.443698801939092,inf,inf,-0.00499999999999802,-0.004999999999997125,True,True,-inf,inf,inf,True,0
971,2009-11-10,126.8,126.74574064453607,-0.054259355463926795,0.054259355463926795,inf,inf,1.9810542095655137e-15,2.876171523169546e-15,True,True,-inf,inf,inf,True,0
972,2009-11-11,131.08,126.60909191996728,-4.4709080800327285,4.4709080800327285,7.611320153076839,45.55,0.005000000000001982,0.005000000000002877,True,True,118.99777176689045,172.1590919199673,53.161320153076844,True,0
973,2009-11-12,129.98,130.79588165097417,0.8158816509741769,-0.8158816509741769,5.2353533948385795,43.76,0.010000000000001983,0.010000000000002878,True,True,125.56052825613558,174.55588165097416,48.995353394838574,True,0
974,2009-11-13,131.16,129.82447204806033,-1.3355279519396674,1.3355279519396674,4.737598771371339,43.18,0.015000000000001984,0.015000000000002879,True,True,125.08687327668899,173.00447204806034,47.917598771371345,True,0
975,2009-11-16,132.12,130.99273002577723,-1.12726997422277,1.12726997422277,4.302029447972899,42.84,0.020000000000001985,0.02000000000000288,True,True,126.69070057780434,173.83273002577724,47.1420294479729,True,0
976,2009-11-17,131.4,131.9362061232778,0.5362061232777933,-0.5362061232777933,3.5895050947563902,37.25,0.025000000000001986,0.02500000000000288,True,True,128.3467010285214,169.1862061232778,40.83950509475639,True,0
977,2009-11-18,130.9,131.27501881189983,0.375018811899821,-0.375018811899821,3.408381753616027,36.7,0.030000000000001987,0.030000000000002882,True,True,127.8666370582838,167.97501881189982,40.108381753616015,True,0
978,2009-11-19,130.54,130.78594233699192,0.2459423369919307,-0.2459423369919307,3.2955622078958413,8.855407630738071,0.03500000000000199,0.03500000000000288,True,True,127.49038012909608,139.64134996772998,12.150969838633898,True,0
979,2009-11-20,127.76,130.4179093927555,2.657909392755485,-2.657909392755485,3.1938458310200417,6.600213493306498,0.04000000000000199,0.04000000000000288,True,True,127.22406356173545,137.01812288606197,9.794059324326525,True,0
980,2009-11-23,131.05,127.71213099014751,-3.337869009852497,3.337869009852497,2.9581569850300014,5.664016231169953,0.045000000000002,0.045000000000002885,True,True,124.75397400511751,133.37614722131747,8.622173216199954,True,0
981,2009-11-24,133.57,130.82815321057157,-2.741846789428422,2.741846789428422,2.885251627247797,4.944946333592554,0.050000000000002,0.05000000000000289,True,True,127.94290158332377,135.77309954416413,7.830197960840351,True,0
982,2009-11-25,133.31,133.30839535891948,-0.0016046410805188316,0.0016046410805188316,2.856208458145943,4.636139467606782,0.055000000000002006,0.055000000000002894,True,True,130.45218690077354,137.94453482652625,7.492347925752711,True,0
983,2009-11-27,130.3,133.15455184590195,2.8545518459019377,-2.8545518459019377,2.74049783077308,4.418335655800689,0.06000000000000201,0.0600000000000029,False,True,130.41405401512887,137.57288750170264,7.158833486573769,False,1
984,2009-11-30,132.19,130.26481728972826,-1.9251827102717414,1.9251827102717414,inf,4.189984970971651,-0.03499999999999799,0.0650000000000029,True,True,-inf,134.45480226069992,inf,True,0
985,2009-12-01,136.94,132.02605099670552,-4.913949003294476,4.913949003294476,inf,3.7646829683409706,-0.02999999999999799,0.07000000000000291,True,False,-inf,135.79073396504648,inf,False,1
986,2009-12-02,139.15,136.62406673470113,-2.5259332652988746,2.5259332652988746,inf,inf,-0.02499999999999799,-0.024999999999997094,True,True,-inf,inf,inf,True,0
987,2009-12-03,143.62,138.89227909066943,-4.727720909330571,4.727720909330571,inf,inf,-0.019999999999997988,-0.019999999999997093,True,True,-inf,inf,inf,True,0
988,2009-12-04,143.42,143.3373424555961,-0.08265754440390083,0.08265754440390083,inf,inf,-0.014999999999997987,-0.014999999999997092,True,True,-inf,inf,inf,True,0
989,2009-12-07,138.0,143.26719585372354,5.2671958537235355,-5.2671958537235355,inf,inf,-0.009999999999997986,-0.009999999999997091,True,True,-inf,inf,inf,True,0
990,2009-12-08,134.3,138.0565483725394,3.7565483725393847,-3.7565483725393847,inf,inf,-0.004999999999997985,-0.00499999999999709,True,True,-inf,inf,inf,True,0
991,2009-12-09,134.6,134.35085918365198,-0.24914081634801732,0.24914081634801732,inf,inf,2.01574867908505e-15,2.9108659926890823e-15,True,True,-inf,inf,inf,True,0
992,2009-12-10,132.41,134.50576120195333,2.095761201953337,-2.095761201953337,7.611320153076839,45.55,0.005000000000002017,0.005000000000002912,True,True,126.8944410488765,180.05576120195332,53.161320153076815,True,0
993,2009-12-11,136.07,132.33834782233336,-3.731652177666632,3.731652177666632,5.2671958537235355,43.76,0.010000000000002018,0.010000000000002913,True,True,127.07115196860983,176.09834782233335,49.027195853723526,True,0
994,2009-12-14,132.5,135.8485030667323,3.3485030667322917,-3.3485030667322917,4.831146649804751,43.18,0.015000000000002019,0.015000000000002914,True,True,131.01735641692756,179.0285030667323,48.01114664980474,True,0
995,2009-12-15,130.76,132.43532586759105,1.6753258675910558,-1.6753258675910558,4.400581239885014,42.84,0.02000000000000202,0.020000000000002915,True,True,128.03474462770603,175.27532586759105,47.24058123988502,True,0
996,2009-12-16,130.93,130.71949713671597,-0.21050286328403445,0.21050286328403445,3.7565483725393847,37.25,0.02500000000000202,0.025000000000002916,True,True,126.96294876417659,167.96949713671597,41.006548372539385,True,0
997,2009-12-17,129.36,130.80625616940992,1.4462561694099065,-1.4462561694099065,3.4661290183451854,36.7,0.03000000000000202,0.030000000000002917,True,True,127.34012715106473,167.50625616940994,40.1661290183452,True,0
998,2009-12-18,127.91,129.26666491887232,1.356664918872326,-1.356664918872326,3.332873532800349,8.855407630738071,0.03500000000000202,0.03500000000000292,True,True,125.93379138607197,138.12207254961038,12.188281163538406,True,0
999,2009-12-21,130.48,127.83165803554887,-2.64834196445112,2.64834196445112,3.2377737824927095,6.600213493306498,0.04000000000000202,0.04000000000000292,True,True,124.59388425305616,134.43187152885537,9.837987275799208,True,0
1000,2009-12-22,133.76,130.27318900254704,-3.486810997452949,3.486810997452949,3.0519731219600885,5.664016231169953,0.045000000000002024,0.04500000000000293,True,True,127.22121588058695,135.937205233717,8.715989353130055,True,0
1001,2009-12-23,134.8,133.48347527078,-1.3165247292200206,1.3165247292200206,2.902035024128793,4.913949003294476,0.05000000000000203,0.05000000000000293,True,True,130.5814402466512,138.39742427407447,7.815984027423269,True,0
1002,2009-12-24,139.2,134.5910697390381,-4.608930260961898,4.608930260961898,2.8614638550280986,4.636139467606782,0.05500000000000203,0.055000000000002935,True,True,131.72960588401,139.2272092066449,7.4976033226348875,True,0
1003,2009-12-28,139.75,138.92068193824082,-0.8293180617591815,0.8293180617591815,2.8008241613142104,4.436643377821838,0.06000000000000204,0.06000000000000294,True,True,136.1198577769266,143.35732531606266,7.237467539136048,True,0
1004,2009-12-29,141.29,139.55664334524212,-1.7333566547578698,1.7333566547578698,2.6940607467980584,4.264209125490069,0.06500000000000204,0.06500000000000294,True,True,136.86258259844408,143.82085247073218,6.958269872288099,True,0
1005,2009-12-30,138.4,141.11649542350452,2.7164954235045116,-2.7164954235045116,2.5562267701548507,3.820990240605795,0.07000000000000205,0.07000000000000295,False,True,138.56026865334968,144.9374856641103,6.377217010760631,False,1
1006,2009-12-31,137.09,138.34841621856035,1.2584162185603418,-1.2584162185603418,inf,3.602844958007438,-0.024999999999997954,0.07500000000000295,True,True,-inf,141.95126117656778,inf,True,0
1007,2010-01-04,136.25,137.03629987122525,0.7862998712252534,-0.7862998712252534,inf,3.51580207922332,-0.019999999999997953,0.08000000000000296,True,True,-inf,140.55210195044856,inf,True,0
1008,2010-01-05,133.43,136.16115608169287,2.731156081692859,-2.731156081692859,inf,3.486810997452949,-0.014999999999997952,0.08500000000000296,True,True,-inf,139.64796707914581,inf,True,0
1009,2010-01-06,134.6,133.3910966613693,-1.208903338630705,1.208903338630705,inf,3.407496699014942,-0.009999999999997951,0.09000000000000297,True,True,-inf,136.79859336038425,inf,True,0
1010,2010-01-07,132.01,134.4611574280894,2.4511574280894024,-2.4511574280894024,inf,3.224879221297769,-0.0049999999999979505,0.09500000000000297,True,True,-inf,137.68603664938718,inf,True,0
1011,2010-01-08,130.56,131.94047149390587,1.3804714939058726,-1.3804714939058726,inf,2.9790752201661306,2.050443148604586e-15,0.10000000000000298,True,True,-inf,134.919546714072,inf,True,0
1012,2010-01-11,132.62,130.49332851894252,-2.1266714810574854,2.1266714810574854,6.842809183738666,2.8906333592631483,0.005000000000002051,0.10500000000000298,True,True,123.65051933520385,133.38396187820567,9.733442543001814,True,0
1013,2010-01-12,128.99,132.43374304799647,3.4437430479964632,-3.4437430479964632,5.2353533948385795,2.7630706329127435,0.010000000000002052,0.11000000000000298,True,True,127.19838965315789,135.1968136809092,7.998424027751312,True,0
1014,2010-01-13,127.9,128.9406276024902,1.04062760249019,-1.04062760249019,4.737598771371339,2.6581848352641657,0.015000000000002053,0.11500000000000299,True,True,124.20302883111886,131.59881243775436,7.395783606635504,True,0
1015,2010-01-14,129.14,127.83146680911614,-1.3085331908838498,1.3085331908838498,4.302029447972899,2.588382389875804,0.020000000000002054,0.120000000000003,True,True,123.52943736114324,130.41984919899193,6.8904118378486885,True,0
1016,2010-01-15,129.18,128.97163718587984,-0.20836281412016433,0.20836281412016433,3.7314549404957873,2.5102036747773013,0.025000000000002055,0.125000000000003,True,True,125.24018224538406,131.48184086065714,6.2416586152730815,True,0
1017,2010-01-19,126.2,129.0234860486588,2.8234860486588076,-2.8234860486588076,3.4437430479964632,2.4316724379476256,0.030000000000002056,0.130000000000003,True,True,125.57974300066235,131.45515848660642,5.875415485944075,True,0
1018,2010-01-20,127.13,126.15007586926386,-0.979924130736137,0.979924130736137,3.332873532800349,2.3696152543350593,0.03500000000000206,0.135000000000003,True,True,122.81720233646351,128.51969112359893,5.702488787135422,True,0
1019,2010-01-21,127.26,126.99220578412417,-0.2677942158758384,0.2677942158758384,3.2377737824927095,2.305118853079904,0.04000000000000206,0.140000000000003,True,True,123.75443200163146,129.29732463720407,5.542892635572613,True,0
1020,2010-01-22,125.6,127.10285439753197,1.5028543975319764,-1.5028543975319764,3.0519731219600885,2.1939127274634416,0.045000000000002066,0.14500000000000302,True,True,124.05088127557188,129.29676712499543,5.245885849423544,True,0
1021,2010-01-25,122.1,125.50832800976704,3.4083280097670468,-3.4083280097670468,2.902035024128793,2.1417455594406363,0.05000000000000207,0.15000000000000302,False,True,122.60629298563825,127.65007356920768,5.043780583569429,False,1
1022,2010-01-26,120.56,122.08350536202748,1.5235053620274783,-1.5235053620274783,inf,2.066207173453634,-0.04499999999999793,0.15500000000000302,True,True,-inf,124.14971253548111,inf,True,0
1023,2010-01-27,121.03,120.50262979738687,-0.5273702026131275,0.5273702026131275,inf,1.9982007303685094,-0.039999999999997926,0.16000000000000303,True,True,-inf,122.50083052775538,inf,True,0
1024,2010-01-28,124.43,120.88926553804772,-3.540734461952283,3.540734461952283,inf,1.9360194163778601,-0.03499999999999792,0.16500000000000303,True,False,-inf,122.82528495442558,inf,False,1
1025,2010-01-29,129.77,124.17334558466419,-5.59665441533582,5.59665441533582,inf,3.7646829683409706,-0.02999999999999792,0.07000000000000303,True,False,-inf,127.93802855300515,inf,False,1
1026,2010-02-01,123.18,129.42170517250534,6.241705172505334,-6.241705172505334,inf,inf,-0.02499999999999792,-0.02499999999999697,True,True,-inf,inf,inf,True,0
1027,2010-02-02,118.79,123.17443586005624,4.384435860056229,-4.384435860056229,inf,inf,-0.01999999999999792,-0.019999999999996968,True,True,-inf,inf,inf,True,0
1028,2010-02-03,117.12,118.8660083096329,1.7460083096328987,-1.7460083096328987,inf,inf,-0.014999999999997918,-0.014999999999996967,True,True,-inf,inf,inf,True,0
1029,2010-02-04,118.64,117.08424786744861,-1.5557521325513903,1.5557521325513903,inf,inf,-0.009999999999997917,-0.009999999999996966,True,True,-inf,inf,inf,True,0
1030,2010-02-05,115.88,118.47501407333397,2.595014073333971,-2.595014073333971,inf,inf,-0.004999999999997916,-0.004999999999996965,True,True,-inf,inf,inf,True,0
1031,2010-02-08,119.38,115.8001753183766,-3.5798246816233927,3.5798246816233927,inf,inf,2.085137618124122e-15,3.0357660829594124e-15,True,True,-inf,inf,inf,True,0
1032,2010-02-09,118.2,119.16546454462109,0.965464544621085,-0.965464544621085,6.842809183738666,45.41,0.005000000000002086,0.005000000000003037,True,True,112.32265536088242,164.57546454462107,52.25280918373865,True,0
1033,2010-02-10,118.0,118.0474649410355,0.04746494103549992,-0.04746494103549992,5.2671958537235355,43.55,0.010000000000002087,0.010000000000003038,True,True,112.78026908731196,161.5974649410355,48.81719585372353,True,0
1034,2010-02-11,117.21,117.87974234791673,0.6697423479167384,-0.6697423479167384,4.831146649804751,43.05,0.015000000000002088,0.015000000000003039,True,True,113.04859569811198,160.92974234791672,47.881146649804734,True,0
1035,2010-02-12,118.99,117.09562174942195,-1.8943782505780433,1.8943782505780433,4.400581239885014,42.66,0.02000000000000209,0.02000000000000304,True,True,112.69504050953694,159.75562174942195,47.06058123988501,True,0
1036,2010-02-16,120.06,118.80281201134682,-1.257187988653186,1.257187988653186,3.797377881746982,37.08,0.02500000000000209,0.02500000000000304,True,True,115.00543412959983,155.8828120113468,40.877377881746966,True,0
1037,2010-02-17,117.08,119.86030399778058,2.780303997780578,-2.780303997780578,3.4661290183451854,13.725655545674073,0.03000000000000209,0.03000000000000304,True,True,116.39417497943539,133.58595954345463,17.191784564019244,True,0
1038,2010-02-18,115.84,117.01664085082172,1.1766408508217125,-1.1766408508217125,3.37239714451394,7.407676093026502,0.03500000000000209,0.03500000000000304,True,True,113.64424370630778,124.42431694384823,10.78007323754045,True,0
1039,2010-02-19,117.91,115.77824294599758,-2.1317570540024207,2.1317570540024207,3.2955622078958413,5.9647052015063835,0.04000000000000209,0.04000000000000305,True,True,112.48268073810173,121.74294814750397,9.260267409402232,True,0
1040,2010-02-22,117.37,117.72222056572318,0.3522205657231723,-0.3522205657231723,3.1938458310200417,5.59665441533582,0.045000000000002094,0.04500000000000305,True,True,114.52837473470314,123.318874981059,8.790500246355862,True,0
1041,2010-02-23,118.01,117.21734000752419,-0.7926599924758193,0.7926599924758193,2.954996977618464,4.903928498957427,0.0500000000000021,0.050000000000003056,True,True,114.26234302990572,122.12126850648161,7.858925476575891,True,0
1042,2010-02-24,117.96,117.85728003986866,-0.10271996013133844,0.10271996013133844,2.8703246188081124,4.608930260961898,0.0550000000000021,0.05500000000000306,True,True,114.98695542106054,122.46621030083055,7.479254879770011,True,0
1043,2010-02-25,118.17,117.81249213089882,-0.35750786910118393,0.35750786910118393,2.831713139362286,4.418335655800689,0.06000000000000211,0.060000000000003065,True,True,114.98077899153654,122.2308277866995,7.250048795162968,True,0
1044,2010-02-26,117.88,118.02415586008881,0.14415586008881576,-0.14415586008881576,2.7564680719167285,4.189984970971651,0.06500000000000211,0.06500000000000307,True,True,115.26768778817208,122.21414083106046,6.946453042888379,True,0
1045,2010-03-01,118.85,117.74646997393573,-1.1035300260642629,1.1035300260642629,2.6940607467980584,3.731652177666632,0.07000000000000212,0.07000000000000307,True,True,115.05240922713767,121.47812215160236,6.4257129244646904,True,0
1046,2010-03-02,125.01,118.68373465511633,-6.32626534488368,6.32626534488368,2.5739153839685116,3.5798246816233927,0.07500000000000212,0.07500000000000308,True,False,116.10981927114781,122.26355933673972,6.153740065591904,False,1
1047,2010-03-03,125.4,124.65832596826634,-0.7416740317336661,0.7416740317336661,2.4807331781312953,inf,0.08000000000000212,-0.019999999999996923,True,True,122.17759279013504,inf,inf,True,0
1048,2010-03-04,125.96,125.15646339970205,-0.8035366002979458,0.8035366002979458,2.41424160487999,inf,0.08500000000000213,-0.014999999999996922,True,True,122.74222179482206,inf,inf,True,0
1049,2010-03-05,129.13,125.7958115749172,-3.3341884250828002,3.3341884250828002,2.308039082085571,inf,0.09000000000000213,-0.009999999999996921,True,True,123.48777249283162,inf,inf,True,0
1050,2010-03-08,128.3,128.88317531231982,0.5831753123198098,-0.5831753123198098,2.164012300468272,inf,0.09500000000000214,-0.00499999999999692,True,True,126.71916301185155,inf,inf,True,0
1051,2010-03-09,129.59,128.1403955797498,-1.4496044202502105,1.4496044202502105,2.088200863990096,inf,0.10000000000000214,3.0808688933348094e-15,True,True,126.0521947157597,inf,inf,True,0
1052,2010-03-10,129.11,129.42144302263043,0.3114430226304137,-0.3114430226304137,2.0312637921441024,45.41,0.10500000000000215,0.005000000000003082,True,True,127.39017923048632,174.83144302263042,47.4412637921441,True,0
1053,2010-03-11,130.45,128.96703160805782,-1.4829683919421655,1.4829683919421655,1.9892305574384608,43.55,0.11000000000000215,0.010000000000003083,True,True,126.97780105061936,172.51703160805783,45.53923055743847,True,0
1054,2010-03-12,134.2,130.27565484929576,-3.9243451507042266,3.9243451507042266,1.9198089854870375,43.05,0.11500000000000216,0.015000000000003084,True,True,128.35584586380872,173.32565484929574,44.96980898548702,True,0
1055,2010-03-15,131.7,133.92762286849975,2.2276228684997648,-2.2276228684997648,1.8466517769543742,42.19,0.12000000000000216,0.020000000000003085,False,True,132.0809710915454,176.11762286849975,44.03665177695436,False,1
1056,2010-03-16,131.24,131.58689283834408,0.34689283834407547,-0.34689283834407547,3.7565483725393847,37.04,0.02500000000000216,0.025000000000003086,True,True,127.8303444658047,168.62689283834408,40.79654837253938,True,0
1057,2010-03-17,132.41,131.15020201826601,-1.259797981733982,1.259797981733982,3.4661290183451854,13.725655545674073,0.03000000000000216,0.030000000000003087,True,True,127.68407299992083,144.8758575639401,17.191784564019258,True,0
1058,2010-03-18,131.02,132.2425242809806,1.2225242809805934,-1.2225242809805934,3.37239714451394,7.407676093026502,0.03500000000000216,0.035000000000003084,True,True,128.87012713646666,139.6502003740071,10.78007323754045,True,0
1059,2010-03-19,133.71,130.90847017645925,-2.8015298235407613,2.8015298235407613,3.263973089170321,5.9647052015063835,0.04000000000000216,0.04000000000000309,True,True,127.64449708728893,136.87317537796562,9.228678290676697,True,0
1060,2010-03-22,130.2,133.5080653814755,3.308065381475501,-3.308065381475501,3.161111502845742,5.59665441533582,0.04500000000000216,0.04500000000000309,False,True,130.34695387862973,139.1047197968113,8.757765918181576,False,1
1061,2010-03-23,130.89,130.13548092639866,-0.7545190736013296,0.7545190736013296,inf,4.903928498957427,-0.04999999999999784,0.0500000000000031,True,True,-inf,135.0394094253561,inf,True,0
1062,2010-03-24,128.64,130.777159361459,2.1371593614590267,-2.1371593614590267,inf,4.608930260961898,-0.04499999999999783,0.0550000000000031,True,True,-inf,135.3860896224209,inf,True,0
1063,2010-03-25,129.14,128.56345259501393,-0.5765474049860586,0.5765474049860586,inf,4.418335655800689,-0.03999999999999783,0.060000000000003106,True,True,-inf,132.98178825081462,inf,True,0
1064,2010-03-26,134.9,129.0147189745971,-5.885281025402918,5.885281025402918,inf,4.149251007800132,-0.034999999999997825,0.06500000000000311,True,False,-inf,133.16396998239722,inf,False,1
1065,2010-03-29,135.37,134.5689608647571,-0.8010391352429167,0.8010391352429167,inf,inf,-0.029999999999997824,-0.02999999999999689,True,True,-inf,inf,inf,True,0
1066,2010-03-30,135.74,135.13793820757377,-0.602061792426241,0.602061792426241,inf,inf,-0.024999999999997823,-0.02499999999999689,True,True,-inf,inf,inf,True,0
1067,2010-03-31,136.0,135.58725424151302,-0.41274575848697737,0.41274575848697737,inf,inf,-0.01999999999999782,-0.01999999999999689,True,True,-inf,inf,inf,True,0
1068,2010-04-01,134.425,135.85249729043576,1.4274972904357526,-1.4274972904357526,inf,inf,-0.01499999999999782,-0.014999999999996887,True,True,-inf,inf,inf,True,0
1069,2010-04-05,132.85,134.335857622786,1.4858576227859999,-1.4858576227859999,inf,inf,-0.00999999999999782,-0.009999999999996886,True,True,-inf,inf,inf,True,0
1070,2010-04-06,131.23,132.78436556320926,1.5543655632092737,-1.5543655632092737,inf,inf,-0.004999999999997819,-0.004999999999996885,True,True,-inf,inf,inf,True,0
1071,2010-04-07,135.96,131.16439866438432,-4.795601335615686,4.795601335615686,inf,inf,2.1822821327788233e-15,3.1155633628543455e-15,True,True,-inf,inf,inf,True,0
1072,2010-04-08,134.71,135.6955275938894,0.985527593889401,-0.985527593889401,6.842809183738666,45.41,0.005000000000002183,0.0050000000000031165,True,True,128.85271841015074,181.1055275938894,52.25280918373866,True,0
1073,2010-04-09,140.72,134.5485615169512,-6.171438483048803,6.171438483048803,5.2671958537235355,43.55,0.010000000000002184,0.010000000000003118,True,True,129.28136566322766,178.09856151695118,48.81719585372352,True,0
1074,2010-04-12,140.0,140.4064755398269,0.4064755398269142,-0.4064755398269142,4.737598771371339,42.95,0.015000000000002185,0.015000000000003118,True,True,135.66887676845556,183.35647553982693,47.68759877137137,True,0
1075,2010-04-13,141.23,139.81617471417053,-1.4138252858294607,1.4138252858294607,4.384435860056229,42.19,0.020000000000002186,0.02000000000000312,True,True,135.43173885411431,182.00617471417053,46.57443586005621,True,0
1076,2010-04-14,140.34,141.06951476287227,0.7295147628722702,-0.7295147628722702,3.7565483725393847,37.04,0.025000000000002187,0.02500000000000312,True,True,137.3129663903329,178.10951476287227,40.79654837253938,True,0
1077,2010-04-15,144.55,140.22425962259285,-4.325740377407158,4.325740377407158,3.4437430479964632,10.395946211211111,0.030000000000002188,0.03000000000000312,True,True,136.7805165745964,150.62020583380396,13.839689259207574,True,0
1078,2010-04-16,144.88,144.29558538350537,-0.5844146164946267,0.5844146164946267,3.3485030667322917,7.1913533907224405,0.03500000000000219,0.035000000000003126,True,True,140.94708231677308,151.4869387742278,10.539856457454732,True,0
1079,2010-04-19,142.35,144.69389696622744,2.3438969662274474,-2.3438969662274474,3.263973089170321,5.9647052015063835,0.04000000000000219,0.04000000000000313,True,True,141.42992387705712,150.65860216773382,9.228678290676697,True,0
1080,2010-04-20,143.83,142.30152971888322,-1.528470281116796,1.528470281116796,3.161111502845742,5.661814998372577,0.04500000000000219,0.045000000000003135,True,True,139.14041821603746,147.96334471725578,8.82292650121832,True,0
1081,2010-04-21,145.17,143.68726224221174,-1.482737757788243,1.482737757788243,2.9413746145605835,4.913949003294476,0.050000000000002195,0.05000000000000314,True,True,140.74588762765117,148.60121124550622,7.855323617855049,True,0
1082,2010-04-22,147.01,144.98354373840593,-2.0264562615940633,2.0264562615940633,2.869160443671902,4.699433799677728,0.0550000000000022,0.055000000000003144,True,True,142.114383294734,149.68297753808366,7.568594243349651,True,0
1083,2010-04-23,145.38,146.81185776421503,1.4318577642150387,-1.4318577642150387,2.8234860486588076,4.443698801939092,0.060000000000002204,0.06000000000000315,True,True,143.98837171555624,151.25555656615413,7.267184850597886,True,0
1084,2010-04-26,143.2,145.28806151608734,2.0880615160873504,-2.0880615160873504,2.731156081692859,4.293657487471137,0.06500000000000221,0.06500000000000315,True,True,142.55690543439448,149.58171900355848,7.024813569163996,True,0
1085,2010-04-27,145.55,143.16576995903074,-2.384230040969271,2.384230040969271,2.666226580228596,4.078420857326037,0.07000000000000221,0.07000000000000316,True,True,140.49954337880214,147.24419081635676,6.744647437554619,True,0
1086,2010-04-28,142.59,145.37754525604436,2.7875452560443534,-2.7875452560443534,2.537191332909643,3.633319734752817,0.07500000000000222,0.07500000000000316,False,True,142.84035392313473,149.0108649907972,6.17051106766246,False,1
1087,2010-04-29,140.09,142.5319978230654,2.4419978230654067,-2.4419978230654067,inf,3.5701803880112806,-0.019999999999997783,0.08000000000000317,True,True,-inf,146.1021782110767,inf,True,0
1088,2010-04-30,141.4,140.07932087254272,-1.3206791274572822,1.3206791274572822,inf,3.493139486756405,-0.014999999999997782,0.08500000000000317,True,True,-inf,143.57246035929913,inf,True,0
1089,2010-05-03,137.2,141.26082930680207,4.060829306802077,-4.060829306802077,inf,3.4342366327128886,-0.009999999999997781,0.09000000000000317,True,True,-inf,144.69506593951496,inf,True,0
1090,2010-05-04,135.62,137.1900089800585,1.5700089800585033,-1.5700089800585033,inf,3.2396490463103618,-0.0049999999999977805,0.09500000000000318,True,True,-inf,140.42965802636888,inf,True,0
1091,2010-05-05,128.0,135.59001311200177,7.59001311200177,-7.59001311200177,inf,3.036424903011813,2.220446049250313e-15,0.10000000000000318,True,True,-inf,138.62643801501358,inf,True,0
1092,2010-05-06,130.0,128.11849077773718,-1.881509222262821,1.881509222262821,7.59001311200177,2.935553797473176,0.005000000000002221,0.10500000000000319,True,True,120.52847766573541,131.05404457521036,10.525566909474946,True,0
1093,2010-05-07,127.97,129.88036828756586,1.9103682875658592,-1.9103682875658592,5.399616352598684,2.8015298235407613,0.010000000000002222,0.11000000000000319,True,True,124.48075193496717,132.68189811110662,8.201146176139446,True,0
1094,2010-05-10,129.73,127.88088360303801,-1.8491163969619748,1.8491163969619748,4.831146649804751,2.6750102464273624,0.015000000000002223,0.1150000000000032,True,True,123.04973695323326,130.55589384946538,7.506156896232113,True,0
1095,2010-05-11,129.95,129.55556476859698,-0.3944352314030084,0.3944352314030084,4.400581239885014,2.59516992100302,0.020000000000002224,0.1200000000000032,True,True,125.15498352871197,132.1507346896,6.995751160888034,True,0
1096,2010-05-12,131.41,129.78915602014075,-1.620843979859245,1.620843979859245,3.797377881746982,2.5170725690691285,0.025000000000002225,0.1250000000000032,True,True,125.99177813839377,132.30622858920987,6.314450450816096,True,0
1097,2010-05-13,133.93,131.22328740028078,-2.706712599719225,2.706712599719225,3.482989583913721,2.4672644069102887,0.030000000000002226,0.1300000000000032,True,False,127.74029781636706,133.69055180719107,5.9502539908240095,False,1
1098,2010-05-14,130.36,133.69557919186312,3.335579191863104,-3.335579191863104,3.37239714451394,7.075858099101708,0.035000000000002224,0.035000000000003195,True,True,130.32318204734918,140.77143729096483,10.448255243615648,True,0
1099,2010-05-17,128.24,130.3177608995424,2.0777608995423975,-2.0777608995423975,3.310003113181196,5.9647052015063835,0.04000000000000223,0.0400000000000032,True,True,127.00775778636121,136.28246610104878,9.274708314687572,True,0
1100,2010-05-18,130.14,128.21071057161723,-1.9292894283827593,1.9292894283827593,3.2057372503300243,5.59665441533582,0.04500000000000223,0.045000000000003204,True,True,125.0049733212872,133.80736498695305,8.802391665665851,True,0
1101,2010-05-19,125.51,129.96409590118057,4.454095901180565,-4.454095901180565,2.9581569850300014,4.903928498957427,0.05000000000000224,0.05000000000000321,False,True,127.00593891615057,134.86802440013798,7.862085483987414,False,1
1102,2010-05-20,122.64,125.51092298819646,2.8709229881964546,-2.8709229881964546,inf,4.636139467606782,-0.044999999999997764,0.05500000000000321,True,True,-inf,130.14706245580322,inf,True,0
1103,2010-05-21,117.9,122.64780020766335,4.747800207663346,-4.747800207663346,inf,4.418335655800689,-0.03999999999999776,0.06000000000000322,True,True,-inf,127.06613586346404,inf,True,0
1104,2010-05-24,122.57,117.94499712607595,-4.625002873924046,4.625002873924046,inf,4.264209125490069,-0.034999999999997755,0.06500000000000322,True,False,-inf,122.20920625156602,inf,False,1
1105,2010-05-25,118.54,122.3264608305419,3.7864608305418983,-3.7864608305418983,inf,inf,-0.029999999999997754,-0.02999999999999678,True,True,-inf,inf,inf,True,0
1106,2010-05-26,125.05,118.50736924865811,-6.542630751341889,6.542630751341889,inf,inf,-0.024999999999997753,-0.02499999999999678,True,True,-inf,inf,inf,True,0
1107,2010-05-27,124.98,124.70380462134632,-0.27619537865368216,0.27619537865368216,inf,inf,-0.019999999999997752,-0.019999999999996777,True,True,-inf,inf,inf,True,0
1108,2010-05-28,126.07,124.80054332076284,-1.2694566792371518,1.2694566792371518,inf,inf,-0.014999999999997751,-0.014999999999996776,True,True,-inf,inf,inf,True,0
1109,2010-06-01,124.97,125.89619160979959,0.9261916097995879,-0.9261916097995879,inf,inf,-0.00999999999999775,-0.009999999999996775,True,True,-inf,inf,inf,True,0
1110,2010-06-02,124.02,124.86822694550429,0.8482269455042939,-0.8482269455042939,inf,inf,-0.004999999999997749,-0.004999999999996774,True,True,-inf,inf,inf,True,0
1111,2010-06-03,126.25,123.92806548950068,-2.321934510499318,2.321934510499318,inf,inf,2.2516710718178956e-15,3.226585665316861e-15,True,True,-inf,inf,inf,True,0
1112,2010-06-04,126.33,126.0407925929928,-0.28920740700719705,0.28920740700719705,7.59001311200177,45.41,0.005000000000002253,0.0050000000000032276,True,True,118.45077948099103,171.4507925929928,53.00001311200177,True,0
1113,2010-06-07,125.84,126.17722244965611,0.33722244965611026,-0.33722244965611026,5.2671958537235355,43.5,0.010000000000002254,0.010000000000003229,True,True,120.91002659593258,169.6772224496561,48.767195853723535,True,0
1114,2010-06-08,122.0,125.72320236824542,3.723202368245424,-3.723202368245424,4.831146649804751,42.95,0.015000000000002255,0.01500000000000323,True,True,120.89205571844067,168.67320236824543,47.781146649804754,True,0
1115,2010-06-09,120.31,122.00812954216244,1.6981295421624338,-1.6981295421624338,4.454095901180565,37.61,0.020000000000002256,0.02000000000000323,True,True,117.55403364098187,159.61812954216242,42.06409590118055,True,0
1116,2010-06-10,120.0,120.2654323397353,0.26543233973529823,-0.26543233973529823,4.060829306802077,36.98,0.025000000000002257,0.02500000000000323,True,True,116.20460303293322,157.2454323397353,41.04082930680207,True,0
1117,2010-06-11,121.39,119.89312954305842,-1.4968704569415792,1.4968704569415792,3.723202368245424,9.219771232147934,0.030000000000002257,0.030000000000003232,True,True,116.169927174813,129.11290077520636,12.942973600393358,True,0
1118,2010-06-14,124.24,121.21213788719155,-3.0278621128084495,3.0278621128084495,3.4183245618666405,6.600213493306498,0.03500000000000226,0.03500000000000324,True,True,117.7938133253249,127.81235138049804,10.018538055173138,True,0
1119,2010-06-15,123.2,123.99541276461265,0.7954127646126494,-0.7954127646126494,3.335579191863104,5.9647052015063835,0.040000000000002256,0.04000000000000324,True,True,120.65983357274955,129.96011796611904,9.300284393369495,True,0
1120,2010-06-16,125.39,123.08489200232732,-2.3051079976726783,2.3051079976726783,3.263973089170321,5.59665441533582,0.04500000000000226,0.045000000000003246,True,True,119.820918913157,128.68154641766313,8.860627504506127,True,0
1121,2010-06-17,126.74,125.1850976484458,-1.5549023515541904,1.5549023515541904,3.0519731219600885,4.903928498957427,0.050000000000002265,0.05000000000000325,True,True,122.13312452648572,130.08902614740322,7.955901620917501,True,0
1122,2010-06-18,126.48,126.54268566759384,0.06268566759383987,-0.06268566759383987,2.9413746145605835,4.636139467606782,0.05500000000000227,0.055000000000003255,True,True,123.60131105303326,131.1788251352006,7.577514082167355,True,0
1123,2010-06-21,126.79,126.34632504985596,-0.4436749501440431,0.4436749501440431,2.869160443671902,4.436643377821838,0.060000000000002274,0.06000000000000326,True,True,123.47716460618406,130.78296842767782,7.305803821493754,True,0
1124,2010-06-22,122.65,126.64707201157508,3.997072011575071,-3.997072011575071,2.8234860486588076,4.293657487471137,0.06500000000000228,0.06500000000000326,False,True,123.82358596291627,130.9407294990462,7.11714353612993,False,1
1125,2010-06-23,122.11,122.66186667294214,0.5518666729421398,-0.5518666729421398,inf,3.9243451507042266,-0.029999999999997723,0.07000000000000327,True,True,-inf,126.58621182364637,inf,True,0
1126,2010-06-24,120.61,122.02600595593546,1.4160059559354607,-1.4160059559354607,inf,3.602844958007438,-0.024999999999997722,0.07500000000000327,True,True,-inf,125.6288509139429,inf,True,0
1127,2010-06-25,118.14,120.53736221063285,2.397362210632849,-2.397362210632849,inf,3.5203079912296857,-0.01999999999999772,0.08000000000000328,True,True,-inf,124.05767020186254,inf,True,0
1128,2010-06-28,118.85,118.10885551133902,-0.7411444886609786,0.7411444886609786,inf,3.4899380650063563,-0.01499999999999772,0.08500000000000328,True,True,-inf,121.59879357634537,inf,True,0
1129,2010-06-29,116.26,118.71398642305465,2.453986423054644,-2.453986423054644,inf,3.407496699014942,-0.009999999999997719,0.09000000000000329,True,True,-inf,122.12148312206959,inf,True,0
1130,2010-06-30,108.58,116.22298759485167,7.642987594851675,-7.642987594851675,inf,3.224879221297769,-0.004999999999997718,0.09500000000000329,True,True,-inf,119.44786681614944,inf,True,0
1131,2010-07-01,108.9,108.73370920875035,-0.16629079124965074,0.16629079124965074,inf,2.994318918808233,2.282896094385478e-15,0.1000000000000033,True,True,-inf,111.72802812755859,inf,True,0
1132,2010-07-02,110.92,108.82269152207608,-2.0973084779239173,2.0973084779239173,7.611320153076839,2.9148100476413674,0.005000000000002284,0.1050000000000033,True,True,101.21137136899924,111.73750156971745,10.526130200718214,True,0
1133,2010-07-06,110.65,110.73357628059134,0.08357628059133049,-0.08357628059133049,5.399616352598684,2.797967833303403,0.010000000000002285,0.1100000000000033,True,True,105.33395992799265,113.53154411389474,8.197584185902087,True,0
1134,2010-07-07,109.84,110.52985222511401,0.6898522251140093,-0.6898522251140093,4.889122137728307,2.6746075693890603,0.015000000000002286,0.11500000000000331,True,True,105.6407300873857,113.20445979450307,7.563729707117361,True,0
1135,2010-07-08,115.02,109.75636272961447,-5.26363727038553,5.26363727038553,4.483608339694882,2.588382389875804,0.020000000000002287,0.12000000000000331,True,False,105.27275438991958,112.34474511949027,7.071990729570686,False,1
1136,2010-07-09,116.55,114.72373196556168,-1.8262680344383142,1.8262680344383142,4.060829306802077,36.7,0.025000000000002288,0.02500000000000331,True,True,110.6629026587596,151.42373196556167,40.760829306802066,True,0
1137,2010-07-12,117.81,116.33362703505577,-1.4763729649442325,1.4763729649442325,3.7314549404957873,8.855407630738071,0.03000000000000229,0.030000000000003312,True,True,112.60217209455999,125.18903466579384,12.586862571233851,True,0
1138,2010-07-13,120.69,117.63121029318366,-3.0587897068163414,3.0587897068163414,3.4661290183451854,6.600213493306498,0.03500000000000229,0.03500000000000331,True,True,114.16508127483847,124.23142378649015,10.066342511651683,True,0
1139,2010-07-14,123.03,120.45537508453586,-2.574624915464142,2.574624915464142,3.3485030667322917,5.914256353834034,0.0400000000000023,0.04000000000000331,True,True,117.10687201780357,126.3696314383699,9.262759420566326,True,0
1140,2010-07-15,120.13,122.80126855443149,2.6712685544314922,-2.6712685544314922,3.2955622078958413,5.26363727038553,0.0450000000000023,0.045000000000003315,True,True,119.50570634653565,128.064905824817,8.559199478281357,True,0
1141,2010-07-16,121.28,120.0805706282804,-1.199429371719603,1.199429371719603,3.161111502845742,4.903928498957427,0.050000000000002306,0.05000000000000332,True,True,116.91945912543466,124.98449912723783,8.065040001803169,True,0
1142,2010-07-19,118.38,121.13244453298284,2.7524445329828495,-2.7524445329828495,2.954996977618464,4.636139467606782,0.05500000000000231,0.055000000000003324,True,True,118.17744755536438,125.76858400058963,7.591136445225246,True,0
1143,2010-07-20,120.61,118.34306825624823,-2.266931743751769,2.266931743751769,2.8703246188081124,4.436643377821838,0.060000000000002315,0.06000000000000333,True,True,115.47274363744012,122.77971163407007,7.30696799662995,True,0
1144,2010-07-21,120.62,120.4238406147663,-0.1961593852336989,0.1961593852336989,2.8234860486588076,4.264209125490069,0.06500000000000232,0.06500000000000333,True,True,117.6003545661075,124.68804974025637,7.087695174148877,True,0
1145,2010-07-22,118.71,120.47715780343093,1.7671578034309334,-1.7671578034309334,2.7524445329828495,3.820990240605795,0.07000000000000232,0.07000000000000334,True,True,117.72471327044808,124.29814804403672,6.5734347735886445,True,0
1146,2010-07-23,105.92,118.64856666152504,12.728566661525036,-12.728566661525036,2.7061092230506034,3.602844958007438,0.07500000000000233,0.07500000000000334,False,True,115.94245743847443,122.25141161953248,6.308954181058041,False,1
1147,2010-07-26,118.26,106.21344160418907,-12.046558395810933,12.046558395810933,inf,3.5203079912296857,-0.019999999999997672,0.08000000000000335,True,False,-inf,109.73374959541876,inf,False,1
1148,2010-07-27,118.43,117.68678412907973,-0.743215870920281,0.743215870920281,inf,inf,-0.014999999999997671,-0.014999999999996655,True,True,-inf,inf,inf,True,0
1149,2010-07-28,117.0,118.17886168055426,1.178861680554263,-1.178861680554263,inf,inf,-0.00999999999999767,-0.009999999999996654,True,True,-inf,inf,inf,True,0
1150,2010-07-29,117.99,116.9348374841401,-1.055162515859891,1.055162515859891,inf,inf,-0.0049999999999976695,-0.004999999999996653,True,True,-inf,inf,inf,True,0
1151,2010-07-30,115.53,117.83671486363917,2.306714863639172,-2.306714863639172,inf,inf,2.3314683517128287e-15,3.3480163086352377e-15,True,True,-inf,inf,inf,True,0
1152,2010-08-02,119.15,115.50304117666104,-3.646958823338963,3.646958823338963,7.642987594851675,45.41,0.0050000000000023324,0.005000000000003349,True,True,107.86005358180937,160.91304117666104,53.05298759485167,True,0
1153,2010-08-03,120.0,118.88816572360328,-1.1118342763967206,1.1118342763967206,5.545091823505189,43.5,0.010000000000002333,0.01000000000000335,True,True,113.34307390009809,162.38816572360327,49.045091823505174,True,0
1154,2010-08-04,123.06,119.79957846958433,-3.2604215304156696,3.2604215304156696,4.889122137728307,42.95,0.015000000000002334,0.015000000000003351,True,True,114.91045633185603,162.74957846958432,47.839122137728296,True,0
1155,2010-08-05,126.77,122.7877798721776,-3.9822201278224014,3.9822201278224014,4.483608339694882,37.34,0.020000000000002335,0.020000000000003352,True,True,118.30417153248271,160.1277798721776,41.823608339694886,True,0
1156,2010-08-06,126.72,126.44751612617866,-0.27248387382134354,0.27248387382134354,4.128248268300425,36.7,0.025000000000002336,0.025000000000003353,True,True,122.31926785787823,163.14751612617866,40.82824826830043,True,0
1157,2010-08-09,128.46,126.55416216179691,-1.905837838203098,1.905837838203098,3.7565483725393847,9.219771232147934,0.030000000000002337,0.030000000000003354,True,True,122.79761378925753,135.77393339394484,12.976319604687319,True,0
1158,2010-08-10,127.95,128.25038416630517,0.3003841663051645,-0.3003841663051645,3.4661290183451854,6.600213493306498,0.035000000000002335,0.035000000000003355,True,True,124.78425514795998,134.85059765961165,10.06634251165167,True,0
1159,2010-08-11,128.1,127.82130549887339,-0.27869450112660843,0.27869450112660843,3.3485030667322917,5.914256353834034,0.04000000000000234,0.04000000000000335,True,True,124.4728024321411,133.7355618527074,9.262759420566312,True,0
1160,2010-08-12,123.76,127.96255205036302,4.2025520503630105,-4.2025520503630105,3.2955622078958413,5.26363727038553,0.045000000000002344,0.04500000000000336,False,True,124.66698984246717,133.22618932074855,8.559199478281371,False,1
1161,2010-08-13,126.06,123.80770586316295,-2.252294136837051,2.252294136837051,inf,4.903928498957427,-0.04999999999999766,0.05000000000000336,True,True,-inf,128.71163436212038,inf,True,0
1162,2010-08-16,123.61,125.86308059485584,2.253080594855845,-2.253080594855845,inf,4.636139467606782,-0.04499999999999765,0.055000000000003366,True,True,-inf,130.49922006246263,inf,True,0
1163,2010-08-17,127.34,123.56573403258331,-3.774265967416696,3.774265967416696,inf,4.436643377821838,-0.03999999999999765,0.06000000000000337,True,True,-inf,128.00237741040513,inf,True,0
1164,2010-08-18,129.25,127.05864344527706,-2.191356554722944,2.191356554722944,inf,4.264209125490069,-0.034999999999997644,0.06500000000000337,True,True,-inf,131.3228525707671,inf,True,0
1165,2010-08-19,129.22,129.00145208184995,-0.21854791815005115,0.21854791815005115,inf,3.9243451507042266,-0.029999999999997643,0.07000000000000338,True,True,-inf,132.92579723255417,inf,True,0
1166,2010-08-20,127.2,129.07080922128029,1.8708092212802825,-1.8708092212802825,inf,3.646958823338963,-0.024999999999997642,0.07500000000000338,True,True,-inf,132.71776804461925,inf,True,0
1167,2010-08-23,127.86,127.15267092395993,-0.7073290760400681,0.7073290760400681,inf,3.5701803880112806,-0.01999999999999764,0.08000000000000339,True,True,-inf,130.72285131197123,inf,True,0
1168,2010-08-24,125.41,127.71252228974792,2.3025222897479267,-2.3025222897479267,inf,3.493139486756405,-0.01499999999999764,0.08500000000000339,True,True,-inf,131.20566177650431,inf,True,0
1169,2010-08-25,123.85,125.3779547257658,1.5279547257658095,-1.5279547257658095,inf,3.418989654023477,-0.00999999999999764,0.0900000000000034,True,True,-inf,128.7969443797893,inf,True,0
1170,2010-08-26,127.15,123.80425563719652,-3.3457443628034866,3.3457443628034866,inf,3.2396490463103618,-0.004999999999997638,0.0950000000000034,True,False,-inf,127.04390468350688,inf,False,1
1171,2010-08-27,125.46,126.88401933746412,1.4240193374641308,-1.4240193374641308,inf,inf,2.3626933742804113e-15,3.400058012914542e-15,True,True,-inf,inf,inf,True,0
1172,2010-08-30,126.03,125.37536450454249,-0.6546354954575122,0.6546354954575122,7.642987594851675,45.41,0.005000000000002364,0.005000000000003401,True,True,117.73237690969081,170.78536450454249,53.05298759485167,True,0
1173,2010-08-31,122.85,125.88586525415691,3.035865254156917,-3.035865254156917,5.545091823505189,43.5,0.010000000000002365,0.010000000000003402,True,True,120.34077343065172,169.3858652541569,49.045091823505174,True,0
1174,2010-09-01,126.36,122.85437312113261,-3.505626878867389,3.505626878867389,4.889122137728307,42.95,0.015000000000002366,0.015000000000003403,True,True,117.9652509834043,165.8043731211326,47.83912213772831,True,0
1175,2010-09-02,132.17,126.09346557753717,-6.076534422462814,6.076534422462814,4.483608339694882,37.34,0.020000000000002367,0.020000000000003404,True,True,121.60985723784229,163.43346557753716,41.82360833969487,True,0
1176,2010-09-03,136.89,131.74362233575897,-5.146377664241015,5.146377664241015,4.128248268300425,36.7,0.025000000000002368,0.025000000000003405,True,True,127.61537406745855,168.44362233575896,40.82824826830041,True,0
1177,2010-09-07,137.56,136.5023395278635,-1.0576604721364902,1.0576604721364902,3.7565483725393847,8.855407630738071,0.03000000000000237,0.030000000000003406,True,True,132.74579115532413,145.35774715860157,12.611956003277442,True,0
1178,2010-09-08,137.93,137.35699159303115,-0.573008406968853,0.573008406968853,3.4661290183451854,6.542630751341889,0.03500000000000237,0.0350000000000034,True,True,133.89086257468597,143.89962234437303,10.00875976968706,True,0
1179,2010-09-09,140.39,137.7698309324039,-2.6201690675960947,2.6201690675960947,3.3485030667322917,5.914256353834034,0.04000000000000237,0.04000000000000341,True,True,134.4213278656716,143.6840872862379,9.262759420566312,True,0
1180,2010-09-10,140.75,140.14369931988568,-0.606300680114316,0.606300680114316,3.2955622078958413,5.26363727038553,0.04500000000000237,0.04500000000000341,True,True,136.84813711198984,145.4073365902712,8.559199478281357,True,0
1181,2010-09-13,144.07,140.57731533816263,-3.492684661837359,3.492684661837359,3.161111502845742,4.913949003294476,0.050000000000002376,0.05000000000000342,True,True,137.41620383531688,145.4912643414571,8.075060506140233,True,0
1182,2010-09-14,144.5,143.78791717493363,-0.7120828250663749,0.7120828250663749,2.9581569850300014,4.699433799677728,0.05500000000000238,0.05500000000000342,True,True,140.82976018990362,148.48735097461136,7.657590784707736,True,0
1183,2010-09-15,144.88,144.31975237193288,-0.5602476280671169,0.5602476280671169,2.8709229881964546,4.443698801939092,0.060000000000002385,0.060000000000003426,True,True,141.44882938373644,148.76345117387197,7.314621790135533,True,0
1184,2010-09-16,145.4,144.72190569137572,-0.6780943086242814,0.6780943086242814,2.831713139362286,4.293657487471137,0.06500000000000239,0.06500000000000343,True,True,141.89019255201345,149.01556317884686,7.125370626833416,True,0
1185,2010-09-17,148.9,145.23665590620473,-3.663344093795274,3.663344093795274,2.7564680719167285,3.9822201278224014,0.0700000000000024,0.07000000000000343,True,True,142.48018783428802,149.21887603402712,6.7386881997391015,True,0
1186,2010-09-20,148.7,148.61169610156946,-0.08830389843052444,0.08830389843052444,2.7061092230506034,3.663344093795274,0.0750000000000024,0.07500000000000344,True,True,145.90558687851887,152.27504019536474,6.369453316845863,True,0
1187,2010-09-21,150.76,148.5469578189601,-2.2130421810398957,2.2130421810398957,2.583859375558987,3.5798246816233927,0.0800000000000024,0.08000000000000344,True,True,145.96309844340112,152.1267825005835,6.1636840571823654,True,0
1188,2010-09-22,149.84,150.53856492901977,0.6985649290197671,-0.6985649290197671,2.4807331781312953,3.5126941591125984,0.08500000000000241,0.08500000000000345,True,True,148.05783175088848,154.05125908813238,5.993427337243901,True,0
1189,2010-09-23,151.2,149.72793928116033,-1.472060718839657,1.472060718839657,2.4419978230654067,3.486810997452949,0.09000000000000241,0.09000000000000345,True,True,147.28594145809492,153.21475027861328,5.928808820518356,True,0
1190,2010-09-24,155.43,151.01276816459884,-4.417231835401168,4.417231835401168,2.3438969662274474,3.3457443628034866,0.09500000000000242,0.09500000000000346,True,False,148.6688711983714,154.35851252740233,5.689641329030934,False,1
1191,2010-09-27,160.22,155.1101457941615,-5.109854205838502,5.109854205838502,2.253080594855845,inf,0.10000000000000242,3.4555691641457997e-15,True,True,152.85706519930565,inf,inf,True,0
1192,2010-09-28,159.84,159.86597625661705,0.02597625661704228,-0.02597625661704228,2.1498872015359325,45.41,0.10500000000000242,0.0050000000000034565,True,True,157.7160890550811,205.27597625661704,47.55988720153593,True,0
1193,2010-09-29,159.03,159.69672146056936,0.666721460569363,-0.666721460569363,2.088200863990096,43.5,0.11000000000000243,0.010000000000003458,True,True,157.60852059657927,203.19672146056936,45.588200863990096,True,0
1194,2010-09-30,160.01,158.93616894664828,-1.0738310533517108,1.0738310533517108,2.039593750573104,42.95,0.11500000000000243,0.015000000000003458,True,True,156.89657519607516,201.8861689466483,44.989593750573135,True,0
1195,2010-10-01,157.08,159.84705730220222,2.767057302202204,-2.767057302202204,1.9892305574384608,37.34,0.12000000000000244,0.02000000000000346,False,True,157.85782674476377,197.18705730220222,39.32923055743845,False,1
1196,2010-10-04,153.95,157.0611787260207,3.111178726020711,-3.111178726020711,4.128248268300425,36.7,0.025000000000002437,0.02500000000000346,True,True,152.93293045772026,193.76117872602072,40.828248268300456,True,0
1197,2010-10-05,157.08,153.9591008292055,-3.1208991707945017,3.1208991707945017,3.7565483725393847,8.855407630738071,0.030000000000002438,0.03000000000000346,True,True,150.20255245666613,162.81450845994357,12.611956003277442,True,0
1198,2010-10-06,160.6,156.84032257955403,-3.7596774204459678,3.7596774204459678,3.4661290183451854,6.542630751341889,0.03500000000000244,0.03500000000000346,True,True,153.37419356120884,163.38295333089593,10.008759769687089,True,0
1199,2010-10-07,156.51,160.30477242954032,3.7947724295403304,-3.7947724295403304,3.3485030667322917,5.914256353834034,0.040000000000002436,0.04000000000000346,False,True,156.95626936280803,166.21902878337437,9.26275942056634,False,1
1200,2010-10-08,155.18,156.5176032139495,1.3376032139495067,-1.3376032139495067,inf,5.26363727038553,-0.054999999999997565,0.04500000000000347,True,True,-inf,161.78124048433506,inf,True,0
1201,2010-10-11,154.89,155.13166520010915,0.2416652001091677,-0.2416652001091677,inf,4.913949003294476,-0.04999999999999756,0.05000000000000347,True,True,-inf,160.04561420340363,inf,True,0
1202,2010-10-12,152.51,154.77854762993024,2.2685476299302536,-2.2685476299302536,inf,4.636139467606782,-0.044999999999997556,0.05500000000000348,True,True,-inf,159.414687097537,inf,True,0
1203,2010-10-13,156.69,152.47318986821423,-4.216810131785763,4.216810131785763,inf,4.436643377821838,-0.03999999999999755,0.06000000000000348,True,True,-inf,156.90983324603607,inf,True,0
1204,2010-10-14,155.16,156.40232086014964,1.242320860149647,-1.242320860149647,inf,4.293657487471137,-0.03499999999999755,0.06500000000000349,True,True,-inf,160.69597834762078,inf,True,0
1205,2010-10-15,158.42,155.05834455056873,-3.361655449431254,3.361655449431254,inf,4.078420857326037,-0.029999999999997546,0.07000000000000349,True,True,-inf,159.13676540789476,inf,True,0
1206,2010-10-18,165.0,158.16388345004697,-6.836116549953033,6.836116549953033,inf,3.7596774204459678,-0.024999999999997545,0.0750000000000035,True,False,-inf,161.92356087049293,inf,False,1
1207,2010-10-19,160.68,164.57733791573168,3.8973379157316685,-3.8973379157316685,inf,inf,-0.019999999999997544,-0.019999999999996507,True,True,-inf,inf,inf,True,0
1208,2010-10-20,158.78,160.67825392562204,1.8982539256220434,-1.8982539256220434,inf,inf,-0.014999999999997543,-0.014999999999996506,True,True,-inf,inf,inf,True,0
1209,2010-10-21,162.67,158.76288023486717,-3.907119765132819,3.907119765132819,inf,inf,-0.009999999999997542,-0.009999999999996505,True,True,-inf,inf,inf,True,0
1210,2010-10-22,162.45,162.39753617792832,-0.05246382207167244,0.05246382207167244,inf,inf,-0.004999999999997541,-0.004999999999996504,True,True,-inf,inf,inf,True,0
1211,2010-10-25,171.57,162.298649053282,-9.271350946718002,9.271350946718002,inf,inf,2.4598378889351125e-15,3.497202527569243e-15,True,True,-inf,inf,inf,True,0
1212,2010-10-26,167.57,171.06715015147773,3.49715015147774,-3.49715015147774,7.611320153076839,44.65,0.005000000000002461,0.005000000000003498,True,True,163.4558299984009,215.71715015147774,52.26132015307684,True,0
1213,2010-10-27,168.91,167.54832357211762,-1.3616764278823723,1.3616764278823723,5.399616352598684,43.48,0.010000000000002462,0.0100000000000035,True,True,162.14870721951894,211.0283235721176,48.879616352598674,True,0
1214,2010-10-28,168.31,168.7646507912095,0.45465079120950236,-0.45465079120950236,4.831146649804751,42.92,0.015000000000002463,0.0150000000000035,True,True,163.93350414140474,211.6846507912095,47.75114664980475,True,0
1215,2010-10-29,165.8,168.20736661384407,2.4073666138440615,-2.4073666138440615,4.454095901180565,37.25,0.020000000000002464,0.0200000000000035,True,True,163.7532707126635,205.45736661384407,41.70409590118058,True,0
1216,2010-11-01,164.45,165.788828491728,1.3388284917280089,-1.3388284917280089,4.060829306802077,17.431662177681503,0.025000000000002465,0.025000000000003502,True,True,161.72799918492592,183.22049066940951,21.492491484483594,True,0
1217,2010-11-02,163.75,164.40136674038587,0.6513667403858676,-0.6513667403858676,3.7864608305418983,8.855407630738071,0.030000000000002466,0.030000000000003503,True,True,160.61490590984397,173.25677437112392,12.641868461279955,True,0
1218,2010-11-03,165.4,163.66425560609903,-1.7357443939009727,1.7357443939009727,3.493804601489771,6.600213493306498,0.03500000000000247,0.0350000000000035,True,True,160.17045100460928,170.26446909940552,10.09401809479624,True,0
1219,2010-11-04,169.86,165.2110744368564,-4.648925563143621,4.648925563143621,3.4083280097670468,5.9647052015063835,0.040000000000002464,0.040000000000003505,True,True,161.80274642708935,171.17577963836277,9.373033211273423,True,0
1220,2010-11-05,169.35,169.53774302861606,0.18774302861606884,-0.18774302861606884,3.310003113181196,5.59665441533582,0.04500000000000247,0.04500000000000351,True,True,166.22773991543488,175.13439744395188,8.906657528517002,True,0
1221,2010-11-08,170.84,169.21968325420144,-1.6203167457985614,1.6203167457985614,3.1938458310200417,4.944946333592554,0.05000000000000247,0.050000000000003514,True,True,166.0258374231814,174.164629587794,8.138792164612596,True,0
1222,2010-11-09,172.67,170.66444651062778,-2.005553489372204,2.005553489372204,2.9611715975599537,4.699433799677728,0.05500000000000248,0.05500000000000352,True,True,167.70327491306784,175.36388031030552,7.660605397237674,True,0
1223,2010-11-10,170.59,172.4678581949794,1.8778581949794102,-1.8778581949794102,2.885251627247797,4.4709080800327285,0.06000000000000248,0.06000000000000352,True,True,169.5826065677316,176.93876627501214,7.35615970728054,True,0
1224,2010-11-11,171.0,170.5484273665997,-0.4515726334003034,0.4515726334003034,2.8545518459019377,4.331643840058561,0.06500000000000249,0.06500000000000353,True,True,167.69387552069776,174.88007120665827,7.186195685960513,True,0
1225,2010-11-12,170.12,170.88240752300263,0.7624075230026222,-0.7624075230026222,2.780303997780578,4.149251007800132,0.07000000000000249,0.07000000000000353,True,True,168.10210352522205,175.03165853080276,6.92955500558071,True,0
1226,2010-11-15,165.16,170.03726447309205,4.877264473092055,-4.877264473092055,2.71731753294884,3.820990240605795,0.0750000000000025,0.07500000000000354,False,True,167.3199469401432,173.85825471369785,6.538307773554635,False,1
1227,2010-11-16,158.74,165.24962318939436,6.509623189394347,-6.509623189394347,inf,3.646958823338963,-0.019999999999997506,0.08000000000000354,True,True,-inf,168.89658201273332,inf,True,0
1228,2010-11-17,157.84,158.9021961657761,1.0621961657761005,-1.0621961657761005,inf,3.5701803880112806,-0.014999999999997505,0.08500000000000354,True,True,-inf,162.4723765537874,inf,True,0
1229,2010-11-18,160.74,157.78765091291436,-2.9523490870856506,2.9523490870856506,inf,3.505626878867389,-0.009999999999997504,0.09000000000000355,True,True,-inf,161.29327779178175,inf,True,0
1230,2010-11-19,163.95,160.4961984448468,-3.453801555153177,3.453801555153177,inf,3.4440326130802106,-0.004999999999997503,0.09500000000000355,True,False,-inf,163.940231057927,inf,False,1
1231,2010-11-22,165.1,163.66708082078375,-1.432919179216242,1.432919179216242,inf,inf,2.4980018054066022e-15,3.552713678800501e-15,True,True,-inf,inf,inf,True,0
1232,2010-11-23,168.61,164.9021106181323,-3.707889381867716,3.707889381867716,7.611320153076839,44.65,0.005000000000002499,0.005000000000003554,True,True,157.29079046505547,209.5521106181323,52.26132015307684,True,0
1233,2010-11-24,171.53,168.3348720096778,-3.1951279903221916,3.1951279903221916,5.545091823505189,43.48,0.0100000000000025,0.010000000000003555,True,True,162.7897801861726,211.8148720096778,49.02509182350519,True,0
1234,2010-11-26,177.36,171.26680323974554,-6.093196760254472,6.093196760254472,4.889122137728307,42.92,0.015000000000002501,0.015000000000003556,True,True,166.37768110201722,214.18680323974553,47.80912213772831,True,0
1235,2010-11-29,179.99,176.99362676923954,-2.9963732307604687,2.9963732307604687,4.543449545106583,37.25,0.020000000000002502,0.020000000000003557,True,True,172.45017722413297,214.24362676923954,41.79344954510657,True,0
1236,2010-11-30,176.95,179.74230688165065,2.79230688165066,-2.79230688165066,4.2025520503630105,17.431662177681503,0.025000000000002503,0.025000000000003558,True,True,175.53975483128764,197.17396905933214,21.6342142280445,True,0
1237,2010-12-01,179.16,176.94180830971104,-2.218191690288961,2.218191690288961,3.7947724295403304,8.43241410940513,0.030000000000002504,0.03000000000000356,True,True,173.1470358801707,185.37422241911617,12.22718653894546,True,0
1238,2010-12-02,176.86,178.98513237935182,2.125132379351811,-2.125132379351811,3.49715015147774,6.542630751341889,0.0350000000000025,0.035000000000003556,True,True,175.48798222787408,185.5277631306937,10.039780902819615,True,0
1239,2010-12-03,175.5,176.82633489036215,1.3263348903621477,-1.3263348903621477,3.408381753616027,5.9647052015063835,0.040000000000002506,0.04000000000000356,True,True,173.41795313674612,182.79104009186852,9.373086955122403,True,0
1240,2010-12-06,175.52,175.45532452034715,-0.06467547965286258,0.06467547965286258,3.3245834561466268,5.59665441533582,0.04500000000000251,0.045000000000003565,True,True,172.13074106420052,181.05197893568297,8.921237871482447,True,0
1241,2010-12-07,180.5,175.41434108578437,-5.085658914215628,5.085658914215628,3.2057372503300243,4.944946333592554,0.050000000000002515,0.05000000000000357,True,False,172.20860383545434,180.35928741937693,8.150683583922586,False,1
1242,2010-12-08,177.49,180.19309302693793,2.703093026937921,-2.703093026937921,2.9841768871517402,inf,0.05500000000000252,-0.04499999999999643,True,True,177.2089161397862,inf,inf,True,0
1243,2010-12-09,177.77,177.4663368034141,-0.3036631965859158,0.3036631965859158,2.8987912322142506,inf,0.060000000000002524,-0.03999999999999643,True,True,174.56754557119984,inf,inf,True,0
1244,2010-12-10,174.88,177.66854934421747,2.788549344217472,-2.788549344217472,2.856208458145943,inf,0.06500000000000253,-0.03499999999999642,True,True,174.81234088607152,inf,inf,True,0
1245,2010-12-13,176.33,174.8783944935801,-1.4516055064199236,1.4516055064199236,2.788549344217472,inf,0.07000000000000253,-0.029999999999996422,True,True,172.08984514936262,inf,inf,True,0
1246,2010-12-14,174.28,176.1765840014258,1.8965840014257935,-1.8965840014257935,2.74049783077308,inf,0.07500000000000254,-0.02499999999999642,True,True,173.43608617065271,inf,inf,True,0
1247,2010-12-15,173.72,174.23684126094915,0.5168412609491497,-0.5168412609491497,2.6940607467980584,inf,0.08000000000000254,-0.01999999999999642,True,True,171.5427805141511,inf,inf,True,0
1248,2010-12-16,175.58,173.637805932097,-1.9421940679030172,1.9421940679030172,2.5739153839685116,inf,0.08500000000000255,-0.014999999999996419,True,True,171.06389054812848,inf,inf,True,0
1249,2010-12-17,178.41,175.39302259847355,-3.0169774015264466,3.0169774015264466,2.4659889684694747,inf,0.09000000000000255,-0.009999999999996418,True,True,172.92703363000408,inf,inf,True,0
1250,2010-12-20,179.27,178.17195902168905,-1.0980409783109621,1.0980409783109621,2.4083390357081385,inf,0.09500000000000255,-0.004999999999996417,True,True,175.7636199859809,inf,inf,True,0
1251,2010-12-21,183.88,179.10754164527427,-4.772458354725728,4.772458354725728,2.3113471388180358,inf,0.10000000000000256,3.5839387013680835e-15,True,True,176.79619450645623,inf,inf,True,0
1252,2010-12-22,185.0,183.58566103701625,-1.4143389629837486,1.4143389629837486,2.253080594855845,44.65,0.10500000000000256,0.005000000000003585,True,True,181.3325804421604,228.23566103701626,46.90308059485585,True,0
1253,2010-12-23,184.34,184.82715888675523,0.4871588867552248,-0.4871588867552248,2.1498872015359325,43.48,0.11000000000000257,0.010000000000003586,True,True,182.6772716852193,228.30715888675522,45.62988720153592,True,0
1254,2010-12-27,181.9,184.25903104668686,2.3590310466868516,-2.3590310466868516,2.088200863990096,42.92,0.11500000000000257,0.015000000000003587,False,True,182.17083018269676,227.17903104668687,45.00820086399011,False,1
1255,2010-12-28,182.1,181.89559995340147,-0.20440004659852207,0.20440004659852207,4.483608339694882,37.08,0.02000000000000257,0.020000000000003588,True,True,177.4119916137066,218.97559995340146,41.563608339694866,True,0
1256,2010-12-29,181.8,182.00166617836098,0.20166617836096634,-0.20166617836096634,4.128248268300425,13.725655545674073,0.025000000000002572,0.02500000000000359,True,True,177.87341791006054,195.72732172403505,17.85390381397451,True,0
1257,2010-12-30,183.92,181.7045735188265,-2.2154264811734947,2.2154264811734947,3.7947724295403304,8.43241410940513,0.030000000000002573,0.03000000000000359,True,True,177.90980108928616,190.13698762823162,12.22718653894546,True,0
1258,2010-12-31,181.96,183.73395471041098,1.773954710410976,-1.773954710410976,3.49715015147774,6.542630751341889,0.03500000000000257,0.03500000000000359,True,True,180.23680455893324,190.27658546175286,10.039780902819615,True,0
1259,2011-01-03,181.37,181.9189806776785,0.548980677678486,-0.548980677678486,3.4083280097670468,5.914256353834034,0.040000000000002575,0.04000000000000359,True,True,178.51065266791144,187.8332370315125,9.322584363601067,True,0
1260,2011-01-04,186.15,181.29814086423477,-4.851859135765238,4.851859135765238,3.310003113181196,5.26363727038553,0.04500000000000258,0.04500000000000359,True,True,177.98813775105356,186.56177813462028,8.573640383566726,True,0
1261,2011-01-05,184.1,185.86023018939366,1.760230189393667,-1.760230189393667,3.1938458310200417,4.944946333592554,0.050000000000002584,0.0500000000000036,True,True,182.66638435837362,190.80517652298622,8.138792164612596,True,0
1262,2011-01-06,186.5,184.0486660907988,-2.451333909201196,2.451333909201196,2.9611715975599537,4.772458354725728,0.05500000000000259,0.0550000000000036,True,True,181.08749449323886,188.82112444552453,7.733629952285668,True,0
1263,2011-01-07,187.88,186.31624170215628,-1.5637582978437194,1.5637582978437194,2.885251627247797,4.608930260961898,0.06000000000000259,0.060000000000003606,True,True,183.4309900749085,190.92517196311817,7.494181888209681,True,0
1264,2011-01-10,185.04,187.71260292745265,2.672602927452658,-2.672602927452658,2.831713139362286,4.36932249805448,0.0650000000000026,0.06500000000000361,True,True,184.88088978809037,192.08192542550714,7.201035637416766,True,0
1265,2011-01-11,185.42,185.04389206132637,-0.3761079386736128,0.3761079386736128,2.7875452560443534,4.189984970971651,0.0700000000000026,0.07000000000000361,True,True,182.25634680528202,189.23387703229804,6.977530227016018,True,0
1266,2011-01-12,185.36,185.321353168484,-0.038646831516018665,0.038646831516018665,2.731156081692859,3.907119765132819,0.0750000000000026,0.07500000000000362,True,True,182.59019708679114,189.2284729336168,6.638275846825678,True,0
1267,2011-01-13,183.6,185.2583157242946,1.6583157242945958,-1.6583157242945958,2.6712685544314922,3.663344093795274,0.08000000000000261,0.08000000000000362,True,True,182.5870471698631,188.92165981808986,6.334612648226766,True,0
1268,2011-01-14,185.5,183.5663415918,-1.9336584081999888,1.9336584081999888,2.5562267701548507,3.5798246816233927,0.08500000000000262,0.08500000000000363,True,True,181.01011482164517,187.1461662734234,6.136051451778229,True,0
1269,2011-01-18,188.66,185.331773254665,-3.3282267453350016,3.3282267453350016,2.460104565862494,3.509516256578152,0.09000000000000262,0.09000000000000363,True,True,182.87166868880252,188.84128951124313,5.969620822440618,True,0
1270,2011-01-19,190.9,188.42181879272601,-2.478181207273991,2.478181207273991,2.4081595812087215,3.467611491937376,0.09500000000000262,0.09500000000000364,True,True,186.01365921151728,191.88943028466338,5.8757710731460975,True,0
1271,2011-01-20,185.29,190.6961786391669,5.40617863916691,-5.40617863916691,2.3113471388180358,3.3457443628034866,0.10000000000000263,0.10000000000000364,False,True,188.38483150034887,194.0419230019704,5.657091501621522,False,1
1272,2011-01-21,183.0,185.39682552496717,2.39682552496717,-2.39682552496717,7.611320153076839,3.2396490463103618,0.005000000000002627,0.10500000000000365,True,True,177.78550537189034,188.63647457127752,10.85096919938718,True,0
1273,2011-01-24,177.95,183.0223320230081,5.0723320230081015,-5.0723320230081015,5.545091823505189,3.124683228996254,0.010000000000002628,0.11000000000000365,True,True,177.4772401995029,186.14701525200434,8.66977505250145,True,0
1274,2011-01-25,175.5,178.04664350450872,2.5466435045087223,-2.5466435045087223,5.011847665536521,2.994318918808233,0.01500000000000263,0.11500000000000365,True,True,173.0347958389722,181.04096242331696,8.006166584344754,True,0
1275,2011-01-26,177.51,175.5062135477102,-2.003786452289802,2.003786452289802,4.692270027240724,2.9148100476413674,0.02000000000000263,0.12000000000000366,True,True,170.81394352046948,178.42102359535156,7.607080074882077,True,0
1276,2011-01-27,177.48,177.32839705330355,-0.1516029466964426,0.1516029466964426,4.302029447972899,2.7630706329127435,0.02500000000000263,0.12500000000000366,True,True,173.02636760533065,180.09146768621628,7.065100080885628,True,0
1277,2011-01-28,171.45,177.35157956559743,5.901579565597444,-5.901579565597444,3.797377881746982,2.6581848352641657,0.030000000000002632,0.13000000000000367,False,True,173.55420168385047,180.0097644008616,6.455562717011134,False,1
1278,2011-01-31,170.16,171.56144306804956,1.4014430680495593,-1.4014430680495593,inf,2.574624915464142,-0.06499999999999737,0.13500000000000367,True,True,-inf,174.1360679835137,inf,True,0
1279,2011-02-01,170.52,170.1239142710871,-0.39608572891290805,0.39608572891290805,inf,2.5084678185328997,-0.05999999999999736,0.14000000000000368,True,True,-inf,172.63238208962,inf,True,0
1280,2011-02-02,171.42,170.3896955330099,-1.0303044669900885,1.0303044669900885,inf,2.4316724379476256,-0.05499999999999736,0.14500000000000368,True,True,-inf,172.8213679709575,inf,True,0
1281,2011-02-03,173.5,171.25823634890622,-2.241763651093777,2.241763651093777,inf,2.366746946082131,-0.04999999999999735,0.15000000000000369,True,True,-inf,173.62498329498834,inf,True,0
1282,2011-02-04,174.0,173.28960466108578,-0.7103953389142248,0.7103953389142248,inf,2.3051079976726783,-0.04499999999999735,0.1550000000000037,True,True,-inf,175.59471265875845,inf,True,0
1283,2011-02-07,176.15,173.8448256203584,-2.3051743796416133,2.3051743796416133,inf,2.2236098155307644,-0.03999999999999734,0.1600000000000037,True,False,-inf,176.06843543588917,inf,False,1
1284,2011-02-08,176.66,175.94214458047108,-0.7178554195289166,0.7178554195289166,inf,4.331643840058561,-0.03499999999999734,0.0650000000000037,True,True,-inf,180.27378842052963,inf,True,0
1285,2011-02-09,183.15,176.50676726725507,-6.643232732744934,6.643232732744934,inf,4.149251007800132,-0.029999999999997338,0.0700000000000037,True,False,-inf,180.6560182750552,inf,False,1
1286,2011-02-10,184.39,182.77626334433583,-1.6137366556641553,1.6137366556641553,inf,inf,-0.024999999999997337,-0.024999999999996303,True,True,-inf,inf,inf,True,0
1287,2011-02-11,185.56,184.19075552921765,-1.3692444707823483,1.3692444707823483,inf,inf,-0.019999999999997336,-0.019999999999996302,True,True,-inf,inf,inf,True,0
1288,2011-02-14,189.25,185.39857689857405,-3.851423101425951,3.851423101425951,inf,inf,-0.014999999999997335,-0.014999999999996301,True,True,-inf,inf,inf,True,0
1289,2011-02-15,188.73,188.99565511822343,0.26565511822343524,-0.26565511822343524,inf,inf,-0.009999999999997334,-0.0099999999999963,True,True,-inf,inf,inf,True,0
1290,2011-02-16,189.77,188.62483280153242,-1.1451671984675897,1.1451671984675897,inf,inf,-0.004999999999997333,-0.004999999999996299,True,True,-inf,inf,inf,True,0
1291,2011-02-17,185.77,189.63043732806085,3.86043732806084,-3.86043732806084,inf,inf,2.6680047060523293e-15,3.701899897734506e-15,True,True,-inf,inf,inf,True,0
1292,2011-02-18,187.54,185.80953655464154,-1.7304634453584526,1.7304634453584526,7.611320153076839,44.65,0.005000000000002669,0.005000000000003703,True,True,178.1982164015647,230.45953655464155,52.26132015307684,True,0
1293,2011-02-22,183.68,187.3867631442644,3.706763144264386,-3.706763144264386,5.901579565597444,43.48,0.01000000000000267,0.010000000000003704,True,True,181.48518357866695,230.86676314426438,49.381579565597434,True,0
1294,2011-02-23,180.25,183.70829844104662,3.4582984410466224,-3.4582984410466224,5.036240787092794,42.84,0.015000000000002671,0.015000000000003705,True,True,178.67205765395383,226.54829844104663,47.8762407870928,True,0
1295,2011-02-24,176.86,180.28508834116224,3.4250883411622226,-3.4250883411622226,4.737598771371339,37.08,0.020000000000002672,0.020000000000003706,True,True,175.5474895697909,217.36508834116222,41.81759877137131,True,0
1296,2011-02-25,178.95,176.8846962092573,-2.065303790742689,2.065303790742689,4.302029447972899,12.046558395810933,0.025000000000002673,0.025000000000003707,True,True,172.5826667612844,188.93125460506823,16.348587843783832,True,0
1297,2011-02-28,173.91,178.76719035939652,4.857190359396526,-4.857190359396526,3.8874014459674697,7.407676093026502,0.030000000000002674,0.030000000000003708,False,True,174.87978891342905,186.17486645242303,11.29507753899398,False,1
1298,2011-03-01,173.53,173.96970921267774,0.4397092126777409,-0.4397092126777409,inf,6.32626534488368,-0.06499999999999732,0.03500000000000371,True,True,-inf,180.2959745575614,inf,True,0
1299,2011-03-02,169.09,173.4437814229881,4.353781422988106,-4.353781422988106,inf,5.914256353834034,-0.05999999999999732,0.04000000000000371,True,True,-inf,179.35803777682213,inf,True,0
1300,2011-03-03,173.71,169.13366483136264,-4.576335168637371,4.576335168637371,inf,5.146377664241015,-0.054999999999997315,0.04500000000000372,True,True,-inf,174.28004249560365,inf,True,0
1301,2011-03-04,172.62,173.42007892482144,0.8000789248214346,-0.8000789248214346,inf,4.913949003294476,-0.04999999999999731,0.05000000000000372,True,True,-inf,178.33402792811592,inf,True,0
1302,2011-03-07,171.92,172.51842626215247,0.5984262621524863,-0.5984262621524863,inf,4.727720909330571,-0.044999999999997306,0.055000000000003726,True,True,-inf,177.24614717148305,inf,True,0
1303,2011-03-08,169.39,171.8261452905011,2.4361452905011163,-2.4361452905011163,inf,4.563741211035548,-0.0399999999999973,0.06000000000000373,True,True,-inf,176.38988650153664,inf,True,0
1304,2011-03-09,166.67,169.36419073041301,2.694190730413027,-2.694190730413027,inf,4.36932249805448,-0.0349999999999973,0.06500000000000374,True,True,-inf,173.7335132284675,inf,True,0
1305,2011-03-10,167.07,166.656662374438,-0.4133376255619794,0.4133376255619794,inf,4.149251007800132,-0.029999999999997296,0.07000000000000374,True,True,-inf,170.80591338223815,inf,True,0
1306,2011-03-11,165.5,166.93669193491013,1.4366919349101295,-1.4366919349101295,inf,3.851423101425951,-0.024999999999997295,0.07500000000000374,True,True,-inf,170.78811503633608,inf,True,0
1307,2011-03-14,166.6,165.43067882100001,-1.1693211789999793,1.1693211789999793,inf,3.663344093795274,-0.019999999999997294,0.08000000000000375,True,True,-inf,169.0940229147953,inf,True,0
1308,2011-03-15,161.39,166.43423776028857,5.044237760288581,-5.044237760288581,inf,3.5731667845510913,-0.014999999999997293,0.08500000000000375,True,True,-inf,170.00740454483966,inf,True,0
1309,2011-03-16,164.7,161.45810640492428,-3.241893595075709,3.241893595075709,inf,3.509516256578152,-0.009999999999997292,0.09000000000000376,True,True,-inf,164.96762266150245,inf,True,0
1310,2011-03-17,165.91,164.45604880075052,-1.4539511992494738,1.4539511992494738,inf,3.453801555153177,-0.004999999999997291,0.09500000000000376,True,True,-inf,167.9098503559037,inf,True,0
1311,2011-03-18,161.19,165.7202934865308,4.530293486530809,-4.530293486530809,inf,3.337869009852497,2.7096380694757727e-15,0.10000000000000377,True,True,-inf,169.05816249638332,inf,True,0
1312,2011-03-21,163.37,161.24120977757812,-2.128790222421884,2.128790222421884,7.611320153076839,3.2396490463103618,0.005000000000002711,0.10500000000000377,True,True,153.6298896245013,164.48085882388847,10.85096919938718,True,0
1313,2011-03-22,164.07,163.17217874445626,-0.8978212555437324,0.8978212555437324,5.545091823505189,3.1208991707945017,0.010000000000002712,0.11000000000000378,True,True,157.62708692095106,166.29307791525076,8.665990994299705,True,0
1314,2011-03-23,162.3,163.90342823965912,1.6034282396591095,-1.6034282396591095,5.044237760288581,2.994318918808233,0.015000000000002713,0.11500000000000378,True,True,158.85919047937054,166.89774715846735,8.038556679096814,True,0
1315,2011-03-24,168.21,162.2385845207297,-5.97141547927032,5.97141547927032,4.747800207663346,2.8906333592631483,0.020000000000002714,0.12000000000000378,True,False,157.49078431306634,165.12921787999284,7.638433566926494,False,1
1316,2011-03-25,171.64,167.84595907256949,-3.794040927430501,3.794040927430501,4.454095901180565,12.046558395810933,0.025000000000002714,0.025000000000003783,True,True,163.39186317138893,179.89251746838042,16.500654296991485,True,0
1317,2011-03-28,171.8,171.34704518846942,-0.4529548115305886,0.4529548115305886,4.060829306802077,7.1913533907224405,0.030000000000002715,0.030000000000003784,True,True,167.28621588166735,178.53839857919186,11.252182697524518,True,0
1318,2011-03-29,170.73,171.65129780579824,0.9212978057982468,-0.9212978057982468,3.7864608305418983,6.171438483048803,0.035000000000002716,0.035000000000003785,True,True,167.86483697525634,177.82273628884704,9.957899313590701,True,0
1319,2011-03-30,177.78,170.64443832696682,-7.13556167303318,7.13556167303318,3.49715015147774,5.914256353834034,0.040000000000002714,0.04000000000000378,True,False,167.14728817548908,176.55869468080084,9.41140650531176,False,1
1320,2011-03-31,179.31,177.37287589438048,-1.9371241056195174,1.9371241056195174,3.4183245618666405,inf,0.04500000000000272,-0.05499999999999622,True,True,173.95455133251386,inf,inf,True,0
1321,2011-04-01,181.58,179.09290710121442,-2.4870928987855905,2.4870928987855905,3.3245834561466268,inf,0.05000000000000272,-0.049999999999996214,True,True,175.7683236450678,inf,inf,True,0
1322,2011-04-04,180.89,181.36208843266544,0.4720884326654584,-0.4720884326654584,3.212467117304371,inf,0.05500000000000273,-0.04499999999999621,True,True,178.14962131536106,inf,inf,True,0
1323,2011-04-05,182.1,180.78650057473715,-1.3134994252628474,1.3134994252628474,2.9841768871517402,inf,0.06000000000000273,-0.039999999999996205,True,True,177.8023236875854,inf,inf,True,0
1324,2011-04-06,186.15,181.93423741091945,-4.215762589080555,4.215762589080555,2.8987912322142506,inf,0.06500000000000274,-0.0349999999999962,True,True,179.0354461787052,inf,inf,True,0
1325,2011-04-07,182.78,185.86590482024445,3.0859048202444512,-3.0859048202444512,2.8545518459019377,inf,0.07000000000000274,-0.0299999999999962,False,True,183.01135297434251,inf,inf,False,1
1326,2011-04-08,185.26,182.77640204481608,-2.4835979551839102,2.4835979551839102,inf,inf,-0.02499999999999726,-0.0249999999999962,True,True,-inf,inf,inf,True,0
1327,2011-04-11,184.86,185.05605310367656,0.19605310367654738,-0.19605310367654738,inf,inf,-0.01999999999999726,-0.019999999999996198,True,True,-inf,inf,inf,True,0
1328,2011-04-12,183.06,184.74794991724062,1.6879499172406156,-1.6879499172406156,inf,inf,-0.014999999999997259,-0.014999999999996197,True,True,-inf,inf,inf,True,0
1329,2011-04-13,180.83,183.01379311748641,2.1837931174864025,-2.1837931174864025,inf,inf,-0.009999999999997258,-0.009999999999996196,True,True,-inf,inf,inf,True,0
1330,2011-04-14,181.39,180.80409432904796,-0.5859056709520303,0.5859056709520303,inf,inf,-0.004999999999997257,-0.004999999999996195,True,True,-inf,inf,inf,True,0
1331,2011-04-15,181.0,181.25516952750104,0.25516952750103883,-0.25516952750103883,inf,inf,2.744332538995309e-15,3.805983306293115e-15,True,True,-inf,inf,inf,True,0
1332,2011-04-18,178.38,180.89136971459703,2.5113697145970377,-2.5113697145970377,7.611320153076839,44.65,0.005000000000002745,0.005000000000003807,True,True,173.2800495615202,225.54136971459704,52.26132015307684,True,0
1333,2011-04-19,178.35,178.36176691943476,0.011766919434762713,-0.011766919434762713,5.545091823505189,43.23,0.010000000000002746,0.010000000000003808,True,True,172.81667509592955,221.59176691943475,48.77509182350519,True,0
1334,2011-04-20,181.62,178.23789944336195,-3.3821005566380506,3.3821005566380506,5.044237760288581,42.84,0.015000000000002747,0.015000000000003809,True,True,173.19366168307337,221.07789944336196,47.884237760288585,True,0
1335,2011-04-21,184.56,181.3662695970614,-3.1937304029385984,3.1937304029385984,4.747800207663346,37.04,0.020000000000002748,0.02000000000000381,True,True,176.61846938939806,218.4062695970614,41.78780020766334,True,0
1336,2011-04-25,185.65,184.3078775485294,-1.3421224514706012,1.3421224514706012,4.400581239885014,10.395946211211111,0.02500000000000275,0.02500000000000381,True,True,179.9072963086444,194.70382375974052,14.796527451096125,True,0
1337,2011-04-26,186.27,185.47532028767014,-0.7946797123298666,0.7946797123298666,3.997072011575071,7.13556167303318,0.03000000000000275,0.030000000000003812,True,True,181.4782482760951,192.61088196070332,11.132633684608237,True,0
1338,2011-04-27,183.2,186.1227796433801,2.9227796433801245,-2.9227796433801245,3.7864608305418983,6.32626534488368,0.03500000000000275,0.03500000000000381,True,True,182.33631881283821,192.44904498826378,10.112726175425564,True,0
1339,2011-04-28,195.96,183.19763074592157,-12.762369254078436,12.762369254078436,3.493804601489771,5.914256353834034,0.040000000000002756,0.04000000000000381,True,False,179.7038261444318,189.11188709975562,9.408060955323833,False,1
1340,2011-04-29,194.38,195.32924180728224,0.9492418072822488,-0.9492418072822488,3.408381753616027,inf,0.04500000000000276,-0.05499999999999619,True,True,191.92086005366622,inf,inf,True,0
1341,2011-05-02,196.57,194.28042323912908,-2.289576760870915,2.289576760870915,3.310003113181196,inf,0.050000000000002764,-0.049999999999996186,True,True,190.9704201259479,inf,inf,True,0
1342,2011-05-03,201.0,196.37870105970495,-4.621298940295048,4.621298940295048,3.2057372503300243,inf,0.05500000000000277,-0.04499999999999618,True,True,193.17296380937492,inf,inf,True,0
1343,2011-05-04,198.25,200.70823844843645,2.458238448436447,-2.458238448436447,2.9841768871517402,inf,0.06000000000000277,-0.03999999999999618,True,True,197.7240615612847,inf,inf,True,0
1344,2011-05-05,198.66,198.2411578570251,-0.41884214297490985,0.41884214297490985,2.8987912322142506,inf,0.06500000000000278,-0.03499999999999617,True,True,195.34236662481084,inf,inf,True,0
1345,2011-05-06,199.1,198.5497371136458,-0.5502628863542043,0.5502628863542043,2.8545518459019377,inf,0.07000000000000278,-0.029999999999996172,True,True,195.69518526774385,inf,inf,True,0
1346,2011-05-09,198.34,198.9768763023788,0.6368763023787949,-0.6368763023787949,2.788549344217472,inf,0.07500000000000279,-0.02499999999999617,True,True,196.18832695816133,inf,inf,True,0
1347,2011-05-10,201.94,198.26481023114138,-3.6751897688586155,3.6751897688586155,2.731156081692859,inf,0.08000000000000279,-0.01999999999999617,True,True,195.53365414944852,inf,inf,True,0
1348,2011-05-11,203.12,201.69367448169336,-1.4263255183066406,1.4263255183066406,2.672602927452658,inf,0.0850000000000028,-0.01499999999999617,True,True,199.0210715542407,inf,inf,True,0
1349,2011-05-12,204.22,202.95936990332612,-1.2606300966738786,1.2606300966738786,2.5562267701548507,inf,0.0900000000000028,-0.009999999999996168,True,True,200.40314313317128,inf,inf,True,0
1350,2011-05-13,205.7,204.07402211723974,-1.6259778827602531,1.6259778827602531,2.4708931508863685,inf,0.0950000000000028,-0.004999999999996167,True,True,201.60312896635338,inf,inf,True,0
1351,2011-05-16,200.54,205.54096251590053,5.0009625159005395,-5.0009625159005395,2.4361452905011163,inf,0.10000000000000281,3.833738881908744e-15,False,True,203.10481722539942,inf,inf,False,1
1352,2011-05-17,191.82,200.6420914990088,8.82209149900882,-8.82209149900882,7.611320153076839,44.65,0.005000000000002808,0.005000000000003835,False,True,193.03077134593198,245.29209149900882,52.26132015307684,False,1
1353,2011-05-18,194.13,192.06756337769767,-2.0624366223023287,2.0624366223023287,inf,43.23,-0.0899999999999972,0.010000000000003836,True,True,-inf,235.29756337769766,inf,True,0
1354,2011-05-19,198.33,193.9596870041364,-4.3703129958636,4.3703129958636,inf,42.66,-0.08499999999999719,0.015000000000003837,True,True,-inf,236.6196870041364,inf,True,0
1355,2011-05-20,197.95,198.038928780978,0.08892878097802281,-0.08892878097802281,inf,36.98,-0.07999999999999718,0.020000000000003838,True,True,-inf,235.018928780978,inf,True,0
1356,2011-05-23,195.56,197.83602796090454,2.2760279609045426,-2.2760279609045426,inf,12.046558395810933,-0.07499999999999718,0.02500000000000384,True,True,-inf,209.88258635671548,inf,True,0
1357,2011-05-24,197.0,195.54717272094123,-1.4528272790587664,1.4528272790587664,inf,7.1913533907224405,-0.06999999999999718,0.03000000000000384,True,True,-inf,202.73852611166367,inf,True,0
1358,2011-05-25,193.57,196.84476284435246,3.274762844352466,-3.274762844352466,inf,6.32626534488368,-0.06499999999999717,0.03500000000000384,True,True,-inf,203.17102818923615,inf,True,0
1359,2011-05-26,191.24,193.5871762491954,2.3471762491953996,-2.3471762491953996,inf,5.914256353834034,-0.05999999999999717,0.04000000000000384,True,True,-inf,199.50143260302946,inf,True,0
1360,2011-05-27,194.76,191.23451224545565,-3.5254877545443435,3.5254877545443435,inf,5.146377664241015,-0.05499999999999716,0.04500000000000384,True,True,-inf,196.38088990969666,inf,True,0
1361,2011-05-31,195.94,194.51586489398392,-1.424135106016081,1.424135106016081,inf,4.913949003294476,-0.04999999999999716,0.05000000000000385,True,True,-inf,199.4298138972784,inf,True,0
1362,2011-06-01,196.06,195.7608321768334,-0.29916782316661283,0.29916782316661283,inf,4.727720909330571,-0.04499999999999715,0.05500000000000385,True,True,-inf,200.48855308616396,inf,True,0
1363,2011-06-02,192.28,195.9372024622399,3.657202462239894,-3.657202462239894,inf,4.576335168637371,-0.03999999999999715,0.060000000000003856,True,True,-inf,200.51353763087727,inf,True,0
1364,2011-06-03,191.23,192.31532219374157,1.0853221937415753,-1.0853221937415753,inf,4.3703129958636,-0.034999999999997145,0.06500000000000386,True,True,-inf,196.68563518960516,inf,True,0
1365,2011-06-06,188.66,191.17604268741317,2.516042687413176,-2.516042687413176,inf,4.215762589080555,-0.029999999999997144,0.07000000000000386,True,True,-inf,195.39180527649373,inf,True,0
1366,2011-06-07,185.72,188.6489253720846,2.928925372084592,-2.928925372084592,inf,3.907119765132819,-0.024999999999997143,0.07500000000000387,True,True,-inf,192.5560451372174,inf,True,0
1367,2011-06-08,187.45,185.72817366848966,-1.7218263315103286,1.7218263315103286,inf,3.731652177666632,-0.01999999999999714,0.08000000000000387,True,True,-inf,189.4598258461563,inf,True,0
1368,2011-06-09,189.74,187.27501719722034,-2.464982802779673,2.464982802779673,inf,3.602844958007438,-0.01499999999999714,0.08500000000000388,True,True,-inf,190.87786215522777,inf,True,0
1369,2011-06-10,189.25,189.51875990954755,0.2687599095475548,-0.2687599095475548,inf,3.5203079912296857,-0.00999999999999714,0.09000000000000388,True,True,-inf,193.03906790077724,inf,True,0
1370,2011-06-13,186.81,189.13751834812896,2.3275183481289616,-2.3275183481289616,inf,3.4899380650063563,-0.004999999999997139,0.09500000000000389,True,True,-inf,192.62745641313532,inf,True,0
1371,2011-06-14,188.99,186.788695826604,-2.201304173396011,2.201304173396011,inf,3.407496699014942,2.8622937353617317e-15,0.10000000000000389,True,True,-inf,190.19619252561893,inf,True,0
1372,2011-06-15,188.04,188.79579232730214,0.7557923273021458,-0.7557923273021458,7.642987594851675,3.3282267453350016,0.005000000000002863,0.1050000000000039,True,True,181.15280473245048,192.12401907263714,10.971214340186663,True,0
1373,2011-06-16,185.74,187.94534320576435,2.2053432057643363,-2.2053432057643363,5.901579565597444,3.1951279903221916,0.010000000000002864,0.1100000000000039,True,True,182.0437636401669,191.14047119608654,9.096707555919636,True,0
1374,2011-06-17,186.51,185.71515432822176,-0.7948456717782335,0.7948456717782335,5.044237760288581,3.036424903011813,0.015000000000002865,0.1150000000000039,True,True,180.67091656793318,188.75157923123356,8.080662663300387,True,0
1375,2011-06-20,185.96,186.3703047898115,0.4103047898115051,-0.4103047898115051,4.831146649804751,2.971707345633533,0.020000000000002866,0.12000000000000391,True,True,181.53915814000675,189.34201213544503,7.802853995438284,True,0
1376,2011-06-21,188.3,185.85554969439792,-2.444450305602089,2.444450305602089,4.454095901180565,2.8827320030242163,0.025000000000002867,0.1250000000000039,True,True,181.40145379321734,188.73828169742214,7.336827904204796,True,0
1377,2011-06-22,193.96,188.08744905601418,-5.8725509439858286,5.8725509439858286,4.060829306802077,2.6750102464273624,0.030000000000002868,0.13000000000000392,True,False,184.0266197492121,190.76245930244153,6.735839553229425,False,1
1378,2011-06-23,189.5,193.599397974816,4.099397974815986,-4.099397974815986,3.7864608305418983,6.171438483048803,0.03500000000000287,0.03500000000000392,False,True,189.8129371442741,199.7708364578648,9.957899313590701,False,1
1379,2011-06-24,193.88,189.52522816868267,-4.354771831317322,4.354771831317322,inf,5.885281025402918,-0.05999999999999713,0.04000000000000392,True,True,-inf,195.4105091940856,inf,True,0
1380,2011-06-27,194.5,193.60652542376948,-0.893474576230517,0.893474576230517,inf,5.146377664241015,-0.054999999999997135,0.045000000000003926,True,True,-inf,198.7529030880105,inf,True,0
1381,2011-06-28,201.92,194.33359187384005,-7.586408126159938,7.586408126159938,inf,4.913949003294476,-0.04999999999999713,0.05000000000000393,True,False,-inf,199.24754087713453,inf,False,1
1382,2011-06-29,202.67,201.49919006757892,-1.170809932421065,1.170809932421065,inf,inf,-0.044999999999997126,-0.04499999999999607,True,True,-inf,inf,inf,True,0
1383,2011-06-30,200.78,202.4941053024413,1.714105302441311,-1.714105302441311,inf,inf,-0.03999999999999712,-0.039999999999996066,True,True,-inf,inf,inf,True,0
1384,2011-07-01,205.55,200.74250646472836,-4.807493535271647,4.807493535271647,inf,inf,-0.03499999999999712,-0.03499999999999606,True,True,-inf,inf,inf,True,0
1385,2011-07-05,208.76,205.2578380337531,-3.502161966246888,3.502161966246888,inf,inf,-0.029999999999997116,-0.02999999999999606,True,True,-inf,inf,inf,True,0
1386,2011-07-06,212.12,208.5024251019332,-3.617574898066806,3.617574898066806,inf,inf,-0.024999999999997115,-0.02499999999999606,True,True,-inf,inf,inf,True,0
1387,2011-07-07,215.09,211.87127614116224,-3.2187238588377625,3.2187238588377625,inf,inf,-0.019999999999997114,-0.01999999999999606,True,True,-inf,inf,inf,True,0
1388,2011-07-08,214.3,214.8622985084626,0.5622985084625896,-0.5622985084625896,inf,inf,-0.014999999999997113,-0.014999999999996058,True,True,-inf,inf,inf,True,0
1389,2011-07-11,216.74,214.22511646122737,-2.5148835387726365,2.5148835387726365,inf,inf,-0.009999999999997112,-0.009999999999996057,True,True,-inf,inf,inf,True,0
1390,2011-07-12,214.64,216.55634879324018,1.9163487932401893,-1.9163487932401893,inf,inf,-0.004999999999997111,-0.004999999999996056,True,True,-inf,inf,inf,True,0
1391,2011-07-13,214.7,214.62080350690465,-0.07919649309533838,0.07919649309533838,inf,inf,2.8900493109773606e-15,3.944761184371259e-15,True,True,-inf,inf,inf,True,0
1392,2011-07-14,213.58,214.61478248204685,1.034782482046836,-1.034782482046836,7.642987594851675,44.65,0.005000000000002891,0.005000000000003946,True,True,206.9717948871952,259.2647824820468,52.29298759485164,True,0
1393,2011-07-15,213.08,213.53010456634854,0.4501045663485286,-0.4501045663485286,5.901579565597444,43.23,0.010000000000002892,0.010000000000003947,True,True,207.6285250007511,256.76010456634856,49.13157956559746,True,0
1394,2011-07-18,212.53,213.0094266754542,0.47942667545419226,-0.47942667545419226,5.044237760288581,42.66,0.015000000000002893,0.015000000000003948,True,True,207.9651889151656,255.6694266754542,47.70423776028858,True,0
1395,2011-07-19,213.77,212.4574028178198,-1.3125971821802125,1.3125971821802125,4.831146649804751,36.98,0.020000000000002894,0.02000000000000395,True,True,207.62625616801506,249.4374028178198,41.811146649804726,True,0
1396,2011-07-20,220.05,213.62688888944163,-6.423111110558381,6.423111110558381,4.454095901180565,10.395946211211111,0.025000000000002895,0.02500000000000395,True,True,209.17279298826105,224.02283510065274,14.85004211239169,True,0
1397,2011-07-21,216.74,219.70197614208783,2.9619761420878206,-2.9619761420878206,4.099397974815986,7.1913533907224405,0.030000000000002896,0.03000000000000395,True,True,215.60257816727184,226.89332953281027,11.290751365538426,True,0
1398,2011-07-22,213.86,216.75244205939126,2.892442059391243,-2.892442059391243,3.7947724295403304,6.423111110558381,0.0350000000000029,0.03500000000000395,True,True,212.95766962985093,223.17555316994964,10.217883540098711,True,0
1399,2011-07-25,215.49,213.89616331969577,-1.5938366803042356,1.5938366803042356,3.5895050947563902,5.9647052015063835,0.040000000000002894,0.04000000000000395,True,True,210.30665822493938,219.86086852120215,9.554210296262767,True,0
1400,2011-07-26,214.99,215.3448642182534,0.35486421825339676,-0.35486421825339676,3.4250883411622226,5.59665441533582,0.0450000000000029,0.045000000000003954,True,True,211.91977587709118,220.94151863358923,9.021742756498043,True,0
1401,2011-07-27,224.39,214.90701469113256,-9.482985308867427,9.482985308867427,3.3245834561466268,4.944946333592554,0.0500000000000029,0.05000000000000396,True,False,211.58243123498593,219.8519610247251,8.269529789739181,False,1
1402,2011-07-28,223.27,223.92307749948702,0.6530774994870114,-0.6530774994870114,3.212467117304371,inf,0.05500000000000291,-0.04499999999999604,True,True,220.71061038218267,inf,inf,True,0
1403,2011-07-29,221.29,223.18696708684442,1.8969670868444268,-1.8969670868444268,3.035865254156917,inf,0.06000000000000291,-0.03999999999999604,True,True,220.15110183268752,inf,inf,True,0
1404,2011-08-01,225.0,221.29106584913578,-3.7089341508642235,3.7089341508642235,2.928925372084592,inf,0.06500000000000292,-0.034999999999996034,True,True,218.36214047705118,inf,inf,True,0
1405,2011-08-02,220.32,224.77922087025286,4.459220870252864,-4.459220870252864,2.8703246188081124,inf,0.07000000000000292,-0.029999999999996033,False,True,221.90889625144473,inf,inf,False,1
1406,2011-08-03,209.48,220.40408695002725,10.92408695002726,-10.92408695002726,inf,inf,-0.02499999999999708,-0.024999999999996032,True,True,-inf,inf,inf,True,0
1407,2011-08-04,206.73,209.82519509193028,3.095195091930293,-3.095195091930293,inf,inf,-0.01999999999999708,-0.01999999999999603,True,True,-inf,inf,inf,True,0
1408,2011-08-05,204.67,206.78511475348068,2.1151147534806967,-2.1151147534806967,inf,inf,-0.014999999999997078,-0.01499999999999603,True,True,-inf,inf,inf,True,0
1409,2011-08-08,196.4,204.65200881534489,8.25200881534488,-8.25200881534488,inf,inf,-0.009999999999997077,-0.00999999999999603,True,True,-inf,inf,inf,True,0
1410,2011-08-09,196.7,196.60425114541547,-0.09574885458451377,0.09574885458451377,inf,inf,-0.004999999999997076,-0.0049999999999960285,True,True,-inf,inf,inf,True,0
1411,2011-08-10,200.76,196.60413234028928,-4.155867659710708,4.155867659710708,inf,inf,2.9247437804968968e-15,3.972516759986888e-15,True,True,-inf,inf,inf,True,0
1412,2011-08-11,197.01,200.48152523239995,3.471525232399955,-3.471525232399955,8.25200881534488,44.41,0.005000000000002926,0.0050000000000039735,True,True,192.22951641705507,244.89152523239994,52.662008815344876,True,0
1413,2011-08-12,200.28,197.01513091355582,-3.264869086444179,3.264869086444179,6.241705172505334,43.18,0.010000000000002927,0.010000000000003974,True,True,190.7734257410505,240.19513091355583,49.42170517250534,True,0
1414,2011-08-15,202.06,200.05077073917596,-2.0092292608240427,2.0092292608240427,5.0723320230081015,42.19,0.015000000000002928,0.015000000000003975,True,True,194.97843871616786,242.24077073917596,47.2623320230081,True,0
1415,2011-08-16,201.14,201.8564154191896,0.7164154191896159,-0.7164154191896159,4.857190359396526,36.7,0.02000000000000293,0.020000000000003976,True,True,196.99922505979308,238.5564154191896,41.557190359396515,True,0
1416,2011-08-17,198.53,201.05003267293722,2.5200326729372193,-2.5200326729372193,4.483608339694882,9.482985308867427,0.02500000000000293,0.025000000000003977,True,True,196.56642433324234,210.53301798180465,13.96659364856231,True,0
1417,2011-08-18,191.21,198.5176359269727,7.307635926972694,-7.307635926972694,4.2025520503630105,7.1913533907224405,0.03000000000000293,0.03000000000000398,False,True,194.3150838766097,205.70898931769514,11.393905441085451,False,1
1418,2011-08-19,180.29,191.37808554156706,11.088085541567068,-11.088085541567068,inf,6.423111110558381,-0.06499999999999707,0.03500000000000398,True,True,-inf,197.80119665212544,inf,True,0
1419,2011-08-22,182.83,180.58289744474337,-2.247102555256646,2.247102555256646,inf,5.9647052015063835,-0.05999999999999707,0.04000000000000398,True,True,-inf,186.54760264624974,inf,True,0
1420,2011-08-23,178.92,182.65594242338523,3.7359424233852394,-3.7359424233852394,inf,5.59665441533582,-0.054999999999997065,0.04500000000000398,True,True,-inf,188.25259683872105,inf,True,0
1421,2011-08-24,193.89,178.9290338003211,-14.960966199678893,14.960966199678893,inf,4.944946333592554,-0.04999999999999706,0.050000000000003986,True,False,-inf,183.87398013391365,inf,False,1
1422,2011-08-25,194.41,193.16618119430842,-1.2438188056915749,1.2438188056915749,inf,inf,-0.044999999999997056,-0.044999999999996015,True,True,-inf,inf,inf,True,0
1423,2011-08-26,191.24,194.21791959771048,2.9779195977104678,-2.9779195977104678,inf,inf,-0.03999999999999705,-0.03999999999999601,True,True,-inf,inf,inf,True,0
1424,2011-08-29,202.82,191.23358216054223,-11.586417839457766,11.586417839457766,inf,inf,-0.03499999999999705,-0.034999999999996007,True,True,-inf,inf,inf,True,0
1425,2011-08-30,205.78,202.23954154007023,-3.5404584599297664,3.5404584599297664,inf,inf,-0.029999999999997046,-0.029999999999996006,True,True,-inf,inf,inf,True,0
1426,2011-08-31,212.27,205.4956437142102,-6.774356285789821,6.774356285789821,inf,inf,-0.024999999999997045,-0.024999999999996005,True,True,-inf,inf,inf,True,0
1427,2011-09-01,215.28,211.8952164988181,-3.3847835011819143,3.3847835011819143,inf,inf,-0.019999999999997044,-0.019999999999996004,True,True,-inf,inf,inf,True,0
1428,2011-09-02,208.94,215.0382989947957,6.098298994795698,-6.098298994795698,inf,inf,-0.014999999999997043,-0.014999999999996003,True,True,-inf,inf,inf,True,0
1429,2011-09-06,204.77,209.05487787288132,4.28487787288131,-4.28487787288131,inf,inf,-0.009999999999997043,-0.009999999999996002,True,True,-inf,inf,inf,True,0
1430,2011-09-07,218.8,204.82667513171234,-13.973324868287676,13.973324868287676,inf,inf,-0.0049999999999970415,-0.004999999999996001,True,True,-inf,inf,inf,True,0
1431,2011-09-08,218.3,218.14917775476547,-0.15082224523453647,0.15082224523453647,inf,inf,2.959438250016433e-15,4.000272335602517e-15,True,True,-inf,inf,inf,True,0
1432,2011-09-09,215.05,218.14027332832654,3.090273328326532,-3.090273328326532,8.445680639693741,44.41,0.00500000000000296,0.005000000000004001,True,True,209.6945926886328,262.5502733283265,52.8556806396937,True,0
1433,2011-09-12,208.75,215.0691587638574,6.319158763857388,-6.319158763857388,6.509623189394347,43.18,0.010000000000002961,0.010000000000004002,True,True,208.55953557446304,258.2491587638574,49.689623189394354,True,0
1434,2011-09-13,217.79,208.89094715698855,-8.899052843011447,8.899052843011447,5.40617863916691,42.19,0.015000000000002962,0.015000000000004003,True,True,203.48476851782164,251.08094715698854,47.59617863916691,True,0
1435,2011-09-14,220.22,217.3560250170972,-2.863974982902789,2.863974982902789,5.011847665536521,36.7,0.020000000000002963,0.020000000000004004,True,True,212.3441773515607,254.05602501709723,41.71184766553654,True,0
1436,2011-09-15,223.99,219.95799262255844,-4.032007377441573,4.032007377441573,4.737598771371339,12.046558395810933,0.025000000000002964,0.025000000000004005,True,True,215.2203938511871,232.00455101836937,16.784157167182258,True,0
1437,2011-09-16,227.57,223.7264205713081,-3.8435794286918963,3.8435794286918963,4.384435860056229,8.43241410940513,0.030000000000002965,0.030000000000004006,True,True,219.34198471125188,232.15883468071323,12.816849969461344,True,0
1438,2011-09-19,237.11,227.31212407644807,-9.797875923551942,9.797875923551942,4.060829306802077,6.774356285789821,0.035000000000002966,0.03500000000000401,True,False,223.251294769646,234.0864803622379,10.835185592591898,False,1
1439,2011-09-20,240.8,236.63609365840784,-4.163906341592167,4.163906341592167,3.7864608305418983,inf,0.040000000000002964,-0.059999999999995994,True,True,232.84963282786595,inf,inf,True,0
1440,2011-09-21,234.51,240.53614078971907,6.026140789719079,-6.026140789719079,3.5895050947563902,inf,0.04500000000000297,-0.054999999999996,False,True,236.94663569496268,inf,inf,False,1
1441,2011-09-22,224.72,234.64250993934562,9.922509939345616,-9.922509939345616,inf,inf,-0.04999999999999703,-0.04999999999999599,True,True,-inf,inf,inf,True,0
1442,2011-09-23,220.51,225.0144501826642,4.504450182664215,-4.504450182664215,inf,inf,-0.04499999999999703,-0.04499999999999599,True,True,-inf,inf,inf,True,0
1443,2011-09-26,227.48,220.60942879793885,-6.870571202061143,6.870571202061143,inf,inf,-0.039999999999997024,-0.03999999999999598,True,True,-inf,inf,inf,True,0
1444,2011-09-27,234.22,227.14869940205088,-7.071300597949119,7.071300597949119,inf,inf,-0.03499999999999702,-0.03499999999999598,True,True,-inf,inf,inf,True,0
1445,2011-09-28,226.35,233.82886455847145,7.478864558471457,-7.478864558471457,inf,inf,-0.02999999999999702,-0.029999999999995978,True,True,-inf,inf,inf,True,0
1446,2011-09-29,234.17,226.48352345275222,-7.686476547247764,7.686476547247764,inf,inf,-0.024999999999997018,-0.024999999999995977,True,True,-inf,inf,inf,True,0
1447,2011-09-30,218.19,233.83895152066182,15.648951520661825,-15.648951520661825,inf,inf,-0.019999999999997017,-0.019999999999995976,True,True,-inf,inf,inf,True,0
1448,2011-10-03,217.01,218.64979492767807,1.639794927678082,-1.639794927678082,inf,inf,-0.014999999999997016,-0.014999999999995975,True,True,-inf,inf,inf,True,0
1449,2011-10-04,209.62,217.0303301305235,7.410330130523505,-7.410330130523505,inf,inf,-0.009999999999997015,-0.009999999999995974,True,True,-inf,inf,inf,True,0
1450,2011-10-05,212.53,209.78536589673809,-2.744634103261916,2.744634103261916,inf,inf,-0.004999999999997014,-0.004999999999995973,True,True,-inf,inf,inf,True,0
1451,2011-10-06,220.28,212.32267813601823,-7.957321863981775,7.957321863981775,inf,inf,2.987193825632062e-15,4.028027911218146e-15,True,True,-inf,inf,inf,True,0
1452,2011-10-07,222.48,219.84415930938454,-2.635840690615453,2.635840690615453,8.82209149900882,44.41,0.005000000000002988,0.005000000000004029,True,True,211.02206781037572,264.25415930938453,53.23209149900882,True,0
1453,2011-10-10,226.23,222.2459516699884,-3.9840483300116034,3.9840483300116034,7.478864558471457,43.18,0.01000000000000299,0.01000000000000403,True,True,214.76708711151693,265.42595166998836,50.658864558471436,True,0
1454,2011-10-11,230.6,225.96818725990738,-4.631812740092613,4.631812740092613,6.241705172505334,42.19,0.01500000000000299,0.015000000000004031,True,True,219.72648208740205,268.1581872599074,48.43170517250533,True,0
1455,2011-10-12,236.64,230.31421568282482,-6.325784317175163,6.325784317175163,5.2353533948385795,36.7,0.02000000000000299,0.020000000000004032,True,True,225.07886228798625,267.01421568282484,41.935353394838586,True,0
1456,2011-10-13,237.0,236.29850871706768,-0.7014912829323237,0.7014912829323237,4.877264473092055,11.586417839457766,0.025000000000002992,0.025000000000004033,True,True,231.42124424397562,247.88492655652544,16.46368231254982,True,0
1457,2011-10-14,240.87,236.8720465516955,-3.9979534483045143,3.9979534483045143,4.530293486530809,8.855407630738071,0.030000000000002993,0.030000000000004034,True,True,232.34175306516468,245.72745418243358,13.385701117268894,True,0
1458,2011-10-17,244.29,240.6357092847242,-3.654290715275806,3.654290715275806,4.353781422988106,7.13556167303318,0.035000000000002994,0.035000000000004035,True,True,236.28192786173608,247.77127095775737,11.489343096021287,True,0
1459,2011-10-18,242.31,244.06711987823923,1.757119878239223,-1.757119878239223,3.8973379157316685,6.542630751341889,0.04000000000000299,0.04000000000000403,True,True,240.16978196250756,250.60975062958113,10.439968667073572,True,0
1460,2011-10-19,240.67,242.28972362943927,1.619723629439278,-1.619723629439278,3.7359424233852394,6.076534422462814,0.045000000000002996,0.04500000000000404,True,True,238.55378120605403,248.3662580519021,9.812476845848067,True,0
1461,2011-10-20,232.13,240.6526216828466,8.52262168284659,-8.52262168284659,3.482989583913721,5.661814998372577,0.050000000000003,0.05000000000000404,False,True,237.16963209893288,246.31443668121915,9.14480458228627,False,1
1462,2011-10-21,236.91,232.34931124876655,-4.560688751233442,4.560688751233442,inf,5.028411261116844,-0.044999999999997,0.055000000000004046,True,True,-inf,237.3777225098834,inf,True,0
1463,2011-10-24,236.02,236.66138193467208,0.6413819346720686,-0.6413819346720686,inf,4.795601335615686,-0.039999999999996996,0.06000000000000405,True,True,-inf,241.45698327028776,inf,True,0
1464,2011-10-25,238.59,235.94184418566726,-2.648155814332739,2.648155814332739,inf,4.625002873924046,-0.03499999999999699,0.06500000000000405,True,True,-inf,240.5668470595913,inf,True,0
1465,2011-10-26,203.69,238.4020327640111,34.7120327640111,-34.7120327640111,inf,4.443698801939092,-0.02999999999999699,0.07000000000000406,True,True,-inf,242.8457315659502,inf,True,0
1466,2011-10-27,204.26,204.81928273818826,0.5592827381882728,-0.5592827381882728,inf,4.331643840058561,-0.02499999999999699,0.07500000000000406,True,True,-inf,209.1509265782468,inf,True,0
1467,2011-10-28,206.53,204.1867942200022,-2.3432057799977883,2.3432057799977883,inf,4.155867659710708,-0.01999999999999699,0.08000000000000407,True,True,-inf,208.34266187971292,inf,True,0
1468,2011-10-31,215.79,206.30713704166882,-9.482862958331168,9.482862958331168,inf,3.9822201278224014,-0.014999999999996988,0.08500000000000407,True,False,-inf,210.2893571694912,inf,False,1
1469,2011-11-01,208.11,215.28883541278245,7.178835412782433,-7.178835412782433,inf,inf,-0.009999999999996987,-0.009999999999995929,True,True,-inf,inf,inf,True,0
1470,2011-11-02,215.55,208.24051967327378,-7.309480326726231,7.309480326726231,inf,inf,-0.004999999999996986,-0.004999999999995928,True,True,-inf,inf,inf,True,0
1471,2011-11-03,216.3,215.13937594653675,-1.1606240534632661,1.1606240534632661,inf,inf,3.0149494012476907e-15,4.073130721593543e-15,True,True,-inf,inf,inf,True,0
1472,2011-11-04,217.65,216.11845136390542,-1.531548636094584,1.531548636094584,9.092261705948445,44.41,0.005000000000003016,0.005000000000004074,True,True,207.026189657957,260.52845136390545,53.502261705948456,True,0
1473,2011-11-07,216.84,217.46723429130702,0.627234291307019,-0.627234291307019,7.611320153076839,43.18,0.010000000000003017,0.010000000000004075,True,True,209.8559141382302,260.64723429130703,50.79132015307684,True,0
1474,2011-11-08,219.2,216.74234378092586,-2.4576562190741242,2.4576562190741242,6.319158763857388,37.61,0.015000000000003018,0.015000000000004076,True,True,210.42318501706848,254.35234378092588,43.9291587638574,True,0
1475,2011-11-09,214.95,218.98162189492416,4.031621894924172,-4.031621894924172,5.40617863916691,36.7,0.02000000000000302,0.020000000000004077,True,True,213.57544325575725,255.68162189492415,42.1061786391669,True,0
1476,2011-11-10,213.5,214.9865663977715,1.4865663977714973,-1.4865663977714973,5.011847665536521,11.586417839457766,0.02500000000000302,0.025000000000004078,True,True,209.97471873223498,226.57298423722926,16.598265504994288,True,0
1477,2011-11-11,212.52,213.44212960129474,0.9221296012947278,-0.9221296012947278,4.692270027240724,8.855407630738071,0.03000000000000302,0.03000000000000408,True,True,208.74985957405403,222.29753723203282,13.547677657978795,True,0
1478,2011-11-14,215.65,212.43404786039497,-3.2159521396050366,3.2159521396050366,4.400581239885014,7.1913533907224405,0.03500000000000302,0.03500000000000408,True,True,208.03346662050996,219.6254012511174,11.591934630607454,True,0
1479,2011-11-15,218.0,215.39699120051657,-2.6030087994834332,2.6030087994834332,4.060829306802077,6.600213493306498,0.04000000000000302,0.04000000000000409,True,True,211.3361618937145,221.99720469382305,10.66104280010856,True,0
1480,2011-11-16,216.27,217.76812673277374,1.498126732773727,-1.498126732773727,3.7947724295403304,6.093196760254472,0.045000000000003024,0.04500000000000409,True,True,213.9733543032334,223.8613234930282,9.887969189794802,True,0
1481,2011-11-17,212.51,216.2049094199352,3.6949094199352146,-3.6949094199352146,3.5895050947563902,5.664016231169953,0.05000000000000303,0.0500000000000041,False,True,212.61540432517882,221.86892565110514,9.253521325926329,False,1
1482,2011-11-18,205.33,212.53614929391696,7.206149293916951,-7.206149293916951,inf,5.039359938571721,-0.04499999999999697,0.0550000000000041,True,True,-inf,217.57550923248868,inf,True,0
1483,2011-11-21,193.29,205.4887624258872,12.198762425887196,-12.198762425887196,inf,4.807493535271647,-0.03999999999999697,0.060000000000004106,True,True,-inf,210.29625596115883,inf,True,0
1484,2011-11-22,186.95,193.61322143039231,6.663221430392326,-6.663221430392326,inf,4.631812740092613,-0.034999999999996964,0.06500000000000411,True,True,-inf,198.24503417048493,inf,True,0
1485,2011-11-23,193.06,187.05241136838802,-6.007588631611981,6.007588631611981,inf,4.4709080800327285,-0.029999999999996963,0.07000000000000411,True,False,-inf,191.52331944842075,inf,False,1
1486,2011-11-25,190.41,192.70679217359015,2.2967921735901484,-2.2967921735901484,inf,inf,-0.024999999999996962,-0.024999999999995887,True,True,-inf,inf,inf,True,0
1487,2011-11-28,191.65,190.35874199399788,-1.2912580060021241,1.2912580060021241,inf,inf,-0.01999999999999696,-0.019999999999995886,True,True,-inf,inf,inf,True,0
1488,2011-11-29,194.78,191.47136805543315,-3.308631944566855,3.308631944566855,inf,inf,-0.01499999999999696,-0.014999999999995885,True,True,-inf,inf,inf,True,0
1489,2011-11-30,194.76,194.52088151309925,-0.23911848690073612,0.23911848690073612,inf,inf,-0.00999999999999696,-0.009999999999995884,True,True,-inf,inf,inf,True,0
1490,2011-12-01,191.85,194.61628757880692,2.7662875788069243,-2.7662875788069243,inf,inf,-0.004999999999996958,-0.004999999999995883,True,True,-inf,inf,inf,True,0
1491,2011-12-02,197.07,191.82175117779997,-5.248248822200026,5.248248822200026,inf,inf,3.0427049768633196e-15,4.11823353196894e-15,True,True,-inf,inf,inf,True,0
1492,2011-12-05,198.86,196.7388484770217,-2.121151522978323,2.121151522978323,9.922509939345616,44.41,0.005000000000003044,0.005000000000004119,True,True,186.81633853767607,241.1488484770217,54.33250993934561,True,0
1493,2011-12-06,195.98,198.6409137643399,2.6609137643399094,-2.6609137643399094,7.642987594851675,43.18,0.010000000000003045,0.01000000000000412,True,True,190.9979261694882,241.8209137643399,50.822987594851696,True,0
1494,2011-12-07,191.03,195.94591818981945,4.91591818981945,-4.91591818981945,6.842809183738666,37.61,0.015000000000003046,0.015000000000004121,True,True,189.10310900608079,233.55591818981947,44.45280918373868,True,0
1495,2011-12-08,193.57,191.08501472418325,-2.48498527581674,2.48498527581674,6.026140789719079,36.7,0.020000000000003047,0.020000000000004122,True,True,185.05887393446417,227.78501472418327,42.726140789719096,True,0
1496,2011-12-09,191.21,193.3514989834855,2.1414989834854907,-2.1414989834854907,5.044237760288581,10.395946211211111,0.025000000000003048,0.025000000000004123,True,True,188.30726122319692,203.7474451946966,15.440183971499692,True,0
1497,2011-12-12,190.03,191.1547674001241,1.1247674001240853,-1.1247674001240853,4.857190359396526,8.855407630738071,0.03000000000000305,0.030000000000004124,True,True,186.29757704072756,200.01017503086217,13.712597990134611,True,0
1498,2011-12-13,188.56,189.9448202303578,1.3848202303578034,-1.3848202303578034,4.483608339694882,7.13556167303318,0.03500000000000305,0.035000000000004125,True,True,185.46121189066292,197.080381903391,11.619170012728063,True,0
1499,2011-12-14,179.0,188.48250489154512,9.482504891545119,-9.482504891545119,4.28487787288131,6.600213493306498,0.04000000000000305,0.04000000000000413,False,True,184.1976270186638,195.0827183848516,10.885091366187794,False,1
1500,2011-12-15,182.05,179.2199979542131,-2.830002045786898,2.830002045786898,inf,6.076534422462814,-0.054999999999996954,0.045000000000004134,True,True,-inf,185.29653237667594,inf,True,0
1501,2011-12-16,182.42,181.824346631637,-0.5956533683629743,0.5956533683629743,inf,5.664016231169953,-0.04999999999999695,0.05000000000000414,True,True,-inf,187.48836286280698,inf,True,0
1502,2011-12-19,182.0,182.26297471116234,0.26297471116234306,-0.26297471116234306,inf,5.085658914215628,-0.044999999999996945,0.05500000000000414,True,True,-inf,187.34863362537797,inf,True,0
1503,2011-12-20,182.69,181.8809479628423,-0.8090520371576986,0.8090520371576986,inf,4.807493535271647,-0.03999999999999694,0.06000000000000415,True,True,-inf,186.68844149811395,inf,True,0
1504,2011-12-21,181.92,182.5306414844708,0.6106414844708183,-0.6106414844708183,inf,4.636139467606782,-0.034999999999996936,0.06500000000000415,True,True,-inf,187.1667809520776,inf,True,0
1505,2011-12-22,175.09,181.81346926550276,6.723469265502757,-6.723469265502757,inf,4.4709080800327285,-0.029999999999996935,0.07000000000000416,True,True,-inf,186.2843773455355,inf,True,0
1506,2011-12-23,179.22,175.2163438842416,-4.003656115758389,4.003656115758389,inf,4.354771831317322,-0.024999999999996934,0.07500000000000416,True,True,-inf,179.57111571555893,inf,True,0
1507,2011-12-27,177.73,178.9470946168908,1.2170946168908188,-1.2170946168908188,inf,4.163906341592167,-0.019999999999996933,0.08000000000000417,True,True,-inf,183.11100095848298,inf,True,0
1508,2011-12-28,176.39,177.6441989268018,1.2541989268018199,-1.2541989268018199,inf,3.9840483300116034,-0.014999999999996932,0.08500000000000417,True,True,-inf,181.6282472568134,inf,True,0
1509,2011-12-29,169.62,176.31529759131297,6.695297591312965,-6.695297591312965,inf,3.794040927430501,-0.009999999999996931,0.09000000000000417,True,True,-inf,180.10933851874347,inf,True,0
1510,2011-12-30,173.36,169.75249009831745,-3.607509901682562,3.607509901682562,inf,3.663344093795274,-0.0049999999999969305,0.09500000000000418,True,True,-inf,173.41583419211273,inf,True,0
1511,2012-01-03,175.89,173.1029728215253,-2.7870271784746876,2.7870271784746876,inf,3.597166984426508,3.0704605524789486e-15,0.10000000000000418,True,True,-inf,176.7001398059518,inf,True,0
1512,2012-01-04,179.21,175.6482441561146,-3.5617558438854076,3.5617558438854076,9.922509939345616,3.5203079912296857,0.005000000000003071,0.10500000000000419,True,False,165.72573421676898,179.1685521473443,13.442817930575302,False,1
1513,2012-01-05,175.94,178.94057858300238,3.0005785830023797,-3.0005785830023797,7.642987594851675,43.05,0.010000000000003072,0.010000000000004186,True,True,171.29759098815072,221.9905785830024,50.69298759485167,True,0
1514,2012-01-06,178.07,175.9250881523757,-2.144911847624286,2.144911847624286,7.178835412782433,37.61,0.015000000000003073,0.015000000000004187,True,True,168.74625273959327,213.5350881523757,44.78883541278242,True,0
1515,2012-01-09,182.76,177.864614876962,-4.895385123037983,4.895385123037983,6.241705172505334,17.431662177681503,0.020000000000003074,0.020000000000004188,True,True,171.62290970445667,195.2962770546435,23.673367350186822,True,0
1516,2012-01-10,181.1,182.43413123680702,1.3341312368070248,-1.3341312368070248,5.2671958537235355,10.395946211211111,0.025000000000003075,0.02500000000000419,True,True,177.16693538308348,192.83007744801813,15.663142064934647,True,0
1517,2012-01-11,179.64,181.01474337479488,1.374743374794889,-1.374743374794889,4.889122137728307,8.43241410940513,0.030000000000003076,0.03000000000000419,True,True,176.12562123706658,189.4471574842,13.321536247133423,True,0
1518,2012-01-12,179.42,179.56992105084714,0.1499210508471549,-0.1499210508471549,4.530293486530809,7.075858099101708,0.03500000000000308,0.035000000000004194,True,True,175.03962756431633,186.64577914994885,11.606151585632517,True,0
1519,2012-01-13,175.81,179.3014475464464,3.491447546446409,-3.491447546446409,4.353781422988106,6.542630751341889,0.040000000000003075,0.0400000000000042,True,True,174.9476661234583,185.84407829778831,10.89641217433001,True,0
1520,2012-01-17,180.15,175.81948598529428,-4.330514014705727,4.330514014705727,3.997072011575071,6.007588631611981,0.04500000000000308,0.0450000000000042,True,True,171.82241397371922,181.82707461690626,10.004660643187037,True,0
1521,2012-01-18,181.94,179.8579482765648,-2.0820517234351996,2.0820517234351996,3.7359424233852394,5.661814998372577,0.050000000000003084,0.05000000000000421,True,True,176.12200585317956,185.51976327493736,9.397757421757802,True,0
1522,2012-01-19,190.88,181.71988805972424,-9.160111940275755,9.160111940275755,3.49715015147774,5.039359938571721,0.05500000000000309,0.05500000000000421,True,False,178.2227379082465,186.75924799829596,8.536510090049461,False,1
1523,2012-01-20,190.71,190.3830690748229,-0.3269309251770949,0.3269309251770949,3.4250883411622226,inf,0.06000000000000309,-0.03999999999999579,True,True,186.9579807336607,inf,inf,True,0
1524,2012-01-23,190.79,190.55315383117966,-0.23684616882033538,0.23684616882033538,3.332873532800349,inf,0.0650000000000031,-0.034999999999995784,True,True,187.2202802983793,inf,inf,True,0
1525,2012-01-24,185.0,190.64943776497222,5.64943776497222,-5.64943776497222,3.212467117304371,inf,0.0700000000000031,-0.029999999999995784,False,True,187.43697064766786,inf,inf,False,1
1526,2012-01-25,186.99,185.08413134815555,-1.9058686518444574,1.9058686518444574,inf,inf,-0.0249999999999969,-0.024999999999995783,True,True,-inf,inf,inf,True,0
1527,2012-01-26,189.3,186.79141649926123,-2.50858350073878,2.50858350073878,inf,inf,-0.0199999999999969,-0.01999999999999578,True,True,-inf,inf,inf,True,0
1528,2012-01-27,193.09,189.06647725250178,-4.02352274749822,4.02352274749822,inf,inf,-0.014999999999996898,-0.01499999999999578,True,True,-inf,inf,inf,True,0
1529,2012-01-30,193.68,192.7969504272696,-0.883049572730414,0.883049572730414,inf,inf,-0.009999999999996897,-0.00999999999999578,True,True,-inf,inf,inf,True,0
1530,2012-01-31,194.0,193.50753838556722,-0.49246161443278424,0.49246161443278424,inf,inf,-0.004999999999996896,-0.004999999999995779,True,True,-inf,inf,inf,True,0
1531,2012-02-01,173.81,193.84708160858716,20.037081608587158,-20.037081608587158,inf,inf,3.1051550219984847e-15,4.2223169405275485e-15,True,True,-inf,inf,inf,True,0
1532,2012-02-02,179.65,174.41671590173797,-5.233284098262033,5.233284098262033,10.17138112416589,44.41,0.005000000000003106,0.005000000000004223,True,True,164.24533477757208,218.82671590173797,54.58138112416589,True,0
1533,2012-02-03,182.83,179.3332091712613,-3.4967908287387104,3.4967908287387104,8.25200881534488,43.05,0.010000000000003107,0.010000000000004224,True,True,171.08120035591642,222.38320917126129,51.30200881534486,True,0
1534,2012-02-06,186.28,182.53708207994995,-3.742917920050047,3.742917920050047,7.206149293916951,37.61,0.015000000000003108,0.015000000000004225,True,True,175.330932786033,220.14708207994994,44.816149293916936,True,0
1535,2012-02-07,182.65,185.98924373475802,3.339243734758014,-3.339243734758014,6.300506514521345,17.431662177681503,0.02000000000000311,0.020000000000004226,True,True,179.68873722023667,203.42090591243954,23.732168692202862,True,0
1536,2012-02-08,184.95,182.64590445809023,-2.30409554190976,2.30409554190976,5.399616352598684,9.797875923551942,0.02500000000000311,0.025000000000004227,True,True,177.24628810549154,192.44378038164217,15.197492276150626,True,0
1537,2012-02-09,184.5,184.73465568541846,0.23465568541845983,-0.23465568541845983,4.91591818981945,8.43241410940513,0.03000000000000311,0.030000000000004228,True,True,179.818737495599,193.1670697948236,13.34833229922458,True,0
1538,2012-02-10,183.42,184.3727056548526,0.9527056548526218,-0.9527056548526218,4.692270027240724,7.13556167303318,0.03500000000000311,0.03500000000000423,True,True,179.68043562761187,191.5082673278858,11.827831700273919,True,0
1539,2012-02-13,187.17,183.33036951910333,-3.839630480896659,3.839630480896659,4.384435860056229,6.542630751341889,0.040000000000003116,0.04000000000000423,True,True,178.9459336590471,189.87300027044523,10.927066611398118,True,0
1540,2012-02-14,191.08,186.8827674614079,-4.197232538592118,4.197232538592118,4.031621894924172,6.007588631611981,0.04500000000000312,0.04500000000000423,True,True,182.85114556648372,192.89035609301988,10.039210526536152,True,0
1541,2012-02-15,191.29,190.76410077444189,-0.5258992255581063,0.5258992255581063,3.7565483725393847,5.661814998372577,0.050000000000003125,0.050000000000004236,True,True,187.0075524019025,196.42591577281445,9.418363370911948,True,0
1542,2012-02-16,177.79,191.12533476474113,13.335334764741134,-13.335334764741134,3.5895050947563902,5.085658914215628,0.05500000000000313,0.05500000000000424,False,True,187.53582966998474,196.21099367895675,8.675164008972018,False,1
1543,2012-02-17,180.09,178.18485080432373,-1.9051491956762732,1.9051491956762732,inf,4.851859135765238,-0.03999999999999687,0.060000000000004244,True,True,-inf,183.03670994008897,inf,True,0
1544,2012-02-21,182.65,179.93235662917803,-2.7176433708219747,2.7176433708219747,inf,4.636139467606782,-0.03499999999999687,0.06500000000000425,True,True,-inf,184.56849609678483,inf,True,0
1545,2012-02-22,181.95,182.39484060003537,0.44484060003537707,-0.44484060003537707,inf,4.4709080800327285,-0.029999999999996866,0.07000000000000425,True,True,-inf,186.8657486800681,inf,True,0
1546,2012-02-23,179.64,181.8282399545109,2.1882399545109195,-2.1882399545109195,inf,4.354771831317322,-0.024999999999996865,0.07500000000000426,True,True,-inf,186.18301178582823,inf,True,0
1547,2012-02-24,179.7,179.60558013169606,-0.09441986830393034,0.09441986830393034,inf,4.197232538592118,-0.019999999999996864,0.08000000000000426,True,True,-inf,183.80281267028818,inf,True,0
1548,2012-02-27,177.54,179.57921862359603,2.0392186235960423,-2.0392186235960423,inf,4.02352274749822,-0.014999999999996863,0.08500000000000427,True,True,-inf,183.60274137109425,inf,True,0
1549,2012-02-28,178.9,177.49631573977382,-1.4036842602261856,1.4036842602261856,inf,3.8435794286918963,-0.009999999999996862,0.09000000000000427,True,True,-inf,181.33989516846572,inf,True,0
1550,2012-02-29,183.89,178.72519735972344,-5.164802640276548,5.164802640276548,inf,3.731652177666632,-0.004999999999996861,0.09500000000000428,True,False,-inf,182.45684953739007,inf,False,1
1551,2012-03-01,179.89,183.53845560118089,3.648455601180899,-3.648455601180899,inf,inf,3.139849491518021e-15,4.274358644806853e-15,True,True,-inf,inf,inf,True,0
1552,2012-03-02,179.48,179.88798409447264,0.4079840944726527,-0.4079840944726527,10.92408695002726,44.41,0.005000000000003141,0.005000000000004275,True,True,168.96389714444538,224.29798409447264,55.334086950027256,True,0
1553,2012-03-05,179.0,179.39067493108985,0.39067493108984763,-0.39067493108984763,8.445680639693741,43.05,0.010000000000003142,0.010000000000004276,True,True,170.9449942913961,222.44067493108986,51.495680639693745,True,0
1554,2012-03-06,178.68,178.89038647156283,0.21038647156282764,-0.21038647156282764,7.206149293916951,37.34,0.015000000000003143,0.015000000000004277,True,True,171.68423717764588,216.23038647156284,44.546149293916955,True,0
1555,2012-03-07,182.65,178.56454290264807,-4.085457097351934,4.085457097351934,6.300506514521345,14.960966199678893,0.020000000000003144,0.020000000000004278,True,True,172.26403638812673,193.52550910232696,21.261472714200238,True,0
1556,2012-03-08,184.17,182.3518866611601,-1.8181133388398791,1.8181133388398791,5.40617863916691,9.797875923551942,0.025000000000003145,0.02500000000000428,True,True,176.9457080219932,192.14976258471205,15.204054562718852,True,0
1557,2012-03-09,186.79,183.9446933817839,-2.8453066182160853,2.8453066182160853,5.0009625159005395,8.43241410940513,0.030000000000003146,0.03000000000000428,True,True,178.94373086588337,192.37710749118904,13.43337662530567,True,0
1558,2012-03-12,184.13,186.53470001420487,2.4047000142048773,-2.4047000142048773,4.692270027240724,7.075858099101708,0.03500000000000315,0.03500000000000428,True,True,181.84242998696413,193.61055811330658,11.768128126342447,True,0
1559,2012-03-13,183.92,184.08653142496544,0.1665314249654557,-0.1665314249654557,4.384435860056229,6.423111110558381,0.040000000000003144,0.04000000000000428,True,True,179.7020955649092,190.50964253552382,10.807546970614624,True,0
1560,2012-03-14,183.65,183.8106892022374,0.1606892022373927,-0.1606892022373927,4.031621894924172,5.97141547927032,0.04500000000000315,0.04500000000000429,True,True,179.77906730731323,189.78210468150772,10.003037374194491,True,0
1561,2012-03-15,182.02,183.52751677127964,1.5075167712796258,-1.5075167712796258,3.7565483725393847,5.59665441533582,0.05000000000000315,0.05000000000000429,True,True,179.77096839874025,189.12417118661546,9.353202787875205,True,0
1562,2012-03-16,183.28,181.9547000743798,-1.3252999256202145,1.3252999256202145,3.648455601180899,5.085658914215628,0.05500000000000316,0.055000000000004295,True,True,178.3062444731989,187.04035898859541,8.734114515396527,True,0
1563,2012-03-19,183.45,183.1038910347609,-0.34610896523909673,0.34610896523909673,3.4582984410466224,4.851859135765238,0.06000000000000316,0.0600000000000043,True,True,179.64559259371427,187.95575017052613,8.31015757681186,True,0
1564,2012-03-20,184.88,183.30003265807696,-1.5799673419230373,1.5799673419230373,3.339243734758014,4.636139467606782,0.06500000000000317,0.0650000000000043,True,True,179.96078892331894,187.93617212568375,7.97538320236481,True,0
1565,2012-03-21,192.5,184.6841770516399,-7.815822948360108,7.815822948360108,3.263973089170321,4.4709080800327285,0.07000000000000317,0.07000000000000431,True,False,181.42020396246957,189.15508513167262,7.7348811692030495,False,1
1566,2012-03-22,190.54,192.03193188454117,1.4919318845411738,-1.4919318845411738,3.090273328326532,inf,0.07500000000000318,-0.024999999999995692,True,True,188.94165855621463,inf,inf,True,0
1567,2012-03-23,192.01,190.43143260945934,-1.5785673905406554,1.5785673905406554,2.9611715975599537,inf,0.08000000000000318,-0.01999999999999569,True,True,187.47026101189937,inf,inf,True,0
1568,2012-03-26,196.48,191.82205370245606,-4.65794629754393,4.65794629754393,2.892442059391243,inf,0.08500000000000318,-0.01499999999999569,True,True,188.92961164306482,inf,inf,True,0
1569,2012-03-27,203.59,196.14283748961898,-7.44716251038102,7.44716251038102,2.831713139362286,inf,0.09000000000000319,-0.00999999999999569,True,True,193.3111243502567,inf,inf,True,0
1570,2012-03-28,206.14,203.12365389854907,-3.016346101450921,3.016346101450921,2.767057302202204,inf,0.09500000000000319,-0.0049999999999956884,True,True,200.35659659634686,inf,inf,True,0
1571,2012-03-29,201.28,205.8488240985049,4.568824098504905,-4.568824098504905,2.7061092230506034,inf,0.1000000000000032,4.3125225612783424e-15,False,True,203.14271487545432,inf,inf,False,1
1572,2012-03-30,205.02,201.31485508646654,-3.7051449135334735,3.7051449135334735,10.92408695002726,44.41,0.005000000000003196,0.0050000000000043135,True,True,190.39076813643928,245.72485508646653,55.334086950027256,True,0
1573,2012-04-02,198.02,204.75437458296082,6.734374582960811,-6.734374582960811,8.445680639693741,43.05,0.010000000000003197,0.010000000000004314,True,True,196.3086939432671,247.8043745829608,51.49568063969372,True,0
1574,2012-04-03,198.24,198.13975369195092,-0.10024630804909407,0.10024630804909407,7.206149293916951,37.34,0.015000000000003198,0.015000000000004315,True,True,190.93360439803396,235.47975369195092,44.546149293916955,True,0
1575,2012-04-04,196.95,198.12926117048792,1.1792611704879334,-1.1792611704879334,6.319158763857388,14.960966199678893,0.0200000000000032,0.020000000000004316,True,True,191.81010240663053,213.09022737016682,21.28012496353628,True,0
1576,2012-04-05,193.55,196.85999274973491,3.309992749734903,-3.309992749734903,5.40617863916691,9.482985308867427,0.0250000000000032,0.025000000000004317,True,True,191.453814110568,206.34297805860234,14.889163948034337,True,0
1577,2012-04-09,192.02,193.5552893762428,1.5352893762427868,-1.5352893762427868,5.0009625159005395,7.957321863981775,0.0300000000000032,0.03000000000000432,True,True,188.55432686034226,201.51261124022457,12.958284379882315,True,0
1578,2012-04-10,192.75,191.96168897980846,-0.7883110201915429,0.7883110201915429,4.692270027240724,7.13556167303318,0.0350000000000032,0.03500000000000432,True,True,187.26941895256772,199.09725065284164,11.827831700273919,True,0
1579,2012-04-11,189.63,192.58884980887473,2.9588498088747315,-2.9588498088747315,4.400581239885014,6.542630751341889,0.0400000000000032,0.040000000000004324,True,True,188.1882685689897,199.13148056021663,10.943211991226917,True,0
1580,2012-04-12,188.06,189.6145176092057,1.5545176092057034,-1.5545176092057034,4.060829306802077,6.007588631611981,0.045000000000003204,0.04500000000000433,True,True,185.55368830240363,195.6221062408177,10.068417938414058,True,0
1581,2012-04-13,189.9,188.0037726735861,-1.8962273264139071,1.8962273264139071,3.7864608305418983,5.661814998372577,0.05000000000000321,0.05000000000000433,True,True,184.2173118430442,193.6655876719587,9.44827582891449,True,0
1582,2012-04-16,189.01,189.69495741238063,0.6849574123806406,-0.6849574123806406,3.657202462239894,5.109854205838502,0.05500000000000321,0.05500000000000434,True,True,186.03775495014074,194.80481161821913,8.767056668078396,True,0
1583,2012-04-17,187.21,188.8979901966897,1.6879901966896966,-1.6879901966896966,3.4661290183451854,4.895385123037983,0.06000000000000322,0.06000000000000434,True,True,185.43186117834452,193.7933753197277,8.361514141383168,True,0
1584,2012-04-18,188.82,187.1517083166546,-1.6682916833453874,1.6682916833453874,3.3485030667322917,4.65794629754393,0.06500000000000322,0.06500000000000435,True,True,183.8032052499223,191.80965461419854,8.006449364276222,True,0
1585,2012-04-19,192.93,188.62656431672892,-4.30343568327109,4.30343568327109,3.2955622078958413,4.563741211035548,0.07000000000000323,0.07000000000000435,True,True,185.33100210883308,193.19030552776445,7.8593034189313755,True,0
1586,2012-04-20,192.34,192.610410268843,0.27041026884299413,-0.27041026884299413,3.111178726020711,4.36932249805448,0.07500000000000323,0.07500000000000435,True,True,189.4992315428223,196.97973276689748,7.480501224075198,True,0
1587,2012-04-23,188.99,192.19975576350032,3.2097557635003113,-3.2097557635003113,2.9779195977104678,4.216810131785763,0.08000000000000324,0.08000000000000436,False,True,189.22183616578985,196.41656589528608,7.194729729496231,False,1
1588,2012-04-24,188.68,188.9918020765401,0.31180207654008996,-0.31180207654008996,inf,4.085457097351934,-0.014999999999996766,0.08500000000000436,True,True,-inf,193.07725917389203,inf,True,0
1589,2012-04-25,191.67,188.57596841664557,-3.094031583354422,3.094031583354422,inf,3.9243451507042266,-0.009999999999996765,0.09000000000000437,True,True,-inf,192.5003135673498,inf,True,0
1590,2012-04-26,193.57,191.4098112998714,-2.1601887001286,2.1601887001286,inf,3.7646829683409706,-0.004999999999996764,0.09500000000000437,True,True,-inf,195.17449426821236,inf,True,0
1591,2012-04-27,224.83,193.33246671890174,-31.49753328109827,31.49753328109827,inf,3.663333917885282,3.236994006172722e-15,0.10000000000000438,True,False,-inf,196.995800636787,inf,False,1
1592,2012-04-30,223.95,223.33695118955535,-0.6130488104446385,0.6130488104446385,10.92408695002726,44.41,0.005000000000003238,0.005000000000004376,True,True,212.4128642395281,267.7469511895554,55.334086950027285,True,0
1593,2012-05-01,229.4,223.67581235264518,-5.7241876473548245,5.7241876473548245,8.445680639693741,43.05,0.010000000000003239,0.010000000000004377,True,True,215.23013171295145,266.72581235264516,51.49568063969372,True,0
1594,2012-05-02,227.82,229.0367840690424,1.2167840690424043,-1.2167840690424043,7.206149293916951,37.34,0.01500000000000324,0.015000000000004378,True,True,221.83063477512545,266.3767840690424,44.546149293916955,True,0
1595,2012-05-03,229.74,227.72277275558886,-2.0172272444111456,2.0172272444111456,6.319158763857388,17.431662177681503,0.02000000000000324,0.02000000000000438,True,True,221.40361399173148,245.15443493327035,23.750820941538876,True,0
1596,2012-05-04,227.8,229.51921655925042,1.7192165592504125,-1.7192165592504125,5.40617863916691,9.797875923551942,0.025000000000003242,0.02500000000000438,True,True,224.1130379200835,239.31709248280237,15.204054562718852,True,0
1597,2012-05-07,222.36,227.7247025491979,5.364702549197887,-5.364702549197887,5.0009625159005395,8.43241410940513,0.030000000000003243,0.03000000000000438,False,True,222.72374003329736,236.15711665860303,13.43337662530567,False,1
1598,2012-05-08,223.15,222.4263346492315,-0.7236653507684991,0.7236653507684991,inf,7.1913533907224405,-0.06499999999999675,0.03500000000000438,True,True,-inf,229.61768803995395,inf,True,0
1599,2012-05-09,220.59,222.9802059058333,2.390205905833284,-2.390205905833284,inf,6.600213493306498,-0.05999999999999675,0.04000000000000438,True,True,-inf,229.58041939913977,inf,True,0
1600,2012-05-10,223.91,220.53926214560235,-3.370737854397646,3.370737854397646,inf,6.076534422462814,-0.054999999999996746,0.045000000000004384,True,True,-inf,226.61579656806515,inf,True,0
1601,2012-05-11,225.95,223.63257305135573,-2.317426948644254,2.317426948644254,inf,5.664016231169953,-0.04999999999999674,0.05000000000000439,True,True,-inf,229.2965892825257,inf,True,0
1602,2012-05-14,225.6,225.71336815570695,0.1133681557069508,-0.1133681557069508,inf,5.109854205838502,-0.04499999999999674,0.05500000000000439,True,True,-inf,230.82322236154545,inf,True,0
1603,2012-05-15,226.5,225.46070447152567,-1.0392955284743266,1.0392955284743266,inf,4.895385123037983,-0.03999999999999673,0.0600000000000044,True,True,-inf,230.35608959456366,inf,True,0
1604,2012-05-16,225.0,226.31590897959137,1.31590897959137,-1.31590897959137,inf,4.65794629754393,-0.03499999999999673,0.0650000000000044,True,True,-inf,230.9738552771353,inf,True,0
1605,2012-05-17,225.05,224.90810515439262,-0.1418948456073963,0.1418948456073963,inf,4.563741211035548,-0.029999999999996727,0.0700000000000044,True,True,-inf,229.47184636542818,inf,True,0
1606,2012-05-18,219.41,224.90139638116253,5.491396381162531,-5.491396381162531,inf,4.36932249805448,-0.024999999999996726,0.07500000000000441,True,True,-inf,229.27071887921701,inf,True,0
1607,2012-05-21,214.03,219.48012046181634,5.45012046181634,-5.45012046181634,inf,4.216810131785763,-0.019999999999996725,0.08000000000000441,True,True,-inf,223.6969305936021,inf,True,0
1608,2012-05-22,218.31,214.09663746050802,-4.213362539491982,4.213362539491982,inf,4.085457097351934,-0.014999999999996724,0.08500000000000442,True,False,-inf,218.18209455785995,inf,False,1
1609,2012-05-23,214.71,218.0004619009296,3.2904619009295857,-3.2904619009295857,inf,inf,-0.009999999999996723,-0.009999999999995582,True,True,-inf,inf,inf,True,0
1610,2012-05-24,216.98,214.69374727976617,-2.2862527202338185,2.2862527202338185,inf,inf,-0.004999999999996722,-0.004999999999995581,True,True,-inf,inf,inf,True,0
1611,2012-05-25,214.99,216.74491015987965,1.7549101598796426,-1.7549101598796426,inf,inf,3.2786273695961654e-15,4.4200754167889045e-15,True,True,-inf,inf,inf,True,0
1612,2012-05-29,214.3,214.91514678112108,0.6151467811210694,-0.6151467811210694,10.17138112416589,43.79,0.00500000000000328,0.005000000000004421,True,True,204.7437656569552,258.7051467811211,53.96138112416588,True,0
1613,2012-05-30,212.14,214.1804034353775,2.0404034353775273,-2.0404034353775273,8.25200881534488,42.95,0.01000000000000328,0.010000000000004422,True,True,205.92839462003263,257.1304034353775,51.20200881534487,True,0
1614,2012-05-31,209.48,212.07666207945246,2.5966620794524715,-2.5966620794524715,7.178835412782433,37.25,0.015000000000003282,0.015000000000004423,True,True,204.89782666667003,249.32666207945246,44.42883541278243,True,0
1615,2012-06-01,208.44,209.43864418461115,0.9986441846111518,-0.9986441846111518,6.300506514521345,14.960966199678893,0.020000000000003283,0.020000000000004424,True,True,203.1381376700898,224.39961038429004,21.261472714200238,True,0
1616,2012-06-04,207.4,208.33579974166972,0.9357997416697117,-0.9357997416697117,5.45012046181634,9.482985308867427,0.025000000000003283,0.025000000000004425,True,True,202.88567927985338,217.81878505053714,14.933105770683767,True,0
1617,2012-06-05,213.85,207.29377612974923,-6.556223870250761,6.556223870250761,5.036240787092794,7.957321863981775,0.030000000000003284,0.030000000000004426,True,True,202.25753534265644,215.251097993731,12.99356265107457,True,0
1618,2012-06-06,214.63,213.4413589324937,-1.1886410675062962,1.1886410675062962,4.747800207663346,7.13556167303318,0.035000000000003285,0.03500000000000443,True,True,208.69355872483035,220.57692060552688,11.883361880696526,True,0
1619,2012-06-07,219.65,214.4386166598523,-5.211383340147705,5.211383340147705,4.459220870252864,6.556223870250761,0.04000000000000328,0.040000000000004435,True,True,209.97939578959944,220.99484053010306,11.015444740503625,True,0
1620,2012-06-08,218.61,219.29740734665626,0.6874073466562436,-0.6874073466562436,4.128248268300425,6.076534422462814,0.04500000000000329,0.04500000000000444,True,True,215.16915907835585,225.37394176911909,10.204782690763238,True,0
1621,2012-06-11,217.49,218.49493194508904,1.0049319450890266,-1.0049319450890266,3.7947724295403304,5.664016231169953,0.05000000000000329,0.050000000000004444,True,True,214.7001595155487,224.158948176259,9.458788660710297,True,0
1622,2012-06-12,217.65,217.38451744373512,-0.26548255626488526,0.26548255626488526,3.657202462239894,5.146377664241015,0.055000000000003296,0.05500000000000445,True,True,213.72731498149523,222.53089510797614,8.80358012648091,True,0
1623,2012-06-13,215.52,217.49405623127097,1.9740562312709642,-1.9740562312709642,3.4661290183451854,4.903928498957427,0.0600000000000033,0.06000000000000445,True,True,214.0279272129258,222.39798473022842,8.370057517302627,True,0
1624,2012-06-14,215.26,215.45312087853742,0.1931208785374281,-0.1931208785374281,3.3485030667322917,4.699433799677728,0.0650000000000033,0.06500000000000446,True,True,212.10461781180513,220.15255467821515,8.047936866410026,True,0
1625,2012-06-15,215.29,215.12196927036837,-0.16803072963162435,0.16803072963162435,3.2955622078958413,4.576335168637371,0.07000000000000331,0.07000000000000446,True,True,211.82640706247253,219.69830443900574,7.871897376533212,True,0
1626,2012-06-18,217.28,215.13853754304478,-2.1414624569552245,2.1414624569552245,3.1938458310200417,4.3703129958636,0.07500000000000331,0.07500000000000447,True,True,211.94469171202473,219.50885053890838,7.5641588268836415,True,0
1627,2012-06-19,223.26,217.05003948381025,-6.209960516189739,6.209960516189739,2.9841768871517402,4.216810131785763,0.08000000000000332,0.08000000000000447,True,False,214.06586259665852,221.26684961559602,7.2009870189374965,False,1
1628,2012-06-20,224.51,222.86765631922242,-1.6423436807775715,1.6423436807775715,2.928925372084592,inf,0.08500000000000332,-0.01499999999999553,True,True,219.93873094713783,inf,inf,True,0
1629,2012-06-21,223.84,224.30309370580792,0.4630937058079212,-0.4630937058079212,2.869160443671902,inf,0.09000000000000333,-0.00999999999999553,True,True,221.433933262136,inf,inf,True,0
1630,2012-06-22,221.83,223.7136699019705,1.8836699019704781,-1.8836699019704781,2.79230688165066,inf,0.09500000000000333,-0.004999999999995529,True,True,220.92136302031983,inf,inf,True,0
1631,2012-06-25,220.3,221.75804776912452,1.458047769124505,-1.458047769124505,2.731156081692859,inf,0.10000000000000334,4.472117121068209e-15,True,True,219.02689168743166,inf,inf,True,0
1632,2012-06-26,221.45,220.21073248789563,-1.2392675121043624,1.2392675121043624,2.6712685544314922,43.79,0.10500000000000334,0.005000000000004473,True,True,217.53946393346413,264.0007324878956,46.461268554431484,True,0
1633,2012-06-27,225.01,221.25520382387592,-3.7547961761240742,3.7547961761240742,2.5562267701548507,42.95,0.11000000000000335,0.010000000000004474,True,True,218.69897705372108,264.20520382387593,45.50622677015485,True,0
1634,2012-06-28,223.92,224.7165837084053,0.7965837084053078,-0.7965837084053078,2.4807331781312953,37.25,0.11500000000000335,0.015000000000004475,True,True,222.235850530274,261.9665837084053,39.73073317813132,True,0
1635,2012-06-29,224.7,223.80690964664933,-0.893090353350658,0.893090353350658,2.41424160487999,14.960966199678893,0.12000000000000335,0.020000000000004476,True,True,221.39266804176935,238.76787584632822,17.37520780455887,True,0
1636,2012-07-02,229.3,224.51930687510688,-4.7806931248931335,4.7806931248931335,2.387541303830119,9.482985308867427,0.12500000000000336,0.025000000000004477,True,True,222.13176557127676,234.0022921839743,11.870526612697546,True,0
1637,2012-07-03,229.14,228.96568506485346,-0.1743149351465263,0.1743149351465263,2.3077391817597572,7.815822948360108,0.13000000000000336,0.030000000000004478,True,True,226.6579458830937,236.78150801321357,10.123562130119865,True,0
1638,2012-07-05,228.62,228.98921077393226,0.3692107739322523,-0.3692107739322523,2.2173387300053875,7.075858099101708,0.13500000000000337,0.03500000000000448,True,True,226.77187204392686,236.06506887303397,9.293196829107103,True,0
1639,2012-07-06,226.35,228.48944263035304,2.139442630353045,-2.139442630353045,2.1407792648142987,6.542630751341889,0.14000000000000337,0.040000000000004476,True,True,226.34866336553875,235.03207338169494,8.683410016156188,True,0
1640,2012-07-09,225.0,226.28785690018853,1.2878569001885296,-1.2878569001885296,2.088200863990096,6.076534422462814,0.14500000000000338,0.04500000000000448,True,True,224.19965603619843,232.36439132265133,8.164735286452895,True,0
1641,2012-07-10,226.25,224.90413632208356,-1.3458636779164408,1.3458636779164408,2.0312637921441024,5.664016231169953,0.15000000000000338,0.050000000000004485,True,True,222.87287252993946,230.56815255325353,7.695280023314069,True,0
1642,2012-07-11,218.95,226.05129452823724,7.101294528237247,-7.101294528237247,1.9551383845151946,5.146377664241015,0.15500000000000339,0.05500000000000449,False,True,224.09615614372206,231.19767219247825,7.101516048756196,False,1
1643,2012-07-12,216.61,219.07951919367056,2.46951919367055,-2.46951919367055,3.4661290183451854,4.903928498957427,0.060000000000003384,0.060000000000004494,True,True,215.61339017532538,223.98344769262798,8.370057517302598,True,0
1644,2012-07-13,215.63,216.5583298140019,0.9283298140018985,-0.9283298140018985,3.3485030667322917,4.727720909330571,0.06500000000000339,0.0650000000000045,True,True,213.2098267472696,221.28605072333247,8.076223976062863,True,0
1645,2012-07-16,216.6,215.5198911972356,-1.0801088027643857,1.0801088027643857,3.2904619009295857,4.576335168637371,0.07000000000000339,0.0700000000000045,True,True,212.22942929630602,220.09622636587298,7.866797069566957,True,0
1646,2012-07-17,217.45,216.41234836389293,-1.0376516361070571,1.0376516361070571,3.161111502845742,4.3703129958636,0.0750000000000034,0.07500000000000451,True,True,213.25123686104718,220.78266135975653,7.531424498709356,True,0
1647,2012-07-18,216.15,217.26468077779666,1.11468077779665,-1.11468077779665,2.9841768871517402,4.264209125490069,0.0800000000000034,0.08000000000000451,True,True,214.28050389064492,221.5288899032867,7.248386012641788,True,0
1648,2012-07-19,220.73,216.04879424734528,-4.681205752654705,4.681205752654705,2.928925372084592,4.149251007800132,0.0850000000000034,0.08500000000000452,True,False,213.1198688752607,220.19804525514542,7.078176379884724,False,1
1649,2012-07-20,225.36,220.39913807223232,-4.960861927767695,4.960861927767695,2.8614638550280986,inf,0.09000000000000341,-0.009999999999995485,True,True,217.53767421720423,inf,inf,True,0
1650,2012-07-23,224.72,225.02091960300473,0.3009196030047292,-0.3009196030047292,2.788549344217472,inf,0.09500000000000342,-0.004999999999995484,True,True,222.23237025878726,inf,inf,True,0
1651,2012-07-24,226.27,224.58703259019515,-1.68296740980486,1.68296740980486,2.71731753294884,inf,0.10000000000000342,4.517219931443606e-15,True,True,221.8697150572463,inf,inf,True,0
1652,2012-07-25,222.0,226.05833270322677,4.0583327032267675,-4.0583327032267675,2.666226580228596,43.79,0.10500000000000342,0.005000000000004518,False,True,223.39210612299817,269.8483327032268,46.456226580228616,False,1
1653,2012-07-26,220.0,222.01098232595834,2.010982325958338,-2.010982325958338,8.25200881534488,42.95,0.010000000000003423,0.01000000000000452,True,True,213.75897351061346,264.96098232595835,51.2020088153449,True,0
1654,2012-07-27,225.25,219.9302261232985,-5.319773876701504,5.319773876701504,7.178835412782433,37.25,0.015000000000003424,0.01500000000000452,True,True,212.75139071051606,257.1802261232985,44.42883541278243,True,0
1655,2012-07-30,237.0,224.89419193612613,-12.105808063873866,12.105808063873866,6.300506514521345,13.973324868287676,0.020000000000003425,0.02000000000000452,True,True,218.5936854216048,238.8675168044138,20.27383138280902,True,0
1656,2012-07-31,235.1,236.37923368142958,1.279233681429588,-1.279233681429588,5.45012046181634,9.482985308867427,0.025000000000003426,0.025000000000004522,True,True,230.92911321961324,245.862218990297,14.933105770683767,True,0
1657,2012-08-01,234.14,234.9977123136195,0.8577123136195155,-0.8577123136195155,5.036240787092794,7.957321863981775,0.030000000000003427,0.030000000000004523,True,True,229.9614715265267,242.95503417760128,12.99356265107457,True,0
1658,2012-08-02,230.56,234.02844535975456,3.468445359754554,-3.468445359754554,4.747800207663346,7.13556167303318,0.03500000000000343,0.03500000000000453,True,True,229.2806451520912,241.16400703278774,11.883361880696526,True,0
1659,2012-08-03,234.03,230.54511241278854,-3.4848875872114604,3.4848875872114604,4.454095901180565,6.542630751341889,0.040000000000003436,0.04000000000000453,True,True,226.09101651160796,237.08774316413042,10.996726652522455,True,0
1660,2012-08-06,235.56,233.75074310520208,-1.809256894797926,1.809256894797926,4.099397974815986,6.076534422462814,0.04500000000000344,0.045000000000004536,True,True,229.6513451303861,239.82727752766488,10.175932397278785,True,0
1661,2012-08-07,234.13,235.341783249407,1.2117832494070058,-1.2117832494070058,3.7947724295403304,5.664016231169953,0.050000000000003444,0.05000000000000454,True,True,231.54701081986667,241.00579948057697,9.458788660710297,True,0
1662,2012-08-08,235.29,234.02919504172064,-1.2608049582793512,1.2608049582793512,3.657202462239894,5.164802640276548,0.05500000000000345,0.055000000000004545,True,True,230.37199257948075,239.1939976819972,8.822005102516442,True,0
1663,2012-08-09,233.93,235.09629588765074,1.1662958876507332,-1.1662958876507332,3.468445359754554,4.944946333592554,0.06000000000000345,0.06000000000000455,True,True,231.6278505278962,240.0412422212433,8.413391693347108,True,0
1664,2012-08-10,233.08,233.82733692138967,0.7473369213896603,-0.7473369213896603,3.3485030667322917,4.772458354725728,0.06500000000000346,0.06500000000000455,True,True,230.47883385465738,238.5997952761154,8.12096142145802,True,0
1665,2012-08-13,232.23,232.96297407763345,0.7329740776334575,-0.7329740776334575,3.2955622078958413,4.625002873924046,0.07000000000000346,0.07000000000000456,True,True,229.6674118697376,237.5879769515575,7.920565081819888,True,0
1666,2012-08-14,234.71,232.11178886284355,-2.5982111371564542,2.5982111371564542,3.1938458310200417,4.436643377821838,0.07500000000000347,0.07500000000000456,True,True,228.9179430318235,236.5484322406654,7.63048920884188,True,0
1667,2012-08-15,232.26,234.46375832506052,2.2037583250605337,-2.2037583250605337,2.9841768871517402,4.30343568327109,0.08000000000000347,0.08000000000000457,True,True,231.4795814379088,238.76719400833161,7.287612570422823,True,0
1668,2012-08-16,237.72,232.19605056930732,-5.5239494306926815,5.5239494306926815,2.928925372084592,4.163906341592167,0.08500000000000348,0.08500000000000457,True,False,229.26712519722273,236.35995691089948,7.092831713676759,False,1
1669,2012-08-17,240.6,237.35935837325914,-3.240641626740853,3.240641626740853,2.8614638550280986,inf,0.09000000000000348,-0.00999999999999543,True,True,234.49789451823105,inf,inf,True,0
1670,2012-08-20,241.37,240.32563297107708,-1.0443670289229203,1.0443670289229203,2.788549344217472,inf,0.09500000000000348,-0.004999999999995428,True,True,237.5370836268596,inf,inf,True,0
1671,2012-08-21,240.88,241.1832147893522,0.3032147893522108,-0.3032147893522108,2.71731753294884,inf,0.10000000000000349,4.5727310826748635e-15,True,True,238.46589725640337,inf,inf,True,0
1672,2012-08-22,239.4,240.74571791333744,1.3457179133374382,-1.3457179133374382,2.666226580228596,43.79,0.1050000000000035,0.005000000000004574,True,True,238.07949133310885,284.53571791333746,46.456226580228616,True,0
1673,2012-08-23,242.14,239.3057157170387,-2.8342842829612778,2.8342842829612778,2.5466435045087223,42.95,0.1100000000000035,0.010000000000004575,True,True,236.75907221253,282.2557157170387,45.49664350450871,True,0
1674,2012-08-24,241.68,241.88567513624702,0.2056751362470095,-0.2056751362470095,2.46951919367055,37.08,0.1150000000000035,0.015000000000004576,True,True,239.41615594257647,278.965675136247,39.549519193670534,True,0
1675,2012-08-27,245.79,241.54061893449392,-4.249381065506071,4.249381065506071,2.41424160487999,13.973324868287676,0.1200000000000035,0.020000000000004577,True,True,239.12637732961394,255.5139438027816,16.387566473167652,True,0
1676,2012-08-28,243.97,245.4808217596911,1.5108217596911118,-1.5108217596911118,2.3590310466868516,9.482985308867427,0.1250000000000035,0.025000000000004578,True,True,243.12179071300426,254.96380706855854,11.842016355554279,True,0
1677,2012-08-29,246.78,243.88114088923535,-2.898859110764647,2.898859110764647,2.306714863639172,7.815822948360108,0.1300000000000035,0.03000000000000458,True,True,241.57442602559618,251.69696383759546,10.12253781199928,True,0
1678,2012-08-30,246.99,246.52371030812455,-0.46628969187545977,0.46628969187545977,2.2053432057643363,7.075858099101708,0.1350000000000035,0.03500000000000458,True,True,244.3183671023602,253.59956840722626,9.281201304866045,True,0
1679,2012-08-31,248.07,246.82659152107104,-1.2434084789289557,1.2434084789289557,2.1407792648142987,6.423111110558381,0.1400000000000035,0.04000000000000459,True,True,244.68581225625672,253.24970263162942,8.563890375372694,True,0
1680,2012-09-04,248.27,247.8778220028899,-0.39217799711011025,0.39217799711011025,2.0880615160873504,6.007588631611981,0.14500000000000351,0.04500000000000459,True,True,245.78976048680255,253.88541063450188,8.095650147699331,True,0
1681,2012-09-05,247.61,248.11040216762504,0.5004021676250261,-0.5004021676250261,2.0239634193259093,5.661814998372577,0.15000000000000352,0.050000000000004596,True,True,246.08643874829914,253.77221716599763,7.6857784176984865,True,0
1682,2012-09-06,248.23,247.48482759305514,-0.745172406944846,0.745172406944846,1.9551383845151946,5.164802640276548,0.15500000000000352,0.0550000000000046,True,True,245.52968920853993,252.6496302333317,7.119941024791757,True,0
1683,2012-09-07,253.85,248.05701584425057,-5.792984155749423,5.792984155749423,1.8969670868444268,4.944946333592554,0.16000000000000353,0.060000000000004605,True,False,246.16004875740614,253.00196217784313,6.841913420436981,False,1
1684,2012-09-10,259.0,253.48141808529198,-5.518581914708022,5.518581914708022,1.8466517769543742,inf,0.16500000000000353,-0.034999999999995396,True,True,251.6347663083376,inf,inf,True,0
1685,2012-09-11,257.6,258.64493029385073,1.0449302938507117,-1.0449302938507117,1.757119878239223,inf,0.17000000000000354,-0.029999999999995395,True,True,256.8878104156115,inf,inf,True,0
1686,2012-09-12,256.5,257.4976458076387,0.9976458076387189,-0.9976458076387189,1.7192165592504125,inf,0.17500000000000354,-0.024999999999995394,True,True,255.7784292483883,inf,inf,True,0
1687,2012-09-13,254.94,256.3975872208837,1.4575872208836813,-1.4575872208836813,1.6801055372755513,inf,0.18000000000000355,-0.019999999999995393,True,True,254.71748168360813,inf,inf,True,0
1688,2012-09-14,261.4,254.85359883047846,-6.546401169521516,6.546401169521516,1.639794927678082,inf,0.18500000000000355,-0.014999999999995392,True,True,253.21380390280038,inf,inf,True,0
1689,2012-09-17,261.25,261.00699196547816,-0.24300803452183573,0.24300803452183573,1.5743273363252825,inf,0.19000000000000355,-0.009999999999995391,True,True,259.4326646291529,inf,inf,True,0
1690,2012-09-18,258.48,261.0980600143732,2.6180600143731567,-2.6180600143731567,1.5279547257658095,inf,0.19500000000000356,-0.00499999999999539,False,True,259.57010528860735,inf,inf,False,1
1691,2012-09-19,259.45,258.4397214841691,-1.010278515830862,1.010278515830862,2.7061092230506034,inf,0.10000000000000356,4.610894999146353e-15,True,True,255.73361226111854,inf,inf,True,0
1692,2012-09-20,260.03,259.27243105782804,-0.7575689421719289,0.7575689421719289,2.657909392755485,43.79,0.10500000000000356,0.005000000000004612,True,True,256.6145216650726,303.06243105782806,46.44790939275549,True,0
1693,2012-09-21,261.74,259.8596750972776,-1.880324902722407,1.880324902722407,2.5204442707041608,42.95,0.11000000000000357,0.010000000000004613,True,True,257.33923082657344,302.8096750972776,45.47044427070415,True,0
1694,2012-09-24,255.22,261.5277343598265,6.307734359826526,-6.307734359826526,2.4659889684694747,37.08,0.11500000000000357,0.015000000000004614,False,True,259.061745391357,298.6077343598265,39.54598896846949,False,1
1695,2012-09-25,256.33,255.31606088224436,-1.0139391177556263,1.0139391177556263,6.307734359826526,13.973324868287676,0.02000000000000357,0.020000000000004615,True,True,249.00832652241783,269.289385750532,20.281059228114174,True,0
1696,2012-09-26,252.4,256.1527917060897,3.7527917060897096,-3.7527917060897096,5.45012046181634,9.482862958331168,0.02500000000000357,0.025000000000004616,True,True,250.70267124427338,265.6356546644209,14.932983420147508,True,0
1697,2012-09-27,250.54,252.398631946614,1.8586319466139969,-1.8586319466139969,5.036240787092794,7.815822948360108,0.030000000000003572,0.030000000000004617,True,True,247.3623911595212,260.2144548949741,12.852063735452901,True,0
1698,2012-09-28,256.14,250.4679651346666,-5.672034865333387,5.672034865333387,4.737598771371339,7.071300597949119,0.03500000000000357,0.03500000000000462,True,True,245.73036636329527,257.5392657326157,11.808899369320443,True,0
1699,2012-10-01,255.4,255.77639100181676,0.37639100181675644,-0.37639100181675644,4.454095901180565,6.542630751341889,0.040000000000003574,0.040000000000004615,True,True,251.3222951006362,262.31902175315867,10.996726652522455,True,0
1700,2012-10-02,252.8,255.2674080545404,2.4674080545403854,-2.4674080545403854,4.060829306802077,6.007588631611981,0.04500000000000358,0.04500000000000462,True,True,251.20657874773832,261.27499668615235,10.06841793841403,True,0
1701,2012-10-03,251.21,252.7516498921242,1.541649892124184,-1.541649892124184,3.7864608305418983,5.672034865333387,0.05000000000000358,0.050000000000004624,True,True,248.9651890615823,258.4236847574576,9.458495695875285,True,0
1702,2012-10-04,256.01,251.12631107904787,-4.883688920952125,4.883688920952125,3.657202462239894,5.248248822200026,0.05500000000000359,0.05500000000000463,True,True,247.46910861680797,256.3745599012479,8.90545128443992,True,0
1703,2012-10-05,261.2,255.67714812044917,-5.522851879550814,5.522851879550814,3.4661290183451854,4.960861927767695,0.06000000000000359,0.06000000000000463,True,False,252.211019102104,260.63801004821687,8.42699094611288,False,1
1704,2012-10-08,257.67,260.83889149559394,3.1688914955939254,-3.1688914955939254,3.3485030667322917,inf,0.0650000000000036,-0.03499999999999537,True,True,257.49038842886165,inf,inf,True,0
1705,2012-10-09,258.67,257.64307196953814,-1.0269280304618746,1.0269280304618746,3.2904619009295857,inf,0.0700000000000036,-0.029999999999995367,True,True,254.35261006860856,inf,inf,True,0
1706,2012-10-10,252.0,258.49231013868945,6.492310138689447,-6.492310138689447,3.1688914955939254,inf,0.0750000000000036,-0.024999999999995366,False,True,255.32341864309552,inf,inf,False,1
1707,2012-10-11,248.0,252.10169756407083,4.101697564070832,-4.101697564070832,inf,inf,-0.019999999999996396,-0.019999999999995365,True,True,-inf,inf,inf,True,0
1708,2012-10-12,243.18,248.015604855255,4.835604855254985,-4.835604855254985,inf,inf,-0.014999999999996395,-0.014999999999995364,True,True,-inf,inf,inf,True,0
1709,2012-10-15,242.85,243.21648703960426,0.3664870396042659,-0.3664870396042659,inf,inf,-0.009999999999996394,-0.009999999999995363,True,True,-inf,inf,inf,True,0
1710,2012-10-16,244.87,242.71850650574066,-2.1514934942593413,2.1514934942593413,inf,inf,-0.004999999999996393,-0.004999999999995362,True,True,-inf,inf,inf,True,0
1711,2012-10-17,243.37,244.6400972444473,1.2700972444472995,-1.2700972444472995,inf,inf,3.608224830031759e-15,4.638650574761982e-15,True,True,-inf,inf,inf,True,0
1712,2012-10-18,247.77,243.26939818784774,-4.500601812152269,4.500601812152269,10.17138112416589,43.79,0.005000000000003609,0.00500000000000464,True,True,233.09801706368185,287.05939818784776,53.96138112416591,True,0
1713,2012-10-19,245.16,247.45033235490158,2.2903323549015795,-2.2903323549015795,7.642987594851675,42.95,0.01000000000000361,0.01000000000000464,True,True,239.8073447600499,290.4003323549016,50.59298759485171,True,0
1714,2012-10-22,238.81,245.09763290134867,6.2876329013486725,-6.2876329013486725,7.101294528237247,37.08,0.015000000000003611,0.015000000000004642,True,True,237.99633837311143,282.17763290134866,44.18129452823723,True,0
1715,2012-10-23,231.05,238.90112317834553,7.851123178345517,-7.851123178345517,6.307734359826526,13.725655545674073,0.020000000000003612,0.020000000000004643,False,True,232.593388818519,252.6267787240196,20.0333899055006,False,1
1716,2012-10-24,235.88,231.19463347222958,-4.685366527770412,4.685366527770412,inf,9.482862958331168,-0.07499999999999639,0.025000000000004644,True,True,-inf,240.67749643056075,inf,True,0
1717,2012-10-25,230.92,235.55908751878206,4.639087518782077,-4.639087518782077,inf,7.686476547247764,-0.06999999999999638,0.030000000000004644,True,True,-inf,243.24556406602983,inf,True,0
1718,2012-10-26,228.6,230.94525316319994,2.345253163199942,-2.345253163199942,inf,6.870571202061143,-0.06499999999999638,0.035000000000004645,True,True,-inf,237.81582436526108,inf,True,0
1719,2012-10-31,236.32,228.5448069520164,-7.775193047983606,7.775193047983606,inf,6.423111110558381,-0.059999999999996376,0.04000000000000464,True,False,-inf,234.96791806257477,inf,False,1
1720,2012-11-01,234.23,235.87096896164257,1.640968961642585,-1.640968961642585,inf,inf,-0.05499999999999637,-0.05499999999999536,True,True,-inf,inf,inf,True,0
1721,2012-11-02,234.01,234.1367028970551,0.12670289705511095,-0.12670289705511095,inf,inf,-0.04999999999999637,-0.049999999999995354,True,True,-inf,inf,inf,True,0
1722,2012-11-05,232.04,233.8698619935522,1.829861993552214,-1.829861993552214,inf,inf,-0.04499999999999636,-0.04499999999999535,True,True,-inf,inf,inf,True,0
1723,2012-11-06,235.41,231.96251164904294,-3.447488350957059,3.447488350957059,inf,inf,-0.03999999999999636,-0.039999999999995345,True,True,-inf,inf,inf,True,0
1724,2012-11-07,235.65,235.1298737833681,-0.5201262166318941,0.5201262166318941,inf,inf,-0.034999999999996353,-0.03499999999999534,True,True,-inf,inf,inf,True,0
1725,2012-11-08,232.22,235.47810866202153,3.2581086620215274,-3.2581086620215274,inf,inf,-0.029999999999996353,-0.02999999999999534,True,True,-inf,inf,inf,True,0
1726,2012-11-09,226.26,232.19723342307807,5.937233423078084,-5.937233423078084,inf,inf,-0.02499999999999635,-0.02499999999999534,True,True,-inf,inf,inf,True,0
1727,2012-11-12,226.59,226.34185603345603,-0.24814396654397797,0.24814396654397797,inf,inf,-0.01999999999999635,-0.019999999999995337,True,True,-inf,inf,inf,True,0
1728,2012-11-13,225.12,226.44052989358298,1.3205298935829717,-1.3205298935829717,inf,inf,-0.01499999999999635,-0.014999999999995337,True,True,-inf,inf,inf,True,0
1729,2012-11-14,226.5,225.02340013111214,-1.4765998688878597,1.4765998688878597,inf,inf,-0.009999999999996349,-0.009999999999995336,True,True,-inf,inf,inf,True,0
1730,2012-11-15,222.3,226.2983091175953,3.9983091175952836,-3.9983091175952836,inf,inf,-0.004999999999996348,-0.0049999999999953346,True,True,-inf,inf,inf,True,0
1731,2012-11-16,221.31,222.30565694274037,0.9956569427403679,-0.9956569427403679,inf,inf,3.653327640407156e-15,4.666406150377611e-15,True,True,-inf,inf,inf,True,0
1732,2012-11-19,228.32,221.20753273725933,-7.112467262740665,7.112467262740665,10.17138112416589,43.79,0.005000000000003654,0.005000000000004667,True,True,211.03615161309344,264.99753273725935,53.96138112416591,True,0
1733,2012-11-20,230.0,227.89617531045448,-2.103824689545519,2.103824689545519,7.851123178345517,42.95,0.010000000000003655,0.010000000000004668,True,True,220.04505213210896,270.8461753104545,50.801123178345534,True,0
1734,2012-11-21,233.84,229.7611286937093,-4.078871306290694,4.078871306290694,7.178835412782433,37.08,0.015000000000003656,0.01500000000000467,True,True,222.58229328092688,266.8411286937093,44.258835412782446,True,0
1735,2012-11-23,239.89,233.53341744978752,-6.356582550212465,6.356582550212465,6.319158763857388,13.725655545674073,0.020000000000003657,0.02000000000000467,True,True,227.21425868593013,247.2590729954616,20.04481430953146,True,0
1736,2012-11-26,240.39,239.49290587508395,-0.8970941249160376,0.8970941249160376,5.64943776497222,9.271350946718002,0.025000000000003658,0.02500000000000467,True,True,233.84346811011173,248.76425682180195,14.920788711690221,True,0
1737,2012-11-27,243.22,240.20111868590922,-3.018881314090777,3.018881314090777,5.0723320230081015,7.686476547247764,0.03000000000000366,0.030000000000004672,True,True,235.12878666290112,247.887595233157,12.758808570255866,True,0
1738,2012-11-28,242.45,242.95563993717573,0.5056399371757436,-0.5056399371757436,4.857190359396526,7.075858099101708,0.03500000000000366,0.03500000000000467,True,True,238.0984495777792,250.03149803627744,11.933048458498234,True,0
1739,2012-11-29,248.05,242.31738378545083,-5.732616214549182,5.732616214549182,4.530293486530809,6.542630751341889,0.04000000000000366,0.04000000000000467,True,True,237.78709029892002,248.86001453679273,11.072924237872712,True,0
1740,2012-11-30,250.38,247.68128764945212,-2.698712350547879,2.698712350547879,4.28487787288131,6.076534422462814,0.04500000000000366,0.045000000000004675,True,True,243.3964097765708,253.75782207191492,10.36141229534411,True,0
1741,2012-12-03,252.54,250.12467016696328,-2.415329833036708,2.415329833036708,3.997072011575071,5.732616214549182,0.050000000000003667,0.05000000000000468,True,True,246.12759815538823,255.85728638151247,9.729688226124239,True,0
1742,2012-12-04,249.94,252.29854210260828,2.3585421026082827,-2.3585421026082827,3.7527917060897096,5.518581914708022,0.05500000000000367,0.055000000000004684,True,True,248.54575039651857,257.8171240173163,9.271373620797732,True,0
1743,2012-12-05,252.44,249.8778510106536,-2.5621489893464116,2.5621489893464116,3.49715015147774,5.085658914215628,0.060000000000003675,0.06000000000000469,True,True,246.38070085917585,254.96350992486921,8.582809065693368,True,0
1744,2012-12-06,253.0,252.19445818828572,-0.8055418117142779,0.8055418117142779,3.4250883411622226,4.883688920952125,0.06500000000000368,0.06500000000000469,True,True,248.7693698471235,257.0781471092379,8.308777262114376,True,0
1745,2012-12-07,254.14,252.81868146581263,-1.3213185341873555,1.3213185341873555,3.3245834561466268,4.685366527770412,0.07000000000000368,0.0700000000000047,True,True,249.494098009666,257.5040479935831,8.009949983917068,True,0
1746,2012-12-10,253.1,253.94052658300205,0.8405265830020596,-0.8405265830020596,3.2581086620215274,4.608930260961898,0.07500000000000369,0.0750000000000047,True,True,250.68241792098053,258.549456843964,7.867038922983454,True,0
1747,2012-12-11,248.5,252.9816702657787,4.481670265778689,-4.481670265778689,3.095195091930293,4.417231835401168,0.0800000000000037,0.0800000000000047,False,True,249.8864751738484,257.39890210117983,7.512426927331433,False,1
1748,2012-12-12,251.07,248.5179945047645,-2.5520054952355054,2.5520054952355054,inf,4.264209125490069,-0.014999999999996308,0.08500000000000471,True,True,-inf,252.78220363025457,inf,True,0
1749,2012-12-13,251.11,250.82531286550923,-0.2846871344907811,0.2846871344907811,inf,4.149251007800132,-0.009999999999996307,0.09000000000000472,True,True,-inf,254.97456387330936,inf,True,0
1750,2012-12-14,250.11,250.94761012980933,0.8376101298093204,-0.8376101298093204,inf,3.9840483300116034,-0.004999999999996306,0.09500000000000472,True,True,-inf,254.93165845982094,inf,True,0
1751,2012-12-17,249.81,249.99178462961925,0.18178462961924424,-0.18178462961924424,inf,3.774265967416696,3.694961003830599e-15,0.10000000000000472,True,True,-inf,253.76605059703593,inf,True,0
1752,2012-12-18,254.57,249.66734133076451,-4.902658669235478,4.902658669235478,10.17138112416589,3.7051449135334735,0.005000000000003696,0.10500000000000473,True,False,239.49596020659862,253.372486244298,13.876526037699364,False,1
1753,2012-12-19,261.3,254.23302045904404,-7.06697954095597,7.06697954095597,7.851123178345517,42.95,0.010000000000003697,0.010000000000004727,True,True,246.38189728069852,297.18302045904403,50.801123178345506,True,0
1754,2012-12-20,258.36,260.8793378203207,2.519337820320686,-2.519337820320686,7.101294528237247,37.04,0.015000000000003698,0.015000000000004728,True,True,253.77804329208345,297.9193378203207,44.14129452823727,True,0
1755,2012-12-21,257.82,258.3003686097848,0.48036860978481855,-0.48036860978481855,6.307734359826526,12.762369254078436,0.0200000000000037,0.02000000000000473,True,True,251.9926342499583,271.0627378638633,19.07010361390499,True,0
1756,2012-12-24,257.3,257.6916140788021,0.39161407880209254,-0.39161407880209254,5.64943776497222,9.271350946718002,0.0250000000000037,0.02500000000000473,True,True,252.04217631382988,266.96296502552013,14.92078871169025,True,0
1757,2012-12-26,257.15,257.16537017493414,0.01537017493416215,-0.01537017493416215,5.0723320230081015,7.686476547247764,0.0300000000000037,0.03000000000000473,True,True,252.09303815192604,264.8518467221819,12.758808570255866,True,0
1758,2012-12-27,248.28,257.00131187731074,8.72131187731074,-8.72131187731074,4.835604855254985,7.071300597949119,0.0350000000000037,0.035000000000004736,False,True,252.16570702205576,264.07261247525986,11.906905453204104,False,1
1759,2012-12-28,245.85,248.45221560390206,2.602215603902067,-2.602215603902067,inf,6.542630751341889,-0.0599999999999963,0.04000000000000474,True,True,-inf,254.99484635524396,inf,True,0
1760,2012-12-31,243.75,245.80211423461222,2.052114234612219,-2.052114234612219,inf,6.076534422462814,-0.0549999999999963,0.045000000000004745,True,True,-inf,251.87864865707502,inf,True,0
1761,2013-01-02,256.08,243.67605666484826,-12.403943335151723,12.403943335151723,inf,5.732616214549182,-0.0499999999999963,0.05000000000000475,True,False,-inf,249.40867287939744,inf,False,1
1762,2013-01-03,257.27,255.4528694207951,-1.8171305792048713,1.8171305792048713,inf,inf,-0.04499999999999629,-0.04499999999999525,True,True,-inf,inf,inf,True,0
1763,2013-01-04,257.58,257.0392809472698,-0.5407190527301964,0.5407190527301964,inf,inf,-0.03999999999999629,-0.03999999999999525,True,True,-inf,inf,inf,True,0
1764,2013-01-07,262.97,257.4092251163109,-5.560774883689135,5.560774883689135,inf,inf,-0.034999999999996284,-0.03499999999999524,True,True,-inf,inf,inf,True,0
1765,2013-01-08,267.07,262.6100158091672,-4.459984190832813,4.459984190832813,inf,inf,-0.029999999999996283,-0.029999999999995242,True,True,-inf,inf,inf,True,0
1766,2013-01-09,268.17,266.7496389155871,-1.4203610844128889,1.4203610844128889,inf,inf,-0.024999999999996282,-0.02499999999999524,True,True,-inf,inf,inf,True,0
1767,2013-01-10,268.54,267.96595998045154,-0.5740400195484767,0.5740400195484767,inf,inf,-0.01999999999999628,-0.01999999999999524,True,True,-inf,inf,inf,True,0
1768,2013-01-11,265.1,268.36968611998077,3.269686119980747,-3.269686119980747,inf,inf,-0.01499999999999628,-0.01499999999999524,True,True,-inf,inf,inf,True,0
1769,2013-01-14,268.0,265.07079071437556,-2.929209285624438,2.929209285624438,inf,inf,-0.00999999999999628,-0.009999999999995238,True,True,-inf,inf,inf,True,0
1770,2013-01-15,270.68,267.744172863031,-2.93582713696901,2.93582713696901,inf,inf,-0.004999999999996278,-0.004999999999995237,True,True,-inf,inf,inf,True,0
1771,2013-01-16,270.53,270.4195428899665,-0.11045711003345104,0.11045711003345104,inf,inf,3.722716579446228e-15,4.763550665032312e-15,True,True,-inf,inf,inf,True,0
1772,2013-01-17,271.5,270.37567563684735,-1.1243243631526525,1.1243243631526525,10.17138112416589,43.79,0.005000000000003724,0.0050000000000047645,True,True,260.2042945126815,314.16567563684737,53.96138112416588,True,0
1773,2013-01-18,270.83,271.3105729560606,0.48057295606059824,-0.48057295606059824,8.25200881534488,42.95,0.010000000000003725,0.010000000000004765,True,True,263.0585641407157,314.26057295606057,51.20200881534487,True,0
1774,2013-01-22,271.62,270.6987787695445,-0.921221230455501,0.921221230455501,7.178835412782433,37.04,0.015000000000003726,0.015000000000004766,True,True,263.51994335676204,307.7387787695445,44.21883541278248,True,0
1775,2013-01-23,270.57,271.438280444503,0.8682804445030001,-0.8682804445030001,6.319158763857388,12.762369254078436,0.020000000000003727,0.020000000000004767,True,True,265.1191216806456,284.2006496985814,19.081528017935796,True,0
1776,2013-01-24,269.37,270.4530142970503,1.0830142970502834,-1.0830142970502834,5.64943776497222,9.271350946718002,0.025000000000003728,0.02500000000000477,True,True,264.80357653207807,279.72436524376826,14.920788711690193,True,0
1777,2013-01-25,275.0,269.26207301530997,-5.737926984690034,5.737926984690034,5.0723320230081015,7.686476547247764,0.03000000000000373,0.03000000000000477,True,True,264.18974099230184,276.94854956255773,12.758808570255894,True,0
1778,2013-01-28,283.78,274.638090524655,-9.14190947534496,9.14190947534496,4.835604855254985,7.071300597949119,0.03500000000000373,0.03500000000000477,True,False,269.8024856694,281.70939112260413,11.906905453204104,False,1
1779,2013-01-29,275.35,283.2889075902929,7.938907590292899,-7.938907590292899,4.504450182664215,inf,0.04000000000000373,-0.05999999999999523,False,True,278.7844574076287,inf,inf,False,1
1780,2013-01-30,283.0,275.4840006440527,-7.515999355947315,7.515999355947315,inf,inf,-0.054999999999996274,-0.05499999999999523,True,True,-inf,inf,inf,True,0
1781,2013-01-31,271.04,282.57511699579123,11.535116995791213,-11.535116995791213,inf,inf,-0.04999999999999627,-0.04999999999999523,True,True,-inf,inf,inf,True,0
1782,2013-02-01,268.93,271.328378780986,2.398378780985979,-2.398378780985979,inf,inf,-0.044999999999996265,-0.044999999999995224,True,True,-inf,inf,inf,True,0
1783,2013-02-04,262.78,268.8724083931471,6.092408393147139,-6.092408393147139,inf,inf,-0.03999999999999626,-0.03999999999999522,True,True,-inf,inf,inf,True,0
1784,2013-02-05,262.0,262.85668194118506,0.8566819411850588,-0.8566819411850588,inf,inf,-0.034999999999996256,-0.034999999999995215,True,True,-inf,inf,inf,True,0
1785,2013-02-06,265.16,261.87647317218045,-3.2835268278195713,3.2835268278195713,inf,inf,-0.029999999999996255,-0.029999999999995215,True,True,-inf,inf,inf,True,0
1786,2013-02-07,264.1,264.8817180110344,0.7817180110343998,-0.7817180110343998,inf,inf,-0.024999999999996254,-0.024999999999995214,True,True,-inf,inf,inf,True,0
1787,2013-02-08,261.4,263.97976111217304,2.5797611121730597,-2.5797611121730597,inf,inf,-0.019999999999996253,-0.019999999999995213,True,True,-inf,inf,inf,True,0
1788,2013-02-11,263.2,261.3457640767164,-1.854235923283568,1.854235923283568,inf,inf,-0.014999999999996252,-0.014999999999995212,True,True,-inf,inf,inf,True,0
1789,2013-02-12,259.19,262.9758057985828,3.785805798582828,-3.785805798582828,inf,inf,-0.009999999999996251,-0.00999999999999521,True,True,-inf,inf,inf,True,0
1790,2013-02-13,261.53,259.18257124708936,-2.3474287529106164,2.3474287529106164,inf,inf,-0.0049999999999962505,-0.00499999999999521,True,True,-inf,inf,inf,True,0
1791,2013-02-14,267.37,261.2850640687381,-6.084935931261896,6.084935931261896,inf,inf,3.750472155061857e-15,4.791306240647941e-15,True,True,-inf,inf,inf,True,0
1792,2013-02-15,267.63,266.98336136391487,-0.6466386360851288,0.6466386360851288,10.92408695002726,43.79,0.0050000000000037514,0.005000000000004792,True,True,256.0592744138876,310.7733613639149,54.71408695002731,True,0
1793,2013-02-19,265.91,267.4556775171936,1.5456775171935533,-1.5456775171935533,8.445680639693741,42.95,0.010000000000003752,0.010000000000004793,True,True,259.0099968774998,310.40567751719357,51.39568063969375,True,0
1794,2013-02-20,270.2,265.8175731383787,-4.382426861621298,4.382426861621298,7.307635926972694,37.04,0.015000000000003753,0.015000000000004794,True,True,258.509937211406,302.8575731383787,44.347635926972714,True,0
1795,2013-02-21,265.12,269.87917868878475,4.759178688784743,-4.759178688784743,6.509623189394347,12.762369254078436,0.020000000000003754,0.020000000000004795,True,True,263.3695554993904,282.6415479428632,19.27199244347281,True,0
1796,2013-02-22,266.62,265.15116958998857,-1.468830410011435,1.468830410011435,6.026140789719079,9.271350946718002,0.025000000000003755,0.025000000000004796,True,True,259.1250288002695,274.42252053670654,15.297491736437053,True,0
1797,2013-02-25,266.94,266.4096198182646,-0.5303801817353815,0.5303801817353815,5.364702549197887,7.775193047983606,0.030000000000003756,0.030000000000004797,True,True,261.04491726906673,274.1848128662482,13.139895597181464,True,0
1798,2013-02-26,260.89,266.7680222887985,5.8780222887984905,-5.8780222887984905,4.889122137728307,7.112467262740665,0.03500000000000376,0.0350000000000048,False,True,261.8789001510702,273.88048955153914,12.001589400468959,False,1
1799,2013-02-27,259.4,260.96218381255727,1.5621838125572935,-1.5621838125572935,inf,6.556223870250761,-0.059999999999996244,0.040000000000004796,True,True,-inf,267.51840768280806,inf,True,0
1800,2013-02-28,261.81,259.3056114558444,-2.5043885441555744,2.5043885441555744,inf,6.123168581259378,-0.054999999999996246,0.0450000000000048,True,True,-inf,265.4287800371038,inf,True,0
1801,2013-03-01,263.27,261.55988709798515,-1.7101129020148278,1.7101129020148278,inf,5.792984155749423,-0.04999999999999624,0.050000000000004804,True,True,-inf,267.3528712537346,inf,True,0
1802,2013-03-04,265.36,263.0514869463695,-2.30851305363052,2.30851305363052,inf,5.560774883689135,-0.04499999999999624,0.05500000000000481,True,True,-inf,268.6122618300586,inf,True,0
1803,2013-03-05,274.0,265.1186657686148,-8.88133423138521,8.88133423138521,inf,5.164802640276548,-0.03999999999999623,0.06000000000000481,True,False,-inf,270.28346840889134,inf,False,1
1804,2013-03-06,275.76,273.5034686095035,-2.256531390496491,2.256531390496491,inf,inf,-0.03499999999999623,-0.03499999999999519,True,True,-inf,inf,inf,True,0
1805,2013-03-07,274.1,275.5252806567825,1.4252806567824905,-1.4252806567824905,inf,inf,-0.029999999999996228,-0.029999999999995187,True,True,-inf,inf,inf,True,0
1806,2013-03-08,275.0,274.0037644107096,-0.9962355892903929,0.9962355892903929,inf,inf,-0.024999999999996227,-0.024999999999995186,True,True,-inf,inf,inf,True,0
1807,2013-03-11,273.43,274.81062437418313,1.3806243741831281,-1.3806243741831281,inf,inf,-0.019999999999996226,-0.019999999999995185,True,True,-inf,inf,inf,True,0
1808,2013-03-12,271.0,273.3311999712734,2.3311999712734064,-2.3311999712734064,inf,inf,-0.014999999999996225,-0.014999999999995184,True,True,-inf,inf,inf,True,0
1809,2013-03-13,275.24,270.9362397066066,-4.303760293393395,4.303760293393395,inf,inf,-0.009999999999996224,-0.009999999999995183,True,True,-inf,inf,inf,True,0
1810,2013-03-14,269.67,274.9223882482173,5.252388248217301,-5.252388248217301,inf,inf,-0.004999999999996223,-0.004999999999995182,True,True,-inf,inf,inf,True,0
1811,2013-03-15,264.98,269.718648175528,4.738648175527999,-4.738648175527999,inf,inf,3.778227730677486e-15,4.81906181626357e-15,True,True,-inf,inf,inf,True,0
1812,2013-03-18,259.3,265.00611000769396,5.706110007693951,-5.706110007693951,10.17138112416589,43.76,0.005000000000003779,0.00500000000000482,True,True,254.83472888352807,308.76611000769395,53.93138112416588,True,0
1813,2013-03-19,258.4,259.35831504158506,0.958315041585081,-0.958315041585081,8.25200881534488,42.92,0.01000000000000378,0.010000000000004821,True,True,251.10630622624018,302.2783150415851,51.172008815344896,True,0
1814,2013-03-20,258.05,258.2798593937486,0.22985939374859754,-0.22985939374859754,7.206149293916951,36.98,0.015000000000003781,0.015000000000004822,True,True,251.07371009983166,295.2598593937486,44.18614929391697,True,0
1815,2013-03-21,256.11,257.9043137576814,1.7943137576813797,-1.7943137576813797,6.492310138689447,12.403943335151723,0.020000000000003782,0.020000000000004823,True,True,251.41200361899195,270.3082570928331,18.89625347384117,True,0
1816,2013-03-22,254.55,256.02379981181565,1.4737998118156383,-1.4737998118156383,5.937233423078084,9.219771232147934,0.025000000000003783,0.025000000000004824,True,True,250.08656638873757,265.2435710439636,15.157004655226018,True,0
1817,2013-03-25,258.58,254.4510789230513,-4.1289210769486715,4.1289210769486715,5.399616352598684,7.775193047983606,0.030000000000003784,0.030000000000004825,True,True,249.05146257045263,262.2262719710349,13.17480940058229,True,0
1818,2013-03-26,257.05,258.2677770556768,1.2177770556767769,-1.2177770556767769,5.0009625159005395,7.112467262740665,0.035000000000003785,0.035000000000004826,True,True,253.26681453977625,265.38024431841745,12.113429778641205,True,0
1819,2013-03-27,258.75,256.94388069113285,-1.806119308867153,1.806119308867153,4.738648175527999,6.556223870250761,0.04000000000000378,0.04000000000000482,True,True,252.20523251560485,263.50010456138364,11.294872045778789,True,0
1820,2013-03-28,265.82,258.52668858805316,-7.293311411946831,7.293311411946831,4.481670265778689,6.123168581259378,0.04500000000000379,0.04500000000000483,True,False,254.04501832227447,264.64985716931255,10.604838847038081,False,1
1821,2013-04-01,266.98,265.38657535693966,-1.5934246430603594,1.5934246430603594,4.101697564070832,inf,0.05000000000000379,-0.04999999999999517,True,True,261.2848777928688,inf,inf,True,0
1822,2013-04-02,262.4,266.7682866428716,4.368286642871624,-4.368286642871624,3.86043732806084,inf,0.055000000000003796,-0.04499999999999517,False,True,262.90784931481073,inf,inf,False,1
1823,2013-04-03,262.12,262.4100077738699,0.2900077738698883,-0.2900077738698883,inf,inf,-0.039999999999996205,-0.039999999999995164,True,True,-inf,inf,inf,True,0
1824,2013-04-04,259.23,261.9764909754755,2.746490975475467,-2.746490975475467,inf,inf,-0.0349999999999962,-0.03499999999999516,True,True,-inf,inf,inf,True,0
1825,2013-04-05,255.72,259.1787166826172,3.458716682617222,-3.458716682617222,inf,inf,-0.0299999999999962,-0.02999999999999516,True,True,-inf,inf,inf,True,0
1826,2013-04-08,255.92,255.69479132638583,-0.22520867361416208,0.22520867361416208,inf,inf,-0.0249999999999962,-0.024999999999995158,True,True,-inf,inf,inf,True,0
1827,2013-04-09,258.85,255.75665220009307,-3.093347799906951,3.093347799906951,inf,inf,-0.019999999999996198,-0.019999999999995157,True,True,-inf,inf,inf,True,0
1828,2013-04-10,261.78,258.5783366630822,-3.201663336917761,3.201663336917761,inf,inf,-0.014999999999996197,-0.014999999999995156,True,True,-inf,inf,inf,True,0
1829,2013-04-11,264.74,261.50466425562803,-3.23533574437198,3.23533574437198,inf,inf,-0.009999999999996196,-0.009999999999995155,True,True,-inf,inf,inf,True,0
1830,2013-04-12,270.12,264.46393824093195,-5.656061759068052,5.656061759068052,inf,inf,-0.004999999999996195,-0.004999999999995154,True,True,-inf,inf,inf,True,0
1831,2013-04-15,271.08,269.7531140587842,-1.326885941215778,1.326885941215778,inf,inf,3.805983306293115e-15,4.846817391879199e-15,True,True,-inf,inf,inf,True,0
1832,2013-04-16,269.31,270.87781844986495,1.5678184498649443,-1.5678184498649443,10.17138112416589,43.76,0.005000000000003807,0.005000000000004848,True,True,260.7064373256991,314.63781844986494,53.93138112416585,True,0
1833,2013-04-17,270.8,269.21397339164486,-1.586026608355155,1.586026608355155,8.25200881534488,42.92,0.010000000000003808,0.010000000000004849,True,True,260.9619645763,312.1339733916449,51.172008815344896,True,0
1834,2013-04-18,266.81,270.5854977033803,3.7754977033803243,-3.7754977033803243,7.206149293916951,36.98,0.015000000000003809,0.01500000000000485,True,True,263.3793484094634,307.56549770338034,44.18614929391697,True,0
1835,2013-04-19,258.16,266.7955174214512,8.635517421451198,-8.635517421451198,6.492310138689447,12.403943335151723,0.02000000000000381,0.02000000000000485,False,True,260.3032072827618,279.19946075660295,18.89625347384117,False,1
1836,2013-04-22,259.35,258.31857287598126,-1.0314271240187622,1.0314271240187622,inf,9.219771232147934,-0.0749999999999962,0.02500000000000485,True,True,-inf,267.5383441081292,inf,True,0
1837,2013-04-23,264.5,259.15481498347134,-5.34518501652866,5.34518501652866,inf,7.686476547247764,-0.06999999999999619,0.030000000000004853,True,True,-inf,266.8412915307191,inf,True,0
1838,2013-04-24,269.5,264.1439394137409,-5.356060586259105,5.356060586259105,inf,7.112467262740665,-0.06499999999999619,0.035000000000004854,True,True,-inf,271.25640667648156,inf,True,0
1839,2013-04-25,271.53,269.14440490134604,-2.385595098653937,2.385595098653937,inf,6.556223870250761,-0.05999999999999618,0.04000000000000485,True,True,-inf,275.7006287715968,inf,True,0
1840,2013-04-26,269.97,271.28634716097366,1.3163471609736348,-1.3163471609736348,inf,6.123168581259378,-0.05499999999999618,0.045000000000004856,True,True,-inf,277.40951574223305,inf,True,0
1841,2013-04-29,254.9,269.86254437409934,14.962544374099338,-14.962544374099338,inf,5.792984155749423,-0.04999999999999617,0.05000000000000486,True,True,-inf,275.65552852984877,inf,True,0
1842,2013-04-30,249.37,255.27610438362981,5.90610438362981,-5.90610438362981,inf,5.59665441533582,-0.04499999999999617,0.055000000000004864,True,True,-inf,260.8727587989656,inf,True,0
1843,2013-05-01,253.9,249.42781161410304,-4.47218838589697,4.47218838589697,inf,5.248248822200026,-0.039999999999996164,0.06000000000000487,True,True,-inf,254.67606043630306,inf,True,0
1844,2013-05-02,248.94,253.58861297306183,4.64861297306183,-4.64861297306183,inf,4.960861927767695,-0.03499999999999616,0.06500000000000487,True,True,-inf,258.5494749008295,inf,True,0
1845,2013-05-03,256.14,248.94802675385662,-7.1919732461433625,7.1919732461433625,inf,4.795601335615686,-0.029999999999996158,0.07000000000000488,True,False,-inf,253.7436280894723,inf,False,1
1846,2013-05-06,258.09,255.72154188244582,-2.3684581175541553,2.3684581175541553,inf,inf,-0.024999999999996157,-0.024999999999995123,True,True,-inf,inf,inf,True,0
1847,2013-05-07,256.31,257.8433665753412,1.5333665753411765,-1.5333665753411765,inf,inf,-0.019999999999996156,-0.019999999999995122,True,True,-inf,inf,inf,True,0
1848,2013-05-08,256.87,256.2089752945113,-0.6610247054887282,0.6610247054887282,inf,inf,-0.014999999999996155,-0.014999999999995121,True,True,-inf,inf,inf,True,0
1849,2013-05-09,258.73,256.691562524787,-2.0384374752130157,2.0384374752130157,inf,inf,-0.009999999999996154,-0.00999999999999512,True,True,-inf,inf,inf,True,0
1850,2013-05-10,260.88,258.49918093936196,-2.380819060638032,2.380819060638032,inf,inf,-0.004999999999996153,-0.0049999999999951195,True,True,-inf,inf,inf,True,0
1851,2013-05-13,262.77,260.635671518117,-2.13432848188296,2.13432848188296,inf,inf,3.847616669716558e-15,4.881511861398735e-15,True,True,-inf,inf,inf,True,0
1852,2013-05-14,264.5,262.5344787446255,-1.9655212553744832,1.9655212553744832,10.92408695002726,43.76,0.005000000000003849,0.0050000000000048825,True,True,251.61039179459826,306.2944787446255,54.68408695002725,True,0
1853,2013-05-15,267.07,264.2707695564063,-2.7992304435936717,2.7992304435936717,8.52262168284659,42.92,0.01000000000000385,0.010000000000004883,True,True,255.74814787355973,307.19076955640634,51.44262168284661,True,0
1854,2013-05-16,265.96,266.8104255422461,0.8504255422461142,-0.8504255422461142,7.410330130523505,36.98,0.01500000000000385,0.015000000000004884,True,True,259.4000954117226,303.7904255422461,44.39033013052352,True,0
1855,2013-05-17,265.83,265.8322306900394,0.0022306900394255536,-0.0022306900394255536,6.509623189394347,12.105808063873866,0.02000000000000385,0.020000000000004885,True,True,259.32260750064506,277.93803875391325,18.615431253268184,True,0
1856,2013-05-20,269.0,265.67388123276874,-3.3261187672312644,3.3261187672312644,6.026140789719079,9.160111940275755,0.025000000000003852,0.025000000000004886,True,True,259.64774044304966,274.8339931730445,15.186252729994862,True,0
1857,2013-05-21,268.74,268.721851561686,-0.01814843831402868,0.01814843831402868,5.45012046181634,7.686476547247764,0.030000000000003853,0.030000000000004887,True,True,263.2717310998696,276.40832810893374,13.136597009064133,True,0
1858,2013-05-22,267.39,268.58007041784975,1.1900704178497676,-1.1900704178497676,5.036240787092794,7.13556167303318,0.035000000000003854,0.03500000000000489,True,True,263.54382963075693,275.71563209088293,12.171802460126003,True,0
1859,2013-05-23,260.49,267.2761297217407,6.786129721740679,-6.786129721740679,4.747800207663346,6.556223870250761,0.04000000000000385,0.04000000000000489,False,True,262.5283295140773,273.8323535919915,11.304024077914164,False,1
1860,2013-05-24,259.85,260.5756744527149,0.725674452714884,-0.725674452714884,inf,6.123168581259378,-0.05499999999999615,0.0450000000000049,True,True,-inf,266.6988430339743,inf,True,0
1861,2013-05-28,266.48,259.72371573147655,-6.756284268523473,6.756284268523473,inf,5.792984155749423,-0.049999999999996145,0.0500000000000049,True,False,-inf,265.51669988722597,inf,False,1
1862,2013-05-29,265.46,266.07626975975467,0.6162697597546867,-0.6162697597546867,inf,inf,-0.04499999999999614,-0.0449999999999951,True,True,-inf,inf,inf,True,0
1863,2013-05-30,265.71,265.31754036760725,-0.39245963239272896,0.39245963239272896,inf,inf,-0.039999999999996136,-0.039999999999995095,True,True,-inf,inf,inf,True,0
1864,2013-05-31,266.0,265.54022228999395,-0.45977771000605117,0.45977771000605117,inf,inf,-0.03499999999999613,-0.03499999999999509,True,True,-inf,inf,inf,True,0
1865,2013-06-03,265.38,265.82570839709496,0.44570839709496113,-0.44570839709496113,inf,inf,-0.02999999999999613,-0.02999999999999509,True,True,-inf,inf,inf,True,0
1866,2013-06-04,267.0,265.2385074233216,-1.7614925766783927,1.7614925766783927,inf,inf,-0.02499999999999613,-0.02499999999999509,True,True,-inf,inf,inf,True,0
1867,2013-06-05,265.81,266.77943998823076,0.9694399882307607,-0.9694399882307607,inf,inf,-0.01999999999999613,-0.019999999999995088,True,True,-inf,inf,inf,True,0
1868,2013-06-06,267.75,265.68582403891816,-2.064175961081844,2.064175961081844,inf,inf,-0.014999999999996128,-0.014999999999995087,True,True,-inf,inf,inf,True,0
1869,2013-06-07,269.74,267.51894393999305,-2.2210560600069584,2.2210560600069584,inf,inf,-0.009999999999996127,-0.009999999999995086,True,True,-inf,inf,inf,True,0
1870,2013-06-10,276.68,269.4995488261635,-7.180451173836502,7.180451173836502,inf,inf,-0.004999999999996126,-0.004999999999995085,True,True,-inf,inf,inf,True,0
1871,2013-06-11,276.0,276.2585069337593,0.2585069337592927,-0.2585069337592927,inf,inf,3.875372245332187e-15,4.916206330918271e-15,True,True,-inf,inf,inf,True,0
1872,2013-06-12,276.6,275.8447139446412,-0.7552860553587948,0.7552860553587948,10.92408695002726,43.76,0.005000000000003876,0.005000000000004917,True,True,264.92062699461394,319.6047139446412,54.68408695002728,True,0
1873,2013-06-13,271.5,276.4159810706713,4.915981070671307,-4.915981070671307,8.52262168284659,42.92,0.010000000000003877,0.010000000000004918,True,True,267.8933593878247,319.3359810706713,51.44262168284661,True,0
1874,2013-06-14,275.0,271.51692884964604,-3.4830711503539646,3.4830711503539646,7.307635926972694,36.7,0.015000000000003878,0.015000000000004919,True,True,264.20929292267334,308.216928849646,44.00763592697268,True,0
1875,2013-06-17,276.35,274.71950843552224,-1.6304915644777793,1.6304915644777793,6.663221430392326,12.105808063873866,0.02000000000000388,0.02000000000000492,True,True,268.0562870051299,286.8253164993961,18.769029494266192,True,0
1876,2013-06-18,279.08,276.1290193116196,-2.9509806883804117,2.9509806883804117,6.092408393147139,9.160111940275755,0.02500000000000388,0.02500000000000492,True,True,270.03661091847243,285.28913125189536,15.252520333422922,True,0
1877,2013-06-19,281.26,278.81388635677024,-2.446113643229751,2.446113643229751,5.45012046181634,7.586408126159938,0.03000000000000388,0.030000000000004922,True,True,273.3637658949539,286.4002944829302,13.036528587976306,True,0
1878,2013-06-20,275.14,281.0112064014752,5.871206401475206,-5.871206401475206,5.036240787092794,7.13556167303318,0.03500000000000388,0.03500000000000492,False,True,275.9749656143824,288.1467680745084,12.171802460125946,False,1
1879,2013-06-21,274.57,275.19004667634766,0.6200466763476697,-0.6200466763476697,inf,6.600213493306498,-0.05999999999999612,0.04000000000000492,True,True,-inf,281.7902601696542,inf,True,0
1880,2013-06-24,271.29,274.4400594436882,3.1500594436881784,-3.1500594436881784,inf,6.171438483048803,-0.05499999999999612,0.045000000000004925,True,True,-inf,280.611497926737,inf,True,0
1881,2013-06-25,272.3,271.2446947669548,-1.0553052330452033,1.0553052330452033,inf,5.8725509439858286,-0.04999999999999612,0.05000000000000493,True,True,-inf,277.11724571094067,inf,True,0
1882,2013-06-26,273.98,272.10593712002174,-1.8740628799782826,1.8740628799782826,inf,5.656061759068052,-0.04499999999999611,0.055000000000004934,True,True,-inf,277.7619988790898,inf,True,0
1883,2013-06-27,279.18,273.75243595451,-5.427564045489987,5.427564045489987,inf,5.26363727038553,-0.03999999999999611,0.06000000000000494,True,False,-inf,279.01607322489554,inf,False,1
1884,2013-06-28,276.19,278.8225026910637,2.632502691063678,-2.632502691063678,inf,inf,-0.034999999999996104,-0.03499999999999506,True,True,-inf,inf,inf,True,0
1885,2013-07-01,279.0,276.12183347424457,-2.8781665257554323,2.8781665257554323,inf,inf,-0.029999999999996103,-0.029999999999995062,True,True,-inf,inf,inf,True,0
1886,2013-07-02,281.04,278.73907577695945,-2.3009242230405675,2.3009242230405675,inf,inf,-0.0249999999999961,-0.02499999999999506,True,True,-inf,inf,inf,True,0
1887,2013-07-03,282.0,280.79529912830475,-1.2047008716952519,1.2047008716952519,inf,inf,-0.0199999999999961,-0.01999999999999506,True,True,-inf,inf,inf,True,0
1888,2013-07-05,285.0,281.79637317492023,-3.203626825079766,3.203626825079766,inf,inf,-0.0149999999999961,-0.014999999999995059,True,True,-inf,inf,inf,True,0
1889,2013-07-08,286.42,284.7245662712514,-1.6954337287486396,1.6954337287486396,inf,inf,-0.009999999999996099,-0.009999999999995058,True,True,-inf,inf,inf,True,0
1890,2013-07-09,291.0,286.1982030889718,-4.801796911028191,4.801796911028191,inf,inf,-0.004999999999996098,-0.004999999999995057,True,True,-inf,inf,inf,True,0
1891,2013-07-10,291.41,290.66701472233444,-0.7429852776655821,0.7429852776655821,inf,inf,3.903127820947816e-15,4.9439619065339e-15,True,True,-inf,inf,inf,True,0
1892,2013-07-11,294.99,291.2228283919538,-3.767171608046226,3.767171608046226,10.92408695002726,43.76,0.005000000000003904,0.005000000000004945,True,True,280.2987414419265,334.9828283919538,54.68408695002728,True,0
1893,2013-07-12,298.69,294.69644628753724,-3.993553712462756,3.993553712462756,8.52262168284659,42.92,0.010000000000003905,0.010000000000004946,True,True,286.17382460469065,337.61644628753726,51.44262168284661,True,0
1894,2013-07-15,307.27,298.38767760474013,-8.882322395259848,8.882322395259848,7.307635926972694,36.7,0.015000000000003906,0.015000000000004947,True,True,291.08004167776744,335.0876776047401,44.00763592697268,True,0
1895,2013-07-16,307.3,306.79410817244286,-0.50589182755715,0.50589182755715,6.663221430392326,12.105808063873866,0.020000000000003907,0.020000000000004948,True,True,300.1308867420505,318.8999162363167,18.769029494266192,True,0
1896,2013-07-17,306.97,307.126427933964,0.15642793396398247,-0.15642793396398247,6.026140789719079,9.14190947534496,0.025000000000003908,0.02500000000000495,True,True,301.10028714424493,316.26833740930897,15.16805026506404,True,0
1897,2013-07-18,306.27,306.8221130587204,0.5521130587204084,-0.5521130587204084,5.491396381162531,7.686476547247764,0.03000000000000391,0.03000000000000495,True,True,301.33071667755786,314.50858960596815,13.177872928410295,True,0
1898,2013-07-19,304.39,306.1354202922421,1.7454202922421018,-1.7454202922421018,5.036240787092794,7.13556167303318,0.03500000000000391,0.03500000000000495,True,True,301.0991795051493,313.27098196527527,12.171802460125946,True,0
1899,2013-07-22,309.25,304.29701408462233,-4.952985915377667,4.952985915377667,4.831146649804751,6.643232732744934,0.04000000000000391,0.04000000000000495,True,True,299.4658674348176,310.94024681736727,11.474379382549671,True,0
1900,2013-07-23,303.16,308.91873784173924,5.758737841739219,-5.758737841739219,4.530293486530809,6.171438483048803,0.04500000000000391,0.04500000000000495,False,True,304.38844435520843,315.09017632478805,10.701731969579612,False,1
1901,2013-07-24,303.02,303.2082083270762,0.18820832707621094,-0.18820832707621094,inf,5.8725509439858286,-0.04999999999999609,0.05000000000000496,True,True,-inf,309.080759271062,inf,True,0
1902,2013-07-25,299.0,302.872074193088,3.8720741930879967,-3.8720741930879967,inf,5.656061759068052,-0.044999999999996085,0.05500000000000496,True,True,-inf,308.52813595215605,inf,True,0
1903,2013-07-26,299.55,298.9803964003935,-0.5696035996065234,0.5696035996065234,inf,5.26363727038553,-0.03999999999999608,0.060000000000004966,True,True,-inf,304.244033670779,inf,True,0
1904,2013-07-29,311.07,299.3721624216497,-11.697837578350288,11.697837578350288,inf,5.028411261116844,-0.034999999999996076,0.06500000000000497,True,False,-inf,304.40057368276655,inf,False,1
1905,2013-07-30,307.72,310.48828672085904,2.7682867208590096,-2.7682867208590096,inf,inf,-0.029999999999996075,-0.02999999999999503,True,True,-inf,inf,inf,True,0
1906,2013-07-31,303.91,307.6604049381326,3.75040493813259,-3.75040493813259,inf,inf,-0.024999999999996074,-0.02499999999999503,True,True,-inf,inf,inf,True,0
1907,2013-08-01,303.08,303.8909698900856,0.8109698900856301,-0.8109698900856301,inf,inf,-0.019999999999996073,-0.01999999999999503,True,True,-inf,inf,inf,True,0
1908,2013-08-02,304.63,302.9547154295449,-1.6752845704551191,1.6752845704551191,inf,inf,-0.014999999999996072,-0.014999999999995028,True,True,-inf,inf,inf,True,0
1909,2013-08-05,303.4,304.41352817144667,1.0135281714466942,-1.0135281714466942,inf,inf,-0.009999999999996071,-0.009999999999995027,True,True,-inf,inf,inf,True,0
1910,2013-08-06,300.51,303.2785601265058,2.768560126505804,-2.768560126505804,inf,inf,-0.00499999999999607,-0.004999999999995026,True,True,-inf,inf,inf,True,0
1911,2013-08-07,300.15,300.45252113642266,0.3025211364226834,-0.3025211364226834,inf,inf,3.930883396563445e-15,4.975186929101483e-15,True,True,-inf,inf,inf,True,0
1912,2013-08-08,298.52,300.00496928216324,1.484969282163263,-1.484969282163263,10.92408695002726,43.76,0.005000000000003932,0.005000000000004976,True,True,289.08088233213596,343.76496928216324,54.68408695002728,True,0
1913,2013-08-09,295.68,298.4149691841452,2.7349691841452,-2.7349691841452,8.445680639693741,42.84,0.010000000000003933,0.010000000000004977,True,True,289.96928854445144,341.25496918414524,51.285680639693794,True,0
1914,2013-08-12,295.79,295.6198541025405,-0.1701458974595198,0.1701458974595198,7.307635926972694,36.7,0.015000000000003934,0.015000000000004978,True,True,288.3122181755678,332.3198541025405,44.00763592697268,True,0
1915,2013-08-13,295.88,295.6265539240672,-0.2534460759327999,0.2534460759327999,6.509623189394347,12.046558395810933,0.020000000000003935,0.02000000000000498,True,True,289.11693073467285,307.6731123198781,18.556181585205252,True,0
1916,2013-08-14,294.29,295.71145052782106,1.4214505278210368,-1.4214505278210368,6.026140789719079,9.160111940275755,0.025000000000003936,0.02500000000000498,True,True,289.685309738102,304.87156246809684,15.186252729994862,True,0
1917,2013-08-15,288.79,294.18143296754727,5.391432967547246,-5.391432967547246,5.491396381162531,7.686476547247764,0.030000000000003937,0.03000000000000498,True,True,288.69003658638474,301.86790951479503,13.177872928410295,True,0
1918,2013-08-16,286.55,288.8224334487957,2.2724334487957094,-2.2724334487957094,5.044237760288581,7.13556167303318,0.03500000000000394,0.035000000000004985,True,True,283.77819568850714,295.9579951218289,12.179799433321762,True,0
1919,2013-08-19,285.19,286.4737923329508,1.2837923329507817,-1.2837923329507817,4.835604855254985,6.643232732744934,0.040000000000003935,0.04000000000000499,True,True,281.6381874776958,293.1170250656957,11.47883758799992,True,0
1920,2013-08-20,285.88,285.0761237296778,-0.8038762703221778,0.8038762703221778,4.543449545106583,6.171438483048803,0.04500000000000394,0.045000000000004994,True,True,280.53267418457125,291.2475622127266,10.714888028155372,True,0
1921,2013-08-21,285.09,285.69132854253036,0.601328542530382,-0.601328542530382,4.353781422988106,5.8725509439858286,0.050000000000003944,0.050000000000005,True,True,281.33754711954225,291.56387948651616,10.226332366973907,True,0
1922,2013-08-22,284.8,284.95036668162606,0.15036668162605338,-0.15036668162605338,4.031621894924172,5.656061759068052,0.05500000000000395,0.055000000000005,True,True,280.9187447867019,290.6064284406941,9.687683653992224,True,0
1923,2013-08-23,291.21,284.6452322537707,-6.564767746229279,6.564767746229279,3.785805798582828,5.26363727038553,0.06000000000000395,0.06000000000000501,True,False,280.8594264551879,289.9088695241562,9.049443068968344,False,1
1924,2013-08-26,290.43,290.8122267953684,0.3822267953684104,-0.3822267953684104,3.6949094199352146,inf,0.06500000000000396,-0.03499999999999499,True,True,287.11731737543323,inf,inf,True,0
1925,2013-08-27,283.87,290.2789288471691,6.408928847169079,-6.408928847169079,3.4661290183451854,inf,0.07000000000000396,-0.029999999999994992,False,True,286.8127998288239,inf,inf,False,1
1926,2013-08-28,280.36,283.9369926959771,3.576992695977083,-3.576992695977083,inf,inf,-0.02499999999999604,-0.02499999999999499,True,True,-inf,inf,inf,True,0
1927,2013-08-29,281.45,280.33149178996524,-1.1185082100347472,1.1185082100347472,inf,inf,-0.01999999999999604,-0.01999999999999499,True,True,-inf,inf,inf,True,0
1928,2013-08-30,284.59,281.25234141372704,-3.337658586272937,3.337658586272937,inf,inf,-0.014999999999996037,-0.01499999999999499,True,True,-inf,inf,inf,True,0
1929,2013-09-03,284.73,284.30817260278485,-0.4218273972151678,0.4218273972151678,inf,inf,-0.009999999999996036,-0.009999999999994989,True,True,-inf,inf,inf,True,0
1930,2013-09-04,288.33,284.5505734476087,-3.7794265523912713,3.7794265523912713,inf,inf,-0.004999999999996035,-0.004999999999994988,True,True,-inf,inf,inf,True,0
1931,2013-09-05,293.63,288.0338079500985,-5.596192049901504,5.596192049901504,inf,inf,3.965577866082981e-15,5.0133508455729725e-15,True,True,-inf,inf,inf,True,0
1932,2013-09-06,295.33,293.26532397831824,-2.0646760216817484,2.0646760216817484,10.92408695002726,43.76,0.0050000000000039665,0.005000000000005014,True,True,282.34123702829095,337.0253239783182,54.68408695002728,True,0
1933,2013-09-09,297.22,295.09095745463645,-2.129042545363575,2.129042545363575,8.445680639693741,42.84,0.010000000000003968,0.010000000000005015,True,True,286.6452768149427,337.9309574546364,51.28568063969374,True,0
1934,2013-09-10,300.55,296.98266214088363,-3.5673378591163782,3.5673378591163782,7.307635926972694,36.7,0.015000000000003968,0.015000000000005016,True,True,289.67502621391094,333.6826621408836,44.00763592697268,True,0
1935,2013-09-11,298.91,300.26159404184097,1.35159404184094,-1.35159404184094,6.509623189394347,12.046558395810933,0.02000000000000397,0.020000000000005017,True,True,293.7519708524466,312.30815243765187,18.556181585205252,True,0
1936,2013-09-12,299.39,298.7940042674689,-0.5959957325310938,0.5959957325310938,6.026140789719079,9.14190947534496,0.02500000000000397,0.025000000000005018,True,True,292.7678634777498,307.93591374281385,15.16805026506404,True,0
1937,2013-09-13,300.14,299.20979935310476,-0.93020064689523,0.93020064689523,5.491396381162531,7.586408126159938,0.03000000000000397,0.03000000000000502,True,True,293.7184029719422,306.7962074792647,13.077804507322469,True,0
1938,2013-09-16,299.82,299.94584866444364,0.12584866444365161,-0.12584866444365161,5.0723320230081015,7.13556167303318,0.03500000000000397,0.03500000000000502,True,True,294.8735166414356,307.0814103374768,12.207893696041253,True,0
1939,2013-09-17,297.63,299.662952735228,2.0329527352279797,-2.0329527352279797,4.835604855254985,6.600213493306498,0.04000000000000398,0.04000000000000502,True,True,294.827347879973,306.2631662285345,11.435818348561497,True,0
1940,2013-09-18,304.06,297.54054675692794,-6.519453243072064,6.519453243072064,4.543449545106583,6.171438483048803,0.04500000000000398,0.04500000000000502,True,False,292.99709721182137,303.71198523997674,10.714888028155372,False,1
1941,2013-09-19,313.77,303.6685607821397,-10.101439217860275,10.101439217860275,4.353781422988106,inf,0.050000000000003986,-0.04999999999999498,True,True,299.3147793591516,inf,inf,True,0
1942,2013-09-20,312.54,313.24582462767876,0.7058246276787372,-0.7058246276787372,4.031621894924172,inf,0.05500000000000399,-0.044999999999994975,True,True,309.2142027327546,inf,inf,True,0
1943,2013-09-23,314.01,312.395447003918,-1.6145529960820113,1.6145529960820113,3.785805798582828,inf,0.060000000000003995,-0.03999999999999497,True,True,308.60964120533515,inf,inf,True,0
1944,2013-09-24,312.43,313.79710361331524,1.367103613315237,-1.367103613315237,3.657202462239894,inf,0.065000000000004,-0.034999999999994966,True,True,310.1399011510754,inf,inf,True,0
1945,2013-09-25,314.53,312.3172610702969,-2.2127389297030504,2.2127389297030504,3.4661290183451854,inf,0.070000000000004,-0.029999999999994965,True,True,308.8511320519517,inf,inf,True,0
1946,2013-09-26,313.9,314.2955128644934,0.39551286449341205,-0.39551286449341205,3.3485030667322917,inf,0.07500000000000401,-0.024999999999994964,True,True,310.9470097977611,inf,inf,True,0
1947,2013-09-27,316.92,313.75297577258294,-3.1670242274170732,3.1670242274170732,3.274762844352466,inf,0.08000000000000401,-0.019999999999994963,True,True,310.4782129282305,inf,inf,True,0
1948,2013-09-30,313.41,316.65136128561676,3.2413612856167333,-3.2413612856167333,3.161111502845742,inf,0.08500000000000402,-0.014999999999994962,False,True,313.490249782771,inf,inf,False,1
1949,2013-10-01,314.22,313.36139372741656,-0.8586062725834722,0.8586062725834722,inf,inf,-0.009999999999995984,-0.00999999999999496,True,True,-inf,inf,inf,True,0
1950,2013-10-02,318.04,314.03425168076194,-4.00574831923808,4.00574831923808,inf,inf,-0.004999999999995983,-0.00499999999999496,True,True,-inf,inf,inf,True,0
1951,2013-10-03,320.39,317.73954039497346,-2.6504596050265263,2.6504596050265263,inf,inf,4.017619570362285e-15,5.0411064211886014e-15,True,True,-inf,inf,inf,True,0
1952,2013-10-04,315.13,320.1357963755277,5.005796375527723,-5.005796375527723,10.92408695002726,43.76,0.005000000000004019,0.005000000000005042,True,True,309.21170942550043,363.8957963755277,54.68408695002728,True,0
1953,2013-10-07,315.24,315.14329626492685,-0.09670373507316299,0.09670373507316299,8.445680639693741,42.84,0.01000000000000402,0.010000000000005043,True,True,306.6976156252331,357.9832962649268,51.28568063969374,True,0
1954,2013-10-08,311.5,315.08356173183677,3.5835617318367667,-3.5835617318367667,7.206149293916951,36.7,0.01500000000000402,0.015000000000005044,True,True,307.8774124379198,351.78356173183676,43.90614929391694,True,0
1955,2013-10-09,303.42,311.46441711431436,8.044417114314342,-8.044417114314342,6.492310138689447,11.697837578350288,0.02000000000000402,0.020000000000005045,False,True,304.9721069756249,323.16225469266465,18.190147717039736,False,1
1956,2013-10-10,304.63,303.5385747160958,-1.0914252839041865,1.0914252839041865,inf,9.160111940275755,-0.07499999999999599,0.025000000000005046,True,True,-inf,312.6986866563716,inf,True,0
1957,2013-10-11,304.77,304.43755947137913,-0.3324405286208503,0.3324405286208503,inf,7.686476547247764,-0.06999999999999598,0.030000000000005047,True,True,-inf,312.1240360186269,inf,True,0
1958,2013-10-14,309.22,304.59451515897183,-4.625484841028197,4.625484841028197,inf,7.13556167303318,-0.06499999999999598,0.03500000000000505,True,True,-inf,311.730076832005,inf,True,0
1959,2013-10-15,309.87,308.89568411401893,-0.9743158859810706,0.9743158859810706,inf,6.600213493306498,-0.05999999999999597,0.040000000000005045,True,True,-inf,315.49589760732545,inf,True,0
1960,2013-10-16,308.38,309.67016309563303,1.2901630956330337,-1.2901630956330337,inf,6.209960516189739,-0.05499999999999597,0.04500000000000505,True,True,-inf,315.8801236118228,inf,True,0
1961,2013-10-17,307.07,308.2629970195791,1.1929970195790816,-1.1929970195790816,inf,5.885281025402918,-0.049999999999995964,0.050000000000005054,True,True,-inf,314.148278044982,inf,True,0
1962,2013-10-18,319.36,306.95117952563044,-12.408820474369577,12.408820474369577,inf,5.661814998372577,-0.04499999999999596,0.05500000000000506,True,False,-inf,312.612994524003,inf,False,1
1963,2013-10-21,329.89,318.758599141928,-11.13140085807197,11.13140085807197,inf,inf,-0.039999999999995955,-0.03999999999999494,True,True,-inf,inf,inf,True,0
1964,2013-10-22,327.72,329.33015576019915,1.6101557601991203,-1.6101557601991203,inf,inf,-0.03499999999999595,-0.03499999999999494,True,True,-inf,inf,inf,True,0
1965,2013-10-23,330.84,327.6037311965943,-3.2362688034056646,3.2362688034056646,inf,inf,-0.02999999999999595,-0.029999999999994937,True,True,-inf,inf,inf,True,0
1966,2013-10-24,329.63,330.57630921012577,0.9463092101257757,-0.9463092101257757,inf,inf,-0.02499999999999595,-0.024999999999994936,True,True,-inf,inf,inf,True,0
1967,2013-10-25,358.6,329.5020032729324,-29.097996727067596,29.097996727067596,inf,inf,-0.019999999999995948,-0.019999999999994935,True,True,-inf,inf,inf,True,0
1968,2013-10-28,359.92,357.4123972873961,-2.507602712603898,2.507602712603898,inf,inf,-0.014999999999995947,-0.014999999999994934,True,True,-inf,inf,inf,True,0
1969,2013-10-29,358.96,359.67146314671334,0.7114631467133563,-0.7114631467133563,inf,inf,-0.009999999999995946,-0.009999999999994933,True,True,-inf,inf,inf,True,0
1970,2013-10-30,362.62,358.84508316337354,-3.77491683662646,3.77491683662646,inf,inf,-0.004999999999995945,-0.004999999999994932,True,True,-inf,inf,inf,True,0
1971,2013-10-31,361.73,362.3536615677683,0.6236615677682948,-0.6236615677682948,inf,inf,4.055783486833775e-15,5.06886199680423e-15,True,True,-inf,inf,inf,True,0
1972,2013-11-01,365.63,361.60974244929093,-4.020257550709061,4.020257550709061,10.92408695002726,43.76,0.005000000000004057,0.00500000000000507,True,True,350.6856554992637,405.3697424492909,54.68408695002722,True,0
1973,2013-11-04,360.12,365.3570849048918,5.237084904891788,-5.237084904891788,8.445680639693741,42.84,0.010000000000004058,0.01000000000000507,True,True,356.91140426519803,408.19708490489177,51.28568063969374,True,0
1974,2013-11-05,356.78,360.1554717823052,3.375471782305226,-3.375471782305226,7.307635926972694,36.7,0.015000000000004059,0.015000000000005072,True,True,352.8478358553325,396.8554717823052,44.00763592697268,True,0
1975,2013-11-06,360.45,356.7565457470035,-3.693454252996503,3.693454252996503,6.509623189394347,12.105808063873866,0.02000000000000406,0.020000000000005073,True,True,350.24692255760914,368.8623538108774,18.61543125326824,True,0
1976,2013-11-07,355.86,360.18463421594873,4.32463421594872,-4.32463421594872,6.026140789719079,9.271350946718002,0.02500000000000406,0.025000000000005074,True,True,354.15849342622965,369.4559851626667,15.297491736437053,True,0
1977,2013-11-08,345.95,355.86020213890015,9.91020213890016,-9.91020213890016,5.491396381162531,7.815822948360108,0.03000000000000406,0.030000000000005075,False,True,350.3688057577376,363.67602508726026,13.307219329522638,False,1
1978,2013-11-11,350.59,346.1369997795708,-4.453000220429203,4.453000220429203,inf,7.1913533907224405,-0.06499999999999594,0.035000000000005076,True,True,-inf,353.3283531702932,inf,True,0
1979,2013-11-12,352.99,350.29802310231133,-2.6919768976886758,2.6919768976886758,inf,6.756284268523473,-0.05999999999999593,0.04000000000000507,True,True,-inf,357.0543073708348,inf,True,0
1980,2013-11-13,347.4,352.742983917799,5.3429839177990175,-5.3429839177990175,inf,6.32626534488368,-0.05499999999999593,0.04500000000000508,True,True,-inf,359.06924926268266,inf,True,0
1981,2013-11-14,357.39,347.4284617123591,-9.961538287640906,9.961538287640906,inf,5.9647052015063835,-0.04999999999999592,0.05000000000000508,True,False,-inf,353.39316691386546,inf,False,1
1982,2013-11-15,367.63,356.90211126835834,-10.727888731641656,10.727888731641656,inf,inf,-0.04499999999999592,-0.04499999999999492,True,True,-inf,inf,inf,True,0
1983,2013-11-18,370.28,367.10304641141175,-3.176953588588219,3.176953588588219,inf,inf,-0.039999999999995914,-0.039999999999994915,True,True,-inf,inf,inf,True,0
1984,2013-11-19,365.82,370.0215465478528,4.201546547852786,-4.201546547852786,inf,inf,-0.03499999999999591,-0.03499999999999491,True,True,-inf,inf,inf,True,0
1985,2013-11-20,367.56,365.8197156275382,-1.740284372461815,1.740284372461815,inf,inf,-0.02999999999999591,-0.02999999999999491,True,True,-inf,inf,inf,True,0
1986,2013-11-21,364.05,367.3701570239524,3.3201570239523903,-3.3201570239523903,inf,inf,-0.024999999999995907,-0.024999999999994908,True,True,-inf,inf,inf,True,0
1987,2013-11-22,370.0,364.01842320754423,-5.981576792455769,5.981576792455769,inf,inf,-0.019999999999995906,-0.019999999999994907,True,True,-inf,inf,inf,True,0
1988,2013-11-25,373.82,369.66241478172884,-4.1575852182711515,4.1575852182711515,inf,inf,-0.014999999999995905,-0.014999999999994906,True,True,-inf,inf,inf,True,0
1989,2013-11-26,377.61,373.5333100240206,-4.076689975979434,4.076689975979434,inf,inf,-0.009999999999995905,-0.009999999999994905,True,True,-inf,inf,inf,True,0
1990,2013-11-27,383.5,377.3344304750508,-6.1655695249492055,6.1655695249492055,inf,inf,-0.0049999999999959036,-0.004999999999994904,True,True,-inf,inf,inf,True,0
1991,2013-11-29,389.1,383.1584154754721,-5.9415845245279115,5.9415845245279115,inf,inf,4.097416850257218e-15,5.096617572419859e-15,True,True,-inf,inf,inf,True,0
1992,2013-12-02,399.0,388.76989659554135,-10.230103404458646,10.230103404458646,10.92408695002726,43.76,0.005000000000004098,0.005000000000005098,True,True,377.8458096455141,432.52989659554135,54.68408695002722,True,0
1993,2013-12-03,390.11,398.5368781894614,8.426878189461377,-8.426878189461377,8.52262168284659,42.84,0.0100000000000041,0.010000000000005099,True,True,390.0142565066148,441.3768781894614,51.36262168284662,True,0
1994,2013-12-04,383.5,390.26131477680417,6.76131477680417,-6.76131477680417,7.478864558471457,36.7,0.0150000000000041,0.0150000000000051,True,True,382.7824502183327,426.96131477680416,44.178864558471446,True,0
1995,2013-12-05,386.65,383.61312814898076,-3.036871851019214,3.036871851019214,6.723469265502757,12.105808063873866,0.0200000000000041,0.0200000000000051,True,True,376.889658883478,395.7189362128546,18.829277329376623,True,0
1996,2013-12-06,388.35,386.43333997775466,-1.9166600222453667,1.9166600222453667,6.241705172505334,9.797875923551942,0.025000000000004102,0.0250000000000051,True,True,380.19163480524935,396.2312159013066,16.039581096057248,True,0
1997,2013-12-09,388.21,388.15614369468403,-0.05385630531594643,0.05385630531594643,5.706110007693951,8.855407630738071,0.030000000000004103,0.030000000000005102,True,True,382.4500336869901,397.0115513254221,14.561517638432008,True,0
1998,2013-12-10,383.5,388.08220696583976,4.5822069658397595,-4.5822069658397595,5.2671958537235355,7.309480326726231,0.035000000000004104,0.0350000000000051,True,True,382.8150111121162,395.39168729256596,12.576676180449738,True,0
1999,2013-12-11,387.71,383.525660046947,-4.184339953052984,4.184339953052984,4.915981070671307,6.870571202061143,0.0400000000000041,0.0400000000000051,True,True,378.6096789762757,390.3962312490081,11.786552272732422,True,0
2000,2013-12-12,381.55,387.45151021077646,5.9015102107764505,-5.9015102107764505,4.737598771371339,6.519453243072064,0.045000000000004106,0.045000000000005105,False,True,382.71391143940514,393.9709634538485,11.257052014443389,False,1
2001,2013-12-13,384.62,381.61029551052974,-3.0097044894702663,3.0097044894702663,inf,6.076534422462814,-0.049999999999995895,0.05000000000000511,True,True,-inf,387.68682993299257,inf,True,0
2002,2013-12-16,385.5,384.39888680134936,-1.101113198650637,1.101113198650637,inf,5.7858225314715455,-0.04499999999999589,0.055000000000005114,True,True,-inf,390.1847093328209,inf,True,0
2003,2013-12-17,391.0,385.3288216030615,-5.671178396938501,5.671178396938501,inf,5.560774883689135,-0.039999999999995886,0.06000000000000512,True,False,-inf,390.88959648675063,inf,False,1
2004,2013-12-18,389.56,390.68175766513815,1.1217576651381478,-1.1217576651381478,inf,inf,-0.03499999999999588,-0.03499999999999488,True,True,-inf,inf,inf,True,0
2005,2013-12-19,394.36,389.46479308287394,-4.895206917126075,4.895206917126075,inf,inf,-0.02999999999999588,-0.02999999999999488,True,True,-inf,inf,inf,True,0
2006,2013-12-20,396.84,394.07467795212017,-2.765322047879806,2.765322047879806,inf,inf,-0.02499999999999588,-0.02499999999999488,True,True,-inf,inf,inf,True,0
2007,2013-12-23,403.69,396.6204037045952,-7.069596295404779,7.069596295404779,inf,inf,-0.01999999999999588,-0.01999999999999488,True,True,-inf,inf,inf,True,0
2008,2013-12-24,402.52,403.33428280439495,0.8142828043949635,-0.8142828043949635,inf,inf,-0.014999999999995878,-0.014999999999994879,True,True,-inf,inf,inf,True,0
2009,2013-12-26,401.79,402.4260720904092,0.6360720904091863,-0.6360720904091863,inf,inf,-0.009999999999995877,-0.009999999999994878,True,True,-inf,inf,inf,True,0
2010,2013-12-27,404.65,401.7000506223469,-2.94994937765307,2.94994937765307,inf,inf,-0.004999999999995876,-0.004999999999994877,True,True,-inf,inf,inf,True,0
2011,2013-12-30,399.41,404.43945517952,5.029455179519971,-5.029455179519971,inf,inf,4.125172425872847e-15,5.124373148035488e-15,True,True,-inf,inf,inf,True,0
2012,2013-12-31,394.58,399.4588406470669,4.878840647066909,-4.878840647066909,10.17138112416589,43.55,0.005000000000004126,0.005000000000005125,True,True,389.28745952290103,443.0088406470669,53.72138112416587,True,0
2013,2014-01-02,398.8,394.6288485228602,-4.1711514771398015,4.1711514771398015,8.445680639693741,42.66,0.010000000000004127,0.010000000000005126,True,True,386.18316788316645,437.28884852286023,51.10568063969379,True,0
2014,2014-01-03,398.29,398.5453408492787,0.2553408492786957,-0.2553408492786957,7.410330130523505,31.49753328109827,0.015000000000004128,0.015000000000005127,True,True,391.1350107187552,430.04287413037696,38.90786341162175,True,0
2015,2014-01-06,395.85,398.1719235236579,2.3219235236578584,-2.3219235236578584,6.695297591312965,12.046558395810933,0.02000000000000413,0.020000000000005128,True,True,391.4766259323449,410.2184819194688,18.74185598712387,True,0
2016,2014-01-07,395.04,395.8069552031227,0.7669552031226772,-0.7669552031226772,6.098298994795698,9.482985308867427,0.02500000000000413,0.02500000000000513,True,True,389.708656208327,405.28994051199015,15.581284303663153,True,0
2017,2014-01-08,398.47,394.9455192743369,-3.5244807256631248,3.5244807256631248,5.706110007693951,8.43241410940513,0.03000000000000413,0.03000000000000513,True,True,389.23940926664295,403.37793338374206,14.13852411709911,True,0
2018,2014-01-09,403.71,398.2296306101538,-5.480369389846203,5.480369389846203,5.2671958537235355,7.293311411946831,0.03500000000000413,0.03500000000000513,True,True,392.96243475643024,405.5229420221006,12.560507265670367,True,0
2019,2014-01-10,402.53,403.4012089223404,0.8712089223404291,-0.8712089223404291,5.0009625159005395,6.870571202061143,0.04000000000000413,0.04000000000000513,True,True,398.40024640643986,410.2717801244015,11.871533717961654,True,0
2020,2014-01-13,397.98,402.4338398087807,4.453839808780685,-4.453839808780685,4.747800207663346,6.519453243072064,0.045000000000004134,0.04500000000000513,True,True,397.6860396011174,408.95329305185277,11.267253450735382,True,0
2021,2014-01-14,392.13,398.00999881817523,5.879998818175238,-5.879998818175238,4.483608339694882,6.076534422462814,0.05000000000000414,0.05000000000000514,False,True,393.5263904784804,404.08653324063806,10.560142762157682,False,1
2022,2014-01-15,398.94,392.20540852051516,-6.734591479484834,6.734591479484834,inf,5.7858225314715455,-0.04499999999999586,0.05500000000000514,True,False,-inf,397.9912310519867,inf,False,1
2023,2014-01-16,393.68,398.596726398388,4.916726398387993,-4.916726398387993,inf,inf,-0.03999999999999586,-0.03999999999999486,True,True,-inf,inf,inf,True,0
2024,2014-01-17,394.26,393.7064141370578,-0.5535858629422137,0.5535858629422137,inf,inf,-0.034999999999995854,-0.034999999999994855,True,True,-inf,inf,inf,True,0
2025,2014-01-21,403.0,394.1221660783091,-8.877833921690922,8.877833921690922,inf,inf,-0.029999999999995853,-0.029999999999994854,True,True,-inf,inf,inf,True,0
2026,2014-01-22,408.0,402.5722763094203,-5.427723690579683,5.427723690579683,inf,inf,-0.024999999999995852,-0.024999999999994853,True,True,-inf,inf,inf,True,0
2027,2014-01-23,401.0,407.68303930704803,6.683039307048034,-6.683039307048034,inf,inf,-0.01999999999999585,-0.019999999999994852,True,True,-inf,inf,inf,True,0
2028,2014-01-24,398.16,401.0938405486573,2.9338405486572583,-2.9338405486572583,inf,inf,-0.01499999999999585,-0.01499999999999485,True,True,-inf,inf,inf,True,0
2029,2014-01-27,390.5,398.1487702464912,7.64877024649121,-7.64877024649121,inf,inf,-0.009999999999995849,-0.00999999999999485,True,True,-inf,inf,inf,True,0
2030,2014-01-28,387.4,390.62727381268473,3.227273812684757,-3.227273812684757,inf,inf,-0.004999999999995848,-0.004999999999994849,True,True,-inf,inf,inf,True,0
2031,2014-01-29,392.16,387.38516464464755,-4.774835355352479,4.774835355352479,inf,inf,4.152928001488476e-15,5.152128723651117e-15,True,True,-inf,inf,inf,True,0
2032,2014-01-30,393.77,391.86990858113205,-1.9000914188679303,1.9000914188679303,10.17138112416589,43.55,0.005000000000004154,0.005000000000005153,True,True,381.6985274569662,435.41990858113206,53.72138112416587,True,0
2033,2014-01-31,371.76,393.56327228429177,21.80327228429178,-21.80327228429178,8.445680639693741,42.66,0.010000000000004155,0.010000000000005154,False,True,385.117591644598,436.22327228429174,51.10568063969373,False,1
2034,2014-02-03,358.98,372.326056464727,13.346056464726985,-13.346056464726985,inf,31.49753328109827,-0.08499999999999584,0.015000000000005155,True,True,-inf,403.8235897458253,inf,True,0
2035,2014-02-04,349.59,359.30027419759784,9.710274197597869,-9.710274197597869,inf,12.046558395810933,-0.07999999999999584,0.020000000000005156,True,True,-inf,371.34683259340875,inf,True,0
2036,2014-02-05,346.0,349.74719066501024,3.747190665010237,-3.747190665010237,inf,9.482985308867427,-0.07499999999999583,0.025000000000005157,True,True,-inf,359.23017597387764,inf,True,0
2037,2014-02-06,347.4,345.9633531599664,-1.4366468400335748,1.4366468400335748,inf,8.43241410940513,-0.06999999999999583,0.030000000000005158,True,True,-inf,354.3957672693715,inf,True,0
2038,2014-02-07,358.98,347.19401314248023,-11.785986857519788,11.785986857519788,inf,7.293311411946831,-0.06499999999999583,0.03500000000000516,True,False,-inf,354.48732455442706,inf,False,1
2039,2014-02-10,361.61,358.4390531168808,-3.1709468831192,3.1709468831192,inf,inf,-0.05999999999999582,-0.05999999999999484,True,True,-inf,inf,inf,True,0
2040,2014-02-11,361.84,361.3318033210112,-0.5081966789887815,0.5081966789887815,inf,inf,-0.054999999999995816,-0.054999999999994845,True,True,-inf,inf,inf,True,0
2041,2014-02-12,356.43,361.6612421141603,5.231242114160295,-5.231242114160295,inf,inf,-0.04999999999999581,-0.04999999999999484,True,True,-inf,inf,inf,True,0
2042,2014-02-13,347.7,356.4304234332586,8.730423433258636,-8.730423433258636,inf,inf,-0.04499999999999581,-0.044999999999994836,True,True,-inf,inf,inf,True,0
2043,2014-02-14,359.34,347.81078190166824,-11.52921809833174,11.52921809833174,inf,inf,-0.0399999999999958,-0.03999999999999483,True,True,-inf,inf,inf,True,0
2044,2014-02-18,355.28,358.82512060536857,3.545120605368595,-3.545120605368595,inf,inf,-0.0349999999999958,-0.03499999999999483,True,True,-inf,inf,inf,True,0
2045,2014-02-19,352.64,355.20742099926105,2.56742099926106,-2.56742099926106,inf,inf,-0.029999999999995797,-0.029999999999994826,True,True,-inf,inf,inf,True,0
2046,2014-02-20,348.8,352.5659033622,3.7659033621999924,-3.7659033621999924,inf,inf,-0.024999999999995796,-0.024999999999994825,True,True,-inf,inf,inf,True,0
2047,2014-02-21,352.44,348.75757365868213,-3.682426341317864,3.682426341317864,inf,inf,-0.019999999999995795,-0.019999999999994824,True,True,-inf,inf,inf,True,0
2048,2014-02-24,345.19,352.1646818146585,6.9746818146584815,-6.9746818146584815,inf,inf,-0.014999999999995794,-0.014999999999994823,True,True,-inf,inf,inf,True,0
2049,2014-02-25,353.0,345.2369409775766,-7.76305902242342,7.76305902242342,inf,inf,-0.009999999999995794,-0.009999999999994822,True,True,-inf,inf,inf,True,0
2050,2014-02-26,359.86,352.59414860717646,-7.265851392823549,7.265851392823549,inf,inf,-0.0049999999999957925,-0.004999999999994821,True,True,-inf,inf,inf,True,0
2051,2014-02-27,357.22,359.4469899341941,2.22698993419408,-2.22698993419408,inf,inf,4.208439152719734e-15,5.179884299266746e-15,True,True,-inf,inf,inf,True,0
2052,2014-02-28,360.6,357.11463410306936,-3.4853658969306593,3.4853658969306593,11.088085541567068,43.55,0.005000000000004209,0.005000000000005181,True,True,346.0265485615023,400.6646341030694,54.63808554156708,True,0
2053,2014-03-03,358.74,360.3307559982188,1.5907559982188104,-1.5907559982188104,8.730423433258636,42.66,0.01000000000000421,0.010000000000005182,True,True,351.6003325649602,402.9907559982188,51.390423433258604,True,0
2054,2014-03-04,363.9,358.6211729491684,-5.27882705083158,5.27882705083158,7.64877024649121,31.49753328109827,0.015000000000004211,0.015000000000005183,True,True,350.9724027026772,390.11870623026664,39.14630352758945,True,0
2055,2014-03-05,364.13,363.57110363002846,-0.558896369971535,0.558896369971535,6.842809183738666,11.785986857519788,0.020000000000004212,0.020000000000005184,True,True,356.7282944462898,375.35709048754825,18.628796041258454,True,0
2056,2014-03-06,374.05,363.94119189318496,-10.108808106815047,10.108808106815047,6.408928847169079,9.797875923551942,0.025000000000004213,0.025000000000005185,True,False,357.5322630460159,373.7390678167369,16.20680477072102,False,1
2057,2014-03-07,374.58,373.5635764237099,-1.0164235762900944,1.0164235762900944,5.90610438362981,inf,0.030000000000004214,-0.06999999999999482,True,True,367.65747204008005,inf,inf,True,0
2058,2014-03-10,372.69,374.3751173875547,1.685117387554726,-1.685117387554726,5.491396381162531,inf,0.035000000000004215,-0.06499999999999481,True,True,368.8837210063922,inf,inf,True,0
2059,2014-03-11,370.99,372.5859378015725,1.5959378015725179,-1.5959378015725179,5.231242114160295,inf,0.04000000000000421,-0.05999999999999481,True,True,367.35469568741223,inf,inf,True,0
2060,2014-03-12,366.4,370.8850233705457,4.4850233705457185,-4.4850233705457185,4.91591818981945,inf,0.04500000000000422,-0.0549999999999948,True,True,365.9691051807263,inf,inf,True,0
2061,2014-03-13,376.62,366.3837640640492,-10.236235935950788,10.236235935950788,4.692270027240724,inf,0.05000000000000422,-0.0499999999999948,True,True,361.6914940368085,inf,inf,True,0
2062,2014-03-14,372.8,376.1357438647295,3.3357438647294657,-3.3357438647294657,4.481670265778689,inf,0.055000000000004226,-0.044999999999994794,True,True,371.6540735989508,inf,inf,True,0
2063,2014-03-17,375.72,372.73250698616084,-2.9874930138391846,2.9874930138391846,4.28487787288131,inf,0.06000000000000423,-0.03999999999999479,True,True,368.4476291132795,inf,inf,True,0
2064,2014-03-18,377.32,375.47123892577525,-1.8487610742247398,1.8487610742247398,3.8973379157316685,inf,0.06500000000000423,-0.034999999999994785,True,True,371.5739010100436,inf,inf,True,0
2065,2014-03-19,378.77,377.09828833523363,-1.6717116647663488,1.6717116647663488,3.7565483725393847,inf,0.07000000000000424,-0.029999999999994784,True,True,373.34173996269425,inf,inf,True,0
2066,2014-03-20,370.64,378.5571963619483,7.9171963619482995,-7.9171963619482995,3.648455601180899,inf,0.07500000000000424,-0.024999999999994783,False,True,374.9087407607674,inf,inf,False,1
2067,2014-03-21,371.0,370.73216786295643,-0.2678321370435697,0.2678321370435697,inf,inf,-0.019999999999995757,-0.019999999999994782,True,True,-inf,inf,inf,True,0
2068,2014-03-24,360.09,370.8424875966559,10.752487596655897,-10.752487596655897,inf,inf,-0.014999999999995756,-0.014999999999994781,True,True,-inf,inf,inf,True,0
2069,2014-03-25,354.03,360.267931104631,6.237931104631002,-6.237931104631002,inf,inf,-0.009999999999995755,-0.00999999999999478,True,True,-inf,inf,inf,True,0
2070,2014-03-26,357.13,354.07175454718544,-3.0582454528145604,3.0582454528145604,inf,inf,-0.004999999999995754,-0.0049999999999947795,True,True,-inf,inf,inf,True,0
2071,2014-03-27,343.15,356.87033565449457,13.72033565449459,-13.72033565449459,inf,inf,4.246603069191224e-15,5.221517662690189e-15,True,True,-inf,inf,inf,True,0
2072,2014-03-28,340.05,343.4134001643125,3.363400164312509,-3.363400164312509,11.535116995791213,43.55,0.005000000000004248,0.0050000000000052225,True,True,331.8782831685213,386.96340016431253,55.085116995791225,True,0
2073,2014-03-31,342.4,339.99715257219333,-2.4028474278066483,2.4028474278066483,8.82209149900882,42.66,0.010000000000004249,0.010000000000005223,True,True,331.1750610731845,382.65715257219335,51.482091499008845,True,0
2074,2014-04-01,338.09,342.1533157122663,4.063315712266331,-4.063315712266331,7.9171963619482995,29.097996727067596,0.01500000000000425,0.015000000000005224,True,True,334.236119350318,371.2513124393339,37.015193089015895,True,0
2075,2014-04-02,345.99,338.0463306940461,-7.943669305953904,7.943669305953904,7.178835412782433,11.785986857519788,0.02000000000000425,0.020000000000005225,True,True,330.8674952812637,349.8323175515659,18.964822270302193,True,0
2076,2014-04-03,341.82,345.5617717478407,3.741771747840687,-3.741771747840687,6.663221430392326,10.101439217860275,0.02500000000000425,0.025000000000005226,True,True,338.8985503174483,355.66321096570096,16.76466064825263,True,0
2077,2014-04-04,335.15,341.76413350541543,6.614133505415452,-6.614133505415452,6.092408393147139,8.88133423138521,0.030000000000004252,0.030000000000005227,False,True,335.6717251122683,350.64546773680064,14.973742624532349,False,1
2078,2014-04-07,320.99,335.1951060196935,14.205106019693517,-14.205106019693517,inf,7.586408126159938,-0.06499999999999576,0.03500000000000523,True,True,-inf,342.78151414585346,inf,True,0
2079,2014-04-08,321.88,321.26458220219,-0.6154177978099824,0.6154177978099824,inf,7.112467262740665,-0.05999999999999575,0.040000000000005226,True,True,-inf,328.3770494649307,inf,True,0
2080,2014-04-09,328.47,321.6965790266101,-6.773420973389932,6.773420973389932,inf,6.643232732744934,-0.05499999999999575,0.04500000000000523,True,False,-inf,328.33981175935503,inf,False,1
2081,2014-04-10,330.6,328.0765408770633,-2.5234591229367425,2.5234591229367425,inf,inf,-0.04999999999999574,-0.04999999999999477,True,True,-inf,inf,inf,True,0
2082,2014-04-11,314.0,330.33779006578817,16.33779006578817,-16.33779006578817,inf,inf,-0.04499999999999574,-0.044999999999994766,True,True,-inf,inf,inf,True,0
2083,2014-04-14,317.67,314.33562100388053,-3.334378996119483,3.334378996119483,inf,inf,-0.03999999999999573,-0.03999999999999476,True,True,-inf,inf,inf,True,0
2084,2014-04-15,316.7,317.41999790528126,0.719997905281275,-0.719997905281275,inf,inf,-0.03499999999999573,-0.03499999999999476,True,True,-inf,inf,inf,True,0
2085,2014-04-16,321.17,316.5430901685435,-4.626909831456544,4.626909831456544,inf,inf,-0.029999999999995728,-0.029999999999994757,True,True,-inf,inf,inf,True,0
2086,2014-04-17,319.76,320.84794333200404,1.0879433320040448,-1.0879433320040448,inf,inf,-0.024999999999995727,-0.024999999999994756,True,True,-inf,inf,inf,True,0
2087,2014-04-21,323.97,319.61506972544396,-4.354930274556068,4.354930274556068,inf,inf,-0.019999999999995726,-0.019999999999994755,True,True,-inf,inf,inf,True,0
2088,2014-04-22,332.0,323.6568137651829,-8.343186234817097,8.343186234817097,inf,inf,-0.014999999999995725,-0.014999999999994754,True,True,-inf,inf,inf,True,0
2089,2014-04-23,333.06,331.54590335791937,-1.5140966420806308,1.5140966420806308,inf,inf,-0.009999999999995724,-0.009999999999994753,True,True,-inf,inf,inf,True,0
2090,2014-04-24,329.67,332.82441538021624,3.1544153802162214,-3.1544153802162214,inf,inf,-0.004999999999995723,-0.004999999999994752,True,True,-inf,inf,inf,True,0
2091,2014-04-25,316.25,329.59630106355,13.346301063550015,-13.346301063550015,inf,inf,4.277828091758806e-15,5.249273238305818e-15,True,True,-inf,inf,inf,True,0
2092,2014-04-28,304.0,316.50141178875805,12.501411788758048,-12.501411788758048,13.335334764741134,43.55,0.005000000000004279,0.00500000000000525,True,True,303.1660770240169,360.05141178875806,56.885334764741174,True,0
2093,2014-04-29,296.44,304.22654286711565,7.7865428671156565,-7.7865428671156565,9.91020213890016,42.66,0.01000000000000428,0.010000000000005251,True,True,294.3163407282155,346.8865428671156,52.57020213890013,True,0
2094,2014-04-30,298.1,296.51211232485923,-1.5878876751407915,1.5878876751407915,8.426878189461377,29.097996727067596,0.01500000000000428,0.015000000000005252,True,True,288.08523413539785,325.6101090519268,37.52487491652897,True,0
2095,2014-05-01,304.13,297.88985914119314,-6.240140858806853,6.240140858806853,7.59001311200177,11.785986857519788,0.02000000000000428,0.020000000000005253,True,True,290.2998460291914,309.67584599871293,19.37599996952156,True,0
2096,2014-05-02,310.42,303.7661455609568,-6.6538544390432435,6.6538544390432435,6.734374582960811,9.961538287640906,0.025000000000004283,0.025000000000005254,True,True,297.03177097799596,313.7276838485977,16.695912870601717,True,0
2097,2014-05-05,306.37,310.0382132652748,3.668213265274801,-3.668213265274801,6.307734359826526,8.88133423138521,0.030000000000004284,0.030000000000005255,True,True,303.7304789054483,318.91954749666,15.189068591211708,True,0
2098,2014-05-06,309.53,306.29907699499483,-3.2309230050051383,3.2309230050051383,5.9015102107764505,7.586408126159938,0.035000000000004285,0.035000000000005256,True,True,300.3975667842184,313.8854851211548,13.487918336936389,True,0
2099,2014-05-07,295.56,309.26520988503603,13.705209885036027,-13.705209885036027,5.40617863916691,7.13556167303318,0.04000000000000428,0.040000000000005254,False,True,303.8590312458691,316.4007715580692,12.54174031220009,False,1
2100,2014-05-08,290.82,295.7963497353798,4.976349735379813,-4.976349735379813,inf,6.734591479484834,-0.05499999999999572,0.04500000000000526,True,True,-inf,302.53094121486464,inf,True,0
2101,2014-05-09,290.57,290.8145009410913,0.24450094109130305,-0.24450094109130305,inf,6.32626534488368,-0.049999999999995715,0.05000000000000526,True,True,-inf,297.14076628597496,inf,True,0
2102,2014-05-12,294.3,290.41482016046916,-3.885179839530849,3.885179839530849,inf,6.007588631611981,-0.04499999999999571,0.05500000000000527,True,True,-inf,296.4224087920811,inf,True,0
2103,2014-05-13,302.6,294.01522783265204,-8.584772167347978,8.584772167347978,inf,5.732616214549182,-0.039999999999995706,0.06000000000000527,True,False,-inf,299.7478440472012,inf,False,1
2104,2014-05-14,302.5,302.1660781291962,-0.3339218708038061,0.3339218708038061,inf,inf,-0.0349999999999957,-0.03499999999999473,True,True,-inf,inf,inf,True,0
2105,2014-05-15,298.02,302.30943713520276,4.289437135202775,-4.289437135202775,inf,inf,-0.0299999999999957,-0.02999999999999473,True,True,-inf,inf,inf,True,0
2106,2014-05-16,292.8,297.9773635474715,5.1773635474714865,-5.1773635474714865,inf,inf,-0.0249999999999957,-0.024999999999994728,True,True,-inf,inf,inf,True,0
2107,2014-05-19,295.76,292.78985783624415,-2.9701421637558383,2.9701421637558383,inf,inf,-0.0199999999999957,-0.019999999999994727,True,True,-inf,inf,inf,True,0
2108,2014-05-20,297.1,295.5106048864879,-1.5893951135121256,1.5893951135121256,inf,inf,-0.014999999999995697,-0.014999999999994726,True,True,-inf,inf,inf,True,0
2109,2014-05-21,302.21,296.8786641572665,-5.331335842733495,5.331335842733495,inf,inf,-0.009999999999995696,-0.009999999999994725,True,True,-inf,inf,inf,True,0
2110,2014-05-22,305.05,301.87835856636883,-3.17164143363118,3.17164143363118,inf,inf,-0.004999999999995695,-0.004999999999994724,True,True,-inf,inf,inf,True,0
2111,2014-05-23,305.46,304.77671390031605,-0.6832860996839258,0.6832860996839258,inf,inf,4.305583667374435e-15,5.277028813921447e-15,True,True,-inf,inf,inf,True,0
2112,2014-05-27,314.41,305.2638327571355,-9.146167242864522,9.146167242864522,13.346056464726985,43.55,0.0050000000000043066,0.005000000000005278,True,True,291.9177762924085,348.8138327571355,56.896056464726996,True,0
2113,2014-05-28,309.5,313.9620981573074,4.462098157307423,-4.462098157307423,9.91020213890016,42.19,0.010000000000004308,0.010000000000005279,True,True,304.05189601840726,356.1520981573074,52.10020213890016,True,0
2114,2014-05-29,310.42,309.4463911365644,-0.9736088634356292,0.9736088634356292,8.445680639693741,29.097996727067596,0.015000000000004308,0.01500000000000528,True,True,301.0007104968706,338.544387863632,37.54367736676136,True,0
2115,2014-05-30,314.43,310.2233918823212,-4.2066081176787975,4.2066081176787975,7.59001311200177,11.697837578350288,0.02000000000000431,0.02000000000000528,True,True,302.63337877031944,321.9212294606715,19.28785069035206,True,0
2116,2014-06-02,312.59,314.1278209327599,1.537820932759928,-1.537820932759928,6.76131477680417,9.961538287640906,0.02500000000000431,0.025000000000005282,True,True,307.36650615595573,324.0893592204008,16.722853064445076,True,0
2117,2014-06-03,305.75,312.4556039251356,6.70560392513562,-6.70560392513562,6.307734359826526,8.88133423138521,0.03000000000000431,0.030000000000005283,False,True,306.14786956530907,321.33693815652083,15.189068591211765,False,1
2118,2014-06-04,306.85,305.7767139318979,-1.0732860681021066,1.0732860681021066,inf,7.686476547247764,-0.06499999999999569,0.035000000000005284,True,True,-inf,313.4631904791457,inf,True,0
2119,2014-06-05,308.1,306.65541051305024,-1.4445894869497806,1.4445894869497806,inf,7.180451173836502,-0.05999999999999568,0.04000000000000528,True,True,-inf,313.83586168688674,inf,True,0
2120,2014-06-06,325.0,307.8815110783252,-17.118488921674782,17.118488921674782,inf,6.756284268523473,-0.05499999999999568,0.045000000000005286,True,False,-inf,314.6377953468487,inf,False,1
2121,2014-06-09,331.57,324.30149142937745,-7.268508570622544,7.268508570622544,inf,inf,-0.04999999999999567,-0.049999999999994715,True,True,-inf,inf,inf,True,0
2122,2014-06-10,327.65,331.1540112170583,3.5040112170583484,-3.5040112170583484,inf,inf,-0.04499999999999567,-0.04499999999999471,True,True,-inf,inf,inf,True,0
2123,2014-06-11,336.0,327.5611160834905,-8.438883916509496,8.438883916509496,inf,inf,-0.039999999999995664,-0.039999999999994706,True,True,-inf,inf,inf,True,0
2124,2014-06-12,335.55,335.5781586000576,0.028158600057565764,-0.028158600057565764,inf,inf,-0.03499999999999566,-0.0349999999999947,True,True,-inf,inf,inf,True,0
2125,2014-06-13,327.05,335.35806783924545,8.308067839245439,-8.308067839245439,inf,inf,-0.02999999999999566,-0.0299999999999947,True,True,-inf,inf,inf,True,0
2126,2014-06-16,324.86,327.1111676537402,2.251167653740197,-2.251167653740197,inf,inf,-0.024999999999995658,-0.0249999999999947,True,True,-inf,inf,inf,True,0
2127,2014-06-17,327.54,324.762178825051,-2.777821174948997,2.777821174948997,inf,inf,-0.019999999999995657,-0.0199999999999947,True,True,-inf,inf,inf,True,0
2128,2014-06-18,328.0,327.28399733340683,-0.7160026665931696,0.7160026665931696,inf,inf,-0.014999999999995656,-0.014999999999994698,True,True,-inf,inf,inf,True,0
2129,2014-06-19,335.26,327.7944619144654,-7.465538085534604,7.465538085534604,inf,inf,-0.009999999999995655,-0.009999999999994697,True,True,-inf,inf,inf,True,0
2130,2014-06-20,327.76,334.86051111912855,7.100511119128555,-7.100511119128555,inf,inf,-0.004999999999995654,-0.004999999999994696,True,True,-inf,inf,inf,True,0
2131,2014-06-23,323.33,327.77260262318634,4.44260262318636,-4.44260262318636,inf,inf,4.3472170307978786e-15,5.304784389537076e-15,True,True,-inf,inf,inf,True,0
2132,2014-06-24,327.54,323.2960912428298,-4.243908757170232,4.243908757170232,13.346056464726985,43.55,0.005000000000004348,0.005000000000005306,True,True,309.9500347781028,366.8460912428298,56.896056464726996,True,0
2133,2014-06-25,324.33,327.2459777044959,2.9159777044959014,-2.9159777044959014,9.91020213890016,42.19,0.01000000000000435,0.010000000000005307,True,True,317.3357755655957,369.4359777044959,52.10020213890016,True,0
2134,2014-06-26,328.49,324.226604832568,-4.263395167432009,4.263395167432009,8.445680639693741,29.097996727067596,0.01500000000000435,0.015000000000005308,True,True,315.78092419287424,353.3246015596356,37.54367736676136,True,0
2135,2014-06-27,325.88,328.1920568715499,2.312056871549885,-2.312056871549885,7.611320153076839,11.785986857519788,0.02000000000000435,0.02000000000000531,True,True,320.580736718473,339.97804372906967,19.39730701059665,True,0
2136,2014-06-30,324.98,325.759922312464,0.7799223124640093,-0.7799223124640093,6.786129721740679,9.961538287640906,0.025000000000004352,0.02500000000000531,True,True,318.97379259072335,335.72146060010493,16.747668009381584,True,0
2137,2014-07-01,325.86,324.83001185228716,-1.0299881477128565,1.0299881477128565,6.408928847169079,8.88133423138521,0.030000000000004353,0.03000000000000531,True,True,318.4210830051181,333.71134608367237,15.29026307855429,True,0
2138,2014-07-02,333.2,325.6524642930228,-7.547535706977214,7.547535706977214,5.937233423078084,7.775193047983606,0.035000000000004354,0.03500000000000531,True,True,319.71523086994466,333.42765734100635,13.71242647106169,True,0
2139,2014-07-03,334.83,332.79357564923924,-2.03642435076074,2.03642435076074,5.491396381162531,7.268508570622544,0.04000000000000435,0.04000000000000531,True,True,327.3021792680767,340.0620842198618,12.759904951785074,True,0
2140,2014-07-07,337.5,334.57357361901643,-2.926426380983571,2.926426380983571,5.231242114160295,6.870571202061143,0.045000000000004356,0.045000000000005314,True,True,329.34233150485613,341.44414482107754,12.10181331622141,True,0
2141,2014-07-08,333.1,337.23040456602826,4.130404566028233,-4.130404566028233,4.915981070671307,6.546401169521516,0.05000000000000436,0.05000000000000532,True,True,332.31442349535695,343.7768057355498,11.462382240192824,True,0
2142,2014-07-09,324.71,333.0345930339077,8.324593033907718,-8.324593033907718,4.738648175527999,6.1655695249492055,0.055000000000004365,0.05500000000000532,False,True,328.2959448583797,339.2001625588569,10.904217700477204,False,1
2143,2014-07-10,324.34,324.7797462801689,0.4397462801689471,-0.4397462801689471,inf,5.885281025402918,-0.039999999999995636,0.06000000000000533,True,True,-inf,330.6650273055718,inf,True,0
2144,2014-07-11,334.71,324.1915764066067,-10.518423593393265,10.518423593393265,inf,5.656061759068052,-0.03499999999999563,0.06500000000000533,True,False,-inf,329.84763816567477,inf,False,1
2145,2014-07-14,347.03,334.2183337713885,-12.8116662286115,12.8116662286115,inf,inf,-0.02999999999999563,-0.02999999999999467,True,True,-inf,inf,inf,True,0
2146,2014-07-15,353.72,346.4469914816081,-7.273008518391919,7.273008518391919,inf,inf,-0.02499999999999563,-0.02499999999999467,True,True,-inf,inf,inf,True,0
2147,2014-07-16,355.62,353.3028798803127,-2.3171201196873312,2.3171201196873312,inf,inf,-0.01999999999999563,-0.019999999999994668,True,True,-inf,inf,inf,True,0
2148,2014-07-17,353.44,355.35824882160205,1.9182488216020488,-1.9182488216020488,inf,inf,-0.014999999999995628,-0.014999999999994667,True,True,-inf,inf,inf,True,0
2149,2014-07-18,354.4,353.3062659010682,-1.0937340989318045,1.0937340989318045,inf,inf,-0.009999999999995627,-0.009999999999994666,True,True,-inf,inf,inf,True,0
2150,2014-07-21,358.1,354.1915663860138,-3.908433613986233,3.908433613986233,inf,inf,-0.004999999999995626,-0.004999999999994665,True,True,-inf,inf,inf,True,0
2151,2014-07-22,355.25,357.8051795885742,2.5551795885742195,-2.5551795885742195,inf,inf,4.3749726064135075e-15,5.336009412104659e-15,True,True,-inf,inf,inf,True,0
2152,2014-07-23,359.05,355.12901668043247,-3.92098331956754,3.92098331956754,13.346056464726985,43.55,0.005000000000004376,0.005000000000005337,True,True,341.7829602157055,398.6790166804325,56.896056464726996,True,0
2153,2014-07-24,359.98,358.76372414019306,-1.2162758598069559,1.2162758598069559,9.91020213890016,42.19,0.010000000000004377,0.010000000000005338,True,True,348.8535220012929,400.95372414019306,52.10020213890016,True,0
2154,2014-07-25,317.3,359.75373337730974,42.45373337730973,-42.45373337730973,8.426878189461377,17.431662177681503,0.015000000000004378,0.015000000000005339,False,True,351.32685518784837,377.18539555499126,25.858540367142894,False,1
2155,2014-07-28,324.25,318.23782467150767,-6.012175328492333,6.012175328492333,inf,11.785986857519788,-0.07999999999999563,0.02000000000000534,True,True,-inf,330.02381152902745,inf,True,0
2156,2014-07-29,321.98,324.0159491306286,2.0359491306285804,-2.0359491306285804,inf,10.108808106815047,-0.07499999999999563,0.02500000000000534,True,True,-inf,334.12475723744365,inf,True,0
2157,2014-07-30,321.45,321.83726204313723,0.3872620431372411,-0.3872620431372411,inf,8.899052843011447,-0.06999999999999562,0.030000000000005342,True,True,-inf,330.73631488614865,inf,True,0
2158,2014-07-31,320.01,321.2875210465948,1.2775210465948135,-1.2775210465948135,inf,7.815822948360108,-0.06499999999999562,0.035000000000005346,True,True,-inf,329.1033439949549,inf,True,0
2159,2014-08-01,313.69,319.8689220819677,6.178922081967698,-6.178922081967698,inf,7.293311411946831,-0.05999999999999561,0.04000000000000535,True,True,-inf,327.1622334939145,inf,True,0
2160,2014-08-04,308.84,313.6965956310244,4.856595631024447,-4.856595631024447,inf,7.069596295404779,-0.05499999999999561,0.045000000000005355,True,True,-inf,320.7661919264292,inf,True,0
2161,2014-08-05,313.65,308.8203450903378,-4.8296549096621675,4.8296549096621675,inf,6.564767746229279,-0.049999999999995604,0.05000000000000536,True,True,-inf,315.3851128365671,inf,True,0
2162,2014-08-06,310.83,313.340655798881,2.5106557988810323,-2.5106557988810323,inf,6.209960516189739,-0.0449999999999956,0.055000000000005364,True,True,-inf,319.5506163150708,inf,True,0
2163,2014-08-07,315.21,310.71435623824175,-4.495643761758231,4.495643761758231,inf,5.9647052015063835,-0.039999999999995595,0.06000000000000537,True,True,-inf,316.6790614397481,inf,True,0
2164,2014-08-08,311.94,314.904415053976,2.9644150539759835,-2.9644150539759835,inf,5.671178396938501,-0.03499999999999559,0.06500000000000537,True,True,-inf,320.5755934509145,inf,True,0
2165,2014-08-11,318.48,311.83997772265474,-6.640022277345281,6.640022277345281,inf,5.427723690579683,-0.02999999999999559,0.07000000000000538,True,False,-inf,317.2677014132344,inf,False,1
2166,2014-08-12,318.89,318.1072368485861,-0.7827631514138602,0.7827631514138602,inf,inf,-0.024999999999995588,-0.024999999999994624,True,True,-inf,inf,inf,True,0
2167,2014-08-13,327.6,318.6719059551647,-8.928094044835348,8.928094044835348,inf,inf,-0.019999999999995587,-0.019999999999994623,True,True,-inf,inf,inf,True,0
2168,2014-08-14,327.8,327.14693606092953,-0.6530639390704778,0.6530639390704778,inf,inf,-0.014999999999995586,-0.014999999999994622,True,True,-inf,inf,inf,True,0
2169,2014-08-15,334.0,327.5816090645976,-6.418390935402385,6.418390935402385,inf,inf,-0.009999999999995585,-0.00999999999999462,True,True,-inf,inf,inf,True,0
2170,2014-08-18,335.48,333.62286420348136,-1.8571357965186621,1.8571357965186621,inf,inf,-0.004999999999995584,-0.00499999999999462,True,True,-inf,inf,inf,True,0
2171,2014-08-19,334.87,335.230447621238,0.360447621237995,-0.360447621237995,inf,inf,4.416605969836951e-15,5.381112222480056e-15,True,True,-inf,inf,inf,True,0
2172,2014-08-20,334.68,334.69438207138984,0.014382071389832163,-0.014382071389832163,13.346301063550015,43.55,0.005000000000004418,0.005000000000005382,True,True,321.3480810078398,378.24438207138985,56.89630106355003,True,0
2173,2014-08-21,336.48,334.49695271869314,-1.983047281306881,1.983047281306881,9.922509939345616,42.19,0.010000000000004419,0.010000000000005383,True,True,324.5744427793475,376.68695271869314,52.112509939345614,True,0
2174,2014-08-22,332.99,336.23613980115675,3.246139801156744,-3.246139801156744,8.445680639693741,17.431662177681503,0.01500000000000442,0.015000000000005384,True,True,327.790459161463,353.66780197883827,25.87734281737528,True,0
2175,2014-08-25,333.21,332.8993681416899,-0.31063185831010287,0.31063185831010287,7.642987594851675,11.785986857519788,0.02000000000000442,0.020000000000005385,True,True,325.2563805468382,344.68535499920966,19.42897445237145,True,0
2176,2014-08-26,337.0,333.02191845079165,-3.9780815492083548,3.9780815492083548,6.842809183738666,10.101439217860275,0.02500000000000442,0.025000000000005386,True,True,326.179109267053,343.1233576686519,16.94424840159894,True,0
2177,2014-08-27,342.09,336.6950470331314,-5.394952966868573,5.394952966868573,6.492310138689447,8.899052843011447,0.030000000000004422,0.030000000000005387,True,True,330.20273689444195,345.5940998761429,15.391362981700922,True,0
2178,2014-08-28,340.0,341.7362353045383,1.7362353045382974,-1.7362353045382974,6.026140789719079,7.815822948360108,0.03500000000000442,0.03500000000000539,True,True,335.7100945148192,349.5520582528984,13.841963738079187,True,0
2179,2014-08-29,341.76,339.85769247154576,-1.9023075284542301,1.9023075284542301,5.545091823505189,7.293311411946831,0.04000000000000442,0.04000000000000539,True,True,334.3126006480406,347.1510038834926,12.838403235452006,True,0
2180,2014-09-02,339.98,341.52087114817937,1.540871148179349,-1.540871148179349,5.2353533948385795,7.069596295404779,0.045000000000004425,0.0450000000000054,True,True,336.2855177533408,348.59046744358415,12.304949690243348,True,0
2181,2014-09-03,342.54,339.8370983240889,-2.7029016759111073,2.7029016759111073,4.916726398387993,6.600213493306498,0.05000000000000443,0.0500000000000054,True,True,334.9203719257009,346.4373118173954,11.516939891694506,True,0
2182,2014-09-04,343.69,342.27575708067786,-1.4142429193221346,1.4142429193221346,4.759178688784743,6.325784317175163,0.055000000000004434,0.055000000000005406,True,True,337.5165783918931,348.601541397853,11.084963005959878,True,0
2183,2014-09-05,346.3,343.45715110690236,-2.8428488930976528,2.8428488930976528,4.504450182664215,5.981576792455769,0.06000000000000444,0.06000000000000541,True,True,338.9527009242381,349.4387278993581,10.486026975120012,True,0
2184,2014-09-08,344.54,346.0265201146722,1.486520114672203,-1.486520114672203,4.368286642871624,5.7241876473548245,0.06500000000000444,0.06500000000000541,True,True,341.6582334718006,351.75070776202705,10.092474290226448,True,0
2185,2014-09-09,341.61,344.39362054929603,2.7836205492960175,-2.7836205492960175,4.099397974815986,5.518581914708022,0.07000000000000445,0.07000000000000542,True,True,340.29422257448005,349.91220246400405,9.617979889524008,True,0
2186,2014-09-10,334.3,341.50923958864263,7.2092395886426175,-7.2092395886426175,3.797377881746982,5.248248822200026,0.07500000000000445,0.07500000000000542,False,True,337.71186170689566,346.75748841084265,9.045626703946994,False,1
2187,2014-09-11,329.94,334.33076628067494,4.390766280674939,-4.390766280674939,inf,4.952985915377667,-0.01999999999999555,0.08000000000000543,True,True,-inf,339.2837521960526,inf,True,0
2188,2014-09-12,329.56,329.8945508382587,0.3345508382586786,-0.3345508382586786,inf,4.801796911028191,-0.014999999999995548,0.08500000000000543,True,True,-inf,334.6963477492869,inf,True,0
2189,2014-09-15,330.91,329.39171031945295,-1.5182896805470705,1.5182896805470705,inf,4.648925563143621,-0.009999999999995547,0.09000000000000544,True,True,-inf,334.0406358825966,inf,True,0
2190,2014-09-16,321.07,330.6813311334681,9.611331133468127,-9.611331133468127,inf,4.500601812152269,-0.004999999999995546,0.09500000000000544,True,True,-inf,335.18193294562036,inf,True,0
2191,2014-09-17,327.76,321.16661123971113,-6.59338876028886,6.59338876028886,inf,4.36932249805448,4.454769886308441e-15,0.10000000000000545,True,False,-inf,325.5359337377656,inf,False,1
2192,2014-09-18,325.44,327.39123014939355,1.9512301493935524,-1.9512301493935524,13.346301063550015,43.55,0.005000000000004456,0.0050000000000054445,True,True,314.04492908584353,370.94123014939356,56.89630106355003,True,0
2193,2014-09-19,327.6,325.3068927359021,-2.2931072640978982,2.2931072640978982,9.922509939345616,42.19,0.010000000000004457,0.010000000000005446,True,True,315.3843827965565,367.4968927359021,52.112509939345614,True,0
2194,2014-09-22,328.49,327.35084751366566,-1.1391524863343534,1.1391524863343534,8.52262168284659,17.431662177681503,0.015000000000004458,0.015000000000005446,True,True,318.82822583081906,344.7825096913472,25.954283860528108,True,0
2195,2014-09-23,322.46,328.26963641578203,5.809636415782052,-5.809636415782052,7.64877024649121,11.785986857519788,0.02000000000000446,0.020000000000005447,True,True,320.6208661692908,340.0556232733018,19.434757104011,True,0
2196,2014-09-24,324.17,322.45052636230747,-1.7194736376925448,1.7194736376925448,7.100511119128555,10.101439217860275,0.02500000000000446,0.02500000000000545,True,True,315.3500152431789,332.55196558016775,17.20195033698883,True,0
2197,2014-09-25,327.99,323.9434559197108,-4.046544080289209,4.046544080289209,6.614133505415452,8.899052843011447,0.03000000000000446,0.03000000000000545,True,True,317.32932241429535,332.8425087627222,15.51318634842687,True,0
2198,2014-09-26,320.6,327.68153007163846,7.08153007163844,-7.08153007163844,6.098298994795698,7.815822948360108,0.03500000000000446,0.03500000000000545,False,True,321.58323107684276,335.49735301999857,13.914121943155806,False,1
2199,2014-09-29,320.5,320.62570111689587,0.12570111689586838,-0.12570111689586838,inf,7.293311411946831,-0.05999999999999554,0.04000000000000545,True,True,-inf,327.9190125288427,inf,True,0
2200,2014-09-30,321.36,320.3338559971494,-1.0261440028506286,1.0261440028506286,inf,7.069596295404779,-0.05499999999999554,0.04500000000000545,True,True,-inf,327.40345229255416,inf,True,0
2201,2014-10-01,322.04,321.1475603393956,-0.8924396606043956,0.8924396606043956,inf,6.59338876028886,-0.049999999999995534,0.05000000000000546,True,True,-inf,327.7409490996845,inf,True,0
2202,2014-10-02,316.92,321.83044771226236,4.910447712262339,-4.910447712262339,inf,6.240140858806853,-0.04499999999999553,0.05500000000000546,True,True,-inf,328.0705885710692,inf,True,0
2203,2014-10-03,320.36,316.8871098464998,-3.4728901535002024,3.4728901535002024,inf,5.97141547927032,-0.039999999999995525,0.060000000000005466,True,True,-inf,322.85852532577013,inf,True,0
2204,2014-10-06,323.5,320.08117563499593,-3.4188243650040704,3.4188243650040704,inf,5.672034865333387,-0.03499999999999552,0.06500000000000547,True,True,-inf,325.7532105003293,inf,True,0
2205,2014-10-07,319.43,323.2081635236493,3.7781635236493116,-3.7781635236493116,inf,5.480369389846203,-0.02999999999999552,0.07000000000000547,True,True,-inf,328.6885329134955,inf,True,0
2206,2014-10-08,316.58,319.3588082113046,2.7788082113046357,-2.7788082113046357,inf,5.233284098262033,-0.02499999999999552,0.07500000000000548,True,True,-inf,324.5920923095666,inf,True,0
2207,2014-10-09,321.49,316.4919012460547,-4.998098753945328,4.998098753945328,inf,4.944946333592554,-0.019999999999995518,0.08000000000000548,True,False,-inf,321.43684757964724,inf,False,1
2208,2014-10-10,314.02,321.16106133558054,7.141061335580559,-7.141061335580559,inf,inf,-0.014999999999995517,-0.014999999999994518,True,True,-inf,inf,inf,True,0
2209,2014-10-13,309.87,314.0495277850626,4.179527785062589,-4.179527785062589,inf,inf,-0.009999999999995516,-0.009999999999994517,True,True,-inf,inf,inf,True,0
2210,2014-10-14,308.0,309.8339667137373,1.8339667137373112,-1.8339667137373112,inf,inf,-0.004999999999995515,-0.004999999999994516,True,True,-inf,inf,inf,True,0
2211,2014-10-15,304.35,307.88689595723486,3.536895957234833,-3.536895957234833,inf,inf,4.485994908876023e-15,5.485195631038664e-15,True,True,-inf,inf,inf,True,0
2212,2014-10-16,293.83,304.2858537765707,10.455853776570734,-10.455853776570734,13.346056464726985,43.5,0.005000000000004487,0.005000000000005486,True,True,290.93979731184373,347.7858537765707,56.846056464726985,True,0
2213,2014-10-17,307.15,293.9757923137778,-13.17420768622219,13.17420768622219,9.922509939345616,37.61,0.010000000000004488,0.010000000000005487,True,True,284.0532823744322,331.5857923137778,47.53250993934563,True,0
2214,2014-10-20,302.95,306.5778986884558,3.6278986884557867,-3.6278986884557867,8.52262168284659,17.118488921674782,0.015000000000004489,0.015000000000005488,True,True,298.0552770056092,323.69638761013056,25.641110604521373,True,0
2215,2014-10-21,309.9,302.86838876140865,-7.031611238591324,7.031611238591324,7.64877024649121,11.785986857519788,0.02000000000000449,0.02000000000000549,True,True,295.21961851491744,314.65437561892844,19.434757104011,True,0
2216,2014-10-22,315.43,309.50470341359716,-5.925296586402851,5.925296586402851,7.101294528237247,10.101439217860275,0.02500000000000449,0.02500000000000549,True,True,302.4034088853599,319.60614263145743,17.202733746097522,True,0
2217,2014-10-23,313.4,315.05621629285673,1.6562162928567545,-1.6562162928567545,6.683039307048034,8.899052843011447,0.030000000000004492,0.03000000000000549,True,True,308.3731769858087,323.9552691358682,15.582092150059509,True,0
2218,2014-10-24,284.4,313.26785267240183,28.867852672401852,-28.867852672401852,6.237931104631002,7.815822948360108,0.03500000000000449,0.03500000000000549,False,True,307.0299215677708,321.08367562076194,14.05375405299111,False,1
2219,2014-10-27,285.7,285.0935162037431,-0.6064837962568959,0.6064837962568959,inf,7.293311411946831,-0.05999999999999551,0.04000000000000549,True,True,-inf,292.3868276156899,inf,True,0
2220,2014-10-28,289.76,285.5803514134694,-4.179648586530618,4.179648586530618,inf,7.069596295404779,-0.05499999999999551,0.045000000000005494,True,True,-inf,292.64994770887415,inf,True,0
2221,2014-10-29,299.11,289.45684196852847,-9.653158031471548,9.653158031471548,inf,6.600213493306498,-0.049999999999995506,0.0500000000000055,True,False,-inf,296.057055461835,inf,False,1
2222,2014-10-30,293.98,298.62421921424453,4.644219214244515,-4.644219214244515,inf,inf,-0.0449999999999955,-0.0449999999999945,True,True,-inf,inf,inf,True,0
2223,2014-10-31,305.15,293.9255463750868,-11.224453624913167,11.224453624913167,inf,inf,-0.0399999999999955,-0.0399999999999945,True,True,-inf,inf,inf,True,0
2224,2014-11-03,306.24,304.6297329898722,-1.6102670101278136,1.6102670101278136,inf,inf,-0.03499999999999549,-0.034999999999994494,True,True,-inf,inf,inf,True,0
2225,2014-11-04,303.99,305.9849564756612,1.9949564756611835,-1.9949564756611835,inf,inf,-0.029999999999995492,-0.029999999999994493,True,True,-inf,inf,inf,True,0
2226,2014-11-05,303.01,303.87665868895596,0.8666586889559653,-0.8666586889559653,inf,inf,-0.02499999999999549,-0.024999999999994492,True,True,-inf,inf,inf,True,0
2227,2014-11-06,296.69,302.8696806099745,6.179680609974525,-6.179680609974525,inf,inf,-0.01999999999999549,-0.01999999999999449,True,True,-inf,inf,inf,True,0
2228,2014-11-07,297.82,296.7137886538904,-1.1062113461096033,1.1062113461096033,inf,inf,-0.01499999999999549,-0.01499999999999449,True,True,-inf,inf,inf,True,0
2229,2014-11-10,300.0,297.6307236249102,-2.3692763750897825,2.3692763750897825,inf,inf,-0.009999999999995488,-0.009999999999994489,True,True,-inf,inf,inf,True,0
2230,2014-11-11,305.94,299.7499215234282,-6.1900784765717844,6.1900784765717844,inf,inf,-0.004999999999995487,-0.004999999999994488,True,True,-inf,inf,inf,True,0
2231,2014-11-12,310.75,305.563734436584,-5.186265563415986,5.186265563415986,inf,inf,4.513750484491652e-15,5.512951206654293e-15,True,True,-inf,inf,inf,True,0
2232,2014-11-13,312.0,310.39456554322817,-1.6054344567718317,1.6054344567718317,13.346301063550015,43.5,0.005000000000004515,0.005000000000005514,True,True,297.04826447967815,353.89456554322817,56.846301063550015,True,0
2233,2014-11-14,317.12,311.760187131742,-5.359812868258018,5.359812868258018,10.17138112416589,37.61,0.010000000000004516,0.010000000000005515,True,True,301.58880600757607,349.370187131742,47.78138112416593,True,0
2234,2014-11-17,326.44,316.7693683676172,-9.670631632382822,9.670631632382822,8.635517421451198,17.118488921674782,0.015000000000004517,0.015000000000005516,True,True,308.133850946166,333.88785728929196,25.75400634312598,True,0
2235,2014-11-18,323.99,325.9421809169004,1.9521809169003745,-1.9521809169003745,7.7865428671156565,11.785986857519788,0.020000000000004518,0.020000000000005517,True,True,318.1556380497847,337.72816777442017,19.572529724635444,True,0
2236,2014-11-19,327.25,323.84426490116033,-3.4057350988396706,3.4057350988396706,7.141061335580559,10.108808106815047,0.02500000000000452,0.025000000000005518,True,True,316.70320356557977,333.9530730079754,17.249869442395607,True,0
2237,2014-11-20,324.0,326.9654168122223,2.9654168122223155,-2.9654168122223155,6.683039307048034,9.14190947534496,0.03000000000000452,0.03000000000000552,True,True,320.2823775051743,336.1073262875673,15.824948782392994,True,0
2238,2014-11-21,335.42,323.89993381596884,-11.52006618403118,11.52006618403118,6.237931104631002,7.957321863981775,0.03500000000000452,0.03500000000000552,True,False,317.66200271133783,331.85725567995064,14.195252968612806,False,1
2239,2014-11-24,334.78,334.8739946946825,0.09399469468252164,-0.09399469468252164,5.8780222887984905,inf,0.04000000000000452,-0.05999999999999448,True,True,328.995972405884,inf,inf,True,0
2240,2014-11-25,335.27,334.5724778709523,-0.6975221290476838,0.6975221290476838,5.391432967547246,inf,0.04500000000000452,-0.054999999999994484,True,True,329.18104490340505,inf,inf,True,0
2241,2014-11-26,333.78,335.06208585479067,1.2820858547906937,-1.2820858547906937,5.029455179519971,inf,0.05000000000000453,-0.04999999999999448,True,True,330.0326306752707,inf,inf,True,0
2242,2014-11-28,336.03,333.630931286665,-2.399068713334998,2.399068713334998,4.877264473092055,inf,0.05500000000000453,-0.044999999999994475,True,True,328.7536668135729,inf,inf,True,0
2243,2014-12-01,338.12,335.7692036608539,-2.350796339146086,2.350796339146086,4.644219214244515,inf,0.060000000000004536,-0.03999999999999447,True,True,331.1249844466094,inf,inf,True,0
2244,2014-12-02,327.5,337.8529542557082,10.352954255708198,-10.352954255708198,4.459220870252864,inf,0.06500000000000454,-0.034999999999994466,False,True,333.39373338545533,inf,inf,False,1
2245,2014-12-03,325.73,327.62879144192055,1.8987914419205367,-1.8987914419205367,inf,inf,-0.02999999999999546,-0.029999999999994465,True,True,-inf,inf,inf,True,0
2246,2014-12-04,315.53,325.6248737953003,10.094873795300316,-10.094873795300316,inf,inf,-0.02499999999999546,-0.024999999999994464,True,True,-inf,inf,inf,True,0
2247,2014-12-05,316.8,315.6585124755415,-1.1414875244585119,1.1414875244585119,inf,inf,-0.01999999999999546,-0.019999999999994463,True,True,-inf,inf,inf,True,0
2248,2014-12-08,311.57,316.5971144101935,5.027114410193519,-5.027114410193519,inf,inf,-0.014999999999995458,-0.014999999999994462,True,True,-inf,inf,inf,True,0
2249,2014-12-09,302.99,311.54436997936557,8.55436997936556,-8.55436997936556,inf,inf,-0.009999999999995457,-0.009999999999994461,True,True,-inf,inf,inf,True,0
2250,2014-12-10,312.0,303.08124767117624,-8.918752328823757,8.918752328823757,inf,inf,-0.004999999999995456,-0.00499999999999446,True,True,-inf,inf,inf,True,0
2251,2014-12-11,307.89,311.55048532259735,3.660485322597367,-3.660485322597367,inf,inf,4.5449755070592346e-15,5.540706782269922e-15,True,True,-inf,inf,inf,True,0
2252,2014-12-12,303.99,307.8167651694555,3.8267651694554843,-3.8267651694554843,13.346301063550015,43.5,0.005000000000004546,0.005000000000005542,True,True,294.4704641059055,351.3167651694555,56.846301063550015,True,0
2253,2014-12-15,308.87,303.94150626914364,-4.92849373085636,4.92849373085636,10.352954255708198,37.61,0.010000000000004547,0.010000000000005543,True,True,293.58855201343545,341.55150626914366,47.96295425570821,True,0
2254,2014-12-16,304.35,308.542374926536,4.19237492653599,-4.19237492653599,8.730423433258636,17.118488921674782,0.015000000000004548,0.015000000000005544,True,True,299.8119514932774,325.6608638482108,25.848912354933418,True,0
2255,2014-12-17,296.37,304.3002506630997,7.9302506630996845,-7.9302506630996845,7.9171963619482995,11.697837578350288,0.02000000000000455,0.020000000000005545,False,True,296.3830543011514,315.99808824145,19.615033940298588,False,1
2256,2014-12-18,304.01,296.4541618892656,-7.555838110734385,7.555838110734385,inf,10.108808106815047,-0.07499999999999546,0.025000000000005546,True,True,-inf,306.56296999608065,inf,True,0
2257,2014-12-19,296.91,303.60771559086635,6.6977155908663235,-6.6977155908663235,inf,9.146167242864522,-0.06999999999999545,0.030000000000005547,True,True,-inf,312.75388283373087,inf,True,0
2258,2014-12-22,301.94,296.94114575776086,-4.998854242239133,4.998854242239133,inf,8.43241410940513,-0.06499999999999545,0.03500000000000555,True,True,-inf,305.373559867166,inf,True,0
2259,2014-12-23,306.98,301.61359103001854,-5.366408969981478,5.366408969981478,inf,7.465538085534604,-0.059999999999995446,0.040000000000005545,True,True,-inf,309.07912911555314,inf,True,0
2260,2014-12-24,306.38,306.62128320885677,0.24128320885677113,-0.24128320885677113,inf,7.13556167303318,-0.05499999999999544,0.04500000000000555,True,True,-inf,313.75684488188995,inf,True,0
2261,2014-12-26,305.0,306.2050453832875,1.2050453832874837,-1.2050453832874837,inf,6.734591479484834,-0.04999999999999544,0.050000000000005554,True,True,-inf,312.9396368627723,inf,True,0
2262,2014-12-29,307.85,304.86568121280544,-2.9843187871945815,2.9843187871945815,inf,6.423111110558381,-0.04499999999999543,0.05500000000000556,True,True,-inf,311.28879232336385,inf,True,0
2263,2014-12-30,309.91,307.57925296680855,-2.3307470331914715,2.3307470331914715,inf,6.093196760254472,-0.03999999999999543,0.06000000000000556,True,True,-inf,313.67244972706305,inf,True,0
2264,2014-12-31,311.55,309.65251109811373,-1.8974889018862768,1.8974889018862768,inf,5.8725509439858286,-0.034999999999995424,0.06500000000000557,True,True,-inf,315.52506204209953,inf,True,0
2265,2015-01-02,312.58,311.3074729488867,-1.2725270511132862,1.2725270511132862,inf,5.59665441533582,-0.029999999999995423,0.07000000000000557,True,True,-inf,316.9041273642225,inf,True,0
2266,2015-01-05,307.01,312.3578198047821,5.347819804782091,-5.347819804782091,inf,5.359812868258018,-0.02499999999999542,0.07500000000000558,True,True,-inf,317.7176326730401,inf,True,0
2267,2015-01-06,302.24,307.00391740649985,4.763917406499843,-4.763917406499843,inf,5.146377664241015,-0.01999999999999542,0.08000000000000558,True,True,-inf,312.15029507074087,inf,True,0
2268,2015-01-07,297.5,302.22790813333967,4.7279081333396675,-4.7279081333396675,inf,4.92849373085636,-0.01499999999999542,0.08500000000000558,True,True,-inf,307.156401864196,inf,True,0
2269,2015-01-08,300.32,297.48622932208525,-2.8337706779147425,2.8337706779147425,inf,4.790864037316226,-0.009999999999995419,0.09000000000000559,True,True,-inf,302.2770933594015,inf,True,0
2270,2015-01-09,301.48,300.06445833110945,-1.4155416688905689,1.4155416688905689,inf,4.631812740092613,-0.004999999999995418,0.0950000000000056,True,True,-inf,304.6962710712021,inf,True,0
2271,2015-01-12,297.56,301.25734770960435,3.697347709604344,-3.697347709604344,inf,4.4709080800327285,4.583139423530724e-15,0.1000000000000056,True,True,-inf,305.72825578963705,inf,True,0
2272,2015-01-13,297.48,297.5061474873658,0.026147487365790312,-0.026147487365790312,13.346301063550015,4.354771831317322,0.005000000000004584,0.1050000000000056,True,True,284.1598464238158,301.86091931868316,17.701072894867366,True,0
2273,2015-01-14,291.93,297.31786984909775,5.38786984909774,-5.38786984909774,10.352954255708198,4.216810131785763,0.010000000000004585,0.11000000000000561,True,True,286.96491559338955,301.53467998088354,14.56976438749399,True,0
2274,2015-01-15,294.0,291.93461980634294,-2.065380193657063,2.065380193657063,8.72131187731074,4.149251007800132,0.015000000000004586,0.11500000000000561,True,True,283.2133079290322,296.0838708141431,12.870562885110871,True,0
2275,2015-01-16,286.28,293.7747374289464,7.494737428946451,-7.494737428946451,7.9302506630996845,4.00574831923808,0.020000000000004587,0.12000000000000562,True,True,285.84448676584674,297.7804857481845,11.935998982337765,True,0
2276,2015-01-20,292.59,286.35319798701744,-6.236802012982537,6.236802012982537,7.307635926972694,3.851423101425951,0.025000000000004588,0.1250000000000056,True,False,279.04556206004474,290.2046210884434,11.159059028398644,False,1
2277,2015-01-21,289.64,292.2276178021368,2.5876178021368332,-2.5876178021368332,6.734374582960811,9.14190947534496,0.03000000000000459,0.030000000000005606,True,True,285.493243219176,301.3695272774818,15.876284058305771,True,0
2278,2015-01-22,300.0,289.5532091478098,-10.44679085219019,10.44679085219019,6.319158763857388,8.343186234817097,0.03500000000000459,0.03500000000000561,True,False,283.2340503839524,297.8963953826269,14.662344998674484,False,1
2279,2015-01-23,308.08,299.48135824708413,-8.598641752915853,8.598641752915853,5.90610438362981,inf,0.04000000000000459,-0.05999999999999439,True,True,293.57525386345435,inf,inf,True,0
2280,2015-01-26,311.82,307.614959332484,-4.205040667516016,4.205040667516016,5.491396381162531,inf,0.04500000000000459,-0.05499999999999439,True,True,302.12356295132145,inf,inf,True,0
2281,2015-01-27,306.3,311.5030796531425,5.203079653142481,-5.203079653142481,5.2353533948385795,inf,0.050000000000004596,-0.04999999999999438,True,True,306.2677262583039,inf,inf,True,0
2282,2015-01-28,309.81,306.2884015090276,-3.5215984909723943,3.5215984909723943,5.0009625159005395,inf,0.0550000000000046,-0.04499999999999438,True,True,301.28743899312707,inf,inf,True,0
2283,2015-01-29,304.73,309.5217101038884,4.791710103888363,-4.791710103888363,4.835604855254985,inf,0.060000000000004605,-0.03999999999999437,True,True,304.6861052486334,inf,inf,True,0
2284,2015-01-30,346.32,304.70792368124427,-41.612076318755726,41.612076318755726,4.639087518782077,inf,0.06500000000000461,-0.03499999999999437,True,True,300.06883616246216,inf,inf,True,0
2285,2015-02-02,350.05,344.62964833354613,-5.4203516664538824,5.4203516664538824,4.454095901180565,inf,0.07000000000000461,-0.029999999999994368,True,True,340.1755524323656,inf,inf,True,0
2286,2015-02-03,360.29,349.69083495333706,-10.59916504666296,10.59916504666296,4.2025520503630105,inf,0.07500000000000462,-0.024999999999994367,True,True,345.48828290297405,inf,inf,True,0
2287,2015-02-04,358.38,359.75383623430497,1.3738362343049744,-1.3738362343049744,4.031621894924172,inf,0.08000000000000462,-0.019999999999994366,True,True,355.7222143393808,inf,inf,True,0
2288,2015-02-05,366.0,358.2508840481991,-7.7491159518008885,7.7491159518008885,3.7781635236493116,inf,0.08500000000000463,-0.014999999999994365,True,True,354.4727205245498,inf,inf,True,0
2289,2015-02-06,374.87,365.53775270505133,-9.332247294948672,9.332247294948672,3.706763144264386,inf,0.09000000000000463,-0.009999999999994364,True,True,361.830989560787,inf,inf,True,0
2290,2015-02-09,371.0,374.3863387175728,3.386338717572812,-3.386338717572812,3.536895957234833,inf,0.09500000000000464,-0.004999999999994363,True,True,370.849442760338,inf,inf,True,0
2291,2015-02-10,371.19,370.9294146545643,-0.2605853454356861,0.2605853454356861,3.4250883411622226,inf,0.10000000000000464,5.637851296924623e-15,True,True,367.5043263134021,inf,inf,True,0
2292,2015-02-11,371.23,370.96661305226996,-0.263386947730055,0.263386947730055,3.335579191863104,43.5,0.10500000000000465,0.005000000000005639,True,True,367.6310338604069,414.46661305226996,46.835579191863076,True,0
2293,2015-02-12,375.1,371.0186308099975,-4.081369190002533,4.081369190002533,3.2581086620215274,41.612076318755726,0.11000000000000465,0.01000000000000564,True,True,367.76052214797596,412.6307071287532,44.87018498077725,True,0
2294,2015-02-13,378.41,374.76374165342924,-3.6462583465707894,3.6462583465707894,3.1544153802162214,17.118488921674782,0.11500000000000465,0.01500000000000564,True,True,371.609326273213,391.882230575104,20.272904301891003,True,0
2295,2015-02-17,377.72,378.09853087692926,0.3785308769292328,-0.3785308769292328,2.9644150539759835,11.785986857519788,0.12000000000000466,0.020000000000005642,True,True,375.1341158229533,389.88451773444905,14.750401911495771,True,0
2296,2015-02-18,375.42,377.5364924799656,2.1164924799655864,-2.1164924799655864,2.902035024128793,10.236235935950788,0.12500000000000466,0.025000000000005643,True,True,374.6344574558368,387.7727284159164,13.13827096007958,True,0
2297,2015-02-19,373.49,375.2812405073119,1.7912405073118975,-1.7912405073118975,2.8190468173178047,9.271350946718002,0.13000000000000467,0.030000000000005644,True,True,372.4621936899941,384.5525914540299,12.0903977640358,True,0
2298,2015-02-20,378.62,373.3368339266417,-5.283166073358302,5.283166073358302,2.7564680719167285,8.598641752915853,0.13500000000000467,0.035000000000005645,True,True,370.58036585472496,381.93547567955756,11.355109824832596,True,0
2299,2015-02-23,383.44,378.23877471832475,-5.201225281675249,5.201225281675249,2.6940607467980584,7.686476547247764,0.14000000000000468,0.04000000000000564,True,True,375.5447139715267,385.9252512655725,10.380537294045837,True,0
2300,2015-02-24,378.65,383.0806897353645,4.430689735364524,-4.430689735364524,2.583859375558987,7.265851392823549,0.14500000000000468,0.04500000000000565,False,True,380.49683035980553,390.34654112818805,9.849710768382522,False,1
2301,2015-02-25,377.27,378.59861565884484,1.3286156588448534,-1.3286156588448534,5.231242114160295,6.836116549953033,0.05000000000000468,0.05000000000000565,True,True,373.36737354468454,385.43473220879787,12.067358664113328,True,0
2302,2015-02-26,384.07,377.09528861753273,-6.974711382467262,6.974711382467262,4.976349735379813,6.556223870250761,0.055000000000004684,0.055000000000005655,True,False,372.1189388821529,383.6515124877835,11.532573605630603,False,1
2303,2015-02-27,384.0,383.63477321448954,-0.3652267855104583,0.3652267855104583,4.791710103888363,inf,0.06000000000000469,-0.039999999999994346,True,True,378.8430631106012,inf,inf,True,0
2304,2015-03-02,380.85,383.79902363328847,2.949023633288448,-2.949023633288448,4.5822069658397595,inf,0.06500000000000469,-0.03499999999999434,True,True,379.2168166674487,inf,inf,True,0
2305,2015-03-03,383.95,380.73852828994256,-3.211471710057424,3.211471710057424,4.44260262318636,inf,0.0700000000000047,-0.02999999999999434,True,True,376.2959256667562,inf,inf,True,0
2306,2015-03-04,385.71,383.6329970402894,-2.077002959710569,2.077002959710569,4.2025520503630105,inf,0.0750000000000047,-0.02499999999999434,True,True,379.4304449899264,inf,inf,True,0
2307,2015-03-05,385.61,385.4442245165787,-0.16577548342132786,0.16577548342132786,3.9983091175952836,inf,0.0800000000000047,-0.01999999999999434,True,True,381.4459153989834,inf,inf,True,0
2308,2015-03-06,385.52,385.4024829934066,-0.11751700659340258,0.11751700659340258,3.7754977033803243,inf,0.08500000000000471,-0.014999999999994337,True,True,381.62698529002625,inf,inf,True,0
2309,2015-03-09,378.4,385.30978501366315,6.909785013663168,-6.909785013663168,3.697347709604344,inf,0.09000000000000472,-0.009999999999994336,False,True,381.6124373040588,inf,inf,False,1
2310,2015-03-10,377.45,378.41473242233985,0.9647324223398641,-0.9647324223398641,inf,inf,-0.004999999999995286,-0.004999999999994335,True,True,-inf,inf,inf,True,0
2311,2015-03-11,370.61,377.259482517305,6.649482517304989,-6.649482517304989,inf,inf,4.714978407704962e-15,5.665606872540252e-15,True,True,-inf,inf,inf,True,0
2312,2015-03-12,368.82,370.6153364712125,1.7953364712125222,-1.7953364712125222,13.346301063550015,43.5,0.005000000000004716,0.005000000000005667,True,True,357.2690354076625,414.1153364712125,56.846301063550015,True,0
2313,2015-03-13,371.52,368.6565827237773,-2.8634172762226626,2.8634172762226626,10.17138112416589,37.61,0.010000000000004717,0.010000000000005668,True,True,358.4852015996114,406.26658272377733,47.78138112416593,True,0
2314,2015-03-16,370.38,371.2194211843131,0.8394211843130961,-0.8394211843130961,8.72131187731074,17.118488921674782,0.015000000000004718,0.015000000000005669,True,True,362.4981093070023,388.3379101059879,25.83980079898555,True,0
2315,2015-03-17,371.11,370.20941516108695,-0.900584838913062,0.900584838913062,7.9171963619482995,11.697837578350288,0.02000000000000472,0.02000000000000567,True,True,362.29221879913865,381.90725273943724,19.615033940298588,True,0
2316,2015-03-18,369.97,370.8738290754408,0.9038290754407967,-0.9038290754407967,7.2092395886426175,10.236235935950788,0.02500000000000472,0.02500000000000567,True,True,363.6645894867982,381.1100650113916,17.445475524593405,True,0
2317,2015-03-19,373.87,369.79670201260944,-4.073297987390561,4.073297987390561,6.734374582960811,9.219771232147934,0.03000000000000472,0.03000000000000567,True,True,363.06232742964863,379.0164732447574,15.954145815108745,True,0
2318,2015-03-20,376.29,373.53071452258433,-2.7592854774156876,2.7592854774156876,6.319158763857388,8.584772167347978,0.03500000000000472,0.03500000000000567,True,True,367.21155575872694,382.1154866899323,14.903930931205366,True,0
2319,2015-03-23,378.07,376.00548037097565,-2.064519629024346,2.064519629024346,5.937233423078084,7.586408126159938,0.040000000000004726,0.04000000000000567,True,True,370.0682469478976,383.5918884971356,13.523641549237993,True,0
2320,2015-03-24,373.99,377.80372599361624,3.813725993616231,-3.813725993616231,5.491396381162531,7.1919732461433625,0.04500000000000473,0.045000000000005674,True,True,372.3123296124537,384.9956992397596,12.683369627305865,True,0
2321,2015-03-25,375.17,373.9108083379434,-1.259191662056594,1.259191662056594,5.2353533948385795,6.836116549953033,0.050000000000004735,0.05000000000000568,True,True,368.67545494310485,380.74692488789645,12.071469944791602,True,0
2322,2015-03-26,369.59,374.91412564097703,5.3241256409770585,-5.3241256409770585,5.0009625159005395,6.556223870250761,0.05500000000000474,0.05500000000000568,False,True,369.9131631250765,381.4703495112278,11.55718638615133,False,1
2323,2015-03-27,367.11,369.5587400630933,2.4487400630932825,-2.4487400630932825,inf,6.1900784765717844,-0.03999999999999526,0.06000000000000569,True,True,-inf,375.7488185396651,inf,True,0
2324,2015-03-30,371.87,366.9705288270618,-4.899471172938206,4.899471172938206,inf,5.9647052015063835,-0.03499999999999526,0.06500000000000569,True,True,-inf,372.9352340285682,inf,True,0
2325,2015-03-31,373.24,371.50116016864354,-1.7388398313564721,1.7388398313564721,inf,5.671178396938501,-0.029999999999995256,0.0700000000000057,True,True,-inf,377.17233856558204,inf,True,0
2326,2015-04-01,372.1,372.9906713923318,0.8906713923317966,-0.8906713923317966,inf,5.427564045489987,-0.024999999999995255,0.0750000000000057,True,True,-inf,378.4182354378218,inf,True,0
2327,2015-04-02,370.5,371.926749536151,1.4267495361510214,-1.4267495361510214,inf,5.248248822200026,-0.019999999999995254,0.0800000000000057,True,True,-inf,377.17499835835105,inf,True,0
2328,2015-04-06,370.1,370.3384433205256,0.23844332052556183,-0.23844332052556183,inf,4.998854242239133,-0.014999999999995253,0.08500000000000571,True,True,-inf,375.3372975627647,inf,True,0
2329,2015-04-07,376.15,369.8995114668452,-6.250488533154794,6.250488533154794,inf,4.895206917126075,-0.009999999999995252,0.09000000000000571,True,False,-inf,374.79471838397126,inf,False,1
2330,2015-04-08,374.66,375.7411423834309,1.0811423834308584,-1.0811423834308584,inf,inf,-0.004999999999995251,-0.004999999999994287,True,True,-inf,inf,inf,True,0
2331,2015-04-09,380.66,374.50332896900994,-6.156671030990083,6.156671030990083,inf,inf,4.749672877224498e-15,5.7141791298676026e-15,True,True,-inf,inf,inf,True,0
2332,2015-04-10,384.31,380.2497023490058,-4.060297650994187,4.060297650994187,13.346301063550015,43.5,0.005000000000004751,0.005000000000005715,True,True,366.9034012854558,423.7497023490058,56.846301063550015,True,0
2333,2015-04-13,383.53,383.986797280675,0.4567972806750049,-0.4567972806750049,10.17138112416589,37.61,0.010000000000004752,0.010000000000005716,True,True,373.81541615650906,421.596797280675,47.78138112416593,True,0
2334,2015-04-14,383.51,383.3459603447944,-0.16403965520561314,0.16403965520561314,8.72131187731074,17.118488921674782,0.015000000000004753,0.015000000000005717,True,True,374.62464846748367,400.46444926646916,25.839800798985493,True,0
2335,2015-04-15,384.65,383.2953086553465,-1.3546913446534745,1.3546913446534745,7.9171963619482995,11.697837578350288,0.020000000000004754,0.020000000000005718,True,True,375.3781122933982,394.9931462336968,19.615033940298588,True,0
2336,2015-04-16,383.69,384.3989021556409,0.7089021556408852,-0.7089021556408852,7.206149293916951,10.230103404458646,0.025000000000004755,0.02500000000000572,True,True,377.19275286172393,394.62900556009953,17.436252698375597,True,0
2337,2015-04-17,382.63,383.5080409008867,0.8780409008867309,-0.8780409008867309,6.723469265502757,9.160111940275755,0.030000000000004756,0.03000000000000572,True,True,376.78457163538394,392.6681528411625,15.883581205778569,True,0
2338,2015-04-20,378.55,382.4484379042815,3.8984379042814794,-3.8984379042814794,6.319158763857388,8.584772167347978,0.035000000000004756,0.03500000000000572,True,True,376.1292791404241,391.03321007162947,14.903930931205366,True,0
2339,2015-04-21,391.31,378.4651665285841,-12.844833471415882,12.844833471415882,5.90610438362981,7.555838110734385,0.040000000000004754,0.040000000000005725,True,False,372.5590621449543,386.0210046393185,13.461942494364223,False,1
2340,2015-04-22,391.91,390.6700143481127,-1.2399856518873094,1.2399856518873094,5.45012046181634,inf,0.04500000000000476,-0.054999999999994276,True,True,385.2198938862964,inf,inf,True,0
2341,2015-04-23,390.21,391.69213876119795,1.482138761197973,-1.482138761197973,5.2353533948385795,inf,0.05000000000000476,-0.04999999999999427,True,True,386.4567853663594,inf,inf,True,0
2342,2015-04-24,439.0,390.04985025830405,-48.95014974169595,48.95014974169595,5.0009625159005395,inf,0.05500000000000477,-0.04499999999999427,True,True,385.0488877424035,inf,inf,True,0
2343,2015-04-27,443.86,437.0986024728749,-6.761397527125098,6.761397527125098,4.831146649804751,inf,0.06000000000000477,-0.03999999999999426,True,True,432.2674558230702,inf,inf,True,0
2344,2015-04-28,438.51,443.5586164827758,5.048616482775799,-5.048616482775799,4.5822069658397595,inf,0.06500000000000478,-0.03499999999999426,False,True,438.97640951693603,inf,inf,False,1
2345,2015-04-29,426.75,438.46439202336666,11.714392023366656,-11.714392023366656,inf,inf,-0.029999999999995225,-0.029999999999994257,True,True,-inf,inf,inf,True,0
2346,2015-04-30,427.11,426.8944411995459,-0.21555880045411868,0.21555880045411868,inf,inf,-0.024999999999995224,-0.024999999999994256,True,True,-inf,inf,inf,True,0
2347,2015-05-01,423.82,426.876830414088,3.056830414087983,-3.056830414087983,inf,inf,-0.019999999999995223,-0.019999999999994255,True,True,-inf,inf,inf,True,0
2348,2015-05-04,424.8,423.70412426914606,-1.0958757308539475,1.0958757308539475,inf,inf,-0.014999999999995222,-0.014999999999994254,True,True,-inf,inf,inf,True,0
2349,2015-05-05,422.85,424.54886480633377,1.698864806333745,-1.698864806333745,inf,inf,-0.009999999999995221,-0.009999999999994253,True,True,-inf,inf,inf,True,0
2350,2015-05-06,421.43,422.6923195741785,1.2623195741784912,-1.2623195741784912,inf,inf,-0.00499999999999522,-0.004999999999994252,True,True,-inf,inf,inf,True,0
2351,2015-05-07,424.15,421.25421402417226,-2.895785975827721,2.895785975827721,inf,inf,4.78089789979208e-15,5.748873599387139e-15,True,True,-inf,inf,inf,True,0
2352,2015-05-08,430.75,423.84436522939467,-6.905634770605332,6.905634770605332,13.346301063550015,43.55,0.005000000000004782,0.00500000000000575,True,True,410.49806416584465,467.3943652293947,56.89630106355003,True,0
2353,2015-05-11,432.51,430.323785219354,-2.186214780645969,2.186214780645969,10.352954255708198,41.612076318755726,0.010000000000004783,0.01000000000000575,True,True,419.9708309636458,471.93586153810975,51.965030574463924,True,0
2354,2015-05-12,431.08,432.23885017959105,1.1588501795910702,-1.1588501795910702,8.72131187731074,17.118488921674782,0.015000000000004784,0.015000000000005752,True,True,423.5175383022803,449.35733910126584,25.83980079898555,True,0
2355,2015-05-13,429.98,430.9064961469837,0.926496146983709,-0.926496146983709,7.9171963619482995,11.785986857519788,0.020000000000004785,0.020000000000005753,True,True,422.9892997850354,442.6924830045035,19.703183219468087,True,0
2356,2015-05-14,429.45,429.7947365070736,0.3447365070736055,-0.3447365070736055,7.2092395886426175,10.395946211211111,0.025000000000004786,0.025000000000005754,True,True,422.585496918431,440.19068271828473,17.605185799853757,True,0
2357,2015-05-15,428.0,429.24685642749444,1.2468564274944356,-1.2468564274944356,6.734374582960811,9.271350946718002,0.030000000000004787,0.030000000000005755,True,True,422.5124818445336,438.51820737421247,16.00572552967884,True,0
2358,2015-05-18,426.0,427.8255300505818,1.82553005058179,-1.82553005058179,6.319158763857388,8.598641752915853,0.03500000000000479,0.035000000000005756,True,True,421.5063712867244,436.42417180349764,14.91780051677324,True,0
2359,2015-05-19,424.87,425.84199914802525,0.9719991480252475,-0.9719991480252475,5.90610438362981,7.586408126159938,0.040000000000004796,0.04000000000000575,True,True,419.93589476439547,433.4284072741852,13.49251250978972,True,0
2360,2015-05-20,420.6,424.6844310346708,4.084431034670786,-4.084431034670786,5.45012046181634,7.1919732461433625,0.0450000000000048,0.04500000000000576,True,True,419.2343105728545,431.8764042808142,12.642093707959702,True,0
2361,2015-05-21,428.0,420.51190798193306,-7.488092018066936,7.488092018066936,5.2353533948385795,6.870571202061143,0.050000000000004804,0.05000000000000576,True,False,415.2765545870945,427.3824791839942,12.105924596899683,False,1
2362,2015-05-22,431.55,427.54400990159354,-4.005990098406471,4.005990098406471,5.005796375527723,inf,0.05500000000000481,-0.04499999999999424,True,True,422.5382135260658,inf,inf,True,0
2363,2015-05-26,426.2,431.2210705170652,5.021070517065198,-5.021070517065198,4.835604855254985,inf,0.06000000000000481,-0.039999999999994235,False,True,426.3854656618102,inf,inf,False,1
2364,2015-05-27,427.45,426.1470429841811,-1.3029570158188903,1.3029570158188903,inf,inf,-0.03499999999999519,-0.03499999999999423,True,True,-inf,inf,inf,True,0
2365,2015-05-28,429.71,427.1891632791795,-2.520836720820455,2.520836720820455,inf,inf,-0.029999999999995187,-0.02999999999999423,True,True,-inf,inf,inf,True,0
2366,2015-05-29,427.23,429.41884069135614,2.18884069135612,-2.18884069135612,inf,inf,-0.024999999999995186,-0.024999999999994228,True,True,-inf,inf,inf,True,0
2367,2015-06-01,430.4,427.08738205176905,-3.3126179482309226,3.3126179482309226,inf,inf,-0.019999999999995185,-0.019999999999994227,True,True,-inf,inf,inf,True,0
2368,2015-06-02,430.07,430.0791656137915,0.009165613791481064,-0.009165613791481064,inf,inf,-0.014999999999995184,-0.014999999999994226,True,True,-inf,inf,inf,True,0
2369,2015-06-03,434.4,429.86038161817316,-4.539618381826813,4.539618381826813,inf,inf,-0.009999999999995183,-0.009999999999994225,True,True,-inf,inf,inf,True,0
2370,2015-06-04,434.4,434.0429593180737,-0.35704068192626437,0.35704068192626437,inf,inf,-0.004999999999995182,-0.004999999999994224,True,True,-inf,inf,inf,True,0
2371,2015-06-05,429.66,434.18064022397806,4.5206402239780346,-4.5206402239780346,inf,inf,4.81906181626357e-15,5.776629175002768e-15,True,True,-inf,inf,inf,True,0
2372,2015-06-08,425.62,429.5871992138589,3.967199213858919,-3.967199213858919,13.346301063550015,43.55,0.00500000000000482,0.005000000000005778,True,True,416.2408981503089,473.13719921385893,56.89630106355003,True,0
2373,2015-06-09,422.96,425.52392616597695,2.563926165976966,-2.563926165976966,10.352954255708198,41.612076318755726,0.010000000000004821,0.010000000000005779,True,True,415.17097191026875,467.13600248473267,51.965030574463924,True,0
2374,2015-06-10,426.46,422.8205913401463,-3.6394086598537,3.6394086598537,8.72131187731074,17.118488921674782,0.015000000000004822,0.01500000000000578,True,True,414.0992794628355,439.93908026182106,25.83980079898555,True,0
2375,2015-06-11,432.29,426.12791345513375,-6.16208654486627,6.16208654486627,7.9171963619482995,11.785986857519788,0.020000000000004823,0.02000000000000578,True,True,418.21071709318545,437.91390031265354,19.703183219468087,True,0
2376,2015-06-12,431.25,431.8855685578969,0.6355685578968746,-0.6355685578968746,7.206149293916951,10.236235935950788,0.025000000000004824,0.02500000000000578,True,True,424.6794192639799,442.12180449384766,17.44238522986774,True,0
2377,2015-06-15,427.66,431.0616875644198,3.401687564419774,-3.401687564419774,6.723469265502757,9.219771232147934,0.030000000000004825,0.030000000000005782,True,True,424.338218298917,440.28145879656773,15.94324049765072,True,0
2378,2015-06-16,424.15,427.5500915316419,3.4000915316419196,-3.4000915316419196,6.307734359826526,8.584772167347978,0.035000000000004826,0.03500000000000578,True,True,421.24235717181534,436.1348636989899,14.892506527174532,True,0
2379,2015-06-17,428.36,424.0370354941884,-4.322964505811626,4.322964505811626,5.901579565597444,7.555838110734385,0.04000000000000482,0.04000000000000578,True,True,418.13545592859094,431.5928736049228,13.45741767633183,True,0
2380,2015-06-18,430.3,428.0057620530652,-2.2942379469347998,2.2942379469347998,5.40617863916691,7.1919732461433625,0.04500000000000483,0.045000000000005785,True,True,422.5995834138983,435.1977352992086,12.598151885310301,True,0
2381,2015-06-19,440.26,430.0172023763736,-10.242797623626416,10.242797623626416,5.231242114160295,6.870571202061143,0.05000000000000483,0.05000000000000579,True,False,424.7859602622133,436.8877735784347,12.10181331622141,False,1
2382,2015-06-22,437.0,439.7247695631684,2.7247695631684223,-2.7247695631684223,5.005796375527723,inf,0.05500000000000484,-0.04499999999999421,True,True,434.7189731876407,inf,inf,True,0
2383,2015-06-23,435.59,436.8808619068888,1.2908619068888356,-1.2908619068888356,4.835604855254985,inf,0.06000000000000484,-0.03999999999999421,True,True,432.0452570516338,inf,inf,True,0
2384,2015-06-24,444.97,435.41204876607895,-9.557951233921074,9.557951233921074,4.639087518782077,inf,0.06500000000000485,-0.0349999999999942,True,True,430.77296124729685,inf,inf,True,0
2385,2015-06-25,438.07,444.45233882120186,6.38233882120187,-6.38233882120187,4.454095901180565,inf,0.07000000000000485,-0.0299999999999942,False,True,439.9982429200213,inf,inf,False,1
2386,2015-06-26,441.76,438.06365154093106,-3.696348459068929,3.696348459068929,inf,inf,-0.02499999999999515,-0.0249999999999942,True,True,-inf,inf,inf,True,0
2387,2015-06-29,434.98,441.4209903176206,6.44099031762056,-6.44099031762056,inf,inf,-0.01999999999999515,-0.0199999999999942,True,True,-inf,inf,inf,True,0
2388,2015-06-30,434.2,434.9714157532205,0.7714157532205377,-0.7714157532205377,inf,inf,-0.01499999999999515,-0.014999999999994199,True,True,-inf,inf,inf,True,0
2389,2015-07-01,439.35,434.000724865991,-5.349275134009019,5.349275134009019,inf,inf,-0.009999999999995148,-0.009999999999994198,True,True,-inf,inf,inf,True,0
2390,2015-07-02,437.0,438.96374216785784,1.9637421678578448,-1.9637421678578448,inf,inf,-0.004999999999995147,-0.004999999999994197,True,True,-inf,inf,inf,True,0
2391,2015-07-06,435.23,436.85222607668584,1.6222260766858199,-1.6222260766858199,inf,inf,4.853756285783106e-15,5.8043847506183965e-15,True,True,-inf,inf,inf,True,0
2392,2015-07-07,435.68,435.0630629613675,-0.6169370386324999,0.6169370386324999,13.346301063550015,43.55,0.005000000000004855,0.005000000000005805,True,True,421.7167618978175,478.6130629613675,56.89630106355003,True,0
2393,2015-07-08,434.35,435.4428118814288,1.0928118814287586,-1.0928118814287586,10.352954255708198,41.612076318755726,0.010000000000004856,0.010000000000005806,True,True,425.0898576257206,477.0548882001845,51.965030574463924,True,0
2394,2015-07-09,434.9,434.16909425601654,-0.7309057439834419,0.7309057439834419,8.72131187731074,17.118488921674782,0.015000000000004857,0.015000000000005807,True,True,425.4477823787058,451.2875831776913,25.839800798985493,True,0
2395,2015-07-10,440.49,434.65939892780176,-5.830601072198249,5.830601072198249,7.9171963619482995,11.785986857519788,0.020000000000004858,0.02000000000000581,True,True,426.74220256585346,446.44538578532155,19.703183219468087,True,0
2396,2015-07-13,448.29,440.08905741659675,-8.200942583403275,8.200942583403275,7.206149293916951,10.242797623626416,0.02500000000000486,0.02500000000000581,True,True,432.8829081226798,450.33185504022316,17.448946917543367,True,0
2397,2015-07-14,462.32,447.82008887214135,-14.499911127858638,14.499911127858638,6.723469265502757,9.332247294948672,0.03000000000000486,0.03000000000000581,True,False,441.09661960663857,457.15233616709,16.055716560451458,False,1
2398,2015-07-15,463.04,461.6581061652565,-1.3818938347434937,1.3818938347434937,6.38233882120187,inf,0.03500000000000486,-0.06499999999999419,True,True,455.27576734405466,inf,inf,True,0
2399,2015-07-16,465.5,462.8024885118334,-2.697511488166583,2.697511488166583,5.937233423078084,inf,0.040000000000004865,-0.05999999999999418,True,True,456.86525508875536,inf,inf,True,0
2400,2015-07-17,477.7,465.2042528112212,-12.495747188778807,12.495747188778807,5.491396381162531,inf,0.04500000000000487,-0.05499999999999418,True,True,459.71285643005865,inf,inf,True,0
2401,2015-07-20,492.57,477.1013133732379,-15.468686626762121,15.468686626762121,5.2353533948385795,inf,0.050000000000004874,-0.049999999999994174,True,True,471.8659599783993,inf,inf,True,0
2402,2015-07-21,487.9,491.9047251256811,4.004725125681148,-4.004725125681148,5.005796375527723,inf,0.05500000000000488,-0.04499999999999417,True,True,486.8989287501534,inf,inf,True,0
2403,2015-07-22,485.99,487.8366178603069,1.8466178603068784,-1.8466178603068784,4.835604855254985,inf,0.06000000000000488,-0.039999999999994165,True,True,483.0010130050519,inf,inf,True,0
2404,2015-07-23,491.66,485.8334292025121,-5.826570797487932,5.826570797487932,4.639087518782077,inf,0.06500000000000489,-0.03499999999999416,True,True,481.19434168373004,inf,inf,True,0
2405,2015-07-24,578.99,491.27269922654096,-87.71730077345904,87.71730077345904,4.454095901180565,inf,0.07000000000000489,-0.02999999999999416,True,True,486.8186033253604,inf,inf,True,0
2406,2015-07-27,527.75,576.02861139679,48.278611396789984,-48.278611396789984,4.28487787288131,inf,0.0750000000000049,-0.02499999999999416,False,True,571.7437335239086,inf,inf,False,1
2407,2015-07-28,536.0,529.3443441832051,-6.655655816794933,6.655655816794933,inf,inf,-0.019999999999995105,-0.019999999999994158,True,True,-inf,inf,inf,True,0
2408,2015-07-29,530.92,535.4781469879616,4.558146987961663,-4.558146987961663,inf,inf,-0.014999999999995104,-0.014999999999994157,True,True,-inf,inf,inf,True,0
2409,2015-07-30,527.65,530.9293197350647,3.279319735064746,-3.279319735064746,inf,inf,-0.009999999999995103,-0.009999999999994156,True,True,-inf,inf,inf,True,0
2410,2015-07-31,539.09,527.5778807780486,-11.51211922195148,11.51211922195148,inf,inf,-0.004999999999995102,-0.004999999999994155,True,True,-inf,inf,inf,True,0
2411,2015-08-03,537.45,538.4488586594946,0.9988586594945446,-0.9988586594945446,inf,inf,4.898859096158503e-15,5.84601811404184e-15,True,True,-inf,inf,inf,True,0
2412,2015-08-04,529.69,537.3298330847958,7.639833084795782,-7.639833084795782,13.346301063550015,43.55,0.0050000000000049,0.005000000000005847,True,True,523.9835320212458,580.8798330847958,56.89630106355003,True,0
2413,2015-08-05,538.8,529.7947525222639,-9.00524747773602,9.00524747773602,10.352954255708198,41.612076318755726,0.0100000000000049,0.010000000000005848,True,True,519.4417982665557,571.4068288410197,51.96503057446398,True,0
2414,2015-08-06,539.3,538.2483585725156,-1.0516414274843555,1.0516414274843555,8.72131187731074,17.118488921674782,0.015000000000004902,0.015000000000005849,True,True,529.5270466952048,555.3668474941903,25.839800798985493,True,0
2415,2015-08-07,529.16,539.0931714009697,9.93317140096974,-9.93317140096974,7.9171963619482995,12.403943335151723,0.020000000000004903,0.02000000000000585,False,True,531.1759750390214,551.4971147361214,20.321139697099966,False,1
2416,2015-08-10,528.52,529.3567873351706,0.8367873351705839,-0.8367873351705839,inf,10.59916504666296,-0.0749999999999951,0.02500000000000585,True,True,-inf,539.9559523818335,inf,True,0
2417,2015-08-11,523.65,528.3464557793023,4.696455779302369,-4.696455779302369,inf,9.653158031471548,-0.0699999999999951,0.030000000000005852,True,True,-inf,537.9996138107739,inf,True,0
2418,2015-08-12,523.75,523.6382021095089,-0.11179789049106148,0.11179789049106148,inf,8.918752328823757,-0.06499999999999509,0.03500000000000585,True,True,-inf,532.5569544383327,inf,True,0
2419,2015-08-13,527.37,523.5433971953825,-3.8266028046175506,3.8266028046175506,inf,7.957321863981775,-0.059999999999995085,0.04000000000000585,True,True,-inf,531.5007190593642,inf,True,0
2420,2015-08-14,528.25,527.027896906163,-1.2221030938369495,1.2221030938369495,inf,7.465538085534604,-0.05499999999999508,0.045000000000005855,True,True,-inf,534.4934349916977,inf,True,0
2421,2015-08-17,531.29,528.0163415805583,-3.273658419441631,3.273658419441631,inf,7.075858099101708,-0.049999999999995076,0.05000000000000586,True,True,-inf,535.0921996796601,inf,True,0
2422,2015-08-18,535.04,530.9727569223465,-4.067243077653416,4.067243077653416,inf,6.756284268523473,-0.04499999999999507,0.055000000000005864,True,True,-inf,537.72904119087,inf,True,0
2423,2015-08-19,533.74,534.6973723720637,0.9573723720636735,-0.9573723720636735,inf,6.519453243072064,-0.03999999999999507,0.06000000000000587,True,True,-inf,541.2168256151358,inf,True,0
2424,2015-08-20,530.39,533.5942790862097,3.204279086209681,-3.204279086209681,inf,6.1655695249492055,-0.03499999999999506,0.06500000000000587,True,True,-inf,539.7598486111589,inf,True,0
2425,2015-08-21,507.36,530.3207978605463,22.960797860546336,-22.960797860546336,inf,5.9415845245279115,-0.029999999999995062,0.07000000000000588,True,True,-inf,536.2623823850743,inf,True,0
2426,2015-08-24,463.58,508.02299274458306,44.44299274458308,-44.44299274458308,inf,5.672034865333387,-0.02499999999999506,0.07500000000000588,True,True,-inf,513.6950276099165,inf,True,0
2427,2015-08-25,487.49,464.8599415595236,-22.630058440476432,22.630058440476432,inf,5.427564045489987,-0.01999999999999506,0.08000000000000589,True,False,-inf,470.28750560501356,inf,False,1
2428,2015-08-26,484.02,486.33852310679345,2.3185231067934637,-2.3185231067934637,inf,inf,-0.014999999999995059,-0.014999999999994115,True,True,-inf,inf,inf,True,0
2429,2015-08-27,513.71,483.9205516028205,-29.789448397179513,29.789448397179513,inf,inf,-0.009999999999995058,-0.009999999999994114,True,True,-inf,inf,inf,True,0
2430,2015-08-28,517.5,512.2867590657448,-5.213240934255168,5.213240934255168,inf,inf,-0.004999999999995057,-0.004999999999994113,True,True,-inf,inf,inf,True,0
2431,2015-08-31,516.44,517.1782888569312,0.738288856931149,-0.738288856931149,inf,inf,4.9439619065339e-15,5.887651477465283e-15,True,True,-inf,inf,inf,True,0
2432,2015-09-01,499.14,516.2717152156326,17.131715215632653,-17.131715215632653,13.72033565449459,43.55,0.005000000000004945,0.005000000000005889,False,True,502.55137956113805,559.8217152156326,57.270335654494545,False,1
2433,2015-09-02,505.09,499.57968781223803,-5.51031218776194,5.51031218776194,inf,41.612076318755726,-0.08999999999999506,0.01000000000000589,True,True,-inf,541.1917641309938,inf,True,0
2434,2015-09-03,514.5,504.6158878678049,-9.884112132195128,9.884112132195128,inf,22.630058440476432,-0.08499999999999505,0.01500000000000589,True,True,-inf,527.2459463082813,inf,True,0
2435,2015-09-04,497.65,513.9167692434137,16.266769243413705,-16.266769243413705,inf,12.495747188778807,-0.07999999999999505,0.02000000000000589,True,True,-inf,526.4125164321924,inf,True,0
2436,2015-09-08,508.69,498.08495834033084,-10.605041659669155,10.605041659669155,inf,11.13140085807197,-0.07499999999999504,0.025000000000005893,True,True,-inf,509.2163591984028,inf,True,0
2437,2015-09-09,524.0,508.0140602168732,-15.98593978312681,15.98593978312681,inf,9.884112132195128,-0.06999999999999504,0.030000000000005893,True,False,-inf,517.8981723490683,inf,False,1
2438,2015-09-10,515.15,523.1751161195627,8.025116119562767,-8.025116119562767,inf,inf,-0.06499999999999503,-0.0649999999999941,True,True,-inf,inf,inf,True,0
2439,2015-09-11,521.07,515.2804380095362,-5.789561990463881,5.789561990463881,inf,inf,-0.05999999999999503,-0.0599999999999941,True,True,-inf,inf,inf,True,0
2440,2015-09-14,529.44,520.617709997554,-8.822290002446039,8.822290002446039,inf,inf,-0.054999999999995025,-0.054999999999994095,True,True,-inf,inf,inf,True,0
2441,2015-09-15,523.25,528.8936562369271,5.643656236927086,-5.643656236927086,inf,inf,-0.04999999999999502,-0.04999999999999409,True,True,-inf,inf,inf,True,0
2442,2015-09-16,521.98,523.2803526263352,1.3003526263352114,-1.3003526263352114,inf,inf,-0.044999999999995016,-0.044999999999994086,True,True,-inf,inf,inf,True,0
2443,2015-09-17,526.98,521.8171756615455,-5.16282433845447,5.16282433845447,inf,inf,-0.03999999999999501,-0.03999999999999408,True,True,-inf,inf,inf,True,0
2444,2015-09-18,534.62,526.567701239046,-8.052298760954045,8.052298760954045,inf,inf,-0.03499999999999501,-0.03499999999999408,True,True,-inf,inf,inf,True,0
2445,2015-09-21,544.33,534.1038147361401,-10.226185263859975,10.226185263859975,inf,inf,-0.029999999999995006,-0.029999999999994077,True,True,-inf,inf,inf,True,0
2446,2015-09-22,539.71,543.7371135177095,4.027113517709495,-4.027113517709495,inf,inf,-0.024999999999995005,-0.024999999999994076,True,True,-inf,inf,inf,True,0
2447,2015-09-23,538.3,539.6842961265877,1.384296126587742,-1.384296126587742,inf,inf,-0.019999999999995004,-0.019999999999994075,True,True,-inf,inf,inf,True,0
2448,2015-09-24,530.55,538.1500203485499,7.600020348549947,-7.600020348549947,inf,inf,-0.014999999999995003,-0.014999999999994074,True,True,-inf,inf,inf,True,0
2449,2015-09-25,542.57,530.6435952188773,-11.926404781122756,11.926404781122756,inf,inf,-0.009999999999995002,-0.009999999999994073,True,True,-inf,inf,inf,True,0
2450,2015-09-28,520.02,541.881857017462,21.861857017462057,-21.861857017462057,inf,inf,-0.0049999999999950015,-0.004999999999994072,True,True,-inf,inf,inf,True,0
2451,2015-09-29,506.0,520.6953095354022,14.695309535402203,-14.695309535402203,inf,inf,4.999473057765158e-15,5.929284840888727e-15,True,True,-inf,inf,inf,True,0
2452,2015-09-30,505.44,506.3291415043578,0.8891415043577808,-0.8891415043577808,15.648951520661825,43.55,0.0050000000000050004,0.00500000000000593,True,True,490.680189983696,549.8791415043578,59.19895152066181,True,0
2453,2015-10-01,511.0,505.2394067257437,-5.76059327425628,5.76059327425628,11.714392023366656,41.612076318755726,0.010000000000005001,0.010000000000005931,True,True,493.52501470237706,546.8514830444994,53.32646834212238,True,0
2454,2015-10-02,512.99,510.55506716325306,-2.4349328367469525,2.4349328367469525,9.710274197597869,22.630058440476432,0.015000000000005002,0.015000000000005932,True,True,500.8447929656552,533.1851256037295,32.3403326380743,True,0
2455,2015-10-05,536.99,512.6859431865275,-24.30405681347247,24.30405681347247,8.324593033907718,12.495747188778807,0.020000000000005003,0.020000000000005933,True,False,504.3613501526198,525.1816903753063,20.820340222686468,False,1
2456,2015-10-06,545.5,535.8073526935369,-9.692647306463073,9.692647306463073,7.639833084795782,inf,0.025000000000005004,-0.07499999999999407,True,True,528.1675196087411,inf,inf,True,0
2457,2015-10-07,541.79,544.955759115243,3.165759115243077,-3.165759115243077,7.101294528237247,inf,0.030000000000005005,-0.06999999999999407,True,True,537.8544645870059,inf,inf,True,0
2458,2015-10-08,536.71,541.7226683971912,5.012668397191192,-5.012668397191192,6.695297591312965,inf,0.035000000000005006,-0.06499999999999406,True,True,535.0273708058783,inf,inf,True,0
2459,2015-10-09,534.48,536.6952528169066,2.2152528169066272,-2.2152528169066272,6.2876329013486725,inf,0.040000000000005004,-0.05999999999999406,True,True,530.4076199155579,inf,inf,True,0
2460,2015-10-12,539.96,534.3532302425469,-5.606769757453094,5.606769757453094,5.879998818175238,inf,0.04500000000000501,-0.054999999999994054,True,True,528.4732314243718,inf,inf,True,0
2461,2015-10-13,546.26,539.533072286581,-6.726927713418945,6.726927713418945,5.391432967547246,inf,0.05000000000000501,-0.04999999999999405,True,True,534.1416393190339,inf,inf,True,0
2462,2015-10-14,551.34,545.8016162410939,-5.538383758906093,5.538383758906093,5.1773635474714865,inf,0.05500000000000502,-0.044999999999994045,True,True,540.6242526936225,inf,inf,True,0
2463,2015-10-15,547.75,550.9328376301193,3.182837630119252,-3.182837630119252,4.976349735379813,inf,0.06000000000000502,-0.03999999999999404,True,True,545.9564878947394,inf,inf,True,0
2464,2015-10-16,565.27,547.6789470600153,-17.591052939984706,17.591052939984706,4.763917406499843,inf,0.06500000000000503,-0.034999999999994036,True,True,542.9150296535154,inf,inf,True,0
2465,2015-10-19,570.76,564.3767195719452,-6.383280428054832,6.383280428054832,4.568824098504905,inf,0.07000000000000503,-0.029999999999994035,True,True,559.8078954734402,inf,inf,True,0
2466,2015-10-20,572.0,570.3465899135174,-1.6534100864826087,1.6534100864826087,4.453839808780685,inf,0.07500000000000503,-0.024999999999994034,True,True,565.8927501047367,inf,inf,True,0
2467,2015-10-21,563.87,571.7567815278562,7.886781527856215,-7.886781527856215,4.201546547852786,inf,0.08000000000000504,-0.019999999999994033,False,True,567.5552349800034,inf,inf,False,1
2468,2015-10-22,562.7,563.9838064921311,1.2838064921310206,-1.2838064921310206,inf,inf,-0.014999999999994962,-0.014999999999994032,True,True,-inf,inf,inf,True,0
2469,2015-10-23,617.68,562.5460676297919,-55.13393237020807,55.13393237020807,inf,inf,-0.00999999999999496,-0.009999999999994031,True,True,-inf,inf,inf,True,0
2470,2015-10-26,602.3,615.2766076180816,12.97660761808163,-12.97660761808163,inf,inf,-0.00499999999999496,-0.00499999999999403,True,True,-inf,inf,inf,True,0
2471,2015-10-27,608.6,602.6785156149508,-5.921484385049212,5.921484385049212,inf,inf,5.0411064211886014e-15,5.97091820431217e-15,True,True,-inf,inf,inf,True,0
2472,2015-10-28,612.3,608.1876527749386,-4.112347225061399,4.112347225061399,15.648951520661825,43.76,0.005000000000005042,0.005000000000005972,True,True,592.5387012542767,651.9476527749385,59.408951520661844,True,0
2473,2015-10-29,617.7,611.9832539548175,-5.716746045182504,5.716746045182504,12.198762425887196,42.19,0.010000000000005043,0.010000000000005973,True,True,599.7844915289304,654.1732539548175,54.38876242588708,True,0
2474,2015-10-30,626.01,617.3211197098582,-8.68888029014181,8.68888029014181,9.710274197597869,24.30405681347247,0.015000000000005044,0.015000000000005974,True,True,607.6108455122603,641.6251765233307,34.01433101107034,True,0
2475,2015-11-02,627.13,625.5201626353241,-1.6098373646758546,1.6098373646758546,8.426878189461377,12.844833471415882,0.020000000000005045,0.020000000000005975,True,True,617.0932844458628,638.36499610674,21.27171166087726,True,0
2476,2015-11-03,629.53,626.9308172090817,-2.599182790918235,2.599182790918235,7.64877024649121,11.52921809833174,0.025000000000005046,0.025000000000005976,True,True,619.2820469625906,638.4600353074135,19.177988344822893,True,0
2477,2015-11-04,627.76,629.2853524030186,1.5253524030185872,-1.5253524030185872,7.141061335580559,10.230103404458646,0.030000000000005047,0.030000000000005977,True,True,622.144291067438,639.5154558074772,17.371164740039262,True,0
2478,2015-11-05,647.1,627.6799715983374,-19.42002840166265,19.42002840166265,6.6977155908663235,9.482862958331168,0.03500000000000505,0.03500000000000598,True,False,620.982256007471,637.1628345566685,16.180578549197435,False,1
2479,2015-11-06,655.0,646.1807789907884,-8.81922100921156,8.81922100921156,6.300506514521345,inf,0.040000000000005045,-0.05999999999999402,True,True,639.8802724762671,inf,inf,True,0
2480,2015-11-09,658.65,654.5507427679295,-4.099257232070499,4.099257232070499,5.9015102107764505,inf,0.04500000000000505,-0.054999999999994026,True,True,648.649232557153,inf,inf,True,0
2481,2015-11-10,653.0,658.3837281696495,5.383728169649544,-5.383728169649544,5.399616352598684,inf,0.050000000000005054,-0.04999999999999402,True,True,652.9841118170509,inf,inf,True,0
2482,2015-11-11,663.25,653.0996877176474,-10.150312282352616,10.150312282352616,5.231242114160295,inf,0.05500000000000506,-0.04499999999999402,True,True,647.8684456034871,inf,inf,True,0
2483,2015-11-12,673.0,662.7256258793462,-10.27437412065376,10.27437412065376,5.005796375527723,inf,0.06000000000000506,-0.03999999999999401,True,True,657.7198295038186,inf,inf,True,0
2484,2015-11-13,663.57,672.5011016382196,8.931101638219502,-8.931101638219502,4.831146649804751,inf,0.06500000000000507,-0.03499999999999401,False,True,667.6699549884148,inf,inf,False,1
2485,2015-11-16,640.92,663.8265622870344,22.90656228703449,-22.90656228703449,inf,inf,-0.029999999999994933,-0.029999999999994007,True,True,-inf,inf,inf,True,0
2486,2015-11-17,650.65,641.673669111491,-8.976330888508983,8.976330888508983,inf,inf,-0.024999999999994933,-0.024999999999994006,True,True,-inf,inf,inf,True,0
2487,2015-11-18,646.51,650.1487907295334,3.6387907295334116,-3.6387907295334116,inf,inf,-0.01999999999999493,-0.019999999999994005,True,True,-inf,inf,inf,True,0
2488,2015-11-19,664.99,646.5299269449647,-18.46007305503531,18.46007305503531,inf,inf,-0.01499999999999493,-0.014999999999994004,True,True,-inf,inf,inf,True,0
2489,2015-11-20,663.95,664.122444184257,0.1724441842569604,-0.1724441842569604,inf,inf,-0.00999999999999493,-0.009999999999994003,True,True,-inf,inf,inf,True,0
2490,2015-11-23,671.5,663.8610683880255,-7.638931611974499,7.638931611974499,inf,inf,-0.004999999999994929,-0.004999999999994002,True,True,-inf,inf,inf,True,0
2491,2015-11-24,674.14,671.0853379265719,-3.0546620734280623,3.0546620734280623,inf,inf,5.072331443756184e-15,5.998673779927799e-15,True,True,-inf,inf,inf,True,0
2492,2015-11-25,675.0,673.9228196423636,-1.0771803576363936,1.0771803576363936,16.266769243413705,43.76,0.005000000000005073,0.005000000000006,True,True,657.6560503989499,717.6828196423636,60.026769243413696,True,0
2493,2015-11-27,680.8,674.8575503006548,-5.942449699345161,5.942449699345161,12.501411788758048,42.19,0.010000000000005074,0.010000000000006,True,True,662.3561385118967,717.0475503006548,54.69141178875816,True,0
2494,2015-11-30,675.9,680.4652677432093,4.565267743209347,-4.565267743209347,9.91020213890016,24.30405681347247,0.015000000000005075,0.015000000000006002,True,True,670.5550656043092,704.7693245566818,34.214258952372575,True,0
2495,2015-12-01,673.75,675.9868521039584,2.2368521039584266,-2.2368521039584266,8.52262168284659,13.725655545674073,0.020000000000005076,0.020000000000006003,True,True,667.4642304211118,689.7125076496325,22.248277228520692,True,0
2496,2015-12-02,681.0,673.7281443684722,-7.271855631527842,7.271855631527842,7.7865428671156565,11.586417839457766,0.025000000000005077,0.025000000000006004,True,True,665.9416015013564,685.31456220793,19.372960706573508,True,0
2497,2015-12-03,679.44,680.605114019088,1.1651140190879232,-1.1651140190879232,7.206149293916951,10.27437412065376,0.030000000000005078,0.030000000000006005,True,True,673.398964725171,690.8794881397417,17.480523414570712,True,0
2498,2015-12-04,666.0,679.3935439829462,13.393543982946198,-13.393543982946198,6.70560392513562,9.653158031471548,0.03500000000000508,0.035000000000006005,False,True,672.6879400578106,689.0467020144177,16.358761956607168,False,1
2499,2015-12-07,674.74,666.4141162662944,-8.32588373370561,8.32588373370561,inf,8.928094044835348,-0.05999999999999492,0.040000000000006,True,True,-inf,675.3422103111297,inf,True,0
2500,2015-12-08,663.13,674.2805361295258,11.15053612952579,-11.15053612952579,inf,8.43241410940513,-0.054999999999994914,0.04500000000000601,True,True,-inf,682.712950238931,inf,True,0
2501,2015-12-09,678.0,663.4641103442289,-14.535889655771143,14.535889655771143,inf,7.586408126159938,-0.04999999999999491,0.05000000000000601,True,False,-inf,671.0505184703889,inf,False,1
2502,2015-12-10,665.59,677.2802460216994,11.690246021699409,-11.690246021699409,inf,inf,-0.044999999999994905,-0.04499999999999399,True,True,-inf,inf,inf,True,0
2503,2015-12-11,651.23,665.9641916148157,14.7341916148157,-14.7341916148157,inf,inf,-0.0399999999999949,-0.039999999999993985,True,True,-inf,inf,inf,True,0
2504,2015-12-14,641.75,651.6692584013543,9.919258401354341,-9.919258401354341,inf,inf,-0.034999999999994896,-0.03499999999999398,True,True,-inf,inf,inf,True,0
2505,2015-12-15,665.03,641.9788276869057,-23.0511723130943,23.0511723130943,inf,inf,-0.029999999999994895,-0.02999999999999398,True,True,-inf,inf,inf,True,0
2506,2015-12-16,663.56,663.9386847538256,0.37868475382560973,-0.37868475382560973,inf,inf,-0.024999999999994894,-0.02499999999999398,True,True,-inf,inf,inf,True,0
2507,2015-12-17,680.0,663.46951526636,-16.530484733640037,16.530484733640037,inf,inf,-0.019999999999994893,-0.019999999999993977,True,True,-inf,inf,inf,True,0
2508,2015-12-18,668.65,679.2051741715534,10.555174171553404,-10.555174171553404,inf,inf,-0.014999999999994892,-0.014999999999993976,True,True,-inf,inf,inf,True,0
2509,2015-12-21,668.5,668.9800361477786,0.4800361477786055,-0.4800361477786055,inf,inf,-0.009999999999994891,-0.009999999999993976,True,True,-inf,inf,inf,True,0
2510,2015-12-22,666.83,668.3783246513636,1.5483246513636004,-1.5483246513636004,inf,inf,-0.0049999999999948905,-0.0049999999999939745,True,True,-inf,inf,inf,True,0
2511,2015-12-23,666.5,666.7654295653242,0.2654295653242116,-0.2654295653242116,inf,inf,5.110495360227674e-15,6.026429355543428e-15,True,True,-inf,inf,inf,True,0
2512,2015-12-24,663.35,666.3795375748085,3.0295375748085007,-3.0295375748085007,16.266769243413705,43.76,0.0050000000000051115,0.005000000000006027,True,True,650.1127683313948,710.1395375748085,60.026769243413696,True,0
2513,2015-12-28,665.56,663.3404526028879,-2.2195473971120236,2.2195473971120236,12.728566661525036,41.612076318755726,0.010000000000005112,0.010000000000006028,True,True,650.6118859413629,704.9525289216436,54.34064298028079,True,0
2514,2015-12-29,677.98,665.3325738113342,-12.647426188665804,12.647426188665804,10.352954255708198,24.30405681347247,0.015000000000005113,0.01500000000000603,True,True,654.979619555626,689.6366306248067,34.657011069180726,True,0
2515,2015-12-30,691.89,677.3412482351705,-14.54875176482949,14.54875176482949,8.80797472763895,14.499911127858638,0.020000000000005114,0.02000000000000603,True,False,668.5332735075316,691.8411593630292,23.307885855497602,False,1
2516,2015-12-31,686.08,691.2059034587782,5.125903458778112,-5.125903458778112,8.025116119562767,inf,0.025000000000005115,-0.07499999999999397,True,True,683.1807873392154,inf,inf,True,0
2517,2016-01-04,656.29,686.1975895058232,29.90758950582324,-29.90758950582324,7.494737428946451,inf,0.030000000000005116,-0.06999999999999397,False,True,678.7028520768768,inf,inf,False,1
2518,2016-01-05,646.86,657.3308069850444,10.470806985044419,-10.470806985044419,inf,inf,-0.06499999999999488,-0.06499999999999397,True,True,-inf,inf,inf,True,0
2519,2016-01-06,622.0,647.0946702460058,25.094670246005762,-25.094670246005762,inf,inf,-0.05999999999999488,-0.05999999999999396,True,True,-inf,inf,inf,True,0
2520,2016-01-07,621.8,622.7826777858526,0.9826777858526157,-0.9826777858526157,inf,inf,-0.05499999999999487,-0.054999999999993957,True,True,-inf,inf,inf,True,0
2521,2016-01-08,619.66,621.6106316249968,1.950631624996845,-1.950631624996845,inf,inf,-0.04999999999999487,-0.04999999999999395,True,True,-inf,inf,inf,True,0
2522,2016-01-11,612.48,619.5553980622054,7.075398062205409,-7.075398062205409,inf,inf,-0.044999999999994864,-0.04499999999999395,True,True,-inf,inf,inf,True,0
2523,2016-01-12,625.25,612.5673297845914,-12.68267021540862,12.68267021540862,inf,inf,-0.03999999999999486,-0.03999999999999394,True,True,-inf,inf,inf,True,0
2524,2016-01-13,620.88,624.5454097288987,3.6654097288986804,-3.6654097288986804,inf,inf,-0.034999999999994855,-0.03499999999999394,True,True,-inf,inf,inf,True,0
2525,2016-01-14,580.25,620.8702391132514,40.62023911325139,-40.62023911325139,inf,inf,-0.029999999999994854,-0.029999999999993938,True,True,-inf,inf,inf,True,0
2526,2016-01-15,572.24,581.5942700262704,9.354270026270342,-9.354270026270342,inf,inf,-0.024999999999994853,-0.024999999999993937,True,True,-inf,inf,inf,True,0
2527,2016-01-19,577.09,572.3337443726389,-4.756255627361156,4.756255627361156,inf,inf,-0.019999999999994852,-0.019999999999993936,True,True,-inf,inf,inf,True,0
2528,2016-01-20,564.36,576.6818975718218,12.32189757182175,-12.32189757182175,inf,inf,-0.01499999999999485,-0.014999999999993935,True,True,-inf,inf,inf,True,0
2529,2016-01-21,573.58,564.624596494353,-8.955403505647041,8.955403505647041,inf,inf,-0.00999999999999485,-0.009999999999993934,True,True,-inf,inf,inf,True,0
2530,2016-01-22,588.73,572.992749456754,-15.737250543245977,15.737250543245977,inf,inf,-0.004999999999994849,-0.004999999999993933,True,True,-inf,inf,inf,True,0
2531,2016-01-25,597.99,587.9060228245577,-10.083977175442328,10.083977175442328,inf,inf,5.152128723651117e-15,6.068062718966871e-15,True,True,-inf,inf,inf,True,0
2532,2016-01-26,603.45,597.4078443356373,-6.042155664362781,6.042155664362781,20.037081608587158,43.76,0.005000000000005153,0.005000000000006069,True,True,577.3707627270501,641.1678443356373,63.79708160858718,True,0
2533,2016-01-27,601.99,603.0253784755248,1.0353784755247943,-1.0353784755247943,13.346056464726985,41.612076318755726,0.010000000000005154,0.01000000000000607,True,True,589.6793220107978,644.6374547942805,54.95813278348271,True,0
2534,2016-01-28,608.37,601.8351058677003,-6.534894132299655,6.534894132299655,10.92408695002726,24.30405681347247,0.015000000000005155,0.015000000000006071,True,True,590.9110189176731,626.1391626811728,35.2281437634997,True,0
2535,2016-01-29,571.98,607.9147563102615,35.93475631026149,-35.93475631026149,9.611331133468127,14.54875176482949,0.020000000000005156,0.020000000000006072,False,True,598.3034251767933,622.463508075091,24.160082898297674,False,1
2536,2016-02-01,578.15,573.136970580477,-5.013029419522923,5.013029419522923,inf,12.403943335151723,-0.07499999999999485,0.025000000000006073,True,True,-inf,585.5409139156288,inf,True,0
2537,2016-02-02,570.0,577.6840003754926,7.684000375492587,-7.684000375492587,inf,10.605041659669155,-0.06999999999999484,0.030000000000006074,True,True,-inf,588.2890420351617,inf,True,0
2538,2016-02-03,553.5,570.0931815044285,16.593181504428458,-16.593181504428458,inf,10.101439217860275,-0.06499999999999484,0.035000000000006075,True,True,-inf,580.1946207222887,inf,True,0
2539,2016-02-04,525.0,553.9020510523171,28.90205105231712,-28.90205105231712,inf,9.219771232147934,-0.059999999999994835,0.04000000000000607,True,True,-inf,563.121822284465,inf,True,0
2540,2016-02-05,529.28,525.81046124449,-3.469538755509916,3.469538755509916,inf,8.855407630738071,-0.05499999999999483,0.04500000000000608,True,True,-inf,534.6658688752282,inf,True,0
2541,2016-02-08,486.47,528.8534738044783,42.383473804478285,-42.383473804478285,inf,7.943669305953904,-0.049999999999994826,0.05000000000000608,True,True,-inf,536.7971431104322,inf,True,0
2542,2016-02-09,478.01,487.8290451925507,9.819045192550732,-9.819045192550732,inf,7.465538085534604,-0.04499999999999482,0.055000000000006086,True,True,-inf,495.2945832780853,inf,True,0
2543,2016-02-10,491.76,477.95332531885526,-13.806674681144727,13.806674681144727,inf,7.112467262740665,-0.03999999999999482,0.06000000000000609,True,False,-inf,485.06579258159593,inf,False,1
2544,2016-02-11,491.17,490.96299244661253,-0.20700755338748422,0.20700755338748422,inf,inf,-0.03499999999999481,-0.03499999999999391,True,True,-inf,inf,inf,True,0
2545,2016-02-12,510.7,490.96616838847785,-19.733831611522135,19.733831611522135,inf,inf,-0.029999999999994812,-0.02999999999999391,True,True,-inf,inf,inf,True,0
2546,2016-02-16,519.48,509.6878960829203,-9.792103917079714,9.792103917079714,inf,inf,-0.02499999999999481,-0.02499999999999391,True,True,-inf,inf,inf,True,0
2547,2016-02-17,528.74,518.9424110078801,-9.797588992119927,9.797588992119927,inf,inf,-0.01999999999999481,-0.019999999999993908,True,True,-inf,inf,inf,True,0
2548,2016-02-18,541.19,528.164324274026,-13.02567572597411,13.02567572597411,inf,inf,-0.01499999999999481,-0.014999999999993907,True,True,-inf,inf,inf,True,0
2549,2016-02-19,520.71,540.50074759269,19.790747592689968,-19.790747592689968,inf,inf,-0.009999999999994808,-0.009999999999993906,True,True,-inf,inf,inf,True,0
2550,2016-02-22,542.2,521.2518753472982,-20.948124652701836,20.948124652701836,inf,inf,-0.004999999999994807,-0.004999999999993905,True,True,-inf,inf,inf,True,0
2551,2016-02-23,555.55,541.0402090721615,-14.50979092783848,14.50979092783848,inf,inf,5.1937620870745604e-15,6.0958182945825e-15,True,True,-inf,inf,inf,True,0
2552,2016-02-24,545.75,554.846406960779,9.09640696077895,-9.09640696077895,22.90656228703449,43.76,0.005000000000005195,0.005000000000006097,True,True,531.9398446737445,598.6064069607789,66.66656228703448,True,0
2553,2016-02-25,555.52,545.9042423808742,-9.615757619125816,9.615757619125816,14.205106019693517,41.612076318755726,0.010000000000005196,0.010000000000006098,True,True,531.6991363611806,587.5163186996299,55.81718233844924,True,0
2554,2016-02-26,560.12,554.872428985494,-5.247571014505979,5.247571014505979,11.690246021699409,23.0511723130943,0.015000000000005197,0.015000000000006099,True,True,543.1821829637946,577.9236012985883,34.74141833479371,True,0
2555,2016-02-29,554.0,559.7212323221221,5.721232322122091,-5.721232322122091,9.922509939345616,14.960966199678893,0.020000000000005198,0.0200000000000061,True,True,549.7987223827765,574.682198521801,24.883476139024424,True,0
2556,2016-03-01,556.29,553.999013945856,-2.290986054144014,2.290986054144014,8.80797472763895,12.762369254078436,0.0250000000000052,0.0250000000000061,True,True,545.191039218217,566.7613831999344,21.570343981717315,True,0
2557,2016-03-02,581.75,555.9434879052538,-25.806512094746154,25.806512094746154,7.938907590292899,11.52006618403118,0.0300000000000052,0.0300000000000061,True,False,548.004580314961,567.463554089285,19.458973774324022,False,1
2558,2016-03-03,577.96,580.5170480591926,2.557048059192539,-2.557048059192539,7.494737428946451,inf,0.0350000000000052,-0.0649999999999939,True,True,573.0223106302461,inf,inf,True,0
2559,2016-03-04,581.07,577.915347486619,-3.154652513381052,3.154652513381052,6.909785013663168,inf,0.0400000000000052,-0.05999999999999389,True,True,571.0055624729558,inf,inf,True,0
2560,2016-03-07,573.54,580.7049018978346,7.164901897834625,-7.164901897834625,6.509623189394347,inf,0.0450000000000052,-0.05499999999999389,False,True,574.1952787084402,inf,inf,False,1
2561,2016-03-08,557.87,573.5948941807612,15.724894180761225,-15.724894180761225,inf,inf,-0.0499999999999948,-0.04999999999999388,True,True,-inf,inf,inf,True,0
2562,2016-03-09,559.56,558.2036147095861,-1.3563852904138685,1.3563852904138685,inf,inf,-0.044999999999994794,-0.04499999999999388,True,True,-inf,inf,inf,True,0
2563,2016-03-10,566.74,559.2189165371732,-7.521083462826823,7.521083462826823,inf,inf,-0.03999999999999479,-0.039999999999993874,True,True,-inf,inf,inf,True,0
2564,2016-03-11,566.95,566.2213815419458,-0.7286184580542567,0.7286184580542567,inf,inf,-0.034999999999994785,-0.03499999999999387,True,True,-inf,inf,inf,True,0
2565,2016-03-14,567.0,566.7104736876698,-0.28952631233016746,0.28952631233016746,inf,inf,-0.029999999999994784,-0.02999999999999387,True,True,-inf,inf,inf,True,0
2566,2016-03-15,571.0,566.7542426553193,-4.245757344680669,4.245757344680669,inf,inf,-0.024999999999994783,-0.024999999999993867,True,True,-inf,inf,inf,True,0
2567,2016-03-16,576.64,570.6026504659924,-6.037349534007603,6.037349534007603,inf,inf,-0.019999999999994782,-0.019999999999993866,True,True,-inf,inf,inf,True,0
2568,2016-03-17,569.51,576.1879314864906,6.677931486490593,-6.677931486490593,inf,inf,-0.014999999999994781,-0.014999999999993865,True,True,-inf,inf,inf,True,0
2569,2016-03-18,560.94,569.5479736412557,8.607973641255626,-8.607973641255626,inf,inf,-0.00999999999999478,-0.009999999999993864,True,True,-inf,inf,inf,True,0
2570,2016-03-21,548.91,561.0080140823641,12.098014082364102,-12.098014082364102,inf,inf,-0.0049999999999947795,-0.0049999999999938635,True,True,-inf,inf,inf,True,0
2571,2016-03-22,545.11,549.0988490047124,3.9888490047123923,-3.9888490047123923,inf,inf,5.221517662690189e-15,6.1374516580059435e-15,True,True,-inf,inf,inf,True,0
2572,2016-03-23,561.0,544.9807184958878,-16.0192815041122,16.0192815041122,22.90656228703449,43.76,0.0050000000000052225,0.005000000000006138,True,True,522.0741562088533,588.7407184958878,66.66656228703448,True,0
2573,2016-03-24,567.11,560.1308878755026,-6.979112124497419,6.979112124497419,14.695309535402203,41.612076318755726,0.010000000000005223,0.01000000000000614,True,True,545.4355783401004,601.7429641942583,56.30738585415793,True,0
2574,2016-03-28,584.4,566.6534318693972,-17.746568130602782,17.746568130602782,12.098014082364102,24.30405681347247,0.015000000000005224,0.01500000000000614,True,True,554.5554177870331,590.9574886828697,36.40207089583657,True,0
2575,2016-03-29,580.15,583.5075829852374,3.3575829852374,-3.3575829852374,10.094873795300316,15.98593978312681,0.020000000000005225,0.02000000000000614,True,True,573.412709189937,599.4935227683642,26.080813578427183,True,0
2576,2016-03-30,596.71,580.1003967502744,-16.609603249725637,16.609603249725637,8.82209149900882,12.844833471415882,0.025000000000005226,0.025000000000006142,True,False,571.2783052512656,592.9452302216903,21.666924970424702,False,1
2577,2016-03-31,599.28,595.8243960527258,-3.4556039472741986,3.4556039472741986,8.044417114314342,inf,0.030000000000005227,-0.06999999999999386,True,True,587.7799789384114,inf,inf,True,0
2578,2016-04-01,590.49,598.9854067094905,8.495406709490453,-8.495406709490453,7.600020348549947,inf,0.03500000000000523,-0.06499999999999385,False,True,591.3853863609405,inf,inf,False,1
2579,2016-04-04,599.0,590.5863908471972,-8.413609152802792,8.413609152802792,inf,inf,-0.05999999999999477,-0.05999999999999385,True,True,-inf,inf,inf,True,0
2580,2016-04-05,590.77,598.4176897490383,7.6476897490383635,-7.6476897490383635,inf,inf,-0.054999999999994775,-0.054999999999993845,True,True,-inf,inf,inf,True,0
2581,2016-04-06,587.52,590.8603449167714,3.3403449167714143,-3.3403449167714143,inf,inf,-0.04999999999999477,-0.04999999999999384,True,True,-inf,inf,inf,True,0
2582,2016-04-07,598.76,587.3832393188723,-11.376760681127735,11.376760681127735,inf,inf,-0.044999999999994766,-0.04499999999999384,True,True,-inf,inf,inf,True,0
2583,2016-04-08,594.32,598.0817308213166,3.761730821316519,-3.761730821316519,inf,inf,-0.03999999999999476,-0.03999999999999383,True,True,-inf,inf,inf,True,0
2584,2016-04-11,596.14,594.2723933859734,-1.867606614026613,1.867606614026613,inf,inf,-0.03499999999999476,-0.03499999999999383,True,True,-inf,inf,inf,True,0
2585,2016-04-12,598.4,595.821114477281,-2.5788855227190197,2.5788855227190197,inf,inf,-0.029999999999994757,-0.029999999999993827,True,True,-inf,inf,inf,True,0
2586,2016-04-13,607.68,598.0779949400473,-9.602005059952603,9.602005059952603,inf,inf,-0.024999999999994756,-0.024999999999993826,True,True,-inf,inf,inf,True,0
2587,2016-04-14,615.07,607.0918132622047,-7.97818673779534,7.97818673779534,inf,inf,-0.019999999999994755,-0.019999999999993825,True,True,-inf,inf,inf,True,0
2588,2016-04-15,621.92,614.5744018401824,-7.345598159817541,7.345598159817541,inf,inf,-0.014999999999994754,-0.014999999999993824,True,True,-inf,inf,inf,True,0
2589,2016-04-18,625.35,621.445545427093,-3.9044545729070705,3.9044545729070705,inf,inf,-0.009999999999994753,-0.009999999999993823,True,True,-inf,inf,inf,True,0
2590,2016-04-19,637.14,625.0073795312469,-12.132620468753089,12.132620468753089,inf,inf,-0.004999999999994752,-0.004999999999993822,True,True,-inf,inf,inf,True,0
2591,2016-04-20,630.0,636.4753144271843,6.475314427184344,-6.475314427184344,inf,inf,5.249273238305818e-15,6.179085021429387e-15,True,True,-inf,inf,inf,True,0
2592,2016-04-21,631.0,630.0723831974334,-0.9276168025666038,0.9276168025666038,22.90656228703449,43.76,0.00500000000000525,0.00500000000000618,True,True,607.1658209103989,673.8323831974334,66.66656228703448,True,0
2593,2016-04-22,624.47,630.7194551281124,6.249455128112345,-6.249455128112345,14.695309535402203,41.612076318755726,0.010000000000005251,0.010000000000006181,True,True,616.0241455927102,672.3315314468681,56.30738585415793,True,0
2594,2016-04-25,616.61,624.4902149028261,7.880214902826083,-7.880214902826083,12.098014082364102,24.30405681347247,0.015000000000005252,0.015000000000006182,True,True,612.392200820462,648.7942717162986,36.40207089583657,True,0
2595,2016-04-26,626.17,616.6570835167859,-9.512916483214099,9.512916483214099,10.094873795300316,16.0192815041122,0.020000000000005253,0.020000000000006183,True,True,606.5622097214855,632.6763650208981,26.114155299412573,True,0
2596,2016-04-27,611.8,625.5546585375574,13.754658537557475,-13.754658537557475,8.82209149900882,13.02567572597411,0.025000000000005254,0.025000000000006184,False,True,616.7325670385486,638.5803342635315,21.84776722498293,False,1
2597,2016-04-28,615.54,612.1305834415801,-3.409416558419821,3.409416558419821,inf,11.785986857519788,-0.06999999999999475,0.030000000000006185,True,True,-inf,623.9165702990999,inf,True,0
2598,2016-04-29,666.0,615.1238981345731,-50.876101865426904,50.876101865426904,inf,10.44679085219019,-0.06499999999999474,0.035000000000006186,True,False,-inf,625.5706889867633,inf,False,1
2599,2016-05-02,663.92,663.7980445336436,-0.12195546635632581,0.12195546635632581,inf,inf,-0.05999999999999474,-0.059999999999993815,True,True,-inf,inf,inf,True,0
2600,2016-05-03,677.36,663.867526769431,-13.492473230568976,13.492473230568976,inf,inf,-0.054999999999994734,-0.05499999999999382,True,True,-inf,inf,inf,True,0
2601,2016-05-04,662.59,676.6372640312243,14.047264031224245,-14.047264031224245,inf,inf,-0.04999999999999473,-0.04999999999999381,True,True,-inf,inf,inf,True,0
2602,2016-05-05,673.31,662.9722909160419,-10.337709083958089,10.337709083958089,inf,inf,-0.044999999999994725,-0.04499999999999381,True,True,-inf,inf,inf,True,0
2603,2016-05-06,656.05,672.6513847413328,16.601384741332822,-16.601384741332822,inf,inf,-0.03999999999999472,-0.039999999999993804,True,True,-inf,inf,inf,True,0
2604,2016-05-09,673.95,656.525054766713,-17.424945233287076,17.424945233287076,inf,inf,-0.034999999999994716,-0.0349999999999938,True,True,-inf,inf,inf,True,0
2605,2016-05-10,694.0,672.9808275543886,-21.01917244561139,21.01917244561139,inf,inf,-0.029999999999994715,-0.0299999999999938,True,True,-inf,inf,inf,True,0
2606,2016-05-11,705.79,693.0712799017465,-12.71872009825347,12.71872009825347,inf,inf,-0.024999999999994714,-0.024999999999993798,True,True,-inf,inf,inf,True,0
2607,2016-05-12,717.38,705.2128482056344,-12.167151794365623,12.167151794365623,inf,inf,-0.019999999999994713,-0.019999999999993797,True,True,-inf,inf,inf,True,0
2608,2016-05-13,714.64,716.8009196348104,2.160919634810398,-2.160919634810398,inf,inf,-0.014999999999994712,-0.014999999999993796,True,True,-inf,inf,inf,True,0
2609,2016-05-16,710.13,714.6084271270811,4.4784271270810905,-4.4784271270810905,inf,inf,-0.009999999999994711,-0.009999999999993795,True,True,-inf,inf,inf,True,0
2610,2016-05-17,709.9,710.1158588882424,0.21585888824245103,-0.21585888824245103,inf,inf,-0.00499999999999471,-0.004999999999993794,True,True,-inf,inf,inf,True,0
2611,2016-05-18,689.56,709.7159055840089,20.155905584008906,-20.155905584008906,inf,inf,5.290906601729262e-15,6.206840597045016e-15,True,True,-inf,inf,inf,True,0
2612,2016-05-19,691.88,690.1297553460471,-1.7502446539529046,1.7502446539529046,21.861857017462057,43.76,0.005000000000005292,0.005000000000006208,True,True,668.267898328585,733.8897553460471,65.62185701746205,True,0
2613,2016-05-20,701.05,691.5298772267505,-9.520122773249454,9.520122773249454,14.7341916148157,41.612076318755726,0.010000000000005293,0.010000000000006209,True,True,676.7956856119348,733.1419535455062,56.346267933571426,True,0
2614,2016-05-23,704.25,700.5142050253521,-3.735794974647888,3.735794974647888,12.501411788758048,24.30405681347247,0.015000000000005294,0.01500000000000621,True,True,688.012793236594,724.8182618388246,36.805468602230576,True,0
2615,2016-05-24,698.01,703.9679788777827,5.957978877782693,-5.957978877782693,10.455853776570734,16.609603249725637,0.020000000000005295,0.02000000000000621,True,True,693.512125101212,720.5775821275083,27.06545702629637,True,0
2616,2016-05-25,708.0,698.0644590258793,-9.935540974120727,9.935540974120727,9.09640696077895,13.725655545674073,0.025000000000005296,0.02500000000000621,True,True,688.9680520651003,711.7901145715533,22.822062506452994,True,0
2617,2016-05-26,708.33,707.410223825071,-0.9197761749290976,0.9197761749290976,8.426878189461377,12.167151794365623,0.030000000000005297,0.030000000000006213,True,True,698.9833456356096,719.5773756194366,20.594029983827,True,0
2618,2016-05-27,715.0,708.1617741717247,-6.838225828275313,6.838225828275313,7.684000375492587,11.13140085807197,0.0350000000000053,0.035000000000006214,True,True,700.4777737962321,719.2931750297967,18.815401233564558,True,0
2619,2016-05-31,712.33,714.5637756781923,2.2337756781922735,-2.2337756781922735,7.206149293916951,10.150312282352616,0.040000000000005295,0.04000000000000621,True,True,707.3576263842754,724.7140879605449,17.356461576269567,True,0
2620,2016-06-01,720.9,712.2694114515826,-8.630588548417336,8.630588548417336,6.734374582960811,9.615757619125816,0.0450000000000053,0.045000000000006216,True,True,705.5350368686218,721.8851690707085,16.350132202086684,True,0
2621,2016-06-02,720.97,720.3844228554638,-0.5855771445362734,0.5855771445362734,6.408928847169079,8.976330888508983,0.050000000000005304,0.05000000000000622,True,True,713.9754940082946,729.3607537439727,15.385259735678119,True,0
2622,2016-06-03,726.74,720.8172177512453,-5.922782248754743,5.922782248754743,6.026140789719079,8.598641752915853,0.05500000000000531,0.055000000000006224,True,True,714.7910769615262,729.4158595041611,14.624782542634875,True,0
2623,2016-06-06,726.5,726.3456645667509,-0.15433543324911625,0.15433543324911625,5.64943776497222,7.775193047983606,0.06000000000000531,0.06000000000000623,True,True,720.6962268017787,734.1208576147345,13.424630812955797,True,0
2624,2016-06-07,729.89,726.3544239889247,-3.53557601107525,3.53557601107525,5.3241256409770585,7.407676093026502,0.06500000000000532,0.06500000000000623,True,True,721.0302983479477,733.7621000819512,12.731801734003511,True,0
2625,2016-06-08,726.4,729.5882355336762,3.1882355336762203,-3.1882355336762203,5.029455179519971,7.075858099101708,0.07000000000000532,0.07000000000000624,True,True,724.5587803541562,736.6640936327778,12.10531327862168,True,0
2626,2016-06-09,723.1,726.3699960308525,3.2699960308524396,-3.2699960308524396,4.878840647066909,6.761397527125098,0.07500000000000533,0.07500000000000624,True,True,721.4911553837856,733.1313935579776,11.640238174192064,True,0
2627,2016-06-10,722.35,723.0372735904382,0.687273590438167,-0.687273590438167,4.692270027240724,6.534894132299655,0.08000000000000533,0.08000000000000625,True,True,718.3450035631975,729.5721677227378,11.227164159540393,True,0
2628,2016-06-13,714.01,722.1887147856012,8.178714785601187,-8.178714785601187,4.483608339694882,6.171438483048803,0.08500000000000534,0.08500000000000625,False,True,717.7051064459063,728.36015326865,10.65504682274377,False,1
2629,2016-06-14,712.33,714.1381848459412,1.8081848459411276,-1.8081848459411276,inf,5.97141547927032,-0.009999999999994666,0.09000000000000626,True,True,-inf,720.1096003252114,inf,True,0
2630,2016-06-15,722.0,712.177958411729,-9.822041588270963,9.822041588270963,inf,5.789561990463881,-0.004999999999994665,0.09500000000000626,True,False,-inf,717.9675204021929,inf,False,1
2631,2016-06-16,712.05,721.4387549618151,9.388754961815152,-9.388754961815152,inf,inf,5.336009412104659e-15,6.25888230132432e-15,True,True,-inf,inf,inf,True,0
2632,2016-06-17,718.19,712.2689719824205,-5.9210280175796015,5.9210280175796015,21.861857017462057,43.76,0.005000000000005337,0.00500000000000626,True,True,690.4071149649584,756.0289719824204,65.62185701746205,True,0
2633,2016-06-20,713.5,717.7337392284315,4.233739228431546,-4.233739228431546,14.7341916148157,41.612076318755726,0.010000000000005338,0.01000000000000626,True,True,702.9995476136158,759.3458155471873,56.346267933571426,True,0
2634,2016-06-21,715.72,713.5085788846902,-2.211421115309804,2.211421115309804,12.501411788758048,24.30405681347247,0.015000000000005339,0.015000000000006262,True,True,701.0071670959321,737.8126356981627,36.805468602230576,True,0
2635,2016-06-22,716.58,715.4286713369603,-1.1513286630397488,1.1513286630397488,10.455853776570734,16.609603249725637,0.02000000000000534,0.020000000000006263,True,True,704.9728175603896,732.0382745866859,27.06545702629637,True,0
2636,2016-06-23,715.5,716.3637314010012,0.863731401001246,-0.863731401001246,9.354270026270342,13.725655545674073,0.02500000000000534,0.025000000000006264,True,True,707.0094613747309,730.0893869466753,23.079925571944386,True,0
2637,2016-06-24,693.0,715.3526279815962,22.352627981596243,-22.352627981596243,8.426878189461377,12.132620468753089,0.030000000000005342,0.030000000000006265,False,True,706.9257497921349,727.4852484503493,20.559498658214466,False,1
2638,2016-06-27,692.01,693.6403279199861,1.6303279199861436,-1.6303279199861436,inf,10.727888731641656,-0.06499999999999466,0.03500000000000626,True,True,-inf,704.3682166516278,inf,True,0
2639,2016-06-28,700.0,691.764964225969,-8.235035774030962,8.235035774030962,inf,10.108808106815047,-0.059999999999994655,0.04000000000000627,True,True,-inf,701.873772332784,inf,True,0
2640,2016-06-29,715.75,699.4812888125666,-16.268711187433382,16.268711187433382,inf,9.615757619125816,-0.05499999999999465,0.04500000000000627,True,False,-inf,709.0970464316924,inf,False,1
2641,2016-06-30,717.2,714.968780190119,-2.231219809881054,2.231219809881054,inf,inf,-0.049999999999994646,-0.04999999999999373,True,True,-inf,inf,inf,True,0
2642,2016-07-01,717.32,716.9983386933308,-0.3216613066692844,0.3216613066692844,inf,inf,-0.04499999999999464,-0.044999999999993726,True,True,-inf,inf,inf,True,0
2643,2016-07-05,722.8,717.1252319657336,-5.674768034266322,5.674768034266322,inf,inf,-0.03999999999999464,-0.03999999999999372,True,True,-inf,inf,inf,True,0
2644,2016-07-06,725.71,722.3987736150743,-3.3112263849257033,3.3112263849257033,inf,inf,-0.03499999999999463,-0.03499999999999372,True,True,-inf,inf,inf,True,0
2645,2016-07-07,739.33,725.4260828504118,-13.90391714958821,13.90391714958821,inf,inf,-0.02999999999999463,-0.029999999999993716,True,True,-inf,inf,inf,True,0
2646,2016-07-08,740.14,738.6351720167697,-1.504827983230257,1.504827983230257,inf,inf,-0.02499999999999463,-0.024999999999993715,True,True,-inf,inf,inf,True,0
2647,2016-07-11,750.0,739.9740427413478,-10.02595725865217,10.02595725865217,inf,inf,-0.01999999999999463,-0.019999999999993714,True,True,-inf,inf,inf,True,0
2648,2016-07-12,756.86,749.4536242492785,-7.406375750721509,7.406375750721509,inf,inf,-0.014999999999994629,-0.014999999999993713,True,True,-inf,inf,inf,True,0
2649,2016-07-13,746.76,756.4657638765958,9.705763876595825,-9.705763876595825,inf,inf,-0.009999999999994628,-0.009999999999993712,True,True,-inf,inf,inf,True,0
2650,2016-07-14,748.86,746.9917674927804,-1.868232507219659,1.868232507219659,inf,inf,-0.004999999999994627,-0.004999999999993711,True,True,-inf,inf,inf,True,0
2651,2016-07-15,746.55,748.5752712539373,2.025271253937376,-2.025271253937376,inf,inf,5.374173328576148e-15,6.2901073238919025e-15,True,True,-inf,inf,inf,True,0
2652,2016-07-18,735.49,746.4695821980896,10.979582198089588,-10.979582198089588,22.352627981596243,43.76,0.005000000000005375,0.005000000000006291,True,True,724.1169542164934,790.2295821980896,66.11262798159623,True,0
2653,2016-07-19,732.5,735.716768897161,3.216768897161046,-3.216768897161046,14.962544374099338,41.612076318755726,0.010000000000005376,0.010000000000006292,True,True,720.7542245230617,777.3288452159168,56.57462069285509,True,0
2654,2016-07-20,744.0,732.3898514945608,-11.610148505439156,11.610148505439156,12.728566661525036,24.30405681347247,0.015000000000005377,0.015000000000006293,True,True,719.6612848330358,756.6939083080333,37.032623474997536,True,0
2655,2016-07-21,747.5,743.3674066751713,-4.13259332482869,4.13259332482869,10.470806985044419,16.530484733640037,0.020000000000005378,0.020000000000006294,True,True,732.8965996901269,759.8978914088113,27.001291718684456,True,0
2656,2016-07-22,747.79,747.2235236402797,-0.5664763597202409,0.5664763597202409,9.482504891545119,13.806674681144727,0.02500000000000538,0.025000000000006295,True,True,737.7410187487346,761.0301983214245,23.289179572689818,True,0
2657,2016-07-25,746.55,747.6115443391897,1.0615443391897088,-1.0615443391897088,8.52262168284659,12.403943335151723,0.03000000000000538,0.030000000000006296,True,True,739.0889226563431,760.0154876743413,20.9265650179982,True,0
2658,2016-07-26,742.71,746.4184008837564,3.708400883756326,-3.708400883756326,7.886781527856215,11.376760681127735,0.03500000000000538,0.0350000000000063,True,True,738.5316193559001,757.7951615648841,19.26354220898395,True,0
2659,2016-07-27,737.97,742.6686611825209,4.698661182520823,-4.698661182520823,7.410330130523505,10.226185263859975,0.04000000000000538,0.040000000000006294,True,True,735.2583310519974,752.8948464463808,17.636515394383423,True,0
2660,2016-07-28,745.98,737.950073228482,-8.029926771518035,8.029926771518035,6.842809183738666,9.692647306463073,0.04500000000000538,0.0450000000000063,True,True,731.1072640447433,747.642720534945,16.535456490201796,True,0
2661,2016-07-29,765.0,745.4753085186227,-19.524691481377317,19.524691481377317,6.492310138689447,9.146167242864522,0.05000000000000539,0.0500000000000063,True,False,738.9829983799332,754.6214757614872,15.638477381554026,False,1
2662,2016-08-01,759.87,764.1246409946939,4.254640994693887,-4.254640994693887,6.178922081967698,inf,0.05500000000000539,-0.0449999999999937,True,True,757.9457189127262,inf,inf,True,0
2663,2016-08-02,763.81,759.9486925524025,-3.8613074475974827,3.8613074475974827,5.758737841739219,inf,0.060000000000005396,-0.03999999999999369,True,True,754.1899547106632,inf,inf,True,0
2664,2016-08-03,757.06,763.4756871673748,6.415687167374813,-6.415687167374813,5.347819804782091,inf,0.0650000000000054,-0.03499999999999369,False,True,758.1278673625927,inf,inf,False,1
2665,2016-08-04,753.7,757.1529294426838,3.4529294426837396,-3.4529294426837396,inf,inf,-0.0299999999999946,-0.029999999999993688,True,True,-inf,inf,inf,True,0
2666,2016-08-05,764.81,753.6288597582845,-11.181140241715411,11.181140241715411,inf,inf,-0.0249999999999946,-0.024999999999993687,True,True,-inf,inf,inf,True,0
2667,2016-08-08,766.81,764.2026509547568,-2.6073490452431543,2.6073490452431543,inf,inf,-0.0199999999999946,-0.019999999999993686,True,True,-inf,inf,inf,True,0
2668,2016-08-09,767.39,766.597019965232,-0.792980034767993,0.792980034767993,inf,inf,-0.014999999999994598,-0.014999999999993685,True,True,-inf,inf,inf,True,0
2669,2016-08-10,769.8,767.2047429231627,-2.5952570768372425,2.5952570768372425,inf,inf,-0.009999999999994597,-0.009999999999993684,True,True,-inf,inf,inf,True,0
2670,2016-08-11,769.94,769.542128945115,-0.3978710548850586,0.3978710548850586,inf,inf,-0.004999999999994596,-0.004999999999993683,True,True,-inf,inf,inf,True,0
2671,2016-08-12,768.46,769.7736313995496,1.3136313995495357,-1.3136313995495357,inf,inf,5.405398351143731e-15,6.3178628995075314e-15,True,True,-inf,inf,inf,True,0
2672,2016-08-15,771.9,768.3467352372875,-3.5532647627125016,3.5532647627125016,22.352627981596243,43.76,0.005000000000005406,0.005000000000006319,True,True,745.9941072556912,812.1067352372875,66.11262798159623,True,0
2673,2016-08-16,768.62,771.5963331708587,2.976333170858652,-2.976333170858652,14.962544374099338,41.612076318755726,0.010000000000005407,0.01000000000000632,True,True,756.6337887967593,813.2084094896144,56.57462069285509,True,0
2674,2016-08-17,764.41,768.5834510609527,4.173451060952743,-4.173451060952743,12.501411788758048,23.0511723130943,0.015000000000005408,0.01500000000000632,True,True,756.0820392721946,791.634623374047,35.5525841018524,True,0
2675,2016-08-18,764.0,764.3848176738996,0.38481767389964716,-0.38481767389964716,10.470806985044419,16.609603249725637,0.02000000000000541,0.020000000000006322,True,True,753.9140106888552,780.9944209236253,27.080410234770056,True,0
2676,2016-08-19,761.9,763.826226280482,1.9262262804820693,-1.9262262804820693,9.482504891545119,13.90391714958821,0.02500000000000541,0.025000000000006323,True,True,754.343721388937,777.7301434300703,23.3864220411333,True,0
2677,2016-08-22,757.5,761.7989152352361,4.298915235236109,-4.298915235236109,8.495406709490453,12.403943335151723,0.03000000000000541,0.030000000000006324,True,True,753.3035085257457,774.2028585703879,20.899350044642233,True,0
2678,2016-08-23,763.31,757.4768610231532,-5.833138976846726,5.833138976846726,7.880214902826083,11.376760681127735,0.035000000000005416,0.035000000000006325,True,True,749.5966461203271,768.853621704281,19.256975583953817,True,0
2679,2016-08-24,763.0,762.8942466312894,-0.10575336871056606,0.10575336871056606,7.307635926972694,10.230103404458646,0.04000000000000542,0.04000000000000632,True,True,755.5866107043167,773.1243500357481,17.53773933143134,True,0
2680,2016-08-25,756.0,762.8473917413448,6.847391741344836,-6.847391741344836,6.786129721740679,9.792103917079714,0.045000000000005425,0.04500000000000633,False,True,756.0612620196041,772.6394956584245,16.578233638820393,False,1
2681,2016-08-26,760.05,756.0773597820005,-3.9726402179994693,3.9726402179994693,inf,9.160111940275755,-0.04999999999999458,0.05000000000000633,True,True,-inf,765.2374717222763,inf,True,0
2682,2016-08-29,768.72,759.689669853574,-9.030330146426081,9.030330146426081,inf,8.822290002446039,-0.04499999999999457,0.055000000000006335,True,False,-inf,768.51195985602,inf,False,1
2683,2016-08-30,771.05,768.2200264536705,-2.8299735463294837,2.8299735463294837,inf,inf,-0.03999999999999457,-0.039999999999993666,True,True,-inf,inf,inf,True,0
2684,2016-08-31,766.6,770.8083034340113,4.208303434011327,-4.208303434011327,inf,inf,-0.03499999999999456,-0.03499999999999366,True,True,-inf,inf,inf,True,0
2685,2016-09-01,770.9,766.5942622142109,-4.30573778578912,4.30573778578912,inf,inf,-0.029999999999994562,-0.02999999999999366,True,True,-inf,inf,inf,True,0
2686,2016-09-02,774.11,770.5444449658793,-3.5655550341207345,3.5655550341207345,inf,inf,-0.02499999999999456,-0.02499999999999366,True,True,-inf,inf,inf,True,0
2687,2016-09-06,774.04,773.8226457908196,-0.21735420918037107,0.21735420918037107,inf,inf,-0.01999999999999456,-0.01999999999999366,True,True,-inf,inf,inf,True,0
2688,2016-09-07,789.53,773.8743469808588,-15.655653019141141,15.655653019141141,inf,inf,-0.01499999999999456,-0.014999999999993657,True,True,-inf,inf,inf,True,0
2689,2016-09-08,783.89,788.7686924826745,4.8786924826745235,-4.8786924826745235,inf,inf,-0.009999999999994558,-0.009999999999993656,True,True,-inf,inf,inf,True,0
2690,2016-09-09,779.36,783.9786610099969,4.618661009996913,-4.618661009996913,inf,inf,-0.004999999999994557,-0.004999999999993655,True,True,-inf,inf,inf,True,0
2691,2016-09-12,757.35,779.3430180465087,21.993018046508723,-21.993018046508723,inf,inf,5.443562267615221e-15,6.34561847512316e-15,True,True,-inf,inf,inf,True,0
2692,2016-09-13,768.77,757.9704220206545,-10.799577979345486,10.799577979345486,22.352627981596243,43.76,0.0050000000000054445,0.005000000000006347,True,True,735.6177940390583,801.7304220206545,66.11262798159623,True,0
2693,2016-09-14,762.2,768.081413964343,5.881413964342983,-5.881413964342983,15.648951520661825,41.612076318755726,0.010000000000005446,0.010000000000006348,True,True,752.4324624436812,809.6934902830988,57.26102783941758,True,0
2694,2016-09-15,762.0,762.2925792021065,0.2925792021064808,-0.2925792021064808,12.728566661525036,23.0511723130943,0.015000000000005446,0.015000000000006349,True,True,749.5640125405814,785.3437515152008,35.77973897461936,True,0
2695,2016-09-16,773.28,761.7956663619951,-11.484333638004841,11.484333638004841,10.555174171553404,16.609603249725637,0.020000000000005447,0.02000000000000635,True,True,751.2404921904417,778.4052696117208,27.16477742127904,True,0
2696,2016-09-19,779.97,772.6586842450502,-7.311315754949874,7.311315754949874,9.482504891545119,13.90391714958821,0.02500000000000545,0.02500000000000635,True,True,763.1761793535051,786.5626013946384,23.3864220411333,True,0
2697,2016-09-20,776.0,779.5657119831615,3.5657119831614636,-3.5657119831614636,8.52262168284659,12.408820474369577,0.03000000000000545,0.03000000000000635,True,True,771.0430903003148,791.974532457531,20.931442157216225,True,0
2698,2016-09-21,783.25,775.9875289884674,-7.262471011532625,7.262471011532625,7.880214902826083,11.484333638004841,0.03500000000000545,0.03500000000000635,True,True,768.1073140856413,787.4718626264722,19.364548540830924,True,0
2699,2016-09-22,794.27,782.7814030512405,-11.488596948759437,11.488596948759437,7.410330130523505,10.27437412065376,0.04000000000000545,0.04000000000000635,True,False,775.3710729207171,793.0557771718943,17.68470425117721,False,1
2700,2016-09-23,803.13,793.696926173768,-9.433073826231976,9.433073826231976,6.842809183738666,inf,0.04500000000000545,-0.05499999999999365,True,True,786.8541169900293,inf,inf,True,0
2701,2016-09-26,801.8,802.6604970897695,0.8604970897695239,-0.8604970897695239,6.492310138689447,inf,0.05000000000000546,-0.04999999999999365,True,True,796.1681869510801,inf,inf,True,0
2702,2016-09-27,801.85,801.7134268603699,-0.1365731396301726,0.1365731396301726,6.179680609974525,inf,0.05500000000000546,-0.04499999999999364,True,True,795.5337462503953,inf,inf,True,0
2703,2016-09-28,818.0,801.6808588353435,-16.319141164656457,16.319141164656457,5.809636415782052,inf,0.060000000000005466,-0.03999999999999364,True,True,795.8712224195615,inf,inf,True,0
2704,2016-09-29,828.26,817.2276743640423,-11.032325635957704,11.032325635957704,5.383728169649544,inf,0.06500000000000547,-0.03499999999999363,True,True,811.8439461943927,inf,inf,True,0
2705,2016-09-30,832.61,827.7741554086953,-4.835844591304749,4.835844591304749,5.048616482775799,inf,0.07000000000000547,-0.029999999999993632,True,True,822.7255389259194,inf,inf,True,0
2706,2016-10-03,836.0,832.3388149843727,-3.661185015627325,3.661185015627325,4.91591818981945,inf,0.07500000000000548,-0.02499999999999363,True,True,827.4228967945533,inf,inf,True,0
2707,2016-10-04,840.91,835.751218792243,-5.158781207756988,5.158781207756988,4.738648175527999,inf,0.08000000000000548,-0.01999999999999363,True,True,831.012570616715,inf,inf,True,0
2708,2016-10-05,838.0,840.6047815366334,2.604781536633368,-2.604781536633368,4.543449545106583,inf,0.08500000000000549,-0.01499999999999363,True,True,836.0613319915268,inf,inf,True,0
2709,2016-10-06,843.7,837.99307498438,-5.706925015620072,5.706925015620072,4.430689735364524,inf,0.09000000000000549,-0.009999999999993629,True,True,833.5623852490155,inf,inf,True,0
2710,2016-10-07,845.79,843.3469729404505,-2.443027059549422,2.443027059549422,4.2025520503630105,inf,0.0950000000000055,-0.004999999999993628,True,True,839.1444208900875,inf,inf,True,0
2711,2016-10-10,843.25,845.6018158523445,2.3518158523445436,-2.3518158523445436,4.027113517709495,inf,0.1000000000000055,6.373374050738789e-15,True,True,841.574702334635,inf,inf,True,0
2712,2016-10-11,841.02,843.2236641359019,2.2036641359019313,-2.2036641359019313,3.797377881746982,43.76,0.1050000000000055,0.005000000000006374,True,True,839.4262862541549,886.9836641359019,47.557377881747016,True,0
2713,2016-10-12,834.0,840.9649634374806,6.9649634374806055,-6.9649634374806055,3.7314549404957873,37.61,0.11000000000000551,0.010000000000006375,False,True,837.2335084969848,878.5749634374806,41.34145494049585,False,1
2714,2016-10-13,829.0,834.1186059037383,5.118605903738285,-5.118605903738285,12.728566661525036,23.0511723130943,0.015000000000005509,0.015000000000006376,True,True,821.3900392422132,857.1697782168326,35.77973897461936,True,0
2715,2016-10-14,835.08,829.0218138975602,-6.05818610243989,6.05818610243989,10.470806985044419,16.530484733640037,0.02000000000000551,0.020000000000006377,True,True,818.5510069125157,845.5522986312002,27.001291718684456,True,0
2716,2016-10-17,821.5,834.6912615032608,13.191261503260762,-13.191261503260762,9.482504891545119,13.973324868287676,0.02500000000000551,0.025000000000006378,False,True,825.2087566117157,848.6645863715485,23.455829759832795,False,1
2717,2016-10-18,822.11,821.8746393447984,-0.235360655201589,0.235360655201589,inf,12.408820474369577,-0.06999999999999448,0.03000000000000638,True,True,-inf,834.283459819168,inf,True,0
2718,2016-10-19,820.4,821.8896417031706,1.489641703170605,-1.489641703170605,inf,11.488596948759437,-0.06499999999999448,0.03500000000000638,True,True,-inf,833.37823865193,inf,True,0
2719,2016-10-20,813.99,820.3073193942979,6.317319394297897,-6.317319394297897,inf,10.395946211211111,-0.059999999999994474,0.04000000000000638,True,True,-inf,830.703265605509,inf,True,0
2720,2016-10-21,809.36,814.0615781301832,4.701578130183179,-4.701578130183179,inf,9.884112132195128,-0.05499999999999447,0.04500000000000638,True,True,-inf,823.9456902623783,inf,True,0
2721,2016-10-24,824.95,809.3448543323334,-15.605145667666648,15.605145667666648,inf,9.482862958331168,-0.049999999999994466,0.05000000000000639,True,False,-inf,818.8277172906646,inf,False,1
2722,2016-10-25,839.3,824.1783286231125,-15.121671376887434,15.121671376887434,inf,inf,-0.04499999999999446,-0.044999999999993615,True,True,-inf,inf,inf,True,0
2723,2016-10-26,832.76,838.6518075876734,5.891807587673384,-5.891807587673384,inf,inf,-0.03999999999999446,-0.03999999999999361,True,True,-inf,inf,inf,True,0
2724,2016-10-27,831.24,832.8958285011887,1.6558285011886937,-1.6558285011886937,inf,inf,-0.03499999999999445,-0.034999999999993606,True,True,-inf,inf,inf,True,0
2725,2016-10-28,782.0,831.1255953527733,49.1255953527733,-49.1255953527733,inf,inf,-0.02999999999999445,-0.029999999999993605,True,True,-inf,inf,inf,True,0
2726,2016-10-31,781.03,783.6074296813316,2.577429681331637,-2.577429681331637,inf,inf,-0.02499999999999445,-0.024999999999993604,True,True,-inf,inf,inf,True,0
2727,2016-11-01,799.0,780.7181507860004,-18.281849213999635,18.281849213999635,inf,inf,-0.01999999999999445,-0.019999999999993603,True,True,-inf,inf,inf,True,0
2728,2016-11-02,783.93,798.1226025020585,14.192602502058548,-14.192602502058548,inf,inf,-0.014999999999994448,-0.014999999999993602,True,True,-inf,inf,inf,True,0
2729,2016-11-03,765.05,784.3388359222242,19.28883592222428,-19.28883592222428,inf,inf,-0.009999999999994447,-0.0099999999999936,True,True,-inf,inf,inf,True,0
2730,2016-11-04,762.79,765.5110898491063,2.7210898491063062,-2.7210898491063062,inf,inf,-0.004999999999994446,-0.0049999999999936,True,True,-inf,inf,inf,True,0
2731,2016-11-07,771.64,762.6199807862963,-9.020019213703677,9.020019213703677,inf,inf,5.554584570077736e-15,6.401129626354418e-15,True,True,-inf,inf,inf,True,0
2732,2016-11-08,784.97,771.0879225245071,-13.882077475492906,13.882077475492906,22.90656228703449,43.76,0.0050000000000055556,0.005000000000006402,True,True,748.1813602374726,814.8479225245071,66.66656228703448,True,0
2733,2016-11-09,764.0,784.2777876611818,20.277787661181833,-20.277787661181833,15.724894180761225,37.61,0.010000000000005557,0.010000000000006403,False,True,768.5528934804206,821.8877876611818,53.33489418076124,False,1
2734,2016-11-10,778.81,764.588439676511,-14.221560323488916,14.221560323488916,inf,23.0511723130943,-0.08499999999999444,0.015000000000006404,True,True,-inf,787.6396119896053,inf,True,0
2735,2016-11-11,735.73,777.9923144528029,42.26231445280291,-42.26231445280291,inf,16.609603249725637,-0.07999999999999444,0.020000000000006405,True,True,-inf,794.6019177025286,inf,True,0
2736,2016-11-14,745.51,737.1532229097218,-8.356777090278229,8.356777090278229,inf,14.50979092783848,-0.07499999999999443,0.025000000000006406,True,True,-inf,751.6630138375602,inf,True,0
2737,2016-11-15,730.0,744.7750625272643,14.775062527264254,-14.775062527264254,inf,12.71872009825347,-0.06999999999999443,0.030000000000006407,True,True,-inf,757.4937826255177,inf,True,0
2738,2016-11-16,739.88,730.3927151383549,-9.487284861645094,9.487284861645094,inf,11.610148505439156,-0.06499999999999442,0.03500000000000641,True,True,-inf,742.0028636437941,inf,True,0
2739,2016-11-17,749.32,739.1971871640327,-10.122812835967352,10.122812835967352,inf,10.605041659669155,-0.05999999999999442,0.040000000000006405,True,True,-inf,749.8022288237019,inf,True,0
2740,2016-11-18,761.0,748.7486283479703,-12.251371652029661,12.251371652029661,inf,10.101439217860275,-0.054999999999994414,0.04500000000000641,True,False,-inf,758.8500675658306,inf,False,1
2741,2016-11-21,766.0,760.3470393047061,-5.6529606952939275,5.6529606952939275,inf,inf,-0.04999999999999441,-0.04999999999999359,True,True,-inf,inf,inf,True,0
2742,2016-11-22,788.17,765.6224901932535,-22.54750980674646,22.54750980674646,inf,inf,-0.044999999999994406,-0.04499999999999359,True,True,-inf,inf,inf,True,0
2743,2016-11-23,781.73,787.1044940950347,5.37449409503472,-5.37449409503472,inf,inf,-0.0399999999999944,-0.03999999999999358,True,True,-inf,inf,inf,True,0
2744,2016-11-25,786.5,781.8500866272367,-4.649913372763308,4.649913372763308,inf,inf,-0.0349999999999944,-0.03499999999999358,True,True,-inf,inf,inf,True,0
2745,2016-11-28,776.99,786.0772241804716,9.087224180471594,-9.087224180471594,inf,inf,-0.029999999999994396,-0.029999999999993577,True,True,-inf,inf,inf,True,0
2746,2016-11-29,768.0,777.1600218285846,9.160021828584604,-9.160021828584604,inf,inf,-0.024999999999994395,-0.024999999999993576,True,True,-inf,inf,inf,True,0
2747,2016-11-30,762.0,768.0882057229644,6.088205722964403,-6.088205722964403,inf,inf,-0.019999999999994394,-0.019999999999993575,True,True,-inf,inf,inf,True,0
2748,2016-12-01,752.41,761.9689807021059,9.558980702105941,-9.558980702105941,inf,inf,-0.014999999999994393,-0.014999999999993574,True,True,-inf,inf,inf,True,0
2749,2016-12-02,743.4,752.521615191631,9.121615191631008,-9.121615191631008,inf,inf,-0.009999999999994392,-0.009999999999993573,True,True,-inf,inf,inf,True,0
2750,2016-12-05,745.0,743.4681363819963,-1.5318636180037402,1.5318636180037402,inf,inf,-0.004999999999994391,-0.004999999999993572,True,True,-inf,inf,inf,True,0
2751,2016-12-06,763.99,744.6603357712121,-19.32966422878792,19.32966422878792,inf,inf,5.610095721308994e-15,6.428885201970047e-15,True,True,-inf,inf,inf,True,0
2752,2016-12-07,764.55,763.018934835956,-1.53106516404398,1.53106516404398,22.960797860546336,43.76,0.005000000000005611,0.00500000000000643,True,True,740.0581369754096,806.778934835956,66.72079786054633,True,0
2753,2016-12-08,771.87,764.3716217011676,-7.498378298832449,7.498378298832449,16.33779006578817,37.61,0.010000000000005612,0.01000000000000643,True,True,748.0338316353793,801.9816217011676,53.94779006578824,True,0
2754,2016-12-09,770.0,771.359812760642,1.359812760641944,-1.359812760641944,13.393543982946198,22.630058440476432,0.015000000000005613,0.015000000000006432,True,True,757.9662687776957,793.9898712011184,36.02360242342263,True,0
2755,2016-12-12,766.4,769.8730794149186,3.4730794149186295,-3.4730794149186295,11.15053612952579,17.118488921674782,0.020000000000005614,0.020000000000006433,True,True,758.7225432853928,786.9915683365934,28.26902505120063,True,0
2756,2016-12-13,764.96,766.3005253811681,1.3405253811680495,-1.3405253811680495,9.919258401354341,14.54875176482949,0.025000000000005615,0.025000000000006434,True,True,756.3812669798137,780.8492771459976,24.46801016618383,True,0
2757,2016-12-14,778.25,764.7686660656329,-13.481333934367058,13.481333934367058,9.087224180471594,12.8116662286115,0.030000000000005616,0.030000000000006435,True,False,755.6814418851613,777.5803322942445,21.89889040908315,False,1
2758,2016-12-15,766.28,777.4986728368218,11.218672836821838,-11.218672836821838,8.308067839245439,inf,0.03500000000000562,-0.06499999999999356,False,True,769.1906049975764,inf,inf,False,1
2759,2016-12-16,765.0,766.5618411882632,1.5618411882632017,-1.5618411882632017,inf,inf,-0.059999999999994384,-0.05999999999999356,True,True,-inf,inf,inf,True,0
2760,2016-12-19,758.89,764.7688633456464,5.878863345646437,-5.878863345646437,inf,inf,-0.05499999999999439,-0.054999999999993554,True,True,-inf,inf,inf,True,0
2761,2016-12-20,768.65,758.8833448716515,-9.766655128348475,9.766655128348475,inf,inf,-0.04999999999999438,-0.04999999999999355,True,True,-inf,inf,inf,True,0
2762,2016-12-21,770.0,768.0091951746447,-1.990804825355326,1.990804825355326,inf,inf,-0.04499999999999438,-0.044999999999993545,True,True,-inf,inf,inf,True,0
2763,2016-12-22,768.12,769.753226794964,1.6332267949640027,-1.6332267949640027,inf,inf,-0.03999999999999437,-0.03999999999999354,True,True,-inf,inf,inf,True,0
2764,2016-12-23,764.55,767.9638095169624,3.4138095169624876,-3.4138095169624876,inf,inf,-0.03499999999999437,-0.034999999999993536,True,True,-inf,inf,inf,True,0
2765,2016-12-27,763.4,764.4441317161214,1.0441317161214556,-1.0441317161214556,inf,inf,-0.029999999999994368,-0.029999999999993535,True,True,-inf,inf,inf,True,0
2766,2016-12-28,776.25,763.1922578086412,-13.057742191358784,13.057742191358784,inf,inf,-0.024999999999994367,-0.024999999999993534,True,True,-inf,inf,inf,True,0
2767,2016-12-29,772.4,775.5089233665141,3.108923366514091,-3.108923366514091,inf,inf,-0.019999999999994366,-0.019999999999993533,True,True,-inf,inf,inf,True,0
2768,2016-12-30,766.47,772.3659357025234,5.8959357025233885,-5.8959357025233885,inf,inf,-0.014999999999994365,-0.014999999999993532,True,True,-inf,inf,inf,True,0
2769,2017-01-03,757.92,766.4476019984293,8.527601998429304,-8.527601998429304,inf,inf,-0.009999999999994364,-0.009999999999993531,True,True,-inf,inf,inf,True,0
2770,2017-01-04,758.39,757.9850612411207,-0.4049387588793252,0.4049387588793252,inf,inf,-0.004999999999994363,-0.0049999999999935305,True,True,-inf,inf,inf,True,0
2771,2017-01-05,761.55,758.0950153344454,-3.454984665554548,3.454984665554548,inf,inf,5.637851296924623e-15,6.4705185653934905e-15,True,True,-inf,inf,inf,True,0
2772,2017-01-06,782.36,761.1859646521473,-21.174035347852737,21.174035347852737,22.960797860546336,43.76,0.005000000000005639,0.0050000000000064715,True,True,738.2251667916009,804.9459646521473,66.72079786054633,True,0
2773,2017-01-09,798.0,781.321164562202,-16.678835437798057,16.678835437798057,16.33779006578817,37.61,0.01000000000000564,0.010000000000006472,True,True,764.9833744964137,818.931164562202,53.94779006578824,True,0
2774,2017-01-10,796.6,797.2522375420117,0.6522375420116759,-0.6522375420116759,13.393543982946198,22.630058440476432,0.01500000000000564,0.015000000000006473,True,True,783.8586935590655,819.8822959824881,36.02360242342263,True,0
2775,2017-01-11,793.66,796.4917059860292,2.831705986029192,-2.831705986029192,11.218672836821838,17.424945233287076,0.020000000000005642,0.020000000000006474,True,True,785.2730331492073,813.9166512193162,28.643618070108914,True,0
2776,2017-01-12,800.31,793.5419552422477,-6.76804475775225,6.76804475775225,9.919258401354341,14.960966199678893,0.025000000000005643,0.025000000000006475,True,True,783.6226968408934,808.5029214419266,24.880224601033206,True,0
2777,2017-01-13,814.32,799.818628198648,-14.501371801352093,14.501371801352093,9.087224180471594,13.057742191358784,0.030000000000005644,0.030000000000006476,True,False,790.7314040181764,812.8763703900067,22.144966371830378,False,1
2778,2017-01-17,815.7,813.5879805817833,-2.1120194182167324,2.1120194182167324,8.324593033907718,inf,0.035000000000005645,-0.06499999999999352,True,True,805.2633875478756,inf,inf,True,0
2779,2017-01-18,809.5,815.4878296527893,5.987829652789287,-5.987829652789287,7.64877024649121,inf,0.04000000000000564,-0.05999999999999352,True,True,807.839059406298,inf,inf,True,0
2780,2017-01-19,810.0,809.525394539686,-0.47460546031402373,0.47460546031402373,7.164901897834625,inf,0.04500000000000565,-0.05499999999999351,True,True,802.3604926418514,inf,inf,True,0
2781,2017-01-20,815.28,809.7396167889913,-5.540383211008702,5.540383211008702,6.723469265502757,inf,0.05000000000000565,-0.04999999999999351,True,True,803.0161475234885,inf,inf,True,0
2782,2017-01-23,806.8,814.8628122755807,8.062812275580768,-8.062812275580768,6.415687167374813,inf,0.055000000000005655,-0.044999999999993504,False,True,808.4471251082059,inf,inf,False,1
2783,2017-01-24,822.0,806.9233643967443,-15.076635603255681,15.076635603255681,inf,inf,-0.039999999999994346,-0.0399999999999935,True,True,-inf,inf,inf,True,0
2784,2017-01-25,825.79,821.1630476033365,-4.626952396663455,4.626952396663455,inf,inf,-0.03499999999999434,-0.034999999999993495,True,True,-inf,inf,inf,True,0
2785,2017-01-26,835.53,825.4913442049769,-10.038655795023033,10.038655795023033,inf,inf,-0.02999999999999434,-0.029999999999993494,True,True,-inf,inf,inf,True,0
2786,2017-01-27,839.0,834.9639486523146,-4.036051347685429,4.036051347685429,inf,inf,-0.02499999999999434,-0.024999999999993493,True,True,-inf,inf,inf,True,0
2787,2017-01-30,833.0,838.7030618022078,5.703061802207799,-5.703061802207799,inf,inf,-0.01999999999999434,-0.01999999999999349,True,True,-inf,inf,inf,True,0
2788,2017-01-31,823.75,833.0378169624208,9.287816962420834,-9.287816962420834,inf,inf,-0.014999999999994337,-0.01499999999999349,True,True,-inf,inf,inf,True,0
2789,2017-02-01,829.21,823.8684035574069,-5.341596442593186,5.341596442593186,inf,inf,-0.009999999999994336,-0.00999999999999349,True,True,-inf,inf,inf,True,0
2790,2017-02-02,836.59,828.7535401129288,-7.836459887071214,7.836459887071214,inf,inf,-0.004999999999994335,-0.004999999999993489,True,True,-inf,inf,inf,True,0
2791,2017-02-03,806.72,836.1193193853583,29.39931938535824,-29.39931938535824,inf,inf,5.665606872540252e-15,6.512151928816934e-15,True,True,-inf,inf,inf,True,0
2792,2017-02-06,809.8,807.6544899118178,-2.1455100881821636,2.1455100881821636,25.094670246005762,43.76,0.005000000000005667,0.005000000000006513,True,True,782.559819665812,851.4144899118178,68.85467024600575,True,0
2793,2017-02-07,809.31,809.3486883058995,0.038688305899540865,-0.038688305899540865,16.593181504428458,37.61,0.010000000000005668,0.010000000000006514,True,True,792.755506801471,846.9586883058995,54.20318150442847,True,0
2794,2017-02-08,812.69,809.1132865250435,-3.576713474956591,3.576713474956591,13.705209885036027,22.630058440476432,0.015000000000005669,0.015000000000006515,True,True,795.4080766400075,831.7433449655199,36.3352683255124,True,0
2795,2017-02-09,821.6,812.3317599864463,-9.268240013553736,9.268240013553736,11.535116995791213,17.424945233287076,0.02000000000000567,0.020000000000006516,True,True,800.7966429906551,829.7567052197334,28.96006222907829,True,0
2796,2017-02-10,823.82,821.0454618273191,-2.774538172680991,2.774538172680991,9.922509939345616,15.076635603255681,0.02500000000000567,0.025000000000006517,True,True,811.1229518879734,836.1220974305747,24.999145542601354,True,0
2797,2017-02-13,831.62,823.547363983301,-8.072636016698993,8.072636016698993,9.09640696077895,13.481333934367058,0.03000000000000567,0.030000000000006518,True,True,814.4509570225221,837.0286979176681,22.577740895146007,True,0
2798,2017-02-14,837.0,831.1107510119964,-5.889248988003601,5.889248988003601,8.445680639693741,12.167151794365623,0.03500000000000567,0.03500000000000652,True,True,822.6650703723027,843.277902806362,20.612832434059328,True,0
2799,2017-02-15,834.0,836.6092745332091,2.6092745332091454,-2.6092745332091454,7.851123178345517,11.376760681127735,0.04000000000000567,0.040000000000006516,True,True,828.7581513548637,847.9860352143369,19.227883859473195,True,0
2800,2017-02-16,841.84,833.921786955389,-7.9182130446109795,7.9182130446109795,7.2092395886426175,10.242797623626416,0.045000000000005674,0.04500000000000652,True,True,826.7125473667464,844.1645845790155,17.452037212269033,True,0
2801,2017-02-17,842.0,841.3153286101036,-0.6846713898963799,0.6846713898963799,6.76131477680417,9.797875923551942,0.05000000000000568,0.050000000000006525,True,True,834.5540138332995,851.1132045336556,16.559190700356112,True,0
2802,2017-02-21,848.84,841.8135608504384,-7.026439149561611,7.026439149561611,6.44099031762056,9.482862958331168,0.05500000000000568,0.05500000000000653,True,True,835.3725705328179,851.2964238087695,15.923853275951615,True,0
2803,2017-02-22,856.95,848.3699803249351,-8.580019675064932,8.580019675064932,6.098298994795698,8.928094044835348,0.06000000000000569,0.060000000000006534,True,True,842.2716813301395,857.2980743697705,15.026393039630989,True,0
2804,2017-02-23,857.57,856.4614471611153,-1.1085528388847479,1.1085528388847479,5.878863345646437,8.438883916509496,0.06500000000000569,0.06500000000000654,True,True,850.5825838154689,864.9003310776247,14.317747262155876,True,0
2805,2017-02-24,844.69,857.3768798235579,12.686879823557888,-12.686879823557888,5.399616352598684,7.9182130446109795,0.0700000000000057,0.07000000000000654,False,True,851.9772634709593,865.2950928681689,13.317829397209607,False,1
2806,2017-02-27,842.38,844.9765159310284,2.5965159310284207,-2.5965159310284207,inf,7.488092018066936,-0.024999999999994305,0.07500000000000655,True,True,-inf,852.4646079490954,inf,True,0
2807,2017-02-28,851.45,842.2100302051767,-9.23996979482331,9.23996979482331,inf,7.1919732461433625,-0.019999999999994304,0.08000000000000655,True,False,-inf,849.4020034513201,inf,False,1
2808,2017-03-01,853.05,850.8828350738297,-2.167164926170244,2.167164926170244,inf,inf,-0.014999999999994303,-0.014999999999993449,True,True,-inf,inf,inf,True,0
2809,2017-03-02,853.08,852.8146659727119,-0.26533402728819055,0.26533402728819055,inf,inf,-0.009999999999994302,-0.009999999999993448,True,True,-inf,inf,inf,True,0
2810,2017-03-03,847.2,852.8779564564919,5.67795645649187,-5.67795645649187,inf,inf,-0.004999999999994301,-0.004999999999993447,True,True,-inf,inf,inf,True,0
2811,2017-03-06,845.23,847.214899091023,1.9848990910229531,-1.9848990910229531,inf,inf,5.700301342059788e-15,6.553785292240377e-15,True,True,-inf,inf,inf,True,0
2812,2017-03-07,845.48,845.0714390458458,-0.4085609541542681,0.4085609541542681,22.960797860546336,43.55,0.005000000000005701,0.005000000000006555,True,True,822.1106411852994,888.6214390458457,66.51079786054629,True,0
2813,2017-03-08,848.0,845.2490474492259,-2.750952550774059,2.750952550774059,16.33779006578817,37.34,0.010000000000005702,0.010000000000006556,True,True,828.9112573834377,882.589047449226,53.67779006578826,True,0
2814,2017-03-09,851.0,847.6902392179951,-3.3097607820049006,3.3097607820049006,13.393543982946198,22.54750980674646,0.015000000000005703,0.015000000000006557,True,True,834.2966952350489,870.2377490247416,35.94105378969266,True,0
2815,2017-03-10,857.0,850.6812432038934,-6.318756796106641,6.318756796106641,11.535116995791213,17.118488921674782,0.020000000000005704,0.020000000000006558,True,True,839.1461262081021,867.7997321255682,28.653605917466052,True,0
2816,2017-03-13,851.77,856.5703456868514,4.800345686851415,-4.800345686851415,9.922509939345616,14.960966199678893,0.025000000000005705,0.02500000000000656,True,True,846.6478357475057,871.5313118865303,24.883476139024538,True,0
2817,2017-03-14,853.55,851.780234675156,-1.769765324844002,1.769765324844002,9.09640696077895,13.17420768622219,0.030000000000005706,0.03000000000000656,True,True,842.683827714377,864.9544423613781,22.27061464700114,True,0
2818,2017-03-15,854.33,853.2507225897893,-1.0792774102106932,1.0792774102106932,8.445680639693741,12.132620468753089,0.03500000000000571,0.03500000000000656,True,True,844.8050419500956,865.3833430585424,20.578301108446794,True,0
2819,2017-03-16,855.3,854.0942013752438,-1.2057986247561985,1.2057986247561985,7.851123178345517,11.224453624913167,0.04000000000000571,0.04000000000000656,True,True,846.2430781968983,865.3186550001569,19.075576803258627,True,0
2820,2017-03-17,853.49,855.0533170700412,1.5633170700411938,-1.5633170700411938,7.2092395886426175,10.236235935950788,0.045000000000005716,0.04500000000000656,True,True,847.8440774813986,865.289553005992,17.445475524593462,True,0
2821,2017-03-20,851.51,853.3493550065364,1.8393550065363797,-1.8393550065363797,6.76131477680417,9.797588992119927,0.05000000000000572,0.05000000000000657,True,True,846.5880402297322,863.1469439986563,16.558903768924097,True,0
2822,2017-03-21,858.84,851.3639541666805,-7.476045833319517,7.476045833319517,6.44099031762056,9.433073826231976,0.055000000000005725,0.05500000000000657,True,True,844.9229638490599,860.7970279929125,15.874064143852593,True,0
2823,2017-03-22,840.43,858.337007069328,17.907007069328074,-17.907007069328074,6.098298994795698,8.928094044835348,0.06000000000000573,0.060000000000006576,False,True,852.2387080745323,867.2651011141634,15.026393039631103,False,1
2824,2017-03-23,848.2,840.9364674058066,-7.263532594193407,7.263532594193407,inf,8.438883916509496,-0.03499999999999427,0.06500000000000658,True,True,-inf,849.3753513223162,inf,True,0
2825,2017-03-24,851.68,847.6102124183283,-4.069787581671676,4.069787581671676,inf,7.9182130446109795,-0.02999999999999427,0.07000000000000658,True,True,-inf,855.5284254629393,inf,True,0
2826,2017-03-27,838.07,851.3537639910605,13.283763991060482,-13.283763991060482,inf,7.488092018066936,-0.02499999999999427,0.07500000000000659,True,True,-inf,858.8418560091275,inf,True,0
2827,2017-03-28,851.75,838.3782279600925,-13.371772039907455,13.371772039907455,inf,7.262471011532625,-0.01999999999999427,0.0800000000000066,True,False,-inf,845.6406989716252,inf,False,1
2828,2017-03-29,859.05,850.9444871246692,-8.10551287533076,8.10551287533076,inf,inf,-0.014999999999994268,-0.014999999999993407,True,True,-inf,inf,inf,True,0
2829,2017-03-30,874.95,858.5966588402501,-16.353341159749903,16.353341159749903,inf,inf,-0.009999999999994267,-0.009999999999993407,True,True,-inf,inf,inf,True,0
2830,2017-03-31,877.0,874.149011511142,-2.850988488857979,2.850988488857979,inf,inf,-0.004999999999994266,-0.0049999999999934056,True,True,-inf,inf,inf,True,0
2831,2017-04-03,888.0,876.7742797490805,-11.225720250919494,11.225720250919494,inf,inf,5.734995811579324e-15,6.5954186556638206e-15,True,True,-inf,inf,inf,True,0
2832,2017-04-04,891.5,887.382391493803,-4.11760850619703,4.11760850619703,22.960797860546336,43.55,0.005000000000005736,0.005000000000006596,True,True,864.4215936332566,930.9323914938029,66.51079786054629,True,0
2833,2017-04-05,910.82,891.2113882948848,-19.60861170511521,19.60861170511521,16.593181504428458,37.34,0.010000000000005737,0.010000000000006597,True,True,874.6182067904564,928.5513882948849,53.93318150442849,True,0
2834,2017-04-06,913.8,909.8991702844075,-3.9008297155924083,3.9008297155924083,13.705209885036027,22.54750980674646,0.015000000000005738,0.015000000000006598,True,True,896.1939603993715,932.446680091154,36.252719691782545,True,0
2835,2017-04-07,899.65,913.5833318438098,13.93333184380981,-13.93333184380981,11.714392023366656,17.424945233287076,0.02000000000000574,0.0200000000000066,False,True,901.8689398204431,931.0082770770969,29.13933725665379,False,1
2836,2017-04-10,899.63,900.0145038605264,0.3845038605263653,-0.3845038605263653,inf,15.121671376887434,-0.07499999999999427,0.0250000000000066,True,True,-inf,915.1361752374138,inf,True,0
2837,2017-04-11,907.04,899.388200578973,-7.651799421026908,7.651799421026908,inf,13.481333934367058,-0.06999999999999426,0.0300000000000066,True,True,-inf,912.8695345133401,inf,True,0
2838,2017-04-12,903.09,906.5667100832709,3.4767100832708593,-3.4767100832708593,inf,12.251371652029661,-0.06499999999999426,0.0350000000000066,True,True,-inf,918.8180817353006,inf,True,0
2839,2017-04-13,891.45,903.0799970600476,11.629997060047572,-11.629997060047572,inf,11.484333638004841,-0.05999999999999425,0.0400000000000066,True,True,-inf,914.5643306980525,inf,True,0
2840,2017-04-17,887.5,891.6838483123676,4.183848312367559,-4.183848312367559,inf,10.337709083958089,-0.05499999999999425,0.045000000000006604,True,True,-inf,902.0215573963256,inf,True,0
2841,2017-04-18,900.99,887.4074350091518,-13.582564990848255,13.582564990848255,inf,9.884112132195128,-0.049999999999994243,0.05000000000000661,True,False,-inf,897.2915471413469,inf,False,1
2842,2017-04-19,907.84,900.2567456951274,-7.583254304872639,7.583254304872639,inf,inf,-0.04499999999999424,-0.04499999999999339,True,True,-inf,inf,inf,True,0
2843,2017-04-20,899.7,907.4327424464458,7.732742446445741,-7.732742446445741,inf,inf,-0.039999999999994235,-0.03999999999999339,True,True,-inf,inf,inf,True,0
2844,2017-04-21,902.67,899.8401295386235,-2.8298704613764585,2.8298704613764585,inf,inf,-0.03499999999999423,-0.034999999999993384,True,True,-inf,inf,inf,True,0
2845,2017-04-24,908.68,902.3327857610881,-6.347214238911874,6.347214238911874,inf,inf,-0.02999999999999423,-0.029999999999993383,True,True,-inf,inf,inf,True,0
2846,2017-04-25,907.04,908.2663704661177,1.2263704661177144,-1.2263704661177144,inf,inf,-0.024999999999994228,-0.02499999999999338,True,True,-inf,inf,inf,True,0
2847,2017-04-26,910.3,906.9308680942556,-3.369131905744325,3.369131905744325,inf,inf,-0.019999999999994227,-0.01999999999999338,True,True,-inf,inf,inf,True,0
2848,2017-04-27,914.39,909.9773692086657,-4.412630791334323,4.412630791334323,inf,inf,-0.014999999999994226,-0.01499999999999338,True,True,-inf,inf,inf,True,0
2849,2017-04-28,948.83,914.0542616935774,-34.77573830642268,34.77573830642268,inf,inf,-0.009999999999994225,-0.009999999999993379,True,True,-inf,inf,inf,True,0
2850,2017-05-01,927.8,947.3324304919179,19.53243049191792,-19.53243049191792,inf,inf,-0.004999999999994224,-0.004999999999993378,True,True,-inf,inf,inf,True,0
2851,2017-05-02,946.64,928.5481743443376,-18.091825655662433,18.091825655662433,inf,inf,5.776629175002768e-15,6.6231742312794495e-15,True,True,-inf,inf,inf,True,0
2852,2017-05-03,946.0,945.6515542524721,-0.34844574752787594,0.34844574752787594,22.960797860546336,43.55,0.005000000000005778,0.005000000000006624,True,True,922.6907563919258,989.2015542524721,66.51079786054629,True,0
2853,2017-05-04,944.75,945.9316503049591,1.1816503049591347,-1.1816503049591347,16.601384741332822,37.34,0.010000000000005779,0.010000000000006625,True,True,929.3302655636263,983.2716503049592,53.941384741332854,True,0
2854,2017-05-05,940.52,944.6302613304132,4.110261330413209,-4.110261330413209,13.754658537557475,22.630058440476432,0.01500000000000578,0.015000000000006626,True,True,930.8756027928557,967.2603197708896,36.38471697803391,True,0
2855,2017-05-08,940.95,940.5097893578046,-0.4402106421954386,0.4402106421954386,12.098014082364102,17.431662177681503,0.02000000000000578,0.020000000000006627,True,True,928.4117752754405,957.9414515354861,29.529676260045562,True,0
2856,2017-05-09,952.8,940.7456919802828,-12.054308019717155,12.054308019717155,10.352954255708198,15.468686626762121,0.02500000000000578,0.025000000000006628,True,True,930.3927377245745,956.2143786070449,25.82164088247032,True,0
2857,2017-05-10,953.5,952.1719682762161,-1.3280317237838517,1.3280317237838517,9.354270026270342,13.725655545674073,0.030000000000005782,0.03000000000000663,True,True,942.8176982499458,965.8976238218902,23.079925571944386,True,0
2858,2017-05-11,945.11,953.3543325136521,8.244332513652125,-8.244332513652125,8.55436997936556,12.495747188778807,0.03500000000000578,0.03500000000000663,True,True,944.7999625342866,965.850079702431,21.050117168144425,True,0
2859,2017-05-12,954.5,945.269557999924,-9.230442000075982,9.230442000075982,7.9302506630996845,11.52006618403118,0.04000000000000578,0.04000000000000663,True,True,937.3393073368243,956.7896241839552,19.45031684713092,True,0
2860,2017-05-15,958.73,953.9357585535071,-4.794241446492947,4.794241446492947,7.59001311200177,10.518423593393265,0.045000000000005785,0.04500000000000663,True,True,946.3457454415053,964.4541821469004,18.108436705395093,True,0
2861,2017-05-16,961.0,958.4375958530052,-2.5624041469948224,2.5624041469948224,6.9649634374806055,10.02595725865217,0.05000000000000579,0.050000000000006636,True,True,951.4726324155246,968.4635531116573,16.990920696132775,True,0
2862,2017-05-17,954.7,960.7672276141216,6.067227614121521,-6.067227614121521,6.649482517304989,9.557951233921074,0.055000000000005794,0.05500000000000664,True,True,954.1177450968166,970.3251788480427,16.207433751226063,True,0
2863,2017-05-18,944.8,954.7889510829445,9.988951082944595,-9.988951082944595,6.249455128112345,9.146167242864522,0.0600000000000058,0.060000000000006645,False,True,948.5394959548322,963.9351183258091,15.395622370976866,False,1
2864,2017-05-19,962.84,944.9882804684995,-17.85171953150052,17.85171953150052,inf,8.81922100921156,-0.0349999999999942,0.06500000000000665,True,False,-inf,953.8075014777111,inf,False,1
2865,2017-05-22,964.0,961.9285748639617,-2.0714251360383287,2.0714251360383287,inf,inf,-0.0299999999999942,-0.02999999999999335,True,True,-inf,inf,inf,True,0
2866,2017-05-23,975.02,963.8581658422781,-11.161834157721842,11.161834157721842,inf,inf,-0.0249999999999942,-0.02499999999999335,True,True,-inf,inf,inf,True,0
2867,2017-05-24,976.0,974.4380731830472,-1.5619268169527913,1.5619268169527913,inf,inf,-0.0199999999999942,-0.01999999999999335,True,True,-inf,inf,inf,True,0
2868,2017-05-25,984.85,975.8509011987617,-8.999098801238347,8.999098801238347,inf,inf,-0.014999999999994199,-0.014999999999993349,True,True,-inf,inf,inf,True,0
2869,2017-05-26,995.0,984.3612564811219,-10.638743518878073,10.638743518878073,inf,inf,-0.009999999999994198,-0.009999999999993348,True,True,-inf,inf,inf,True,0
2870,2017-05-30,996.51,994.4986244722494,-2.0113755277506016,2.0113755277506016,inf,inf,-0.004999999999994197,-0.004999999999993347,True,True,-inf,inf,inf,True,0
2871,2017-05-31,1000.0,996.3547957240073,-3.6452042759926826,3.6452042759926826,inf,inf,5.8043847506183965e-15,6.654399253847032e-15,True,True,-inf,inf,inf,True,0
2872,2017-06-01,998.59,999.7373996453323,1.147399645332257,-1.147399645332257,22.960797860546336,43.55,0.005000000000005805,0.005000000000006655,True,True,976.776601784786,1043.2873996453322,66.51079786054629,True,0
2873,2017-06-02,998.99,998.5246107950411,-0.46538920495891034,0.46538920495891034,16.601384741332822,37.34,0.010000000000005806,0.010000000000006656,True,True,981.9232260537083,1035.864610795041,53.94138474133274,True,0
2874,2017-06-05,1007.23,998.8347921885581,-8.395207811441878,8.395207811441878,13.72033565449459,22.54750980674646,0.015000000000005807,0.015000000000006657,True,True,985.1144565340635,1021.3823019953046,36.26784546124111,True,0
2875,2017-06-06,1012.0,1006.7799470659678,-5.220052934032196,5.220052934032196,12.098014082364102,17.591052939984706,0.02000000000000581,0.02000000000000666,True,True,994.6819329836037,1024.3710000059525,29.68906702234881,True,0
2876,2017-06-07,1005.95,1011.7200987912405,5.770098791240457,-5.770098791240457,10.352954255708198,15.605145667666648,0.02500000000000581,0.02500000000000666,True,True,1001.3671445355324,1027.325244458907,25.958099923374675,True,0
2877,2017-06-08,1012.06,1006.0736344149601,-5.9863655850398345,5.9863655850398345,9.354270026270342,13.725655545674073,0.03000000000000581,0.03000000000000666,True,True,996.7193643886898,1019.7992899606342,23.079925571944386,True,0
2878,2017-06-09,1012.5,1011.67187262739,-0.8281273726099698,0.8281273726099698,8.55436997936556,12.495747188778807,0.03500000000000581,0.035000000000006665,True,True,1003.1175026480245,1024.1676198161688,21.05011716814431,True,0
2879,2017-06-12,967.0,1012.3793224838151,45.379322483815145,-45.379322483815145,7.9302506630996845,11.52006618403118,0.04000000000000581,0.04000000000000667,False,True,1004.4490718207155,1023.8993886678463,19.450316847130807,False,1
2880,2017-06-13,977.99,968.5759417321336,-9.41405826786638,9.41405826786638,inf,10.605041659669155,-0.05499999999999419,0.045000000000006674,True,True,-inf,979.1809833918028,inf,True,0
2881,2017-06-14,988.59,977.232191403292,-11.357808596708082,11.357808596708082,inf,10.083977175442328,-0.04999999999999419,0.05000000000000668,True,False,-inf,987.3161685787343,inf,False,1
2882,2017-06-15,958.7,988.0526599515657,29.35265995156567,-29.35265995156567,inf,inf,-0.044999999999994184,-0.04499999999999332,True,True,-inf,inf,inf,True,0
2883,2017-06-16,996.0,959.7166447744364,-36.28335522556358,36.28335522556358,inf,inf,-0.03999999999999418,-0.03999999999999332,True,True,-inf,inf,inf,True,0
2884,2017-06-19,1017.0,994.2241642633563,-22.77583573664367,22.77583573664367,inf,inf,-0.034999999999994175,-0.034999999999993314,True,True,-inf,inf,inf,True,0
2885,2017-06-20,998.0,1016.138509608805,18.138509608804952,-18.138509608804952,inf,inf,-0.029999999999994174,-0.029999999999993313,True,True,-inf,inf,inf,True,0
2886,2017-06-21,998.7,998.6570858707609,-0.042914129239193244,0.042914129239193244,inf,inf,-0.024999999999994173,-0.024999999999993312,True,True,-inf,inf,inf,True,0
2887,2017-06-22,1002.23,998.4767257675704,-3.7532742324295896,3.7532742324295896,inf,inf,-0.019999999999994172,-0.01999999999999331,True,True,-inf,inf,inf,True,0
2888,2017-06-23,1002.54,1001.9442475864316,-0.5957524135683343,0.5957524135683343,inf,inf,-0.01499999999999417,-0.01499999999999331,True,True,-inf,inf,inf,True,0
2889,2017-06-26,1008.5,1002.3894995406177,-6.110500459382251,6.110500459382251,inf,inf,-0.00999999999999417,-0.00999999999999331,True,True,-inf,inf,inf,True,0
2890,2017-06-27,990.69,1008.1196518914043,17.429651891404205,-17.429651891404205,inf,inf,-0.004999999999994169,-0.004999999999993308,True,True,-inf,inf,inf,True,0
2891,2017-06-28,978.55,991.2515558090408,12.701555809040883,-12.701555809040883,inf,inf,5.8321403262340255e-15,6.692563170318522e-15,True,True,-inf,inf,inf,True,0
2892,2017-06-29,979.0,978.8169494590638,-0.1830505409361649,0.1830505409361649,28.867852672401852,43.55,0.005000000000005833,0.0050000000000066935,True,True,949.949096786662,1022.3669494590638,72.41785267240175,True,0
2893,2017-06-30,980.12,978.7797199558933,-1.3402800441067484,1.3402800441067484,18.138509608804952,37.34,0.010000000000005834,0.010000000000006695,True,True,960.6412103470883,1016.1197199558933,55.478509608804984,True,0
2894,2017-07-03,972.79,979.9034311373998,7.113431137399857,-7.113431137399857,14.192602502058548,22.77583573664367,0.015000000000005835,0.015000000000006695,True,True,965.7108286353413,1002.6792668740435,36.96843823870222,True,0
2895,2017-07-05,961.53,972.9039972054414,11.37399720544147,-11.37399720544147,12.701555809040883,17.85171953150052,0.020000000000005836,0.020000000000006696,True,True,960.2024413964006,990.755716736942,30.553275340541404,True,0
2896,2017-07-06,964.66,961.7681466143645,-2.8918533856354998,2.8918533856354998,10.92408695002726,15.655653019141141,0.025000000000005837,0.025000000000006697,True,True,950.8440596643372,977.4237996335056,26.579739969168372,True,0
2897,2017-07-07,969.55,964.3188952951953,-5.231104704804693,5.231104704804693,9.710274197597869,13.882077475492906,0.030000000000005838,0.0300000000000067,True,True,954.6086210975974,978.2009727706882,23.592351673090775,True,0
2898,2017-07-10,985.0,969.1761964291362,-15.823803570863788,15.823803570863788,8.80797472763895,12.647426188665804,0.03500000000000584,0.0350000000000067,True,False,960.3682217014973,981.823622617802,21.45540091630471,False,1
2899,2017-07-11,993.0,984.2181222137996,-8.781877786200425,8.781877786200425,8.244332513652125,inf,0.040000000000005836,-0.0599999999999933,True,True,975.9737897001474,inf,inf,True,0
2900,2017-07-12,1000.65,992.5511455246345,-8.098854475365442,8.098854475365442,7.6476897490383635,inf,0.04500000000000584,-0.054999999999993304,True,True,984.9034557755962,inf,inf,True,0
2901,2017-07-13,1004.62,1000.2035029664011,-4.416497033598944,4.416497033598944,7.113431137399857,inf,0.050000000000005845,-0.0499999999999933,True,True,993.0900718290012,inf,inf,True,0
2902,2017-07-14,1002.4,1004.3224609703369,1.9224609703369424,-1.9224609703369424,6.70560392513562,inf,0.05500000000000585,-0.044999999999993295,True,True,997.6168570452013,inf,inf,True,0
2903,2017-07-17,1004.69,1002.3360790501706,-2.353920949829444,2.353920949829444,6.319158763857388,inf,0.060000000000005854,-0.03999999999999329,True,True,996.0169202863133,inf,inf,True,0
2904,2017-07-18,1006.0,1004.4325334761709,-1.5674665238291254,1.5674665238291254,6.026140789719079,inf,0.06500000000000586,-0.034999999999993286,True,True,998.4063926864518,inf,inf,True,0
2905,2017-07-19,1025.0,1005.793046910072,-19.206953089927993,19.206953089927993,5.770098791240457,inf,0.07000000000000586,-0.029999999999993286,True,True,1000.0229481188316,inf,inf,True,0
2906,2017-07-20,1031.59,1024.098170007675,-7.491829992324938,7.491829992324938,5.38786984909774,inf,0.07500000000000587,-0.024999999999993285,True,True,1018.7103001585772,inf,inf,True,0
2907,2017-07-21,1021.28,1031.2382237037148,9.958223703714793,-9.958223703714793,5.118605903738285,inf,0.08000000000000587,-0.019999999999993284,False,True,1026.1196177999764,inf,inf,False,1
2908,2017-07-24,1028.34,1021.5536142786335,-6.7863857213664005,6.7863857213664005,inf,inf,-0.01499999999999413,-0.014999999999993283,True,True,-inf,inf,inf,True,0
2909,2017-07-25,1038.05,1027.889751508985,-10.160248491014954,10.160248491014954,inf,inf,-0.009999999999994128,-0.009999999999993282,True,True,-inf,inf,inf,True,0
2910,2017-07-26,1043.2,1037.544806975145,-5.6551930248549525,5.6551930248549525,inf,inf,-0.004999999999994127,-0.004999999999993281,True,True,-inf,inf,inf,True,0
2911,2017-07-27,1069.55,1042.887742626998,-26.66225737300192,26.66225737300192,inf,inf,5.873773689657469e-15,6.720318745934151e-15,True,True,-inf,inf,inf,True,0
2912,2017-07-28,1012.14,1068.402264437041,56.262264437040926,-56.262264437040926,28.867852672401852,43.55,0.005000000000005875,0.005000000000006721,False,True,1039.5344117646391,1111.9522644370409,72.41785267240175,False,1
2913,2017-07-31,1019.05,1014.2903819385676,-4.75961806143232,4.75961806143232,inf,37.25,-0.08999999999999413,0.010000000000006722,True,True,-inf,1051.5403819385676,inf,True,0
2914,2017-08-01,996.11,1018.4742281111427,22.364228111142666,-22.364228111142666,inf,23.0511723130943,-0.08499999999999412,0.015000000000006723,True,True,-inf,1041.525400424237,inf,True,0
2915,2017-08-02,1001.77,996.869459861562,-4.900540138438032,4.900540138438032,inf,18.091825655662433,-0.07999999999999412,0.020000000000006724,True,True,-inf,1014.9612855172244,inf,True,0
2916,2017-08-03,999.47,1001.2917330733317,1.821733073331643,-1.821733073331643,inf,15.98593978312681,-0.07499999999999411,0.025000000000006725,True,True,-inf,1017.2776728564585,inf,True,0
2917,2017-08-04,989.68,999.4014637380261,9.72146373802616,-9.72146373802616,inf,13.973324868287676,-0.06999999999999411,0.030000000000006726,True,True,-inf,1013.3747886063138,inf,True,0
2918,2017-08-07,990.65,989.8791479941738,-0.7708520058262138,0.7708520058262138,inf,12.71872009825347,-0.0649999999999941,0.03500000000000673,True,True,-inf,1002.5978680924272,inf,True,0
2919,2017-08-08,994.35,990.3912192733142,-3.958780726685859,3.958780726685859,inf,11.697837578350288,-0.0599999999999941,0.040000000000006725,True,True,-inf,1002.0890568516645,inf,True,0
2920,2017-08-09,982.6,994.0159972689803,11.415997268980277,-11.415997268980277,inf,11.032325635957704,-0.054999999999994095,0.04500000000000673,True,True,-inf,1005.048322904938,inf,True,0
2921,2017-08-10,976.3,982.8881410444794,6.588141044479471,-6.588141044479471,inf,10.160248491014954,-0.04999999999999409,0.050000000000006734,True,True,-inf,993.0483895354944,inf,True,0
2922,2017-08-11,960.0,976.3154817581234,16.315481758123383,-16.315481758123383,inf,9.792103917079714,-0.044999999999994086,0.05500000000000674,True,True,-inf,986.1075856752032,inf,True,0
2923,2017-08-14,978.41,960.417787621504,-17.992212378495992,17.992212378495992,inf,9.332247294948672,-0.03999999999999408,0.06000000000000674,True,False,-inf,969.7500349164527,inf,False,1
2924,2017-08-15,988.9,977.400305522119,-11.499694477881008,11.499694477881008,inf,inf,-0.03499999999999408,-0.03499999999999326,True,True,-inf,inf,inf,True,0
2925,2017-08-16,981.65,988.3338219598977,6.6838219598977275,-6.6838219598977275,inf,inf,-0.029999999999994077,-0.029999999999993258,True,True,-inf,inf,inf,True,0
2926,2017-08-17,977.84,981.7716766305076,3.9316766305075816,-3.9316766305075816,inf,inf,-0.024999999999994076,-0.024999999999993257,True,True,-inf,inf,inf,True,0
2927,2017-08-18,961.4,977.7669016984428,16.366901698442803,-16.366901698442803,inf,inf,-0.019999999999994075,-0.019999999999993256,True,True,-inf,inf,inf,True,0
2928,2017-08-21,957.57,961.8297837827578,4.259783782757722,-4.259783782757722,inf,inf,-0.014999999999994074,-0.014999999999993255,True,True,-inf,inf,inf,True,0
2929,2017-08-22,955.52,957.4526997405278,1.9326997405278235,-1.9326997405278235,inf,inf,-0.009999999999994073,-0.009999999999993254,True,True,-inf,inf,inf,True,0
2930,2017-08-23,959.38,955.3663279652249,-4.013672034775141,4.013672034775141,inf,inf,-0.004999999999994072,-0.004999999999993253,True,True,-inf,inf,inf,True,0
2931,2017-08-24,957.42,958.9944155693794,1.5744155693794255,-1.5744155693794255,inf,inf,5.929284840888727e-15,6.7480743215497796e-15,True,True,-inf,inf,inf,True,0
2932,2017-08-25,956.0,957.2859498955227,1.2859498955226627,-1.2859498955226627,28.90205105231712,43.55,0.00500000000000593,0.005000000000006749,True,True,928.3838988432055,1000.8359498955226,72.45205105231707,True,0
2933,2017-08-28,946.54,955.8247380007315,9.284738000731522,-9.284738000731522,19.28883592222428,37.25,0.010000000000005931,0.01000000000000675,True,True,936.5359020785072,993.0747380007315,56.53883592222428,True,0
2934,2017-08-29,940.0,946.6826243372761,6.682624337276138,-6.682624337276138,14.775062527264254,23.0511723130943,0.015000000000005932,0.015000000000006751,True,True,931.9075618100119,969.7337966503704,37.82623484035855,True,0
2935,2017-08-30,958.44,939.9959342460621,-18.444065753937934,18.444065753937934,13.191261503260762,18.091825655662433,0.020000000000005933,0.020000000000006752,True,False,926.8046727428014,958.0877599017246,31.283087158923195,False,1
2936,2017-08-31,974.7,957.4397649992839,-17.260235000716193,17.260235000716193,11.218672836821838,inf,0.025000000000005934,-0.07499999999999325,True,True,946.221092162462,inf,inf,True,0
2937,2017-09-01,984.2,973.8771696404718,-10.322830359528211,10.322830359528211,9.922509939345616,inf,0.030000000000005935,-0.06999999999999325,True,True,963.9546597011263,inf,inf,True,0
2938,2017-09-05,975.4,983.6549759323856,8.254975932385605,-8.254975932385605,9.160021828584604,inf,0.035000000000005936,-0.06499999999999324,True,True,974.494954103801,inf,inf,True,0
2939,2017-09-06,968.32,975.5622074202839,7.242207420283876,-7.242207420283876,8.495406709490453,inf,0.040000000000005934,-0.05999999999999324,True,True,967.0668007107935,inf,inf,True,0
2940,2017-09-07,974.0,968.3547070067557,-5.645292993244311,5.645292993244311,7.886781527856215,inf,0.04500000000000594,-0.054999999999993235,True,True,960.4679254788995,inf,inf,True,0
2941,2017-09-08,979.1,973.5300045488102,-5.569995451189811,5.569995451189811,7.410330130523505,inf,0.05000000000000594,-0.04999999999999323,True,True,966.1196744182866,inf,inf,True,0
2942,2017-09-11,974.46,978.6928517832555,4.232851783255455,-4.232851783255455,6.9649634374806055,inf,0.05500000000000595,-0.044999999999993226,True,True,971.7278883457749,inf,inf,True,0
2943,2017-09-12,983.27,974.4387924408813,-8.831207559118639,8.831207559118639,6.663221430392326,inf,0.06000000000000595,-0.03999999999999322,True,True,967.775571010489,inf,inf,True,0
2944,2017-09-13,983.97,982.6842550007722,-1.285744999227859,1.285744999227859,6.2876329013486725,inf,0.06500000000000596,-0.03499999999999322,True,True,976.3966220994234,inf,inf,True,0
2945,2017-09-14,996.8,983.7503346323499,-13.04966536765005,13.04966536765005,5.901579565597444,inf,0.07000000000000596,-0.029999999999993216,True,True,977.8487550667525,inf,inf,True,0
2946,2017-09-15,993.01,996.0744203209498,3.0644203209498073,-3.0644203209498073,5.703061802207799,inf,0.07500000000000596,-0.024999999999993215,True,True,990.371358518742,inf,inf,True,0
2947,2017-09-18,990.4,992.9878967128917,2.587896712891734,-2.587896712891734,5.3429839177990175,inf,0.08000000000000597,-0.019999999999993214,True,True,987.6449127950928,inf,inf,True,0
2948,2017-09-19,977.25,990.2796649290206,13.029664929020555,-13.029664929020555,5.029455179519971,inf,0.08500000000000597,-0.014999999999993213,False,True,985.2502097495005,inf,inf,False,1
2949,2017-09-20,971.79,977.5435282126527,5.753528212652782,-5.753528212652782,inf,inf,-0.009999999999994028,-0.009999999999993212,True,True,-inf,inf,inf,True,0
2950,2017-09-21,971.31,971.7416400835274,0.43164008352744077,-0.43164008352744077,inf,inf,-0.004999999999994027,-0.004999999999993211,True,True,-inf,inf,inf,True,0
2951,2017-09-22,961.01,971.0831318553506,10.073131855350653,-10.073131855350653,inf,inf,5.974387651264124e-15,6.789707684973223e-15,True,True,-inf,inf,inf,True,0
2952,2017-09-25,949.31,961.1825763596607,11.872576359660798,-11.872576359660798,28.90205105231712,43.55,0.005000000000005975,0.005000000000006791,True,True,932.2805253073436,1004.7325763596607,72.45205105231707,True,0
2953,2017-09-26,945.49,949.5004956039115,4.010495603911522,-4.010495603911522,19.28883592222428,37.25,0.010000000000005976,0.010000000000006792,True,True,930.2116596816873,986.7504956039115,56.53883592222428,True,0
2954,2017-09-27,948.0,945.3592928799247,-2.6407071200752625,2.6407071200752625,14.7341916148157,22.77583573664367,0.015000000000005977,0.015000000000006793,True,True,930.625101265109,968.1351286165684,37.51002735145937,True,0
2955,2017-09-28,951.86,947.6401365249586,-4.219863475041393,4.219863475041393,13.029664929020555,18.091825655662433,0.02000000000000598,0.020000000000006794,True,True,934.6104715959381,965.731962180621,31.121490584682988,True,0
2956,2017-09-29,960.11,951.4664552856024,-8.643544714397649,8.643544714397649,11.415997268980277,16.268711187433382,0.02500000000000598,0.025000000000006795,True,True,940.0504580166221,967.7351664730357,27.68470845641366,True,0
2957,2017-10-02,964.0,959.5480701142121,-4.451929885787877,4.451929885787877,9.988951082944595,14.499911127858638,0.03000000000000598,0.030000000000006796,True,True,949.5591190312675,974.0479812420708,24.48886221080329,True,0
2958,2017-10-03,958.0,963.6287996002077,5.628799600207685,-5.628799600207685,9.287816962420834,12.844833471415882,0.035000000000005985,0.035000000000006797,True,True,954.3409826377869,976.4736330716236,22.132650433836716,True,0
2959,2017-10-04,954.21,958.0065470328533,3.7965470328532547,-3.7965470328532547,8.527601998429304,11.926404781122756,0.04000000000000599,0.040000000000006794,True,True,949.478945034424,969.932951813976,20.45400677955206,True,0
2960,2017-10-05,970.0,954.096313404263,-15.903686595736986,15.903686595736986,7.9302506630996845,11.181140241715411,0.045000000000005994,0.0450000000000068,True,False,946.1660627411634,965.2774536459784,19.11139090481504,False,1
2961,2017-10-06,975.64,969.1127607633439,-6.527239236656101,6.527239236656101,7.494737428946451,inf,0.050000000000006,-0.0499999999999932,True,True,961.6180233343974,inf,inf,True,0
2962,2017-10-09,993.24,975.2243445587937,-18.015655441206263,18.015655441206263,7.075398062205409,inf,0.055000000000006,-0.0449999999999932,True,True,968.1489464965883,inf,inf,True,0
2963,2017-10-10,996.67,992.3234219427515,-4.346578057248507,4.346578057248507,6.682624337276138,inf,0.06000000000000601,-0.039999999999993194,True,True,985.6407976054753,inf,inf,True,0
2964,2017-10-11,991.27,996.3641079873458,5.094107987345865,-5.094107987345865,6.307734359826526,inf,0.06500000000000601,-0.03499999999999319,True,True,990.0563736275193,inf,inf,True,0
2965,2017-10-12,996.81,991.2675929070009,-5.542407092999042,5.542407092999042,5.937233423078084,inf,0.07000000000000602,-0.02999999999999319,True,True,985.3303594839228,inf,inf,True,0
2966,2017-10-13,1007.0,996.3470899658208,-10.652910034179172,10.652910034179172,5.721232322122091,inf,0.07500000000000602,-0.024999999999993187,True,True,990.6258576436987,inf,inf,True,0
2967,2017-10-16,1008.44,1006.3896807363445,-2.050319263655524,2.050319263655524,5.37449409503472,inf,0.08000000000000602,-0.019999999999993186,True,True,1001.0151866413098,inf,inf,True,0
2968,2017-10-17,1005.59,1008.1950506139784,2.605050613978392,-2.605050613978392,5.0723320230081015,inf,0.08500000000000603,-0.014999999999993185,True,True,1003.1227185909703,inf,inf,True,0
2969,2017-10-18,1009.27,1005.4869112453781,-3.783088754621872,3.783088754621872,4.910447712262339,inf,0.09000000000000603,-0.009999999999993184,True,True,1000.5764635331158,inf,inf,True,0
2970,2017-10-19,990.0,1008.8952236941204,18.895223694120432,-18.895223694120432,4.737598771371339,inf,0.09500000000000604,-0.0049999999999931835,False,True,1004.157624922749,inf,inf,False,1
2971,2017-10-20,993.53,990.5402017408293,-2.9897982591706977,2.9897982591706977,inf,inf,6.036837696399289e-15,6.817463260588852e-15,True,True,-inf,inf,inf,True,0
2972,2017-10-23,986.73,993.0992212402666,6.369221240266597,-6.369221240266597,28.90205105231712,43.55,0.005000000000006038,0.0050000000000068184,True,True,964.1971701879495,1036.6492212402666,72.45205105231707,True,0
2973,2017-10-24,969.0,986.7749547201987,17.774954720198707,-17.774954720198707,19.28883592222428,37.25,0.010000000000006039,0.01000000000000682,True,True,967.4861187979744,1024.0249547201988,56.53883592222439,True,0
2974,2017-10-25,978.0,969.4322651228831,-8.56773487711689,8.56773487711689,14.962544374099338,22.77583573664367,0.01500000000000604,0.01500000000000682,True,True,954.4697207487837,992.2081008595268,37.73838011074304,True,0
2975,2017-10-26,980.33,977.3410495714484,-2.988950428551675,2.988950428551675,13.283763991060482,18.091825655662433,0.02000000000000604,0.02000000000000682,True,True,964.0572855803879,995.4328752271108,31.375589646722915,True,0
2976,2017-10-27,1058.14,980.0208552927859,-78.11914470721422,78.11914470721422,11.535116995791213,16.268711187433382,0.02500000000000604,0.025000000000006822,True,False,968.4857382969947,996.2895664802193,27.803828183224596,False,1
2977,2017-10-30,1095.01,1054.7383432939669,-40.27165670603313,40.27165670603313,10.073131855350653,inf,0.030000000000006043,-0.06999999999999318,True,True,1044.665211438616,inf,inf,True,0
2978,2017-10-31,1109.0,1093.6994287722798,-15.300571227720184,15.300571227720184,9.354270026270342,inf,0.03500000000000604,-0.06499999999999317,True,True,1084.3451587460095,inf,inf,True,0
2979,2017-11-01,1105.4,1108.4669991284536,3.066999128453517,-3.066999128453517,8.55436997936556,inf,0.040000000000006045,-0.05999999999999317,True,True,1099.912629149088,inf,inf,True,0
2980,2017-11-02,1097.81,1105.4383889972469,7.62838899724693,-7.62838899724693,7.938907590292899,inf,0.04500000000000605,-0.054999999999993165,True,True,1097.499481406954,inf,inf,True,0
2981,2017-11-03,1091.15,1097.9215152388824,6.77151523888233,-6.77151523888233,7.600020348549947,inf,0.050000000000006053,-0.04999999999999316,True,True,1090.3214948903324,inf,inf,True,0
2982,2017-11-06,1109.15,1091.203321239562,-17.94667876043809,17.94667876043809,7.100511119128555,inf,0.05500000000000606,-0.04499999999999316,True,True,1084.1028101204333,inf,inf,True,0
2983,2017-11-07,1124.74,1108.2777356041393,-16.462264395860757,16.462264395860757,6.695297591312965,inf,0.06000000000000606,-0.03999999999999315,True,True,1101.5824380128263,inf,inf,True,0
2984,2017-11-08,1122.82,1124.0731861062663,1.253186106266412,-1.253186106266412,6.38233882120187,inf,0.06500000000000607,-0.03499999999999315,True,True,1117.6908472850646,inf,inf,True,0
2985,2017-11-09,1125.96,1122.809059202806,-3.1509407971939254,3.1509407971939254,6.067227614121521,inf,0.07000000000000607,-0.029999999999993147,True,True,1116.7418315886846,inf,inf,True,0
2986,2017-11-10,1126.1,1125.691099235236,-0.4089007647639846,0.4089007647639846,5.809636415782052,inf,0.07500000000000608,-0.024999999999993146,True,True,1119.8814628194539,inf,inf,True,0
2987,2017-11-13,1123.0,1125.9637462214462,2.963746221446172,-2.963746221446172,5.399616352598684,inf,0.08000000000000608,-0.019999999999993145,True,True,1120.5641298688474,inf,inf,True,0
2988,2017-11-14,1130.11,1122.9710614549074,-7.138938545092515,7.138938545092515,5.1773635474714865,inf,0.08500000000000608,-0.014999999999993144,True,True,1117.793697907436,inf,inf,True,0
2989,2017-11-15,1127.01,1129.6853272593862,2.675327259386222,-2.675327259386222,4.976349735379813,inf,0.09000000000000609,-0.009999999999993143,True,True,1124.7089775240065,inf,inf,True,0
2990,2017-11-16,1130.16,1127.0094163988558,-3.1505836011442625,3.1505836011442625,4.763917406499843,inf,0.0950000000000061,-0.004999999999993142,True,True,1122.245498992356,inf,inf,True,0
2991,2017-11-17,1138.28,1129.8842152235807,-8.395784776419305,8.395784776419305,4.565267743209347,inf,0.1000000000000061,6.859096624012295e-15,True,True,1125.3189474803712,inf,inf,True,0
2992,2017-11-20,1129.77,1137.8451273183036,8.075127318303657,-8.075127318303657,4.430689735364524,43.76,0.1050000000000061,0.00500000000000686,False,True,1133.4144375829392,1181.6051273183036,48.19068973536446,False,1
2993,2017-11-21,1132.86,1129.9771074340335,-2.8828925659663582,2.8828925659663582,19.28883592222428,37.61,0.010000000000006101,0.010000000000006861,True,True,1110.6882715118093,1167.5871074340334,56.89883592222418,True,0
2994,2017-11-22,1141.0,1132.5647905687915,-8.435209431208477,8.435209431208477,14.962544374099338,24.30405681347247,0.015000000000006102,0.015000000000006862,True,True,1117.6022461946923,1156.868847382264,39.26660118757172,True,0
2995,2017-11-24,1160.7,1140.5628596409879,-20.137140359012164,20.137140359012164,13.283763991060482,18.444065753937934,0.020000000000006103,0.020000000000006863,True,False,1127.2790956499275,1159.006925394926,31.727829744998417,False,1
2996,2017-11-27,1202.66,1159.8570740592384,-42.802925940761725,42.802925940761725,11.535116995791213,inf,0.025000000000006104,-0.07499999999999314,True,True,1148.3219570634471,inf,inf,True,0
2997,2017-11-28,1204.88,1201.0560179912943,-3.823982008705798,3.823982008705798,10.073131855350653,inf,0.030000000000006105,-0.06999999999999314,True,True,1190.9828861359438,inf,inf,True,0
2998,2017-11-29,1194.8,1204.8910000553797,10.091000055379709,-10.091000055379709,9.354270026270342,inf,0.03500000000000611,-0.06499999999999313,False,True,1195.5367300291093,inf,inf,False,1
2999,2017-11-30,1167.1,1195.0974734824974,27.997473482497526,-27.997473482497526,inf,inf,-0.05999999999999389,-0.05999999999999313,True,True,-inf,inf,inf,True,0
3000,2017-12-01,1172.05,1167.969767550726,-4.080232449274035,4.080232449274035,inf,inf,-0.05499999999999389,-0.054999999999993124,True,True,-inf,inf,inf,True,0
3001,2017-12-04,1173.85,1171.643021153453,-2.2069788465469173,2.2069788465469173,inf,inf,-0.04999999999999388,-0.04999999999999312,True,True,-inf,inf,inf,True,0
3002,2017-12-05,1128.26,1173.6857476595203,45.42574765952031,-45.42574765952031,inf,inf,-0.04499999999999388,-0.044999999999993115,True,True,-inf,inf,inf,True,0
3003,2017-12-06,1137.99,1129.7849400716173,-8.205059928382752,8.205059928382752,inf,inf,-0.039999999999993874,-0.03999999999999311,True,True,-inf,inf,inf,True,0
3004,2017-12-07,1156.59,1137.30083276625,-19.289167233749822,19.289167233749822,inf,inf,-0.03499999999999387,-0.034999999999993106,True,True,-inf,inf,inf,True,0
3005,2017-12-08,1170.4,1155.7806127965011,-14.619387203498945,14.619387203498945,inf,inf,-0.02999999999999387,-0.029999999999993105,True,True,-inf,inf,inf,True,0
3006,2017-12-11,1164.6,1169.8185239392512,5.218523939251327,-5.218523939251327,inf,inf,-0.024999999999993867,-0.024999999999993104,True,True,-inf,inf,inf,True,0
3007,2017-12-12,1166.51,1164.7326217885443,-1.777378211455698,1.777378211455698,inf,inf,-0.019999999999993866,-0.019999999999993103,True,True,-inf,inf,inf,True,0
3008,2017-12-13,1170.0,1166.287860617214,-3.712139382786063,3.712139382786063,inf,inf,-0.014999999999993865,-0.014999999999993102,True,True,-inf,inf,inf,True,0
3009,2017-12-14,1163.71,1169.746552628534,6.036552628533855,-6.036552628533855,inf,inf,-0.009999999999993864,-0.009999999999993101,True,True,-inf,inf,inf,True,0
3010,2017-12-15,1179.03,1163.8215472071452,-15.208452792854814,15.208452792854814,inf,inf,-0.0049999999999938635,-0.0049999999999931,True,True,-inf,inf,inf,True,0
3011,2017-12-18,1187.37,1178.3062725525363,-9.063727447463634,9.063727447463634,inf,inf,6.1374516580059435e-15,6.900729987435739e-15,True,True,-inf,inf,inf,True,0
3012,2017-12-19,1189.15,1186.992591859538,-2.1574081404621666,2.1574081404621666,28.90205105231712,43.55,0.005000000000006138,0.005000000000006902,True,True,1158.0905408072208,1230.5425918595379,72.45205105231707,True,0
3013,2017-12-20,1190.5,1188.9968294460728,-1.503170553927248,1.503170553927248,19.53243049191792,37.61,0.01000000000000614,0.010000000000006903,True,True,1169.4643989541548,1226.6068294460727,57.14243049191782,True,0
3014,2017-12-21,1175.9,1190.3408667035208,14.440866703520669,-14.440866703520669,15.648951520661825,24.30405681347247,0.01500000000000614,0.015000000000006904,True,True,1174.691915182859,1214.6449235169932,39.95300833413421,True,0
3015,2017-12-22,1172.08,1176.319429418815,4.239429418815007,-4.239429418815007,13.346056464726985,19.206953089927993,0.02000000000000614,0.020000000000006905,True,True,1162.973372954088,1195.526382508743,32.553009554654864,True,0
3016,2017-12-26,1168.36,1172.039014336131,3.679014336131104,-3.679014336131104,11.690246021699409,16.678835437798057,0.025000000000006142,0.025000000000006906,True,True,1160.3487683144317,1188.7178497739292,28.369081459497465,True,0
3017,2017-12-27,1179.91,1168.3461796370748,-11.563820362925298,11.563820362925298,10.17138112416589,15.300571227720184,0.030000000000006143,0.030000000000006907,True,True,1158.1747985129089,1183.646750864795,25.471952351886102,True,0
3018,2017-12-28,1189.0,1179.3310810042246,-9.668918995775357,9.668918995775357,9.558980702105941,13.806674681144727,0.035000000000006144,0.03500000000000691,True,True,1169.7721003021188,1193.1377556853695,23.36565538325067,True,0
3019,2017-12-29,1182.35,1188.5741884613885,6.224188461388621,-6.224188461388621,8.72131187731074,12.647426188665804,0.04000000000000614,0.040000000000006905,True,True,1179.8528765840779,1201.2216146500543,21.36873806597646,True,0
