step,timestamp,y,forecast,score_lower,score_upper,q_lower,q_upper,alpha_lower,alpha_upper,lower_tail_covered,upper_tail_covered,lower_bound,upper_bound,width,covered,miss
0,2006-01-03,47.47,1.0,-46.47,46.47,inf,inf,0.05,0.05,True,True,-inf,inf,inf,True,0
1,2006-01-04,47.48,1.0,-46.48,46.48,inf,inf,0.05,0.05,True,True,-inf,inf,inf,True,0
2,2006-01-05,47.16,1.0,-46.16,46.16,inf,inf,0.05,0.05,True,True,-inf,inf,inf,True,0
3,2006-01-06,47.97,1.0,-46.97,46.97,inf,inf,0.05,0.05,True,True,-inf,inf,inf,True,0
4,2006-01-09,46.55,1.0,-45.55,45.55,inf,inf,0.05,0.05,True,True,-inf,inf,inf,True,0
5,2006-01-10,46.41,1.0,-45.41,45.41,inf,inf,0.05,0.05,True,True,-inf,inf,inf,True,0
6,2006-01-11,45.65,1.0,-44.65,44.65,inf,inf,0.05,0.05,True,True,-inf,inf,inf,True,0
7,2006-01-12,44.79,1.0,-43.79,43.79,inf,inf,0.05,0.05,True,True,-inf,inf,inf,True,0
8,2006-01-13,44.48,1.0,-43.48,43.48,inf,inf,0.05,0.05,True,True,-inf,inf,inf,True,0
9,2006-01-17,43.95,1.0,-42.95,42.95,inf,inf,0.05,0.05,True,True,-inf,inf,inf,True,0
10,2006-01-18,43.19,1.0,-42.19,42.19,inf,inf,0.05,0.05,True,True,-inf,inf,inf,True,0
11,2006-01-19,44.5,1.0,-43.5,43.5,inf,inf,0.05,0.05,True,True,-inf,inf,inf,True,0
12,2006-01-20,44.23,1.0,-43.23,43.23,inf,inf,0.05,0.05,True,True,-inf,inf,inf,True,0
13,2006-01-23,44.18,1.0,-43.18,43.18,inf,inf,0.05,0.05,True,True,-inf,inf,inf,True,0
14,2006-01-24,43.66,1.0,-42.66,42.66,inf,inf,0.05,0.05,True,True,-inf,inf,inf,True,0
15,2006-01-25,44.05,1.0,-43.05,43.05,inf,inf,0.05,0.05,True,True,-inf,inf,inf,True,0
16,2006-01-26,43.95,1.0,-42.95,42.95,inf,inf,0.05,0.05,True,True,-inf,inf,inf,True,0
17,2006-01-27,44.55,1.0,-43.55,43.55,inf,inf,0.05,0.05,True,True,-inf,inf,inf,True,0
18,2006-01-30,45.41,1.0,-44.41,44.41,inf,inf,0.05,0.05,True,True,-inf,inf,inf,True,0
19,2006-01-31,44.76,1.0,-43.76,43.76,inf,inf,0.05,0.05,True,True,-inf,inf,inf,True,0
20,2006-02-01,43.92,1.0,-42.92,42.92,inf,inf,0.05,0.05,True,True,-inf,inf,inf,True,0
21,2006-02-02,43.84,1.0,-42.84,42.84,-42.66,46.48,0.05,0.05,True,True,43.66,47.48,3.8200000000000003,True,0
22,2006-02-03,37.7,1.0,-36.7,36.7,-42.669,46.479499999999994,0.05,0.05,False,True,43.669,47.479499999999994,3.8104999999999976,False,1
23,2006-02-06,38.34,1.0,-37.34,37.34,-42.236999999999995,46.479,0.05,0.05,False,True,43.236999999999995,47.479,4.242000000000004,False,1
24,2006-02-07,38.08,1.0,-37.08,37.08,-38.06750000000001,46.4785,0.05,0.05,False,True,39.06750000000001,47.4785,8.410999999999987,False,1
25,2006-02-08,37.7,1.0,-36.7,36.7,-37.132,46.477999999999994,0.05,0.05,False,True,38.132,47.477999999999994,9.345999999999997,False,1
26,2006-02-09,38.61,1.0,-37.61,37.61,-36.795,46.4775,0.05,0.05,True,True,37.795,47.4775,9.682499999999997,True,0
27,2006-02-10,37.98,1.0,-36.98,36.98,-36.814,46.477,0.05,0.05,True,True,37.814,47.477,9.662999999999997,True,0
28,2006-02-13,38.25,1.0,-37.25,37.25,-36.798,46.476499999999994,0.05,0.05,True,True,37.798,47.476499999999994,9.678499999999993,True,0
29,2006-02-14,38.04,1.0,-37.04,37.04,-36.812,46.476,0.05,0.05,True,True,37.812,47.476,9.664000000000001,True,0
30,2006-02-15,38.24,38.41325158199922,0.1732515819992173,-0.1732515819992173,-36.826,46.4755,0.05,0.05,False,True,75.23925158199921,84.88875158199922,9.649500000000003,False,1
31,2006-02-16,39.37,38.4783940862664,-0.8916059137335992,0.8916059137335992,-36.7,46.474999999999994,0.05,0.05,False,True,75.1783940862664,84.9533940862664,9.775000000000006,False,1
32,2006-02-17,38.93,39.63605891896633,0.7060589189663276,-0.7060589189663276,-20.586222661180148,46.4745,0.05,0.05,False,True,60.22228158014647,86.11055891896632,25.888277338819847,False,1
33,2006-02-21,39.01,39.40671010288421,0.3967101028842137,-0.3967101028842137,-0.4656629154404741,46.474,0.05,0.05,False,True,39.87237301832469,85.88071010288421,46.00833708455952,False,1
34,2006-02-22,38.31,39.1658330509893,0.8558330509892969,-0.8558330509892969,0.25146206430896556,46.4735,0.05,0.05,False,True,38.91437098668033,85.63933305098931,46.724962064308976,False,1
35,2006-02-23,38.62,38.60097568705054,-0.019024312949454725,0.019024312949454725,0.48951474770884695,46.473,0.05,0.05,True,True,38.1114609393417,85.07397568705053,46.96251474770884,True,0
36,2006-02-24,38.25,38.699826987387354,0.44982698738735394,-0.44982698738735394,0.47404730690474217,46.4725,0.05,0.05,True,True,38.22577968048261,85.17232698738735,46.94654730690474,True,0
37,2006-02-27,38.4,38.54064306953705,0.14064306953704886,-0.14064306953704886,0.5010733737031475,46.472,0.05,0.05,True,True,38.0395696958339,85.01264306953705,46.97307337370315,True,0
38,2006-02-28,37.79,38.52578044853799,0.7357804485379944,-0.7357804485379944,0.4882617771241996,46.4715,0.05,0.05,False,True,38.03751867141379,84.99728044853799,46.9597617771242,False,1
39,2006-03-01,37.45,38.05820505702436,0.6082050570243567,-0.6082050570243567,0.7090310719234942,46.471,0.05,0.05,True,True,37.34917398510086,84.52920505702436,47.180031071923494,True,0
40,2006-03-02,35.64,37.56268180081046,1.9226818008104587,-1.9226818008104587,0.7075449954449108,46.4705,0.05,0.05,False,True,36.85513680536555,84.03318180081047,47.17804499544492,False,1
41,2006-03-03,36.89,35.88084949876878,-1.0091505012312183,1.0091505012312183,0.7357804485379944,46.47,0.05,0.05,True,True,35.14506905023079,82.35084949876878,47.20578044853799,True,0
42,2006-03-06,37.32,36.621909902820796,-0.6980900971792039,0.6980900971792039,0.734294372059411,46.454499999999996,0.05,0.05,True,True,35.88761553076139,83.07640990282079,47.1887943720594,True,0
43,2006-03-07,36.71,37.671239303273495,0.9612393032734943,-0.9612393032734943,0.7328082955808277,46.439,0.05,0.05,False,True,36.93843100769267,84.11023930327349,47.17180829558082,False,1
44,2006-03-08,36.72,36.987953316213456,0.2679533162134575,-0.2679533162134575,0.8378251606216016,46.4235,0.05,0.05,True,True,36.15012815559186,83.41145331621345,47.261325160621595,True,0
45,2006-03-09,36.8,36.80084817152182,0.0008481715218238151,-0.0008481715218238151,0.831822530499036,46.407999999999994,0.05,0.05,True,True,35.96902564102278,83.20884817152182,47.23982253049904,True,0
46,2006-03-10,36.24,36.94303628270688,0.7030362827068757,-0.7030362827068757,0.8258199003764712,46.3925,0.05,0.05,True,True,36.117216382330405,83.33553628270687,47.218319900376464,True,0
47,2006-03-13,36.31,36.45017725873504,0.1401772587350365,-0.1401772587350365,0.8198172702539056,46.376999999999995,0.05,0.05,True,True,35.63035998848113,82.82717725873503,47.1968172702539,True,0
48,2006-03-14,36.04,36.37427076486977,0.33427076486977114,-0.33427076486977114,0.8138146401313409,46.3615,0.05,0.05,True,True,35.56045612473843,82.73577076486977,47.17531464013134,True,0
49,2006-03-15,36.95,36.20850946770649,-0.7414905322935113,0.7414905322935113,0.8078120100087752,46.346,0.05,0.05,True,True,35.40069745769772,82.55450946770648,47.153812010008764,True,0
50,2006-03-16,37.08,36.94918796305458,-0.13081203694542154,0.13081203694542154,0.8018093798862104,46.330499999999994,0.05,0.05,True,True,36.14737858316837,83.27968796305457,47.1323093798862,True,0
51,2006-03-17,36.88,37.30713026067453,0.42713026067453086,-0.42713026067453086,0.7958067497636456,46.315,0.05,0.05,True,True,36.511323510910884,83.62213026067454,47.110806749763654,True,0
52,2006-03-20,35.92,37.03716698169513,1.117166981695128,-1.117166981695128,0.78980411964108,46.299499999999995,0.05,0.05,False,True,36.24736286205405,83.33666698169512,47.08930411964107,False,1
53,2006-03-21,36.33,36.1201032923631,-0.20989670763690071,0.20989670763690071,0.8979955519029756,46.284,0.05,0.05,True,True,35.222107740460125,82.40410329236309,47.181995551902965,True,0
54,2006-03-22,36.0,36.29757538918925,0.2975753891892481,-0.2975753891892481,0.8927252392887653,46.268499999999996,0.05,0.05,True,True,35.40485014990048,82.56607538918925,47.16122523928877,True,0
55,2006-03-23,35.96,36.19647313704774,0.23647313704773865,-0.23647313704773865,0.8874549266745557,46.25299999999999,0.05,0.05,True,True,35.30901821037318,82.44947313704773,47.14045492667455,True,0
56,2006-03-24,35.72,36.03773742653546,0.31773742653545867,-0.31773742653545867,0.8821846140603462,46.2375,0.05,0.05,True,True,35.15555281247511,82.27523742653545,47.11968461406035,True,0
57,2006-03-27,35.5,35.84879365032934,0.3487936503293412,-0.3487936503293412,0.8769143014461359,46.221999999999994,0.05,0.05,True,True,34.971879348883206,82.07079365032934,47.09891430144613,True,0
58,2006-03-28,35.21,35.60092043904647,0.390920439046468,-0.390920439046468,0.8716439888319263,46.2065,0.05,0.05,True,True,34.72927645021454,81.80742043904647,47.078143988831926,True,0
59,2006-03-29,35.69,35.31713515249522,-0.3728648475047791,0.3728648475047791,0.866373676217716,46.190999999999995,0.05,0.05,True,True,34.4507614762775,81.50813515249521,47.057373676217715,True,0
60,2006-03-30,36.45,35.700410301478186,-0.7495896985218167,0.7495896985218167,0.8611033636035064,46.17549999999999,0.05,0.05,True,True,34.83930693787468,81.87591030147817,47.03660336360349,True,0
61,2006-03-31,36.68,36.52111224716598,-0.15888775283401912,0.15888775283401912,0.8558330509892969,46.16,0.05,0.05,True,True,35.665279196176684,82.68111224716597,47.015833050989286,True,0
62,2006-04-03,36.67,36.83729451415845,0.1672945141584492,-0.1672945141584492,0.8498304208667312,46.12949999999999,0.05,0.05,True,True,35.98746409329172,82.96679451415844,46.97933042086672,True,0
63,2006-04-04,36.14,36.78736237403666,0.6473623740366605,-0.6473623740366605,0.8438277907441665,46.099,0.05,0.05,True,True,35.9435345832925,82.88636237403665,46.942827790744154,True,0
64,2006-04-05,36.66,36.285072605776854,-0.3749273942231426,0.3749273942231426,0.8378251606216008,46.06849999999999,0.05,0.05,True,True,35.447247445155256,82.35357260577685,46.90632516062159,True,0
65,2006-04-06,37.2,36.63545331112288,-0.5645466888771224,0.5645466888771224,0.831822530499036,46.038,0.05,0.05,True,True,35.80363078062384,82.67345331112287,46.86982253049903,True,0
66,2006-04-07,38.55,37.28137253559436,-1.2686274644056397,1.2686274644056397,0.8258199003764712,46.00749999999999,0.05,0.05,True,True,36.455552635217884,83.28887253559435,46.833319900376466,True,0
67,2006-04-10,37.16,38.571366770963415,1.4113667709634186,-1.4113667709634186,0.8198172702539056,45.977,0.05,0.05,False,True,37.75154950070951,84.54836677096341,46.796817270253904,False,1
68,2006-04-11,36.61,37.53878687465152,0.9287868746515215,-0.9287868746515215,0.924347114974025,45.94649999999999,0.05,0.05,False,True,36.614439759677495,83.4852868746515,46.87084711497401,False,1
69,2006-04-12,35.91,36.64987237487255,0.7398723748725544,-0.7398723748725544,0.948258331824705,45.916,0.05,0.05,True,True,35.70161404304785,82.56587237487255,46.86425833182471,True,0
70,2006-04-13,35.95,36.01595874936027,0.06595874936027002,-0.06595874936027002,0.9466357103936065,45.88549999999999,0.05,0.05,True,True,35.069323038966665,81.90145874936027,46.83213571039361,True,0
71,2006-04-17,36.47,35.96992038222933,-0.5000796177706661,0.5000796177706661,0.9450130889625079,45.855,0.05,0.05,True,True,35.02490729326682,81.82492038222932,46.8000130889625,True,0
72,2006-04-18,35.39,36.51189003088416,1.1218900308841597,-1.1218900308841597,0.9433904675314093,45.8245,0.05,0.05,False,True,35.56849956335275,82.33639003088416,46.76789046753141,False,1
73,2006-04-19,36.12,35.6353654146277,-0.484634585372298,0.484634585372298,1.0236103746421463,45.79399999999999,0.05,0.05,True,True,34.61175503998555,81.42936541462768,46.81761037464213,True,0
74,2006-04-20,36.7,36.02280445922612,-0.6771955407738801,0.6771955407738801,1.0158139907210653,45.76349999999999,0.05,0.05,True,True,35.00699046850506,81.78630445922612,46.77931399072106,True,0
75,2006-04-21,36.62,36.77913283853928,0.15913283853928561,-0.15913283853928561,1.008017606799984,45.733,0.05,0.05,True,True,35.7711152317393,82.51213283853929,46.741017606799986,True,0
76,2006-04-24,36.12,36.75304547161565,0.6330454716156524,-0.6330454716156524,1.0002212228789027,45.7025,0.05,0.05,True,True,35.752824248736744,82.45554547161565,46.70272122287891,True,0
77,2006-04-25,35.59,36.249000469353255,0.6590004693532521,-0.6590004693532521,0.9924248389578214,45.672,0.05,0.05,True,True,35.25657563039543,81.92100046935326,46.66442483895783,True,0
78,2006-04-26,35.34,35.69209390188234,0.35209390188233414,-0.35209390188233414,0.984628455036738,45.64149999999999,0.05,0.05,True,True,34.707465446845596,81.33359390188232,46.62612845503673,True,0
79,2006-04-27,35.5,35.40708458811624,-0.09291541188375874,0.09291541188375874,0.9768320711156567,45.611,0.05,0.05,True,True,34.43025251700058,81.01808458811624,46.587832071115656,True,0
80,2006-04-28,35.77,35.543499011202286,-0.22650098879771718,0.22650098879771718,0.9690356871945756,45.580499999999994,0.05,0.05,True,True,34.57446332400771,81.12399901120227,46.54953568719456,True,0
81,2006-05-01,35.19,35.8322809977151,0.6422809977151047,-0.6422809977151047,0.9612393032734943,45.55,0.05,0.05,True,True,34.87104169444161,81.3822809977151,46.51123930327349,True,0
82,2006-05-02,34.64,35.34578427570186,0.7057842757018591,-0.7057842757018591,0.9596166818423957,45.543,0.05,0.05,True,True,34.38616759385946,80.88878427570185,46.50261668184239,True,0
83,2006-05-03,34.29,34.73457213666613,0.4445721366661317,-0.4445721366661317,0.9579940604112968,45.535999999999994,0.05,0.05,True,True,33.776578076254836,80.27057213666612,46.49399406041128,True,0
84,2006-05-04,34.62,34.36544376773439,-0.25455623226560675,0.25455623226560675,0.9563714389801982,45.528999999999996,0.05,0.05,True,True,33.40907232875419,79.89444376773439,46.485371438980195,True,0
85,2006-05-05,34.64,34.638612704461515,-0.001387295538485489,0.001387295538485489,0.9547488175490997,45.522,0.05,0.05,True,True,33.68386388691241,80.16061270446151,46.4767488175491,True,0
86,2006-05-08,34.99,34.73339679140576,-0.25660320859424246,0.25660320859424246,0.9531261961180011,45.515,0.05,0.05,True,True,33.78027059528776,80.24839679140575,46.46812619611799,True,0
87,2006-05-09,34.42,35.02969801917967,0.6096980191796675,-0.6096980191796675,0.9515035746869025,45.507999999999996,0.05,0.05,True,True,34.078194444492766,80.53769801917966,46.45950357468689,True,0
88,2006-05-10,34.68,34.57080965437498,-0.1091903456250165,0.1091903456250165,0.9498809532558036,45.501,0.05,0.05,True,True,33.620928701119176,80.07180965437499,46.45088095325581,True,0
89,2006-05-11,34.12,34.68347957423927,0.563479574239274,-0.563479574239274,0.948258331824705,45.49399999999999,0.05,0.05,True,True,33.73522124241457,80.17747957423927,46.4422583318247,True,0
90,2006-05-12,33.56,34.26506724934898,0.7050672493489785,-0.7050672493489785,0.9466357103936065,45.486999999999995,0.05,0.05,True,True,33.31843153895537,79.75206724934898,46.43363571039361,True,0
91,2006-05-15,32.55,33.64296599246585,1.0929659924658495,-1.0929659924658495,0.9450130889625079,45.48,0.05,0.05,False,True,32.697952903503335,79.12296599246585,46.425013088962515,False,1
92,2006-05-16,32.84,32.65729720302995,-0.1827027969700552,0.1827027969700552,1.0205163134100546,45.473,0.05,0.05,True,True,31.636780889619892,78.13029720302995,46.49351631341006,True,0
93,2006-05-17,32.45,32.7982072613131,0.34820726131309954,-0.34820726131309954,1.0139299789504352,45.465999999999994,0.05,0.05,True,True,31.784277282362666,78.26420726131309,46.47992997895042,True,0
94,2006-05-18,31.71,32.57225323200624,0.862253232006239,-0.862253232006239,1.007343644490818,45.458999999999996,0.05,0.05,True,True,31.564909587515423,78.03125323200624,46.46634364449081,True,0
95,2006-05-19,32.66,31.80180926420809,-0.8581907357919079,0.8581907357919079,1.0007573100312004,45.452,0.05,0.05,True,True,30.801051954176888,77.25380926420809,46.4527573100312,True,0
96,2006-05-22,33.96,32.56906172466342,-1.3909382753365804,1.3909382753365804,0.9941709755715831,45.44499999999999,0.05,0.05,True,True,31.574890749091836,78.0140617246634,46.43917097557157,True,0
97,2006-05-23,35.0,33.989811905924995,-1.010188094075005,1.010188094075005,0.9875846411119638,45.437999999999995,0.05,0.05,True,True,33.00222726481303,79.42781190592498,46.42558464111195,True,0
98,2006-05-24,33.41,35.13601490055353,1.7260149005535368,-1.7260149005535368,0.9809983066523464,45.431,0.05,0.05,False,True,34.15501659390119,80.56701490055353,46.41199830665234,False,1
99,2006-05-25,35.36,33.6406877834316,-1.7193122165683974,1.7193122165683974,1.0953860913887772,45.42399999999999,0.05,0.05,True,True,32.54530169204283,79.0646877834316,46.51938609138877,True,0
100,2006-05-26,35.66,35.07913105455782,-0.5808689454421767,0.5808689454421767,1.0941760419273132,45.416999999999994,0.05,0.05,True,True,33.98495501263051,80.49613105455782,46.511176041927314,True,0
101,2006-05-30,35.73,35.81587679006547,0.08587679006546978,-0.08587679006546978,1.0929659924658495,45.41,0.05,0.05,True,True,34.72291079759962,81.22587679006546,46.50296599246584,True,0
102,2006-05-31,34.74,35.79989291218529,1.0598929121852905,-1.0598929121852905,1.0929659924658495,45.41,0.0505,0.0505,True,True,34.70692691971944,81.2098929121853,46.50296599246585,True,0
103,2006-06-01,34.62,34.91404725242171,0.2940472524217128,-0.2940472524217128,1.0929659924658495,45.41,0.051000000000000004,0.051000000000000004,True,True,33.82108125995586,80.3240472524217,46.502965992465846,True,0
104,2006-06-02,34.68,34.65321174226028,-0.02678825773971738,0.02678825773971738,1.0929659924658495,45.41,0.051500000000000004,0.051500000000000004,True,True,33.56024574979443,80.06321174226028,46.502965992465846,True,0
105,2006-06-05,34.46,34.73302657361969,0.2730265736196884,-0.2730265736196884,1.0929659924658495,45.41,0.052000000000000005,0.052000000000000005,True,True,33.64006058115384,80.1430265736197,46.50296599246585,True,0
106,2006-06-06,33.58,34.5499136312409,0.9699136312408996,-0.9699136312408996,1.0929659924658495,45.41,0.052500000000000005,0.052500000000000005,True,True,33.45694763877505,79.9599136312409,46.502965992465846,True,0
107,2006-06-07,33.4,33.72466139377225,0.3246613937722529,-0.3246613937722529,1.0929659924658495,45.41,0.053000000000000005,0.053000000000000005,True,True,32.6316954013064,79.13466139377225,46.502965992465846,True,0
108,2006-06-08,33.55,33.44289360104929,-0.10710639895070528,0.10710639895070528,1.0929659924658495,45.41,0.053500000000000006,0.053500000000000006,True,True,32.34992760858344,78.85289360104929,46.502965992465846,True,0
109,2006-06-09,33.5,33.59113932253861,0.09113932253860924,-0.09113932253860924,1.0929659924658495,45.41,0.054000000000000006,0.054000000000000006,True,True,32.49817333007276,79.0011393225386,46.502965992465846,True,0
110,2006-06-12,34.0,33.57449655896196,-0.42550344103803894,0.42550344103803894,1.0929659924658495,45.41,0.05450000000000001,0.05450000000000001,True,True,32.48153056649611,78.98449655896195,46.50296599246584,True,0
111,2006-06-13,33.49,34.010460235715556,0.5204602357155537,-0.5204602357155537,1.0598929121852905,44.65,0.05500000000000001,0.05500000000000001,True,True,32.950567323530265,78.66046023571556,45.709892912185296,True,0
112,2006-06-14,33.5,33.62609101252737,0.1260910125273682,-0.1260910125273682,1.0598929121852905,44.65,0.05550000000000001,0.05550000000000001,True,True,32.56619810034208,78.27609101252736,45.70989291218528,True,0
113,2006-06-15,33.84,33.53703134017222,-0.3029686598277834,0.3029686598277834,1.0598929121852905,44.65,0.05600000000000001,0.05600000000000001,True,True,32.47713842798693,78.18703134017221,45.70989291218528,True,0
114,2006-06-16,34.88,33.86495008019631,-1.015049919803694,1.015049919803694,1.0598929121852905,44.65,0.05650000000000001,0.05650000000000001,True,True,32.80505716801102,78.51495008019631,45.709892912185296,True,0
115,2006-06-19,35.2,34.8536503697342,-0.3463496302658058,0.3463496302658058,1.0598929121852905,44.65,0.05700000000000001,0.05700000000000001,True,True,33.79375745754891,79.5036503697342,45.709892912185296,True,0
116,2006-06-20,35.01,35.271414373217816,0.2614143732178178,-0.2614143732178178,1.0598929121852905,44.65,0.05750000000000001,0.05750000000000001,True,True,34.211521461032525,79.92141437321781,45.70989291218529,True,0
117,2006-06-21,35.34,35.09656991836152,-0.24343008163848623,0.24343008163848623,1.0598929121852905,44.65,0.05800000000000001,0.05800000000000001,True,True,34.03667700617623,79.74656991836152,45.70989291218529,True,0
118,2006-06-22,36.55,35.355092872806686,-1.1949071271933107,1.1949071271933107,1.0598929121852905,44.65,0.05850000000000001,0.05850000000000001,True,True,34.295199960621396,80.00509287280669,45.70989291218529,True,0
119,2006-06-23,36.46,36.50517892236388,0.04517892236388121,-0.04517892236388121,1.0598929121852905,44.65,0.05900000000000001,0.05900000000000001,True,True,35.44528601017859,81.15517892236389,45.709892912185296,True,0
120,2006-06-26,36.55,36.56523411359629,0.015234113596292786,-0.015234113596292786,0.9699136312408996,44.41,0.05950000000000001,0.05950000000000001,True,True,35.59532048235539,80.97523411359629,45.379913631240896,True,0
121,2006-06-27,36.72,36.5830322580369,-0.13696774196309747,0.13696774196309747,0.9699136312408996,44.41,0.06000000000000001,0.06000000000000001,True,True,35.613118626796,80.99303225803689,45.37991363124089,True,0
122,2006-06-28,36.7,36.76317471508242,0.06317471508241823,-0.06317471508241823,0.9699136312408996,44.41,0.06050000000000001,0.06050000000000001,True,True,35.79326108384152,81.17317471508241,45.37991363124089,True,0
123,2006-06-29,36.82,36.74885308499364,-0.07114691500635928,0.07114691500635928,0.9699136312408996,44.41,0.06100000000000001,0.06100000000000001,True,True,35.77893945375274,81.15885308499364,45.379913631240896,True,0
124,2006-06-30,38.58,36.849992962893005,-1.7300070371069936,1.7300070371069936,0.9699136312408996,44.41,0.06150000000000001,0.06150000000000001,True,True,35.880079331652105,81.259992962893,45.37991363124089,True,0
125,2006-07-03,38.52,38.45924447957441,-0.06075552042559451,0.06075552042559451,0.9699136312408996,44.41,0.06200000000000001,0.06200000000000001,True,True,37.48933084833351,82.8692444795744,45.379913631240896,True,0
126,2006-07-05,38.28,38.624569621735425,0.34456962173542394,-0.34456962173542394,0.9699136312408996,44.41,0.06250000000000001,0.06250000000000001,True,True,37.654655990494525,83.03456962173541,45.37991363124089,True,0
127,2006-07-06,37.07,38.323561451474085,1.2535614514740843,-1.2535614514740843,0.9699136312408996,44.41,0.06300000000000001,0.06300000000000001,False,True,37.353647820233185,82.73356145147409,45.3799136312409,False,1
128,2006-07-07,36.71,37.19427304883096,0.484273048830957,-0.484273048830957,1.0929659924658495,43.79,0.05350000000000001,0.06350000000000001,True,True,36.10130705636511,80.98427304883096,44.88296599246585,True,0
129,2006-07-10,36.3,36.73256173687569,0.4325617368756909,-0.4325617368756909,1.0929659924658495,43.79,0.05400000000000001,0.06400000000000002,True,True,35.63959574440984,80.52256173687569,44.88296599246585,True,0
130,2006-07-11,35.74,36.35939341484365,0.6193934148436497,-0.6193934148436497,1.0598929121852905,43.79,0.054500000000000014,0.06450000000000002,True,True,35.29950050265836,80.14939341484364,44.84989291218528,True,0
131,2006-07-12,35.6,35.80986844191193,0.20986844191192944,-0.20986844191192944,1.0598929121852905,43.79,0.055000000000000014,0.06500000000000002,True,True,34.74997552972664,79.59986844191192,44.84989291218528,True,0
132,2006-07-13,34.33,35.63524027338917,1.305240273389174,-1.305240273389174,1.0598929121852905,43.79,0.055500000000000015,0.06550000000000002,False,True,34.57534736120388,79.42524027338916,44.84989291218528,False,1
133,2006-07-14,33.51,34.462794903058,0.952794903057999,-0.952794903057999,1.117166981695128,43.79,0.04600000000000001,0.06600000000000002,True,True,33.34562792136287,78.252794903058,44.907166981695134,True,0
134,2006-07-17,32.79,33.54195957575999,0.7519595757599902,-0.7519595757599902,1.117166981695128,43.79,0.046500000000000014,0.06650000000000002,True,True,32.42479259406486,77.33195957575998,44.90716698169512,True,0
135,2006-07-18,33.65,32.82988056506384,-0.82011943493616,0.82011943493616,1.117166981695128,43.79,0.047000000000000014,0.06700000000000002,True,True,31.71271358336871,76.61988056506384,44.90716698169513,True,0
136,2006-07-19,33.5,33.630518476760294,0.13051847676029382,-0.13051847676029382,1.117166981695128,43.76,0.047500000000000014,0.06750000000000002,True,True,32.513351495065166,77.39051847676029,44.877166981695126,True,0
137,2006-07-20,34.39,33.631340754339256,-0.7586592456607448,0.7586592456607448,1.117166981695128,43.76,0.048000000000000015,0.06800000000000002,True,True,32.51417377264413,77.39134075433925,44.877166981695126,True,0
138,2006-07-21,33.85,34.399949060042445,0.5499490600424437,-0.5499490600424437,1.117166981695128,43.76,0.048500000000000015,0.06850000000000002,True,True,33.28278207834732,78.15994906004244,44.87716698169512,True,0
139,2006-07-24,33.35,34.0115889875218,0.661588987521796,-0.661588987521796,1.117166981695128,43.76,0.049000000000000016,0.06900000000000002,True,True,32.89442200582667,77.7715889875218,44.877166981695126,True,0
140,2006-07-25,34.0,33.40604869751714,-0.5939513024828571,0.5939513024828571,1.117166981695128,43.76,0.049500000000000016,0.06950000000000002,True,True,32.288881715822015,77.16604869751714,44.877166981695126,True,0
141,2006-07-26,28.76,33.99535339483858,5.2353533948385795,-5.2353533948385795,1.0929659924658495,43.76,0.05000000000000002,0.07000000000000002,False,True,32.90238740237273,77.75535339483858,44.85296599246585,False,1
142,2006-07-27,26.45,29.391374614560583,2.9413746145605835,-2.9413746145605835,1.2535614514740843,43.76,0.040500000000000015,0.07050000000000002,False,True,28.1378131630865,73.15137461456058,45.01356145147408,False,1
143,2006-07-28,26.8,26.006529442666203,-0.7934705573337979,0.7934705573337979,1.4113667709634186,43.55,0.031000000000000014,0.07100000000000002,True,True,24.595162671702784,69.5565294426662,44.96136677096342,True,0
144,2006-07-31,27.02,26.83328523545193,-0.18671476454807134,0.18671476454807134,1.4113667709634186,43.55,0.031500000000000014,0.07150000000000002,True,True,25.42191846448851,70.38328523545192,44.96136677096341,True,0
145,2006-08-01,26.55,27.12848398921499,0.5784839892149876,-0.5784839892149876,1.4113667709634186,43.55,0.032000000000000015,0.07200000000000002,True,True,25.71711721825157,70.67848398921498,44.96136677096341,True,0
146,2006-08-02,26.15,26.605435509121452,0.4554355091214539,-0.4554355091214539,1.4113667709634186,43.55,0.032500000000000015,0.07250000000000002,True,True,25.194068738158034,70.15543550912145,44.96136677096341,True,0
147,2006-08-03,26.09,26.18808366017156,0.0980836601715609,-0.0980836601715609,1.4113667709634186,43.55,0.033000000000000015,0.07300000000000002,True,True,24.776716889208142,69.73808366017155,44.96136677096341,True,0
148,2006-08-04,26.94,26.146442737605774,-0.7935572623942271,0.7935572623942271,1.4113667709634186,43.55,0.033500000000000016,0.07350000000000002,True,True,24.735075966642356,69.69644273760576,44.96136677096341,True,0
149,2006-08-07,27.19,27.06648959194053,-0.12351040805947022,0.12351040805947022,1.305240273389174,43.55,0.034000000000000016,0.07400000000000002,True,True,25.761249318551357,70.61648959194054,44.85524027338918,True,0
150,2006-08-08,26.8,27.43469881150622,0.6346988115062189,-0.6346988115062189,1.305240273389174,43.5,0.03450000000000002,0.07450000000000002,True,True,26.129458538117046,70.93469881150622,44.805240273389174,True,0
151,2006-08-09,26.54,26.850870270801813,0.3108702708018143,-0.3108702708018143,1.305240273389174,43.5,0.03500000000000002,0.07500000000000002,True,True,25.54562999741264,70.3508702708018,44.80524027338917,True,0
152,2006-08-10,26.2,26.58803682165518,0.38803682165518083,-0.38803682165518083,1.305240273389174,43.5,0.03550000000000002,0.07550000000000003,True,True,25.282796548266006,70.08803682165518,44.805240273389174,True,0
153,2006-08-11,26.43,26.240398288425364,-0.18960171157463535,0.18960171157463535,1.305240273389174,43.5,0.03600000000000002,0.07600000000000003,True,True,24.93515801503619,69.74039828842537,44.805240273389174,True,0
154,2006-08-14,26.22,26.503951335152546,0.28395133515254756,-0.28395133515254756,1.305240273389174,43.5,0.03650000000000002,0.07650000000000003,True,True,25.198711061763372,70.00395133515255,44.805240273389174,True,0
155,2006-08-15,26.97,26.271589700712255,-0.6984102992877439,0.6984102992877439,1.305240273389174,43.5,0.03700000000000002,0.07700000000000003,True,True,24.96634942732308,69.77158970071225,44.805240273389174,True,0
156,2006-08-16,27.97,27.180167576992098,-0.7898324230079012,0.7898324230079012,1.305240273389174,43.48,0.03750000000000002,0.07750000000000003,True,True,25.874927303602924,70.6601675769921,44.78524027338917,True,0
157,2006-08-17,27.96,28.23445638671261,0.2744563867126075,-0.2744563867126075,1.305240273389174,43.48,0.03800000000000002,0.07800000000000003,True,True,26.929216113323434,71.71445638671261,44.78524027338918,True,0
158,2006-08-18,29.09,28.147064857694925,-0.9429351423050747,0.9429351423050747,1.2535614514740843,43.48,0.03850000000000002,0.07850000000000003,True,True,26.89350340622084,71.62706485769492,44.733561451474074,True,0
159,2006-08-21,28.7,29.245125741575144,0.5451257415751449,-0.5451257415751449,1.2535614514740843,43.48,0.03900000000000002,0.07900000000000003,True,True,27.99156429010106,72.72512574157514,44.73356145147408,True,0
160,2006-08-22,28.14,28.782762987665386,0.6427629876653853,-0.6427629876653853,1.2535614514740843,43.48,0.03950000000000002,0.07950000000000003,True,True,27.5292015361913,72.26276298766538,44.73356145147408,True,0
161,2006-08-23,28.56,28.171295168332932,-0.3887048316670665,0.3887048316670665,1.2535614514740843,43.48,0.04000000000000002,0.08000000000000003,True,True,26.917733716858848,71.65129516833292,44.733561451474074,True,0
162,2006-08-24,28.24,28.647892710039674,0.4078927100396754,-0.4078927100396754,1.2535614514740843,43.48,0.04050000000000002,0.08050000000000003,True,True,27.39433125856559,72.12789271003967,44.73356145147409,True,0
163,2006-08-25,27.79,28.299578779054062,0.5095787790540633,-0.5095787790540633,1.2535614514740843,43.23,0.04100000000000002,0.08100000000000003,True,True,27.04601732757998,71.52957877905406,44.48356145147409,True,0
164,2006-08-28,28.4,27.916992338826702,-0.4830076611732963,0.4830076611732963,1.2535614514740843,43.23,0.04150000000000002,0.08150000000000003,True,True,26.663430887352618,71.14699233882669,44.483561451474074,True,0
165,2006-08-29,28.97,28.49631223022871,-0.47368776977128846,0.47368776977128846,1.2535614514740843,43.23,0.04200000000000002,0.08200000000000003,True,True,27.242750778754626,71.7263122302287,44.483561451474074,True,0
166,2006-08-30,29.57,29.08336956798179,-0.48663043201820955,0.48663043201820955,1.1218900308841597,43.23,0.042500000000000024,0.08250000000000003,True,True,27.96147953709763,72.3133695679818,44.351890030884164,True,0
167,2006-08-31,30.75,29.68714006364004,-1.0628599363599598,1.0628599363599598,1.1218900308841597,43.23,0.043000000000000024,0.08300000000000003,True,True,28.56525003275588,72.91714006364003,44.35189003088415,True,0
168,2006-09-01,30.85,30.918712380915665,0.06871238091566312,-0.06871238091566312,1.1218900308841597,43.23,0.043500000000000025,0.08350000000000003,True,True,29.796822350031505,74.14871238091567,44.351890030884164,True,0
169,2006-09-05,31.61,30.95195931206019,-0.6580406879398097,0.6580406879398097,1.1218900308841597,43.18,0.044000000000000025,0.08400000000000003,True,True,29.83006928117603,74.13195931206019,44.30189003088416,True,0
170,2006-09-06,31.76,31.731834006148876,-0.028165993851125393,0.028165993851125393,1.1218900308841597,43.18,0.044500000000000026,0.08450000000000003,True,True,30.609943975264716,74.91183400614888,44.30189003088417,True,0
171,2006-09-07,30.57,31.85763594814631,1.2876359481463098,-1.2876359481463098,1.1218900308841597,43.18,0.045000000000000026,0.08500000000000003,False,True,30.73574591726215,75.03763594814632,44.30189003088417,False,1
172,2006-09-08,30.19,30.561364043574297,0.371364043574296,-0.371364043574296,1.2876359481463098,43.18,0.035500000000000025,0.08550000000000003,True,True,29.273728095427987,73.7413640435743,44.46763594814631,True,0
173,2006-09-11,30.23,30.20858152285174,-0.021418477148259285,0.021418477148259285,1.2876359481463098,43.18,0.036000000000000025,0.08600000000000003,True,True,28.92094557470543,73.38858152285174,44.46763594814631,True,0
174,2006-09-12,30.87,30.292606824256453,-0.5773931757435484,0.5773931757435484,1.2876359481463098,43.18,0.036500000000000025,0.08650000000000004,True,True,29.004970876110143,73.47260682425645,44.4676359481463,True,0
175,2006-09-13,31.73,30.983844092677334,-0.7461559073226667,0.7461559073226667,1.2876359481463098,43.05,0.037000000000000026,0.08700000000000004,True,True,29.696208144531024,74.03384409267733,44.3376359481463,True,0
176,2006-09-14,31.54,31.87228876456662,0.33228876456661993,-0.33228876456661993,1.2876359481463098,43.05,0.037500000000000026,0.08750000000000004,True,True,30.58465281642031,74.92228876456662,44.33763594814631,True,0
177,2006-09-15,31.9,31.60235106876437,-0.29764893123562786,0.29764893123562786,1.2876359481463098,43.05,0.03800000000000003,0.08800000000000004,True,True,30.31471512061806,74.65235106876437,44.337635948146314,True,0
178,2006-09-18,32.44,31.98294952042564,-0.45705047957435596,0.45705047957435596,1.2876359481463098,43.05,0.03850000000000003,0.08850000000000004,True,True,30.695313572279332,75.03294952042563,44.3376359481463,True,0
179,2006-09-19,32.24,32.54403425861738,0.3040342586173779,-0.3040342586173779,1.2876359481463098,43.05,0.03900000000000003,0.08900000000000004,True,True,31.25639831047107,75.59403425861737,44.3376359481463,True,0
180,2006-09-20,31.81,32.29119839168726,0.4811983916872613,-0.4811983916872613,1.2535614514740843,42.95,0.03950000000000003,0.08950000000000004,True,True,31.037636940213176,75.24119839168726,44.20356145147409,True,0
181,2006-09-21,32.24,31.833528257033585,-0.4064717429664171,0.4064717429664171,1.2535614514740843,42.95,0.04000000000000003,0.09000000000000004,True,True,30.5799668055595,74.7835282570336,44.203561451474094,True,0
182,2006-09-22,30.22,32.32151731624129,2.101517316241292,-2.101517316241292,1.2535614514740843,42.95,0.04050000000000003,0.09050000000000004,False,True,31.067955864767207,75.2715173162413,44.203561451474094,False,1
183,2006-09-25,31.05,30.16849283075591,-0.8815071692440917,0.8815071692440917,1.4113667709634186,42.95,0.031000000000000028,0.09100000000000004,True,True,28.75712605979249,73.11849283075591,44.36136677096342,True,0
184,2006-09-26,31.89,31.102013231452965,-0.7879867685470359,0.7879867685470359,1.4113667709634186,42.95,0.03150000000000003,0.09150000000000004,True,True,29.690646460489546,74.05201323145297,44.36136677096343,True,0
185,2006-09-27,32.28,32.0085266427174,-0.271473357282602,0.271473357282602,1.4113667709634186,42.95,0.03200000000000003,0.09200000000000004,True,True,30.59715987175398,74.9585266427174,44.36136677096342,True,0
186,2006-09-28,32.27,32.3724245247538,0.10242452475379338,-0.10242452475379338,1.305240273389174,42.95,0.03250000000000003,0.09250000000000004,True,True,31.067184251364623,75.3224245247538,44.25524027338918,True,0
187,2006-09-29,32.01,32.33050155533755,0.3205015553375503,-0.3205015553375503,1.305240273389174,42.95,0.03300000000000003,0.09300000000000004,True,True,31.025261281948374,75.28050155533755,44.25524027338918,True,0
188,2006-10-02,31.98,32.05136079688728,0.07136079688728003,-0.07136079688728003,1.305240273389174,42.95,0.03350000000000003,0.09350000000000004,True,True,30.746120523498107,75.00136079688728,44.25524027338918,True,0
189,2006-10-03,30.9,32.03104975458249,1.1310497545824916,-1.1310497545824916,1.305240273389174,42.95,0.03400000000000003,0.09400000000000004,True,True,30.725809481193316,74.9810497545825,44.255240273389184,True,0
190,2006-10-04,31.75,30.900327429247024,-0.8496725707529755,0.8496725707529755,1.305240273389174,42.95,0.03450000000000003,0.09450000000000004,True,True,29.59508715585785,73.85032742924703,44.25524027338918,True,0
191,2006-10-05,32.68,31.83370691404741,-0.8462930859525883,0.8462930859525883,1.305240273389174,42.92,0.03500000000000003,0.09500000000000004,True,True,30.528466640658237,74.75370691404741,44.225240273389176,True,0
192,2006-10-06,33.15,32.793723105322485,-0.35627689467751367,0.35627689467751367,1.305240273389174,42.92,0.03550000000000003,0.09550000000000004,True,True,31.48848283193331,75.71372310532249,44.225240273389176,True,0
193,2006-10-09,32.49,33.236777951198135,0.7467779511981334,-0.7467779511981334,1.305240273389174,42.92,0.03600000000000003,0.09600000000000004,True,True,31.93153767780896,76.15677795119814,44.225240273389176,True,0
194,2006-10-10,33.27,32.50736253578195,-0.7626374642180522,0.7626374642180522,1.2876359481463098,42.92,0.03650000000000003,0.09650000000000004,True,True,31.21972658763564,75.42736253578195,44.20763594814631,True,0
195,2006-10-11,32.61,33.35176719886929,0.7417671988692902,-0.7417671988692902,1.2876359481463098,42.92,0.03700000000000003,0.09700000000000004,True,True,32.06413125072298,76.2717671988693,44.20763594814632,True,0
196,2006-10-12,33.1,32.63861221844261,-0.46138778155739146,0.46138778155739146,1.2876359481463098,42.84,0.03750000000000003,0.09750000000000004,True,True,31.3509762702963,75.4786122184426,44.127635948146306,True,0
197,2006-10-13,33.35,33.15947148497636,-0.19052851502364376,0.19052851502364376,1.2876359481463098,42.84,0.038000000000000034,0.09800000000000005,True,True,31.871835536830048,75.99947148497637,44.12763594814632,True,0
198,2006-10-16,32.85,33.41270427769678,0.5627042776967812,-0.5627042776967812,1.2876359481463098,42.84,0.038500000000000034,0.09850000000000005,True,True,32.12506832955047,76.25270427769678,44.127635948146306,True,0
199,2006-10-17,32.2,32.87812912999045,0.6781291299904453,-0.6781291299904453,1.2876359481463098,42.84,0.039000000000000035,0.09900000000000005,True,True,31.59049318184414,75.71812912999044,44.127635948146306,True,0
200,2006-10-18,32.57,32.21584467598637,-0.35415532401363237,0.35415532401363237,1.2876359481463098,42.84,0.039500000000000035,0.09950000000000005,True,True,30.928208727840058,75.05584467598638,44.12763594814632,True,0
201,2006-10-19,32.17,32.631182527744976,0.4611825277449739,-0.4611825277449739,1.2535614514740843,42.66,0.040000000000000036,0.10000000000000005,True,True,31.37762107627089,75.29118252774498,43.91356145147409,True,0
202,2006-10-20,32.69,32.2089636636473,-0.4810363363526946,0.4810363363526946,1.2535614514740843,42.66,0.040500000000000036,0.10050000000000005,True,True,30.95540221217322,74.86896366364729,43.913561451474074,True,0
203,2006-10-23,32.47,32.7566867022846,0.286686702284598,-0.286686702284598,1.2535614514740843,42.66,0.041000000000000036,0.10100000000000005,True,True,31.503125250810513,75.4166867022846,43.91356145147408,True,0
204,2006-10-24,32.87,32.517961054283454,-0.3520389457165436,0.3520389457165436,1.2535614514740843,42.66,0.04150000000000004,0.10150000000000005,True,True,31.26439960280937,75.17796105428346,43.91356145147409,True,0
205,2006-10-25,37.3,32.93067750194552,-4.36932249805448,4.36932249805448,1.2535614514740843,42.66,0.04200000000000004,0.10200000000000005,True,True,31.677116050471433,75.59067750194552,43.91356145147409,True,0
206,2006-10-26,37.25,37.57079987602499,0.32079987602499216,-0.32079987602499216,1.2535614514740843,42.19,0.04250000000000004,0.10250000000000005,True,True,36.31723842455091,79.76079987602499,43.44356145147408,True,0
207,2006-10-27,38.15,37.295351890278205,-0.8546481097217935,0.8546481097217935,1.2535614514740843,42.19,0.04300000000000004,0.10300000000000005,True,True,36.04179043880412,79.4853518902782,43.443561451474075,True,0
208,2006-10-30,38.05,38.179662102572884,0.1296621025728868,-0.1296621025728868,1.1310497545824916,42.19,0.04350000000000004,0.10350000000000005,True,True,37.04861234799039,80.36966210257287,43.32104975458248,True,0
209,2006-10-31,38.22,38.0610348166372,-0.15896518336279541,0.15896518336279541,1.1310497545824916,42.19,0.04400000000000004,0.10400000000000005,True,True,36.92998506205471,80.2510348166372,43.32104975458249,True,0
210,2006-11-01,38.12,38.211722472041224,0.09172247204122641,-0.09172247204122641,1.1310497545824916,42.19,0.04450000000000004,0.10450000000000005,True,True,37.08067271745873,80.40172247204123,43.321049754582496,True,0
211,2006-11-02,37.33,38.108495195933465,0.7784951959334663,-0.7784951959334663,1.1310497545824916,37.61,0.04500000000000004,0.10500000000000005,True,True,36.97744544135097,75.71849519593346,38.741049754582484,True,0
212,2006-11-03,37.61,37.28740099463605,-0.3225990053639478,0.3225990053639478,1.1310497545824916,37.61,0.04550000000000004,0.10550000000000005,True,True,36.15635124005356,74.89740099463606,38.7410497545825,True,0
213,2006-11-06,37.64,37.593914603277774,-0.046085396722226335,0.046085396722226335,1.1310497545824916,37.61,0.04600000000000004,0.10600000000000005,True,True,36.46286484869528,75.20391460327778,38.7410497545825,True,0
214,2006-11-07,38.2,37.644008946106304,-0.555991053893699,0.555991053893699,1.1310497545824916,37.61,0.04650000000000004,0.10650000000000005,True,True,36.51295919152381,75.2540089461063,38.741049754582484,True,0
215,2006-11-08,38.58,38.214451755228716,-0.3655482447712828,0.3655482447712828,1.1218900308841597,37.61,0.04700000000000004,0.10700000000000005,True,True,37.092561724344556,75.82445175522872,38.731890030884166,True,0
216,2006-11-09,39.5,38.59781988594241,-0.9021801140575931,0.9021801140575931,1.1218900308841597,37.34,0.04750000000000004,0.10750000000000005,True,True,37.47592985505825,75.93781988594242,38.46189003088417,True,0
217,2006-11-10,38.79,39.52854902169354,0.7385490216935438,-0.7385490216935438,1.1218900308841597,37.34,0.04800000000000004,0.10800000000000005,True,True,38.40665899080938,76.86854902169355,38.46189003088417,True,0
218,2006-11-13,39.23,38.76621941538275,-0.4637805846172469,0.4637805846172469,1.1218900308841597,37.34,0.04850000000000004,0.10850000000000005,True,True,37.64432938449859,76.10621941538275,38.46189003088416,True,0
219,2006-11-14,40.11,39.20075238108613,-0.9092476189138665,0.9092476189138665,1.1218900308841597,37.34,0.049000000000000044,0.10900000000000006,True,True,38.07886235020197,76.54075238108614,38.46189003088416,True,0
220,2006-11-15,41.5,40.12886462466771,-1.3711353753322868,1.3711353753322868,1.1218900308841597,37.34,0.049500000000000044,0.10950000000000006,True,True,39.00697459378355,77.46886462466772,38.46189003088416,True,0
221,2006-11-16,42.44,41.54883521304061,-0.8911647869593864,0.8911647869593864,1.117166981695128,37.25,0.050000000000000044,0.11000000000000006,True,True,40.43166823134548,78.7988352130406,38.36716698169512,True,0
222,2006-11-17,42.55,42.47996599096595,-0.07003400903404611,0.07003400903404611,1.117166981695128,37.25,0.050500000000000045,0.11050000000000006,True,True,41.36279900927082,79.72996599096595,38.36716698169513,True,0
223,2006-11-20,42.35,42.52684097722017,0.17684097722016645,-0.17684097722016645,1.117166981695128,37.25,0.051000000000000045,0.11100000000000006,True,True,41.40967399552504,79.77684097722016,38.36716698169512,True,0
224,2006-11-21,42.55,42.28309034144142,-0.26690965855857485,0.26690965855857485,1.117166981695128,37.25,0.051500000000000046,0.11150000000000006,True,True,41.165923359746294,79.53309034144142,38.36716698169513,True,0
225,2006-11-22,42.5,42.49312431138659,-0.006875688613412478,0.006875688613412478,1.117166981695128,37.08,0.052000000000000046,0.11200000000000006,True,True,41.37595732969146,79.57312431138658,38.19716698169512,True,0
226,2006-11-24,42.56,42.44411260082453,-0.11588739917547031,0.11588739917547031,1.117166981695128,37.08,0.05250000000000005,0.11250000000000006,True,True,41.326945619129404,79.52411260082454,38.19716698169513,True,0
227,2006-11-27,42.18,42.50155830850846,0.32155830850845746,-0.32155830850845746,1.117166981695128,37.08,0.05300000000000005,0.11300000000000006,True,True,41.38439132681333,79.58155830850845,38.19716698169512,True,0
228,2006-11-28,40.75,42.10536543574708,1.355365435747082,-1.355365435747082,1.0929659924658495,37.08,0.05350000000000005,0.11350000000000006,False,True,41.01239944328123,79.18536543574709,38.172965992465855,False,1
229,2006-11-29,40.48,40.61448724685596,0.13448724685596147,-0.13448724685596147,1.1310497545824916,37.08,0.044000000000000046,0.11400000000000006,True,True,39.48343749227347,77.69448724685596,38.21104975458249,True,0
230,2006-11-30,40.42,40.37659477759416,-0.04340522240584477,0.04340522240584477,1.1310497545824916,37.04,0.044500000000000046,0.11450000000000006,True,True,39.245545023011665,77.41659477759416,38.17104975458249,True,0
231,2006-12-01,40.26,40.36922415344882,0.10922415344882097,-0.10922415344882097,1.1310497545824916,37.04,0.04500000000000005,0.11500000000000006,True,True,39.23817439886633,77.40922415344882,38.17104975458249,True,0
232,2006-12-04,39.31,40.21272805084912,0.9027280508491202,-0.9027280508491202,1.1310497545824916,37.04,0.04550000000000005,0.11550000000000006,True,True,39.08167829626663,77.25272805084913,38.1710497545825,True,0
233,2006-12-05,39.13,39.22305179910834,0.09305179910833772,-0.09305179910833772,1.1310497545824916,37.04,0.04600000000000005,0.11600000000000006,True,True,38.09200204452585,76.26305179910834,38.17104975458249,True,0
234,2006-12-06,38.77,39.06357626649804,0.2935762664980359,-0.2935762664980359,1.1310497545824916,36.98,0.04650000000000005,0.11650000000000006,True,True,37.93252651191555,76.04357626649804,38.11104975458249,True,0
235,2006-12-07,38.93,38.724058502838915,-0.2059414971610849,0.2059414971610849,1.1310497545824916,36.98,0.04700000000000005,0.11700000000000006,True,True,37.59300874825642,75.7040585028389,38.11104975458248,True,0
236,2006-12-08,37.92,38.906442750884835,0.9864427508848337,-0.9864427508848337,1.1218900308841597,36.98,0.04750000000000005,0.11750000000000006,True,True,37.784552720000676,75.88644275088484,38.101890030884164,True,0
237,2006-12-11,38.22,37.860261671679375,-0.35973832832062413,0.35973832832062413,1.1218900308841597,36.98,0.04800000000000005,0.11800000000000006,True,True,36.738371640795215,74.84026167167937,38.10189003088416,True,0
238,2006-12-12,38.44,38.187256682773544,-0.2527433172264537,0.2527433172264537,1.1218900308841597,36.7,0.04850000000000005,0.11850000000000006,True,True,37.065366651889384,74.88725668277354,37.821890030884155,True,0
239,2006-12-13,38.61,38.450555106273704,-0.15944489372629533,0.15944489372629533,1.1218900308841597,36.7,0.04900000000000005,0.11900000000000006,True,True,37.328665075389544,75.15055510627371,37.82189003088417,True,0
240,2006-12-14,38.74,38.612509832180585,-0.1274901678194169,0.1274901678194169,1.1218900308841597,36.7,0.04950000000000005,0.11950000000000006,True,True,37.490619801296425,75.31250983218058,37.821890030884155,True,0
241,2006-12-15,39.38,38.73672118249259,-0.6432788175074151,0.6432788175074151,1.117166981695128,36.7,0.05000000000000005,0.12000000000000006,True,True,37.61955420079746,75.43672118249259,37.81716698169513,True,0
242,2006-12-18,40.2,39.39703768310083,-0.8029623168991762,0.8029623168991762,1.117166981695128,36.7,0.05050000000000005,0.12050000000000007,True,True,38.2798707014057,76.09703768310084,37.81716698169514,True,0
243,2006-12-19,38.78,40.23919037553908,1.4591903755390803,-1.4591903755390803,1.117166981695128,36.7,0.05100000000000005,0.12100000000000007,False,True,39.12202339384395,76.93919037553908,37.81716698169513,False,1
244,2006-12-20,39.43,38.71329018583297,-0.7167098141670323,0.7167098141670323,1.2535614514740843,36.7,0.04150000000000005,0.12150000000000007,True,True,37.45972873435888,75.41329018583298,37.953561451474094,True,0
245,2006-12-21,39.87,39.38464836405771,-0.4853516359422869,0.4853516359422869,1.2535614514740843,36.7,0.04200000000000005,0.12200000000000007,True,True,38.131086912583626,76.08464836405771,37.95356145147409,True,0
246,2006-12-22,39.98,39.8852767599111,-0.09472324008889643,0.09472324008889643,1.2535614514740843,4.36932249805448,0.04250000000000005,0.12250000000000007,True,True,38.631715308437016,44.25459925796558,5.622883949528564,True,0
247,2006-12-26,40.13,39.96981546544239,-0.16018453455761517,0.16018453455761517,1.2535614514740843,4.36932249805448,0.04300000000000005,0.12300000000000007,True,True,38.7162540139683,44.33913796349687,5.622883949528564,True,0
248,2006-12-27,39.86,40.1083412815196,0.24834128151960044,-0.24834128151960044,1.2535614514740843,4.36932249805448,0.04350000000000005,0.12350000000000007,True,True,38.854779830045516,44.47766377957408,5.622883949528564,True,0
249,2006-12-28,40.38,39.82123607967032,-0.5587639203296817,0.5587639203296817,1.2535614514740843,4.36932249805448,0.04400000000000005,0.12400000000000007,True,True,38.56767462819624,44.1905585777248,5.622883949528564,True,0
250,2006-12-29,40.06,40.358223405129,0.2982234051290007,-0.2982234051290007,1.1310497545824916,1.7300070371069936,0.04450000000000005,0.12450000000000007,True,True,39.22717365054651,42.088230442236,2.861056791689485,True,0
251,2007-01-03,38.68,40.03026785471103,1.3502678547110278,-1.3502678547110278,1.1310497545824916,1.7300070371069936,0.045000000000000054,0.12500000000000006,False,True,38.899218100128536,41.76027489181802,2.861056791689485,False,1
252,2007-01-04,38.59,38.58265634461537,-0.007343655384630665,0.007343655384630665,1.3502678547110278,1.7300070371069936,0.03550000000000005,0.12550000000000006,True,True,37.232388489904345,40.312663381722366,3.0802748918180214,True,0
253,2007-01-05,38.72,38.526590109765586,-0.19340989023441324,0.19340989023441324,1.305240273389174,1.7300070371069936,0.03600000000000005,0.12600000000000006,True,True,37.22134983637641,40.25659714687258,3.0352473104961675,True,0
254,2007-01-08,38.22,38.70859589517656,0.48859589517655877,-0.48859589517655877,1.305240273389174,1.7193122165683974,0.03650000000000005,0.12650000000000006,True,True,37.403355621787384,40.427908111744955,3.0245524899575713,True,0
255,2007-01-09,37.6,38.18891605553896,0.5889160555389594,-0.5889160555389594,1.305240273389174,1.7193122165683974,0.037000000000000054,0.12700000000000006,True,True,36.88367578214979,39.90822827210736,3.0245524899575713,True,0
256,2007-01-10,37.49,37.54998992192828,0.05998992192827757,-0.05998992192827757,1.305240273389174,1.7193122165683974,0.037500000000000054,0.12750000000000006,True,True,36.244749648539106,39.26930213849668,3.0245524899575713,True,0
257,2007-01-11,37.17,37.464763335269964,0.29476333526996257,-0.29476333526996257,1.305240273389174,1.7193122165683974,0.038000000000000055,0.12800000000000006,True,True,36.15952306188079,39.18407555183836,3.0245524899575713,True,0
258,2007-01-12,37.36,37.15363721812572,-0.20636278187427592,0.20636278187427592,1.305240273389174,1.3909382753365804,0.038500000000000055,0.12850000000000006,True,True,35.84839694473655,38.544575493462304,2.6961785487257544,True,0
259,2007-01-16,38.4,37.36195533109316,-1.038044668906842,1.038044668906842,1.2876359481463098,1.3909382753365804,0.039000000000000055,0.12900000000000006,True,True,36.07431938294685,38.75289360642974,2.67857422348289,True,0
260,2007-01-17,38.7,38.452771942950505,-0.24722805704949735,0.24722805704949735,1.2876359481463098,1.3909382753365804,0.039500000000000056,0.12950000000000006,True,True,37.165135994804196,39.843710218287086,2.67857422348289,True,0
261,2007-01-18,37.5,38.73488746404047,1.2348874640404688,-1.2348874640404688,1.2876359481463098,1.3909382753365804,0.040000000000000056,0.13000000000000006,True,True,37.44725151589416,40.12582573937705,2.67857422348289,True,0
262,2007-01-19,36.69,37.44302117995031,0.7530211799503093,-0.7530211799503093,1.2876359481463098,1.3711353753322868,0.04050000000000006,0.13050000000000006,True,True,36.155385231804,38.814156555282594,2.6587713234785966,True,0
263,2007-01-22,37.65,36.62469186175666,-1.0253081382433393,1.0253081382433393,1.2876359481463098,1.3711353753322868,0.04100000000000006,0.13100000000000006,True,True,35.33705591361035,37.995827237088946,2.6587713234785966,True,0
264,2007-01-23,36.9,37.686366235283984,0.7863662352839853,-0.7863662352839853,1.2876359481463098,1.3711353753322868,0.04150000000000006,0.13150000000000006,True,True,36.398730287137674,39.05750161061627,2.6587713234785966,True,0
265,2007-01-24,36.51,36.891429623862955,0.38142962386295665,-0.38142962386295665,1.2535614514740843,1.3711353753322868,0.04200000000000006,0.13200000000000006,True,True,35.63786817238887,38.26256499919524,2.624696826806371,True,0
266,2007-01-25,38.08,36.487323477924875,-1.5926765220751236,1.5926765220751236,1.2535614514740843,1.2686274644056397,0.04250000000000006,0.13250000000000006,True,False,35.23376202645079,37.755950942330514,2.522188915879724,False,1
267,2007-01-26,37.26,38.14830221134007,0.8883022113400685,-0.8883022113400685,1.2535614514740843,1.7193122165683974,0.04300000000000006,0.12300000000000007,True,True,36.89474075986598,39.867614427908464,2.9728736680424817,True,0
268,2007-01-29,36.7,37.25524752195469,0.5552475219546906,-0.5552475219546906,1.2535614514740843,1.7193122165683974,0.04350000000000006,0.12350000000000007,True,True,36.00168607048061,38.97455973852309,2.9728736680424817,True,0
269,2007-01-30,37.29,36.67424218493915,-0.6157578150608458,0.6157578150608458,1.2535614514740843,1.5926765220751236,0.04400000000000006,0.12400000000000007,True,True,35.42068073346507,38.26691870701428,2.846237973549208,True,0
270,2007-01-31,36.95,37.31432647196912,0.3643264719691146,-0.3643264719691146,1.2535614514740843,1.5926765220751236,0.04450000000000006,0.12450000000000007,True,True,36.06076502049503,38.90700299404424,2.846237973549208,True,0
271,2007-02-01,37.95,36.951139779385436,-0.9988602206145671,0.9988602206145671,1.2348874640404688,1.5926765220751236,0.04500000000000006,0.12500000000000006,True,True,35.71625231534497,38.54381630146056,2.8275639861155923,True,0
272,2007-02-02,37.23,37.98263931507313,0.7526393150731323,-0.7526393150731323,1.2348874640404688,1.3909382753365804,0.04550000000000006,0.12550000000000006,True,True,36.74775185103266,39.37357759040971,2.625825739377049,True,0
273,2007-02-05,37.25,37.22239228538299,-0.02760771461701239,0.02760771461701239,1.2348874640404688,1.3909382753365804,0.04600000000000006,0.12600000000000006,True,True,35.98750482134252,38.61333056071957,2.625825739377049,True,0
274,2007-02-06,37.2,37.24301330620449,0.04301330620448596,-0.04301330620448596,1.2348874640404688,1.3909382753365804,0.04650000000000006,0.12650000000000006,True,True,36.00812584216402,38.63395158154107,2.625825739377049,True,0
275,2007-02-07,38.49,37.2032193969852,-1.2867806030148046,1.2867806030148046,1.2348874640404688,1.3909382753365804,0.04700000000000006,0.12700000000000006,True,True,35.96833193294473,38.59415767232178,2.625825739377049,True,0
276,2007-02-08,38.95,38.52813575822083,-0.4218642417791756,0.4218642417791756,1.1310497545824916,1.3711353753322868,0.04750000000000006,0.12750000000000006,True,True,37.397086003638336,39.899271133553114,2.5021851299147784,True,0
277,2007-02-09,39.19,38.972452687176094,-0.21754731282390338,0.21754731282390338,1.1310497545824916,1.3711353753322868,0.04800000000000006,0.12800000000000006,True,True,37.8414029325936,40.34358806250838,2.5021851299147784,True,0
278,2007-02-12,38.79,39.1866056339896,0.39660563398960136,-0.39660563398960136,1.1310497545824916,1.3711353753322868,0.048500000000000064,0.12850000000000006,True,True,38.05555587940711,40.55774100932189,2.5021851299147784,True,0
279,2007-02-13,38.85,38.761431864618594,-0.08856813538140784,0.08856813538140784,1.1310497545824916,1.3711353753322868,0.049000000000000064,0.12900000000000006,True,True,37.6303821100361,40.13256723995088,2.5021851299147784,True,0
280,2007-02-14,39.23,38.828804223306214,-0.4011957766937826,0.4011957766937826,1.1310497545824916,1.2867806030148046,0.049500000000000065,0.12950000000000006,True,True,37.69775446872372,40.11558482632102,2.417830357597296,True,0
281,2007-02-15,40.14,39.22505363876048,-0.9149463612395223,0.9149463612395223,1.1218900308841597,1.2867806030148046,0.050000000000000065,0.13000000000000006,True,True,38.10316360787632,40.51183424177528,2.4086706338989643,True,0
282,2007-02-16,39.9,40.15192395641399,0.25192395641398946,-0.25192395641398946,1.1218900308841597,1.2867806030148046,0.050500000000000066,0.13050000000000006,True,True,39.03003392552983,41.43870455942879,2.4086706338989643,True,0
283,2007-02-20,40.13,39.87444033202931,-0.25555966797069374,0.25555966797069374,1.1218900308841597,1.2867806030148046,0.051000000000000066,0.13100000000000006,True,True,38.75255030114515,41.16122093504411,2.4086706338989643,True,0
284,2007-02-21,41.19,40.10280031173189,-1.0871996882681074,1.0871996882681074,1.1218900308841597,1.2686274644056397,0.05150000000000007,0.13150000000000006,True,True,38.98091028084773,41.37142777613753,2.3905174952897994,True,0
285,2007-02-22,41.4,41.18866297583224,-0.21133702416776146,0.21133702416776146,1.1218900308841597,1.2686274644056397,0.05200000000000007,0.13200000000000006,True,True,40.06677294494808,42.45729044023788,2.3905174952897994,True,0
286,2007-02-23,41.0,41.37778417348531,0.3777841734853098,-0.3777841734853098,1.1218900308841597,1.2686274644056397,0.05250000000000007,0.13250000000000006,True,True,40.25589414260115,42.64641163789095,2.3905174952897994,True,0
287,2007-02-26,40.86,40.94587179936826,0.08587179936826317,-0.08587179936826317,1.117166981695128,1.1949071271933107,0.05300000000000007,0.13300000000000006,True,True,39.828704817673135,42.14077892656157,2.3120741088884387,True,0
288,2007-02-27,40.19,40.80717437976996,0.6171743797699634,-0.6171743797699634,1.117166981695128,1.1949071271933107,0.05350000000000007,0.13350000000000006,True,True,39.69000739807483,42.00208150696327,2.3120741088884387,True,0
289,2007-02-28,38.91,40.12659019957189,1.2165901995718968,-1.2165901995718968,1.117166981695128,1.1949071271933107,0.05400000000000007,0.13400000000000006,False,True,39.009423217876765,41.321497326765204,2.3120741088884387,False,1
290,2007-03-01,39.32,38.824056415234544,-0.4959435847654561,0.4959435847654561,1.2348874640404688,1.1949071271933107,0.04450000000000007,0.13450000000000006,True,True,37.589168951194075,40.018963542427855,2.4297945912337795,True,0
291,2007-03-02,38.32,39.29714650838123,0.9771465083812316,-0.9771465083812316,1.2165901995718968,1.0871996882681074,0.04500000000000007,0.13500000000000006,True,True,38.080556308809335,40.38434619664934,2.3037898878400043,True,0
292,2007-03-05,37.15,38.27675334616647,1.126753346166474,-1.126753346166474,1.2165901995718968,1.0871996882681074,0.04550000000000007,0.13550000000000006,True,True,37.060163146594576,39.36395303443458,2.3037898878400043,True,0
293,2007-03-06,37.69,37.08415518658501,-0.6058448134149899,0.6058448134149899,1.2165901995718968,1.0871996882681074,0.04600000000000007,0.13600000000000007,True,True,35.86756498701311,38.171354874853115,2.3037898878400043,True,0
294,2007-03-07,38.68,37.69821407760096,-0.9817859223990411,0.9817859223990411,1.2165901995718968,1.0871996882681074,0.04650000000000007,0.13650000000000007,True,True,36.48162387802906,38.785413765869066,2.3037898878400043,True,0
295,2007-03-08,38.77,38.718629912032085,-0.051370087967917755,0.051370087967917755,1.2165901995718968,1.0628599363599598,0.04700000000000007,0.13700000000000007,True,True,37.50203971246019,39.78148984839204,2.279450135931853,True,0
296,2007-03-09,38.48,38.77152118283328,0.29152118283328576,-0.29152118283328576,1.1310497545824916,1.0628599363599598,0.04750000000000007,0.13750000000000007,True,True,37.64047142825079,39.83438111919324,2.193909690942448,True,0
297,2007-03-12,38.64,38.45609071190305,-0.18390928809694884,0.18390928809694884,1.1310497545824916,1.0628599363599598,0.04800000000000007,0.13800000000000007,True,True,37.32504095732056,39.518950648263015,2.193909690942455,True,0
298,2007-03-13,38.3,38.63154697635601,0.33154697635601593,-0.33154697635601593,1.1310497545824916,1.038044668906842,0.04850000000000007,0.13850000000000007,True,True,37.50049722177352,39.669591645262855,2.1690944234893337,True,0
299,2007-03-14,37.76,38.2776432271234,0.5176432271234006,-0.5176432271234006,1.1310497545824916,1.038044668906842,0.04900000000000007,0.13900000000000007,True,True,37.14659347254091,39.31568789603024,2.1690944234893337,True,0
300,2007-03-15,38.1,37.731724120679914,-0.36827587932008754,0.36827587932008754,1.1310497545824916,1.038044668906842,0.04950000000000007,0.13950000000000007,True,True,36.60067436609742,38.769768789586756,2.1690944234893337,True,0
301,2007-03-16,37.72,38.104691975631034,0.38469197563103563,-0.38469197563103563,1.126753346166474,1.0253081382433393,0.05000000000000007,0.14000000000000007,True,True,36.97793862946456,39.130000113874374,2.1520614844098134,True,0
302,2007-03-19,38.0,37.70537282813194,-0.29462717186805776,0.29462717186805776,1.126753346166474,1.0253081382433393,0.05050000000000007,0.14050000000000007,True,True,36.57861948196547,38.73068096637528,2.1520614844098134,True,0
303,2007-03-20,38.53,38.004082095539715,-0.525917904460286,0.525917904460286,1.126753346166474,1.0253081382433393,0.05100000000000007,0.14100000000000007,True,True,36.87732874937324,39.029390233783054,2.1520614844098134,True,0
304,2007-03-21,38.55,38.545152293550736,-0.0048477064492615796,0.0048477064492615796,1.126753346166474,1.0253081382433393,0.051500000000000073,0.14150000000000007,True,True,37.41839894738426,39.570460431794075,2.1520614844098134,True,0
305,2007-03-22,39.48,38.54425540696507,-0.9357445930349257,0.9357445930349257,1.126753346166474,1.015049919803694,0.052000000000000074,0.14200000000000007,True,True,37.4175020607986,39.559305326768765,2.141803265970168,True,0
306,2007-03-23,39.56,39.49872633725374,-0.06127366274625956,0.06127366274625956,1.1218900308841597,1.015049919803694,0.052500000000000074,0.14250000000000007,True,True,38.37683630636958,40.51377625705744,2.1369399506878537,True,0
307,2007-03-26,38.98,39.54915403225021,0.5691540322502107,-0.5691540322502107,1.1218900308841597,1.015049919803694,0.053000000000000075,0.14300000000000007,True,True,38.42726400136605,40.5642039520539,2.1369399506878537,True,0
308,2007-03-27,38.82,38.93670445674593,0.11670445674592855,-0.11670445674592855,1.1218900308841597,1.010188094075005,0.053500000000000075,0.14350000000000007,True,True,37.81481442586177,39.946892550820934,2.1320781249591647,True,0
309,2007-03-28,39.09,38.79152914190746,-0.2984708580925428,0.2984708580925428,1.1218900308841597,1.010188094075005,0.054000000000000076,0.14400000000000007,True,True,37.6696391110233,39.801717235982466,2.1320781249591647,True,0
310,2007-03-29,39.65,39.082083299545474,-0.5679167004545249,0.5679167004545249,1.1218900308841597,1.010188094075005,0.054500000000000076,0.14450000000000007,True,True,37.960193268661314,40.09227139362048,2.1320781249591647,True,0
311,2007-03-30,39.75,39.65204121979418,-0.09795878020582194,0.09795878020582194,1.117166981695128,1.010188094075005,0.05500000000000008,0.14500000000000007,True,True,38.53487423809905,40.66222931386918,2.127355075770133,True,0
312,2007-04-02,39.85,39.732433304963564,-0.11756669503643735,0.11756669503643735,1.117166981695128,1.0091505012312183,0.05550000000000008,0.14550000000000007,True,True,38.615266323268436,40.74158380619478,2.1263174829263463,True,0
313,2007-04-03,40.42,39.82695838239686,-0.5930416176031414,0.5930416176031414,1.117166981695128,1.0091505012312183,0.05600000000000008,0.14600000000000007,True,True,38.70979140070173,40.83610888362808,2.1263174829263463,True,0
314,2007-04-04,41.22,40.41184745419347,-0.8081525458065286,0.8081525458065286,1.117166981695128,1.0091505012312183,0.05650000000000008,0.14650000000000007,True,True,39.29468047249834,41.42099795542469,2.1263174829263463,True,0
315,2007-04-05,41.57,41.218231953818375,-0.3517680461816255,0.3517680461816255,1.117166981695128,0.9988602206145671,0.05700000000000008,0.14700000000000008,True,True,40.10106497212325,42.21709217443294,2.116027202309695,True,0
316,2007-04-09,41.72,41.487576610562854,-0.23242338943714458,0.23242338943714458,1.0929659924658495,0.9988602206145671,0.05750000000000008,0.14750000000000008,True,True,40.394610618097005,42.48643683117742,2.0918262130804166,True,0
317,2007-04-10,41.57,41.67868941338791,0.10868941338790705,-0.10868941338790705,1.0929659924658495,0.9988602206145671,0.05800000000000008,0.14800000000000008,True,True,40.58572342092206,42.677549634002474,2.0918262130804166,True,0
318,2007-04-11,41.73,41.5148278548136,-0.2151721451863935,0.2151721451863935,1.0929659924658495,0.9817859223990411,0.05850000000000008,0.14850000000000008,True,True,40.421861862347754,42.496613777212644,2.0747519148648905,True,0
319,2007-04-12,41.73,41.68694893225513,-0.04305106774486944,0.04305106774486944,1.0929659924658495,0.9817859223990411,0.05900000000000008,0.14900000000000008,True,True,40.59398293978928,42.66873485465417,2.0747519148648905,True,0
320,2007-04-13,42.19,41.681002337870346,-0.5089976621296515,0.5089976621296515,1.0929659924658495,0.9817859223990411,0.05950000000000008,0.14950000000000008,True,True,40.5880363454045,42.66278826026939,2.0747519148648905,True,0
321,2007-04-16,43.77,42.15702411830573,-1.6129758816942754,1.6129758816942754,1.0598929121852905,0.9429351423050747,0.06000000000000008,0.15000000000000008,True,False,41.09713120612044,43.0999592606108,2.002828054490365,False,1
322,2007-04-17,45.28,43.78314075525029,-1.4968592447497144,1.4968592447497144,1.0598929121852905,1.010188094075005,0.06050000000000008,0.14050000000000007,True,False,42.723247843064996,44.79332884932529,2.0700810062602955,False,1
323,2007-04-18,44.8,45.297234334947916,0.4972343349479189,-0.4972343349479189,1.0598929121852905,1.0628599363599598,0.06100000000000008,0.13100000000000006,True,True,44.237341422762626,46.36009427130787,2.1227528485452467,True,0
324,2007-04-19,44.61,44.70511885759874,0.09511885759874161,-0.09511885759874161,1.0598929121852905,1.0628599363599598,0.06150000000000008,0.13150000000000006,True,True,43.64522594541345,45.767978793958704,2.122752848545254,True,0
325,2007-04-20,45.09,44.51661383226649,-0.5733861677335099,0.5733861677335099,0.9864427508848337,1.0628599363599598,0.06200000000000008,0.13200000000000006,True,True,43.53017108138166,45.57947376862646,2.049302687244797,True,0
326,2007-04-23,44.27,45.032645983794396,0.7626459837943926,-0.7626459837943926,0.9864427508848337,1.038044668906842,0.06250000000000008,0.13250000000000006,True,True,44.04620323290956,46.07069065270124,2.024487419791676,True,0
327,2007-04-24,44.75,44.15481092830773,-0.5951890716922676,0.5951890716922676,0.9864427508848337,1.038044668906842,0.06300000000000008,0.13300000000000006,True,True,43.1683681774229,45.192855597214574,2.024487419791676,True,0
328,2007-04-25,53.12,44.68758589059487,-8.43241410940513,8.43241410940513,0.9864427508848337,1.038044668906842,0.06350000000000008,0.13350000000000006,True,False,43.701143139710034,45.72563055950171,2.024487419791676,False,1
329,2007-04-26,56.5,53.52829265436647,-2.971707345633533,2.971707345633533,0.9864427508848337,1.2686274644056397,0.06400000000000008,0.12400000000000007,True,False,52.54184990348163,54.79692011877211,2.2550702152904734,False,1
330,2007-04-27,61.24,56.540566200322274,-4.699433799677728,4.699433799677728,0.9771465083812316,1.4968592447497144,0.06450000000000009,0.11450000000000007,True,False,55.56341969194104,58.03742544507199,2.474005753130946,False,1
331,2007-04-30,61.91,61.87155507142563,-0.03844492857436421,0.03844492857436421,0.9771465083812316,1.7300070371069936,0.06500000000000009,0.10500000000000008,True,True,60.8944085630444,63.601562108532626,2.707153545488225,True,0
332,2007-05-01,61.12,62.085963712203196,0.9659637122031981,-0.9659637122031981,0.9771465083812316,1.7300070371069936,0.06550000000000009,0.10550000000000008,True,True,61.108817203821964,63.81597074931019,2.707153545488225,True,0
333,2007-05-02,61.68,60.88142538274331,-0.7985746172566905,0.7985746172566905,0.9771465083812316,1.7193122165683974,0.06600000000000009,0.10600000000000008,True,True,59.90427887436208,62.60073759931171,2.696458724949629,True,0
334,2007-05-03,61.08,61.5665067461793,0.4865067461793018,-0.4865067461793018,0.9699136312408996,1.7193122165683974,0.06650000000000009,0.10650000000000008,True,True,60.5965931149384,63.2858189627477,2.689225847809297,True,0
335,2007-05-04,62.39,60.87619214760717,-1.51380785239283,1.51380785239283,0.9699136312408996,1.7193122165683974,0.06700000000000009,0.10700000000000008,True,True,59.90627851636627,62.59550436417557,2.689225847809297,True,0
336,2007-05-07,62.43,62.402207600212236,-0.0277923997877636,0.0277923997877636,0.9699136312408996,1.6129758816942754,0.06750000000000009,0.10750000000000008,True,True,61.43229396897134,64.01518348190652,2.582889512935182,True,0
337,2007-05-08,60.54,62.380700926830244,1.8407009268302446,-1.8407009268302446,0.9699136312408996,1.6129758816942754,0.06800000000000009,0.10800000000000008,False,True,61.410787295589344,63.99367680852452,2.582889512935175,False,1
338,2007-05-09,62.0,60.16605565981328,-1.8339443401867186,1.8339443401867186,1.0929659924658495,1.6129758816942754,0.05850000000000009,0.10850000000000008,True,False,59.07308966734743,61.77903154150756,2.705941874160125,False,1
339,2007-05-10,62.44,61.97817648984064,-0.4618235101593555,0.4618235101593555,1.0929659924658495,2.971707345633533,0.05900000000000009,0.09900000000000009,True,True,60.88521049737479,64.94988383547417,4.064673338099375,True,0
340,2007-05-11,60.96,62.45532567849618,1.4953256784961795,-1.4953256784961795,1.0598929121852905,2.971707345633533,0.05950000000000009,0.09950000000000009,False,True,61.39543276631089,65.42703302412971,4.031600257818823,False,1
341,2007-05-14,61.68,60.68658245121178,-0.9934175487882229,0.9934175487882229,1.126753346166474,1.8339443401867186,0.050000000000000086,0.10000000000000009,True,True,59.5598291050453,62.520526791398495,2.9606976863531926,True,0
342,2007-05-15,61.4,61.59971682144184,0.19971682144183944,-0.19971682144183944,1.126753346166474,1.8339443401867186,0.050500000000000086,0.10050000000000009,True,True,60.472963475275364,63.43366116162856,2.9606976863531926,True,0
343,2007-05-16,61.02,61.29124137189624,0.2712413718962381,-0.2712413718962381,1.126753346166474,1.8339443401867186,0.05100000000000009,0.10100000000000009,True,True,60.16448802572977,63.12518571208296,2.9606976863531926,True,0
344,2007-05-17,62.88,60.85910577428633,-2.0208942257136755,2.0208942257136755,1.126753346166474,1.8339443401867186,0.05150000000000009,0.10150000000000009,True,False,59.73235242811985,62.693050114473046,2.9606976863531926,False,1
345,2007-05-18,62.48,63.00078302709012,0.5207830270901255,-0.5207830270901255,1.126753346166474,4.699433799677728,0.05200000000000009,0.0920000000000001,True,True,61.87402968092365,67.70021682676784,5.8261871458441945,True,0
346,2007-05-21,63.58,62.42913933689842,-1.1508606631015752,1.1508606631015752,1.1218900308841597,4.699433799677728,0.05250000000000009,0.0925000000000001,True,True,61.30724930601426,67.12857313657615,5.821323830561887,True,0
347,2007-05-22,68.48,63.57607150104258,-4.903928498957427,4.903928498957427,1.1218900308841597,4.36932249805448,0.05300000000000009,0.0930000000000001,True,False,62.45418147015842,67.94539399909706,5.491212528938647,False,1
348,2007-05-23,69.21,66.48136627613354,-2.7286337238664515,2.7286337238664515,1.1218900308841597,36.7,0.05350000000000009,0.0835000000000001,True,True,65.35947624524938,103.18136627613355,37.82189003088416,True,0
349,2007-05-24,69.04,69.22283042381888,0.1828304238188707,-0.1828304238188707,1.1218900308841597,36.7,0.05400000000000009,0.0840000000000001,True,True,68.10094039293472,105.92283042381888,37.82189003088416,True,0
350,2007-05-25,69.69,68.91257036445852,-0.7774296355414805,0.7774296355414805,1.117166981695128,36.7,0.05450000000000009,0.0845000000000001,True,True,67.7954033827634,105.61257036445852,37.817166981695124,True,0
351,2007-05-29,68.43,69.62459904313674,1.1945990431367335,-1.1945990431367335,1.117166981695128,36.7,0.05500000000000009,0.0850000000000001,False,True,68.50743206144162,106.32459904313674,37.817166981695124,False,1
352,2007-05-30,69.06,68.3029925238283,-0.757007476171708,0.757007476171708,1.2165901995718968,8.43241410940513,0.04550000000000009,0.0855000000000001,True,True,67.0864023242564,76.73540663323342,9.649004308977027,True,0
353,2007-05-31,70.68,68.95178020321512,-1.7282197967848845,1.7282197967848845,1.1945990431367335,8.43241410940513,0.04600000000000009,0.0860000000000001,True,True,67.75718116007839,77.38419431262025,9.627013152541863,True,0
354,2007-06-01,68.9,70.7596070674442,1.8596070674441876,-1.8596070674441876,1.1945990431367335,8.43241410940513,0.04650000000000009,0.0865000000000001,False,True,69.56500802430746,79.19202117684932,9.627013152541863,False,1
355,2007-06-04,68.25,68.75882555722329,0.5088255572232896,-0.5088255572232896,1.2876359481463098,8.43241410940513,0.03700000000000009,0.0870000000000001,True,True,67.47118960907699,77.19123966662842,9.720050057551433,True,0
356,2007-06-05,71.1,68.10568108119176,-2.994318918808233,2.994318918808233,1.2876359481463098,4.903928498957427,0.03750000000000009,0.0875000000000001,True,True,66.81804513304544,73.00960958014919,6.191564447103744,True,0
357,2007-06-06,73.14,71.27728689030425,-1.862713109695747,1.862713109695747,1.2876359481463098,4.903928498957427,0.03800000000000009,0.0880000000000001,True,True,69.98965094215794,76.18121538926168,6.191564447103744,True,0
358,2007-06-07,72.57,72.26747169710826,-0.30252830289173005,0.30252830289173005,1.2876359481463098,4.903928498957427,0.03850000000000009,0.0885000000000001,True,True,70.97983574896196,77.17140019606569,6.19156444710373,True,0
359,2007-06-08,72.47,72.43506377847436,-0.034936221525640576,0.034936221525640576,1.2876359481463098,4.903928498957427,0.03900000000000009,0.0890000000000001,True,True,71.14742783032804,77.33899227743179,6.191564447103744,True,0
360,2007-06-11,73.0,71.95881963843247,-1.0411803615675268,1.0411803615675268,1.2535614514740843,4.699433799677728,0.03950000000000009,0.08950000000000011,True,True,70.70525818695839,76.6582534381102,5.952995251151805,True,0
361,2007-06-12,70.44,72.93790064343492,2.4979006434349174,-2.4979006434349174,1.2535614514740843,4.699433799677728,0.04000000000000009,0.09000000000000011,False,True,71.68433919196083,77.63733444311265,5.952995251151819,False,1
362,2007-06-13,70.9,70.04977985716133,-0.8502201428386797,0.8502201428386797,1.355365435747082,4.699433799677728,0.03050000000000009,0.09050000000000011,True,True,68.69441442141425,74.74921365683906,6.0547992354248095,True,0
363,2007-06-14,70.9,70.76543293840926,-0.13456706159074372,0.13456706159074372,1.355365435747082,4.699433799677728,0.03100000000000009,0.09100000000000011,True,True,69.41006750266217,75.46486673808698,6.0547992354248095,True,0
364,2007-06-15,72.85,70.48038474566494,-2.3696152543350593,2.3696152543350593,1.355365435747082,4.36932249805448,0.03150000000000009,0.09150000000000011,True,True,69.12501930991786,74.84970724371942,5.724687933801562,True,0
365,2007-06-18,72.34,72.94857998987658,0.6085799898765742,-0.6085799898765742,1.355365435747082,4.36932249805448,0.03200000000000009,0.09200000000000011,True,True,71.5932145541295,77.31790248793106,5.724687933801562,True,0
366,2007-06-19,71.55,72.20743538095276,0.6574353809527622,-0.6574353809527622,1.355365435747082,4.36932249805448,0.03250000000000009,0.09250000000000011,True,True,70.85206994520567,76.57675787900723,5.724687933801562,True,0
367,2007-06-20,70.25,71.50377562679935,1.253775626799353,-1.253775626799353,1.3502678547110278,2.994318918808233,0.03300000000000009,0.09300000000000011,True,True,70.15350777208832,74.49809454560759,4.344586773519268,True,0
368,2007-06-21,69.16,69.97262289577513,0.8126228957751351,-0.8126228957751351,1.3502678547110278,2.994318918808233,0.03350000000000009,0.09350000000000011,True,True,68.62235504106411,72.96694181458336,4.344586773519254,True,0
369,2007-06-22,69.55,68.99308319363504,-0.5569168063649528,0.5569168063649528,1.3502678547110278,2.994318918808233,0.03400000000000009,0.09400000000000011,True,True,67.64281533892401,71.98740211244328,4.344586773519268,True,0
370,2007-06-25,69.35,69.55939830601827,0.20939830601827225,-0.20939830601827225,1.3502678547110278,2.994318918808233,0.03450000000000009,0.09450000000000011,True,True,68.20913045130723,72.5537172248265,4.344586773519268,True,0
371,2007-06-26,68.53,69.3250965067269,0.7950965067268925,-0.7950965067268925,1.3502678547110278,2.971707345633533,0.035000000000000094,0.09500000000000011,True,True,67.97482865201587,72.29680385236043,4.3219752003445535,True,0
372,2007-06-27,66.96,68.4090355711589,1.4490355711589018,-1.4490355711589018,1.305240273389174,2.971707345633533,0.035500000000000094,0.09550000000000011,False,True,67.10379529776972,71.38074291679243,4.276947619022707,False,1
373,2007-06-28,68.46,66.71786839628069,-1.7421316037193009,1.7421316037193009,1.4591903755390803,2.971707345633533,0.026000000000000092,0.09600000000000011,True,True,65.25867802074161,69.68957574191423,4.430897721172613,True,0
374,2007-06-29,69.03,68.56312652418586,-0.46687347581413974,0.46687347581413974,1.4591903755390803,2.971707345633533,0.026500000000000093,0.09650000000000011,True,True,67.10393614864678,71.5348338698194,4.430897721172613,True,0
375,2007-07-02,68.81,69.10835119830635,0.2983511983063494,-0.2983511983063494,1.4490355711589018,2.7286337238664515,0.027000000000000093,0.09700000000000011,True,True,67.65931562714745,71.8369849221728,4.177669295025353,True,0
376,2007-07-03,70.04,68.77533814629541,-1.2646618537045953,1.2646618537045953,1.4490355711589018,2.7286337238664515,0.027500000000000094,0.09750000000000011,True,True,67.32630257513651,71.50397187016186,4.177669295025353,True,0
377,2007-07-05,69.36,70.16411481070972,0.80411481070972,-0.80411481070972,1.4490355711589018,2.7286337238664515,0.028000000000000094,0.09800000000000011,True,True,68.71507923955082,72.89274853457617,4.177669295025353,True,0
378,2007-07-06,68.75,69.29691794756039,0.546917947560388,-0.546917947560388,1.4490355711589018,2.3696152543350593,0.028500000000000095,0.09850000000000012,True,True,67.84788237640149,71.66653320189545,3.818650825493961,True,0
379,2007-07-09,69.38,68.6423613370896,-0.737638662910399,0.737638662910399,1.4490355711589018,2.3696152543350593,0.029000000000000095,0.09900000000000012,True,True,67.1933257659307,71.01197659142466,3.818650825493961,True,0
380,2007-07-10,71.65,69.41760916158466,-2.2323908384153412,2.2323908384153412,1.4113667709634186,2.3696152543350593,0.029500000000000096,0.09950000000000012,True,True,68.00624239062125,71.78722441591972,3.7809820252984707,True,0
381,2007-07-11,70.58,71.9549180216169,1.3749180216169066,-1.3749180216169066,1.4113667709634186,2.2323908384153412,0.030000000000000096,0.10000000000000012,True,True,70.54355125065348,74.18730886003225,3.643757609378767,True,0
382,2007-07-12,71.31,70.50664994265553,-0.8033500573444741,0.8033500573444741,1.4113667709634186,2.2323908384153412,0.030500000000000096,0.10050000000000012,True,True,69.0952831716921,72.73904078107087,3.643757609378767,True,0
383,2007-07-13,73.08,71.25848964147924,-1.8215103585207544,1.8215103585207544,1.4113667709634186,2.2323908384153412,0.031000000000000097,0.10100000000000012,True,True,69.84712287051582,73.49088047989459,3.643757609378767,True,0
384,2007-07-16,74.73,73.1838404063453,-1.546159593654707,1.546159593654707,1.3749180216169066,2.2323908384153412,0.0315000000000001,0.10150000000000012,True,True,71.80892238472839,75.41623124476064,3.607308860032248,True,0
385,2007-07-17,74.39,74.9765325192327,0.5865325192327049,-0.5865325192327049,1.3749180216169066,2.0208942257136755,0.0320000000000001,0.10200000000000012,True,True,73.6016144976158,76.99742674494638,3.395812247330582,True,0
386,2007-07-18,73.27,74.28311010722429,1.0131101072242927,-1.0131101072242927,1.3749180216169066,2.0208942257136755,0.0325000000000001,0.10250000000000012,True,True,72.90819208560738,76.30400433293796,3.395812247330582,True,0
387,2007-07-19,74.24,73.0095713655278,-1.2304286344721902,1.2304286344721902,1.3749180216169066,2.0208942257136755,0.0330000000000001,0.10300000000000012,True,True,71.6346533439109,75.03046559124148,3.395812247330582,True,0
388,2007-07-20,72.62,74.22086604846287,1.600866048462862,-1.600866048462862,1.3749180216169066,1.862713109695747,0.0335000000000001,0.10350000000000012,False,True,72.84594802684596,76.08357915815861,3.2376311313126536,False,1
389,2007-07-23,71.78,72.36623862024949,0.5862386202494889,-0.5862386202494889,1.4953256784961795,1.862713109695747,0.024000000000000098,0.10400000000000012,True,True,70.87091294175332,74.22895172994524,3.3580387881919194,True,0
390,2007-07-24,71.04,71.66045104298662,0.6204510429866161,-0.6204510429866161,1.4953256784961795,1.862713109695747,0.024500000000000098,0.10450000000000012,True,True,70.16512536449045,73.52316415268237,3.3580387881919194,True,0
391,2007-07-25,84.66,70.93434445432592,-13.725655545674073,13.725655545674073,1.4953256784961795,1.862713109695747,0.0250000000000001,0.10500000000000012,True,False,69.43901877582974,72.79705756402167,3.3580387881919336,False,1
392,2007-07-26,85.02,86.03805218747978,1.0180521874797819,-1.0180521874797819,1.4953256784961795,2.7286337238664515,0.0255000000000001,0.09550000000000013,True,True,84.5427265089836,88.76668591134623,4.223959402362624,True,0
393,2007-07-27,84.27,85.14368659456827,0.8736865945682695,-0.8736865945682695,1.4591903755390803,2.7286337238664515,0.0260000000000001,0.09600000000000013,True,True,83.68449621902919,87.87232031843472,4.187824099405532,True,0
394,2007-07-30,83.0,84.11841013803317,1.1184101380331697,-1.1184101380331697,1.4591903755390803,2.7286337238664515,0.0265000000000001,0.09650000000000013,True,True,82.65921976249409,86.84704386189962,4.187824099405532,True,0
395,2007-07-31,83.7,82.4266252469071,-1.2733747530929094,1.2733747530929094,1.4591903755390803,2.3696152543350593,0.0270000000000001,0.09700000000000013,True,True,80.96743487136801,84.79624050124215,3.8288056298741395,True,0
396,2007-08-01,78.1,83.64509182350518,5.545091823505189,-5.545091823505189,1.4591903755390803,2.3696152543350593,0.0275000000000001,0.09750000000000013,False,True,82.1859014479661,86.01470707784024,3.8288056298741395,False,1
397,2007-08-02,77.86,77.50182045475076,-0.3581795452492429,0.3581795452492429,1.8407009268302446,2.3696152543350593,0.0180000000000001,0.09800000000000013,True,True,75.6611195279205,79.87143570908582,4.210316181165311,True,0
398,2007-08-03,79.54,77.66398157877114,-1.8760184212288635,1.8760184212288635,1.8407009268302446,2.2323908384153412,0.0185000000000001,0.09850000000000013,True,True,75.8232806519409,79.89637241718648,4.073091765245579,True,0
399,2007-08-06,77.06,79.58044427070416,2.5204442707041608,-2.5204442707041608,1.8407009268302446,2.2323908384153412,0.0190000000000001,0.09900000000000013,False,True,77.73974334387393,81.8128351091195,4.073091765245579,False,1
400,2007-08-07,78.55,76.74584733352005,-1.8041526664799505,1.8041526664799505,2.5204442707041608,2.2323908384153412,0.0095000000000001,0.09950000000000013,True,True,74.22540306281589,78.97823817193539,4.752835109119502,True,0
401,2007-08-08,79.77,78.8342149167507,-0.9357850832493,0.9357850832493,2.4979006434349174,2.0208942257136755,0.0100000000000001,0.10000000000000013,True,True,76.33631427331578,80.85510914246437,4.518794869148593,True,0
402,2007-08-09,76.4,79.15646807191673,2.7564680719167285,-2.7564680719167285,2.4979006434349174,2.0208942257136755,0.010500000000000101,0.10050000000000013,False,True,76.65856742848182,81.17736229763041,4.518794869148593,False,1
403,2007-08-10,73.15,76.01916044367191,2.869160443671902,-2.869160443671902,inf,2.0208942257136755,0.0010000000000001015,0.10100000000000013,True,True,-inf,78.04005466938558,inf,True,0
404,2007-08-13,76.09,72.85035095368964,-3.2396490463103618,3.2396490463103618,inf,2.0208942257136755,0.0015000000000001015,0.10150000000000013,True,False,-inf,74.87124517940332,inf,False,1
405,2007-08-14,74.79,75.6624804058962,0.8724804058961979,-0.8724804058961979,inf,2.971707345633533,0.0020000000000001015,0.09200000000000014,True,True,-inf,78.63418775152974,inf,True,0
406,2007-08-15,73.02,74.57462787461131,1.5546278746113131,-1.5546278746113131,5.2353533948385795,2.971707345633533,0.0025000000000001015,0.09250000000000014,True,True,69.33927447977273,77.54633522024484,8.207060740472116,True,0
407,2007-08-16,72.0,72.8706302872014,0.8706302872013936,-0.8706302872013936,5.2353533948385795,2.971707345633533,0.0030000000000001015,0.09300000000000014,True,True,67.63527689236281,75.84233763283493,8.207060740472116,True,0
408,2007-08-17,74.49,71.90161761012419,-2.588382389875804,2.588382389875804,5.2353533948385795,2.7286337238664515,0.0035000000000001016,0.09350000000000014,True,True,66.66626421528561,74.63025133399064,7.963987118705035,True,0
409,2007-08-20,74.98,73.65122873714623,-1.3287712628537776,1.3287712628537776,5.2353533948385795,2.7286337238664515,0.0040000000000001016,0.09400000000000014,True,True,68.41587534230764,76.37986246101268,7.963987118705035,True,0
410,2007-08-21,74.21,74.89787181601743,0.6878718160174344,-0.6878718160174344,5.2353533948385795,2.7286337238664515,0.004500000000000101,0.09450000000000014,True,True,69.66251842117885,77.62650553988388,7.963987118705035,True,0
411,2007-08-22,78.24,74.13730703764202,-4.1026929623579775,4.1026929623579775,2.9413746145605835,2.7286337238664515,0.005000000000000102,0.09500000000000014,True,False,71.19593242308143,76.86594076150847,5.6700083384270386,False,1
412,2007-08-23,78.94,78.61890815135581,-0.32109184864418694,0.32109184864418694,2.9413746145605835,4.1026929623579775,0.005500000000000102,0.08550000000000015,True,True,75.67753353679522,82.72160111371379,7.0440675769185646,True,0
413,2007-08-24,76.8,78.8882008639901,2.088200863990096,-2.088200863990096,2.9413746145605835,4.1026929623579775,0.0060000000000001025,0.08600000000000015,True,True,75.9468262494295,82.99089382634807,7.0440675769185646,True,0
414,2007-08-27,80.56,76.73900975939421,-3.820990240605795,3.820990240605795,2.9413746145605835,4.1026929623579775,0.006500000000000103,0.08650000000000015,True,True,73.79763514483362,80.84170272175218,7.0440675769185646,True,0
415,2007-08-28,77.86,81.23239714451394,3.37239714451394,-3.37239714451394,2.9413746145605835,3.820990240605795,0.007000000000000103,0.08700000000000015,False,True,78.29102252995335,85.05338738511973,6.762364855166382,False,1
416,2007-08-29,76.96,76.9704482503958,0.010448250395810987,-0.010448250395810987,inf,3.820990240605795,-0.0024999999999998964,0.08750000000000015,True,True,-inf,80.7914384910016,inf,True,0
417,2007-08-30,78.4,77.06342324268883,-1.3365767573111782,1.3365767573111782,inf,3.820990240605795,-0.0019999999999998964,0.08800000000000015,True,True,-inf,80.88441348329462,inf,True,0
418,2007-08-31,80.0,78.49779277456544,-1.5022072254345602,1.5022072254345602,inf,3.820990240605795,-0.0014999999999998964,0.08850000000000015,True,True,-inf,82.31878301517123,inf,True,0
419,2007-09-04,79.9,79.82643164906342,-0.07356835093658276,0.07356835093658276,inf,3.2396490463103618,-0.0009999999999998964,0.08900000000000015,True,True,-inf,83.06608069537378,inf,True,0
420,2007-09-05,82.24,79.7727355930897,-2.4672644069102887,2.4672644069102887,inf,3.2396490463103618,-0.0004999999999998964,0.08950000000000015,True,True,-inf,83.01238463940007,inf,True,0
421,2007-09-06,84.5,82.49750782854001,-2.0024921714599913,2.0024921714599913,inf,3.2396490463103618,1.0364972768961422e-16,0.09000000000000015,True,True,-inf,85.73715687485037,inf,True,0
422,2007-09-07,84.7,84.65223706284084,-0.04776293715916324,0.04776293715916324,inf,2.994318918808233,0.0005000000000001037,0.09050000000000015,True,True,-inf,87.64655598164907,inf,True,0
423,2007-09-10,84.93,83.37535994144261,-1.5546400585573963,1.5546400585573963,inf,2.994318918808233,0.0010000000000001037,0.09100000000000015,True,True,-inf,86.36967886025084,inf,True,0
424,2007-09-11,84.17,84.84124231627531,0.6712423162753112,-0.6712423162753112,inf,2.994318918808233,0.0015000000000001037,0.09150000000000015,True,True,-inf,87.83556123508355,inf,True,0
425,2007-09-12,86.07,84.21558398833368,-1.8544160116663164,1.8544160116663164,inf,2.971707345633533,0.0020000000000001037,0.09200000000000015,True,True,-inf,87.18729133396721,inf,True,0
426,2007-09-13,87.95,86.10396666217085,-1.8460333378291551,1.8460333378291551,5.2353533948385795,2.971707345633533,0.0025000000000001037,0.09250000000000015,True,True,80.86861326733226,89.07567400780438,8.207060740472116,True,0
427,2007-09-14,86.41,88.05808863485657,1.6480886348565775,-1.6480886348565775,5.2353533948385795,2.971707345633533,0.0030000000000001037,0.09300000000000015,True,True,82.82273524001799,91.0297959804901,8.207060740472116,True,0
428,2007-09-17,86.98,86.17494925121058,-0.8050507487894265,0.8050507487894265,5.2353533948385795,2.971707345633533,0.0035000000000001037,0.09350000000000015,True,True,80.939595856372,89.14665659684411,8.207060740472116,True,0
429,2007-09-18,87.38,87.03463480621305,-0.34536519378694663,0.34536519378694663,5.2353533948385795,2.7286337238664515,0.004000000000000104,0.09400000000000015,True,True,81.79928141137447,89.7632685300795,7.963987118705035,True,0
430,2007-09-19,89.52,87.32608727253655,-2.1939127274634416,2.1939127274634416,5.2353533948385795,2.7286337238664515,0.004500000000000105,0.09450000000000015,True,True,82.09073387769797,90.054720996403,7.963987118705035,True,0
431,2007-09-20,88.9,89.5901647922319,0.6901647922318972,-0.6901647922318972,3.37239714451394,2.7286337238664515,0.005000000000000105,0.09500000000000015,True,True,86.21776764771796,92.31879851609835,6.101030868380391,True,0
432,2007-09-21,90.29,88.8679355664024,-1.4220644335976118,1.4220644335976118,3.37239714451394,2.588382389875804,0.0055000000000001055,0.09550000000000015,True,True,85.49553842188845,91.4563179562782,5.960779534389744,True,0
433,2007-09-24,91.3,90.29352211808286,-1.0064778819171352,1.0064778819171352,3.37239714451394,2.588382389875804,0.006000000000000106,0.09600000000000015,True,True,86.92112497356892,92.88190450795867,5.960779534389744,True,0
434,2007-09-25,91.99,91.25623262724876,-0.733767372751231,0.733767372751231,3.37239714451394,2.588382389875804,0.006500000000000106,0.09650000000000016,True,True,87.88383548273482,93.84461501712457,5.960779534389744,True,0
435,2007-09-26,94.04,92.21750428132167,-1.82249571867834,1.82249571867834,2.9413746145605835,2.4672644069102887,0.007000000000000107,0.09700000000000016,True,True,89.27612966676108,94.68476868823196,5.408639021470876,True,0
436,2007-09-27,94.07,94.42684760009287,0.35684760009287686,-0.35684760009287686,2.9413746145605835,2.4672644069102887,0.007500000000000107,0.09750000000000016,True,True,91.48547298553228,96.89411200700316,5.408639021470876,True,0
437,2007-09-28,92.77,93.69447643469633,0.9244764346963308,-0.9244764346963308,2.9413746145605835,2.4672644069102887,0.008000000000000108,0.09800000000000016,True,True,90.75310182013574,96.16174084160662,5.408639021470876,True,0
438,2007-10-01,93.42,92.24622009744968,-1.1737799025503222,1.1737799025503222,2.9413746145605835,2.3696152543350593,0.008500000000000108,0.09850000000000016,True,True,89.30484548288909,94.61583535178474,5.310989868895646,True,0
439,2007-10-02,93.86,93.70304077905537,-0.15695922094462844,0.15695922094462844,2.9413746145605835,2.3696152543350593,0.009000000000000109,0.09900000000000016,True,True,90.76166616449478,96.07265603339043,5.310989868895646,True,0
440,2007-10-03,92.19,93.42997282198093,1.2399728219809276,-1.2399728219809276,2.869160443671902,2.3696152543350593,0.009500000000000109,0.09950000000000016,True,True,90.56081237830902,95.79958807631598,5.238775698006961,True,0
441,2007-10-04,92.55,91.96319921760451,-0.5868007823954855,0.5868007823954855,2.869160443671902,2.2323908384153412,0.01000000000000011,0.10000000000000016,True,True,89.09403877393261,94.19559005601985,5.101551282087243,True,0
442,2007-10-05,93.55,92.49223694569146,-1.0577630543085377,1.0577630543085377,2.869160443671902,2.2323908384153412,0.01050000000000011,0.10050000000000016,True,True,89.62307650201956,94.7246277841068,5.101551282087243,True,0
443,2007-10-08,94.22,93.89211864379425,-0.32788135620575076,0.32788135620575076,2.869160443671902,2.2323908384153412,0.01100000000000011,0.10100000000000016,True,True,91.02295820012235,96.12450948220959,5.101551282087243,True,0
444,2007-10-09,96.59,94.44825444055937,-2.1417455594406363,2.1417455594406363,2.7564680719167285,2.2323908384153412,0.01150000000000011,0.10150000000000016,True,True,91.69178636864264,96.68064527897471,4.98885891033207,True,0
445,2007-10-10,95.5,96.59714222516934,1.0971422251693355,-1.0971422251693355,2.7564680719167285,2.1939127274634416,0.012000000000000111,0.10200000000000016,True,True,93.8406741532526,98.79105495263278,4.95038079938017,True,0
446,2007-10-11,95.33,95.5077265635665,0.17772656356649463,-0.17772656356649463,2.7564680719167285,2.1939127274634416,0.012500000000000112,0.10250000000000016,True,True,92.75125849164976,97.70163929102993,4.95038079938017,True,0
447,2007-10-12,89.42,94.43184766553652,5.011847665536521,-5.011847665536521,2.7564680719167285,2.1939127274634416,0.013000000000000112,0.10300000000000016,False,True,91.6753795936198,96.62576039299996,4.95038079938017,False,1
448,2007-10-15,91.8,89.14181516473583,-2.6581848352641657,2.6581848352641657,5.2353533948385795,2.1417455594406363,0.0035000000000001124,0.10350000000000016,True,False,83.90646176989725,91.28356072417647,7.377098954279219,False,1
449,2007-10-16,88.69,91.90246711730437,3.212467117304371,-3.212467117304371,5.2353533948385795,2.588382389875804,0.004000000000000113,0.09400000000000017,True,True,86.66711372246579,94.49084950718017,7.823735784714387,True,0
450,2007-10-17,91.9,88.4068605132436,-3.493139486756405,3.493139486756405,5.011847665536521,2.588382389875804,0.004500000000000113,0.09450000000000017,True,False,83.39501284770708,90.9952429031194,7.600230055412325,False,1
451,2007-10-18,89.37,91.92622677015486,2.5562267701548507,-2.5562267701548507,5.011847665536521,3.2396490463103618,0.005000000000000114,0.08500000000000017,True,True,86.91437910461833,95.16587581646522,8.251496711846883,True,0
452,2007-10-19,89.93,89.20246051318708,-0.7275394868129297,0.7275394868129297,5.011847665536521,3.2396490463103618,0.005500000000000114,0.08550000000000017,True,True,84.19061284765056,92.44210955949744,8.251496711846883,True,0
453,2007-10-22,89.25,90.05267688401213,0.8026768840121292,-0.8026768840121292,5.011847665536521,3.2396490463103618,0.006000000000000115,0.08600000000000017,True,True,85.04082921847561,93.29232593032249,8.251496711846883,True,0
454,2007-10-23,95.28,88.6797865066935,-6.600213493306498,6.600213493306498,5.011847665536521,2.994318918808233,0.006500000000000115,0.08650000000000017,True,False,83.66793884115698,91.67410542550174,8.006166584344754,False,1
455,2007-10-24,90.87,95.56227002724073,4.692270027240724,-4.692270027240724,3.37239714451394,4.699433799677728,0.0070000000000001155,0.07700000000000018,False,True,92.18987288272679,100.26170382691845,8.07183094419166,False,1
456,2007-10-25,88.23,90.63815958120873,2.4081595812087215,-2.4081595812087215,inf,4.36932249805448,-0.0024999999999998843,0.07750000000000018,True,True,-inf,95.00748207926321,inf,True,0
457,2007-10-26,89.0,88.01704186051023,-0.9829581394897673,0.9829581394897673,inf,4.36932249805448,-0.0019999999999998842,0.07800000000000018,True,True,-inf,92.38636435856472,inf,True,0
458,2007-10-29,90.41,88.9259281762317,-1.4840718237683035,1.4840718237683035,inf,4.36932249805448,-0.0014999999999998842,0.07850000000000018,True,True,-inf,93.29525067428617,inf,True,0
459,2007-10-30,89.67,90.72383684264496,1.0538368426449551,-1.0538368426449551,inf,4.1026929623579775,-0.0009999999999998842,0.07900000000000018,True,True,-inf,94.82652980500293,inf,True,0
460,2007-10-31,88.05,89.0505055305335,1.000505530533502,-1.000505530533502,inf,4.1026929623579775,-0.0004999999999998842,0.07950000000000018,True,True,-inf,93.15319849289148,inf,True,0
461,2007-11-01,87.75,88.15877846138335,0.40877846138334917,-0.40877846138334917,inf,4.1026929623579775,1.1579279202145187e-16,0.08000000000000018,True,True,-inf,92.26147142374133,inf,True,0
462,2007-11-02,87.97,87.86566201410079,-0.10433798589920684,0.10433798589920684,inf,3.820990240605795,0.0005000000000001158,0.08050000000000018,True,True,-inf,91.68665225470659,inf,True,0
463,2007-11-05,84.35,87.83298958391372,3.482989583913721,-3.482989583913721,inf,3.820990240605795,0.0010000000000001158,0.08100000000000018,True,True,-inf,91.65397982451951,inf,True,0
464,2007-11-06,84.61,84.10007003581352,-0.5099299641864832,0.5099299641864832,inf,3.820990240605795,0.0015000000000001158,0.08150000000000018,True,True,-inf,87.92106027641931,inf,True,0
465,2007-11-07,86.41,84.52222624988939,-1.887773750110611,1.887773750110611,inf,3.493139486756405,0.002000000000000116,0.08200000000000018,True,True,-inf,88.01536573664579,inf,True,0
466,2007-11-08,86.8,86.39816238670056,-0.4018376132994348,0.4018376132994348,5.2353533948385795,3.493139486756405,0.002500000000000116,0.08250000000000018,True,True,81.16280899186198,89.89130187345697,8.728492881594988,True,0
467,2007-11-09,82.42,86.7220294479729,4.302029447972899,-4.302029447972899,5.2353533948385795,3.493139486756405,0.003000000000000116,0.08300000000000018,True,True,81.48667605313432,90.2151689347293,8.728492881594988,True,0
468,2007-11-12,78.26,82.14740144596747,3.8874014459674697,-3.8874014459674697,5.2353533948385795,3.493139486756405,0.003500000000000116,0.08350000000000019,True,True,76.91204805112889,85.64054093272388,8.728492881594988,True,0
469,2007-11-13,77.91,78.05420648949614,0.1442064894961419,-0.1442064894961419,5.2353533948385795,3.2396490463103618,0.004000000000000116,0.08400000000000019,True,True,72.81885309465756,81.2938555358065,8.475002441148945,True,0
470,2007-11-14,80.4,77.8897963252227,-2.5102036747773013,2.5102036747773013,5.011847665536521,3.2396490463103618,0.004500000000000117,0.08450000000000019,True,True,72.87794865968618,81.12944537153307,8.251496711846883,True,0
471,2007-11-15,79.43,80.52108188810398,1.0910818881039717,-1.0910818881039717,5.011847665536521,3.2396490463103618,0.005000000000000117,0.08500000000000019,True,True,75.50923422256746,83.76073093441434,8.251496711846883,True,0
472,2007-11-16,77.01,79.34172292359878,2.3317229235987753,-2.3317229235987753,5.011847665536521,2.994318918808233,0.005500000000000118,0.08550000000000019,True,True,74.32987525806226,82.33604184240701,8.006166584344754,True,0
473,2007-11-19,78.83,76.87533144359254,-1.954668556407455,1.954668556407455,5.011847665536521,2.994318918808233,0.006000000000000118,0.08600000000000019,True,True,71.86348377805602,79.86965036240078,8.006166584344754,True,0
474,2007-11-20,79.86,78.93463581888162,-0.9253641811183826,0.9253641811183826,4.692270027240724,2.994318918808233,0.0065000000000001185,0.08650000000000019,True,True,74.24236579164089,81.92895473768985,7.686588946048957,True,0
475,2007-11-21,79.24,79.8691729471077,0.6291729471077048,-0.6291729471077048,4.692270027240724,2.971707345633533,0.007000000000000119,0.08700000000000019,True,True,75.17690291986698,82.84088029274123,7.663977372874257,True,0
476,2007-11-23,80.11,79.17695111764704,-0.9330488823529635,0.9330488823529635,4.692270027240724,2.971707345633533,0.007500000000000119,0.08750000000000019,True,True,74.48468109040631,82.14865846328057,7.663977372874257,True,0
477,2007-11-26,82.3,80.14823178327129,-2.151768216728712,2.151768216728712,4.692270027240724,2.971707345633533,0.00800000000000012,0.08800000000000019,True,True,75.45596175603056,83.11993912890482,7.663977372874257,True,0
478,2007-11-27,82.92,82.39115113671565,-0.5288488632843524,0.5288488632843524,4.302029447972899,2.7286337238664515,0.00850000000000012,0.08850000000000019,True,True,78.08912168874275,85.1197848605821,7.03066317183935,True,0
479,2007-11-28,87.55,82.91386053239322,-4.636139467606782,4.636139467606782,4.302029447972899,2.7286337238664515,0.00900000000000012,0.08900000000000019,True,False,78.61183108442032,85.64249425625967,7.03066317183935,False,1
480,2007-11-29,89.89,88.2231052786516,-1.6668947213483989,1.6668947213483989,4.302029447972899,3.820990240605795,0.009500000000000121,0.0795000000000002,True,True,83.9210758306787,92.0440955192574,8.123019688578694,True,0
481,2007-11-30,90.56,90.15298266836342,-0.40701733163658105,0.40701733163658105,4.302029447972899,3.820990240605795,0.010000000000000122,0.0800000000000002,True,True,85.85095322039052,93.97397290896922,8.123019688578694,True,0
482,2007-12-03,90.03,90.6836459951483,0.6536459951482954,-0.6536459951482954,3.8874014459674697,3.820990240605795,0.010500000000000122,0.0805000000000002,True,True,86.79624454918083,94.50463623575409,7.708391686573265,True,0
483,2007-12-04,90.04,89.90090775931009,-0.13909224068991932,0.13909224068991932,3.8874014459674697,3.493139486756405,0.011000000000000123,0.0810000000000002,True,True,86.01350631334262,93.39404724606649,7.380540932723875,True,0
484,2007-12-05,94.99,89.96158873888315,-5.028411261116844,5.028411261116844,3.8874014459674697,3.493139486756405,0.011500000000000123,0.0815000000000002,True,False,86.07418729291568,93.45472822563956,7.380540932723875,False,1
485,2007-12-06,93.28,94.55825133333686,1.2782513333368541,-1.2782513333368541,3.8874014459674697,4.903928498957427,0.012000000000000123,0.0720000000000002,True,True,90.67084988736939,99.46217983229428,8.791329944924897,True,0
486,2007-12-07,94.56,93.24130837273349,-1.3186916272665172,1.3186916272665172,3.482989583913721,4.699433799677728,0.012500000000000124,0.0725000000000002,True,True,89.75831878881976,97.9407421724112,8.182423383591441,True,0
487,2007-12-10,94.31,94.95740296488073,0.647402964880726,-0.647402964880726,3.482989583913721,4.699433799677728,0.013000000000000124,0.0730000000000002,True,True,91.47441338096701,99.65683676455845,8.182423383591441,True,0
488,2007-12-11,93.1,94.19220414845043,1.0922041484504348,-1.0922041484504348,3.482989583913721,4.699433799677728,0.013500000000000125,0.0735000000000002,True,True,90.70921456453671,98.89163794812816,8.182423383591455,True,0
489,2007-12-12,92.84,92.95039850694332,0.11039850694331221,-0.11039850694331221,3.482989583913721,4.636139467606782,0.014000000000000125,0.0740000000000002,True,True,89.4674089230296,97.5865379745501,8.119129051520503,True,0
490,2007-12-13,91.05,92.89634299241199,1.8463429924119907,-1.8463429924119907,3.37239714451394,4.636139467606782,0.014500000000000126,0.0745000000000002,True,True,89.52394584789805,97.53248246001877,8.008536612120722,True,0
491,2007-12-14,90.77,91.21481617148306,0.44481617148306896,-0.44481617148306896,3.37239714451394,4.636139467606782,0.015000000000000126,0.0750000000000002,True,True,87.84241902696913,95.85095563908985,8.008536612120722,True,0
492,2007-12-17,89.01,90.92980898548704,1.9198089854870375,-1.9198089854870375,3.37239714451394,4.36932249805448,0.015500000000000127,0.0755000000000002,True,True,87.5574118409731,95.29913148354152,7.7417196425684125,True,0
493,2007-12-18,85.83,88.88197312196009,3.0519731219600885,-3.0519731219600885,3.37239714451394,4.36932249805448,0.016000000000000125,0.0760000000000002,True,True,85.50957597744615,93.25129562001456,7.7417196425684125,True,0
494,2007-12-19,86.94,85.67148167078983,-1.268518329210167,1.268518329210167,3.212467117304371,4.36932249805448,0.016500000000000126,0.0765000000000002,True,True,82.45901455348546,90.04080416884432,7.581789615358858,True,0
495,2007-12-20,90.14,86.95582305128183,-3.184176948718175,3.184176948718175,3.212467117304371,4.1026929623579775,0.017000000000000126,0.07700000000000021,True,True,83.74335593397745,91.0585160136398,7.315160079662348,True,0
496,2007-12-21,91.47,90.21317505680832,-1.256824943191674,1.256824943191674,3.212467117304371,4.1026929623579775,0.017500000000000127,0.07750000000000021,True,True,87.00070793950395,94.3158680191663,7.315160079662348,True,0
497,2007-12-24,91.05,91.61610410205301,0.5661041020530178,-0.5661041020530178,3.212467117304371,4.1026929623579775,0.018000000000000127,0.07800000000000021,True,True,88.40363698474864,95.71879706441099,7.315160079662348,True,0
498,2007-12-26,91.48,91.08040463952192,-0.39959536047808797,0.39959536047808797,3.0519731219600885,3.820990240605795,0.018500000000000127,0.07850000000000021,True,True,88.02843151756183,94.90139488012771,6.8729633625658835,True,0
499,2007-12-27,92.67,91.41716287342575,-1.2528371265742493,1.2528371265742493,3.0519731219600885,3.820990240605795,0.019000000000000128,0.07900000000000021,True,True,88.36518975146566,95.23815311403155,6.8729633625658835,True,0
500,2007-12-28,95.27,92.63987542659228,-2.6301245734077128,2.6301245734077128,3.0519731219600885,3.820990240605795,0.01950000000000013,0.07950000000000021,True,True,89.5879023046322,96.46086566719808,6.8729633625658835,True,0
501,2007-12-31,93.81,95.41144528936651,1.6014452893665094,-1.6014452893665094,2.9413746145605835,3.493139486756405,0.02000000000000013,0.08000000000000021,True,True,92.47007067480592,98.90458477612292,6.434514101316992,True,0
502,2008-01-02,95.35,93.73443956150248,-1.6155604384975106,1.6155604384975106,2.9413746145605835,3.493139486756405,0.02050000000000013,0.08050000000000021,True,True,90.7930649469419,97.22757904825889,6.434514101316992,True,0
503,2008-01-03,96.06,95.22422589387945,-0.835774106120553,0.835774106120553,2.9413746145605835,3.493139486756405,0.02100000000000013,0.08100000000000021,True,True,92.28285127931886,98.71736538063585,6.434514101316992,True,0
504,2008-01-04,93.26,96.00049783077309,2.74049783077308,-2.74049783077308,2.9413746145605835,3.493139486756405,0.02150000000000013,0.08150000000000021,True,True,93.0591232162125,99.49363731752949,6.434514101316992,True,0
505,2008-01-07,88.62,93.02058123988502,4.400581239885014,-4.400581239885014,2.869160443671902,3.2396490463103618,0.02200000000000013,0.08200000000000021,False,True,90.15142079621312,96.26023028619538,6.108809489982264,False,1
506,2008-01-08,87.55,88.41274689510065,0.8627468951006563,-0.8627468951006563,3.8874014459674697,3.2396490463103618,0.01250000000000013,0.08250000000000021,True,True,84.52534544913318,91.65239594141102,7.1270504922778315,True,0
507,2008-01-09,87.56,87.53908272793034,-0.020917272069667092,0.020917272069667092,3.8874014459674697,3.2396490463103618,0.013000000000000131,0.08300000000000021,True,True,83.65168128196287,90.7787317742407,7.1270504922778315,True,0
508,2008-01-10,83.98,87.5695050947564,3.5895050947563902,-3.5895050947563902,3.8874014459674697,3.184176948718175,0.013500000000000132,0.08350000000000021,True,True,83.68210364878892,90.75368204347457,7.071578394685645,True,0
509,2008-01-11,84.03,83.75322983875088,-0.276770161249118,0.276770161249118,3.5895050947563902,3.184176948718175,0.014000000000000132,0.08400000000000021,True,True,80.16372474399449,86.93740678746906,6.773682043474565,True,0
510,2008-01-14,82.18,84.05129231398668,1.8712923139866717,-1.8712923139866717,3.5895050947563902,2.994318918808233,0.014500000000000133,0.08450000000000021,True,True,80.46178721923029,87.04561123279491,6.583824013564623,True,0
511,2008-01-15,80.48,82.04676283247393,1.566762832473927,-1.566762832473927,3.5895050947563902,2.994318918808233,0.015000000000000133,0.08500000000000021,True,True,78.45725773771754,85.04108175128216,6.583824013564623,True,0
512,2008-01-16,79.58,80.36295317956677,0.7829531795667748,-0.7829531795667748,3.5895050947563902,2.994318918808233,0.015500000000000133,0.08550000000000021,True,True,76.77344808481038,83.357272098375,6.583824013564623,True,0
513,2008-01-17,80.16,79.50556191308908,-0.6544380869109148,0.6544380869109148,3.482989583913721,2.971707345633533,0.016000000000000132,0.08600000000000022,True,True,76.02257232917536,82.47726925872261,6.454696929547254,True,0
514,2008-01-18,79.93,80.17133290335535,0.2413329033553424,-0.2413329033553424,3.482989583913721,2.971707345633533,0.016500000000000133,0.08650000000000022,True,True,76.68834331944163,83.14304024898888,6.454696929547254,True,0
515,2008-01-22,73.58,79.88050651452134,6.300506514521345,-6.300506514521345,3.482989583913721,2.971707345633533,0.017000000000000133,0.08700000000000022,False,True,76.39751693060762,82.85221386015488,6.454696929547254,False,1
516,2008-01-23,75.6,73.16832756205237,-2.4316724379476256,2.4316724379476256,5.011847665536521,2.7286337238664515,0.007500000000000133,0.08750000000000022,True,True,68.15647989651585,75.89696128591882,7.740481389402973,True,0
517,2008-01-24,74.53,75.72747522277177,1.1974752227717715,-1.1974752227717715,4.692270027240724,2.7286337238664515,0.008000000000000134,0.08800000000000022,True,True,71.03520519553105,78.45610894663822,7.420903751107176,True,0
518,2008-01-25,78.69,74.42579087450993,-4.264209125490069,4.264209125490069,4.692270027240724,2.7286337238664515,0.008500000000000134,0.08850000000000022,True,False,69.7335208472692,77.15442459837638,7.420903751107176,False,1
519,2008-01-28,76.91,78.86815536019192,1.958155360191924,-1.958155360191924,4.692270027240724,3.820990240605795,0.009000000000000135,0.07900000000000022,True,True,74.1758853329512,82.68914560079772,8.513260267846519,True,0
520,2008-01-29,75.77,76.79391127803143,1.0239112780314343,-1.0239112780314343,4.692270027240724,3.493139486756405,0.009500000000000135,0.07950000000000022,True,True,72.1016412507907,80.28705076478784,8.18540951399713,True,0
521,2008-01-30,73.54,75.6807792648143,2.1407792648142987,-2.1407792648142987,4.400581239885014,3.493139486756405,0.010000000000000136,0.08000000000000022,True,True,71.28019802492929,79.17391875157071,7.893720726641419,True,0
522,2008-01-31,68.91,73.39360833969488,4.483608339694882,-4.483608339694882,4.400581239885014,3.493139486756405,0.010500000000000136,0.08050000000000022,False,True,68.99302709980986,76.88674782645128,7.893720726641419,False,1
523,2008-02-01,79.02,68.62405378878888,-10.395946211211111,10.395946211211111,inf,3.2396490463103618,0.0010000000000001362,0.08100000000000022,True,False,-inf,71.86370283509925,inf,False,1
524,2008-02-04,74.5,79.33114664980475,4.831146649804751,-4.831146649804751,inf,4.636139467606782,0.0015000000000001362,0.07150000000000023,True,True,-inf,83.96728611741153,inf,True,0
525,2008-02-05,72.8,74.47727569605735,1.6772756960573503,-1.6772756960573503,5.545091823505189,4.636139467606782,0.0020000000000001362,0.07200000000000023,True,True,68.93218387255216,79.11341516366413,10.18123129111197,True,0
526,2008-02-06,72.3,72.75993077343416,0.45993077343416644,-0.45993077343416644,5.545091823505189,4.36932249805448,0.0025000000000001362,0.07250000000000023,True,True,67.21483894992897,77.12925327148864,9.914414321559661,True,0
527,2008-02-07,67.37,72.25912213772831,4.889122137728307,-4.889122137728307,5.545091823505189,4.36932249805448,0.0030000000000001362,0.07300000000000023,True,True,66.71403031422312,76.62844463578278,9.914414321559661,True,0
528,2008-02-08,73.4,67.27683141874063,-6.123168581259378,6.123168581259378,5.545091823505189,4.36932249805448,0.0035000000000001362,0.07350000000000023,True,False,61.73173959523544,71.6461539167951,9.914414321559661,False,1
529,2008-02-11,73.14,73.32913002854622,0.18913002854621652,-0.18913002854621652,5.2353533948385795,6.600213493306498,0.004000000000000136,0.06400000000000024,True,True,68.09377663370763,79.92934352185272,11.835566888145081,True,0
530,2008-02-12,75.43,73.10220164584413,-2.327798354155874,2.327798354155874,5.2353533948385795,6.123168581259378,0.004500000000000136,0.06450000000000024,True,True,67.86684825100555,79.22537022710351,11.358521976097961,True,0
531,2008-02-13,74.99,75.37315858500392,0.3831585850039261,-0.3831585850039261,5.2353533948385795,6.123168581259378,0.005000000000000136,0.06500000000000024,True,True,70.13780519016534,81.4963271662633,11.358521976097961,True,0
532,2008-02-14,77.73,74.96692936708726,-2.7630706329127435,2.7630706329127435,5.2353533948385795,6.123168581259378,0.005500000000000137,0.06550000000000024,True,True,69.73157597224868,81.09009794834664,11.358521976097961,True,0
533,2008-02-15,75.0,77.6662265802286,2.666226580228596,-2.666226580228596,5.011847665536521,5.028411261116844,0.006000000000000137,0.06600000000000024,True,True,72.65437891469207,82.69463784134544,10.040258926653365,True,0
534,2008-02-19,73.54,75.01111749919778,1.4711174991977742,-1.4711174991977742,5.011847665536521,5.028411261116844,0.006500000000000138,0.06650000000000024,True,True,69.99926983366126,80.03952876031462,10.040258926653365,True,0
535,2008-02-20,71.9,73.48547063960683,1.5854706396068252,-1.5854706396068252,5.011847665536521,5.028411261116844,0.007000000000000138,0.06700000000000024,True,True,68.47362297407031,78.51388190072367,10.040258926653365,True,0
536,2008-02-21,73.94,71.85274375301668,-2.0872562469833156,2.0872562469833156,4.889122137728307,4.903928498957427,0.0075000000000001385,0.06750000000000024,True,True,66.96362161528837,76.75667225197411,9.793050636685734,True,0
537,2008-02-22,70.54,73.86458345614663,3.3245834561466268,-3.3245834561466268,4.889122137728307,4.903928498957427,0.008000000000000139,0.06800000000000024,True,True,68.97546131841833,78.76851195510406,9.793050636685734,True,0
538,2008-02-25,72.35,70.5591446705023,-1.7908553294976883,1.7908553294976883,4.889122137728307,4.903928498957427,0.00850000000000014,0.06850000000000024,True,True,65.670022532774,75.46307316945973,9.793050636685734,True,0
539,2008-02-26,71.91,72.23485698253256,0.324856982532566,-0.324856982532566,4.889122137728307,4.699433799677728,0.00900000000000014,0.06900000000000024,True,True,67.34573484480426,76.9342907822103,9.588555937406042,True,0
540,2008-02-27,70.68,71.89950242911318,1.2195024291131773,-1.2195024291131773,4.831146649804751,4.699433799677728,0.00950000000000014,0.06950000000000024,True,True,67.06835577930843,76.5989362287909,9.530580449482471,True,0
541,2008-02-28,70.3,70.64984329191063,0.3498432919106307,-0.3498432919106307,4.831146649804751,4.699433799677728,0.01000000000000014,0.07000000000000024,True,True,65.81869664210588,75.34927709158836,9.530580449482486,True,0
542,2008-02-29,67.01,70.24777378249271,3.2377737824927095,-3.2377737824927095,4.831146649804751,4.636139467606782,0.010500000000000141,0.07050000000000024,True,True,65.41662713268796,74.8839132500995,9.467286117411533,True,0
543,2008-03-03,63.59,67.00832456186664,3.4183245618666405,-3.4183245618666405,4.831146649804751,4.636139467606782,0.011000000000000142,0.07100000000000024,True,True,62.17717791206189,71.64446402947343,9.467286117411533,True,0
544,2008-03-04,61.67,63.529858538793405,1.8598585387934037,-1.8598585387934037,4.692270027240724,4.636139467606782,0.011500000000000142,0.07150000000000024,True,True,58.83758851155268,68.16599800640019,9.328409494847506,True,0
545,2008-03-05,65.66,61.58157914267396,-4.078420857326037,4.078420857326037,4.692270027240724,4.36932249805448,0.012000000000000142,0.07200000000000024,True,True,56.889309115433235,65.95090164072843,9.061592525295197,True,0
546,2008-03-06,64.75,65.56684106408247,0.8168410640824675,-0.8168410640824675,4.692270027240724,4.36932249805448,0.012500000000000143,0.07250000000000024,True,True,60.87457103684174,69.93616356213695,9.061592525295211,True,0
547,2008-03-07,62.2,64.77391538396851,2.5739153839685116,-2.5739153839685116,4.483608339694882,4.36932249805448,0.013000000000000143,0.07300000000000025,True,True,60.29030704427363,69.14323788202299,8.852930837749355,True,0
548,2008-03-10,63.9,62.184756830929295,-1.7152431690707033,1.7152431690707033,4.483608339694882,4.264209125490069,0.013500000000000144,0.07350000000000025,True,True,57.70114849123441,66.44896595641936,8.747817465184944,True,0
549,2008-03-11,65.95,63.83294659033099,-2.117053409669012,2.117053409669012,4.483608339694882,4.264209125490069,0.014000000000000144,0.07400000000000025,True,True,59.34933825063611,68.09715571582106,8.747817465184951,True,0
550,2008-03-12,66.77,65.89784015412714,-0.8721598458728579,0.8721598458728579,4.483608339694882,4.264209125490069,0.014500000000000145,0.07450000000000025,True,True,61.414231814432256,70.16204927961721,8.747817465184951,True,0
551,2008-03-13,65.11,66.73132515211257,1.6213251521125756,-1.6213251521125756,4.400581239885014,4.1026929623579775,0.015000000000000145,0.07500000000000025,True,True,62.33074391222756,70.83401811447055,8.503274202242991,True,0
552,2008-03-14,68.61,65.08969200877031,-3.5203079912296857,3.5203079912296857,4.400581239885014,4.1026929623579775,0.015500000000000146,0.07550000000000025,True,True,60.6891107688853,69.19238497112829,8.503274202242991,True,0
553,2008-03-17,65.72,68.52082416131421,2.8008241613142104,-2.8008241613142104,4.400581239885014,4.1026929623579775,0.016000000000000146,0.07600000000000025,True,True,64.1202429214292,72.62351712367219,8.503274202242991,True,0
554,2008-03-18,68.25,65.74954892171097,-2.500451078289032,2.500451078289032,4.302029447972899,4.078420857326037,0.016500000000000146,0.07650000000000025,True,True,61.44751947373807,69.827969779037,8.380450305298936,True,0
555,2008-03-19,71.1,68.12687213033759,-2.973127869662406,2.973127869662406,4.302029447972899,4.078420857326037,0.017000000000000147,0.07700000000000025,True,True,63.82484268236469,72.20529298766363,8.380450305298936,True,0
556,2008-03-20,70.17,71.02040028131006,0.8504002813100584,-0.8504002813100584,4.302029447972899,3.820990240605795,0.017500000000000147,0.07750000000000025,True,True,66.71837083333716,74.84139052191586,8.123019688578694,True,0
557,2008-03-24,73.82,70.15666608211471,-3.663333917885282,3.663333917885282,3.8874014459674697,3.820990240605795,0.018000000000000148,0.07800000000000025,True,True,66.26926463614724,73.9776563227205,7.708391686573265,True,0
558,2008-03-25,75.83,73.69040825554455,-2.139591744455444,2.139591744455444,3.8874014459674697,3.820990240605795,0.01850000000000015,0.07850000000000025,True,True,69.80300680957708,77.51139849615035,7.708391686573265,True,0
559,2008-03-26,74.14,75.78072286013699,1.6407228601369894,-1.6407228601369894,3.8874014459674697,3.663333917885282,0.01900000000000015,0.07900000000000025,True,True,71.89332141416952,79.44405677802227,7.550735363852752,True,0
560,2008-03-27,74.37,74.13548985131148,-0.23451014868852837,0.23451014868852837,3.8874014459674697,3.663333917885282,0.01950000000000015,0.07950000000000025,True,True,70.248088405344,77.79882376919676,7.550735363852752,True,0
561,2008-03-28,71.0,74.3100031131812,3.310003113181196,-3.310003113181196,3.5895050947563902,3.663333917885282,0.02000000000000015,0.08000000000000025,True,True,70.7204980184248,77.97333703106648,7.252839012641672,True,0
562,2008-03-31,70.25,71.01797498220563,0.7679749822056294,-0.7679749822056294,3.5895050947563902,3.5203079912296857,0.02050000000000015,0.08050000000000025,True,True,67.42846988744924,74.53828297343532,7.109813085986076,True,0
563,2008-04-01,72.99,70.19203216669659,-2.797967833303403,2.797967833303403,3.5895050947563902,3.5203079912296857,0.02100000000000015,0.08100000000000025,True,True,66.6025270719402,73.71234015792628,7.109813085986076,True,0
564,2008-04-02,77.08,72.89001502902835,-4.189984970971651,4.189984970971651,3.482989583913721,3.5203079912296857,0.02150000000000015,0.08150000000000025,True,False,69.40702544511463,76.41032302025803,7.003297575143407,False,1
565,2008-04-03,75.15,76.98304606951571,1.833046069515703,-1.833046069515703,3.482989583913721,4.264209125490069,0.02200000000000015,0.07200000000000026,True,True,73.50005648560199,81.24725519500578,7.74719870940379,True,0
566,2008-04-04,75.26,75.13685696680442,-0.12314303319558917,0.12314303319558917,3.482989583913721,4.264209125490069,0.022500000000000152,0.07250000000000026,True,True,71.6538673828907,79.40106609229449,7.74719870940379,True,0
567,2008-04-07,77.36,75.2099175524926,-2.150082447507401,2.150082447507401,3.4183245618666405,4.189984970971651,0.023000000000000152,0.07300000000000026,True,True,71.79159299062596,79.39990252346425,7.608309532838291,True,0
568,2008-04-08,76.4,77.27754955273498,0.8775495527349761,-0.8775495527349761,3.4183245618666405,4.189984970971651,0.023500000000000153,0.07350000000000026,True,True,73.85922499086834,81.46753452370663,7.608309532838291,True,0
569,2008-04-09,76.56,76.36767052013002,-0.19232947986998283,0.19232947986998283,3.4183245618666405,4.1026929623579775,0.024000000000000153,0.07400000000000026,True,True,72.94934595826338,80.470363482488,7.521017524224618,True,0
570,2008-04-10,74.48,76.5112637921441,2.0312637921441024,-2.0312637921441024,3.4183245618666405,4.1026929623579775,0.024500000000000154,0.07450000000000026,True,True,73.09293923027747,80.61395675450208,7.521017524224618,True,0
571,2008-04-11,73.84,74.46932050307957,0.629320503079569,-0.629320503079569,3.37239714451394,4.1026929623579775,0.025000000000000154,0.07500000000000026,True,True,71.09692335856563,78.57201346543755,7.475090106871917,True,0
572,2008-04-14,71.7,73.80457205052207,2.1045720505220658,-2.1045720505220658,3.37239714451394,4.078420857326037,0.025500000000000154,0.07550000000000026,True,True,70.43217490600813,77.8829929078481,7.450818001839977,True,0
573,2008-04-15,72.97,71.68809833996349,-1.2819016600365103,1.2819016600365103,3.37239714451394,4.078420857326037,0.026000000000000155,0.07600000000000026,True,True,68.31570119544955,75.76651919728953,7.450818001839977,True,0
574,2008-04-16,73.02,72.89867722562573,-0.12132277437426353,0.12132277437426353,3.3245834561466268,4.078420857326037,0.026500000000000155,0.07650000000000026,True,True,69.5740937694791,76.97709808295177,7.403004313472664,True,0
575,2008-04-17,74.18,72.97513051887523,-1.2048694811247742,1.2048694811247742,3.3245834561466268,3.820990240605795,0.027000000000000156,0.07700000000000026,True,True,69.6505470627286,76.79612075948103,7.145573696752422,True,0
576,2008-04-18,76.48,74.11325305391787,-2.366746946082131,2.366746946082131,3.3245834561466268,3.820990240605795,0.027500000000000156,0.07750000000000026,True,True,70.78866959777125,77.93424329452367,7.145573696752422,True,0
577,2008-04-21,80.03,76.39668026524718,-3.633319734752817,3.633319734752817,3.310003113181196,3.820990240605795,0.028000000000000157,0.07800000000000026,True,True,73.08667715206599,80.21767050585298,7.130993353786991,True,0
578,2008-04-22,79.94,79.94273817934125,0.002738179341250202,-0.002738179341250202,3.310003113181196,3.663333917885282,0.028500000000000157,0.07850000000000026,True,True,76.63273506616005,83.60607209722653,6.973337031066478,True,0
579,2008-04-23,80.3,79.90628150550832,-0.3937184944916794,0.3937184944916794,3.310003113181196,3.663333917885282,0.029000000000000158,0.07900000000000026,True,True,76.59627839232712,83.5696154233936,6.973337031066478,True,0
580,2008-04-24,77.71,80.24719133290964,2.537191332909643,-2.537191332909643,3.2377737824927095,3.633319734752817,0.029500000000000158,0.07950000000000026,True,True,77.00941755041693,83.88051106766245,6.8710935172455265,True,0
581,2008-04-25,77.81,77.69732941671104,-0.11267058328895985,0.11267058328895985,3.2377737824927095,3.633319734752817,0.03000000000000016,0.08000000000000027,True,True,74.45955563421833,81.33064915146386,6.8710935172455265,True,0
582,2008-04-28,80.64,77.74936664073685,-2.8906333592631483,2.8906333592631483,3.2377737824927095,3.633319734752817,0.03050000000000016,0.08050000000000027,True,True,74.51159285824414,81.38268637548967,6.8710935172455265,True,0
583,2008-04-29,81.42,80.55327708354564,-0.8667229164543642,0.8667229164543642,3.212467117304371,3.5203079912296857,0.03100000000000016,0.08100000000000027,True,True,77.34080996624127,84.07358507477532,6.732775108534057,True,0
584,2008-04-30,80.9,81.36700453332239,0.4670045333223811,-0.4670045333223811,3.212467117304371,3.5203079912296857,0.03150000000000016,0.08150000000000027,True,True,78.15453741601802,84.88731252455207,6.732775108534057,True,0
585,2008-05-01,78.4,80.8601045658625,2.460104565862494,-2.460104565862494,3.212467117304371,3.5203079912296857,0.03200000000000016,0.08200000000000027,True,True,77.64763744855813,84.38041255709219,6.732775108534057,True,0
586,2008-05-02,80.3,78.38190837849545,-1.9180916215045443,1.9180916215045443,3.0519731219600885,3.493139486756405,0.03250000000000016,0.08250000000000027,True,True,75.32993525653536,81.87504786525186,6.545112608716494,True,0
587,2008-05-05,77.27,80.22499697761846,2.954996977618464,-2.954996977618464,3.0519731219600885,3.493139486756405,0.03300000000000016,0.08300000000000027,True,True,77.17302385565837,83.71813646437487,6.545112608716494,True,0
588,2008-05-06,75.51,77.27419607535535,1.7641960753553434,-1.7641960753553434,3.0519731219600885,3.2396490463103618,0.03350000000000016,0.08350000000000027,True,True,74.22222295339526,80.51384512166571,6.29162216827045,True,0
589,2008-05-07,75.26,75.48163450349966,0.22163450349965785,-0.22163450349965785,3.0519731219600885,3.2396490463103618,0.03400000000000016,0.08400000000000027,True,True,72.42966138153957,78.72128354981002,6.29162216827045,True,0
590,2008-05-08,73.73,75.21238287539434,1.482382875394336,-1.482382875394336,2.954996977618464,3.2396490463103618,0.03450000000000016,0.08450000000000027,True,True,72.25738589777588,78.4520319217047,6.194646023928826,True,0
591,2008-05-09,72.2,73.70301386940248,1.50301386940248,-1.50301386940248,2.954996977618464,3.184176948718175,0.03500000000000016,0.08500000000000027,True,True,70.74801689178402,76.88719081812066,6.139173926336639,True,0
592,2008-05-12,73.0,72.16889113795865,-0.8311088620413472,0.8311088620413472,2.954996977618464,3.184176948718175,0.03550000000000016,0.08550000000000027,True,True,69.21389416034019,75.35306808667683,6.139173926336639,True,0
593,2008-05-13,74.57,72.93928702626755,-1.630712973732443,1.630712973732443,2.9413746145605835,3.184176948718175,0.036000000000000164,0.08600000000000027,True,True,69.99791241170696,76.12346397498573,6.125551563278762,True,0
594,2008-05-14,74.92,74.50376097136449,-0.4162390286355162,0.4162390286355162,2.9413746145605835,2.994318918808233,0.036500000000000164,0.08650000000000027,True,True,71.5623863568039,77.49807989017272,5.93569353336882,True,0
595,2008-05-15,73.89,74.87070131052258,0.9807013105225764,-0.9807013105225764,2.9413746145605835,2.994318918808233,0.037000000000000165,0.08700000000000027,True,True,71.92932669596199,77.86502022933081,5.93569353336882,True,0
596,2008-05-16,76.42,73.85646445131566,-2.5635355486843423,2.5635355486843423,2.869160443671902,2.973127869662406,0.037500000000000165,0.08750000000000027,True,True,70.98730400764376,76.82959232097807,5.842288313334308,True,0
597,2008-05-19,79.01,76.33498975357264,-2.6750102464273624,2.6750102464273624,2.869160443671902,2.973127869662406,0.038000000000000166,0.08800000000000027,True,True,73.46582930990074,79.30811762323505,5.842288313334308,True,0
598,2008-05-20,82.17,78.93177849564404,-3.2382215043559626,3.2382215043559626,2.869160443671902,2.973127869662406,0.038500000000000166,0.08850000000000027,True,False,76.06261805197214,81.90490636530645,5.842288313334308,False,1
599,2008-05-21,80.37,82.1021892124647,1.7321892124646894,-1.7321892124646894,2.8008241613142104,3.5203079912296857,0.039000000000000166,0.07900000000000028,True,True,79.30136505115048,85.62249720369438,6.321132152543896,True,0
600,2008-05-22,78.68,80.34346051181515,1.6634605118151455,-1.6634605118151455,2.8008241613142104,3.5203079912296857,0.03950000000000017,0.07950000000000028,True,True,77.54263635050094,83.86376850304484,6.321132152543896,True,0
601,2008-05-23,78.55,78.64549597526896,0.09549597526896036,-0.09549597526896036,2.7564680719167285,3.493139486756405,0.04000000000000017,0.08000000000000028,True,True,75.88902790335223,82.13863546202536,6.249607558673134,True,0
602,2008-05-27,78.26,78.50142968933481,0.24142968933480802,-0.24142968933480802,2.7564680719167285,3.493139486756405,0.04050000000000017,0.08050000000000028,True,True,75.74496161741808,81.99456917609122,6.249607558673134,True,0
603,2008-05-28,80.73,78.21292743093088,-2.5170725690691285,2.5170725690691285,2.7564680719167285,3.493139486756405,0.04100000000000017,0.08100000000000028,True,True,75.45645935901415,81.70606691768728,6.249607558673134,True,0
604,2008-05-29,80.61,80.65682136484425,0.04682136484424859,-0.04682136484424859,2.74049783077308,3.2396490463103618,0.04150000000000017,0.08150000000000028,True,True,77.91632353407117,83.89647041115461,5.980146877083442,True,0
605,2008-05-30,80.58,80.5612552643877,-0.01874473561230161,0.01874473561230161,2.74049783077308,3.2396490463103618,0.04200000000000017,0.08200000000000028,True,True,77.82075743361462,83.80090431069806,5.980146877083442,True,0
606,2008-06-02,81.15,80.53057173623041,-0.619428263769592,0.619428263769592,2.74049783077308,3.2396490463103618,0.04250000000000017,0.08250000000000028,True,True,77.79007390545733,83.77022078254078,5.980146877083442,True,0
607,2008-06-03,80.71,81.09505370034705,0.38505370034705777,-0.38505370034705777,2.666226580228596,3.2382215043559626,0.04300000000000017,0.08300000000000028,True,True,78.42882712011846,84.33327520470301,5.904448084584558,True,0
608,2008-06-04,80.11,80.66449503558955,0.5544950355895537,-0.5544950355895537,2.666226580228596,3.2382215043559626,0.04350000000000017,0.08350000000000028,True,True,77.99826845536096,83.90271653994552,5.904448084584558,True,0
609,2008-06-05,82.11,80.06600166859842,-2.043998331401582,2.043998331401582,2.666226580228596,3.184176948718175,0.04400000000000017,0.08400000000000028,True,True,77.39977508836982,83.25017861731659,5.850403528946771,True,0
610,2008-06-06,83.24,82.04115808296797,-1.198841917032027,1.198841917032027,2.5739153839685116,3.184176948718175,0.04450000000000017,0.08450000000000028,True,True,79.46724269899946,85.22533503168614,5.758092332686687,True,0
611,2008-06-09,81.19,83.17923055743846,1.9892305574384608,-1.9892305574384608,2.5739153839685116,3.184176948718175,0.04500000000000017,0.08500000000000028,True,True,80.60531517346995,86.36340750615663,5.758092332686687,True,0
612,2008-06-10,78.2,81.15815698503,2.9581569850300014,-2.9581569850300014,2.5739153839685116,2.994318918808233,0.04550000000000017,0.08550000000000028,False,True,78.58424160106149,84.15247590383824,5.5682343027767445,False,1
613,2008-06-11,79.35,78.17875596722152,-1.1712440327784748,1.1712440327784748,2.9413746145605835,2.994318918808233,0.03600000000000017,0.08600000000000028,True,True,75.23738135266093,81.17307488602975,5.93569353336882,True,0
614,2008-06-12,78.02,79.30155439400627,1.2815543940062781,-1.2815543940062781,2.9413746145605835,2.973127869662406,0.03650000000000017,0.08650000000000028,True,True,76.36017977944569,82.27468226366868,5.914502484222993,True,0
615,2008-06-13,76.7,77.98027791618571,1.2802779161857103,-1.2802779161857103,2.9413746145605835,2.973127869662406,0.03700000000000017,0.08700000000000029,True,True,75.03890330162513,80.95340578584812,5.914502484222993,True,0
616,2008-06-16,78.42,76.66662453524029,-1.7533754647597135,1.7533754647597135,2.869160443671902,2.973127869662406,0.03750000000000017,0.08750000000000029,True,True,73.79746409156839,79.6397524049027,5.842288313334308,True,0
617,2008-06-17,83.15,78.35913596268378,-4.790864037316226,4.790864037316226,2.869160443671902,2.971707345633533,0.03800000000000017,0.08800000000000029,True,False,75.48997551901188,81.33084330831731,5.840867789305435,False,1
618,2008-06-18,82.0,83.05498505419092,1.0549850541909223,-1.0549850541909223,2.869160443671902,3.5203079912296857,0.03850000000000017,0.07850000000000029,True,True,80.18582461051902,86.57529304542061,6.389468434901588,True,0
619,2008-06-19,82.21,81.92757354213,-0.2824264578699882,0.2824264578699882,2.8008241613142104,3.5203079912296857,0.03900000000000017,0.07900000000000029,True,True,79.1267493808158,85.44788153335969,6.321132152543896,True,0
620,2008-06-20,83.1,82.16562208599444,-0.9343779140055517,0.9343779140055517,2.8008241613142104,3.493139486756405,0.039500000000000174,0.07950000000000029,True,True,79.36479792468023,85.65876157275085,6.293963648070616,True,0
621,2008-06-23,81.3,83.0414149636088,1.741414963608804,-1.741414963608804,2.8008241613142104,3.493139486756405,0.040000000000000174,0.0800000000000003,True,True,80.24059080229459,86.5345544503652,6.293963648070616,True,0
622,2008-06-24,79.55,81.26031526725187,1.7103152672518718,-1.7103152672518718,2.7564680719167285,3.493139486756405,0.040500000000000175,0.0805000000000003,True,True,78.50384719533514,84.75345475400827,6.249607558673134,True,0
623,2008-06-25,80.45,79.52640182472028,-0.9235981752797215,0.9235981752797215,2.7564680719167285,3.2396490463103618,0.041000000000000175,0.0810000000000003,True,True,76.76993375280355,82.76605087103064,5.99611711822709,True,0
624,2008-06-26,79.1,80.40592105429744,1.3059210542974427,-1.3059210542974427,2.7564680719167285,3.2396490463103618,0.041500000000000176,0.0815000000000003,True,True,77.64945298238071,83.6455701006078,5.99611711822709,True,0
625,2008-06-27,75.59,79.05612901834519,3.4661290183451854,-3.4661290183451854,2.74049783077308,3.2382215043559626,0.042000000000000176,0.0820000000000003,False,True,76.31563118757211,82.29435052270115,5.978719335129043,False,1
626,2008-06-30,74.27,75.57682442226783,1.3068244222678373,-1.3068244222678373,3.0519731219600885,3.2382215043559626,0.032500000000000175,0.0825000000000003,True,True,72.52485130030774,78.8150459266238,6.290194626316051,True,0
627,2008-07-01,72.24,74.25463074815366,2.014630748153664,-2.014630748153664,3.0519731219600885,3.2382215043559626,0.033000000000000175,0.0830000000000003,True,True,71.20265762619357,77.49285225250962,6.290194626316051,True,0
628,2008-07-02,74.16,72.20996263538223,-1.9500373646177707,1.9500373646177707,2.9581569850300014,3.184176948718175,0.033500000000000175,0.0835000000000003,True,True,69.25180565035222,75.3941395841004,6.142333933748176,True,0
629,2008-07-03,72.51,74.11319494786152,1.6031949478615104,-1.6031949478615104,2.9581569850300014,3.184176948718175,0.034000000000000176,0.0840000000000003,True,True,71.15503796283151,77.29737189657969,6.142333933748176,True,0
630,2008-07-07,72.37,72.46917456736911,0.09917456736910424,-0.09917456736910424,2.9581569850300014,2.994318918808233,0.034500000000000176,0.0845000000000003,True,True,69.51101758233911,75.46349348617734,5.952475903838234,True,0
631,2008-07-08,72.38,72.33367649530577,-0.046323504694228745,0.046323504694228745,2.954996977618464,2.994318918808233,0.03500000000000018,0.0850000000000003,True,True,69.3786795176873,75.327995414114,5.949315896426697,True,0
632,2008-07-09,74.56,72.33639018446924,-2.2236098155307644,2.2236098155307644,2.954996977618464,2.994318918808233,0.03550000000000018,0.0855000000000003,True,True,69.38139320685077,75.33070910327747,5.949315896426697,True,0
633,2008-07-10,70.7,74.49737788174698,3.797377881746982,-3.797377881746982,2.954996977618464,2.973127869662406,0.03600000000000018,0.0860000000000003,False,True,71.54238090412852,77.47050575140939,5.92812484728087,False,1
634,2008-07-11,69.4,70.68759473068536,1.2875947306853561,-1.2875947306853561,3.37239714451394,2.973127869662406,0.026500000000000176,0.0865000000000003,True,True,67.31519758617142,73.66072260034777,6.345525014176346,True,0
635,2008-07-14,69.31,69.39124964001776,0.08124964001775936,-0.08124964001775936,3.3245834561466268,2.971707345633533,0.027000000000000177,0.0870000000000003,True,True,66.06666618387113,72.3629569856513,6.2962908017801595,True,0
636,2008-07-15,65.87,69.27838175361603,3.408381753616027,-3.408381753616027,3.3245834561466268,2.971707345633533,0.027500000000000177,0.0875000000000003,False,True,65.9537982974694,72.25008909924956,6.2962908017801595,False,1
637,2008-07-16,66.94,65.86396186962358,-1.0760381303764177,1.0760381303764177,3.797377881746982,2.971707345633533,0.018000000000000176,0.0880000000000003,True,True,62.0665839878766,68.83566921525711,6.769085227380515,True,0
638,2008-07-17,71.2,66.90634251252887,-4.293657487471137,4.293657487471137,3.797377881746982,2.8906333592631483,0.018500000000000176,0.0885000000000003,True,False,63.108964630781884,69.79697587179201,6.6880112410101304,False,1
639,2008-07-18,69.94,71.11203675251933,1.1720367525193325,-1.1720367525193325,3.5895050947563902,3.493139486756405,0.019000000000000176,0.0790000000000003,True,True,67.52253165776294,74.60517623927574,7.082644581512795,True,0
640,2008-07-21,69.52,69.86611345249358,0.34611345249358294,-0.34611345249358294,3.5895050947563902,3.493139486756405,0.019500000000000177,0.0795000000000003,True,True,66.27660835773719,73.35925293924998,7.082644581512795,True,0
641,2008-07-22,67.09,69.49833903570814,2.4083390357081385,-2.4083390357081385,3.5895050947563902,3.2396490463103618,0.020000000000000177,0.08000000000000031,True,True,65.90883394095175,72.7379880820185,6.829154141066752,True,0
642,2008-07-23,67.46,67.08060951601894,-0.3793904839810551,0.3793904839810551,3.482989583913721,3.2396490463103618,0.020500000000000178,0.08050000000000031,True,True,63.59761993210522,70.3202585623293,6.722638630224083,True,0
643,2008-07-24,76.3,67.44459236926193,-8.855407630738071,8.855407630738071,3.482989583913721,3.2382215043559626,0.021000000000000178,0.08100000000000031,True,False,63.961602785348205,70.68281387361789,6.721211088269683,False,1
644,2008-07-25,79.63,76.16238850806262,-3.467611491937376,3.467611491937376,3.482989583913721,4.1026929623579775,0.02150000000000018,0.07150000000000031,True,True,72.6793989241489,80.2650814704206,7.585682546271698,True,0
645,2008-07-28,77.09,79.40134713881804,2.3113471388180358,-2.3113471388180358,3.4661290183451854,4.078420857326037,0.02200000000000018,0.07200000000000031,True,True,75.93521812047285,83.47976799614408,7.544549875671223,True,0
646,2008-07-29,76.49,76.95311738601688,0.46311738601689,-0.46311738601689,3.4661290183451854,4.078420857326037,0.02250000000000018,0.07250000000000031,True,True,73.4869883676717,81.03153824334292,7.544549875671223,True,0
647,2008-07-30,78.36,76.50379953584739,-1.8562004641526073,1.8562004641526073,3.4661290183451854,3.820990240605795,0.02300000000000018,0.07300000000000031,True,True,73.0376705175022,80.32478977645319,7.28711925895098,True,0
648,2008-07-31,76.75,78.32432733632528,1.5743273363252825,-1.5743273363252825,3.4183245618666405,3.820990240605795,0.02350000000000018,0.07350000000000032,True,True,74.90600277445864,82.14531757693108,7.239314802472435,True,0
649,2008-08-01,76.36,76.64919502408722,0.28919502408722053,-0.28919502408722053,3.4183245618666405,3.820990240605795,0.02400000000000018,0.07400000000000032,True,True,73.23087046222058,80.47018526469301,7.239314802472435,True,0
650,2008-08-04,75.99,76.35348457209354,0.36348457209354024,-0.36348457209354024,3.4183245618666405,3.663333917885282,0.02450000000000018,0.07450000000000032,True,True,72.9351600102269,80.01681848997882,7.081658479751923,True,0
651,2008-08-05,76.92,75.95060288289841,-0.9693971171015932,0.9693971171015932,3.408381753616027,3.663333917885282,0.025000000000000182,0.07500000000000032,True,True,72.54222112928238,79.61393680078369,7.071715671501309,True,0
652,2008-08-06,78.55,76.87830301676416,-1.671696983235833,1.671696983235833,3.408381753616027,3.633319734752817,0.025500000000000182,0.07550000000000032,True,True,73.46992126314814,80.51162275151698,7.041701488368844,True,0
653,2008-08-07,77.01,78.46996212590662,1.459962125906614,-1.459962125906614,3.408381753616027,3.633319734752817,0.026000000000000183,0.07600000000000032,True,True,75.06158037229059,82.10328186065944,7.041701488368844,True,0
654,2008-08-08,76.78,76.91475606183731,0.13475606183730804,-0.13475606183730804,3.37239714451394,3.633319734752817,0.026500000000000183,0.07650000000000032,True,True,73.54235891732337,80.54807579659013,7.005716879266757,True,0
655,2008-08-11,80.18,76.77250330098506,-3.407496699014942,3.407496699014942,3.37239714451394,3.5203079912296857,0.027000000000000184,0.07700000000000032,True,True,73.40010615647113,80.29281129221475,6.8927051357436255,True,0
656,2008-08-12,87.32,80.12864660927755,-7.1913533907224405,7.1913533907224405,3.3245834561466268,3.5203079912296857,0.027500000000000184,0.07750000000000032,True,False,76.80406315313093,83.64895460050724,6.8448914473763125,False,1
657,2008-08-13,86.28,87.18957029134602,0.9095702913460144,-0.9095702913460144,3.3245834561466268,4.264209125490069,0.028000000000000184,0.06800000000000032,True,True,83.86498683519939,91.45377941683608,7.588792581636696,True,0
658,2008-08-14,85.71,85.98638645624683,0.2763864562468399,-0.2763864562468399,3.3245834561466268,4.189984970971651,0.028500000000000185,0.06850000000000032,True,True,82.6618030001002,90.17637142721848,7.514568427118277,True,0
659,2008-08-15,88.28,85.68483007899698,-2.59516992100302,2.59516992100302,3.310003113181196,4.189984970971651,0.029000000000000185,0.06900000000000032,True,True,82.37482696581579,89.87481504996863,7.499988084152847,True,0
660,2008-08-18,86.09,88.25401230046828,2.164012300468272,-2.164012300468272,3.310003113181196,4.189984970971651,0.029500000000000186,0.06950000000000033,True,True,84.94400918728708,92.44399727143993,7.499988084152847,True,0
661,2008-08-19,83.09,85.94620845814595,2.856208458145943,-2.856208458145943,3.310003113181196,4.1026929623579775,0.030000000000000186,0.07000000000000033,True,True,82.63620534496475,90.04890142050392,7.4126960755391735,True,0
662,2008-08-20,82.0,83.09402037060109,1.0940203706010863,-1.0940203706010863,3.2377737824927095,4.1026929623579775,0.030500000000000187,0.07050000000000033,True,True,79.85624658810838,87.19671333295906,7.340466744850687,True,0
663,2008-08-21,81.41,82.03700676662139,0.6270067666213919,-0.6270067666213919,3.2377737824927095,4.078420857326037,0.031000000000000187,0.07100000000000033,True,True,78.79923298412868,86.11542762394743,7.316194639818747,True,0
664,2008-08-22,84.27,81.38697296470332,-2.883027035296678,2.883027035296678,3.2377737824927095,4.078420857326037,0.03150000000000019,0.07150000000000033,True,True,78.14919918221061,85.46539382202936,7.316194639818747,True,0
665,2008-08-25,84.63,84.24773153033931,-0.38226846966068706,0.38226846966068706,3.212467117304371,4.078420857326037,0.03200000000000019,0.07200000000000033,True,True,81.03526441303494,88.32615238766535,7.290887974630408,True,0
666,2008-08-26,82.74,84.47501661793261,1.7350166179326152,-1.7350166179326152,3.212467117304371,3.820990240605795,0.03250000000000019,0.07250000000000033,True,True,81.26254950062824,88.2960068585384,7.033457357910166,True,0
667,2008-08-27,81.44,82.66241143748873,1.2224114374887307,-1.2224114374887307,3.212467117304371,3.820990240605795,0.03300000000000019,0.07300000000000033,True,True,79.44994432018436,86.48340167809452,7.033457357910166,True,0
668,2008-08-28,82.21,81.4430754258743,-0.7669245741256958,0.7669245741256958,3.0519731219600885,3.663333917885282,0.03350000000000019,0.07350000000000033,True,True,78.39110230391421,85.10640934375958,6.715307039845371,True,0
669,2008-08-29,82.9,82.20529688535227,-0.6947031146477372,0.6947031146477372,3.0519731219600885,3.663333917885282,0.03400000000000019,0.07400000000000033,True,True,79.15332376339218,85.86863080323755,6.715307039845371,True,0
670,2008-09-02,83.16,82.8192933778901,-0.34070662210989155,0.34070662210989155,2.9581569850300014,3.663333917885282,0.03450000000000019,0.07450000000000033,True,True,79.8611363928601,86.48262729577539,6.6214909029152835,True,0
671,2008-09-03,81.4,83.08010553727556,1.6801055372755513,-1.6801055372755513,2.9581569850300014,3.633319734752817,0.03500000000000019,0.07500000000000033,True,True,80.12194855224556,86.71342527202837,6.591476719782818,True,0
672,2008-09-04,80.6,81.3262018431192,0.726201843119199,-0.726201843119199,2.9581569850300014,3.633319734752817,0.03550000000000019,0.07550000000000033,True,True,78.36804485808919,84.95952157787201,6.591476719782818,True,0
673,2008-09-05,77.34,80.60397308917032,3.263973089170321,-3.263973089170321,2.954996977618464,3.5203079912296857,0.03600000000000019,0.07600000000000033,False,True,77.64897611155186,84.12428108040001,6.47530496884815,False,1
674,2008-09-08,82.25,77.29355517960437,-4.956444820395632,4.956444820395632,3.37239714451394,3.5203079912296857,0.02650000000000019,0.07650000000000033,True,False,73.92115803509043,80.81386317083405,6.8927051357436255,False,1
675,2008-09-09,80.76,82.32458626981307,1.5645862698130628,-1.5645862698130628,3.3245834561466268,4.264209125490069,0.02700000000000019,0.06700000000000034,True,True,79.00000281366644,86.58879539530314,7.588792581636696,True,0
676,2008-09-10,80.01,80.53417980450241,0.5241798045024098,-0.5241798045024098,3.3245834561466268,4.264209125490069,0.02750000000000019,0.06750000000000034,True,True,77.20959634835579,84.79838892999248,7.588792581636696,True,0
677,2008-09-11,75.27,80.00759877137133,4.737598771371339,-4.737598771371339,3.3245834561466268,4.264209125490069,0.02800000000000019,0.06800000000000034,False,True,76.68301531522471,84.2718078968614,7.588792581636696,False,1
678,2008-09-12,78.81,75.23981961198872,-3.5701803880112806,3.5701803880112806,3.797377881746982,4.189984970971651,0.01850000000000019,0.06850000000000034,True,True,71.44244173024174,79.42980458296037,7.987362852718633,True,0
679,2008-09-15,76.86,78.90327121592145,2.0432712159214503,-2.0432712159214503,3.797377881746982,4.189984970971651,0.01900000000000019,0.06900000000000034,True,True,75.10589333417447,83.0932561868931,7.987362852718633,True,0
680,2008-09-16,76.8,76.71247017630027,-0.08752982369972528,0.08752982369972528,3.5895050947563902,4.1026929623579775,0.01950000000000019,0.06950000000000034,True,True,73.12296508154388,80.81516313865825,7.692198057114368,True,0
681,2008-09-17,77.68,76.80834726127746,-0.8716527387225455,0.8716527387225455,3.5895050947563902,4.1026929623579775,0.02000000000000019,0.07000000000000034,True,True,73.21884216652107,80.91104022363544,7.692198057114368,True,0
682,2008-09-18,73.08,77.62344954510658,4.543449545106583,-4.543449545106583,3.5895050947563902,4.078420857326037,0.02050000000000019,0.07050000000000034,False,True,74.03394445035019,81.70187040243262,7.667925952082427,False,1
683,2008-09-19,80.12,73.0441419008983,-7.075858099101708,7.075858099101708,4.692270027240724,4.078420857326037,0.011000000000000192,0.07100000000000034,True,False,68.35187187365757,77.12256275822433,8.770690884566761,False,1
684,2008-09-22,81.13,80.07059276589094,-1.0594072341090595,1.0594072341090595,4.692270027240724,4.699433799677728,0.011500000000000192,0.06150000000000034,True,True,75.37832273865021,84.77002656556866,9.391703826918445,True,0
685,2008-09-23,75.79,80.8262407870928,5.036240787092794,-5.036240787092794,4.543449545106583,4.699433799677728,0.012000000000000193,0.06200000000000034,False,True,76.28279124198622,85.52567458677052,9.242883344784303,False,1
686,2008-09-24,72.3,75.79380460148977,3.493804601489771,-3.493804601489771,5.545091823505189,4.699433799677728,0.002500000000000193,0.06250000000000033,True,True,70.24871277798458,80.4932384011675,10.244525623182923,True,0
687,2008-09-25,70.66,72.50665177695437,1.8466517769543742,-1.8466517769543742,5.2353533948385795,4.636139467606782,0.003000000000000193,0.06300000000000033,True,True,67.27129838211579,77.14279124456115,9.871492862445365,True,0
688,2008-09-26,69.52,70.76533468109129,1.2453346810912933,-1.2453346810912933,5.2353533948385795,4.636139467606782,0.003500000000000193,0.06350000000000033,True,True,65.5299812862527,75.40147414869807,9.871492862445365,True,0
689,2008-09-29,68.41,69.55123847500042,1.1412384750004207,-1.1412384750004207,5.2353533948385795,4.36932249805448,0.004000000000000193,0.06400000000000033,True,True,64.31588508016183,73.9205609730549,9.60467589289307,True,0
690,2008-09-30,65.84,68.42385937555899,2.583859375558987,-2.583859375558987,5.036240787092794,4.36932249805448,0.004500000000000193,0.06450000000000033,True,True,63.3876185884662,72.79318187361346,9.405563285147267,True,0
691,2008-10-01,71.78,65.86574364616597,-5.914256353834034,5.914256353834034,5.036240787092794,4.36932249805448,0.0050000000000001935,0.06500000000000034,True,False,60.82950285907317,70.23506614422044,9.405563285147267,False,1
692,2008-10-02,67.63,71.75824826830042,4.128248268300425,-4.128248268300425,5.036240787092794,5.914256353834034,0.005500000000000194,0.055500000000000334,True,True,66.72200748120763,77.67250462213445,10.950497140926828,True,0
693,2008-10-03,69.42,67.48398058362214,-1.9360194163778601,1.9360194163778601,5.011847665536521,5.914256353834034,0.006000000000000194,0.056000000000000334,True,True,62.47213291808562,73.39823693745618,10.926104019370555,True,0
694,2008-10-06,64.06,69.45961635259869,5.399616352598684,-5.399616352598684,5.011847665536521,5.028411261116844,0.006500000000000195,0.056500000000000335,False,True,64.44776868706217,74.48802761371553,10.040258926653365,False,1
695,2008-10-07,65.79,64.14464591524236,-1.645354084757642,1.645354084757642,inf,5.028411261116844,-0.002999999999999805,0.057000000000000335,True,True,-inf,69.17305717635921,inf,True,0
696,2008-10-08,55.64,65.81138112416589,10.17138112416589,-10.17138112416589,inf,5.028411261116844,-0.002499999999999805,0.057500000000000336,True,True,-inf,70.83979238528273,inf,True,0
697,2008-10-09,61.97,56.005294798493615,-5.9647052015063835,5.9647052015063835,inf,4.956444820395632,-0.001999999999999805,0.058000000000000336,True,False,-inf,60.96173961888925,inf,False,1
698,2008-10-10,52.99,61.43568063969374,8.445680639693741,-8.445680639693741,inf,8.43241410940513,-0.0014999999999998049,0.048500000000000335,True,True,-inf,69.86809474909887,inf,True,0
699,2008-10-13,58.96,54.01505366640745,-4.944946333592554,4.944946333592554,inf,7.1913533907224405,-0.0009999999999998049,0.049000000000000335,True,True,-inf,61.20640705712989,inf,True,0
700,2008-10-14,63.5,57.714177468528455,-5.7858225314715455,5.7858225314715455,inf,7.1913533907224405,-0.0004999999999998049,0.049500000000000335,True,True,-inf,64.90553085925089,inf,True,0
701,2008-10-15,54.46,63.26797472763895,8.80797472763895,-8.80797472763895,inf,7.075858099101708,1.951563910473908e-16,0.050000000000000336,True,True,-inf,70.34383282674065,inf,True,0
702,2008-10-16,46.4,55.492261705948444,9.092261705948445,-9.092261705948445,inf,7.075858099101708,0.0005000000000001952,0.050500000000000336,True,True,-inf,62.56811980505015,inf,True,0
703,2008-10-17,48.83,47.025796884188736,-1.8042031158112621,1.8042031158112621,inf,7.075858099101708,0.0010000000000001952,0.05100000000000034,True,True,-inf,54.101654983290445,inf,True,0
704,2008-10-20,52.17,48.72596738691979,-3.4440326130802106,3.4440326130802106,9.092261705948445,6.600213493306498,0.0015000000000001952,0.05150000000000034,True,True,39.633705680971346,55.32618088022629,15.692475199254943,True,0
705,2008-10-21,51.86,51.82111216888805,-0.03888783111194982,0.03888783111194982,9.092261705948445,6.600213493306498,0.002000000000000195,0.05200000000000034,True,True,42.728850462939604,58.42132566219455,15.692475199254943,True,0
706,2008-10-22,50.05,51.79578711656471,1.7457871165647134,-1.7457871165647134,9.092261705948445,6.123168581259378,0.002500000000000195,0.05250000000000034,True,True,42.703525410616265,57.91895569782409,15.215430287207823,True,0
707,2008-10-23,43.37,50.21280918373866,6.842809183738666,-6.842809183738666,8.80797472763895,6.123168581259378,0.0030000000000001952,0.05300000000000034,True,True,41.404834456099714,56.33597776499804,14.931143308898328,True,0
708,2008-10-24,44.75,43.910302699026495,-0.8396973009735049,0.8396973009735049,8.80797472763895,6.123168581259378,0.0035000000000001952,0.05350000000000034,True,True,35.102327971387545,50.03347128028587,14.931143308898328,True,0
709,2008-10-27,49.0,44.85074899219987,-4.149251007800132,4.149251007800132,8.80797472763895,5.9647052015063835,0.004000000000000195,0.05400000000000034,True,True,36.04277426456092,50.81545419370625,14.772679929145333,True,0
710,2008-10-28,51.5,48.612035322278096,-2.8879646777219037,2.8879646777219037,8.445680639693741,5.9647052015063835,0.004500000000000195,0.05450000000000034,True,True,40.166354682584355,54.57674052378448,14.410385841200124,True,0
711,2008-10-29,55.53,51.11166434419931,-4.418335655800689,4.418335655800689,8.445680639693741,5.914256353834034,0.005000000000000195,0.05500000000000034,True,True,42.66598370450557,57.025920698033346,14.359936993527775,True,0
712,2008-10-30,58.76,55.16283301557349,-3.597166984426508,3.597166984426508,8.445680639693741,5.914256353834034,0.005500000000000196,0.05550000000000034,True,True,46.71715237587975,61.077089369407524,14.359936993527775,True,0
713,2008-10-31,56.01,58.42424160487999,2.41424160487999,-2.41424160487999,6.842809183738666,5.914256353834034,0.006000000000000196,0.05600000000000034,True,True,51.58143242114132,64.33849795871402,12.757065537572693,True,0
714,2008-11-03,56.35,56.057416380667945,-0.29258361933205634,0.29258361933205634,6.842809183738666,5.7858225314715455,0.006500000000000197,0.05650000000000034,True,True,49.21460719692928,61.84323891213949,12.628631715210211,True,0
715,2008-11-04,57.16,56.41429375281071,-0.7457062471892897,0.7457062471892897,6.842809183738666,5.7858225314715455,0.007000000000000197,0.05700000000000034,True,True,49.57148456907204,62.20011628428225,12.628631715210211,True,0
716,2008-11-05,57.47,57.08810770572116,-0.38189229427884186,0.38189229427884186,6.300506514521345,5.028411261116844,0.0075000000000001975,0.05750000000000034,True,True,50.78760119119981,62.116518966838,11.328917775638189,True,0
717,2008-11-06,49.8,57.41132015307684,7.611320153076839,-7.611320153076839,6.300506514521345,5.028411261116844,0.008000000000000198,0.05800000000000034,False,True,51.11081363855549,62.43973141419368,11.328917775638189,False,1
718,2008-11-07,47.76,50.24073317813129,2.4807331781312953,-2.4807331781312953,inf,5.028411261116844,-0.0014999999999998018,0.05850000000000034,True,True,-inf,55.26914443924814,inf,True,0
719,2008-11-10,49.98,48.14314130062916,-1.8368586993708362,1.8368586993708362,inf,4.956444820395632,-0.0009999999999998018,0.059000000000000344,True,True,-inf,53.09958612102479,inf,True,0
720,2008-11-11,47.1,49.9614638550281,2.8614638550280986,-2.8614638550280986,inf,4.956444820395632,-0.0004999999999998018,0.059500000000000344,True,True,-inf,54.91790867542373,inf,True,0
721,2008-11-12,43.99,47.195737250330026,3.2057372503300243,-3.2057372503300243,inf,4.944946333592554,1.981921571303502e-16,0.060000000000000345,True,True,-inf,52.14068358392258,inf,True,0
722,2008-11-13,41.4,44.29879123221425,2.8987912322142506,-2.8987912322142506,inf,4.944946333592554,0.0005000000000001982,0.060500000000000345,True,True,-inf,49.2437375658068,inf,True,0
723,2008-11-14,43.61,41.66690196423057,-1.943098035769431,1.943098035769431,inf,4.903928498957427,0.0010000000000001982,0.061000000000000346,True,True,-inf,46.570830463187995,inf,True,0
724,2008-11-17,39.91,43.641454940495784,3.7314549404957873,-3.7314549404957873,9.092261705948445,4.903928498957427,0.0015000000000001982,0.061500000000000346,True,True,34.54919323454734,48.54538343945321,13.996190204905872,True,0
725,2008-11-18,39.73,40.06848573619255,0.3384857361925526,-0.3384857361925526,9.092261705948445,4.903928498957427,0.0020000000000001982,0.062000000000000347,True,True,30.976224030244104,44.97241423514998,13.996190204905872,True,0
726,2008-11-19,37.97,39.911285322957184,1.9412853229571851,-1.9412853229571851,9.092261705948445,4.790864037316226,0.0025000000000001982,0.06250000000000035,True,True,30.81902361700874,44.70214936027341,13.88312574326467,True,0
727,2008-11-20,35.29,38.109046817317804,2.8190468173178047,-2.8190468173178047,8.80797472763895,4.790864037316226,0.0030000000000001983,0.06300000000000035,True,True,29.301072089678854,42.89991085463403,13.598838764955175,True,0
728,2008-11-21,36.39,35.51295470652403,-0.8770452934759732,0.8770452934759732,8.80797472763895,4.699433799677728,0.0035000000000001983,0.06350000000000035,True,True,26.704979978885078,40.212388506201755,13.507408527316677,True,0
729,2008-11-24,38.79,36.45938927978767,-2.330610720212327,2.330610720212327,8.80797472763895,4.699433799677728,0.004000000000000198,0.06400000000000035,True,True,27.651414552148722,41.1588230794654,13.507408527316677,True,0
730,2008-11-25,42.09,38.655763367287115,-3.4342366327128886,3.4342366327128886,8.445680639693741,4.636139467606782,0.004500000000000198,0.06450000000000035,True,True,30.210082727593374,43.2919028348939,13.081820107300523,True,0
731,2008-11-26,40.87,41.879435259920825,1.0094352599208278,-1.0094352599208278,8.445680639693741,4.636139467606782,0.005000000000000199,0.06500000000000035,True,True,33.433754620227084,46.51557472752761,13.081820107300523,True,0
732,2008-11-28,44.03,40.837469167565374,-3.1925308324346275,3.1925308324346275,7.611320153076839,4.636139467606782,0.005500000000000199,0.06550000000000035,True,True,33.226149014488534,45.473608635172155,12.247459620683621,True,0
733,2008-12-01,42.0,43.9394418041256,1.9394418041256003,-1.9394418041256003,7.611320153076839,4.418335655800689,0.0060000000000002,0.06600000000000035,True,True,36.32812165104876,48.35777745992629,12.029655808877529,True,0
734,2008-12-02,41.39,42.0499750730929,0.6599750730929017,-0.6599750730929017,7.611320153076839,4.418335655800689,0.0065000000000002,0.06650000000000035,True,True,34.43865492001606,46.46831072889359,12.029655808877529,True,0
735,2008-12-03,40.16,41.51514713054351,1.3551471305435143,-1.3551471305435143,6.842809183738666,4.36932249805448,0.0070000000000002005,0.06700000000000035,True,True,34.672337946804845,45.88446962859799,11.212131681793146,True,0
736,2008-12-04,45.94,40.275983768830045,-5.664016231169953,5.664016231169953,6.842809183738666,4.36932249805448,0.007500000000000201,0.06750000000000035,True,False,33.43317458509138,44.645306266884525,11.212131681793146,False,1
737,2008-12-05,45.89,45.663126888453306,-0.22687311154669487,0.22687311154669487,6.842809183738666,5.028411261116844,0.008000000000000201,0.05800000000000035,True,True,38.82031770471464,50.69153814957015,11.87122044485551,True,0
738,2008-12-08,49.15,45.73101034597652,-3.418989654023477,3.418989654023477,6.300506514521345,4.956444820395632,0.008500000000000202,0.05850000000000035,True,True,39.43050383145518,50.68745516637215,11.256951334916977,True,0
739,2008-12-09,49.81,48.98377578506882,-0.8262242149311803,0.8262242149311803,6.300506514521345,4.956444820395632,0.009000000000000202,0.05900000000000035,True,True,42.68326927054748,53.940220605464454,11.256951334916977,True,0
740,2008-12-10,51.46,49.72442189984706,-1.7355781001529422,1.7355781001529422,5.545091823505189,4.956444820395632,0.009500000000000203,0.05950000000000035,True,True,44.17933007634187,54.68086672024269,10.50153664390082,True,0
741,2008-12-11,49.33,51.3695937505731,2.039593750573104,-2.039593750573104,5.545091823505189,4.944946333592554,0.010000000000000203,0.06000000000000035,True,True,45.824501927067914,56.31454008416566,10.490038157097743,True,0
742,2008-12-12,47.52,49.431490787628654,1.9114907876286509,-1.9114907876286509,5.545091823505189,4.944946333592554,0.010500000000000204,0.06050000000000035,True,True,43.886398964123465,54.37643712122121,10.490038157097743,True,0
743,2008-12-15,50.65,47.67092477983387,-2.9790752201661306,2.9790752201661306,5.399616352598684,4.903928498957427,0.011000000000000204,0.06100000000000035,True,True,42.271308427235184,52.574853278791295,10.303544851556111,True,0
744,2008-12-16,49.62,50.52417823663216,0.9041782366321627,-0.9041782366321627,5.399616352598684,4.903928498957427,0.011500000000000205,0.06150000000000035,True,True,45.124561884033476,55.42810673558959,10.303544851556111,True,0
745,2008-12-17,52.26,49.62686331602737,-2.63313668397263,2.63313668397263,5.399616352598684,4.790864037316226,0.012000000000000205,0.06200000000000035,True,True,44.227246963428684,54.417727353343594,10.19048038991491,True,0
746,2008-12-18,53.0,52.12866953746252,-0.8713304625374789,0.8713304625374789,5.2353533948385795,4.790864037316226,0.012500000000000205,0.06250000000000035,True,True,46.893316142623945,56.91953357477875,10.026217432154802,True,0
747,2008-12-19,51.59,52.913850097434825,1.3238500974348213,-1.3238500974348213,5.2353533948385795,4.790864037316226,0.013000000000000206,0.06300000000000035,True,True,47.67849670259625,57.70471413475105,10.026217432154802,True,0
748,2008-12-22,51.6,51.663354441769705,0.06335444176970384,-0.06335444176970384,5.036240787092794,4.699433799677728,0.013500000000000206,0.06350000000000035,True,True,46.62711365467691,56.36278824144743,9.735674586770521,True,0
749,2008-12-23,50.12,51.63332239145467,1.5133223914546718,-1.5133223914546718,5.036240787092794,4.699433799677728,0.014000000000000207,0.06400000000000035,True,True,46.597081604361875,56.3327561911324,9.735674586770521,True,0
750,2008-12-24,51.66,50.21563831278628,-1.4443616872137142,1.4443616872137142,5.036240787092794,4.636139467606782,0.014500000000000207,0.06450000000000035,True,True,45.17939752569349,54.851777780393064,9.672380254699576,True,0
751,2008-12-26,53.79,51.60435667035546,-2.1856433296445417,2.1856433296445417,5.011847665536521,4.636139467606782,0.015000000000000208,0.06500000000000035,True,True,46.592509004818936,56.24049613796224,9.647987133143303,True,0
752,2008-12-29,51.43,53.636621096407566,2.2066210964075665,-2.2066210964075665,5.011847665536521,4.418335655800689,0.015500000000000208,0.06550000000000035,True,True,48.624773430871045,58.054956752208255,9.43018332133721,True,0
753,2008-12-30,49.51,51.53001928377803,2.0200192837780335,-2.0200192837780335,4.889122137728307,4.418335655800689,0.01600000000000021,0.06600000000000035,True,True,46.640897146049724,55.94835493957872,9.307457793528997,True,0
754,2008-12-31,50.74,49.681452487313386,-1.0585475126866157,1.0585475126866157,4.889122137728307,4.36932249805448,0.01650000000000021,0.06650000000000035,True,True,44.79233034958508,54.050774985367866,9.258444635782787,True,0
755,2009-01-02,51.35,50.72502296017885,-0.6249770398211538,0.6249770398211538,4.889122137728307,4.36932249805448,0.01700000000000021,0.06700000000000035,True,True,45.83590082245054,55.09434545823333,9.258444635782787,True,0
756,2009-01-05,55.73,51.29335662217816,-4.436643377821838,4.436643377821838,4.831146649804751,4.36932249805448,0.01750000000000021,0.06750000000000035,True,False,46.46220997237341,55.66267912023264,9.20046914785923,False,1
757,2009-01-06,54.55,55.45430143282736,0.90430143282736,-0.90430143282736,4.831146649804751,4.956444820395632,0.01800000000000021,0.05800000000000035,True,True,50.623154783022606,60.41074625322299,9.787591470200383,True,0
758,2009-01-07,56.29,54.51546123848147,-1.774538761518528,1.774538761518528,4.737598771371339,4.944946333592554,0.01850000000000021,0.05850000000000035,True,True,49.77786246711013,59.460407572074025,9.682545104963893,True,0
759,2009-01-08,54.99,56.200754735035474,1.2107547350354722,-1.2107547350354722,4.737598771371339,4.944946333592554,0.01900000000000021,0.05900000000000035,True,True,51.463155963664136,61.14570106862803,9.682545104963893,True,0
760,2009-01-09,56.92,55.02837320072927,-1.8916267992707319,1.8916267992707319,4.737598771371339,4.903928498957427,0.01950000000000021,0.05950000000000035,True,True,50.29077442935793,59.9323016996867,9.641527270328766,True,0
761,2009-01-12,54.12,56.814060746798056,2.6940607467980584,-2.6940607467980584,4.692270027240724,4.903928498957427,0.020000000000000212,0.06000000000000035,True,True,52.12179071955733,61.71798924575548,9.596198526198151,True,0
762,2009-01-13,50.96,54.25556220789584,3.2955622078958413,-3.2955622078958413,4.692270027240724,4.790864037316226,0.020500000000000212,0.06050000000000035,True,True,49.56329218065512,59.04642624521207,9.48313406455695,True,0
763,2009-01-14,50.1,51.19558558870164,1.0955855887016384,-1.0955855887016384,4.543449545106583,4.790864037316226,0.021000000000000213,0.06100000000000035,True,True,46.65213604359506,55.986449626017865,9.334313582422809,True,0
764,2009-01-15,48.56,50.21319166413128,1.6531916641312776,-1.6531916641312776,4.543449545106583,4.790864037316226,0.021500000000000213,0.06150000000000035,True,True,45.6697421190247,55.004055701447506,9.334313582422809,True,0
765,2009-01-16,51.8,48.67531677100374,-3.124683228996254,3.124683228996254,4.543449545106583,4.699433799677728,0.022000000000000214,0.06200000000000035,True,True,44.13186722589716,53.37475057068147,9.24288334478431,True,0
766,2009-01-20,50.75,51.640413986648035,0.890413986648035,-0.890413986648035,4.483608339694882,4.699433799677728,0.022500000000000214,0.06250000000000035,True,True,47.15680564695315,56.33984778632576,9.18304213937261,True,0
767,2009-01-21,49.31,50.771258184630724,1.4612581846307222,-1.4612581846307222,4.483608339694882,4.636139467606782,0.023000000000000215,0.06300000000000035,True,True,46.28764984493584,55.407397652237506,9.119747807301664,True,0
768,2009-01-22,49.42,49.42710218866549,0.007102188665491838,-0.007102188665491838,4.400581239885014,4.636139467606782,0.023500000000000215,0.06350000000000035,True,True,45.02652094878048,54.063241656272275,9.036720707491796,True,0
769,2009-01-23,48.9,49.45448310889723,0.5544831088972302,-0.5544831088972302,4.400581239885014,4.436643377821838,0.024000000000000216,0.06400000000000035,True,True,45.053901869012215,53.89112648671907,8.837224617706852,True,0
770,2009-01-26,50.18,48.94588829745215,-1.2341117025478496,1.2341117025478496,4.400581239885014,4.436643377821838,0.024500000000000216,0.06450000000000035,True,True,44.545307057567136,53.38253167527399,8.837224617706852,True,0
771,2009-01-27,49.3,50.126115807333235,0.8261158073332382,-0.8261158073332382,4.302029447972899,4.418335655800689,0.025000000000000216,0.06500000000000035,True,True,45.82408635936034,54.544451463133925,8.720365103773588,True,0
772,2009-01-28,49.72,49.34599307081663,-0.3740069291833663,0.3740069291833663,4.302029447972899,4.418335655800689,0.025500000000000217,0.06550000000000035,True,True,45.043963622843734,53.76432872661732,8.720365103773588,True,0
773,2009-01-29,49.96,49.72448091322711,-0.23551908677288935,0.23551908677288935,4.128248268300425,4.418335655800689,0.026000000000000217,0.06600000000000035,True,True,45.59623264492669,54.1428165690278,8.546583924101114,True,0
774,2009-01-30,57.36,49.9523239069735,-7.407676093026502,7.407676093026502,4.128248268300425,4.36932249805448,0.026500000000000218,0.06650000000000035,True,False,45.82407563867307,54.32164640502798,8.497570766354904,False,1
775,2009-02-02,58.57,56.87984887542519,-1.690151124574811,1.690151124574811,4.128248268300425,4.956444820395632,0.02700000000000022,0.05700000000000035,True,True,52.751600607124765,61.83629369582082,9.084693088696056,True,0
776,2009-02-03,60.87,58.3615321814671,-2.5084678185328997,2.5084678185328997,3.8874014459674697,4.956444820395632,0.02750000000000022,0.05750000000000035,True,True,54.47413073549963,63.31797700186273,8.843846266363101,True,0
777,2009-02-04,63.38,60.70539243061094,-2.6746075693890603,2.6746075693890603,3.8874014459674697,4.944946333592554,0.02800000000000022,0.05800000000000035,True,True,56.81799098464347,65.6503387642035,8.832347779560024,True,0
778,2009-02-05,61.15,63.190199002561336,2.0401990025613372,-2.0401990025613372,3.797377881746982,4.944946333592554,0.02850000000000022,0.05850000000000035,True,True,59.392821120814354,68.1351453361539,8.742324215339544,True,0
779,2009-02-06,63.18,61.210715482430146,-1.9692845175698537,1.9692845175698537,3.797377881746982,4.944946333592554,0.02900000000000022,0.05900000000000035,True,True,57.413337600683164,66.1556618160227,8.742324215339536,True,0
780,2009-02-09,66.56,63.047305840887404,-3.5126941591125984,3.5126941591125984,3.797377881746982,4.903928498957427,0.02950000000000022,0.05950000000000035,True,True,59.24992795914042,67.95123433984483,8.701306380704409,True,0
781,2009-02-10,66.15,66.30491176391764,0.15491176391763872,-0.15491176391763872,3.7314549404957873,4.903928498957427,0.03000000000000022,0.06000000000000035,True,True,62.57345682342186,71.20884026287507,8.635383439453214,True,0
782,2009-02-11,63.1,66.08417688715174,2.9841768871517402,-2.9841768871517402,3.7314549404957873,4.790864037316226,0.03050000000000022,0.06050000000000035,True,True,62.352721946655954,70.87504092446797,8.522318977812013,True,0
783,2009-02-12,63.25,63.219237061851736,-0.03076293814826414,0.03076293814826414,3.5895050947563902,4.790864037316226,0.031000000000000222,0.06100000000000035,True,True,59.629731967095346,68.01010109916797,8.380369132072623,True,0
784,2009-02-13,63.97,63.239325824928585,-0.7306741750714139,0.7306741750714139,3.5895050947563902,4.699433799677728,0.03150000000000022,0.06150000000000035,True,True,59.649820730172195,67.93875962460632,8.288938894434125,True,0
785,2009-02-17,61.67,63.88733873000539,2.2173387300053875,-2.2173387300053875,3.493804601489771,4.699433799677728,0.03200000000000022,0.06200000000000035,True,True,60.39353412851562,68.58677252968312,8.193238401167498,True,0
786,2009-02-18,62.27,61.745162936759186,-0.5248370632408168,0.5248370632408168,3.493804601489771,4.636139467606782,0.03250000000000022,0.06250000000000035,True,True,58.251358335269416,66.38130240436597,8.129944069096553,True,0
787,2009-02-19,62.84,62.232381282266786,-0.6076187177332173,0.6076187177332173,3.493804601489771,4.636139467606782,0.033000000000000224,0.06300000000000035,True,True,58.738576680777015,66.86852074987357,8.129944069096553,True,0
788,2009-02-20,61.07,62.76354271483305,1.6935427148330504,-1.6935427148330504,3.482989583913721,4.636139467606782,0.033500000000000224,0.06350000000000035,True,True,59.28055313091933,67.39968218243983,8.119129051520503,True,0
789,2009-02-23,64.16,61.12357509698818,-3.036424903011813,3.036424903011813,3.482989583913721,4.436643377821838,0.034000000000000224,0.06400000000000035,True,True,57.64058551307446,65.56021847481003,7.919632961735566,True,0
790,2009-02-24,61.97,63.969442844725755,1.9994428447257562,-1.9994428447257562,3.4661290183451854,4.436643377821838,0.034500000000000225,0.06450000000000035,True,True,60.50331382638057,68.4060862225476,7.90277239616703,True,0
791,2009-02-25,64.9,62.01726799697579,-2.8827320030242163,2.8827320030242163,3.4661290183451854,4.418335655800689,0.035000000000000225,0.06500000000000035,True,True,58.551138978630604,66.43560365277648,7.884464674145875,True,0
792,2009-02-26,64.12,64.70425187156266,0.5842518715626568,-0.5842518715626568,3.4183245618666405,4.418335655800689,0.035500000000000226,0.06550000000000035,True,True,61.28592730969602,69.12258752736335,7.83666021766733,True,0
793,2009-02-27,61.26,64.09171313936228,2.831713139362286,-2.831713139362286,3.4183245618666405,4.36932249805448,0.036000000000000226,0.06600000000000035,True,True,60.67338857749564,68.46103563741676,7.787647059921113,True,0
794,2009-03-02,63.94,61.39780532147036,-2.54219467852964,2.54219467852964,3.4183245618666405,4.36932249805448,0.03650000000000023,0.06650000000000035,True,True,57.97948075960372,65.76712781952483,7.787647059921113,True,0
795,2009-03-03,62.75,63.772144592378346,1.0221445923783463,-1.0221445923783463,3.408381753616027,4.293657487471137,0.03700000000000023,0.06700000000000035,True,True,60.36376283876232,68.06580207984948,7.7020392410871565,True,0
796,2009-03-04,62.8,62.75082454006623,-0.04917545993376393,0.04917545993376393,3.408381753616027,4.293657487471137,0.03750000000000023,0.06750000000000035,True,True,59.342442786450206,67.04448202753737,7.702039241087164,True,0
797,2009-03-05,64.12,62.77324650990321,-1.3467534900967948,1.3467534900967948,3.37239714451394,4.264209125490069,0.03800000000000023,0.06800000000000035,True,True,59.40084936538927,67.03745563539329,7.636606270004016,True,0
798,2009-03-06,65.2,63.995929811525144,-1.2040701884748586,1.2040701884748586,3.37239714451394,4.264209125490069,0.03850000000000023,0.06850000000000035,True,True,60.623532667011204,68.26013893701521,7.636606270004009,True,0
799,2009-03-09,62.2,65.07032461880812,2.8703246188081124,-2.8703246188081124,3.3245834561466268,4.189984970971651,0.03900000000000023,0.06900000000000035,True,True,61.74574116266149,69.26030958977977,7.514568427118277,True,0
800,2009-03-10,62.49,62.32820586201441,-0.16179413798559494,0.16179413798559494,3.3245834561466268,4.189984970971651,0.03950000000000023,0.06950000000000035,True,True,59.00362240586778,66.51819083298605,7.51456842711827,True,0
801,2009-03-11,66.24,62.475317031659024,-3.7646829683409706,3.7646829683409706,3.310003113181196,4.149251007800132,0.04000000000000023,0.07000000000000035,True,True,59.16531391847783,66.62456803945915,7.459254120981321,True,0
802,2009-03-12,68.35,65.94952746182143,-2.400472538178562,2.400472538178562,3.310003113181196,4.149251007800132,0.04050000000000023,0.07050000000000035,True,True,62.639524348640236,70.09877846962156,7.459254120981328,True,0
803,2009-03-13,69.64,68.10018195097787,-1.5398180490221307,1.5398180490221307,3.310003113181196,4.149251007800132,0.04100000000000023,0.07100000000000035,True,True,64.79017883779667,72.249432958778,7.459254120981328,True,0
804,2009-03-16,68.56,69.46652697203862,0.9065269720386198,-0.9065269720386198,3.2955622078958413,4.1026929623579775,0.04150000000000023,0.07150000000000035,True,True,66.17096476414278,73.5692199343966,7.398255170253819,True,0
805,2009-03-17,67.37,68.54042227647803,1.1704222764780212,-1.1704222764780212,3.2955622078958413,4.1026929623579775,0.04200000000000023,0.07200000000000036,True,True,65.24486006858218,72.643115238836,7.398255170253819,True,0
806,2009-03-18,70.97,67.39683321544891,-3.5731667845510913,3.5731667845510913,3.263973089170321,4.078420857326037,0.04250000000000023,0.07250000000000036,True,True,64.13286012627859,71.47525407277494,7.342393946496358,True,0
807,2009-03-19,71.4,70.70222463526622,-0.6977753647337863,0.6977753647337863,3.263973089170321,4.078420857326037,0.04300000000000023,0.07300000000000036,True,True,67.4382515460959,74.78064549259226,7.342393946496358,True,0
808,2009-03-20,70.39,71.24021933905533,0.8502193390553288,-0.8502193390553288,3.2377737824927095,3.820990240605795,0.04350000000000023,0.07350000000000036,True,True,68.00244555656262,75.06120957966112,7.0587640230985045,True,0
809,2009-03-23,71.36,70.37164429526932,-0.9883557047306795,0.9883557047306795,3.2377737824927095,3.820990240605795,0.04400000000000023,0.07400000000000036,True,True,67.13387051277661,74.19263453587511,7.0587640230985045,True,0
810,2009-03-24,74.85,71.24715504199256,-3.602844958007438,3.602844958007438,3.212467117304371,3.7646829683409706,0.044500000000000234,0.07450000000000036,True,True,68.03468792468819,75.01183801033352,6.977150085645334,True,0
811,2009-03-25,73.09,74.53888187521628,1.4488818752162729,-1.4488818752162729,3.212467117304371,3.7646829683409706,0.045000000000000234,0.07500000000000036,True,True,71.3264147579119,78.30356484355724,6.977150085645334,True,0
812,2009-03-26,73.47,73.04907894815801,-0.4209210518419866,0.4209210518419866,3.212467117304371,3.663333917885282,0.045500000000000235,0.07550000000000036,True,True,69.83661183085364,76.7124128660433,6.875801035189653,True,0
813,2009-03-27,71.61,73.39760377287638,1.7876037728763805,-1.7876037728763805,3.2057372503300243,3.663333917885282,0.046000000000000235,0.07600000000000036,True,True,70.19186652254635,77.06093769076166,6.869071168215314,True,0
814,2009-03-30,70.4,71.63799015194006,1.2379901519400534,-1.2379901519400534,3.2057372503300243,3.633319734752817,0.046500000000000236,0.07650000000000036,True,True,68.43225290161004,75.27130988669288,6.839056985082834,True,0
815,2009-03-31,72.61,70.43233935840128,-2.1776606415987203,2.1776606415987203,3.0519731219600885,3.633319734752817,0.047000000000000236,0.07700000000000036,True,True,67.38036623644119,74.0656590931541,6.6852928567129055,True,0
816,2009-04-01,73.02,72.4223094252182,-0.5976905747817938,0.5976905747817938,3.0519731219600885,3.602844958007438,0.047500000000000236,0.07750000000000036,True,True,69.37033630325811,76.02515438322564,6.6548180799675265,True,0
817,2009-04-02,73.63,72.87545341823733,-0.7545465817626678,0.7545465817626678,2.9841768871517402,3.602844958007438,0.04800000000000024,0.07800000000000036,True,True,69.8912765310856,76.47829837624477,6.587021845159171,True,0
818,2009-04-03,76.42,73.50518995235863,-2.9148100476413674,2.9148100476413674,2.9841768871517402,3.597166984426508,0.04850000000000024,0.07850000000000036,True,True,70.52101306520689,77.10235693678514,6.581343871578255,True,0
819,2009-04-06,77.26,76.15090995439981,-1.1090900456001975,1.1090900456001975,2.9581569850300014,3.597166984426508,0.04900000000000024,0.07900000000000036,True,True,73.1927529693698,79.74807693882632,6.555323969456509,True,0
820,2009-04-07,76.97,77.06578670178999,0.09578670178999005,-0.09578670178999005,2.9581569850300014,3.5731667845510913,0.04950000000000024,0.07950000000000036,True,True,74.10762971675999,80.63895348634108,6.531323769581093,True,0
821,2009-04-08,75.93,76.87841081472985,0.94841081472984,-0.94841081472984,2.954996977618464,3.5731667845510913,0.05000000000000024,0.08000000000000036,True,True,73.92341383711138,80.45157759928094,6.528163762169555,True,0
822,2009-04-09,77.51,75.90528423454955,-1.6047157654504502,1.6047157654504502,2.954996977618464,3.5701803880112806,0.05050000000000024,0.08050000000000036,True,True,72.95028725693109,79.47546462256084,6.5251773656297445,True,0
823,2009-04-13,79.84,77.34090097577717,-2.4990990242228293,2.4990990242228293,2.954996977618464,3.5701803880112806,0.05100000000000024,0.08100000000000036,True,True,74.38590399815871,80.91108136378845,6.5251773656297445,True,0
824,2009-04-14,78.0,79.5707546102048,1.5707546102048013,-1.5707546102048013,2.9413746145605835,3.5203079912296857,0.05150000000000024,0.08150000000000036,True,True,76.62937999564421,83.09106260143449,6.461682605790273,True,0
825,2009-04-15,75.5,77.96598896846947,2.4659889684694747,-2.4659889684694747,2.9413746145605835,3.5203079912296857,0.05200000000000024,0.08200000000000036,True,True,75.02461435390889,81.48629695969916,6.461682605790273,True,0
826,2009-04-16,75.33,75.58867543661906,0.25867543661905756,-0.25867543661905756,2.8987912322142506,3.5126941591125984,0.05250000000000024,0.08250000000000036,True,True,72.6898842044048,79.10136959573165,6.411485391326849,True,0
827,2009-04-17,76.78,75.30111788645878,-1.4788821135412178,1.4788821135412178,2.8987912322142506,3.5126941591125984,0.05300000000000024,0.08300000000000037,True,True,72.40232665424453,78.81381204557138,6.411485391326849,True,0
828,2009-04-20,78.44,76.60762859520887,-1.8323714047911324,1.8323714047911324,2.8703246188081124,3.493139486756405,0.05350000000000024,0.08350000000000037,True,True,73.73730397640075,80.10076808196527,6.363464105564518,True,0
829,2009-04-21,77.33,78.2163990658036,0.8863990658036016,-0.8863990658036016,2.8703246188081124,3.493139486756405,0.05400000000000024,0.08400000000000037,True,True,75.34607444699549,81.70953855256,6.363464105564518,True,0
830,2009-04-22,78.17,77.26552807286063,-0.9044719271393689,0.9044719271393689,2.869160443671902,3.467611491937376,0.05450000000000024,0.08450000000000037,True,True,74.39636762918873,80.73313956479801,6.336771935609278,True,0
831,2009-04-23,81.33,78.04789849360002,-3.2821015063999823,3.2821015063999823,2.869160443671902,3.467611491937376,0.05500000000000024,0.08500000000000037,True,True,75.17873804992811,81.51550998553739,6.336771935609278,True,0
832,2009-04-24,82.03,81.02114659444156,-1.0088534055584404,1.0088534055584404,2.8614638550280986,3.4440326130802106,0.055500000000000244,0.08550000000000037,True,True,78.15968273941346,84.46517920752177,6.305496468108316,True,0
833,2009-04-27,83.88,81.81379282654636,-2.066207173453634,2.066207173453634,2.8614638550280986,3.4440326130802106,0.056000000000000244,0.08600000000000037,True,True,78.95232897151826,85.25782543962657,6.305496468108316,True,0
834,2009-04-28,82.68,83.6462731328202,0.9662731328201914,-0.9662731328201914,2.856208458145943,3.4342366327128886,0.056500000000000244,0.08650000000000037,True,True,80.79006467467426,87.0805097655331,6.290445090858839,True,0
835,2009-04-29,82.99,82.60031456939541,-0.3896854306045867,0.3896854306045867,2.856208458145943,3.4342366327128886,0.057000000000000245,0.08700000000000037,True,True,79.74410611124947,86.0345512021083,6.290445090858839,True,0
836,2009-04-30,80.93,82.8851383845152,1.9551383845151946,-1.9551383845151946,2.831713139362286,3.418989654023477,0.057500000000000245,0.08750000000000037,True,True,80.05342524515291,86.30412803853868,6.25070279338577,True,0
837,2009-05-01,80.38,80.93483769305033,0.5548376930503309,-0.5548376930503309,2.831713139362286,3.418989654023477,0.058000000000000246,0.08800000000000037,True,True,78.10312455368805,84.3538273470738,6.250702793385756,True,0
838,2009-05-04,80.26,80.34756558463376,0.08756558463375086,-0.08756558463375086,2.831713139362286,3.407496699014942,0.058500000000000246,0.08850000000000037,True,True,77.51585244527146,83.7550622836487,6.239209838377235,True,0
839,2009-05-05,81.01,80.17517668728155,-0.8348233127184557,0.8348233127184557,2.8190468173178047,3.407496699014942,0.05900000000000025,0.08900000000000037,True,True,77.35612986996375,83.58267338629649,6.22654351633274,True,0
840,2009-05-06,82.88,80.86531040864986,-2.014689591350134,2.014689591350134,2.8190468173178047,3.2821015063999823,0.05950000000000025,0.08950000000000037,True,True,78.04626359133206,84.14741191504984,6.10114832371778,True,0
841,2009-05-07,82.73,82.64828924704571,-0.08171075295429375,0.08171075295429375,2.8008241613142104,3.2821015063999823,0.06000000000000025,0.09000000000000037,True,True,79.8474650857315,85.93039075344569,6.082925667714193,True,0
842,2009-05-08,79.69,82.59203502412879,2.902035024128793,-2.902035024128793,2.8008241613142104,3.2396490463103618,0.06050000000000025,0.09050000000000037,False,True,79.79121086281458,85.83168407043915,6.040473207624572,False,1
843,2009-05-11,76.8,79.76117159755995,2.9611715975599537,-2.9611715975599537,2.9413746145605835,3.2396490463103618,0.051000000000000247,0.09100000000000037,False,True,76.81979698299936,83.00082064387031,6.181023660870949,False,1
844,2009-05-12,78.7,76.92338680579853,-1.7766131942014738,1.7766131942014738,3.263973089170321,3.2382215043559626,0.041500000000000245,0.09150000000000037,True,True,73.65941371662821,80.16160831015449,6.5021945935262835,True,0
845,2009-05-13,76.25,78.55803908208557,2.308039082085571,-2.308039082085571,3.2377737824927095,3.2382215043559626,0.042000000000000245,0.09200000000000037,True,True,75.32026529959286,81.79626058644153,6.475995286848672,True,0
846,2009-05-14,73.79,76.26089315088637,2.4708931508863685,-2.4708931508863685,3.2377737824927095,3.1925308324346275,0.042500000000000246,0.09250000000000037,True,True,73.02311936839367,79.453423983321,6.430304614927337,True,0
847,2009-05-15,74.54,73.89363153856263,-0.6463684614373761,0.6463684614373761,3.212467117304371,3.1925308324346275,0.043000000000000246,0.09300000000000037,True,True,70.68116442125826,77.08616237099726,6.404997949738998,True,0
848,2009-05-18,73.96,74.46837300868394,0.5083730086839466,-0.5083730086839466,3.212467117304371,3.184176948718175,0.04350000000000025,0.09350000000000037,True,True,71.25590589137957,77.65254995740212,6.396644066022546,True,0
849,2009-05-19,75.43,73.89775985898694,-1.5322401410130624,1.5322401410130624,3.2057372503300243,3.184176948718175,0.04400000000000025,0.09400000000000037,True,True,70.69202260865691,77.08193680770512,6.3899141990482065,True,0
850,2009-05-20,78.5,75.27512077870223,-3.224879221297769,3.224879221297769,3.2057372503300243,3.124683228996254,0.04450000000000025,0.09450000000000038,True,False,72.06938352837221,78.39980400769849,6.330420479326278,False,1
851,2009-05-21,76.75,78.20028054854859,1.4502805485485908,-1.4502805485485908,3.0519731219600885,3.4342366327128886,0.04500000000000025,0.08500000000000038,True,True,75.1483074265885,81.63451718126149,6.486209754672984,True,0
852,2009-05-22,76.1,76.69216306832979,0.5921630683297963,-0.5921630683297963,3.0519731219600885,3.4342366327128886,0.04550000000000025,0.08550000000000038,True,True,73.6401899463697,80.12639970104269,6.486209754672984,True,0
853,2009-05-26,75.03,76.08665042810664,1.0566504281066358,-1.0566504281066358,2.9841768871517402,3.418989654023477,0.04600000000000025,0.08600000000000038,True,True,73.10247354095489,79.50564008213011,6.403166541175224,True,0
854,2009-05-27,78.51,75.02006193499365,-3.4899380650063563,3.4899380650063563,2.9841768871517402,3.418989654023477,0.04650000000000025,0.08650000000000038,True,False,72.0358850478419,78.43905158901713,6.403166541175224,False,1
855,2009-05-28,77.7,78.2395247067973,0.5395247067972946,-0.5395247067972946,2.9611715975599537,3.5731667845510913,0.04700000000000025,0.07700000000000039,True,True,75.27835310923734,81.81269149134839,6.534338382111045,True,0
856,2009-05-29,77.72,77.57717169797263,-0.14282830202736818,0.14282830202736818,2.9611715975599537,3.5701803880112806,0.04750000000000025,0.07750000000000039,True,True,74.61600010041268,81.14735208598391,6.531351985571234,True,0
857,2009-06-01,78.21,77.64441075939322,-0.5655892406067693,0.5655892406067693,2.9581569850300014,3.5701803880112806,0.04800000000000025,0.07800000000000039,True,True,74.68625377436322,81.2145911474045,6.528337373041282,True,0
858,2009-06-02,82.42,78.08835615994144,-4.331643840058561,4.331643840058561,2.9581569850300014,3.5203079912296857,0.04850000000000025,0.07850000000000039,True,False,75.13019917491144,81.60866415117113,6.478464976259687,False,1
859,2009-06-03,83.31,82.05848665483555,-1.2515133451644544,1.2515133451644544,2.954996977618464,4.078420857326037,0.04900000000000025,0.0690000000000004,True,True,79.10348967721708,86.13690751216159,7.033417834944501,True,0
860,2009-06-04,85.42,83.05584859163407,-2.3641514083659274,2.3641514083659274,2.954996977618464,4.078420857326037,0.04950000000000025,0.0695000000000004,True,True,80.10085161401561,87.13426944896011,7.033417834944501,True,0
861,2009-06-05,86.29,85.16739764325743,-1.1226023567425756,1.1226023567425756,2.9413746145605835,3.820990240605795,0.05000000000000025,0.0700000000000004,True,True,82.22602302869684,88.98838788386323,6.762364855166382,True,0
862,2009-06-08,86.75,86.08027206993904,-0.669727930060958,0.669727930060958,2.9413746145605835,3.820990240605795,0.05050000000000025,0.0705000000000004,True,True,83.13889745537845,89.90126231054484,6.762364855166382,True,0
863,2009-06-09,86.93,86.58767157443704,-0.34232842556296816,0.34232842556296816,2.9413746145605835,3.7646829683409706,0.05100000000000025,0.0710000000000004,True,True,83.64629695987645,90.35235454277802,6.706057582901565,True,0
864,2009-06-10,87.58,86.79109742650269,-0.7889025734973103,0.7889025734973103,2.902035024128793,3.7646829683409706,0.051500000000000254,0.0715000000000004,True,True,83.8890624023739,90.55578039484365,6.666717992469756,True,0
865,2009-06-11,86.3,87.41937863761092,1.1193786376109216,-1.1193786376109216,2.902035024128793,3.663333917885282,0.052000000000000254,0.0720000000000004,True,True,84.51734361348213,91.0827125554962,6.565368942014075,True,0
866,2009-06-12,85.03,86.23915178527558,1.20915178527558,-1.20915178527558,2.8987912322142506,3.663333917885282,0.052500000000000255,0.0725000000000004,True,True,83.34036055306133,89.90248570316086,6.562125150099533,True,0
867,2009-06-15,82.83,85.00950546477156,2.179505464771566,-2.179505464771566,2.8987912322142506,3.633319734752817,0.053000000000000255,0.0730000000000004,True,True,82.11071423255731,88.64282519952438,6.532110966967068,True,0
868,2009-06-16,83.7,82.86362385349072,-0.8363761465092807,0.8363761465092807,2.8703246188081124,3.633319734752817,0.053500000000000256,0.0735000000000004,True,True,79.99329923468261,86.49694358824354,6.503644353560929,True,0
869,2009-06-17,82.5,83.58525354654554,1.0852535465455446,-1.0852535465455446,2.8703246188081124,3.602844958007438,0.054000000000000256,0.0740000000000004,True,True,80.71492892773743,87.18809850455298,6.47316957681555,True,0
870,2009-06-18,82.81,82.44208396819771,-0.36791603180229515,0.36791603180229515,2.869160443671902,3.602844958007438,0.05450000000000026,0.0745000000000004,True,True,79.5729235245258,86.04492892620515,6.47200540167934,True,0
871,2009-06-19,82.15,82.70889935370998,0.5588993537099753,-0.5588993537099753,2.869160443671902,3.597166984426508,0.05500000000000026,0.0750000000000004,True,True,79.83973891003808,86.30606633813649,6.46632742809841,True,0
872,2009-06-22,82.41,82.0751675864919,-0.3348324135080958,0.3348324135080958,2.8614638550280986,3.597166984426508,0.05550000000000026,0.0755000000000004,True,True,79.2137037314638,85.67233457091841,6.458630839454614,True,0
873,2009-06-23,78.97,82.30287353280035,3.332873532800349,-3.332873532800349,2.8614638550280986,3.5731667845510913,0.05600000000000026,0.0760000000000004,False,True,79.44140967777224,85.87604031735144,6.434630639579197,False,1
874,2009-06-24,78.0,79.05526719244028,1.055267192440283,-1.055267192440283,2.9841768871517402,3.5731667845510913,0.046500000000000256,0.0765000000000004,True,True,76.07109030528855,82.62843397699137,6.557343671702824,True,0
875,2009-06-25,79.1,78.0233586506953,-1.076641349304694,1.076641349304694,2.9611715975599537,3.5701803880112806,0.04700000000000026,0.0770000000000004,True,True,75.06218705313535,81.59353903870658,6.531351985571234,True,0
876,2009-06-26,81.9,78.96444620252683,-2.935553797473176,2.935553797473176,2.9611715975599537,3.5701803880112806,0.04750000000000026,0.0775000000000004,True,True,76.00327460496688,82.53462659053811,6.531351985571234,True,0
877,2009-06-29,83.87,81.6206432183674,-2.2493567816325992,2.2493567816325992,2.9581569850300014,3.5203079912296857,0.04800000000000026,0.0780000000000004,True,True,78.6624862333374,85.14095120959709,6.478464976259687,True,0
878,2009-06-30,83.62,83.59849779366365,-0.021502206336350582,0.021502206336350582,2.9581569850300014,3.5203079912296857,0.04850000000000026,0.0785000000000004,True,True,80.64034080863365,87.11880578489334,6.478464976259687,True,0
879,2009-07-01,84.42,83.48588618266449,-0.9341138173355148,0.9341138173355148,2.954996977618464,3.5126941591125984,0.04900000000000026,0.0790000000000004,True,True,80.53088920504602,86.99858034177709,6.467691136731062,True,0
880,2009-07-02,81.11,84.27111150284574,3.161111502845742,-3.161111502845742,2.954996977618464,3.5126941591125984,0.04950000000000026,0.0795000000000004,False,True,81.31611452522728,87.78380566195834,6.467691136731062,False,1
881,2009-07-06,78.45,81.16731753294884,2.71731753294884,-2.71731753294884,3.263973089170321,3.493139486756405,0.04000000000000026,0.0800000000000004,True,True,77.90334444377852,84.66045701970525,6.757112575926726,True,0
882,2009-07-07,78.53,78.55376626387566,0.0237662638756575,-0.0237662638756575,3.263973089170321,3.493139486756405,0.04050000000000026,0.0805000000000004,True,True,75.28979317470534,82.04690575063206,6.757112575926726,True,0
883,2009-07-08,76.46,78.4839634193259,2.0239634193259093,-2.0239634193259093,3.2377737824927095,3.4899380650063563,0.04100000000000026,0.0810000000000004,True,True,75.2461896368332,81.97390148433226,6.727711847499066,True,0
884,2009-07-09,78.25,76.47983638270489,-1.7701636172951112,1.7701636172951112,3.2377737824927095,3.4899380650063563,0.04150000000000026,0.0815000000000004,True,True,73.24206260021218,79.96977444771125,6.727711847499066,True,0
885,2009-07-10,77.52,78.10258579539256,0.5825857953925606,-0.5825857953925606,3.212467117304371,3.467611491937376,0.04200000000000026,0.0820000000000004,True,True,74.89011867808819,81.57019728732993,6.680078609241747,True,0
886,2009-07-13,78.07,77.4378863803992,-0.632113619600787,0.632113619600787,3.212467117304371,3.4440326130802106,0.04250000000000026,0.0825000000000004,True,True,74.22541926309484,80.88191899347942,6.656499730384581,True,0
887,2009-07-14,81.48,77.96419792077668,-3.51580207922332,3.51580207922332,3.2057372503300243,3.4440326130802106,0.04300000000000026,0.0830000000000004,True,False,74.75846067044665,81.4082305338569,6.649769863410242,False,1
888,2009-07-15,83.0,81.18571271801517,-1.8142872819848321,1.8142872819848321,3.2057372503300243,3.597166984426508,0.04350000000000026,0.07350000000000041,True,True,77.97997546768514,84.78287970244168,6.802904234756539,True,0
889,2009-07-16,84.42,82.75035613658281,-1.6696438634171926,1.6696438634171926,3.161111502845742,3.597166984426508,0.04400000000000026,0.07400000000000041,True,True,79.58924463373707,86.34752312100932,6.75827848727225,True,0
890,2009-07-17,85.8,84.20895835426676,-1.5910416457332417,1.5910416457332417,3.161111502845742,3.5731667845510913,0.04450000000000026,0.07450000000000041,True,True,81.04784685142101,87.78212513881785,6.734278287396833,True,0
891,2009-07-20,86.27,85.58971412924318,-0.6802858707568191,0.6802858707568191,3.0519731219600885,3.5731667845510913,0.04500000000000026,0.07500000000000041,True,True,82.53774100728309,89.16288091379427,6.62513990651118,True,0
892,2009-07-21,88.52,86.10635771142927,-2.4136422885707276,2.4136422885707276,3.0519731219600885,3.5701803880112806,0.04550000000000026,0.07550000000000041,True,True,83.05438458946918,89.67653809944055,6.622153509971369,True,0
893,2009-07-22,88.65,88.27465505409751,-0.3753449459024978,0.3753449459024978,2.9841768871517402,3.5701803880112806,0.04600000000000026,0.07600000000000041,True,True,85.29047816694577,91.84483544210879,6.554357275163014,True,0
894,2009-07-23,89.84,88.48356799549548,-1.3564320045045264,1.3564320045045264,2.9841768871517402,3.5203079912296857,0.04650000000000026,0.07650000000000041,True,True,85.49939110834373,92.00387598672516,6.504484878381433,True,0
895,2009-07-24,87.6,89.65216779862529,2.052167798625291,-2.052167798625291,2.9611715975599537,3.5203079912296857,0.047000000000000264,0.07700000000000042,True,True,86.69099620106533,93.17247578985497,6.4814795887896395,True,0
896,2009-07-27,86.24,87.57397257650591,1.3339725765059143,-1.3339725765059143,2.9611715975599537,3.51580207922332,0.047500000000000264,0.07750000000000042,True,True,84.61280097894596,91.08977465572923,6.476973676783274,True,0
897,2009-07-28,83.84,86.22754130383012,2.387541303830119,-2.387541303830119,2.9581569850300014,3.51580207922332,0.048000000000000265,0.07800000000000042,True,True,83.26938431880012,89.74334338305344,6.473959064253322,True,0
898,2009-07-29,84.47,83.86943728928743,-0.6005627107125662,0.6005627107125662,2.9581569850300014,3.5126941591125984,0.048500000000000265,0.07850000000000042,True,True,80.91128030425743,87.38213144840003,6.4708511441426,True,0
899,2009-07-30,85.64,84.36530220014744,-1.2746977998525608,1.2746977998525608,2.954996977618464,3.5126941591125984,0.049000000000000266,0.07900000000000042,True,True,81.41030522252898,87.87799635926004,6.467691136731062,True,0
900,2009-07-31,85.76,85.45770560100205,-0.30229439899795807,0.30229439899795807,2.954996977618464,3.493139486756405,0.049500000000000266,0.07950000000000042,True,True,82.50270862338358,88.95084508775845,6.448136464374869,True,0
901,2009-08-03,86.56,85.62169462170849,-0.938305378291517,0.938305378291517,2.9413746145605835,3.4899380650063563,0.050000000000000266,0.08000000000000042,True,True,82.6803200071479,89.11163268671484,6.431312679566943,True,0
902,2009-08-04,87.48,86.40237667523967,-1.0776233247603386,1.0776233247603386,2.9413746145605835,3.4899380650063563,0.05050000000000027,0.08050000000000042,True,True,83.46100206067908,89.89231474024602,6.431312679566943,True,0
903,2009-08-05,85.64,87.30311972885032,1.6631197288503188,-1.6631197288503188,2.902035024128793,3.467611491937376,0.05100000000000027,0.08100000000000042,True,True,84.40108470472153,90.7707312207877,6.369646516066169,True,0
904,2009-08-06,84.31,85.60376170157879,1.293761701578788,-1.293761701578788,2.902035024128793,3.467611491937376,0.05150000000000027,0.08150000000000042,True,True,82.70172667745,89.07137319351617,6.369646516066169,True,0
905,2009-08-07,84.1,84.29569106665924,0.19569106665925062,-0.19569106665925062,2.8987912322142506,3.4440326130802106,0.05200000000000027,0.08200000000000042,True,True,81.396899834445,87.73972367973946,6.342823845294461,True,0
906,2009-08-10,85.01,84.02378165207755,-0.9862183479224598,0.9862183479224598,2.8987912322142506,3.4440326130802106,0.05250000000000027,0.08250000000000042,True,True,81.1249904198633,87.46781426515776,6.342823845294461,True,0
907,2009-08-11,83.64,84.85787102514513,1.2178710251451292,-1.2178710251451292,2.8703246188081124,3.4342366327128886,0.05300000000000027,0.08300000000000042,True,True,81.98754640633702,88.29210765785803,6.304561251521008,True,0
908,2009-08-12,83.42,83.58712486585587,0.16712486585586817,-0.16712486585586817,2.8703246188081124,3.4342366327128886,0.05350000000000027,0.08350000000000042,True,True,80.71680024704776,87.02136149856875,6.304561251520994,True,0
909,2009-08-13,85.72,83.34785190015357,-2.3721480998464273,2.3721480998464273,2.869160443671902,3.418989654023477,0.05400000000000027,0.08400000000000042,True,True,80.47869145648167,86.76684155417705,6.288150097695379,True,0
910,2009-08-14,84.11,85.4959118830714,1.385911883071401,-1.385911883071401,2.869160443671902,3.418989654023477,0.05450000000000027,0.08450000000000042,True,True,82.6267514393995,88.91490153709488,6.288150097695379,True,0
911,2009-08-17,81.16,84.0452516272478,2.885251627247797,-2.885251627247797,2.8614638550280986,3.407496699014942,0.05500000000000027,0.08500000000000042,False,True,81.18378777221969,87.45274832626274,6.268960554043048,False,1
912,2009-08-18,81.41,81.23341463531213,-0.17658536468786679,0.17658536468786679,2.9841768871517402,3.407496699014942,0.04550000000000027,0.08550000000000042,True,True,78.2492377481604,84.64091133432707,6.391673586166675,True,0
913,2009-08-19,80.91,81.3507809334937,0.4407809334936985,-0.4407809334936985,2.9841768871517402,3.2821015063999823,0.04600000000000027,0.08600000000000042,True,True,78.36660404634196,84.63288243989368,6.2662783935517155,True,0
914,2009-08-20,82.98,80.83445787870025,-2.145542121299755,2.145542121299755,2.9611715975599537,3.2821015063999823,0.04650000000000027,0.08650000000000042,True,True,77.8732862811403,84.11655938510023,6.243273103959936,True,0
915,2009-08-21,84.78,82.78179926963149,-1.9982007303685094,1.9982007303685094,2.9611715975599537,3.2396490463103618,0.04700000000000027,0.08700000000000042,True,True,79.82062767207154,86.02144831594185,6.2008206438703155,True,0
916,2009-08-24,85.17,84.5447715900881,-0.6252284099118981,0.6252284099118981,2.9581569850300014,3.2382215043559626,0.04750000000000027,0.08750000000000042,True,True,81.5866146050581,87.78299309444407,6.196378489385964,True,0
917,2009-08-25,84.66,85.00983650021577,0.3498365002157726,-0.3498365002157726,2.9581569850300014,3.2382215043559626,0.04800000000000027,0.08800000000000043,True,True,82.05167951518577,88.24805800457173,6.196378489385964,True,0
918,2009-08-26,84.1,84.57055155261077,0.47055155261077175,-0.47055155261077175,2.954996977618464,3.224879221297769,0.04850000000000027,0.08850000000000043,True,True,81.6155545749923,87.79543077390854,6.179876198916233,True,0
919,2009-08-27,84.01,84.03039911185516,0.02039911185515564,-0.02039911185515564,2.954996977618464,3.224879221297769,0.04900000000000027,0.08900000000000043,True,True,81.0754021342367,87.25527833315293,6.179876198916233,True,0
920,2009-08-28,84.78,83.91879494125305,-0.8612050587469469,0.8612050587469469,2.9413746145605835,3.1925308324346275,0.04950000000000027,0.08950000000000043,True,True,80.97742032669247,87.11132577368768,6.133905446995215,True,0
921,2009-08-31,81.93,84.63610922305061,2.7061092230506034,-2.7061092230506034,2.902035024128793,3.1925308324346275,0.05000000000000027,0.09000000000000043,True,True,81.73407419892182,87.82864005548524,6.09456585656342,True,0
922,2009-09-01,80.74,81.95695040975319,1.2169504097531956,-1.2169504097531956,2.902035024128793,3.184176948718175,0.050500000000000274,0.09050000000000043,True,True,79.0549153856244,85.14112735847137,6.086211972846968,True,0
923,2009-09-02,79.04,80.75170413382116,1.7117041338211578,-1.7117041338211578,2.8987912322142506,3.184176948718175,0.051000000000000274,0.09100000000000043,True,True,77.85291290160691,83.93588108253934,6.082968180932426,True,0
924,2009-09-03,78.39,79.05250156373499,0.6625015637349918,-0.6625015637349918,2.8987912322142506,3.124683228996254,0.051500000000000275,0.09150000000000043,True,True,76.15371033152074,82.17718479273125,6.023474461210512,True,0
925,2009-09-04,78.27,78.36300350245237,0.0930035024523761,-0.0930035024523761,2.885251627247797,3.036424903011813,0.052000000000000275,0.09200000000000043,True,True,75.47775187520458,81.39942840546419,5.921676530259617,True,0
926,2009-09-08,79.86,78.20122300957023,-1.6587769904297716,1.6587769904297716,2.885251627247797,3.036424903011813,0.052500000000000276,0.09250000000000043,True,True,75.31597138232243,81.23764791258205,5.921676530259617,True,0
927,2009-09-09,80.6,79.69379231364101,-0.9062076863589823,0.9062076863589823,2.8703246188081124,2.994318918808233,0.053000000000000276,0.09300000000000043,True,True,76.8234676948329,82.68811123244924,5.864643537616345,True,0
928,2009-09-10,82.33,80.44390787030126,-1.8860921296987385,1.8860921296987385,2.8703246188081124,2.994318918808233,0.053500000000000277,0.09350000000000043,True,True,77.57358325149315,83.43822678910949,5.864643537616345,True,0
929,2009-09-11,84.44,82.1348811469201,-2.305118853079904,2.305118853079904,2.869160443671902,2.9790752201661306,0.05400000000000028,0.09400000000000043,True,True,79.26572070324819,85.11395636708622,5.848235663838025,True,0
930,2009-09-14,83.81,84.2042392471173,0.39423924711729796,-0.39423924711729796,2.869160443671902,2.9790752201661306,0.05450000000000028,0.09450000000000043,True,True,81.3350788034454,87.18331446728342,5.848235663838025,True,0
931,2009-09-15,84.17,83.70167171815883,-0.4683282818411669,0.4683282818411669,2.8614638550280986,2.973127869662406,0.05500000000000028,0.09500000000000043,True,True,80.84020786313073,86.67479958782124,5.834591724690512,True,0
932,2009-09-16,85.91,84.05812254858024,-1.8518774514197531,1.8518774514197531,2.8614638550280986,2.973127869662406,0.05550000000000028,0.09550000000000043,True,True,81.19665869355214,87.03125041824265,5.834591724690512,True,0
933,2009-09-17,90.75,85.71064006142828,-5.039359938571721,5.039359938571721,2.856208458145943,2.971707345633533,0.05600000000000028,0.09600000000000043,True,False,82.85443160328234,88.68234740706181,5.827915803779476,False,1
934,2009-09-18,90.74,90.36608994974087,-0.37391005025912705,0.37391005025912705,2.856208458145943,3.2396490463103618,0.05650000000000028,0.08650000000000044,True,True,87.50988149159492,93.60573899605123,6.095857504456305,True,0
935,2009-09-21,89.69,90.53750990063506,0.8475099006350604,-0.8475099006350604,2.831713139362286,3.2382215043559626,0.05700000000000028,0.08700000000000044,True,True,87.70579676127278,93.77573140499102,6.069934643718241,True,0
936,2009-09-22,91.46,89.61749827374182,-1.8425017262581775,1.8425017262581775,2.831713139362286,3.2382215043559626,0.05750000000000028,0.08750000000000044,True,True,86.78578513437952,92.85571977809778,6.0699346437182555,True,0
937,2009-09-23,92.82,91.26945349488659,-1.5505465051134024,1.5505465051134024,2.8190468173178047,3.224879221297769,0.05800000000000028,0.08800000000000044,True,True,88.4504066775688,94.49433271618436,6.043926038615567,True,0
938,2009-09-24,92.0,92.59838768178207,0.5983876817820715,-0.5983876817820715,2.8190468173178047,3.224879221297769,0.05850000000000028,0.08850000000000044,True,True,89.77934086446427,95.82326690307984,6.043926038615567,True,0
939,2009-09-25,91.44,91.88892901530596,0.4489290153059642,-0.4489290153059642,2.8008241613142104,3.1925308324346275,0.05900000000000028,0.08900000000000044,True,True,89.08810485399175,95.08145984774059,5.993354993748838,True,0
940,2009-09-28,91.04,91.35504195676981,0.31504195676980373,-0.31504195676980373,2.8008241613142104,3.184176948718175,0.05950000000000028,0.08950000000000044,True,True,88.5542177954556,94.53921890548799,5.985001110032385,True,0
941,2009-09-29,91.96,90.944556862741,-1.0154431372589983,1.0154431372589983,2.7564680719167285,3.184176948718175,0.06000000000000028,0.09000000000000044,True,True,88.18808879082427,94.12873381145917,5.9406450206349035,True,0
942,2009-09-30,92.26,91.79885843590505,-0.46114156409495877,0.46114156409495877,2.7564680719167285,3.124683228996254,0.06050000000000028,0.09050000000000044,True,True,89.04239036398832,94.92354166490131,5.88115130091299,True,0
943,2009-10-01,92.5,92.10469426662551,-0.39530573337448516,0.39530573337448516,2.74049783077308,3.124683228996254,0.06100000000000028,0.09100000000000044,True,True,89.36419643585243,95.22937749562178,5.865181059769341,True,0
944,2009-10-02,90.05,92.35773918175975,2.3077391817597572,-2.3077391817597572,2.74049783077308,3.036424903011813,0.061500000000000284,0.09150000000000044,True,True,89.61724135098667,95.39416408477157,5.7769227337849,True,0
945,2009-10-05,90.25,90.0378792386603,-0.2121207613397047,0.2121207613397047,2.71731753294884,3.036424903011813,0.062000000000000284,0.09200000000000044,True,True,87.32056170571146,93.07430414167212,5.75374243596066,True,0
946,2009-10-06,89.33,90.16162621024456,0.8316262102445648,-0.8316262102445648,2.7061092230506034,2.994318918808233,0.06250000000000028,0.09250000000000044,True,True,87.45551698719396,93.1559451290528,5.700428141858836,True,0
947,2009-10-07,91.5,89.25148550592363,-2.2485144940763746,2.2485144940763746,2.7061092230506034,2.994318918808233,0.06300000000000028,0.09300000000000044,True,True,86.54537628287302,92.24580442473186,5.700428141858836,True,0
948,2009-10-08,94.8,91.29048374342185,-3.509516256578152,3.509516256578152,2.6940607467980584,2.9790752201661306,0.06350000000000028,0.09350000000000044,True,False,88.59642299662379,94.26955896358797,5.673135966964182,False,1
949,2009-10-09,95.0,94.47700619914006,-0.5229938008599362,0.5229938008599362,2.6940607467980584,3.407496699014942,0.06400000000000028,0.08400000000000045,True,True,91.782945452342,97.884502898155,6.101557445813,True,0
950,2009-10-12,96.17,94.80291808208382,-1.367081917916181,1.367081917916181,2.666226580228596,3.2821015063999823,0.06450000000000028,0.08450000000000045,True,True,92.13669150185522,98.0850195884838,5.948328086628578,True,0
951,2009-10-13,93.83,95.97988720153593,2.1498872015359325,-2.1498872015359325,2.666226580228596,3.2821015063999823,0.06500000000000028,0.08500000000000045,True,True,93.31366062130733,99.26198870793591,5.948328086628578,True,0
952,2009-10-14,96.22,93.78880184666569,-2.431198153334307,2.431198153334307,2.583859375558987,3.2396490463103618,0.06550000000000028,0.08550000000000045,True,True,91.2049424711067,97.02845089297605,5.823508421869349,True,0
953,2009-10-15,95.13,96.01335385103488,0.8833538510348831,-0.8833538510348831,2.583859375558987,3.2396490463103618,0.06600000000000028,0.08600000000000045,True,True,93.42949447547589,99.25300289734524,5.823508421869349,True,0
954,2009-10-16,95.3,95.01175440952744,-0.28824559047255605,0.28824559047255605,2.5739153839685116,3.2382215043559626,0.06650000000000028,0.08650000000000045,True,True,92.43783902555893,98.2499759138834,5.812136888324474,True,0
955,2009-10-19,95.35,95.17885202119965,-0.1711479788003487,0.1711479788003487,2.5739153839685116,3.2382215043559626,0.06700000000000028,0.08700000000000045,True,True,92.60493663723113,98.41707352555561,5.812136888324474,True,0
956,2009-10-20,95.91,95.21454898251035,-0.6954510174896456,0.6954510174896456,2.5562267701548507,3.224879221297769,0.06750000000000028,0.08750000000000045,True,True,92.6583222123555,98.43942820380812,5.78110599145262,True,0
957,2009-10-21,95.27,95.75167863721705,0.4816786372170583,-0.4816786372170583,2.537191332909643,3.1925308324346275,0.06800000000000028,0.08800000000000045,True,True,93.21448730430741,98.94420946965168,5.7297221653442705,True,0
958,2009-10-22,93.66,95.16111573141774,1.501115731417741,-1.501115731417741,2.537191332909643,3.1925308324346275,0.06850000000000028,0.08850000000000045,True,True,92.6239243985081,98.35364656385237,5.7297221653442705,True,0
959,2009-10-23,111.05,93.6183378223185,-17.431662177681503,17.431662177681503,2.5204442707041608,3.184176948718175,0.06900000000000028,0.08900000000000045,True,False,91.09789355161433,96.80251477103667,5.704621219422336,False,1
960,2009-10-26,119.21,109.99022876785206,-9.219771232147934,9.219771232147934,2.5204442707041608,3.467611491937376,0.06950000000000028,0.07950000000000046,True,False,107.4697844971479,113.45784025978944,5.988055762641537,False,1
961,2009-10-27,122.93,118.36625878896446,-4.563741211035548,4.563741211035548,2.4979006434349174,3.602844958007438,0.07000000000000028,0.07000000000000046,True,False,115.86835814552954,121.9691037469719,6.100745601442355,False,1
962,2009-10-28,121.57,122.53752916254781,0.9675291625478195,-0.9675291625478195,2.4979006434349174,4.293657487471137,0.07050000000000028,0.06050000000000046,True,True,120.0396285191129,126.83118665001895,6.791558130906054,True,0
963,2009-10-29,123.9,121.41275248748883,-2.487247512511175,2.487247512511175,2.4807331781312953,4.293657487471137,0.07100000000000029,0.061000000000000464,True,True,118.93201930935754,125.70640997495997,6.774390665602425,True,0
964,2009-10-30,121.97,123.68240416487855,1.7124041648785493,-1.7124041648785493,2.4807331781312953,4.264209125490069,0.07150000000000029,0.061500000000000464,True,True,121.20167098674725,127.94661329036862,6.744942303621372,True,0
965,2009-11-02,118.66,121.85384583102004,3.1938458310200417,-3.1938458310200417,2.4708931508863685,4.264209125490069,0.07200000000000029,0.062000000000000464,False,True,119.38295268013367,126.11805495651011,6.735102276376438,False,1
966,2009-11-03,117.67,118.63812479152323,0.9681247915232234,-0.9681247915232234,2.7061092230506034,4.189984970971651,0.06250000000000029,0.06250000000000046,True,True,115.93201556847262,122.82810976249488,6.896094194022254,True,0
967,2009-11-04,119.0,117.58528537436528,-1.4147146256347156,1.4147146256347156,2.7061092230506034,4.189984970971651,0.06300000000000029,0.06300000000000046,True,True,114.87917615131468,121.77527034533693,6.896094194022254,True,0
968,2009-11-05,117.46,118.80924612304668,1.349246123046683,-1.349246123046683,2.6940607467980584,4.149251007800132,0.06350000000000029,0.06350000000000046,True,True,116.11518537624862,122.95849713084681,6.84331175459819,True,0
969,2009-11-06,123.0,117.33818500162742,-5.661814998372577,5.661814998372577,2.6940607467980584,4.149251007800132,0.06400000000000029,0.06400000000000046,True,False,114.64412425482936,121.48743600942755,6.84331175459819,False,1
970,2009-11-09,127.11,122.6663011980609,-4.443698801939092,4.443698801939092,2.666226580228596,4.699433799677728,0.0645000000000003,0.05450000000000046,True,True,120.00007461783231,127.36573499773863,7.365660379906316,True,0
971,2009-11-10,126.8,126.74574064453607,-0.054259355463926795,0.054259355463926795,2.583859375558987,4.636139467606782,0.0650000000000003,0.05500000000000046,True,True,124.16188126897708,131.38188011214285,7.219998843165769,True,0
972,2009-11-11,131.08,126.60909191996728,-4.4709080800327285,4.4709080800327285,2.583859375558987,4.636139467606782,0.0655000000000003,0.05550000000000046,True,True,124.0252325444083,131.24523138757405,7.2199988431657545,True,0
973,2009-11-12,129.98,130.79588165097417,0.8158816509741769,-0.8158816509741769,2.5739153839685116,4.563741211035548,0.0660000000000003,0.05600000000000046,True,True,128.22196626700566,135.3596228620097,7.137656595004046,True,0
974,2009-11-13,131.16,129.82447204806033,-1.3355279519396674,1.3355279519396674,2.5739153839685116,4.563741211035548,0.0665000000000003,0.05650000000000046,True,True,127.25055666409182,134.3882132590959,7.137656595004074,True,0
975,2009-11-16,132.12,130.99273002577723,-1.12726997422277,1.12726997422277,2.5562267701548507,4.4709080800327285,0.0670000000000003,0.05700000000000046,True,True,128.43650325562237,135.46363810580996,7.027134850187593,True,0
976,2009-11-17,131.4,131.9362061232778,0.5362061232777933,-0.5362061232777933,2.5562267701548507,4.443698801939092,0.0675000000000003,0.05750000000000046,True,True,129.37997935312296,136.3799049252169,6.999925572093929,True,0
977,2009-11-18,130.9,131.27501881189983,0.375018811899821,-0.375018811899821,2.537191332909643,4.443698801939092,0.0680000000000003,0.05800000000000046,True,True,128.7378274789902,135.71871761383892,6.980890134848721,True,0
978,2009-11-19,130.54,130.78594233699192,0.2459423369919307,-0.2459423369919307,2.537191332909643,4.436643377821838,0.0685000000000003,0.05850000000000046,True,True,128.2487510040823,135.22258571481376,6.973834710731467,True,0
979,2009-11-20,127.76,130.4179093927555,2.657909392755485,-2.657909392755485,2.5204442707041608,4.436643377821838,0.0690000000000003,0.05900000000000046,False,True,127.89746512205133,134.85455277057733,6.957087648525999,False,1
980,2009-11-23,131.05,127.71213099014751,-3.337869009852497,3.337869009852497,2.74049783077308,4.418335655800689,0.059500000000000296,0.05950000000000046,True,True,124.97163315937443,132.13046664594822,7.1588334865737835,True,0
981,2009-11-24,133.57,130.82815321057157,-2.741846789428422,2.741846789428422,2.74049783077308,4.418335655800689,0.060000000000000296,0.06000000000000046,True,True,128.0876553797985,135.24648886637226,7.158833486573769,True,0
982,2009-11-25,133.31,133.30839535891948,-0.0016046410805188316,0.0016046410805188316,2.71731753294884,4.36932249805448,0.0605000000000003,0.06050000000000046,True,True,130.59107782597064,137.67771785697397,7.086640031003327,True,0
983,2009-11-27,130.3,133.15455184590195,2.8545518459019377,-2.8545518459019377,2.71731753294884,4.36932249805448,0.0610000000000003,0.061000000000000464,False,True,130.4372343129531,137.52387434395644,7.086640031003327,False,1
984,2009-11-30,132.19,130.26481728972826,-1.9251827102717414,1.9251827102717414,2.8703246188081124,4.331643840058561,0.051500000000000296,0.061500000000000464,True,True,127.39449267092014,134.5964611297868,7.201968458866659,True,0
985,2009-12-01,136.94,132.02605099670552,-4.913949003294476,4.913949003294476,2.869160443671902,4.293657487471137,0.052000000000000296,0.062000000000000464,True,False,129.15689055303363,136.31970848417666,7.1628179311430245,False,1
986,2009-12-02,139.15,136.62406673470113,-2.5259332652988746,2.5259332652988746,2.869160443671902,4.903928498957427,0.052500000000000296,0.05250000000000046,True,True,133.75490629102922,141.52799523365854,7.773088942629329,True,0
987,2009-12-03,143.62,138.89227909066943,-4.727720909330571,4.727720909330571,2.8614638550280986,4.790864037316226,0.0530000000000003,0.05300000000000046,True,True,136.03081523564134,143.68314312798566,7.652327892344317,True,0
988,2009-12-04,143.42,143.3373424555961,-0.08265754440390083,0.08265754440390083,2.8614638550280986,4.790864037316226,0.0535000000000003,0.053500000000000464,True,True,140.475878600568,148.1282064929123,7.652327892344317,True,0
989,2009-12-07,138.0,143.26719585372354,5.2671958537235355,-5.2671958537235355,2.856208458145943,4.727720909330571,0.0540000000000003,0.054000000000000464,False,True,140.4109873955776,147.9949167630541,7.5839293674765145,False,1
990,2009-12-08,134.3,138.0565483725394,3.7565483725393847,-3.7565483725393847,2.9611715975599537,4.727720909330571,0.044500000000000296,0.054500000000000465,False,True,135.09537677497946,142.78426928186997,7.688892506890511,False,1
991,2009-12-09,134.6,134.35085918365198,-0.24914081634801732,0.24914081634801732,3.3245834561466268,4.699433799677728,0.035000000000000295,0.055000000000000465,True,True,131.02627572750535,139.0502929833297,8.024017255824361,True,0
992,2009-12-10,132.41,134.50576120195333,2.095761201953337,-2.095761201953337,3.310003113181196,4.636139467606782,0.035500000000000295,0.055500000000000466,True,True,131.19575808877215,139.14190066956013,7.946142580787978,True,0
993,2009-12-11,136.07,132.33834782233336,-3.731652177666632,3.731652177666632,3.310003113181196,4.636139467606782,0.036000000000000296,0.056000000000000466,True,True,129.02834470915218,136.97448728994016,7.946142580787978,True,0
994,2009-12-14,132.5,135.8485030667323,3.3485030667322917,-3.3485030667322917,3.2955622078958413,4.563741211035548,0.036500000000000296,0.056500000000000467,False,True,132.55294085883645,140.41224427776785,7.859303418931404,False,1
995,2009-12-15,130.76,132.43532586759105,1.6753258675910558,-1.6753258675910558,3.5895050947563902,4.563741211035548,0.027000000000000295,0.05700000000000047,True,True,128.84582077283466,136.99906707862658,8.153246305791924,True,0
996,2009-12-16,130.93,130.71949713671597,-0.21050286328403445,0.21050286328403445,3.493804601489771,4.4709080800327285,0.027500000000000295,0.05750000000000047,True,True,127.2256925352262,135.1904052167487,7.964712681522499,True,0
997,2009-12-17,129.36,130.80625616940992,1.4462561694099065,-1.4462561694099065,3.493804601489771,4.4709080800327285,0.028000000000000295,0.05800000000000047,True,True,127.31245156792015,135.27716424944265,7.964712681522499,True,0
998,2009-12-18,127.91,129.26666491887232,1.356664918872326,-1.356664918872326,3.482989583913721,4.443698801939092,0.028500000000000296,0.05850000000000047,True,True,125.7836753349586,133.71036372081142,7.926688385852813,True,0
999,2009-12-21,130.48,127.83165803554887,-2.64834196445112,2.64834196445112,3.482989583913721,4.443698801939092,0.029000000000000296,0.05900000000000047,True,True,124.34866845163515,132.27535683748795,7.926688385852799,True,0
1000,2009-12-22,133.76,130.27318900254704,-3.486810997452949,3.486810997452949,3.4661290183451854,4.436643377821838,0.029500000000000297,0.05950000000000047,True,True,126.80705998420186,134.70983238036888,7.902772396167023,True,0
1001,2009-12-23,134.8,133.48347527078,-1.3165247292200206,1.3165247292200206,3.4183245618666405,4.418335655800689,0.030000000000000297,0.06000000000000047,True,True,130.06515070891334,137.90181092658068,7.836660217667344,True,0
1002,2009-12-24,139.2,134.5910697390381,-4.608930260961898,4.608930260961898,3.4183245618666405,4.418335655800689,0.030500000000000298,0.06050000000000047,True,False,131.17274517717146,139.00940539483878,7.8366602176673155,False,1
1003,2009-12-28,139.75,138.92068193824082,-0.8293180617591815,0.8293180617591815,3.408381753616027,4.903928498957427,0.031000000000000298,0.05100000000000047,True,True,135.5123001846248,143.82461043719826,8.312310252573468,True,0
1004,2009-12-29,141.29,139.55664334524212,-1.7333566547578698,1.7333566547578698,3.408381753616027,4.903928498957427,0.0315000000000003,0.05150000000000047,True,True,136.1482615916261,144.46057184419954,8.31231025257344,True,0
1005,2009-12-30,138.4,141.11649542350452,2.7164954235045116,-2.7164954235045116,3.37239714451394,4.790864037316226,0.0320000000000003,0.05200000000000047,True,True,137.74409827899058,145.90735946082074,8.163261181830165,True,0
1006,2009-12-31,137.09,138.34841621856035,1.2584162185603418,-1.2584162185603418,3.37239714451394,4.790864037316226,0.0325000000000003,0.05250000000000047,True,True,134.9760190740464,143.13928025587657,8.163261181830165,True,0
1007,2010-01-04,136.25,137.03629987122525,0.7862998712252534,-0.7862998712252534,3.3485030667322917,4.727720909330571,0.0330000000000003,0.05300000000000047,True,True,133.68779680449296,141.76402078055582,8.076223976062863,True,0
1008,2010-01-05,133.43,136.16115608169287,2.731156081692859,-2.731156081692859,3.3485030667322917,4.727720909330571,0.0335000000000003,0.05350000000000047,True,True,132.81265301496057,140.88887699102344,8.076223976062863,True,0
1009,2010-01-06,134.6,133.3910966613693,-1.208903338630705,1.208903338630705,3.332873532800349,4.699433799677728,0.0340000000000003,0.05400000000000047,True,True,130.05822312856895,138.09053046104702,8.03230733247807,True,0
1010,2010-01-07,132.01,134.4611574280894,2.4511574280894024,-2.4511574280894024,3.332873532800349,4.699433799677728,0.0345000000000003,0.05450000000000047,True,True,131.12828389528903,139.16059122776713,8.032307332478098,True,0
1011,2010-01-08,130.56,131.94047149390587,1.3804714939058726,-1.3804714939058726,3.3245834561466268,4.636139467606782,0.0350000000000003,0.05500000000000047,True,True,128.61588803775925,136.57661096151264,7.960722923753394,True,0
1012,2010-01-11,132.62,130.49332851894252,-2.1266714810574854,2.1266714810574854,3.3245834561466268,4.608930260961898,0.0355000000000003,0.05550000000000047,True,True,127.16874506279589,135.10225877990442,7.933513717108525,True,0
1013,2010-01-12,128.99,132.43374304799647,3.4437430479964632,-3.4437430479964632,3.310003113181196,4.608930260961898,0.0360000000000003,0.05600000000000047,False,True,129.12373993481526,137.04267330895837,7.9189333741431085,False,1
1014,2010-01-13,127.9,128.9406276024902,1.04062760249019,-1.04062760249019,3.5895050947563902,4.563741211035548,0.0265000000000003,0.05650000000000047,True,True,125.3511225077338,133.50436881352573,8.153246305791924,True,0
1015,2010-01-14,129.14,127.83146680911614,-1.3085331908838498,1.3085331908838498,3.493804601489771,4.563741211035548,0.0270000000000003,0.057000000000000474,True,True,124.33766220762637,132.3952080201517,8.057545812525333,True,0
1016,2010-01-15,129.18,128.97163718587984,-0.20836281412016433,0.20836281412016433,3.493804601489771,4.4709080800327285,0.027500000000000302,0.057500000000000474,True,True,125.47783258439007,133.44254526591257,7.964712681522499,True,0
1017,2010-01-19,126.2,129.0234860486588,2.8234860486588076,-2.8234860486588076,3.482989583913721,4.4709080800327285,0.028000000000000302,0.058000000000000475,True,True,125.54049646474509,133.49439412869154,7.953897663946449,True,0
1018,2010-01-20,127.13,126.15007586926386,-0.979924130736137,0.979924130736137,3.482989583913721,4.443698801939092,0.028500000000000303,0.058500000000000475,True,True,122.66708628535014,130.59377467120294,7.926688385852799,True,0
1019,2010-01-21,127.26,126.99220578412417,-0.2677942158758384,0.2677942158758384,3.4661290183451854,4.436643377821838,0.029000000000000303,0.059000000000000476,True,True,123.52607676577898,131.428849161946,7.902772396167023,True,0
1020,2010-01-22,125.6,127.10285439753197,1.5028543975319764,-1.5028543975319764,3.4437430479964632,4.436643377821838,0.029500000000000304,0.059500000000000476,True,True,123.65911134953551,131.53949777535382,7.880386425818315,True,0
1021,2010-01-25,122.1,125.50832800976704,3.4083280097670468,-3.4083280097670468,3.4437430479964632,4.418335655800689,0.030000000000000304,0.06000000000000048,True,True,122.06458496177058,129.92666366556773,7.8620787037971525,True,0
1022,2010-01-26,120.56,122.08350536202748,1.5235053620274783,-1.5235053620274783,3.4183245618666405,4.418335655800689,0.030500000000000305,0.06050000000000048,True,True,118.66518080016084,126.50184101782817,7.83666021766733,True,0
1023,2010-01-27,121.03,120.50262979738687,-0.5273702026131275,0.5273702026131275,3.4183245618666405,4.36932249805448,0.031000000000000305,0.06100000000000048,True,True,117.08430523552023,124.87195229544136,7.787647059921127,True,0
1024,2010-01-28,124.43,120.88926553804772,-3.540734461952283,3.540734461952283,3.408381753616027,4.36932249805448,0.031500000000000306,0.06150000000000048,True,True,117.4808837844317,125.2585880361022,7.7777042516704995,True,0
1025,2010-01-29,129.77,124.17334558466419,-5.59665441533582,5.59665441533582,3.408381753616027,4.331643840058561,0.032000000000000306,0.06200000000000048,True,False,120.76496383104816,128.50498942472274,7.740025593674574,False,1
1026,2010-02-01,123.18,129.42170517250534,6.241705172505334,-6.241705172505334,3.4083280097670468,4.790864037316226,0.032500000000000306,0.05250000000000048,False,True,126.0133771627383,134.21256920982157,8.199192047083272,False,1
1027,2010-02-02,118.79,123.17443586005624,4.384435860056229,-4.384435860056229,3.8874014459674697,4.727720909330571,0.023000000000000305,0.05300000000000048,False,True,119.28703441408877,127.9021567693868,8.615122355298041,False,1
1028,2010-02-03,117.12,118.8660083096329,1.7460083096328987,-1.7460083096328987,5.011847665536521,4.727720909330571,0.013500000000000305,0.05350000000000048,True,True,113.85416064409638,123.59372921896347,9.739568574867093,True,0
1029,2010-02-04,118.64,117.08424786744861,-1.5557521325513903,1.5557521325513903,4.889122137728307,4.699433799677728,0.014000000000000306,0.05400000000000048,True,True,112.1951257297203,121.78368166712633,9.588555937406028,True,0
1030,2010-02-05,115.88,118.47501407333397,2.595014073333971,-2.595014073333971,4.889122137728307,4.636139467606782,0.014500000000000306,0.05450000000000048,True,True,113.58589193560566,123.11115354094075,9.52526160533509,True,0
1031,2010-02-08,119.38,115.8001753183766,-3.5798246816233927,3.5798246816233927,4.831146649804751,4.636139467606782,0.015000000000000306,0.05500000000000048,True,True,110.96902866857185,120.43631478598338,9.467286117411533,True,0
1032,2010-02-09,118.2,119.16546454462109,0.965464544621085,-0.965464544621085,4.831146649804751,4.608930260961898,0.015500000000000307,0.05550000000000048,True,True,114.33431789481634,123.77439480558299,9.44007691076665,True,0
1033,2010-02-10,118.0,118.0474649410355,0.04746494103549992,-0.04746494103549992,4.737598771371339,4.608930260961898,0.016000000000000306,0.05600000000000048,True,True,113.30986616966416,122.6563952019974,9.346529032333237,True,0
1034,2010-02-11,117.21,117.87974234791673,0.6697423479167384,-0.6697423479167384,4.692270027240724,4.563741211035548,0.016500000000000306,0.05650000000000048,True,True,113.18747232067601,122.44348355895228,9.256011238276272,True,0
1035,2010-02-12,118.99,117.09562174942195,-1.8943782505780433,1.8943782505780433,4.692270027240724,4.563741211035548,0.017000000000000307,0.05700000000000048,True,True,112.40335172218123,121.6593629604575,9.256011238276272,True,0
1036,2010-02-16,120.06,118.80281201134682,-1.257187988653186,1.257187988653186,4.543449545106583,4.4709080800327285,0.017500000000000307,0.05750000000000048,True,True,114.25936246624023,123.27372009137954,9.014357625139311,True,0
1037,2010-02-17,117.08,119.86030399778058,2.780303997780578,-2.780303997780578,4.543449545106583,4.443698801939092,0.018000000000000307,0.05800000000000048,True,True,115.316854452674,124.30400279971967,8.987148347045675,True,0
1038,2010-02-18,115.84,117.01664085082172,1.1766408508217125,-1.1766408508217125,4.483608339694882,4.443698801939092,0.018500000000000308,0.05850000000000048,True,True,112.53303251112683,121.46033965276081,8.927307141633975,True,0
1039,2010-02-19,117.91,115.77824294599758,-2.1317570540024207,2.1317570540024207,4.483608339694882,4.436643377821838,0.01900000000000031,0.05900000000000048,True,True,111.2946346063027,120.21488632381941,8.92025171751672,True,0
1040,2010-02-22,117.37,117.72222056572318,0.3522205657231723,-0.3522205657231723,4.400581239885014,4.436643377821838,0.01950000000000031,0.05950000000000048,True,True,113.32163932583816,122.15886394354501,8.837224617706852,True,0
1041,2010-02-23,118.01,117.21734000752419,-0.7926599924758193,0.7926599924758193,4.400581239885014,4.418335655800689,0.02000000000000031,0.060000000000000484,True,True,112.81675876763917,121.63567566332488,8.818916895685703,True,0
1042,2010-02-24,117.96,117.85728003986866,-0.10271996013133844,0.10271996013133844,4.384435860056229,4.418335655800689,0.02050000000000031,0.060500000000000484,True,True,113.47284417981243,122.27561569566934,8.802771515856918,True,0
1043,2010-02-25,118.17,117.81249213089882,-0.35750786910118393,0.35750786910118393,4.384435860056229,4.36932249805448,0.02100000000000031,0.061000000000000484,True,True,113.42805627084259,122.1818146289533,8.753758358110716,True,0
1044,2010-02-26,117.88,118.02415586008881,0.14415586008881576,-0.14415586008881576,4.302029447972899,4.331643840058561,0.02150000000000031,0.061500000000000485,True,True,113.72212641211591,122.35579970014737,8.63367328803146,True,0
1045,2010-03-01,118.85,117.74646997393573,-1.1035300260642629,1.1035300260642629,4.302029447972899,4.331643840058561,0.02200000000000031,0.062000000000000485,True,True,113.44444052596283,122.07811381399429,8.63367328803146,True,0
1046,2010-03-02,125.01,118.68373465511633,-6.32626534488368,6.32626534488368,4.128248268300425,4.293657487471137,0.02250000000000031,0.06250000000000049,True,False,114.5554863868159,122.97739214258746,8.421905755771562,False,1
1047,2010-03-03,125.4,124.65832596826634,-0.7416740317336661,0.7416740317336661,3.8874014459674697,4.727720909330571,0.023000000000000312,0.053000000000000484,True,True,120.77092452229887,129.38604687759693,8.615122355298055,True,0
1048,2010-03-04,125.96,125.15646339970205,-0.8035366002979458,0.8035366002979458,3.8874014459674697,4.699433799677728,0.023500000000000312,0.053500000000000485,True,True,121.26906195373458,129.85589719937977,8.58683524564519,True,0
1049,2010-03-05,129.13,125.7958115749172,-3.3341884250828002,3.3341884250828002,3.797377881746982,4.699433799677728,0.024000000000000313,0.054000000000000485,True,True,121.99843369317021,130.49524537459493,8.496811681424717,True,0
1050,2010-03-08,128.3,128.88317531231982,0.5831753123198098,-0.5831753123198098,3.797377881746982,4.636139467606782,0.024500000000000313,0.054500000000000486,True,True,125.08579743057284,133.51931477992662,8.433517349353778,True,0
1051,2010-03-09,129.59,128.1403955797498,-1.4496044202502105,1.4496044202502105,3.7565483725393847,4.636139467606782,0.025000000000000314,0.055000000000000486,True,True,124.38384720721041,132.77653504735656,8.392687840146152,True,0
1052,2010-03-10,129.11,129.42144302263043,0.3114430226304137,-0.3114430226304137,3.7565483725393847,4.608930260961898,0.025500000000000314,0.055500000000000486,True,True,125.66489465009104,134.03037328359233,8.365478633501283,True,0
1053,2010-03-11,130.45,128.96703160805782,-1.4829683919421655,1.4829683919421655,3.7314549404957873,4.608930260961898,0.026000000000000315,0.05600000000000049,True,True,125.23557666756204,133.57596186901972,8.340385201457678,True,0
1054,2010-03-12,134.2,130.27565484929576,-3.9243451507042266,3.9243451507042266,3.7314549404957873,4.563741211035548,0.026500000000000315,0.05650000000000049,True,True,126.54419990879998,134.8393960603313,8.295196151531314,True,0
1055,2010-03-15,131.7,133.92762286849975,2.2276228684997648,-2.2276228684997648,3.5895050947563902,4.4709080800327285,0.027000000000000315,0.05700000000000049,True,True,130.33811777374336,138.39853094853248,8.060413174789119,True,0
1056,2010-03-16,131.24,131.58689283834408,0.34689283834407547,-0.34689283834407547,3.493804601489771,4.4709080800327285,0.027500000000000316,0.05750000000000049,True,True,128.09308823685433,136.0578009183768,7.964712681522485,True,0
1057,2010-03-17,132.41,131.15020201826601,-1.259797981733982,1.259797981733982,3.493804601489771,4.443698801939092,0.028000000000000316,0.05800000000000049,True,True,127.65639741677624,135.5939008202051,7.937503403428863,True,0
1058,2010-03-18,131.02,132.2425242809806,1.2225242809805934,-1.2225242809805934,3.482989583913721,4.443698801939092,0.028500000000000317,0.05850000000000049,True,True,128.7595346970669,136.6862230829197,7.926688385852799,True,0
1059,2010-03-19,133.71,130.90847017645925,-2.8015298235407613,2.8015298235407613,3.482989583913721,4.436643377821838,0.029000000000000317,0.05900000000000049,True,True,127.42548059254553,135.34511355428108,7.919632961735559,True,0
1060,2010-03-22,130.2,133.5080653814755,3.308065381475501,-3.308065381475501,3.4661290183451854,4.418335655800689,0.029500000000000318,0.05950000000000049,True,True,130.0419363631303,137.92640103727618,7.884464674145875,True,0
1061,2010-03-23,130.89,130.13548092639866,-0.7545190736013296,0.7545190736013296,3.4661290183451854,4.418335655800689,0.030000000000000318,0.06000000000000049,True,True,126.66935190805347,134.55381658219935,7.884464674145875,True,0
1062,2010-03-24,128.64,130.777159361459,2.1371593614590267,-2.1371593614590267,3.4437430479964632,4.36932249805448,0.03050000000000032,0.06050000000000049,True,True,127.33341631346255,135.1464818595135,7.81306554605095,True,0
1063,2010-03-25,129.14,128.56345259501393,-0.5765474049860586,0.5765474049860586,3.4437430479964632,4.36932249805448,0.03100000000000032,0.06100000000000049,True,True,125.11970954701746,132.93277509306841,7.81306554605095,True,0
1064,2010-03-26,134.9,129.0147189745971,-5.885281025402918,5.885281025402918,3.4183245618666405,4.331643840058561,0.03150000000000032,0.06150000000000049,True,False,125.59639441273045,133.34636281465566,7.749968401925216,False,1
1065,2010-03-29,135.37,134.5689608647571,-0.8010391352429167,0.8010391352429167,3.408381753616027,4.790864037316226,0.03200000000000032,0.05200000000000049,True,True,131.16057911114106,139.3598249020733,8.199245790932252,True,0
1066,2010-03-30,135.74,135.13793820757377,-0.602061792426241,0.602061792426241,3.408381753616027,4.790864037316226,0.03250000000000032,0.05250000000000049,True,True,131.72955645395774,139.92880224489,8.199245790932252,True,0
1067,2010-03-31,136.0,135.58725424151302,-0.41274575848697737,0.41274575848697737,3.4083280097670468,4.727720909330571,0.03300000000000032,0.05300000000000049,True,True,132.17892623174598,140.3149751508436,8.136048919097618,True,0
1068,2010-04-01,134.425,135.85249729043576,1.4274972904357526,-1.4274972904357526,3.4083280097670468,4.699433799677728,0.03350000000000032,0.05350000000000049,True,True,132.44416928066872,140.5519310901135,8.107761809444781,True,0
1069,2010-04-05,132.85,134.335857622786,1.4858576227859999,-1.4858576227859999,3.37239714451394,4.699433799677728,0.03400000000000032,0.05400000000000049,True,True,130.96346047827205,139.03529142246373,8.071830944191674,True,0
1070,2010-04-06,131.23,132.78436556320926,1.5543655632092737,-1.5543655632092737,3.37239714451394,4.636139467606782,0.03450000000000032,0.05450000000000049,True,True,129.41196841869532,137.42050503081606,8.008536612120736,True,0
1071,2010-04-07,135.96,131.16439866438432,-4.795601335615686,4.795601335615686,3.3485030667322917,4.636139467606782,0.03500000000000032,0.05500000000000049,True,False,127.81589559765203,135.80053813199112,7.984642534339088,False,1
1072,2010-04-08,134.71,135.6955275938894,0.985527593889401,-0.985527593889401,3.332873532800349,5.59665441533582,0.03550000000000032,0.04550000000000049,True,True,132.36265406108907,141.29218200922523,8.929527948136155,True,0
1073,2010-04-09,140.72,134.5485615169512,-6.171438483048803,6.171438483048803,3.332873532800349,5.039359938571721,0.03600000000000032,0.04600000000000049,True,False,131.21568798415086,139.58792145552292,8.372233471372056,False,1
1074,2010-04-12,140.0,140.4064755398269,0.4064755398269142,-0.4064755398269142,3.3245834561466268,6.600213493306498,0.036500000000000324,0.03650000000000049,True,True,137.0818920836803,147.0066890331334,9.92479694945311,True,0
1075,2010-04-13,141.23,139.81617471417053,-1.4138252858294607,1.4138252858294607,3.3245834561466268,6.600213493306498,0.037000000000000324,0.03700000000000049,True,True,136.4915912580239,146.41638820747704,9.924796949453139,True,0
1076,2010-04-14,140.34,141.06951476287227,0.7295147628722702,-0.7295147628722702,3.310003113181196,6.32626534488368,0.037500000000000325,0.03750000000000049,True,True,137.7595116496911,147.39578010775597,9.636268458064876,True,0
1077,2010-04-15,144.55,140.22425962259285,-4.325740377407158,4.325740377407158,3.310003113181196,6.32626534488368,0.038000000000000325,0.03800000000000049,True,True,136.91425650941164,146.55052496747652,9.636268458064876,True,0
1078,2010-04-16,144.88,144.29558538350537,-0.5844146164946267,0.5844146164946267,3.308065381475501,6.171438483048803,0.038500000000000326,0.03850000000000049,True,True,140.98752000202987,150.46702386655417,9.479503864524304,True,0
1079,2010-04-19,142.35,144.69389696622744,2.3438969662274474,-2.3438969662274474,3.2955622078958413,6.123168581259378,0.039000000000000326,0.03900000000000049,True,True,141.3983347583316,150.81706554748683,9.418730789155234,True,0
1080,2010-04-20,143.83,142.30152971888322,-1.528470281116796,1.528470281116796,3.2955622078958413,6.123168581259378,0.039500000000000327,0.03950000000000049,True,True,139.00596751098738,148.4246983001426,9.418730789155234,True,0
1081,2010-04-21,145.17,143.68726224221174,-1.482737757788243,1.482737757788243,3.263973089170321,5.9647052015063835,0.04000000000000033,0.040000000000000493,True,True,140.42328915304142,149.65196744371812,9.228678290676697,True,0
1082,2010-04-22,147.01,144.98354373840593,-2.0264562615940633,2.0264562615940633,3.263973089170321,5.9647052015063835,0.04050000000000033,0.040500000000000494,True,True,141.7195706492356,150.9482489399123,9.228678290676697,True,0
1083,2010-04-23,145.38,146.81185776421503,1.4318577642150387,-1.4318577642150387,3.2377737824927095,5.914256353834034,0.04100000000000033,0.041000000000000494,True,True,143.5740839817223,152.72611411804905,9.152030136326744,True,0
1084,2010-04-26,143.2,145.28806151608734,2.0880615160873504,-2.0880615160873504,3.2377737824927095,5.914256353834034,0.04150000000000033,0.041500000000000495,True,True,142.05028773359464,151.2023178699214,9.152030136326744,True,0
1085,2010-04-27,145.55,143.16576995903074,-2.384230040969271,2.384230040969271,3.212467117304371,5.885281025402918,0.04200000000000033,0.042000000000000495,True,True,139.95330284172638,149.05105098443366,9.097748142707275,True,0
1086,2010-04-28,142.59,145.37754525604436,2.7875452560443534,-2.7875452560443534,3.2057372503300243,5.7858225314715455,0.04250000000000033,0.042500000000000496,True,True,142.17180800571433,151.1633677875159,8.991559781801584,True,0
1087,2010-04-29,140.09,142.5319978230654,2.4419978230654067,-2.4419978230654067,3.2057372503300243,5.7858225314715455,0.04300000000000033,0.043000000000000496,True,True,139.32626057273538,148.31782035453696,8.991559781801584,True,0
1088,2010-04-30,141.4,140.07932087254272,-1.3206791274572822,1.3206791274572822,3.1938458310200417,5.664016231169953,0.04350000000000033,0.0435000000000005,True,True,136.88547504152268,145.7433371037127,8.857862062190009,True,0
1089,2010-05-03,137.2,141.26082930680207,4.060829306802077,-4.060829306802077,3.1938458310200417,5.664016231169953,0.04400000000000033,0.0440000000000005,False,True,138.06698347578202,146.92484553797203,8.857862062190009,False,1
1090,2010-05-04,135.62,137.1900089800585,1.5700089800585033,-1.5700089800585033,3.37239714451394,5.661814998372577,0.03450000000000033,0.0445000000000005,True,True,133.81761183554457,142.85182397843107,9.034212142886503,True,0
1091,2010-05-05,128.0,135.59001311200177,7.59001311200177,-7.59001311200177,3.3485030667322917,5.59665441533582,0.03500000000000033,0.0450000000000005,False,True,132.24151004526948,141.1866675273376,8.945157482068112,False,1
1092,2010-05-06,130.0,128.11849077773718,-1.881509222262821,1.881509222262821,3.797377881746982,5.59665441533582,0.025500000000000328,0.0455000000000005,True,True,124.3211128959902,133.715145193073,9.394032297082802,True,0
1093,2010-05-07,127.97,129.88036828756586,1.9103682875658592,-1.9103682875658592,3.7565483725393847,5.039359938571721,0.02600000000000033,0.0460000000000005,True,True,126.12381991502647,134.91972822613758,8.795908311111106,True,0
1094,2010-05-10,129.73,127.88088360303801,-1.8491163969619748,1.8491163969619748,3.7565483725393847,5.039359938571721,0.02650000000000033,0.0465000000000005,True,True,124.12433523049863,132.92024354160975,8.79590831111112,True,0
1095,2010-05-11,129.95,129.55556476859698,-0.3944352314030084,0.3944352314030084,3.7314549404957873,5.028411261116844,0.02700000000000033,0.0470000000000005,True,True,125.8241098281012,134.58397602971382,8.759866201612624,True,0
1096,2010-05-12,131.41,129.78915602014075,-1.620843979859245,1.620843979859245,3.5895050947563902,4.956444820395632,0.02750000000000033,0.0475000000000005,True,True,126.19965092538436,134.74560084053638,8.545949915152022,True,0
1097,2010-05-13,133.93,131.22328740028078,-2.706712599719225,2.706712599719225,3.5895050947563902,4.956444820395632,0.02800000000000033,0.0480000000000005,True,True,127.63378230552439,136.1797322206764,8.545949915152022,True,0
1098,2010-05-14,130.36,133.69557919186312,3.335579191863104,-3.335579191863104,3.493804601489771,4.944946333592554,0.02850000000000033,0.0485000000000005,True,True,130.20177459037336,138.64052552545567,8.438750935082311,True,0
1099,2010-05-17,128.24,130.3177608995424,2.0777608995423975,-2.0777608995423975,3.493804601489771,4.944946333592554,0.02900000000000033,0.0490000000000005,True,True,126.82395629805264,135.26270723313496,8.438750935082325,True,0
1100,2010-05-18,130.14,128.21071057161723,-1.9292894283827593,1.9292894283827593,3.482989583913721,4.913949003294476,0.02950000000000033,0.0495000000000005,True,True,124.7277209877035,133.1246595749117,8.396938587208197,True,0
1101,2010-05-19,125.51,129.96409590118057,4.454095901180565,-4.454095901180565,3.4661290183451854,4.903928498957427,0.030000000000000332,0.0500000000000005,False,True,126.49796688283539,134.86802440013798,8.370057517302598,False,1
1102,2010-05-20,122.64,125.51092298819646,2.8709229881964546,-2.8709229881964546,4.400581239885014,4.903928498957427,0.02050000000000033,0.0505000000000005,True,True,121.11034174831144,130.4148514871539,9.304509738842455,True,0
1103,2010-05-21,117.9,122.64780020766335,4.747800207663346,-4.747800207663346,4.384435860056229,4.795601335615686,0.02100000000000033,0.0510000000000005,False,True,118.26336434760712,127.44340154327904,9.180037195671915,False,1
1104,2010-05-24,122.57,117.94499712607595,-4.625002873924046,4.625002873924046,5.2353533948385795,4.795601335615686,0.011500000000000331,0.051500000000000504,True,True,112.70964373123736,122.74059846169163,10.030954730454269,True,0
1105,2010-05-25,118.54,122.3264608305419,3.7864608305418983,-3.7864608305418983,5.036240787092794,4.790864037316226,0.012000000000000332,0.052000000000000504,True,True,117.29022004344911,127.11732486785813,9.82710482440902,True,0
1106,2010-05-26,125.05,118.50736924865811,-6.542630751341889,6.542630751341889,5.036240787092794,4.727720909330571,0.012500000000000332,0.052500000000000505,True,False,113.47112846156531,123.23509015798868,9.763961696423365,False,1
1107,2010-05-27,124.98,124.70380462134632,-0.27619537865368216,0.27619537865368216,5.011847665536521,5.7858225314715455,0.013000000000000332,0.0430000000000005,True,True,119.6919569558098,130.48962715281786,10.79767019700806,True,0
1108,2010-05-28,126.07,124.80054332076284,-1.2694566792371518,1.2694566792371518,5.011847665536521,5.664016231169953,0.013500000000000333,0.043500000000000504,True,True,119.78869565522632,130.46455955193278,10.67586389670646,True,0
1109,2010-06-01,124.97,125.89619160979959,0.9261916097995879,-0.9261916097995879,4.889122137728307,5.664016231169953,0.014000000000000333,0.044000000000000504,True,True,121.00706947207128,131.56020784096955,10.553138368898274,True,0
1110,2010-06-02,124.02,124.86822694550429,0.8482269455042939,-0.8482269455042939,4.831146649804751,5.661814998372577,0.014500000000000334,0.044500000000000504,True,True,120.03708029569954,130.53004194387688,10.492961648177342,True,0
1111,2010-06-03,126.25,123.92806548950068,-2.321934510499318,2.321934510499318,4.831146649804751,5.661814998372577,0.015000000000000334,0.045000000000000505,True,True,119.09691883969593,129.58988048787324,10.492961648177314,True,0
1112,2010-06-04,126.33,126.0407925929928,-0.28920740700719705,0.28920740700719705,4.747800207663346,5.59665441533582,0.015500000000000335,0.045500000000000505,True,True,121.29299238532946,131.63744700832862,10.344454622999166,True,0
1113,2010-06-07,125.84,126.17722244965611,0.33722244965611026,-0.33722244965611026,4.747800207663346,5.039359938571721,0.016000000000000333,0.046000000000000506,True,True,121.42942224199277,131.21658238822783,9.787160146235067,True,0
1114,2010-06-08,122.0,125.72320236824542,3.723202368245424,-3.723202368245424,4.737598771371339,5.039359938571721,0.016500000000000334,0.046500000000000506,True,True,120.98560359687409,130.76256230681713,9.776958709943045,True,0
1115,2010-06-09,120.31,122.00812954216244,1.6981295421624338,-1.6981295421624338,4.737598771371339,5.028411261116844,0.017000000000000334,0.04700000000000051,True,True,117.2705307707911,127.03654080327928,9.766010032488182,True,0
1116,2010-06-10,120.0,120.2654323397353,0.26543233973529823,-0.26543233973529823,4.692270027240724,5.028411261116844,0.017500000000000335,0.04750000000000051,True,True,115.57316231249457,125.29384360085214,9.720681288357568,True,0
1117,2010-06-11,121.39,119.89312954305842,-1.4968704569415792,1.4968704569415792,4.543449545106583,4.956444820395632,0.018000000000000335,0.04800000000000051,True,True,115.34967999795184,124.84957436345405,9.499894365502215,True,0
1118,2010-06-14,124.24,121.21213788719155,-3.0278621128084495,3.0278621128084495,4.543449545106583,4.944946333592554,0.018500000000000336,0.04850000000000051,True,True,116.66868834208496,126.1570842207841,9.488395878699137,True,0
1119,2010-06-15,123.2,123.99541276461265,0.7954127646126494,-0.7954127646126494,4.483608339694882,4.944946333592554,0.019000000000000336,0.04900000000000051,True,True,119.51180442491777,128.9403590982052,9.428554673287422,True,0
1120,2010-06-16,125.39,123.08489200232732,-2.3051079976726783,2.3051079976726783,4.483608339694882,4.913949003294476,0.019500000000000337,0.04950000000000051,True,True,118.60128366263244,127.9988410056218,9.397557342989359,True,0
1121,2010-06-17,126.74,125.1850976484458,-1.5549023515541904,1.5549023515541904,4.454095901180565,4.903928498957427,0.020000000000000337,0.05000000000000051,True,True,120.73100174726524,130.08902614740322,9.358024400137978,True,0
1122,2010-06-18,126.48,126.54268566759384,0.06268566759383987,-0.06268566759383987,4.454095901180565,4.903928498957427,0.020500000000000337,0.05050000000000051,True,True,122.08858976641328,131.44661416655129,9.358024400138007,True,0
1123,2010-06-21,126.79,126.34632504985596,-0.4436749501440431,0.4436749501440431,4.400581239885014,4.795601335615686,0.021000000000000338,0.05100000000000051,True,True,121.94574380997095,131.14192638547166,9.196182575500714,True,0
1124,2010-06-22,122.65,126.64707201157508,3.997072011575071,-3.997072011575071,4.384435860056229,4.795601335615686,0.02150000000000034,0.05150000000000051,True,True,122.26263615151885,131.44267334719075,9.1800371956719,True,0
1125,2010-06-23,122.11,122.66186667294214,0.5518666729421398,-0.5518666729421398,4.384435860056229,4.790864037316226,0.02200000000000034,0.05200000000000051,True,True,118.27743081288591,127.45273071025836,9.175299897372454,True,0
1126,2010-06-24,120.61,122.02600595593546,1.4160059559354607,-1.4160059559354607,4.302029447972899,4.727720909330571,0.02250000000000034,0.05250000000000051,True,True,117.72397650796256,126.75372686526603,9.02975035730347,True,0
1127,2010-06-25,118.14,120.53736221063285,2.397362210632849,-2.397362210632849,4.302029447972899,4.727720909330571,0.02300000000000034,0.05300000000000051,True,True,116.23533276265995,125.26508311996342,9.02975035730347,True,0
1128,2010-06-28,118.85,118.10885551133902,-0.7411444886609786,0.7411444886609786,4.128248268300425,4.699433799677728,0.02350000000000034,0.05350000000000051,True,True,113.98060724303859,122.80828931101675,8.82768206797816,True,0
1129,2010-06-29,116.26,118.71398642305465,2.453986423054644,-2.453986423054644,4.060829306802077,4.699433799677728,0.02400000000000034,0.05400000000000051,True,True,114.65315711625257,123.41342022273238,8.760263106479812,True,0
1130,2010-06-30,108.58,116.22298759485167,7.642987594851675,-7.642987594851675,4.060829306802077,4.636139467606782,0.02450000000000034,0.05450000000000051,False,True,112.1621582880496,120.85912706245846,8.696968774408859,False,1
1131,2010-07-01,108.9,108.73370920875035,-0.16629079124965074,0.16629079124965074,4.889122137728307,4.625002873924046,0.015000000000000341,0.055000000000000514,True,True,103.84458707102205,113.3587120826744,9.514125011652354,True,0
1132,2010-07-02,110.92,108.82269152207608,-2.0973084779239173,2.0973084779239173,4.831146649804751,4.625002873924046,0.015500000000000342,0.055500000000000514,True,True,103.99154487227133,113.44769439600013,9.456149523728797,True,0
1133,2010-07-06,110.65,110.73357628059134,0.08357628059133049,-0.08357628059133049,4.747800207663346,4.608930260961898,0.01600000000000034,0.056000000000000515,True,True,105.98577607292799,115.34250654155323,9.356730468625244,True,0
1134,2010-07-07,109.84,110.52985222511401,0.6898522251140093,-0.6898522251140093,4.747800207663346,4.563741211035548,0.01650000000000034,0.056500000000000515,True,True,105.78205201745067,115.09359343614956,9.311541418698894,True,0
1135,2010-07-08,115.02,109.75636272961447,-5.26363727038553,5.26363727038553,4.737598771371339,4.563741211035548,0.01700000000000034,0.057000000000000516,True,False,105.01876395824313,114.32010394065001,9.301339982406887,False,1
1136,2010-07-09,116.55,114.72373196556168,-1.8262680344383142,1.8262680344383142,4.737598771371339,5.028411261116844,0.01750000000000034,0.047500000000000514,True,True,109.98613319419034,119.75214322667853,9.766010032488182,True,0
1137,2010-07-12,117.81,116.33362703505577,-1.4763729649442325,1.4763729649442325,4.692270027240724,4.956444820395632,0.018000000000000342,0.048000000000000514,True,True,111.64135700781505,121.2900718554514,9.648714847636356,True,0
1138,2010-07-13,120.69,117.63121029318366,-3.0587897068163414,3.0587897068163414,4.543449545106583,4.944946333592554,0.018500000000000343,0.048500000000000515,True,True,113.08776074807707,122.57615662677621,9.488395878699137,True,0
1139,2010-07-14,123.03,120.45537508453586,-2.574624915464142,2.574624915464142,4.543449545106583,4.944946333592554,0.019000000000000343,0.049000000000000515,True,True,115.91192553942928,125.40032141812841,9.488395878699137,True,0
1140,2010-07-15,120.13,122.80126855443149,2.6712685544314922,-2.6712685544314922,4.483608339694882,4.913949003294476,0.019500000000000343,0.049500000000000516,True,True,118.3176602147366,127.71521755772596,9.397557342989359,True,0
1141,2010-07-16,121.28,120.0805706282804,-1.199429371719603,1.199429371719603,4.483608339694882,4.903928498957427,0.020000000000000344,0.050000000000000516,True,True,115.59696228858552,124.98449912723783,9.38753683865231,True,0
1142,2010-07-19,118.38,121.13244453298284,2.7524445329828495,-2.7524445329828495,4.454095901180565,4.903928498957427,0.020500000000000344,0.05050000000000052,True,True,116.67834863180228,126.03637303194027,9.358024400137992,True,0
1143,2010-07-20,120.61,118.34306825624823,-2.266931743751769,2.266931743751769,4.454095901180565,4.795601335615686,0.021000000000000345,0.05100000000000052,True,True,113.88897235506766,123.13866959186392,9.249697236796251,True,0
1144,2010-07-21,120.62,120.4238406147663,-0.1961593852336989,0.1961593852336989,4.400581239885014,4.795601335615686,0.021500000000000345,0.05150000000000052,True,True,116.02325937488129,125.21944195038199,9.1961825755007,True,0
1145,2010-07-22,118.71,120.47715780343093,1.7671578034309334,-1.7671578034309334,4.384435860056229,4.790864037316226,0.022000000000000346,0.05200000000000052,True,True,116.0927219433747,125.26802184074715,9.175299897372454,True,0
1146,2010-07-23,105.92,118.64856666152504,12.728566661525036,-12.728566661525036,4.384435860056229,4.727720909330571,0.022500000000000346,0.05250000000000052,False,True,114.26413080146881,123.37628757085561,9.1121567693868,False,1
1147,2010-07-26,118.26,106.21344160418907,-12.046558395810933,12.046558395810933,5.2353533948385795,4.727720909330571,0.013000000000000346,0.05300000000000052,True,False,100.97808820935049,110.94116251351964,9.963074304169155,False,1
1148,2010-07-27,118.43,117.68678412907973,-0.743215870920281,0.743215870920281,5.036240787092794,5.664016231169953,0.013500000000000347,0.04350000000000052,True,True,112.65054334198693,123.35080036024968,10.700257018262747,True,0
1149,2010-07-28,117.0,118.17886168055426,1.178861680554263,-1.178861680554263,5.011847665536521,5.661814998372577,0.014000000000000347,0.04400000000000052,True,True,113.16701401501774,123.84067667892684,10.673662663909099,True,0
1150,2010-07-29,117.99,116.9348374841401,-1.055162515859891,1.055162515859891,5.011847665536521,5.59665441533582,0.014500000000000348,0.04450000000000052,True,True,111.92298981860358,122.53149189947592,10.608502080872341,True,0
1151,2010-07-30,115.53,117.83671486363917,2.306714863639172,-2.306714863639172,4.889122137728307,5.59665441533582,0.015000000000000348,0.04500000000000052,True,True,112.94759272591087,123.433369278975,10.485776553064127,True,0
1152,2010-08-02,119.15,115.50304117666104,-3.646958823338963,3.646958823338963,4.889122137728307,5.26363727038553,0.015500000000000349,0.04550000000000052,True,True,110.61391903893274,120.76667844704657,10.152759408113837,True,0
1153,2010-08-03,120.0,118.88816572360328,-1.1118342763967206,1.1118342763967206,4.831146649804751,5.26363727038553,0.016000000000000347,0.04600000000000052,True,True,114.05701907379853,124.15180299398881,10.094783920190281,True,0
1154,2010-08-04,123.06,119.79957846958433,-3.2604215304156696,3.2604215304156696,4.747800207663346,5.039359938571721,0.016500000000000348,0.04650000000000052,True,True,115.05177826192099,124.83893840815605,9.787160146235067,True,0
1155,2010-08-05,126.77,122.7877798721776,-3.9822201278224014,3.9822201278224014,4.747800207663346,5.028411261116844,0.017000000000000348,0.04700000000000052,True,True,118.03997966451425,127.81619113329444,9.77621146878019,True,0
1156,2010-08-06,126.72,126.44751612617866,-0.27248387382134354,0.27248387382134354,4.737598771371339,5.028411261116844,0.01750000000000035,0.04750000000000052,True,True,121.70991735480732,131.47592738729549,9.766010032488168,True,0
1157,2010-08-09,128.46,126.55416216179691,-1.905837838203098,1.905837838203098,4.737598771371339,4.956444820395632,0.01800000000000035,0.04800000000000052,True,True,121.81656339042557,131.51060698219254,9.69404359176697,True,0
1158,2010-08-10,127.95,128.25038416630517,0.3003841663051645,-0.3003841663051645,4.692270027240724,4.944946333592554,0.01850000000000035,0.04850000000000052,True,True,123.55811413906444,133.19533049989772,9.637216360833278,True,0
1159,2010-08-11,128.1,127.82130549887339,-0.27869450112660843,0.27869450112660843,4.543449545106583,4.944946333592554,0.01900000000000035,0.04900000000000052,True,True,123.2778559537668,132.76625183246594,9.488395878699137,True,0
1160,2010-08-12,123.76,127.96255205036302,4.2025520503630105,-4.2025520503630105,4.543449545106583,4.913949003294476,0.01950000000000035,0.04950000000000052,True,True,123.41910250525643,132.87650105365748,9.457398548401045,True,0
1161,2010-08-13,126.06,123.80770586316295,-2.252294136837051,2.252294136837051,4.483608339694882,4.903928498957427,0.02000000000000035,0.05000000000000052,True,True,119.32409752346807,128.71163436212038,9.38753683865231,True,0
1162,2010-08-16,123.61,125.86308059485584,2.253080594855845,-2.253080594855845,4.483608339694882,4.903928498957427,0.02050000000000035,0.050500000000000524,True,True,121.37947225516096,130.76700909381327,9.38753683865231,True,0
1163,2010-08-17,127.34,123.56573403258331,-3.774265967416696,3.774265967416696,4.454095901180565,4.795601335615686,0.02100000000000035,0.051000000000000524,True,True,119.11163813140274,128.36133536819898,9.249697236796237,True,0
1164,2010-08-18,129.25,127.05864344527706,-2.191356554722944,2.191356554722944,4.400581239885014,4.795601335615686,0.021500000000000352,0.051500000000000525,True,True,122.65806220539204,131.85424478089274,9.1961825755007,True,0
1165,2010-08-19,129.22,129.00145208184995,-0.21854791815005115,0.21854791815005115,4.400581239885014,4.790864037316226,0.022000000000000353,0.052000000000000525,True,True,124.60087084196493,133.79231611916617,9.19144527720124,True,0
1166,2010-08-20,127.2,129.07080922128029,1.8708092212802825,-1.8708092212802825,4.384435860056229,4.727720909330571,0.022500000000000353,0.052500000000000525,True,True,124.68637336122406,133.79853013061086,9.1121567693868,True,0
1167,2010-08-23,127.86,127.15267092395993,-0.7073290760400681,0.7073290760400681,4.384435860056229,4.727720909330571,0.023000000000000353,0.053000000000000526,True,True,122.7682350639037,131.8803918332905,9.1121567693868,True,0
1168,2010-08-24,125.41,127.71252228974792,2.3025222897479267,-2.3025222897479267,4.302029447972899,4.699433799677728,0.023500000000000354,0.053500000000000526,True,True,123.41049284177502,132.41195608942564,9.00146324765062,True,0
1169,2010-08-25,123.85,125.3779547257658,1.5279547257658095,-1.5279547257658095,4.2025520503630105,4.636139467606782,0.024000000000000354,0.05400000000000053,True,True,121.1754026754028,130.01409419337259,8.838691517969792,True,0
1170,2010-08-26,127.15,123.80425563719652,-3.3457443628034866,3.3457443628034866,4.2025520503630105,4.636139467606782,0.024500000000000355,0.05450000000000053,True,True,119.60170358683351,128.44039510480332,8.838691517969806,True,0
1171,2010-08-27,125.46,126.88401933746412,1.4240193374641308,-1.4240193374641308,4.128248268300425,4.625002873924046,0.025000000000000355,0.05500000000000053,True,True,122.7557710691637,131.50902221138819,8.753251142224485,True,0
1172,2010-08-30,126.03,125.37536450454249,-0.6546354954575122,0.6546354954575122,4.128248268300425,4.625002873924046,0.025500000000000356,0.05550000000000053,True,True,121.24711623624206,130.00036737846654,8.753251142224471,True,0
1173,2010-08-31,122.85,125.88586525415691,3.035865254156917,-3.035865254156917,4.060829306802077,4.608930260961898,0.026000000000000356,0.05600000000000053,True,True,121.82503594735483,130.49479551511882,8.66975956776399,True,0
1174,2010-09-01,126.36,122.85437312113261,-3.505626878867389,3.505626878867389,3.997072011575071,4.563741211035548,0.026500000000000357,0.05650000000000053,True,True,118.85730110955754,127.41811433216816,8.56081322261062,True,0
1175,2010-09-02,132.17,126.09346557753717,-6.076534422462814,6.076534422462814,3.997072011575071,4.563741211035548,0.027000000000000357,0.05700000000000053,True,False,122.0963935659621,130.65720678857272,8.56081322261062,False,1
1176,2010-09-03,136.89,131.74362233575897,-5.146377664241015,5.146377664241015,3.8874014459674697,5.028411261116844,0.027500000000000357,0.04750000000000053,True,False,127.8562208897915,136.77203359687581,8.915812707084314,False,1
1177,2010-09-07,137.56,136.5023395278635,-1.0576604721364902,1.0576604721364902,3.8874014459674697,6.123168581259378,0.028000000000000358,0.038000000000000526,True,True,132.61493808189604,142.6255081091229,10.010570027226862,True,0
1178,2010-09-08,137.93,137.35699159303115,-0.573008406968853,0.573008406968853,3.797377881746982,6.076534422462814,0.02850000000000036,0.03850000000000053,True,True,133.55961371128416,143.43352601549395,9.873912304209796,True,0
1179,2010-09-09,140.39,137.7698309324039,-2.6201690675960947,2.6201690675960947,3.7864608305418983,6.076534422462814,0.02900000000000036,0.03900000000000053,True,True,133.983370101862,143.8463653548667,9.862995253004698,True,0
1180,2010-09-10,140.75,140.14369931988568,-0.606300680114316,0.606300680114316,3.7864608305418983,5.9647052015063835,0.02950000000000036,0.03950000000000053,True,True,136.35723848934379,146.10840452139206,9.751166032048275,True,0
1181,2010-09-13,144.07,140.57731533816263,-3.492684661837359,3.492684661837359,3.7565483725393847,5.914256353834034,0.03000000000000036,0.04000000000000053,True,True,136.82076696562325,146.49157169199668,9.670804726373433,True,0
1182,2010-09-14,144.5,143.78791717493363,-0.7120828250663749,0.7120828250663749,3.7314549404957873,5.914256353834034,0.03050000000000036,0.04050000000000053,True,True,140.05646223443784,149.70217352876767,9.645711294329828,True,0
1183,2010-09-15,144.88,144.31975237193288,-0.5602476280671169,0.5602476280671169,3.7314549404957873,5.885281025402918,0.03100000000000036,0.04100000000000053,True,True,140.5882974314371,150.2050333973358,9.616735965898698,True,0
1184,2010-09-16,145.4,144.72190569137572,-0.6780943086242814,0.6780943086242814,3.723202368245424,5.7858225314715455,0.03150000000000036,0.04150000000000053,True,True,140.99870332313031,150.50772822284728,9.509024899716962,True,0
1185,2010-09-17,148.9,145.23665590620473,-3.663344093795274,3.663344093795274,3.723202368245424,5.7858225314715455,0.03200000000000036,0.04200000000000053,True,True,141.51345353795932,151.02247843767628,9.509024899716962,True,0
1186,2010-09-20,148.7,148.61169610156946,-0.08830389843052444,0.08830389843052444,3.5895050947563902,5.664016231169953,0.03250000000000036,0.04250000000000053,True,True,145.02219100681307,154.27571233273943,9.253521325926357,True,0
1187,2010-09-21,150.76,148.5469578189601,-2.2130421810398957,2.2130421810398957,3.493804601489771,5.664016231169953,0.03300000000000036,0.04300000000000053,True,True,145.0531532174703,154.21097405013006,9.157820832659752,True,0
1188,2010-09-22,149.84,150.53856492901977,0.6985649290197671,-0.6985649290197671,3.493804601489771,5.661814998372577,0.03350000000000036,0.04350000000000053,True,True,147.04476032753,156.20037992739236,9.155619599862348,True,0
1189,2010-09-23,151.2,149.72793928116033,-1.472060718839657,1.472060718839657,3.482989583913721,5.59665441533582,0.03400000000000036,0.04400000000000053,True,True,146.24494969724662,155.32459369649615,9.079643999249527,True,0
1190,2010-09-24,155.43,151.01276816459884,-4.417231835401168,4.417231835401168,3.4661290183451854,5.59665441533582,0.034500000000000364,0.04450000000000053,True,True,147.54663914625365,156.60942257993466,9.062783433681005,True,0
1191,2010-09-27,160.22,155.1101457941615,-5.109854205838502,5.109854205838502,3.4661290183451854,5.26363727038553,0.035000000000000364,0.04500000000000053,True,True,151.6440167758163,160.373783064547,8.729766288730701,True,0
1192,2010-09-28,159.84,159.86597625661705,0.02597625661704228,-0.02597625661704228,3.4437430479964632,5.146377664241015,0.035500000000000365,0.04550000000000053,True,True,156.42223320862058,165.01235392085806,8.590120712237479,True,0
1193,2010-09-29,159.03,159.69672146056936,0.666721460569363,-0.666721460569363,3.4437430479964632,5.146377664241015,0.036000000000000365,0.046000000000000534,True,True,156.2529784125729,164.84309912481038,8.590120712237479,True,0
1194,2010-09-30,160.01,158.93616894664828,-1.0738310533517108,1.0738310533517108,3.4183245618666405,5.109854205838502,0.036500000000000365,0.046500000000000534,True,True,155.51784438478165,164.04602315248678,8.528178767705128,True,0
1195,2010-10-01,157.08,159.84705730220222,2.767057302202204,-2.767057302202204,3.408381753616027,5.039359938571721,0.037000000000000366,0.047000000000000534,True,True,156.4386755485862,164.88641724077394,8.447741692187748,True,0
1196,2010-10-04,153.95,157.0611787260207,3.111178726020711,-3.111178726020711,3.408381753616027,5.039359938571721,0.037500000000000366,0.047500000000000535,True,True,153.65279697240467,162.10053866459242,8.447741692187748,True,0
1197,2010-10-05,157.08,153.9591008292055,-3.1208991707945017,3.1208991707945017,3.4083280097670468,5.028411261116844,0.03800000000000037,0.048000000000000535,True,True,150.55077281943846,158.98751209032235,8.43673927088389,True,0
1198,2010-10-06,160.6,156.84032257955403,-3.7596774204459678,3.7596774204459678,3.37239714451394,4.956444820395632,0.03850000000000037,0.048500000000000536,True,True,153.4679254350401,161.79676739994966,8.328841964909572,True,0
1199,2010-10-07,156.51,160.30477242954032,3.7947724295403304,-3.7947724295403304,3.37239714451394,4.956444820395632,0.03900000000000037,0.049000000000000536,False,True,156.93237528502638,165.26121724993595,8.328841964909572,False,1
1200,2010-10-08,155.18,156.5176032139495,1.3376032139495067,-1.3376032139495067,3.7864608305418983,4.944946333592554,0.029500000000000366,0.04950000000000054,True,True,152.73114238340762,161.46254954754207,8.731407164134453,True,0
1201,2010-10-11,154.89,155.13166520010915,0.2416652001091677,-0.2416652001091677,3.7565483725393847,4.913949003294476,0.030000000000000367,0.05000000000000054,True,True,151.37511682756977,160.04561420340363,8.670497375833861,True,0
1202,2010-10-12,152.51,154.77854762993024,2.2685476299302536,-2.2685476299302536,3.7565483725393847,4.913949003294476,0.030500000000000367,0.05050000000000054,True,True,151.02199925739086,159.69249663322472,8.670497375833861,True,0
1203,2010-10-13,156.69,152.47318986821423,-4.216810131785763,4.216810131785763,3.7314549404957873,4.903928498957427,0.031000000000000368,0.05100000000000054,True,True,148.74173492771845,157.37711836717165,8.635383439453193,True,0
1204,2010-10-14,155.16,156.40232086014964,1.242320860149647,-1.242320860149647,3.7314549404957873,4.903928498957427,0.03150000000000037,0.05150000000000054,True,True,152.67086591965386,161.30624935910708,8.635383439453221,True,0
1205,2010-10-15,158.42,155.05834455056873,-3.361655449431254,3.361655449431254,3.723202368245424,4.795601335615686,0.03200000000000037,0.05200000000000054,True,True,151.3351421823233,159.85394588618442,8.518803703861124,True,0
1206,2010-10-18,165.0,158.16388345004697,-6.836116549953033,6.836116549953033,3.5895050947563902,4.790864037316226,0.03250000000000037,0.05250000000000054,True,False,154.57437835529058,162.9547474873632,8.380369132072616,False,1
1207,2010-10-19,160.68,164.57733791573168,3.8973379157316685,-3.8973379157316685,3.5895050947563902,5.664016231169953,0.03300000000000037,0.04300000000000054,False,True,160.98783282097529,170.24135414690164,9.253521325926357,False,1
1208,2010-10-20,158.78,160.67825392562204,1.8982539256220434,-1.8982539256220434,4.2025520503630105,5.661814998372577,0.023500000000000368,0.04350000000000054,True,True,156.47570187525903,166.34006892399464,9.864367048735602,True,0
1209,2010-10-21,162.67,158.76288023486717,-3.907119765132819,3.907119765132819,4.2025520503630105,5.59665441533582,0.024000000000000368,0.04400000000000054,True,True,154.56032818450416,164.359534650203,9.79920646569883,True,0
1210,2010-10-22,162.45,162.39753617792832,-0.05246382207167244,0.05246382207167244,4.128248268300425,5.59665441533582,0.02450000000000037,0.04450000000000054,True,True,158.2692879096279,167.99419059326414,9.72490268363623,True,0
1211,2010-10-25,171.57,162.298649053282,-9.271350946718002,9.271350946718002,4.060829306802077,5.26363727038553,0.02500000000000037,0.04500000000000054,True,False,158.23781974647991,167.56228632366754,9.324466577187621,False,1
1212,2010-10-26,167.57,171.06715015147773,3.49715015147774,-3.49715015147774,4.060829306802077,6.600213493306498,0.02550000000000037,0.03550000000000054,True,True,167.00632084467566,177.66736364478425,10.66104280010859,True,0
1213,2010-10-27,168.91,167.54832357211762,-1.3616764278823723,1.3616764278823723,3.997072011575071,6.542630751341889,0.02600000000000037,0.03600000000000054,True,True,163.55125156054254,174.09095432345953,10.539702762916988,True,0
1214,2010-10-28,168.31,168.7646507912095,0.45465079120950236,-0.45465079120950236,3.8973379157316685,6.32626534488368,0.02650000000000037,0.03650000000000054,True,True,164.86731287547784,175.0909161360932,10.223603260615363,True,0
1215,2010-10-29,165.8,168.20736661384407,2.4073666138440615,-2.4073666138440615,3.8973379157316685,6.32626534488368,0.02700000000000037,0.03700000000000054,True,True,164.3100286981124,174.53363195872777,10.223603260615363,True,0
1216,2010-11-01,164.45,165.788828491728,1.3388284917280089,-1.3388284917280089,3.8874014459674697,6.171438483048803,0.02750000000000037,0.03750000000000054,True,True,161.90142704576053,171.9602669747768,10.058839929016273,True,0
1217,2010-11-02,163.75,164.40136674038587,0.6513667403858676,-0.6513667403858676,3.797377881746982,6.123168581259378,0.028000000000000372,0.03800000000000054,True,True,160.6039888586389,170.52453532164526,9.92054646300636,True,0
1218,2010-11-03,165.4,163.66425560609903,-1.7357443939009727,1.7357443939009727,3.797377881746982,6.123168581259378,0.028500000000000372,0.03850000000000054,True,True,159.86687772435204,169.7874241873584,9.92054646300636,True,0
1219,2010-11-04,169.86,165.2110744368564,-4.648925563143621,4.648925563143621,3.7947724295403304,6.076534422462814,0.029000000000000373,0.03900000000000054,True,True,161.41630200731606,171.28760885931922,9.871306852003158,True,0
1220,2010-11-05,169.35,169.53774302861606,0.18774302861606884,-0.18774302861606884,3.7947724295403304,5.9647052015063835,0.029500000000000373,0.03950000000000054,True,True,165.74297059907573,175.50244823012244,9.759477631046707,True,0
1221,2010-11-08,170.84,169.21968325420144,-1.6203167457985614,1.6203167457985614,3.7864608305418983,5.9647052015063835,0.030000000000000374,0.04000000000000054,True,True,165.43322242365954,175.18438845570782,9.751166032048275,True,0
1222,2010-11-09,172.67,170.66444651062778,-2.005553489372204,2.005553489372204,3.7565483725393847,5.914256353834034,0.030500000000000374,0.04050000000000054,True,True,166.9078981380884,176.57870286446183,9.670804726373433,True,0
1223,2010-11-10,170.59,172.4678581949794,1.8778581949794102,-1.8778581949794102,3.7565483725393847,5.885281025402918,0.031000000000000374,0.04100000000000054,True,True,168.71130982244003,178.35313922038233,9.641829397942303,True,0
1224,2010-11-11,171.0,170.5484273665997,-0.4515726334003034,0.4515726334003034,3.7314549404957873,5.885281025402918,0.031500000000000375,0.04150000000000054,True,True,166.81697242610392,176.43370839200261,9.616735965898698,True,0
1225,2010-11-12,170.12,170.88240752300263,0.7624075230026222,-0.7624075230026222,3.723202368245424,5.7858225314715455,0.032000000000000375,0.042000000000000544,True,True,167.15920515475722,176.66823005447418,9.509024899716962,True,0
1226,2010-11-15,165.16,170.03726447309205,4.877264473092055,-4.877264473092055,3.723202368245424,5.664016231169953,0.032500000000000376,0.042500000000000544,False,True,166.31406210484664,175.701280704262,9.387218599415348,False,1
1227,2010-11-16,158.74,165.24962318939436,6.509623189394347,-6.509623189394347,4.302029447972899,5.664016231169953,0.023000000000000374,0.043000000000000545,False,True,160.94759374142146,170.91363942056432,9.966045679142866,False,1
1228,2010-11-17,157.84,158.9021961657761,1.0621961657761005,-1.0621961657761005,5.036240787092794,5.661814998372577,0.013500000000000375,0.043500000000000545,True,True,153.8659553786833,164.56401116414867,10.698055785465357,True,0
1229,2010-11-18,160.74,157.78765091291436,-2.9523490870856506,2.9523490870856506,5.011847665536521,5.59665441533582,0.014000000000000375,0.044000000000000546,True,True,152.77580324737784,163.38430532825018,10.608502080872341,True,0
1230,2010-11-19,163.95,160.4961984448468,-3.453801555153177,3.453801555153177,5.011847665536521,5.59665441533582,0.014500000000000375,0.044500000000000546,True,True,155.4843507793103,166.09285286018263,10.608502080872341,True,0
1231,2010-11-22,165.1,163.66708082078375,-1.432919179216242,1.432919179216242,4.889122137728307,5.26363727038553,0.015000000000000376,0.045000000000000547,True,True,158.77795868305543,168.9307180911693,10.152759408113866,True,0
1232,2010-11-23,168.61,164.9021106181323,-3.707889381867716,3.707889381867716,4.877264473092055,5.146377664241015,0.015500000000000376,0.04550000000000055,True,True,160.02484614504024,170.0484882823733,10.02364213733307,True,0
1233,2010-11-24,171.53,168.3348720096778,-3.1951279903221916,3.1951279903221916,4.877264473092055,5.146377664241015,0.016000000000000375,0.04600000000000055,True,True,163.45760753658575,173.48124967391882,10.02364213733307,True,0
1234,2010-11-26,177.36,171.26680323974554,-6.093196760254472,6.093196760254472,4.831146649804751,5.109854205838502,0.016500000000000375,0.04650000000000055,True,False,166.43565658994078,176.37665744558404,9.941000855643267,False,1
1235,2010-11-29,179.99,176.99362676923954,-2.9963732307604687,2.9963732307604687,4.831146649804751,6.171438483048803,0.017000000000000376,0.037000000000000546,True,True,172.1624801194348,183.16506525228834,11.00258513285354,True,0
1236,2010-11-30,176.95,179.74230688165065,2.79230688165066,-2.79230688165066,4.747800207663346,6.123168581259378,0.017500000000000376,0.03750000000000055,True,True,174.9945066739873,185.86547546291,10.87096878892271,True,0
1237,2010-12-01,179.16,176.94180830971104,-2.218191690288961,2.218191690288961,4.737598771371339,6.123168581259378,0.018000000000000377,0.03800000000000055,True,True,172.20420953833968,183.0649768909704,10.860767352630717,True,0
1238,2010-12-02,176.86,178.98513237935182,2.125132379351811,-2.125132379351811,4.737598771371339,6.093196760254472,0.018500000000000377,0.03850000000000055,True,True,174.24753360798047,185.0783291396063,10.830795531625824,True,0
1239,2010-12-03,175.5,176.82633489036215,1.3263348903621477,-1.3263348903621477,4.692270027240724,6.076534422462814,0.019000000000000378,0.03900000000000055,True,True,172.1340648631214,182.90286931282498,10.768804449703566,True,0
1240,2010-12-06,175.52,175.45532452034715,-0.06467547965286258,0.06467547965286258,4.543449545106583,6.076534422462814,0.019500000000000378,0.03950000000000055,True,True,170.91187497524055,181.53185894280995,10.619983967569397,True,0
1241,2010-12-07,180.5,175.41434108578437,-5.085658914215628,5.085658914215628,4.543449545106583,5.9647052015063835,0.02000000000000038,0.04000000000000055,True,True,170.8708915406778,181.37904628729075,10.508154746612945,True,0
1242,2010-12-08,177.49,180.19309302693793,2.703093026937921,-2.703093026937921,4.483608339694882,5.914256353834034,0.02050000000000038,0.04050000000000055,True,True,175.70948468724305,186.10734938077195,10.397864693528902,True,0
1243,2010-12-09,177.77,177.4663368034141,-0.3036631965859158,0.3036631965859158,4.454095901180565,5.914256353834034,0.02100000000000038,0.04100000000000055,True,True,173.01224090223354,183.38059315724814,10.3683522550146,True,0
1244,2010-12-10,174.88,177.66854934421747,2.788549344217472,-2.788549344217472,4.454095901180565,5.885281025402918,0.02150000000000038,0.04150000000000055,True,True,173.21445344303692,183.55383036962039,10.33937692658347,True,0
1245,2010-12-13,176.33,174.8783944935801,-1.4516055064199236,1.4516055064199236,4.400581239885014,5.7858225314715455,0.02200000000000038,0.04200000000000055,True,True,170.47781325369507,180.66421702505164,10.186403771356566,True,0
1246,2010-12-14,174.28,176.1765840014258,1.8965840014257935,-1.8965840014257935,4.384435860056229,5.7858225314715455,0.02250000000000038,0.04250000000000055,True,True,171.79214814136958,181.96240653289735,10.170258391527767,True,0
1247,2010-12-15,173.72,174.23684126094915,0.5168412609491497,-0.5168412609491497,4.384435860056229,5.664016231169953,0.02300000000000038,0.04300000000000055,True,True,169.8524054008929,179.9008574921191,10.048452091226181,True,0
1248,2010-12-16,175.58,173.637805932097,-1.9421940679030172,1.9421940679030172,4.302029447972899,5.661814998372577,0.02350000000000038,0.04350000000000055,True,True,169.3357764841241,179.2996209304696,9.96384444634549,True,0
1249,2010-12-17,178.41,175.39302259847355,-3.0169774015264466,3.0169774015264466,4.302029447972899,5.661814998372577,0.024000000000000382,0.04400000000000055,True,True,171.09099315050065,181.05483759684614,9.96384444634549,True,0
1250,2010-12-20,179.27,178.17195902168905,-1.0980409783109621,1.0980409783109621,4.2025520503630105,5.59665441533582,0.024500000000000383,0.04450000000000055,True,True,173.96940697132604,183.76861343702487,9.79920646569883,True,0
1251,2010-12-21,183.88,179.10754164527427,-4.772458354725728,4.772458354725728,4.128248268300425,5.26363727038553,0.025000000000000383,0.04500000000000055,True,True,174.97929337697383,184.3711789156598,9.391885538685983,True,0
1252,2010-12-22,185.0,183.58566103701625,-1.4143389629837486,1.4143389629837486,4.128248268300425,5.26363727038553,0.025500000000000383,0.045500000000000554,True,True,179.4574127687158,188.8492983074018,9.391885538685983,True,0
1253,2010-12-23,184.34,184.82715888675523,0.4871588867552248,-0.4871588867552248,4.060829306802077,5.146377664241015,0.026000000000000384,0.046000000000000554,True,True,180.76632957995315,189.97353655099624,9.207206971043092,True,0
1254,2010-12-27,181.9,184.25903104668686,2.3590310466868516,-2.3590310466868516,3.997072011575071,5.109854205838502,0.026500000000000384,0.046500000000000555,True,True,180.26195903511177,189.36888525252536,9.106926217413587,True,0
1255,2010-12-28,182.1,181.89559995340147,-0.20440004659852207,0.20440004659852207,3.997072011575071,5.109854205838502,0.027000000000000385,0.047000000000000555,True,True,177.8985279418264,187.00545415923997,9.106926217413587,True,0
1256,2010-12-29,181.8,182.00166617836098,0.20166617836096634,-0.20166617836096634,3.8973379157316685,5.085658914215628,0.027500000000000385,0.047500000000000556,True,True,178.1043282626293,187.0873250925766,8.982996829947297,True,0
1257,2010-12-30,183.92,181.7045735188265,-2.2154264811734947,2.2154264811734947,3.8874014459674697,5.039359938571721,0.028000000000000386,0.048000000000000556,True,True,177.81717207285902,186.7439334573982,8.92676138453919,True,0
1258,2010-12-31,181.96,183.73395471041098,1.773954710410976,-1.773954710410976,3.8874014459674697,5.039359938571721,0.028500000000000386,0.04850000000000056,True,True,179.84655326444351,188.7733146489827,8.92676138453919,True,0
1259,2011-01-03,181.37,181.9189806776785,0.548980677678486,-0.548980677678486,3.797377881746982,5.028411261116844,0.029000000000000387,0.04900000000000056,True,True,178.1216027959315,186.94739193879533,8.82578914286384,True,0
1260,2011-01-04,186.15,181.29814086423477,-4.851859135765238,4.851859135765238,3.7947724295403304,4.956444820395632,0.029500000000000387,0.04950000000000056,True,True,177.50336843469444,186.2545856846304,8.751217249935962,True,0
1261,2011-01-05,184.1,185.86023018939366,1.760230189393667,-1.760230189393667,3.7947724295403304,4.944946333592554,0.030000000000000387,0.05000000000000056,True,True,182.06545775985333,190.80517652298622,8.739718763132885,True,0
1262,2011-01-06,186.5,184.0486660907988,-2.451333909201196,2.451333909201196,3.7864608305418983,4.944946333592554,0.030500000000000388,0.05050000000000056,True,True,180.2622052602569,188.99361242439136,8.731407164134453,True,0
1263,2011-01-07,187.88,186.31624170215628,-1.5637582978437194,1.5637582978437194,3.7565483725393847,4.913949003294476,0.03100000000000039,0.05100000000000056,True,True,182.5596933296169,191.23019070545075,8.670497375833861,True,0
1264,2011-01-10,185.04,187.71260292745265,2.672602927452658,-2.672602927452658,3.7565483725393847,4.903928498957427,0.03150000000000039,0.05150000000000056,True,True,183.95605455491327,192.61653142641006,8.660476871496797,True,0
1265,2011-01-11,185.42,185.04389206132637,-0.3761079386736128,0.3761079386736128,3.7314549404957873,4.903928498957427,0.03200000000000039,0.05200000000000056,True,True,181.3124371208306,189.9478205602838,8.635383439453193,True,0
1266,2011-01-12,185.36,185.321353168484,-0.038646831516018665,0.038646831516018665,3.723202368245424,4.851859135765238,0.03250000000000039,0.05250000000000056,True,True,181.59815080023856,190.17321230424923,8.575061504010677,True,0
1267,2011-01-13,183.6,185.2583157242946,1.6583157242945958,-1.6583157242945958,3.723202368245424,4.795601335615686,0.03300000000000039,0.05300000000000056,True,True,181.53511335604918,190.05391705991028,8.518803703861096,True,0
1268,2011-01-14,185.5,183.5663415918,-1.9336584081999888,1.9336584081999888,3.5895050947563902,4.795601335615686,0.03350000000000039,0.05350000000000056,True,True,179.97683649704362,188.3619429274157,8.385106430372076,True,0
1269,2011-01-18,188.66,185.331773254665,-3.3282267453350016,3.3282267453350016,3.49715015147774,4.790864037316226,0.03400000000000039,0.05400000000000056,True,True,181.83462310318725,190.12263729198122,8.288014188793966,True,0
1270,2011-01-19,190.9,188.42181879272601,-2.478181207273991,2.478181207273991,3.49715015147774,4.772458354725728,0.03450000000000039,0.05450000000000056,True,True,184.92466864124827,193.19427714745174,8.269608506203468,True,0
1271,2011-01-20,185.29,190.6961786391669,5.40617863916691,-5.40617863916691,3.493804601489771,4.772458354725728,0.03500000000000039,0.05500000000000056,False,True,187.20237403767715,195.46863699389263,8.266262956215485,False,1
1272,2011-01-21,183.0,185.39682552496717,2.39682552496717,-2.39682552496717,4.128248268300425,4.727720909330571,0.02550000000000039,0.05550000000000056,True,True,181.26857725666673,190.12454643429774,8.85596917763101,True,0
1273,2011-01-24,177.95,183.0223320230081,5.0723320230081015,-5.0723320230081015,4.060829306802077,4.699433799677728,0.02600000000000039,0.05600000000000056,False,True,178.961502716206,187.72176582268582,8.760263106479812,False,1
1274,2011-01-25,175.5,178.04664350450872,2.5466435045087223,-2.5466435045087223,4.877264473092055,4.699433799677728,0.01650000000000039,0.056500000000000564,True,True,173.16937903141667,182.74607730418646,9.57669827276979,True,0
1275,2011-01-26,177.51,175.5062135477102,-2.003786452289802,2.003786452289802,4.877264473092055,4.648925563143621,0.01700000000000039,0.057000000000000564,True,True,170.62894907461813,180.1551391108538,9.526190036235676,True,0
1276,2011-01-27,177.48,177.32839705330355,-0.1516029466964426,0.1516029466964426,4.831146649804751,4.636139467606782,0.01750000000000039,0.057500000000000565,True,True,172.4972504034988,181.96453652091031,9.467286117411504,True,0
1277,2011-01-28,171.45,177.35157956559743,5.901579565597444,-5.901579565597444,4.831146649804751,4.625002873924046,0.01800000000000039,0.058000000000000565,False,True,172.5204329157927,181.97658243952148,9.456149523728783,False,1
1278,2011-01-31,170.16,171.56144306804956,1.4014430680495593,-1.4014430680495593,6.300506514521345,4.625002873924046,0.008500000000000391,0.058500000000000565,True,True,165.2609365535282,176.1864459419736,10.925509388445391,True,0
1279,2011-02-01,170.52,170.1239142710871,-0.39608572891290805,0.39608572891290805,6.241705172505334,4.608930260961898,0.009000000000000391,0.059000000000000566,True,True,163.88220909858177,174.732844532049,10.850635433467232,True,0
1280,2011-02-02,171.42,170.3896955330099,-1.0303044669900885,1.0303044669900885,5.901579565597444,4.563741211035548,0.009500000000000392,0.059500000000000566,True,True,164.48811596741245,174.95343674404546,10.465320776633007,True,0
1281,2011-02-03,173.5,171.25823634890622,-2.241763651093777,2.241763651093777,5.901579565597444,4.563741211035548,0.010000000000000392,0.06000000000000057,True,True,165.35665678330878,175.82197755994179,10.465320776633007,True,0
1282,2011-02-04,174.0,173.28960466108578,-0.7103953389142248,0.7103953389142248,5.545091823505189,4.4709080800327285,0.010500000000000393,0.06050000000000057,True,True,167.7445128375806,177.7605127411185,10.015999903537903,True,0
1283,2011-02-07,176.15,173.8448256203584,-2.3051743796416133,2.3051743796416133,5.40617863916691,4.443698801939092,0.011000000000000393,0.06100000000000057,True,True,168.43864698119148,178.28852442229748,9.849877441106003,True,0
1284,2011-02-08,176.66,175.94214458047108,-0.7178554195289166,0.7178554195289166,5.40617863916691,4.443698801939092,0.011500000000000394,0.06150000000000057,True,True,170.53596594130417,180.38584338241017,9.849877441106003,True,0
1285,2011-02-09,183.15,176.50676726725507,-6.643232732744934,6.643232732744934,5.399616352598684,4.436643377821838,0.012000000000000394,0.06200000000000057,True,False,171.1071509146564,180.9434106450769,9.836259730420522,False,1
1286,2011-02-10,184.39,182.77626334433583,-1.6137366556641553,1.6137366556641553,5.2671958537235355,4.851859135765238,0.012500000000000394,0.05250000000000057,True,True,177.5090674906123,187.62812248010107,10.119054989488774,True,0
1287,2011-02-11,185.56,184.19075552921765,-1.3692444707823483,1.3692444707823483,5.2671958537235355,4.795601335615686,0.013000000000000395,0.05300000000000057,True,True,178.92355967549412,188.98635686483334,10.062797189339221,True,0
1288,2011-02-14,189.25,185.39857689857405,-3.851423101425951,3.851423101425951,5.2353533948385795,4.795601335615686,0.013500000000000395,0.05350000000000057,True,True,180.16322350373548,190.19417823418974,10.030954730454255,True,0
1289,2011-02-15,188.73,188.99565511822343,0.26565511822343524,-0.26565511822343524,5.0723320230081015,4.790864037316226,0.014000000000000396,0.05400000000000057,True,True,183.92332309521532,193.78651915553965,9.863196060324327,True,0
1290,2011-02-16,189.77,188.62483280153242,-1.1451671984675897,1.1451671984675897,5.0723320230081015,4.772458354725728,0.014500000000000396,0.05450000000000057,True,True,183.55250077852432,193.39729115625815,9.84479037773383,True,0
1291,2011-02-17,185.77,189.63043732806085,3.86043732806084,-3.86043732806084,5.036240787092794,4.772458354725728,0.015000000000000397,0.05500000000000057,True,True,184.59419654096806,194.40289568278658,9.808699141818522,True,0
1292,2011-02-18,187.54,185.80953655464154,-1.7304634453584526,1.7304634453584526,5.011847665536521,4.727720909330571,0.015500000000000397,0.05550000000000057,True,True,180.79768888910502,190.5372574639721,9.739568574867093,True,0
1293,2011-02-22,183.68,187.3867631442644,3.706763144264386,-3.706763144264386,5.011847665536521,4.699433799677728,0.016000000000000396,0.05600000000000057,True,True,182.37491547872787,192.08619694394213,9.711281465214256,True,0
1294,2011-02-23,180.25,183.70829844104662,3.4582984410466224,-3.4582984410466224,4.889122137728307,4.648925563143621,0.016500000000000396,0.05650000000000057,True,True,178.81917630331833,188.35722400419024,9.538047700871914,True,0
1295,2011-02-24,176.86,180.28508834116224,3.4250883411622226,-3.4250883411622226,4.889122137728307,4.648925563143621,0.017000000000000397,0.05700000000000057,True,True,175.39596620343394,184.93401390430586,9.538047700871914,True,0
1296,2011-02-25,178.95,176.8846962092573,-2.065303790742689,2.065303790742689,4.877264473092055,4.636139467606782,0.017500000000000397,0.05750000000000057,True,True,172.00743173616524,181.52083567686407,9.513403940698822,True,0
1297,2011-02-28,173.91,178.76719035939652,4.857190359396526,-4.857190359396526,4.831146649804751,4.625002873924046,0.018000000000000398,0.05800000000000057,False,True,173.9360437095918,183.39219323332057,9.456149523728783,False,1
1298,2011-03-01,173.53,173.96970921267774,0.4397092126777409,-0.4397092126777409,6.241705172505334,4.625002873924046,0.008500000000000398,0.05850000000000057,True,True,167.7280040401724,178.5947120866018,10.86670804642938,True,0
1299,2011-03-02,169.09,173.4437814229881,4.353781422988106,-4.353781422988106,6.241705172505334,4.608930260961898,0.009000000000000398,0.05900000000000057,True,True,167.20207625048278,178.05271168395,10.850635433467232,True,0
1300,2011-03-03,173.71,169.13366483136264,-4.576335168637371,4.576335168637371,5.901579565597444,4.563741211035548,0.009500000000000399,0.05950000000000057,True,False,163.2320852657652,173.6974060423982,10.465320776633007,False,1
1301,2011-03-04,172.62,173.42007892482144,0.8000789248214346,-0.8000789248214346,5.545091823505189,4.913949003294476,0.0100000000000004,0.05000000000000057,True,True,167.87498710131626,178.33402792811592,10.45904082679965,True,0
1302,2011-03-07,171.92,172.51842626215247,0.5984262621524863,-0.5984262621524863,5.545091823505189,4.913949003294476,0.0105000000000004,0.05050000000000057,True,True,166.97333443864727,177.43237526544695,10.45904082679968,True,0
1303,2011-03-08,169.39,171.8261452905011,2.4361452905011163,-2.4361452905011163,5.40617863916691,4.903928498957427,0.0110000000000004,0.05100000000000057,True,True,166.4199666513342,176.73007378945852,10.310107138124323,True,0
1304,2011-03-09,166.67,169.36419073041301,2.694190730413027,-2.694190730413027,5.40617863916691,4.851859135765238,0.0115000000000004,0.05150000000000057,True,True,163.9580120912461,174.21604986617825,10.258037774932149,True,0
1305,2011-03-10,167.07,166.656662374438,-0.4133376255619794,0.4133376255619794,5.399616352598684,4.851859135765238,0.012000000000000401,0.052000000000000574,True,True,161.25704602183933,171.50852151020325,10.251475488363923,True,0
1306,2011-03-11,165.5,166.93669193491013,1.4366919349101295,-1.4366919349101295,5.2671958537235355,4.795601335615686,0.012500000000000401,0.052500000000000574,True,True,161.6694960811866,171.73229327052582,10.062797189339221,True,0
1307,2011-03-14,166.6,165.43067882100001,-1.1693211789999793,1.1693211789999793,5.2671958537235355,4.790864037316226,0.013000000000000402,0.053000000000000574,True,True,160.16348296727648,170.22154285831624,10.058059891039761,True,0
1308,2011-03-15,161.39,166.43423776028857,5.044237760288581,-5.044237760288581,5.2353533948385795,4.790864037316226,0.013500000000000402,0.053500000000000575,True,True,161.19888436545,171.2251017976048,10.026217432154795,True,0
1309,2011-03-16,164.7,161.45810640492428,-3.241893595075709,3.241893595075709,5.0723320230081015,4.772458354725728,0.014000000000000403,0.054000000000000575,True,True,156.38577438191618,166.23056475965,9.84479037773383,True,0
1310,2011-03-17,165.91,164.45604880075052,-1.4539511992494738,1.4539511992494738,5.0723320230081015,4.727720909330571,0.014500000000000403,0.054500000000000576,True,True,159.38371677774242,169.1837697100811,9.800052932338673,True,0
1311,2011-03-18,161.19,165.7202934865308,4.530293486530809,-4.530293486530809,5.044237760288581,4.699433799677728,0.015000000000000404,0.055000000000000576,True,True,160.67605572624223,170.41972728620854,9.743671559966316,True,0
1312,2011-03-21,163.37,161.24120977757812,-2.128790222421884,2.128790222421884,5.036240787092794,4.699433799677728,0.015500000000000404,0.05550000000000058,True,True,156.20496899048533,165.94064357725586,9.735674586770529,True,0
1313,2011-03-22,164.07,163.17217874445626,-0.8978212555437324,0.8978212555437324,5.036240787092794,4.648925563143621,0.016000000000000403,0.05600000000000058,True,True,158.13593795736347,167.82110430759988,9.685166350236415,True,0
1314,2011-03-23,162.3,163.90342823965912,1.6034282396591095,-1.6034282396591095,5.011847665536521,4.636139467606782,0.016500000000000403,0.05650000000000058,True,True,158.8915805741226,168.53956770726592,9.647987133143317,True,0
1315,2011-03-24,168.21,162.2385845207297,-5.97141547927032,5.97141547927032,4.889122137728307,4.636139467606782,0.017000000000000404,0.05700000000000058,True,False,157.34946238300137,166.87472398833648,9.525261605335118,False,1
1316,2011-03-25,171.64,167.84595907256949,-3.794040927430501,3.794040927430501,4.877264473092055,5.039359938571721,0.017500000000000404,0.047500000000000576,True,True,162.96869459947743,172.8853190111412,9.916624411663776,True,0
1317,2011-03-28,171.8,171.34704518846942,-0.4529548115305886,0.4529548115305886,4.877264473092055,5.028411261116844,0.018000000000000405,0.04800000000000058,True,True,166.46978071537737,176.37545644958627,9.905675734208899,True,0
1318,2011-03-29,170.73,171.65129780579824,0.9212978057982468,-0.9212978057982468,4.857190359396526,5.028411261116844,0.018500000000000405,0.04850000000000058,True,True,166.7941074464017,176.67970906691508,9.88560162051337,True,0
1319,2011-03-30,177.78,170.64443832696682,-7.13556167303318,7.13556167303318,4.831146649804751,4.956444820395632,0.019000000000000405,0.04900000000000058,True,False,165.81329167716206,175.60088314736245,9.787591470200397,False,1
1320,2011-03-31,179.31,177.37287589438048,-1.9371241056195174,1.9371241056195174,4.831146649804751,5.9647052015063835,0.019500000000000406,0.039500000000000576,True,True,172.54172924457572,183.33758109588686,10.795851851311141,True,0
1321,2011-04-01,181.58,179.09290710121442,-2.4870928987855905,2.4870928987855905,4.747800207663346,5.9647052015063835,0.020000000000000406,0.04000000000000058,True,True,174.34510689355108,185.0576123027208,10.712505409169722,True,0
1322,2011-04-04,180.89,181.36208843266544,0.4720884326654584,-0.4720884326654584,4.737598771371339,5.914256353834034,0.020500000000000407,0.04050000000000058,True,True,176.6244896612941,187.27634478649946,10.651855125205373,True,0
1323,2011-04-05,182.1,180.78650057473715,-1.3134994252628474,1.3134994252628474,4.737598771371339,5.885281025402918,0.021000000000000407,0.04100000000000058,True,True,176.04890180336582,186.67178160014006,10.622879796774242,True,0
1324,2011-04-06,186.15,181.93423741091945,-4.215762589080555,4.215762589080555,4.692270027240724,5.885281025402918,0.021500000000000408,0.04150000000000058,True,True,177.24196738367874,187.81951843632237,10.577551052643628,True,0
1325,2011-04-07,182.78,185.86590482024445,3.0859048202444512,-3.0859048202444512,4.543449545106583,5.7858225314715455,0.022000000000000408,0.04200000000000058,True,True,181.32245527513788,191.651727351716,10.329272076578121,True,0
1326,2011-04-08,185.26,182.77640204481608,-2.4835979551839102,2.4835979551839102,4.543449545106583,5.664016231169953,0.02250000000000041,0.04250000000000058,True,True,178.23295249970948,188.44041827598602,10.207465776276536,True,0
1327,2011-04-11,184.86,185.05605310367656,0.19605310367654738,-0.19605310367654738,4.530293486530809,5.661814998372577,0.02300000000000041,0.04300000000000058,True,True,180.52575961714575,190.71786810204912,10.192108484903372,True,0
1328,2011-04-12,183.06,184.74794991724062,1.6879499172406156,-1.6879499172406156,4.483608339694882,5.661814998372577,0.02350000000000041,0.04350000000000058,True,True,180.26434157754574,190.4097649156132,10.145423338067474,True,0
1329,2011-04-13,180.83,183.01379311748641,2.1837931174864025,-2.1837931174864025,4.483608339694882,5.59665441533582,0.02400000000000041,0.04400000000000058,True,True,178.53018477779153,188.61044753282223,10.080262755030702,True,0
1330,2011-04-14,181.39,180.80409432904796,-0.5859056709520303,0.5859056709520303,4.454095901180565,5.26363727038553,0.02450000000000041,0.04450000000000058,True,True,176.34999842786738,186.0677315994335,9.717733171566124,True,0
1331,2011-04-15,181.0,181.25516952750104,0.25516952750103883,-0.25516952750103883,4.400581239885014,5.26363727038553,0.02500000000000041,0.04500000000000058,True,True,176.85458828761602,186.51880679788655,9.66421851027053,True,0
1332,2011-04-18,178.38,180.89136971459703,2.5113697145970377,-2.5113697145970377,4.400581239885014,5.146377664241015,0.02550000000000041,0.04550000000000058,True,True,176.49078847471202,186.03774737883805,9.54695890412603,True,0
1333,2011-04-19,178.35,178.36176691943476,0.011766919434762713,-0.011766919434762713,4.384435860056229,5.109854205838502,0.02600000000000041,0.04600000000000058,True,True,173.9773310593785,183.47162112527326,9.494290065894745,True,0
1334,2011-04-20,181.62,178.23789944336195,-3.3821005566380506,3.3821005566380506,4.353781422988106,5.109854205838502,0.026500000000000412,0.04650000000000058,True,True,173.88411802037385,183.34775364920046,9.463635628826609,True,0
1335,2011-04-21,184.56,181.3662695970614,-3.1937304029385984,3.1937304029385984,4.302029447972899,5.085658914215628,0.027000000000000413,0.04700000000000058,True,True,177.0642401490885,186.45192851127703,9.387688362188527,True,0
1336,2011-04-25,185.65,184.3078775485294,-1.3421224514706012,1.3421224514706012,4.302029447972899,5.039359938571721,0.027500000000000413,0.04750000000000058,True,True,180.0058481005565,189.34723748710113,9.34138938654462,True,0
1337,2011-04-26,186.27,185.47532028767014,-0.7946797123298666,0.7946797123298666,4.2025520503630105,5.028411261116844,0.028000000000000413,0.048000000000000584,True,True,181.27276823730713,190.503731548787,9.230963311479854,True,0
1338,2011-04-27,183.2,186.1227796433801,2.9227796433801245,-2.9227796433801245,4.128248268300425,5.028411261116844,0.028500000000000414,0.048500000000000584,True,True,181.9945313750797,191.15119090449696,9.156659529417254,True,0
1339,2011-04-28,195.96,183.19763074592157,-12.762369254078436,12.762369254078436,4.128248268300425,4.956444820395632,0.029000000000000414,0.049000000000000585,True,False,179.06938247762116,188.1540755663172,9.084693088696042,False,1
1340,2011-04-29,194.38,195.32924180728224,0.9492418072822488,-0.9492418072822488,4.060829306802077,5.97141547927032,0.029500000000000415,0.03950000000000058,True,True,191.26841250048017,201.30065728655256,10.032244786072397,True,0
1341,2011-05-02,196.57,194.28042323912908,-2.289576760870915,2.289576760870915,3.997072011575071,5.9647052015063835,0.030000000000000415,0.040000000000000584,True,True,190.28335122755402,200.24512844063545,9.961777213081433,True,0
1342,2011-05-03,201.0,196.37870105970495,-4.621298940295048,4.621298940295048,3.997072011575071,5.914256353834034,0.030500000000000416,0.040500000000000584,True,True,192.38162904812987,202.292957413539,9.911328365409133,True,0
1343,2011-05-04,198.25,200.70823844843645,2.458238448436447,-2.458238448436447,3.8973379157316685,5.885281025402918,0.031000000000000416,0.041000000000000585,True,True,196.81090053270478,206.59351947383936,9.782618941134587,True,0
1344,2011-05-05,198.66,198.2411578570251,-0.41884214297490985,0.41884214297490985,3.8874014459674697,5.885281025402918,0.03150000000000042,0.041500000000000585,True,True,194.35375641105762,204.126438882428,9.772682471370388,True,0
1345,2011-05-06,199.1,198.5497371136458,-0.5502628863542043,0.5502628863542043,3.86043732806084,5.7858225314715455,0.03200000000000042,0.042000000000000585,True,True,194.68929978558495,204.33555964511734,9.646259859532393,True,0
1346,2011-05-09,198.34,198.9768763023788,0.6368763023787949,-0.6368763023787949,3.86043732806084,5.664016231169953,0.03250000000000042,0.042500000000000586,True,True,195.11643897431796,204.64089253354877,9.524453559230807,True,0
1347,2011-05-10,201.94,198.26481023114138,-3.6751897688586155,3.6751897688586155,3.797377881746982,5.664016231169953,0.03300000000000042,0.043000000000000586,True,True,194.46743234939441,203.92882646231135,9.461394112916935,True,0
1348,2011-05-11,203.12,201.69367448169336,-1.4263255183066406,1.4263255183066406,3.7947724295403304,5.661814998372577,0.03350000000000042,0.04350000000000059,True,True,197.89890205215303,207.35548948006596,9.456587427912922,True,0
1349,2011-05-12,204.22,202.95936990332612,-1.2606300966738786,1.2606300966738786,3.7947724295403304,5.59665441533582,0.03400000000000042,0.04400000000000059,True,True,199.1645974737858,208.55602431866194,9.39142684487615,True,0
1350,2011-05-13,205.7,204.07402211723974,-1.6259778827602531,1.6259778827602531,3.7864608305418983,5.26363727038553,0.03450000000000042,0.04450000000000059,True,True,200.28756128669784,209.33765938762525,9.050098100927414,True,0
1351,2011-05-16,200.54,205.54096251590053,5.0009625159005395,-5.0009625159005395,3.7565483725393847,5.26363727038553,0.03500000000000042,0.04500000000000059,False,True,201.78441414336115,210.80459978628608,9.020185642924929,False,1
1352,2011-05-17,191.82,200.6420914990088,8.82209149900882,-8.82209149900882,4.400581239885014,5.146377664241015,0.025500000000000418,0.04550000000000059,False,True,196.2415102591238,205.78846916324983,9.54695890412603,False,1
1353,2011-05-18,194.13,192.06756337769767,-2.0624366223023287,2.0624366223023287,5.036240787092794,5.109854205838502,0.016000000000000417,0.04600000000000059,True,True,187.03132259060487,197.17741758353617,10.146094992931296,True,0
1354,2011-05-19,198.33,193.9596870041364,-4.3703129958636,4.3703129958636,5.011847665536521,5.109854205838502,0.016500000000000417,0.04650000000000059,True,True,188.9478393385999,199.06954120997491,10.121701871375024,True,0
1355,2011-05-20,197.95,198.038928780978,0.08892878097802281,-0.08892878097802281,5.0009625159005395,5.085658914215628,0.017000000000000418,0.04700000000000059,True,True,193.03796626507747,203.12458769519364,10.086621430116168,True,0
1356,2011-05-23,195.56,197.83602796090454,2.2760279609045426,-2.2760279609045426,5.0009625159005395,5.039359938571721,0.017500000000000418,0.04750000000000059,True,True,192.835065445004,202.87538789947627,10.04032245447226,True,0
1357,2011-05-24,197.0,195.54717272094123,-1.4528272790587664,1.4528272790587664,4.889122137728307,5.028411261116844,0.01800000000000042,0.04800000000000059,True,True,190.6580505832129,200.57558398205808,9.917533398845165,True,0
1358,2011-05-25,193.57,196.84476284435246,3.274762844352466,-3.274762844352466,4.877264473092055,5.028411261116844,0.01850000000000042,0.04850000000000059,True,True,191.9674983712604,201.8731741054693,9.905675734208899,True,0
1359,2011-05-26,191.24,193.5871762491954,2.3471762491953996,-2.3471762491953996,4.877264473092055,4.956444820395632,0.01900000000000042,0.04900000000000059,True,True,188.70991177610335,198.54362106959104,9.833709293487686,True,0
1360,2011-05-27,194.76,191.23451224545565,-3.5254877545443435,3.5254877545443435,4.857190359396526,4.944946333592554,0.01950000000000042,0.04950000000000059,True,True,186.37732188605912,196.1794585790482,9.80213669298908,True,0
1361,2011-05-31,195.94,194.51586489398392,-1.424135106016081,1.424135106016081,4.831146649804751,4.913949003294476,0.02000000000000042,0.05000000000000059,True,True,189.68471824417918,199.4298138972784,9.745095653099213,True,0
1362,2011-06-01,196.06,195.7608321768334,-0.29916782316661283,0.29916782316661283,4.831146649804751,4.913949003294476,0.02050000000000042,0.05050000000000059,True,True,190.92968552702865,200.67478118012787,9.745095653099213,True,0
1363,2011-06-02,192.28,195.9372024622399,3.657202462239894,-3.657202462239894,4.747800207663346,4.903928498957427,0.02100000000000042,0.051000000000000593,True,True,191.18940225457655,200.84113096119734,9.651728706620787,True,0
1364,2011-06-03,191.23,192.31532219374157,1.0853221937415753,-1.0853221937415753,4.737598771371339,4.851859135765238,0.02150000000000042,0.051500000000000594,True,True,187.57772342237024,197.1671813295068,9.589457907136563,True,0
1365,2011-06-06,188.66,191.17604268741317,2.516042687413176,-2.516042687413176,4.692270027240724,4.851859135765238,0.022000000000000422,0.052000000000000594,True,True,186.48377266017246,196.0279018231784,9.544129163005948,True,0
1366,2011-06-07,185.72,188.6489253720846,2.928925372084592,-2.928925372084592,4.692270027240724,4.795601335615686,0.022500000000000422,0.052500000000000595,True,True,183.95665534484385,193.44452670770028,9.487871362856424,True,0
1367,2011-06-08,187.45,185.72817366848966,-1.7218263315103286,1.7218263315103286,4.543449545106583,4.790864037316226,0.023000000000000423,0.053000000000000595,True,True,181.1847241233831,190.51903770580589,9.334313582422794,True,0
1368,2011-06-09,189.74,187.27501719722034,-2.464982802779673,2.464982802779673,4.530293486530809,4.772458354725728,0.023500000000000423,0.053500000000000596,True,True,182.74472371068953,192.04747555194606,9.302751841256537,True,0
1369,2011-06-10,189.25,189.51875990954755,0.2687599095475548,-0.2687599095475548,4.530293486530809,4.772458354725728,0.024000000000000424,0.054000000000000596,True,True,184.98846642301675,194.29121826427328,9.302751841256537,True,0
1370,2011-06-13,186.81,189.13751834812896,2.3275183481289616,-2.3275183481289616,4.483608339694882,4.727720909330571,0.024500000000000424,0.0545000000000006,True,True,184.65391000843408,193.86523925745954,9.211329249025454,True,0
1371,2011-06-14,188.99,186.788695826604,-2.201304173396011,2.201304173396011,4.454095901180565,4.699433799677728,0.025000000000000425,0.0550000000000006,True,True,182.33459992542345,191.48812962628173,9.153529700858286,True,0
1372,2011-06-15,188.04,188.79579232730214,0.7557923273021458,-0.7557923273021458,4.454095901180565,4.648925563143621,0.025500000000000425,0.0555000000000006,True,True,184.3416964261216,193.44471789044576,9.103021464324172,True,0
1373,2011-06-16,185.74,187.94534320576435,2.2053432057643363,-2.2053432057643363,4.400581239885014,4.648925563143621,0.026000000000000426,0.0560000000000006,True,True,183.54476196587933,192.59426876890797,9.049506803028635,True,0
1374,2011-06-17,186.51,185.71515432822176,-0.7948456717782335,0.7948456717782335,4.384435860056229,4.636139467606782,0.026500000000000426,0.0565000000000006,True,True,181.33071846816551,190.35129379582855,9.020575327663039,True,0
1375,2011-06-20,185.96,186.3703047898115,0.4103047898115051,-0.4103047898115051,4.353781422988106,4.625002873924046,0.027000000000000426,0.0570000000000006,True,True,182.0165233668234,190.99530766373556,8.978784296912153,True,0
1376,2011-06-21,188.3,185.85554969439792,-2.444450305602089,2.444450305602089,4.353781422988106,4.621298940295048,0.027500000000000427,0.0575000000000006,True,True,181.50176827140982,190.47684863469297,8.975080363283155,True,0
1377,2011-06-22,193.96,188.08744905601418,-5.8725509439858286,5.8725509439858286,4.302029447972899,4.621298940295048,0.028000000000000427,0.0580000000000006,True,False,183.78541960804128,192.70874799630923,8.923328388267947,False,1
1378,2011-06-23,189.5,193.599397974816,4.099397974815986,-4.099397974815986,4.2025520503630105,5.028411261116844,0.028500000000000428,0.0485000000000006,True,True,189.39684592445298,198.62780923593283,9.230963311479854,True,0
1379,2011-06-24,193.88,189.52522816868267,-4.354771831317322,4.354771831317322,4.2025520503630105,4.956444820395632,0.029000000000000428,0.0490000000000006,True,True,185.32267611831966,194.4816729890783,9.158996870758642,True,0
1380,2011-06-27,194.5,193.60652542376948,-0.893474576230517,0.893474576230517,4.128248268300425,4.944946333592554,0.02950000000000043,0.0495000000000006,True,True,189.47827715546907,198.55147175736204,9.073194601892965,True,0
1381,2011-06-28,201.92,194.33359187384005,-7.586408126159938,7.586408126159938,4.099397974815986,4.913949003294476,0.03000000000000043,0.0500000000000006,True,False,190.23419389902406,199.24754087713453,9.013346978110462,False,1
1382,2011-06-29,202.67,201.49919006757892,-1.170809932421065,1.170809932421065,4.060829306802077,5.914256353834034,0.03050000000000043,0.0405000000000006,True,True,197.43836076077685,207.41344642141297,9.975085660636125,True,0
1383,2011-06-30,200.78,202.4941053024413,1.714105302441311,-1.714105302441311,4.060829306802077,5.885281025402918,0.03100000000000043,0.0410000000000006,True,True,198.43327599563924,208.37938632784423,9.946110332204995,True,0
1384,2011-07-01,205.55,200.74250646472836,-4.807493535271647,4.807493535271647,3.997072011575071,5.8725509439858286,0.03150000000000043,0.0415000000000006,True,True,196.74543445315328,206.6150574087142,9.869622955560914,True,0
1385,2011-07-05,208.76,205.2578380337531,-3.502161966246888,3.502161966246888,3.8973379157316685,5.7858225314715455,0.03200000000000043,0.0420000000000006,True,True,201.36050011802143,211.04366056522466,9.683160447203221,True,0
1386,2011-07-06,212.12,208.5024251019332,-3.617574898066806,3.617574898066806,3.8874014459674697,5.7858225314715455,0.03250000000000043,0.0425000000000006,True,True,204.61502365596573,214.28824763340475,9.673223977439022,True,0
1387,2011-07-07,215.09,211.87127614116224,-3.2187238588377625,3.2187238588377625,3.8874014459674697,5.664016231169953,0.03300000000000043,0.0430000000000006,True,True,207.98387469519477,217.5352923723322,9.551417677137437,True,0
1388,2011-07-08,214.3,214.8622985084626,0.5622985084625896,-0.5622985084625896,3.86043732806084,5.661814998372577,0.03350000000000043,0.0435000000000006,True,True,211.00186118040176,220.5241135068352,9.522252326433431,True,0
1389,2011-07-11,216.74,214.22511646122737,-2.5148835387726365,2.5148835387726365,3.797377881746982,5.59665441533582,0.03400000000000043,0.0440000000000006,True,True,210.42773857948038,219.8217708765632,9.394032297082816,True,0
1390,2011-07-12,214.64,216.55634879324018,1.9163487932401893,-1.9163487932401893,3.797377881746982,5.59665441533582,0.03450000000000043,0.0445000000000006,True,True,212.75897091149318,222.153003208576,9.394032297082816,True,0
1391,2011-07-13,214.7,214.62080350690465,-0.07919649309533838,0.07919649309533838,3.7947724295403304,5.26363727038553,0.035000000000000434,0.0450000000000006,True,True,210.82603107736432,219.8844407772902,9.058409699925875,True,0
1392,2011-07-14,213.58,214.61478248204685,1.034782482046836,-1.034782482046836,3.7864608305418983,5.146377664241015,0.035500000000000434,0.0455000000000006,True,True,210.82832165150495,219.76116014628786,8.932838494782914,True,0
1393,2011-07-15,213.08,213.53010456634854,0.4501045663485286,-0.4501045663485286,3.7565483725393847,5.109854205838502,0.036000000000000434,0.0460000000000006,True,True,209.77355619380916,218.63995877218704,8.866402578377887,True,0
1394,2011-07-18,212.53,213.0094266754542,0.47942667545419226,-0.47942667545419226,3.7565483725393847,5.109854205838502,0.036500000000000435,0.0465000000000006,True,True,209.2528783029148,218.1192808812927,8.866402578377887,True,0
1395,2011-07-19,213.77,212.4574028178198,-1.3125971821802125,1.3125971821802125,3.7314549404957873,5.085658914215628,0.037000000000000435,0.047000000000000604,True,True,208.72594787732402,217.54306173203543,8.817113854711408,True,0
1396,2011-07-20,220.05,213.62688888944163,-6.423111110558381,6.423111110558381,3.723202368245424,5.039359938571721,0.037500000000000436,0.047500000000000604,True,False,209.90368652119622,218.66624882801335,8.76256230681713,False,1
1397,2011-07-21,216.74,219.70197614208783,2.9619761420878206,-2.9619761420878206,3.706763144264386,6.076534422462814,0.038000000000000436,0.0380000000000006,True,True,215.99521299782344,225.77851056455063,9.783297566727185,True,0
1398,2011-07-22,213.86,216.75244205939126,2.892442059391243,-2.892442059391243,3.706763144264386,6.076534422462814,0.03850000000000044,0.0385000000000006,True,True,213.04567891512687,222.82897648185406,9.783297566727185,True,0
1399,2011-07-25,215.49,213.89616331969577,-1.5938366803042356,1.5938366803042356,3.657202462239894,5.97141547927032,0.03900000000000044,0.039000000000000604,True,True,210.23896085745588,219.8675787989661,9.628617941510214,True,0
1400,2011-07-26,214.99,215.3448642182534,0.35486421825339676,-0.35486421825339676,3.5895050947563902,5.9647052015063835,0.03950000000000044,0.039500000000000604,True,True,211.75535912349702,221.30956941975978,9.554210296262767,True,0
1401,2011-07-27,224.39,214.90701469113256,-9.482985308867427,9.482985308867427,3.49715015147774,5.914256353834034,0.04000000000000044,0.040000000000000605,True,False,211.40986453965482,220.82127104496658,9.41140650531176,False,1
1402,2011-07-28,223.27,223.92307749948702,0.6530774994870114,-0.6530774994870114,3.49715015147774,7.1913533907224405,0.04050000000000044,0.030500000000000603,True,True,220.42592734800928,231.11443089020946,10.68850354220018,True,0
1403,2011-07-29,221.29,223.18696708684442,1.8969670868444268,-1.8969670868444268,3.493804601489771,7.13556167303318,0.04100000000000044,0.031000000000000603,True,True,219.69316248535466,230.3225287598776,10.629366274522937,True,0
1404,2011-08-01,225.0,221.29106584913578,-3.7089341508642235,3.7089341508642235,3.482989583913721,7.075858099101708,0.04150000000000044,0.031500000000000604,True,True,217.80807626522204,228.36692394823748,10.558847683015443,True,0
1405,2011-08-02,220.32,224.77922087025286,4.459220870252864,-4.459220870252864,3.482989583913721,7.075858099101708,0.04200000000000044,0.032000000000000604,False,True,221.29623128633915,231.85507896935457,10.558847683015415,False,1
1406,2011-08-03,209.48,220.40408695002725,10.92408695002726,-10.92408695002726,3.8973379157316685,6.836116549953033,0.03250000000000044,0.032500000000000605,False,True,216.50674903429558,227.24020349998028,10.733454465684702,False,1
1407,2011-08-04,206.73,209.82519509193028,3.095195091930293,-3.095195091930293,4.543449545106583,6.643232732744934,0.023000000000000437,0.033000000000000605,True,True,205.2817455468237,216.46842782467522,11.186682277851531,True,0
1408,2011-08-05,204.67,206.78511475348068,2.1151147534806967,-2.1151147534806967,4.530293486530809,6.600213493306498,0.023500000000000437,0.033500000000000606,True,True,202.25482126694988,213.3853282467872,11.130506979837321,True,0
1409,2011-08-08,196.4,204.65200881534489,8.25200881534488,-8.25200881534488,4.530293486530809,6.600213493306498,0.024000000000000438,0.034000000000000606,False,True,200.12171532881408,211.25222230865137,11.130506979837293,False,1
1410,2011-08-09,196.7,196.60425114541547,-0.09574885458451377,0.09574885458451377,5.2353533948385795,6.542630751341889,0.014500000000000438,0.03450000000000061,True,True,191.3688977505769,203.14688189675735,11.777984146180444,True,0
1411,2011-08-10,200.76,196.60413234028928,-4.155867659710708,4.155867659710708,5.0723320230081015,6.423111110558381,0.015000000000000438,0.03500000000000061,True,True,191.53180031728118,203.02724345084766,11.495443133566482,True,0
1412,2011-08-11,197.01,200.48152523239995,3.471525232399955,-3.471525232399955,5.0723320230081015,6.32626534488368,0.015500000000000439,0.03550000000000061,True,True,195.40919320939184,206.80779057728364,11.398597367891796,True,0
1413,2011-08-12,200.28,197.01513091355582,-3.264869086444179,3.264869086444179,5.044237760288581,6.32626534488368,0.016000000000000437,0.03600000000000061,True,True,191.97089315326724,203.3413962584395,11.370503105172247,True,0
1414,2011-08-15,202.06,200.05077073917596,-2.0092292608240427,2.0092292608240427,5.036240787092794,6.171438483048803,0.016500000000000438,0.03650000000000061,True,True,195.01452995208317,206.22220922222476,11.207679270141597,True,0
1415,2011-08-16,201.14,201.8564154191896,0.7164154191896159,-0.7164154191896159,5.011847665536521,6.123168581259378,0.01700000000000044,0.03700000000000061,True,True,196.84456775365308,207.979584000449,11.135016246795914,True,0
1416,2011-08-17,198.53,201.05003267293722,2.5200326729372193,-2.5200326729372193,5.011847665536521,6.093196760254472,0.01750000000000044,0.03750000000000061,True,True,196.0381850074007,207.1432294331917,11.105044425790993,True,0
1417,2011-08-18,191.21,198.5176359269727,7.307635926972694,-7.307635926972694,5.0009625159005395,6.093196760254472,0.01800000000000044,0.03800000000000061,False,True,193.51667341107216,204.61083268722717,11.094159276155011,False,1
1418,2011-08-19,180.29,191.37808554156706,11.088085541567068,-11.088085541567068,6.842809183738666,6.076534422462814,0.00850000000000044,0.03850000000000061,False,True,184.5352763578284,197.45461996402986,12.919343606201465,False,1
1419,2011-08-22,182.83,180.58289744474337,-2.247102555256646,2.247102555256646,inf,5.97141547927032,-0.0009999999999995603,0.03900000000000061,True,True,-inf,186.5543129240137,inf,True,0
1420,2011-08-23,178.92,182.65594242338523,3.7359424233852394,-3.7359424233852394,inf,5.9647052015063835,-0.0004999999999995603,0.03950000000000061,True,True,-inf,188.6206476248916,inf,True,0
1421,2011-08-24,193.89,178.9290338003211,-14.960966199678893,14.960966199678893,inf,5.9647052015063835,4.397524011601206e-16,0.04000000000000061,True,False,-inf,184.89373900182747,inf,False,1
1422,2011-08-25,194.41,193.16618119430842,-1.2438188056915749,1.2438188056915749,inf,7.1913533907224405,0.0005000000000004398,0.03050000000000061,True,True,-inf,200.35753458503086,inf,True,0
1423,2011-08-26,191.24,194.21791959771048,2.9779195977104678,-2.9779195977104678,11.088085541567068,7.13556167303318,0.0010000000000004398,0.03100000000000061,True,True,183.1298340561434,201.35348127074366,18.22364721460025,True,0
1424,2011-08-29,202.82,191.23358216054223,-11.586417839457766,11.586417839457766,10.92408695002726,7.13556167303318,0.0015000000000004398,0.03150000000000061,True,False,180.30949521051497,198.3691438335754,18.05964862306044,False,1
1425,2011-08-30,205.78,202.23954154007023,-3.5404584599297664,3.5404584599297664,10.92408695002726,14.960966199678893,0.00200000000000044,0.02200000000000061,True,True,191.31545459004298,217.20050773974913,25.885053149706152,True,0
1426,2011-08-31,212.27,205.4956437142102,-6.774356285789821,6.774356285789821,10.17138112416589,13.725655545674073,0.00250000000000044,0.02250000000000061,True,True,195.3242625900443,219.22129925988426,23.897036669839963,True,0
1427,2011-09-01,215.28,211.8952164988181,-3.3847835011819143,3.3847835011819143,9.092261705948445,13.725655545674073,0.00300000000000044,0.02300000000000061,True,True,202.80295479286963,225.62087204449216,22.817917251622532,True,0
1428,2011-09-02,208.94,215.0382989947957,6.098298994795698,-6.098298994795698,9.092261705948445,12.762369254078436,0.00350000000000044,0.02350000000000061,True,True,205.94603728884726,227.80066824887413,21.854630960026867,True,0
1429,2011-09-06,204.77,209.05487787288132,4.28487787288131,-4.28487787288131,8.82209149900882,12.046558395810933,0.00400000000000044,0.02400000000000061,True,True,200.2327863738725,221.10143626869225,20.868649894819754,True,0
1430,2011-09-07,218.8,204.82667513171234,-13.973324868287676,13.973324868287676,8.80797472763895,11.586417839457766,0.004500000000000439,0.02450000000000061,True,False,196.0187004040734,216.4130929711701,20.394392567096702,False,1
1431,2011-09-08,218.3,218.14917775476547,-0.15082224523453647,0.15082224523453647,8.445680639693741,42.19,0.00500000000000044,0.015000000000000612,True,True,209.70349711507174,260.3391777547655,50.63568063969376,True,0
1432,2011-09-09,215.05,218.14027332832654,3.090273328326532,-3.090273328326532,8.445680639693741,37.61,0.00550000000000044,0.015500000000000612,True,True,209.6945926886328,255.75027332832656,46.05568063969375,True,0
1433,2011-09-12,208.75,215.0691587638574,6.319158763857388,-6.319158763857388,8.25200881534488,37.61,0.006000000000000441,0.01600000000000061,True,True,206.8171499485125,252.6791587638574,45.86200881534489,True,0
1434,2011-09-13,217.79,208.89094715698855,-8.899052843011447,8.899052843011447,7.642987594851675,37.34,0.006500000000000441,0.01650000000000061,True,True,201.24795956213688,246.23094715698855,44.982987594851664,True,0
1435,2011-09-14,220.22,217.3560250170972,-2.863974982902789,2.863974982902789,7.611320153076839,37.25,0.007000000000000442,0.017000000000000612,True,True,209.74470486402038,254.6060250170972,44.86132015307683,True,0
1436,2011-09-15,223.99,219.95799262255844,-4.032007377441573,4.032007377441573,7.611320153076839,37.08,0.007500000000000442,0.017500000000000612,True,True,212.3466724694816,257.0379926225584,44.691320153076816,True,0
1437,2011-09-16,227.57,223.7264205713081,-3.8435794286918963,3.8435794286918963,7.59001311200177,37.08,0.008000000000000443,0.018000000000000613,True,True,216.13640745930633,260.8064205713081,44.670013112001755,True,0
1438,2011-09-19,237.11,227.31212407644807,-9.797875923551942,9.797875923551942,7.307635926972694,37.04,0.008500000000000443,0.018500000000000613,True,True,220.00448814947538,264.3521240764481,44.347635926972714,True,0
1439,2011-09-20,240.8,236.63609365840784,-4.163906341592167,4.163906341592167,7.307635926972694,36.98,0.009000000000000443,0.019000000000000614,True,True,229.32845773143515,273.61609365840786,44.28763592697271,True,0
1440,2011-09-21,234.51,240.53614078971907,6.026140789719079,-6.026140789719079,6.842809183738666,36.7,0.009500000000000444,0.019500000000000614,True,True,233.6933316059804,277.23614078971906,43.542809183738655,True,0
1441,2011-09-22,224.72,234.64250993934562,9.922509939345616,-9.922509939345616,6.509623189394347,36.7,0.010000000000000444,0.020000000000000615,False,True,228.13288674995127,271.34250993934563,43.209623189394364,False,1
1442,2011-09-23,220.51,225.0144501826642,4.504450182664215,-4.504450182664215,inf,36.7,0.0005000000000004445,0.020500000000000615,True,True,-inf,261.7144501826642,inf,True,0
1443,2011-09-26,227.48,220.60942879793885,-6.870571202061143,6.870571202061143,11.088085541567068,17.431662177681503,0.0010000000000004445,0.021000000000000615,True,True,209.52134325637178,238.04109097562036,28.519747719248585,True,0
1444,2011-09-27,234.22,227.14869940205088,-7.071300597949119,7.071300597949119,10.92408695002726,14.960966199678893,0.0015000000000004446,0.021500000000000616,True,True,216.22461245202362,242.10966560172977,25.885053149706152,True,0
1445,2011-09-28,226.35,233.82886455847145,7.478864558471457,-7.478864558471457,10.92408695002726,14.960966199678893,0.0020000000000004446,0.022000000000000616,True,True,222.9047776084442,248.78983075815034,25.885053149706152,True,0
1446,2011-09-29,234.17,226.48352345275222,-7.686476547247764,7.686476547247764,10.17138112416589,13.973324868287676,0.0025000000000004446,0.022500000000000617,True,True,216.31214232858633,240.4568483210399,24.144705992453567,True,0
1447,2011-09-30,218.19,233.83895152066182,15.648951520661825,-15.648951520661825,9.922509939345616,13.725655545674073,0.0030000000000004446,0.023000000000000617,False,True,223.9164415813162,247.5646070663359,23.64816548501969,False,1
1448,2011-10-03,217.01,218.64979492767807,1.639794927678082,-1.639794927678082,inf,12.762369254078436,-0.006499999999999555,0.023500000000000618,True,True,-inf,231.4121641817565,inf,True,0
1449,2011-10-04,209.62,217.0303301305235,7.410330130523505,-7.410330130523505,inf,12.762369254078436,-0.005999999999999554,0.024000000000000618,True,True,-inf,229.79269938460195,inf,True,0
1450,2011-10-05,212.53,209.78536589673809,-2.744634103261916,2.744634103261916,inf,12.046558395810933,-0.005499999999999554,0.02450000000000062,True,True,-inf,221.83192429254902,inf,True,0
1451,2011-10-06,220.28,212.32267813601823,-7.957321863981775,7.957321863981775,inf,11.586417839457766,-0.004999999999999553,0.02500000000000062,True,True,-inf,223.909095975476,inf,True,0
1452,2011-10-07,222.48,219.84415930938454,-2.635840690615453,2.635840690615453,inf,10.395946211211111,-0.004499999999999553,0.02550000000000062,True,True,-inf,230.24010552059565,inf,True,0
1453,2011-10-10,226.23,222.2459516699884,-3.9840483300116034,3.9840483300116034,inf,10.395946211211111,-0.0039999999999995525,0.02600000000000062,True,True,-inf,232.6418978811995,inf,True,0
1454,2011-10-11,230.6,225.96818725990738,-4.631812740092613,4.631812740092613,inf,9.797875923551942,-0.0034999999999995525,0.02650000000000062,True,True,-inf,235.76606318345932,inf,True,0
1455,2011-10-12,236.64,230.31421568282482,-6.325784317175163,6.325784317175163,inf,9.482985308867427,-0.0029999999999995525,0.02700000000000062,True,True,-inf,239.79720099169225,inf,True,0
1456,2011-10-13,237.0,236.29850871706768,-0.7014912829323237,0.7014912829323237,inf,9.271350946718002,-0.0024999999999995525,0.02750000000000062,True,True,-inf,245.56985966378568,inf,True,0
1457,2011-10-14,240.87,236.8720465516955,-3.9979534483045143,3.9979534483045143,inf,9.271350946718002,-0.0019999999999995525,0.02800000000000062,True,True,-inf,246.1433974984135,inf,True,0
1458,2011-10-17,244.29,240.6357092847242,-3.654290715275806,3.654290715275806,inf,9.219771232147934,-0.0014999999999995525,0.028500000000000622,True,True,-inf,249.85548051687212,inf,True,0
1459,2011-10-18,242.31,244.06711987823923,1.757119878239223,-1.757119878239223,inf,8.899052843011447,-0.0009999999999995525,0.029000000000000623,True,True,-inf,252.96617272125067,inf,True,0
1460,2011-10-19,240.67,242.28972362943927,1.619723629439278,-1.619723629439278,inf,8.855407630738071,-0.0004999999999995525,0.029500000000000623,True,True,-inf,251.14513126017732,inf,True,0
1461,2011-10-20,232.13,240.6526216828466,8.52262168284659,-8.52262168284659,inf,8.855407630738071,4.475586568020162e-16,0.030000000000000623,True,True,-inf,249.50802931358464,inf,True,0
1462,2011-10-21,236.91,232.34931124876655,-4.560688751233442,4.560688751233442,inf,8.43241410940513,0.0005000000000004476,0.030500000000000624,True,True,-inf,240.78172535817168,inf,True,0
1463,2011-10-24,236.02,236.66138193467208,0.6413819346720686,-0.6413819346720686,12.728566661525036,7.957321863981775,0.0010000000000004476,0.031000000000000624,True,True,223.93281527314704,244.61870379865385,20.68588852550681,True,0
1464,2011-10-25,238.59,235.94184418566726,-2.648155814332739,2.648155814332739,11.088085541567068,7.686476547247764,0.0015000000000004476,0.031500000000000625,True,True,224.8537586441002,243.62832073291503,18.774562088814832,True,0
1465,2011-10-26,203.69,238.4020327640111,34.7120327640111,-34.7120327640111,11.088085541567068,7.686476547247764,0.0020000000000004476,0.032000000000000625,False,True,227.31394722244403,246.08850931125886,18.774562088814832,False,1
1466,2011-10-27,204.26,204.81928273818826,0.5592827381882728,-0.5592827381882728,inf,7.586408126159938,-0.007499999999999552,0.032500000000000626,True,True,-inf,212.4056908643482,inf,True,0
1467,2011-10-28,206.53,204.1867942200022,-2.3432057799977883,2.3432057799977883,inf,7.407676093026502,-0.006999999999999552,0.033000000000000626,True,True,-inf,211.59447031302872,inf,True,0
1468,2011-10-31,215.79,206.30713704166882,-9.482862958331168,9.482862958331168,inf,7.1913533907224405,-0.006499999999999551,0.033500000000000626,True,False,-inf,213.49849043239126,inf,False,1
1469,2011-11-01,208.11,215.28883541278245,7.178835412782433,-7.178835412782433,inf,12.046558395810933,-0.005999999999999551,0.024000000000000625,True,True,-inf,227.33539380859338,inf,True,0
1470,2011-11-02,215.55,208.24051967327378,-7.309480326726231,7.309480326726231,inf,12.046558395810933,-0.00549999999999955,0.024500000000000625,True,True,-inf,220.2870780690847,inf,True,0
1471,2011-11-03,216.3,215.13937594653675,-1.1606240534632661,1.1606240534632661,inf,11.586417839457766,-0.00499999999999955,0.025000000000000626,True,True,-inf,226.7257937859945,inf,True,0
1472,2011-11-04,217.65,216.11845136390542,-1.531548636094584,1.531548636094584,inf,10.395946211211111,-0.0044999999999995495,0.025500000000000626,True,True,-inf,226.51439757511653,inf,True,0
1473,2011-11-07,216.84,217.46723429130702,0.627234291307019,-0.627234291307019,inf,9.797875923551942,-0.003999999999999549,0.026000000000000627,True,True,-inf,227.26511021485896,inf,True,0
1474,2011-11-08,219.2,216.74234378092586,-2.4576562190741242,2.4576562190741242,inf,9.482985308867427,-0.003499999999999549,0.026500000000000627,True,True,-inf,226.2253290897933,inf,True,0
1475,2011-11-09,214.95,218.98162189492416,4.031621894924172,-4.031621894924172,inf,9.482985308867427,-0.002999999999999549,0.027000000000000628,True,True,-inf,228.4646072037916,inf,True,0
1476,2011-11-10,213.5,214.9865663977715,1.4865663977714973,-1.4865663977714973,inf,9.482862958331168,-0.002499999999999549,0.027500000000000628,True,True,-inf,224.46942935610267,inf,True,0
1477,2011-11-11,212.52,213.44212960129474,0.9221296012947278,-0.9221296012947278,inf,9.271350946718002,-0.001999999999999549,0.02800000000000063,True,True,-inf,222.71348054801274,inf,True,0
1478,2011-11-14,215.65,212.43404786039497,-3.2159521396050366,3.2159521396050366,inf,9.219771232147934,-0.001499999999999549,0.02850000000000063,True,True,-inf,221.6538190925429,inf,True,0
1479,2011-11-15,218.0,215.39699120051657,-2.6030087994834332,2.6030087994834332,inf,9.219771232147934,-0.000999999999999549,0.02900000000000063,True,True,-inf,224.6167624326645,inf,True,0
1480,2011-11-16,216.27,217.76812673277374,1.498126732773727,-1.498126732773727,inf,8.899052843011447,-0.000499999999999549,0.02950000000000063,True,True,-inf,226.66717957578518,inf,True,0
1481,2011-11-17,212.51,216.2049094199352,3.6949094199352146,-3.6949094199352146,inf,8.855407630738071,4.510281037539698e-16,0.03000000000000063,True,True,-inf,225.0603170506733,inf,True,0
1482,2011-11-18,205.33,212.53614929391696,7.206149293916951,-7.206149293916951,inf,8.43241410940513,0.000500000000000451,0.03050000000000063,True,True,-inf,220.9685634033221,inf,True,0
1483,2011-11-21,193.29,205.4887624258872,12.198762425887196,-12.198762425887196,15.648951520661825,8.43241410940513,0.001000000000000451,0.03100000000000063,True,True,189.83981090522536,213.92117653529232,24.081365630066955,True,0
1484,2011-11-22,186.95,193.61322143039231,6.663221430392326,-6.663221430392326,12.728566661525036,7.957321863981775,0.001500000000000451,0.03150000000000063,True,True,180.88465476886728,201.5705432943741,20.68588852550681,True,0
1485,2011-11-23,193.06,187.05241136838802,-6.007588631611981,6.007588631611981,12.728566661525036,7.686476547247764,0.002000000000000451,0.03200000000000063,True,True,174.32384470686299,194.7388879156358,20.4150432087728,True,0
1486,2011-11-25,190.41,192.70679217359015,2.2967921735901484,-2.2967921735901484,12.198762425887196,7.586408126159938,0.002500000000000451,0.03250000000000063,True,True,180.50802974770295,200.29320029975008,19.785170552047134,True,0
1487,2011-11-28,191.65,190.35874199399788,-1.2912580060021241,1.2912580060021241,11.088085541567068,7.407676093026502,0.003000000000000451,0.03300000000000063,True,True,179.2706564524308,197.7664180870244,18.495761634593578,True,0
1488,2011-11-29,194.78,191.47136805543315,-3.308631944566855,3.308631944566855,10.92408695002726,7.407676093026502,0.003500000000000451,0.03350000000000063,True,True,180.5472811054059,198.87904414845966,18.33176304305377,True,0
1489,2011-11-30,194.76,194.52088151309925,-0.23911848690073612,0.23911848690073612,10.92408695002726,7.309480326726231,0.004000000000000451,0.034000000000000634,True,True,183.596794563072,201.83036183982549,18.23356727675349,True,0
1490,2011-12-01,191.85,194.61628757880692,2.7662875788069243,-2.7662875788069243,10.17138112416589,7.1913533907224405,0.0045000000000004516,0.034500000000000634,True,True,184.44490645464103,201.80764096952936,17.36273451488833,True,0
1491,2011-12-02,197.07,191.82175117779997,-5.248248822200026,5.248248822200026,9.922509939345616,7.13556167303318,0.005000000000000452,0.035000000000000635,True,True,181.89924123845435,198.95731285083315,17.058071612378797,True,0
1492,2011-12-05,198.86,196.7388484770217,-2.121151522978323,2.121151522978323,9.092261705948445,7.13556167303318,0.0055000000000004524,0.035500000000000635,True,True,187.64658677107326,203.87441015005487,16.22782337898161,True,0
1493,2011-12-06,195.98,198.6409137643399,2.6609137643399094,-2.6609137643399094,9.092261705948445,7.075858099101708,0.006000000000000453,0.036000000000000636,True,True,189.54865205839144,205.7167718634416,16.168119805050168,True,0
1494,2011-12-07,191.03,195.94591818981945,4.91591818981945,-4.91591818981945,8.82209149900882,7.071300597949119,0.006500000000000453,0.036500000000000636,True,True,187.12382669081063,203.01721878776857,15.893392096957939,True,0
1495,2011-12-08,193.57,191.08501472418325,-2.48498527581674,2.48498527581674,8.80797472763895,6.870571202061143,0.007000000000000454,0.03700000000000064,True,True,182.27703999654432,197.9555859262444,15.678545929700078,True,0
1496,2011-12-09,191.21,193.3514989834855,2.1414989834854907,-2.1414989834854907,8.52262168284659,6.836116549953033,0.007500000000000454,0.03750000000000064,True,True,184.8288773006389,200.18761553343853,15.358738232799624,True,0
1497,2011-12-12,190.03,191.1547674001241,1.1247674001240853,-1.1247674001240853,8.52262168284659,6.836116549953033,0.008000000000000455,0.03800000000000064,True,True,182.6321457172775,197.99088395007712,15.358738232799624,True,0
1498,2011-12-13,188.56,189.9448202303578,1.3848202303578034,-1.3848202303578034,8.445680639693741,6.774356285789821,0.008500000000000455,0.03850000000000064,True,True,181.49913959066407,196.71917651614763,15.220036925483555,True,0
1499,2011-12-14,179.0,188.48250489154512,9.482504891545119,-9.482504891545119,8.25200881534488,6.643232732744934,0.009000000000000456,0.03900000000000064,False,True,180.23049607620024,195.12573762429005,14.895241548089814,False,1
1500,2011-12-15,182.05,179.2199979542131,-2.830002045786898,2.830002045786898,inf,6.600213493306498,-0.0004999999999995442,0.03950000000000064,True,True,-inf,185.82021144751963,inf,True,0
1501,2011-12-16,182.42,181.824346631637,-0.5956533683629743,0.5956533683629743,inf,6.542630751341889,4.557985933129061e-16,0.04000000000000064,True,True,-inf,188.36697738297892,inf,True,0
1502,2011-12-19,182.0,182.26297471116234,0.26297471116234306,-0.26297471116234306,inf,6.542630751341889,0.0005000000000004558,0.04050000000000064,True,True,-inf,188.80560546250422,inf,True,0
1503,2011-12-20,182.69,181.8809479628423,-0.8090520371576986,0.8090520371576986,15.648951520661825,6.423111110558381,0.0010000000000004558,0.04100000000000064,True,True,166.23199644218047,188.30405907340068,22.072062631220206,True,0
1504,2011-12-21,181.92,182.5306414844708,0.6106414844708183,-0.6106414844708183,12.728566661525036,6.32626534488368,0.0015000000000004558,0.04150000000000064,True,True,169.80207482294577,188.8569068293545,19.05483200640873,True,0
1505,2011-12-22,175.09,181.81346926550276,6.723469265502757,-6.723469265502757,12.198762425887196,6.325784317175163,0.002000000000000456,0.04200000000000064,True,True,169.61470683961556,188.13925358267792,18.52454674306236,True,0
1506,2011-12-23,179.22,175.2163438842416,-4.003656115758389,4.003656115758389,12.198762425887196,6.325784317175163,0.002500000000000456,0.04250000000000064,True,True,163.0175814583544,181.54212820141677,18.52454674306236,True,0
1507,2011-12-27,177.73,178.9470946168908,1.2170946168908188,-1.2170946168908188,11.088085541567068,6.171438483048803,0.003000000000000456,0.04300000000000064,True,True,167.85900907532374,185.1185330999396,17.25952402461587,True,0
1508,2011-12-28,176.39,177.6441989268018,1.2541989268018199,-1.2541989268018199,10.92408695002726,6.123168581259378,0.003500000000000456,0.04350000000000064,True,True,166.72011197677455,183.76736750806117,17.047255531286623,True,0
1509,2011-12-29,169.62,176.31529759131297,6.695297591312965,-6.695297591312965,10.17138112416589,6.093196760254472,0.004000000000000456,0.04400000000000064,True,True,166.14391646714708,182.40849435156744,16.264577884420362,True,0
1510,2011-12-30,173.36,169.75249009831745,-3.607509901682562,3.607509901682562,10.17138112416589,6.076534422462814,0.004500000000000457,0.04450000000000064,True,True,159.58110897415156,175.82902452078025,16.24791554662869,True,0
1511,2012-01-03,175.89,173.1029728215253,-2.7870271784746876,2.7870271784746876,9.922509939345616,6.076534422462814,0.005000000000000457,0.045000000000000644,True,True,163.18046288217968,179.1795072439881,15.999044361808416,True,0
1512,2012-01-04,179.21,175.6482441561146,-3.5617558438854076,3.5617558438854076,9.482504891545119,6.007588631611981,0.005500000000000458,0.045500000000000644,True,True,166.16573926456948,181.65583278772658,15.4900935231571,True,0
1513,2012-01-05,175.94,178.94057858300238,3.0005785830023797,-3.0005785830023797,9.092261705948445,5.97141547927032,0.006000000000000458,0.046000000000000645,True,True,169.84831687705395,184.9119940622727,15.06367718521875,True,0
1514,2012-01-06,178.07,175.9250881523757,-2.144911847624286,2.144911847624286,9.092261705948445,5.9647052015063835,0.0065000000000004585,0.046500000000000645,True,True,166.83282644642725,181.88979335388208,15.056966907454836,True,0
1515,2012-01-09,182.76,177.864614876962,-4.895385123037983,4.895385123037983,8.82209149900882,5.914256353834034,0.007000000000000459,0.047000000000000645,True,True,169.0425233779532,183.77887123079603,14.73634785284284,True,0
1516,2012-01-10,181.1,182.43413123680702,1.3341312368070248,-1.3341312368070248,8.80797472763895,5.914256353834034,0.007500000000000459,0.047500000000000646,True,True,173.62615650916808,188.34838759064104,14.722231081472955,True,0
1517,2012-01-11,179.64,181.01474337479488,1.374743374794889,-1.374743374794889,8.52262168284659,5.885281025402918,0.00800000000000046,0.048000000000000646,True,True,172.49212169194828,186.9000244001978,14.407902708249509,True,0
1518,2012-01-12,179.42,179.56992105084714,0.1499210508471549,-0.1499210508471549,8.52262168284659,5.8725509439858286,0.00850000000000046,0.04850000000000065,True,True,171.04729936800055,185.44247199483297,14.39517262683242,True,0
1519,2012-01-13,175.81,179.3014475464464,3.491447546446409,-3.491447546446409,8.445680639693741,5.7858225314715455,0.00900000000000046,0.04900000000000065,True,True,170.85576690675268,185.08727007791796,14.231503171165286,True,0
1520,2012-01-17,180.15,175.81948598529428,-4.330514014705727,4.330514014705727,8.25200881534488,5.664016231169953,0.009500000000000461,0.04950000000000065,True,True,167.5674771699494,181.48350221646422,13.916025046514818,True,0
1521,2012-01-18,181.94,179.8579482765648,-2.0820517234351996,2.0820517234351996,7.642987594851675,5.661814998372577,0.010000000000000462,0.05000000000000065,True,True,172.21496068171314,185.51976327493736,13.304802593224224,True,0
1522,2012-01-19,190.88,181.71988805972424,-9.160111940275755,9.160111940275755,7.642987594851675,5.661814998372577,0.010500000000000462,0.05050000000000065,True,False,174.07690046487255,187.38170305809683,13.30480259322428,False,1
1523,2012-01-20,190.71,190.3830690748229,-0.3269309251770949,0.3269309251770949,7.611320153076839,6.423111110558381,0.011000000000000463,0.04100000000000065,True,True,182.77174892174608,196.8061801853813,14.034431263635213,True,0
1524,2012-01-23,190.79,190.55315383117966,-0.23684616882033538,0.23684616882033538,7.59001311200177,6.32626534488368,0.011500000000000463,0.04150000000000065,True,True,182.9631407191779,196.87941917606332,13.916278456885436,True,0
1525,2012-01-24,185.0,190.64943776497222,5.64943776497222,-5.64943776497222,7.478864558471457,6.325784317175163,0.012000000000000463,0.04200000000000065,True,True,183.17057320650076,196.97522208214738,13.80464887564662,True,0
1526,2012-01-25,186.99,185.08413134815555,-1.9058686518444574,1.9058686518444574,7.410330130523505,6.325784317175163,0.012500000000000464,0.04250000000000065,True,True,177.67380121763205,191.40991566533071,13.736114447698668,True,0
1527,2012-01-26,189.3,186.79141649926123,-2.50858350073878,2.50858350073878,7.410330130523505,6.171438483048803,0.013000000000000464,0.04300000000000065,True,True,179.38108636873773,192.96285498231003,13.581768613572308,True,0
1528,2012-01-27,193.09,189.06647725250178,-4.02352274749822,4.02352274749822,7.307635926972694,6.123168581259378,0.013500000000000465,0.04350000000000065,True,True,181.7588413255291,195.18964583376118,13.430804508232086,True,0
1529,2012-01-30,193.68,192.7969504272696,-0.883049572730414,0.883049572730414,7.206149293916951,6.093196760254472,0.014000000000000465,0.04400000000000065,True,True,185.59080113335264,198.89014718752406,13.299346054171423,True,0
1530,2012-01-31,194.0,193.50753838556722,-0.49246161443278424,0.49246161443278424,7.178835412782433,6.076534422462814,0.014500000000000466,0.04450000000000065,True,True,186.32870297278478,199.58407280803004,13.255369835245261,True,0
1531,2012-02-01,173.81,193.84708160858716,20.037081608587158,-20.037081608587158,7.178835412782433,6.076534422462814,0.015000000000000466,0.04500000000000065,False,True,186.66824619580473,199.92361603104996,13.255369835245233,False,1
1532,2012-02-02,179.65,174.41671590173797,-5.233284098262033,5.233284098262033,9.922509939345616,6.007588631611981,0.005500000000000466,0.04550000000000065,True,True,164.49420596239236,180.42430453334995,15.930098570957597,True,0
1533,2012-02-03,182.83,179.3332091712613,-3.4967908287387104,3.4967908287387104,9.482504891545119,5.97141547927032,0.006000000000000467,0.04600000000000065,True,True,169.85070427971618,185.30462465053162,15.453920370815439,True,0
1534,2012-02-06,186.28,182.53708207994995,-3.742917920050047,3.742917920050047,9.482504891545119,5.9647052015063835,0.006500000000000467,0.04650000000000065,True,True,173.05457718840483,188.50178728145633,15.447210093051496,True,0
1535,2012-02-07,182.65,185.98924373475802,3.339243734758014,-3.339243734758014,9.092261705948445,5.914256353834034,0.007000000000000468,0.04700000000000065,True,True,176.8969820288096,191.90350008859207,15.00651805978248,True,0
1536,2012-02-08,184.95,182.64590445809023,-2.30409554190976,2.30409554190976,8.82209149900882,5.914256353834034,0.007500000000000468,0.04750000000000065,True,True,173.8238129590814,188.56016081192428,14.736347852842869,True,0
1537,2012-02-09,184.5,184.73465568541846,0.23465568541845983,-0.23465568541845983,8.80797472763895,5.885281025402918,0.008000000000000469,0.04800000000000065,True,True,175.92668095777952,190.61993671082138,14.693255753041853,True,0
1538,2012-02-10,183.42,184.3727056548526,0.9527056548526218,-0.9527056548526218,8.52262168284659,5.8725509439858286,0.008500000000000469,0.048500000000000654,True,True,175.85008397200602,190.24525659883844,14.39517262683242,True,0
1539,2012-02-13,187.17,183.33036951910333,-3.839630480896659,3.839630480896659,8.52262168284659,5.7858225314715455,0.00900000000000047,0.049000000000000654,True,True,174.80774783625674,189.11619205057488,14.308444214318143,True,0
1540,2012-02-14,191.08,186.8827674614079,-4.197232538592118,4.197232538592118,8.445680639693741,5.664016231169953,0.00950000000000047,0.049500000000000655,True,True,178.43708682171416,192.54678369257783,14.109696870863672,True,0
1541,2012-02-15,191.29,190.76410077444189,-0.5258992255581063,0.5258992255581063,8.25200881534488,5.661814998372577,0.01000000000000047,0.050000000000000655,True,True,182.512091959097,196.42591577281445,13.913823813717443,True,0
1542,2012-02-16,177.79,191.12533476474113,13.335334764741134,-13.335334764741134,7.642987594851675,5.661814998372577,0.01050000000000047,0.050500000000000655,False,True,183.48234716988947,196.7871497631137,13.304802593224224,False,1
1543,2012-02-17,180.09,178.18485080432373,-1.9051491956762732,1.9051491956762732,20.037081608587158,5.59665441533582,0.001000000000000471,0.051000000000000656,True,True,158.14776919573657,183.78150521965955,25.633736023922978,True,0
1544,2012-02-21,182.65,179.93235662917803,-2.7176433708219747,2.7176433708219747,15.648951520661825,5.26363727038553,0.001500000000000471,0.051500000000000656,True,True,164.2834051085162,185.19599389956358,20.91258879104737,True,0
1545,2012-02-22,181.95,182.39484060003537,0.44484060003537707,-0.44484060003537707,13.335334764741134,5.248248822200026,0.002000000000000471,0.05200000000000066,True,True,169.05950583529423,187.6430894222354,18.58358358694116,True,0
1546,2012-02-23,179.64,181.8282399545109,2.1882399545109195,-2.1882399545109195,13.335334764741134,5.233284098262033,0.002500000000000471,0.05250000000000066,True,True,168.49290518976977,187.06152405277294,18.568618863003167,True,0
1547,2012-02-24,179.7,179.60558013169606,-0.09441986830393034,0.09441986830393034,12.728566661525036,5.233284098262033,0.003000000000000471,0.05300000000000066,True,True,166.87701347017102,184.8388642299581,17.96185075978707,True,0
1548,2012-02-27,177.54,179.57921862359603,2.0392186235960423,-2.0392186235960423,12.198762425887196,5.146377664241015,0.003500000000000471,0.05350000000000066,True,True,167.38045619770884,184.72559628783705,17.34514009012821,True,0
1549,2012-02-28,178.9,177.49631573977382,-1.4036842602261856,1.4036842602261856,11.088085541567068,5.109854205838502,0.004000000000000471,0.05400000000000066,True,True,166.40823019820675,182.60616994561232,16.19793974740557,True,0
1550,2012-02-29,183.89,178.72519735972344,-5.164802640276548,5.164802640276548,11.088085541567068,5.085658914215628,0.004500000000000471,0.05450000000000066,True,False,167.63711181815637,183.81085627393907,16.173744455782696,False,1
1551,2012-03-01,179.89,183.53845560118089,3.648455601180899,-3.648455601180899,10.92408695002726,6.007588631611981,0.005000000000000471,0.04500000000000066,True,True,172.61436865115363,189.54604423279287,16.93167558163924,True,0
1552,2012-03-02,179.48,179.88798409447264,0.4079840944726527,-0.4079840944726527,10.17138112416589,5.97141547927032,0.0055000000000004715,0.04550000000000066,True,True,169.71660297030675,185.85939957374296,16.14279660343621,True,0
1553,2012-03-05,179.0,179.39067493108985,0.39067493108984763,-0.39067493108984763,9.922509939345616,5.9647052015063835,0.006000000000000472,0.04600000000000066,True,True,169.46816499174423,185.35538013259622,15.887215140851993,True,0
1554,2012-03-06,178.68,178.89038647156283,0.21038647156282764,-0.21038647156282764,9.482504891545119,5.914256353834034,0.006500000000000472,0.04650000000000066,True,True,169.40788158001772,184.80464282539685,15.396761245379139,True,0
1555,2012-03-07,182.65,178.56454290264807,-4.085457097351934,4.085457097351934,9.482504891545119,5.885281025402918,0.007000000000000473,0.04700000000000066,True,True,169.08203801110295,184.449823928051,15.367785916948037,True,0
1556,2012-03-08,184.17,182.3518866611601,-1.8181133388398791,1.8181133388398791,9.092261705948445,5.885281025402918,0.007500000000000473,0.04750000000000066,True,True,173.25962495521168,188.23716768656303,14.977542731351349,True,0
1557,2012-03-09,186.79,183.9446933817839,-2.8453066182160853,2.8453066182160853,8.82209149900882,5.8725509439858286,0.008000000000000474,0.04800000000000066,True,True,175.1226018827751,189.81724432576974,14.694642442994649,True,0
1558,2012-03-12,184.13,186.53470001420487,2.4047000142048773,-2.4047000142048773,8.80797472763895,5.7858225314715455,0.008500000000000474,0.04850000000000066,True,True,177.7267252865659,192.32052254567643,14.593797259110517,True,0
1559,2012-03-13,183.92,184.08653142496544,0.1665314249654557,-0.1665314249654557,8.52262168284659,5.664016231169953,0.009000000000000475,0.04900000000000066,True,True,175.56390974211885,189.75054765613538,14.18663791401653,True,0
1560,2012-03-14,183.65,183.8106892022374,0.1606892022373927,-0.1606892022373927,8.52262168284659,5.661814998372577,0.009500000000000475,0.04950000000000066,True,True,175.2880675193908,189.47250420061,14.184436681219182,True,0
1561,2012-03-15,182.02,183.52751677127964,1.5075167712796258,-1.5075167712796258,8.445680639693741,5.59665441533582,0.010000000000000476,0.05000000000000066,True,True,175.0818361315859,189.12417118661546,14.042335055029554,True,0
1562,2012-03-16,183.28,181.9547000743798,-1.3252999256202145,1.3252999256202145,8.25200881534488,5.59665441533582,0.010500000000000476,0.05050000000000066,True,True,173.7026912590349,187.5513544897156,13.8486632306807,True,0
1563,2012-03-19,183.45,183.1038910347609,-0.34610896523909673,0.34610896523909673,7.642987594851675,5.26363727038553,0.011000000000000476,0.05100000000000066,True,True,175.4609034399092,188.36752830514644,12.906624865237234,True,0
1564,2012-03-20,184.88,183.30003265807696,-1.5799673419230373,1.5799673419230373,7.642987594851675,5.248248822200026,0.011500000000000477,0.05150000000000066,True,True,175.65704506322527,188.54828148027698,12.891236417051715,True,0
1565,2012-03-21,192.5,184.6841770516399,-7.815822948360108,7.815822948360108,7.611320153076839,5.233284098262033,0.012000000000000477,0.052000000000000664,True,False,177.07285689856306,189.91746114990192,12.844604251338865,False,1
1566,2012-03-22,190.54,192.03193188454117,1.4919318845411738,-1.4919318845411738,7.59001311200177,6.171438483048803,0.012500000000000478,0.04250000000000066,True,True,184.4419187725394,198.20337036758997,13.761451595050573,True,0
1567,2012-03-23,192.01,190.43143260945934,-1.5785673905406554,1.5785673905406554,7.478864558471457,6.123168581259378,0.013000000000000478,0.04300000000000066,True,True,182.95256805098788,196.5546011907187,13.602033139730821,True,0
1568,2012-03-26,196.48,191.82205370245606,-4.65794629754393,4.65794629754393,7.410330130523505,6.093196760254472,0.013500000000000479,0.04350000000000066,True,True,184.41172357193255,197.91525046271053,13.503526890777977,True,0
1569,2012-03-27,203.59,196.14283748961898,-7.44716251038102,7.44716251038102,7.410330130523505,6.093196760254472,0.014000000000000479,0.044000000000000664,True,False,188.73250735909548,202.23603424987346,13.503526890777977,False,1
1570,2012-03-28,206.14,203.12365389854907,-3.016346101450921,3.016346101450921,7.307635926972694,7.1913533907224405,0.01450000000000048,0.03450000000000066,True,True,195.81601797157637,210.3150072892715,14.498989317695134,True,0
1571,2012-03-29,201.28,205.8488240985049,4.568824098504905,-4.568824098504905,7.206149293916951,7.1913533907224405,0.01500000000000048,0.03500000000000066,True,True,198.64267480458795,213.04017748922735,14.397502684639392,True,0
1572,2012-03-30,205.02,201.31485508646654,-3.7051449135334735,3.7051449135334735,7.178835412782433,7.13556167303318,0.01550000000000048,0.03550000000000066,True,True,194.1360196736841,208.45041675949972,14.314397085815614,True,0
1573,2012-04-02,198.02,204.75437458296082,6.734374582960811,-6.734374582960811,6.842809183738666,7.075858099101708,0.01600000000000048,0.03600000000000066,True,True,197.91156539922216,211.83023268206253,13.918667282840374,True,0
1574,2012-04-03,198.24,198.13975369195092,-0.10024630804909407,0.10024630804909407,6.842809183738666,7.071300597949119,0.01650000000000048,0.036500000000000664,True,True,191.29694450821225,205.21105428990003,13.914109781687785,True,0
1575,2012-04-04,196.95,198.12926117048792,1.1792611704879334,-1.1792611704879334,6.734374582960811,6.870571202061143,0.01700000000000048,0.037000000000000664,True,True,191.3948865875271,204.99983237254906,13.604945785021954,True,0
1576,2012-04-05,193.55,196.85999274973491,3.309992749734903,-3.309992749734903,6.723469265502757,6.836116549953033,0.01750000000000048,0.037500000000000665,True,True,190.13652348423216,203.69610929968795,13.55958581545579,True,0
1577,2012-04-09,192.02,193.5552893762428,1.5352893762427868,-1.5352893762427868,6.695297591312965,6.836116549953033,0.01800000000000048,0.038000000000000665,True,True,186.85999178492983,200.39140592619583,13.531414141265998,True,0
1578,2012-04-10,192.75,191.96168897980846,-0.7883110201915429,0.7883110201915429,6.663221430392326,6.774356285789821,0.01850000000000048,0.038500000000000666,True,True,185.29846754941613,198.73604526559828,13.437577716182147,True,0
1579,2012-04-11,189.63,192.58884980887473,2.9588498088747315,-2.9588498088747315,6.663221430392326,6.643232732744934,0.019000000000000482,0.039000000000000666,True,True,185.9256283784824,199.23208254161966,13.30645416313726,True,0
1580,2012-04-12,188.06,189.6145176092057,1.5545176092057034,-1.5545176092057034,6.509623189394347,6.600213493306498,0.019500000000000482,0.039500000000000667,True,True,183.10489441981136,196.2147311025122,13.10983668270083,True,0
1581,2012-04-13,189.9,188.0037726735861,-1.8962273264139071,1.8962273264139071,6.319158763857388,6.542630751341889,0.020000000000000483,0.04000000000000067,True,True,181.6846139097287,194.54640342492797,12.861789515199263,True,0
1582,2012-04-16,189.01,189.69495741238063,0.6849574123806406,-0.6849574123806406,6.300506514521345,6.423111110558381,0.020500000000000483,0.04050000000000067,True,True,183.3944508978593,196.118068522939,12.723617625079726,True,0
1583,2012-04-17,187.21,188.8979901966897,1.6879901966896966,-1.6879901966896966,6.241705172505334,6.423111110558381,0.021000000000000484,0.04100000000000067,True,True,182.65628502418437,195.32110130724809,12.664816283063715,True,0
1584,2012-04-18,188.82,187.1517083166546,-1.6682916833453874,1.6682916833453874,6.098298994795698,6.32626534488368,0.021500000000000484,0.04150000000000067,True,True,181.0534093218589,193.47797366153827,12.424564339679364,True,0
1585,2012-04-19,192.93,188.62656431672892,-4.30343568327109,4.30343568327109,6.098298994795698,6.325784317175163,0.022000000000000484,0.04200000000000067,True,True,182.52826532193322,194.95234863390408,12.424083311970861,True,0
1586,2012-04-20,192.34,192.610410268843,0.27041026884299413,-0.27041026884299413,6.026140789719079,6.171438483048803,0.022500000000000485,0.04250000000000067,True,True,186.58426947912392,198.7818487518918,12.197579272767882,True,0
1587,2012-04-23,188.99,192.19975576350032,3.2097557635003113,-3.2097557635003113,5.901579565597444,6.123168581259378,0.023000000000000485,0.04300000000000067,True,True,186.29817619790288,198.3229243447597,12.024748146856837,True,0
1588,2012-04-24,188.68,188.9918020765401,0.31180207654008996,-0.31180207654008996,5.64943776497222,6.093196760254472,0.023500000000000486,0.04350000000000067,True,True,183.34236431156788,195.08499883679457,11.742634525226691,True,0
1589,2012-04-25,191.67,188.57596841664557,-3.094031583354422,3.094031583354422,5.545091823505189,6.093196760254472,0.024000000000000486,0.04400000000000067,True,True,183.03087659314036,194.66916517690004,11.638288583759675,True,0
1590,2012-04-26,193.57,191.4098112998714,-2.1601887001286,2.1601887001286,5.545091823505189,6.076534422462814,0.024500000000000487,0.04450000000000067,True,True,185.8647194763662,197.4863457223342,11.621626245968002,True,0
1591,2012-04-27,224.83,193.33246671890174,-31.49753328109827,31.49753328109827,5.40617863916691,6.007588631611981,0.025000000000000487,0.04500000000000067,True,False,187.92628807973483,199.34005535051372,11.41376727077889,False,1
1592,2012-04-30,223.95,223.33695118955535,-0.6130488104446385,0.6130488104446385,5.399616352598684,7.13556167303318,0.025500000000000488,0.03550000000000067,True,True,217.93733483695667,230.47251286258853,12.535178025631865,True,0
1593,2012-05-01,229.4,223.67581235264518,-5.7241876473548245,5.7241876473548245,5.2671958537235355,7.075858099101708,0.026000000000000488,0.03600000000000067,True,True,218.40861649892165,230.7516704517469,12.343053952825244,True,0
1594,2012-05-02,227.82,229.0367840690424,1.2167840690424043,-1.2167840690424043,5.2353533948385795,7.071300597949119,0.02650000000000049,0.03650000000000067,True,True,223.80143067420383,236.10808466699152,12.306653992787687,True,0
1595,2012-05-03,229.74,227.72277275558886,-2.0172272444111456,2.0172272444111456,5.0723320230081015,7.071300597949119,0.02700000000000049,0.03700000000000067,True,True,222.65044073258076,234.79407335353798,12.14363262095722,True,0
1596,2012-05-04,227.8,229.51921655925042,1.7192165592504125,-1.7192165592504125,5.0723320230081015,6.870571202061143,0.02750000000000049,0.03750000000000067,True,True,224.44688453624232,236.38978776131157,11.942903225069244,True,0
1597,2012-05-07,222.36,227.7247025491979,5.364702549197887,-5.364702549197887,5.044237760288581,6.836116549953033,0.02800000000000049,0.03800000000000067,False,True,222.68046478890932,234.56081909915093,11.880354310241614,False,1
1598,2012-05-08,223.15,222.4263346492315,-0.7236653507684991,0.7236653507684991,6.663221430392326,6.774356285789821,0.01850000000000049,0.03850000000000067,True,True,215.76311321883918,229.20069093502133,13.437577716182147,True,0
1599,2012-05-09,220.59,222.9802059058333,2.390205905833284,-2.390205905833284,6.509623189394347,6.643232732744934,0.01900000000000049,0.03900000000000067,True,True,216.47058271643894,229.62343863857822,13.152855922139281,True,0
1600,2012-05-10,223.91,220.53926214560235,-3.370737854397646,3.370737854397646,6.319158763857388,6.600213493306498,0.01950000000000049,0.03950000000000067,True,True,214.22010338174496,227.13947563890883,12.919372257163872,True,0
1601,2012-05-11,225.95,223.63257305135573,-2.317426948644254,2.317426948644254,6.300506514521345,6.542630751341889,0.02000000000000049,0.040000000000000674,True,True,217.3320665368344,230.17520380269764,12.843137265863248,True,0
1602,2012-05-14,225.6,225.71336815570695,0.1133681557069508,-0.1133681557069508,6.300506514521345,6.542630751341889,0.02050000000000049,0.040500000000000674,True,True,219.4128616411856,232.25599890704882,12.84313726586322,True,0
1603,2012-05-15,226.5,225.46070447152567,-1.0392955284743266,1.0392955284743266,6.241705172505334,6.423111110558381,0.02100000000000049,0.041000000000000675,True,True,219.21899929902034,231.88381558208405,12.664816283063715,True,0
1604,2012-05-16,225.0,226.31590897959137,1.31590897959137,-1.31590897959137,6.098298994795698,6.32626534488368,0.02150000000000049,0.041500000000000675,True,True,220.21760998479567,232.64217432447504,12.424564339679364,True,0
1605,2012-05-17,225.05,224.90810515439262,-0.1418948456073963,0.1418948456073963,6.026140789719079,6.325784317175163,0.02200000000000049,0.042000000000000676,True,True,218.88196436467354,231.23388947156778,12.351925106894242,True,0
1606,2012-05-18,219.41,224.90139638116253,5.491396381162531,-5.491396381162531,5.901579565597444,6.171438483048803,0.022500000000000492,0.042500000000000676,True,True,218.99981681556508,231.07283486421133,12.073018048646247,True,0
1607,2012-05-21,214.03,219.48012046181634,5.45012046181634,-5.45012046181634,5.901579565597444,6.123168581259378,0.023000000000000492,0.04300000000000068,True,True,213.5785408962189,225.60328904307573,12.024748146856837,True,0
1608,2012-05-22,218.31,214.09663746050802,-4.213362539491982,4.213362539491982,5.64943776497222,6.123168581259378,0.023500000000000493,0.04350000000000068,True,True,208.4471996955358,220.2198060417674,11.772606346231612,True,0
1609,2012-05-23,214.71,218.0004619009296,3.2904619009295857,-3.2904619009295857,5.545091823505189,6.093196760254472,0.024000000000000493,0.04400000000000068,True,True,212.4553700774244,224.09365866118407,11.638288583759675,True,0
1610,2012-05-24,216.98,214.69374727976617,-2.2862527202338185,2.2862527202338185,5.491396381162531,6.076534422462814,0.024500000000000494,0.04450000000000068,True,True,209.20235089860364,220.770281702229,11.567930803625359,True,0
1611,2012-05-25,214.99,216.74491015987965,1.7549101598796426,-1.7549101598796426,5.45012046181634,6.007588631611981,0.025000000000000494,0.04500000000000068,True,True,211.2947896980633,222.75249879149163,11.45770909342832,True,0
1612,2012-05-29,214.3,214.91514678112108,0.6151467811210694,-0.6151467811210694,5.40617863916691,5.97141547927032,0.025500000000000494,0.04550000000000068,True,True,209.50896814195417,220.8865622603914,11.37759411843723,True,0
1613,2012-05-30,212.14,214.1804034353775,2.0404034353775273,-2.0404034353775273,5.40617863916691,5.9647052015063835,0.026000000000000495,0.04600000000000068,True,True,208.7742247962106,220.1451086368839,11.370883840673287,True,0
1614,2012-05-31,209.48,212.07666207945246,2.5966620794524715,-2.5966620794524715,5.399616352598684,5.914256353834034,0.026500000000000495,0.04650000000000068,True,True,206.67704572685378,217.99091843328648,11.313872706432704,True,0
1615,2012-06-01,208.44,209.43864418461115,0.9986441846111518,-0.9986441846111518,5.364702549197887,5.914256353834034,0.027000000000000496,0.04700000000000068,True,True,204.07394163541326,215.35290053844517,11.278958903031906,True,0
1616,2012-06-04,207.4,208.33579974166972,0.9357997416697117,-0.9357997416697117,5.2671958537235355,5.885281025402918,0.027500000000000496,0.04750000000000068,True,True,203.06860388794618,214.22108076707264,11.152476879126453,True,0
1617,2012-06-05,213.85,207.29377612974923,-6.556223870250761,6.556223870250761,5.2353533948385795,5.8725509439858286,0.028000000000000497,0.04800000000000068,True,False,202.05842273491066,213.16632707373506,11.107904338824397,False,1
1618,2012-06-06,214.63,213.4413589324937,-1.1886410675062962,1.1886410675062962,5.0723320230081015,6.643232732744934,0.028500000000000497,0.03850000000000068,True,True,208.3690269094856,220.08459166523863,11.715564755753036,True,0
1619,2012-06-07,219.65,214.4386166598523,-5.211383340147705,5.211383340147705,5.0723320230081015,6.600213493306498,0.029000000000000498,0.03900000000000068,True,True,209.3662846368442,221.0388301531588,11.672545516314614,True,0
1620,2012-06-08,218.61,219.29740734665626,0.6874073466562436,-0.6874073466562436,5.044237760288581,6.600213493306498,0.029500000000000498,0.03950000000000068,True,True,214.25316958636768,225.89762083996277,11.644451253595093,True,0
1621,2012-06-11,217.49,218.49493194508904,1.0049319450890266,-1.0049319450890266,5.036240787092794,6.556223870250761,0.0300000000000005,0.04000000000000068,True,True,213.45869115799624,225.0511558153398,11.592464657343555,True,0
1622,2012-06-12,217.65,217.38451744373512,-0.26548255626488526,0.26548255626488526,5.011847665536521,6.542630751341889,0.0305000000000005,0.04050000000000068,True,True,212.3726697781986,223.927148195077,11.554478416878396,True,0
1623,2012-06-13,215.52,217.49405623127097,1.9740562312709642,-1.9740562312709642,5.0009625159005395,6.423111110558381,0.0310000000000005,0.04100000000000068,True,True,212.49309371537043,223.91716734182936,11.42407362645892,True,0
1624,2012-06-14,215.26,215.45312087853742,0.1931208785374281,-0.1931208785374281,4.91591818981945,6.32626534488368,0.0315000000000005,0.04150000000000068,True,True,210.53720268871797,221.7793862234211,11.242183534703145,True,0
1625,2012-06-15,215.29,215.12196927036837,-0.16803072963162435,0.16803072963162435,4.91591818981945,6.325784317175163,0.0320000000000005,0.04200000000000068,True,True,210.20605108054892,221.44775358754353,11.241702506994613,True,0
1626,2012-06-18,217.28,215.13853754304478,-2.1414624569552245,2.1414624569552245,4.889122137728307,6.171438483048803,0.0325000000000005,0.04250000000000068,True,True,210.24941540531648,221.30997602609358,11.060560620777096,True,0
1627,2012-06-19,223.26,217.05003948381025,-6.209960516189739,6.209960516189739,4.877264473092055,6.171438483048803,0.0330000000000005,0.043000000000000684,True,False,212.1727750107182,223.22147796685906,11.048702956140858,False,1
1628,2012-06-20,224.51,222.86765631922242,-1.6423436807775715,1.6423436807775715,4.857190359396526,7.309480326726231,0.0335000000000005,0.03350000000000068,True,True,218.0104659598259,230.17713664594865,12.166670686122757,True,0
1629,2012-06-21,223.84,224.30309370580792,0.4630937058079212,-0.4630937058079212,4.831146649804751,7.1913533907224405,0.0340000000000005,0.03400000000000068,True,True,219.47194705600316,231.49444709653037,12.022500040527206,True,0
1630,2012-06-22,221.83,223.7136699019705,1.8836699019704781,-1.8836699019704781,4.747800207663346,7.13556167303318,0.0345000000000005,0.03450000000000068,True,True,218.96586969430714,230.84923157500367,11.883361880696526,True,0
1631,2012-06-25,220.3,221.75804776912452,1.458047769124505,-1.458047769124505,4.737598771371339,7.075858099101708,0.0350000000000005,0.03500000000000068,True,True,217.0204489977532,228.83390586822622,11.813456870473033,True,0
1632,2012-06-26,221.45,220.21073248789563,-1.2392675121043624,1.2392675121043624,4.737598771371339,7.075858099101708,0.0355000000000005,0.035500000000000684,True,True,215.47313371652427,227.28659058699733,11.813456870473061,True,0
1633,2012-06-27,225.01,221.25520382387592,-3.7547961761240742,3.7547961761240742,4.692270027240724,7.071300597949119,0.036000000000000504,0.036000000000000684,True,True,216.5629337966352,228.32650442182504,11.763570625189828,True,0
1634,2012-06-28,223.92,224.7165837084053,0.7965837084053078,-0.7965837084053078,4.568824098504905,6.870571202061143,0.036500000000000504,0.036500000000000685,True,True,220.1477596099004,231.58715491046644,11.439395300566048,True,0
1635,2012-06-29,224.7,223.80690964664933,-0.893090353350658,0.893090353350658,4.543449545106583,6.836116549953033,0.037000000000000505,0.037000000000000685,True,True,219.26346010154276,230.64302619660236,11.379566095059602,True,0
1636,2012-07-02,229.3,224.51930687510688,-4.7806931248931335,4.7806931248931335,4.530293486530809,6.774356285789821,0.037500000000000505,0.037500000000000686,True,True,219.98901338857607,231.2936631608967,11.30464977232063,True,0
1637,2012-07-03,229.14,228.96568506485346,-0.1743149351465263,0.1743149351465263,4.504450182664215,6.643232732744934,0.038000000000000506,0.038000000000000686,True,True,224.46123488218925,235.6089177975984,11.147682915409149,True,0
1638,2012-07-05,228.62,228.98921077393226,0.3692107739322523,-0.3692107739322523,4.483608339694882,6.600213493306498,0.038500000000000506,0.038500000000000686,True,True,224.50560243423737,235.58942426723877,11.083821833001394,True,0
1639,2012-07-06,226.35,228.48944263035304,2.139442630353045,-2.139442630353045,4.483608339694882,6.600213493306498,0.039000000000000506,0.03900000000000069,True,True,224.00583429065816,235.08965612365955,11.083821833001394,True,0
1640,2012-07-09,225.0,226.28785690018853,1.2878569001885296,-1.2878569001885296,4.459220870252864,6.556223870250761,0.03950000000000051,0.03950000000000069,True,True,221.82863602993567,232.8440807704393,11.015444740503625,True,0
1641,2012-07-10,226.25,224.90413632208356,-1.3458636779164408,1.3458636779164408,4.454095901180565,6.542630751341889,0.04000000000000051,0.04000000000000069,True,True,220.450040420903,231.44676707342546,10.996726652522455,True,0
1642,2012-07-11,218.95,226.05129452823724,7.101294528237247,-7.101294528237247,4.400581239885014,6.423111110558381,0.04050000000000051,0.04050000000000069,False,True,221.65071328835222,232.47440563879562,10.823692350443395,False,1
1643,2012-07-12,216.61,219.07951919367056,2.46951919367055,-2.46951919367055,5.011847665536521,6.32626534488368,0.031000000000000506,0.04100000000000069,True,True,214.06767152813404,225.40578453855426,11.338113010420216,True,0
1644,2012-07-13,215.63,216.5583298140019,0.9283298140018985,-0.9283298140018985,5.0009625159005395,6.325784317175163,0.03150000000000051,0.04150000000000069,True,True,211.55736729810135,222.88411413117706,11.326746833075703,True,0
1645,2012-07-16,216.6,215.5198911972356,-1.0801088027643857,1.0801088027643857,4.91591818981945,6.209960516189739,0.03200000000000051,0.04200000000000069,True,True,210.60397300741616,221.72985171342535,11.125878706009189,True,0
1646,2012-07-17,217.45,216.41234836389293,-1.0376516361070571,1.0376516361070571,4.889122137728307,6.209960516189739,0.03250000000000051,0.04250000000000069,True,True,211.52322622616464,222.62230888008267,11.099082653918032,True,0
1647,2012-07-18,216.15,217.26468077779666,1.11468077779665,-1.11468077779665,4.877264473092055,6.171438483048803,0.03300000000000051,0.04300000000000069,True,True,212.3874163047046,223.43611926084546,11.048702956140858,True,0
1648,2012-07-19,220.73,216.04879424734528,-4.681205752654705,4.681205752654705,4.857190359396526,6.123168581259378,0.03350000000000051,0.04350000000000069,True,True,211.19160388794876,222.17196282860465,10.98035894065589,True,0
1649,2012-07-20,225.36,220.39913807223232,-4.960861927767695,4.960861927767695,4.831146649804751,6.093196760254472,0.03400000000000051,0.04400000000000069,True,True,215.56799142242755,226.4923348324868,10.924343410059237,True,0
1650,2012-07-23,224.72,225.02091960300473,0.3009196030047292,-0.3009196030047292,4.831146649804751,6.076534422462814,0.03450000000000051,0.04450000000000069,True,True,220.18977295319996,231.09745402546753,10.907681072267565,True,0
1651,2012-07-24,226.27,224.58703259019515,-1.68296740980486,1.68296740980486,4.747800207663346,6.007588631611981,0.03500000000000051,0.04500000000000069,True,True,219.8392323825318,230.59462122180713,10.755388839275327,True,0
1652,2012-07-25,222.0,226.05833270322677,4.0583327032267675,-4.0583327032267675,4.737598771371339,5.97141547927032,0.03550000000000051,0.04550000000000069,True,True,221.32073393185544,232.0297481824971,10.709014250641644,True,0
1653,2012-07-26,220.0,222.01098232595834,2.010982325958338,-2.010982325958338,4.692270027240724,5.97141547927032,0.03600000000000051,0.04600000000000069,True,True,217.31871229871763,227.98239780522866,10.66368550651103,True,0
1654,2012-07-27,225.25,219.9302261232985,-5.319773876701504,5.319773876701504,4.568824098504905,5.9647052015063835,0.03650000000000051,0.046500000000000694,True,True,215.3614020247936,225.89493132480487,10.533529300011281,True,0
1655,2012-07-30,237.0,224.89419193612613,-12.105808063873866,12.105808063873866,4.543449545106583,5.914256353834034,0.03700000000000051,0.047000000000000694,True,False,220.35074239101954,230.80844828996015,10.457705898940617,False,1
1656,2012-07-31,235.1,236.37923368142958,1.279233681429588,-1.279233681429588,4.530293486530809,6.774356285789821,0.03750000000000051,0.03750000000000069,True,True,231.84894019489877,243.1535899672194,11.30464977232063,True,0
1657,2012-08-01,234.14,234.9977123136195,0.8577123136195155,-0.8577123136195155,4.530293486530809,6.774356285789821,0.03800000000000051,0.03800000000000069,True,True,230.4674188270887,241.77206859940932,11.30464977232063,True,0
1658,2012-08-02,230.56,234.02844535975456,3.468445359754554,-3.468445359754554,4.504450182664215,6.643232732744934,0.03850000000000051,0.03850000000000069,True,True,229.52399517709034,240.6716780924995,11.147682915409149,True,0
1659,2012-08-03,234.03,230.54511241278854,-3.4848875872114604,3.4848875872114604,4.483608339694882,6.600213493306498,0.03900000000000051,0.039000000000000694,True,True,226.06150407309366,237.14532590609502,11.083821833001366,True,0
1660,2012-08-06,235.56,233.75074310520208,-1.809256894797926,1.809256894797926,4.459220870252864,6.556223870250761,0.039500000000000514,0.039500000000000694,True,True,229.2915222349492,240.30696697545284,11.015444740503625,True,0
1661,2012-08-07,234.13,235.341783249407,1.2117832494070058,-1.2117832494070058,4.454095901180565,6.542630751341889,0.040000000000000514,0.040000000000000695,True,True,230.88768734822645,241.8844140007489,10.996726652522455,True,0
1662,2012-08-08,235.29,234.02919504172064,-1.2608049582793512,1.2608049582793512,4.400581239885014,6.423111110558381,0.040500000000000515,0.040500000000000695,True,True,229.62861380183563,240.45230615227902,10.823692350443395,True,0
1663,2012-08-09,233.93,235.09629588765074,1.1662958876507332,-1.1662958876507332,4.384435860056229,6.32626534488368,0.041000000000000515,0.041000000000000696,True,True,230.71186002759453,241.4225612325344,10.71070120493988,True,0
1664,2012-08-10,233.08,233.82733692138967,0.7473369213896603,-0.7473369213896603,4.353781422988106,6.325784317175163,0.041500000000000516,0.041500000000000696,True,True,229.47355549840157,240.15312123856484,10.67956574016327,True,0
1665,2012-08-13,232.23,232.96297407763345,0.7329740776334575,-0.7329740776334575,4.353781422988106,6.325784317175163,0.042000000000000516,0.042000000000000696,True,True,228.60919265464534,239.2887583948086,10.67956574016327,True,0
1666,2012-08-14,234.71,232.11178886284355,-2.5982111371564542,2.5982111371564542,4.302029447972899,6.209960516189739,0.04250000000000052,0.0425000000000007,True,True,227.80975941487065,238.3217493790333,10.511989964162638,True,0
1667,2012-08-15,232.26,234.46375832506052,2.2037583250605337,-2.2037583250605337,4.28487787288131,6.171438483048803,0.04300000000000052,0.0430000000000007,True,True,230.17888045217921,240.63519680810933,10.456316355930113,True,0
1668,2012-08-16,237.72,232.19605056930732,-5.5239494306926815,5.5239494306926815,4.2025520503630105,6.123168581259378,0.04350000000000052,0.0435000000000007,True,True,227.9934985189443,238.3192191505667,10.325720631622403,True,0
1669,2012-08-17,240.6,237.35935837325914,-3.240641626740853,3.240641626740853,4.128248268300425,6.093196760254472,0.04400000000000052,0.0440000000000007,True,True,233.2311101049587,243.4525551335136,10.22144502855491,True,0
1670,2012-08-20,241.37,240.32563297107708,-1.0443670289229203,1.0443670289229203,4.099397974815986,6.076534422462814,0.04450000000000052,0.0445000000000007,True,True,236.2262349962611,246.4021673935399,10.175932397278814,True,0
1671,2012-08-21,240.88,241.1832147893522,0.3032147893522108,-0.3032147893522108,4.060829306802077,6.007588631611981,0.04500000000000052,0.0450000000000007,True,True,237.12238548255013,247.1908034209642,10.068417938414058,True,0
1672,2012-08-22,239.4,240.74571791333744,1.3457179133374382,-1.3457179133374382,4.0583327032267675,5.97141547927032,0.04550000000000052,0.0455000000000007,True,True,236.68738521011068,246.71713339260776,10.029748182497087,True,0
1673,2012-08-23,242.14,239.3057157170387,-2.8342842829612778,2.8342842829612778,4.0583327032267675,5.97141547927032,0.04600000000000052,0.0460000000000007,True,True,235.24738301381194,245.27713119630903,10.029748182497087,True,0
1674,2012-08-24,241.68,241.88567513624702,0.2056751362470095,-0.2056751362470095,4.031621894924172,5.9647052015063835,0.04650000000000052,0.0465000000000007,True,True,237.85405324132284,247.8503803377534,9.996327096430548,True,0
1675,2012-08-27,245.79,241.54061893449392,-4.249381065506071,4.249381065506071,3.997072011575071,5.914256353834034,0.04700000000000052,0.0470000000000007,True,True,237.54354692291884,247.45487528832797,9.911328365409133,True,0
1676,2012-08-28,243.97,245.4808217596911,1.5108217596911118,-1.5108217596911118,3.8973379157316685,5.885281025402918,0.04750000000000052,0.0475000000000007,True,True,241.58348384395944,251.36610278509403,9.782618941134587,True,0
1677,2012-08-29,246.78,243.88114088923535,-2.898859110764647,2.898859110764647,3.8874014459674697,5.8725509439858286,0.04800000000000052,0.0480000000000007,True,True,239.99373944326788,249.75369183322118,9.759952389953298,True,0
1678,2012-08-30,246.99,246.52371030812455,-0.46628969187545977,0.46628969187545977,3.86043732806084,5.7858225314715455,0.04850000000000052,0.0485000000000007,True,True,242.6632729800637,252.3095328395961,9.646259859532393,True,0
1679,2012-08-31,248.07,246.82659152107104,-1.2434084789289557,1.2434084789289557,3.797377881746982,5.7241876473548245,0.04900000000000052,0.0490000000000007,True,True,243.02921363932404,252.55077916842586,9.52156552910182,True,0
1680,2012-09-04,248.27,247.8778220028899,-0.39217799711011025,0.39217799711011025,3.7947724295403304,5.664016231169953,0.04950000000000052,0.0495000000000007,True,True,244.08304957334957,253.54183823405987,9.458788660710297,True,0
1681,2012-09-05,247.61,248.11040216762504,0.5004021676250261,-0.5004021676250261,3.7864608305418983,5.661814998372577,0.05000000000000052,0.050000000000000704,True,True,244.32394133708314,253.77221716599763,9.44827582891449,True,0
1682,2012-09-06,248.23,247.48482759305514,-0.745172406944846,0.745172406944846,3.7864608305418983,5.661814998372577,0.050500000000000524,0.050500000000000704,True,True,243.69836676251325,253.14664259142774,9.44827582891449,True,0
1683,2012-09-07,253.85,248.05701584425057,-5.792984155749423,5.792984155749423,3.7565483725393847,5.59665441533582,0.051000000000000524,0.051000000000000704,True,False,244.3004674717112,253.6536702595864,9.353202787875205,False,1
1684,2012-09-10,259.0,253.48141808529198,-5.518581914708022,5.518581914708022,3.7359424233852394,6.325784317175163,0.051500000000000525,0.0415000000000007,True,True,249.74547566190674,259.80720240246717,10.061726740560431,True,0
1685,2012-09-11,257.6,258.64493029385073,1.0449302938507117,-1.0449302938507117,3.7314549404957873,6.209960516189739,0.052000000000000525,0.0420000000000007,True,True,254.91347535335495,264.8548908100405,9.941415456685547,True,0
1686,2012-09-12,256.5,257.4976458076387,0.9976458076387189,-0.9976458076387189,3.723202368245424,6.171438483048803,0.052500000000000525,0.042500000000000704,True,True,253.77444343939328,263.6690842906875,9.894640851294241,True,0
1687,2012-09-13,254.94,256.3975872208837,1.4575872208836813,-1.4575872208836813,3.706763144264386,6.123168581259378,0.053000000000000526,0.043000000000000704,True,True,252.6908240766193,262.52075580214307,9.829931725523778,True,0
1688,2012-09-14,261.4,254.85359883047846,-6.546401169521516,6.546401169521516,3.6949094199352146,6.093196760254472,0.053500000000000526,0.043500000000000705,True,False,251.15868941054325,260.9467955907329,9.788106180189658,False,1
1689,2012-09-17,261.25,261.00699196547816,-0.24300803452183573,0.24300803452183573,3.657202462239894,7.13556167303318,0.05400000000000053,0.0340000000000007,True,True,257.3497895032383,268.14255363851134,10.792764135273046,True,0
1690,2012-09-18,258.48,261.0980600143732,2.6180600143731567,-2.6180600143731567,3.648455601180899,7.075858099101708,0.05450000000000053,0.034500000000000704,True,True,257.4496044131923,268.1739181134749,10.724313700282607,True,0
1691,2012-09-19,259.45,258.4397214841691,-1.010278515830862,1.010278515830862,3.648455601180899,7.071300597949119,0.05500000000000053,0.035000000000000704,True,True,254.79126588298823,265.51102208211825,10.719756199130018,True,0
1692,2012-09-20,260.03,259.27243105782804,-0.7575689421719289,0.7575689421719289,3.5895050947563902,6.870571202061143,0.05550000000000053,0.035500000000000705,True,True,255.68292596307165,266.14300225988916,10.460076296817505,True,0
1693,2012-09-21,261.74,259.8596750972776,-1.880324902722407,1.880324902722407,3.49715015147774,6.870571202061143,0.05600000000000053,0.036000000000000705,True,True,256.36252494579986,266.7302462993388,10.367721353538911,True,0
1694,2012-09-24,255.22,261.5277343598265,6.307734359826526,-6.307734359826526,3.493804601489771,6.836116549953033,0.05650000000000053,0.036500000000000705,False,True,258.03392975833674,268.36385090977956,10.329921151442818,False,1
1695,2012-09-25,256.33,255.31606088224436,-1.0139391177556263,1.0139391177556263,3.997072011575071,6.774356285789821,0.04700000000000053,0.037000000000000706,True,True,251.31898887066927,262.09041716803415,10.771428297364878,True,0
1696,2012-09-26,252.4,256.1527917060897,3.7527917060897096,-3.7527917060897096,3.8973379157316685,6.643232732744934,0.04750000000000053,0.037500000000000706,True,True,252.25545379035805,262.79602443883465,10.540570648476603,True,0
1697,2012-09-27,250.54,252.398631946614,1.8586319466139969,-1.8586319466139969,3.8874014459674697,6.600213493306498,0.04800000000000053,0.03800000000000071,True,True,248.51123050064652,258.9988454399205,10.487614939273982,True,0
1698,2012-09-28,256.14,250.4679651346666,-5.672034865333387,5.672034865333387,3.86043732806084,6.556223870250761,0.04850000000000053,0.03850000000000071,True,True,246.60752780660576,257.0241890049174,10.41666119831163,True,0
1699,2012-10-01,255.4,255.77639100181676,0.37639100181675644,-0.37639100181675644,3.797377881746982,6.546401169521516,0.04900000000000053,0.03900000000000071,True,True,251.9790131200698,262.3227921713383,10.343779051268484,True,0
1700,2012-10-02,252.8,255.2674080545404,2.4674080545403854,-2.4674080545403854,3.7947724295403304,6.542630751341889,0.04950000000000053,0.03950000000000071,True,True,251.47263562500007,261.8100388058823,10.337403180882234,True,0
1701,2012-10-03,251.21,252.7516498921242,1.541649892124184,-1.541649892124184,3.7864608305418983,6.423111110558381,0.05000000000000053,0.04000000000000071,True,True,248.9651890615823,259.17476100268254,10.20957194110025,True,0
1702,2012-10-04,256.01,251.12631107904787,-4.883688920952125,4.883688920952125,3.7864608305418983,6.423111110558381,0.05050000000000053,0.04050000000000071,True,True,247.33985024850597,257.5494221896063,10.209571941100307,True,0
1703,2012-10-05,261.2,255.67714812044917,-5.522851879550814,5.522851879550814,3.7565483725393847,6.32626534488368,0.05100000000000053,0.04100000000000071,True,True,251.9205997479098,262.00341346533287,10.082813717423079,True,0
1704,2012-10-08,257.67,260.83889149559394,3.1688914955939254,-3.1688914955939254,3.7527917060897096,6.325784317175163,0.05150000000000053,0.04150000000000071,True,True,257.08609978950426,267.16467581276913,10.078576023264873,True,0
1705,2012-10-09,258.67,257.64307196953814,-1.0269280304618746,1.0269280304618746,3.7359424233852394,6.209960516189739,0.05200000000000053,0.04200000000000071,True,True,253.9071295461529,263.8530324857279,9.945902939575006,True,0
1706,2012-10-10,252.0,258.49231013868945,6.492310138689447,-6.492310138689447,3.7314549404957873,6.171438483048803,0.05250000000000053,0.04250000000000071,False,True,254.76085519819367,264.66374862173825,9.902893423544583,False,1
1707,2012-10-11,248.0,252.10169756407083,4.101697564070832,-4.101697564070832,4.28487787288131,6.123168581259378,0.04300000000000053,0.04300000000000071,True,True,247.81681969118952,258.2248661453302,10.408046454140703,True,0
1708,2012-10-12,243.18,248.015604855255,4.835604855254985,-4.835604855254985,4.2025520503630105,6.093196760254472,0.04350000000000053,0.04350000000000071,False,True,243.81305280489198,254.10880161550946,10.295748810617482,False,1
1709,2012-10-15,242.85,243.21648703960426,0.3664870396042659,-0.3664870396042659,4.835604855254985,6.076534422462814,0.03400000000000053,0.04400000000000071,True,True,238.38088218434928,249.2930214620671,10.912139277717813,True,0
1710,2012-10-16,244.87,242.71850650574066,-2.1514934942593413,2.1514934942593413,4.835604855254985,6.007588631611981,0.03450000000000053,0.04450000000000071,True,True,237.88290165048568,248.72609513735264,10.843193486866966,True,0
1711,2012-10-17,243.37,244.6400972444473,1.2700972444472995,-1.2700972444472995,4.831146649804751,6.007588631611981,0.03500000000000053,0.04500000000000071,True,True,239.80895059464257,250.64768587605928,10.838735281416717,True,0
1712,2012-10-18,247.77,243.26939818784774,-4.500601812152269,4.500601812152269,4.747800207663346,5.97141547927032,0.03550000000000053,0.045500000000000713,True,True,238.5215979801844,249.24081366711806,10.719215686933666,True,0
1713,2012-10-19,245.16,247.45033235490158,2.2903323549015795,-2.2903323549015795,4.737598771371339,5.9647052015063835,0.03600000000000053,0.046000000000000714,True,True,242.71273358353022,253.41503755640795,10.70230397287773,True,0
1714,2012-10-22,238.81,245.09763290134867,6.2876329013486725,-6.2876329013486725,4.692270027240724,5.914256353834034,0.03650000000000053,0.046500000000000714,False,True,240.40536287410794,251.01188925518272,10.606526381074787,False,1
1715,2012-10-23,231.05,238.90112317834553,7.851123178345517,-7.851123178345517,5.399616352598684,5.885281025402918,0.02700000000000053,0.047000000000000715,False,True,233.50150682574684,244.78640420374845,11.284897378001602,False,1
1716,2012-10-24,235.88,231.19463347222958,-4.685366527770412,4.685366527770412,6.695297591312965,5.8725509439858286,0.01750000000000053,0.047500000000000715,True,True,224.49933588091662,237.0671844162154,12.567848535298793,True,0
1717,2012-10-25,230.92,235.55908751878206,4.639087518782077,-4.639087518782077,6.695297591312965,5.792984155749423,0.01800000000000053,0.048000000000000716,True,True,228.8637899274691,241.3520716745315,12.488281747062388,True,0
1718,2012-10-26,228.6,230.94525316319994,2.345253163199942,-2.345253163199942,6.663221430392326,5.7858225314715455,0.01850000000000053,0.048500000000000716,True,True,224.2820317328076,236.7310756946715,12.449043961863879,True,0
1719,2012-10-31,236.32,228.5448069520164,-7.775193047983606,7.775193047983606,6.509623189394347,5.7241876473548245,0.01900000000000053,0.04900000000000072,True,False,222.03518376262204,234.2689945993712,12.233810836749171,False,1
1720,2012-11-01,234.23,235.87096896164257,1.640968961642585,-1.640968961642585,6.492310138689447,6.546401169521516,0.01950000000000053,0.039500000000000715,True,True,229.37865882295313,242.4173701311641,13.038711308210964,True,0
1721,2012-11-02,234.01,234.1367028970551,0.12670289705511095,-0.12670289705511095,6.319158763857388,6.542630751341889,0.02000000000000053,0.040000000000000716,True,True,227.8175441331977,240.679333648397,12.861789515199291,True,0
1722,2012-11-05,232.04,233.8698619935522,1.829861993552214,-1.829861993552214,6.307734359826526,6.423111110558381,0.02050000000000053,0.040500000000000716,True,True,227.56212763372568,240.2929731041106,12.730845470384907,True,0
1723,2012-11-06,235.41,231.96251164904294,-3.447488350957059,3.447488350957059,6.300506514521345,6.32626534488368,0.021000000000000532,0.041000000000000716,True,True,225.6620051345216,238.2887769939266,12.626771859405011,True,0
1724,2012-11-07,235.65,235.1298737833681,-0.5201262166318941,0.5201262166318941,6.2876329013486725,6.325784317175163,0.021500000000000533,0.04150000000000072,True,True,228.84224088201944,241.45565810054327,12.613417218523836,True,0
1725,2012-11-08,232.22,235.47810866202153,3.2581086620215274,-3.2581086620215274,6.2876329013486725,6.209960516189739,0.022000000000000533,0.04200000000000072,True,True,229.19047576067285,241.68806917821126,12.497593417538411,True,0
1726,2012-11-09,226.26,232.19723342307807,5.937233423078084,-5.937233423078084,6.241705172505334,6.171438483048803,0.022500000000000533,0.04250000000000072,True,True,225.95552825057274,238.36867190612688,12.413143655554137,True,0
1727,2012-11-12,226.59,226.34185603345603,-0.24814396654397797,0.24814396654397797,6.098298994795698,6.123168581259378,0.023000000000000534,0.04300000000000072,True,True,220.24355703866033,232.4650246147154,12.221467576055062,True,0
1728,2012-11-13,225.12,226.44052989358298,1.3205298935829717,-1.3205298935829717,6.026140789719079,6.093196760254472,0.023500000000000534,0.04350000000000072,True,True,220.4143891038639,232.53372665383745,12.119337549973551,True,0
1729,2012-11-14,226.5,225.02340013111214,-1.4765998688878597,1.4765998688878597,5.937233423078084,6.076534422462814,0.024000000000000535,0.04400000000000072,True,True,219.08616670803406,231.09993455357494,12.013767845540883,True,0
1730,2012-11-15,222.3,226.2983091175953,3.9983091175952836,-3.9983091175952836,5.901579565597444,6.076534422462814,0.024500000000000535,0.04450000000000072,True,True,220.39672955199785,232.37484354005812,11.978113988060272,True,0
1731,2012-11-16,221.31,222.30565694274037,0.9956569427403679,-0.9956569427403679,5.64943776497222,6.007588631611981,0.025000000000000536,0.04500000000000072,True,True,216.65621917776815,228.31324557435235,11.6570263965842,True,0
1732,2012-11-19,228.32,221.20753273725933,-7.112467262740665,7.112467262740665,5.545091823505189,5.97141547927032,0.025500000000000536,0.04550000000000072,True,False,215.66244091375415,227.17894821652965,11.516507302775494,False,1
1733,2012-11-20,230.0,227.89617531045448,-2.103824689545519,2.103824689545519,5.491396381162531,6.870571202061143,0.026000000000000537,0.03600000000000072,True,True,222.40477892929195,234.76674651251562,12.361967583223674,True,0
1734,2012-11-21,233.84,229.7611286937093,-4.078871306290694,4.078871306290694,5.491396381162531,6.836116549953033,0.026500000000000537,0.03650000000000072,True,True,224.26973231254678,236.59724524366234,12.327512931115564,True,0
1735,2012-11-23,239.89,233.53341744978752,-6.356582550212465,6.356582550212465,5.45012046181634,6.774356285789821,0.027000000000000537,0.03700000000000072,True,True,228.08329698797118,240.30777373557734,12.224476747606161,True,0
1736,2012-11-26,240.39,239.49290587508395,-0.8970941249160376,0.8970941249160376,5.40617863916691,6.643232732744934,0.027500000000000538,0.03750000000000072,True,True,234.08672723591704,246.13613860782888,12.049411371911845,True,0
1737,2012-11-27,243.22,240.20111868590922,-3.018881314090777,3.018881314090777,5.399616352598684,6.643232732744934,0.02800000000000054,0.03800000000000072,True,True,234.80150233331054,246.84435141865416,12.042849085343619,True,0
1738,2012-11-28,242.45,242.95563993717573,0.5056399371757436,-0.5056399371757436,5.364702549197887,6.600213493306498,0.02850000000000054,0.03850000000000072,True,True,237.59093738797785,249.55585343048222,11.96491604250437,True,0
1739,2012-11-29,248.05,242.31738378545083,-5.732616214549182,5.732616214549182,5.2671958537235355,6.556223870250761,0.02900000000000054,0.03900000000000072,True,True,237.0501879317273,248.8736076557016,11.823419723974297,True,0
1740,2012-11-30,250.38,247.68128764945212,-2.698712350547879,2.698712350547879,5.2353533948385795,6.546401169521516,0.02950000000000054,0.03950000000000072,True,True,242.44593425461355,254.22768881897363,11.781754564360085,True,0
1741,2012-12-03,252.54,250.12467016696328,-2.415329833036708,2.415329833036708,5.0723320230081015,6.542630751341889,0.03000000000000054,0.04000000000000072,True,True,245.05233814395518,256.66730091830516,11.614962774349976,True,0
1742,2012-12-04,249.94,252.29854210260828,2.3585421026082827,-2.3585421026082827,5.044237760288581,6.423111110558381,0.03050000000000054,0.04050000000000072,True,True,247.2543043423197,258.72165321316663,11.467348870846934,True,0
1743,2012-12-05,252.44,249.8778510106536,-2.5621489893464116,2.5621489893464116,5.036240787092794,6.356582550212465,0.03100000000000054,0.04100000000000072,True,True,244.8416102235608,256.234433560866,11.39282333730523,True,0
1744,2012-12-06,253.0,252.19445818828572,-0.8055418117142779,0.8055418117142779,5.036240787092794,6.32626534488368,0.03150000000000054,0.041500000000000724,True,True,247.15821740119293,258.5207235331694,11.362506131976488,True,0
1745,2012-12-07,254.14,252.81868146581263,-1.3213185341873555,1.3213185341873555,5.011847665536521,6.325784317175163,0.03200000000000054,0.042000000000000724,True,True,247.8068338002761,259.1444657829878,11.337631982711713,True,0
1746,2012-12-10,253.1,253.94052658300205,0.8405265830020596,-0.8405265830020596,5.0009625159005395,6.209960516189739,0.03250000000000054,0.042500000000000725,True,True,248.93956406710151,260.15048709919176,11.21092303209025,True,0
1747,2012-12-11,248.5,252.9816702657787,4.481670265778689,-4.481670265778689,4.91591818981945,6.171438483048803,0.03300000000000054,0.043000000000000725,True,True,248.06575207595924,259.1531087488275,11.087356672868253,True,0
1748,2012-12-12,251.07,248.5179945047645,-2.5520054952355054,2.5520054952355054,4.889122137728307,6.171438483048803,0.03350000000000054,0.043500000000000726,True,True,243.6288723670362,254.6894329878133,11.060560620777096,True,0
1749,2012-12-13,251.11,250.82531286550923,-0.2846871344907811,0.2846871344907811,4.877264473092055,6.123168581259378,0.034000000000000544,0.044000000000000726,True,True,245.94804839241718,256.9484814467686,11.000433054351419,True,0
1750,2012-12-14,250.11,250.94761012980933,0.8376101298093204,-0.8376101298093204,4.857190359396526,6.093196760254472,0.034500000000000544,0.044500000000000726,True,True,246.0904197704128,257.0408068900638,10.95038711965097,True,0
1751,2012-12-17,249.81,249.99178462961925,0.18178462961924424,-0.18178462961924424,4.835604855254985,6.076534422462814,0.035000000000000545,0.04500000000000073,True,True,245.15617977436426,256.0683190520821,10.912139277717813,True,0
1752,2012-12-18,254.57,249.66734133076451,-4.902658669235478,4.902658669235478,4.831146649804751,6.007588631611981,0.035500000000000545,0.04550000000000073,True,True,244.83619468095975,255.6749299623765,10.838735281416746,True,0
1753,2012-12-19,261.3,254.23302045904404,-7.06697954095597,7.06697954095597,4.747800207663346,5.97141547927032,0.036000000000000545,0.04600000000000073,True,False,249.4852202513807,260.20443593831436,10.719215686933666,False,1
1754,2012-12-20,258.36,260.8793378203207,2.519337820320686,-2.519337820320686,4.747800207663346,6.870571202061143,0.036500000000000546,0.036500000000000726,True,True,256.1315376126573,267.74990902238187,11.618371409724546,True,0
1755,2012-12-21,257.82,258.3003686097848,0.48036860978481855,-0.48036860978481855,4.737598771371339,6.836116549953033,0.037000000000000546,0.03700000000000073,True,True,253.5627698384135,265.13648515973784,11.573715321324357,True,0
1756,2012-12-24,257.3,257.6916140788021,0.39161407880209254,-0.39161407880209254,4.692270027240724,6.774356285789821,0.03750000000000055,0.03750000000000073,True,True,252.99934405156137,264.46597036459195,11.466626313030588,True,0
1757,2012-12-26,257.15,257.16537017493414,0.01537017493416215,-0.01537017493416215,4.639087518782077,6.643232732744934,0.03800000000000055,0.03800000000000073,True,True,252.52628265615206,263.8086029076791,11.282320251527011,True,0
1758,2012-12-27,248.28,257.00131187731074,8.72131187731074,-8.72131187731074,4.568824098504905,6.600213493306498,0.03850000000000055,0.03850000000000073,False,True,252.43248777880584,263.60152537061725,11.169037591811417,False,1
1759,2012-12-28,245.85,248.45221560390206,2.602215603902067,-2.602215603902067,5.364702549197887,6.556223870250761,0.029000000000000546,0.03900000000000073,True,True,243.08751305470417,255.00843947415282,11.920926419448648,True,0
1760,2012-12-31,243.75,245.80211423461222,2.052114234612219,-2.052114234612219,5.2671958537235355,6.546401169521516,0.029500000000000547,0.03950000000000073,True,True,240.53491838088868,252.34851540413374,11.813597023245052,True,0
1761,2013-01-02,256.08,243.67605666484826,-12.403943335151723,12.403943335151723,5.2353533948385795,6.542630751341889,0.030000000000000547,0.04000000000000073,True,False,238.4407032700097,250.21868741619016,11.777984146180472,False,1
1762,2013-01-03,257.27,255.4528694207951,-1.8171305792048713,1.8171305792048713,5.0723320230081015,7.686476547247764,0.030500000000000548,0.030500000000000728,True,True,250.380537397787,263.1393459680429,12.758808570255894,True,0
1763,2013-01-04,257.58,257.0392809472698,-0.5407190527301964,0.5407190527301964,5.044237760288581,7.586408126159938,0.031000000000000548,0.03100000000000073,True,True,251.9950431869812,264.6256890734297,12.63064588644852,True,0
1764,2013-01-07,262.97,257.4092251163109,-5.560774883689135,5.560774883689135,5.036240787092794,7.44716251038102,0.03150000000000055,0.03150000000000073,True,True,252.3729843292181,264.8563876266919,12.483403297473814,True,0
1765,2013-01-08,267.07,262.6100158091672,-4.459984190832813,4.459984190832813,5.011847665536521,7.407676093026502,0.03200000000000055,0.03200000000000073,True,True,257.5981681436307,270.0176919021937,12.419523758563003,True,0
1766,2013-01-09,268.17,266.7496389155871,-1.4203610844128889,1.4203610844128889,5.0009625159005395,7.309480326726231,0.03250000000000055,0.03250000000000073,True,True,261.7486763996866,274.0591192423134,12.310442842626799,True,0
1767,2013-01-10,268.54,267.96595998045154,-0.5740400195484767,0.5740400195484767,4.91591818981945,7.1913533907224405,0.03300000000000055,0.03300000000000073,True,True,263.0500417906321,275.157313371174,12.107271580541862,True,0
1768,2013-01-11,265.1,268.36968611998077,3.269686119980747,-3.269686119980747,4.889122137728307,7.13556167303318,0.03350000000000055,0.03350000000000073,True,True,263.4805639822525,275.50524779301395,12.024683810761474,True,0
1769,2013-01-14,268.0,265.07079071437556,-2.929209285624438,2.929209285624438,4.877264473092055,7.112467262740665,0.03400000000000055,0.03400000000000073,True,True,260.1935262412835,272.1832579771162,11.98973173583272,True,0
1770,2013-01-15,270.68,267.744172863031,-2.93582713696901,2.93582713696901,4.857190359396526,7.075858099101708,0.03450000000000055,0.03450000000000073,True,True,262.8869825036345,274.8200309621327,11.933048458498206,True,0
1771,2013-01-16,270.53,270.4195428899665,-0.11045711003345104,0.11045711003345104,4.857190359396526,7.075858099101708,0.03500000000000055,0.03500000000000073,True,True,265.56235253057,277.49540098906823,11.933048458498206,True,0
1772,2013-01-17,271.5,270.37567563684735,-1.1243243631526525,1.1243243631526525,4.835604855254985,7.071300597949119,0.03550000000000055,0.03550000000000073,True,True,265.54007078159236,277.44697623479647,11.906905453204104,True,0
1773,2013-01-18,270.83,271.3105729560606,0.48057295606059824,-0.48057295606059824,4.831146649804751,7.06697954095597,0.03600000000000055,0.03600000000000073,True,True,266.47942630625585,278.37755249701655,11.898126190760706,True,0
1774,2013-01-22,271.62,270.6987787695445,-0.921221230455501,0.921221230455501,4.747800207663346,6.870571202061143,0.03650000000000055,0.03650000000000073,True,True,265.95097856188113,277.5693499716057,11.618371409724546,True,0
1775,2013-01-23,270.57,271.438280444503,0.8682804445030001,-0.8682804445030001,4.737598771371339,6.836116549953033,0.03700000000000055,0.037000000000000734,True,True,266.70068167313167,278.274396994456,11.573715321324357,True,0
1776,2013-01-24,269.37,270.4530142970503,1.0830142970502834,-1.0830142970502834,4.692270027240724,6.774356285789821,0.037500000000000554,0.037500000000000734,True,True,265.76074426980955,277.2273705828401,11.466626313030531,True,0
1777,2013-01-25,275.0,269.26207301530997,-5.737926984690034,5.737926984690034,4.639087518782077,6.643232732744934,0.038000000000000554,0.038000000000000735,True,True,264.6229854965279,275.9053057480549,11.282320251526983,True,0
1778,2013-01-28,283.78,274.638090524655,-9.14190947534496,9.14190947534496,4.568824098504905,6.600213493306498,0.038500000000000555,0.038500000000000735,True,False,270.0692664261501,281.2383040179615,11.169037591811446,False,1
1779,2013-01-29,275.35,283.2889075902929,7.938907590292899,-7.938907590292899,4.543449545106583,7.957321863981775,0.039000000000000555,0.029000000000000734,False,True,278.74545804518635,291.2462294542747,12.500771409088372,False,1
1780,2013-01-30,283.0,275.4840006440527,-7.515999355947315,7.515999355947315,5.2671958537235355,7.815822948360108,0.029500000000000554,0.029500000000000734,True,True,270.21680479032915,283.2998235924128,13.083018802083643,True,0
1781,2013-01-31,271.04,282.57511699579123,11.535116995791213,-11.535116995791213,5.2353533948385795,7.775193047983606,0.030000000000000554,0.030000000000000734,False,True,277.33976360095267,290.3503100437748,13.010546442822147,False,1
1782,2013-02-01,268.93,271.328378780986,2.398378780985979,-2.398378780985979,6.492310138689447,7.686476547247764,0.020500000000000553,0.030500000000000735,True,True,264.83606864229654,279.01485532823375,14.178786685937212,True,0
1783,2013-02-04,262.78,268.8724083931471,6.092408393147139,-6.092408393147139,6.319158763857388,7.586408126159938,0.021000000000000553,0.031000000000000735,True,True,262.5532496292897,276.45881651930705,13.905566890017326,True,0
1784,2013-02-05,262.0,262.85668194118506,0.8566819411850588,-0.8566819411850588,6.307734359826526,7.515999355947315,0.021500000000000553,0.031500000000000736,True,True,256.54894758135856,270.3726812971324,13.823733715773812,True,0
1785,2013-02-06,265.16,261.87647317218045,-3.2835268278195713,3.2835268278195713,6.300506514521345,7.44716251038102,0.022000000000000554,0.032000000000000736,True,True,255.5759666576591,269.3236356825615,13.747669024902365,True,0
1786,2013-02-07,264.1,264.8817180110344,0.7817180110343998,-0.7817180110343998,6.2876329013486725,7.407676093026502,0.022500000000000554,0.03250000000000074,True,True,258.59408510968575,272.28939410406093,13.695308994375182,True,0
1787,2013-02-08,261.4,263.97976111217304,2.5797611121730597,-2.5797611121730597,6.241705172505334,7.407676093026502,0.023000000000000555,0.03300000000000074,True,True,257.7380559396677,271.38743720519955,13.649381265531872,True,0
1788,2013-02-11,263.2,261.3457640767164,-1.854235923283568,1.854235923283568,6.241705172505334,7.309480326726231,0.023500000000000555,0.03350000000000074,True,True,255.1040589042111,268.6552444034427,13.551185499231593,True,0
1789,2013-02-12,259.19,262.9758057985828,3.785805798582828,-3.785805798582828,6.098298994795698,7.1913533907224405,0.024000000000000556,0.03400000000000074,True,True,256.8775068037871,270.16715918930527,13.289652385518139,True,0
1790,2013-02-13,261.53,259.18257124708936,-2.3474287529106164,2.3474287529106164,6.092408393147139,7.13556167303318,0.024500000000000556,0.03450000000000074,True,True,253.09016285394222,266.31813292012254,13.227970066180319,True,0
1791,2013-02-14,267.37,261.2850640687381,-6.084935931261896,6.084935931261896,6.026140789719079,7.112467262740665,0.025000000000000556,0.03500000000000074,True,True,255.25892327901903,268.3975313314788,13.138608052459745,True,0
1792,2013-02-15,267.63,266.98336136391487,-0.6466386360851288,0.6466386360851288,5.937233423078084,7.075858099101708,0.025500000000000557,0.03550000000000074,True,True,261.04612794083675,274.0592194630166,13.01309152217982,True,0
1793,2013-02-19,265.91,267.4556775171936,1.5456775171935533,-1.5456775171935533,5.901579565597444,7.071300597949119,0.026000000000000557,0.03600000000000074,True,True,261.55409795159613,274.5269781151427,12.972880163546563,True,0
1794,2013-02-20,270.2,265.8175731383787,-4.382426861621298,4.382426861621298,5.64943776497222,7.06697954095597,0.026500000000000558,0.03650000000000074,True,True,260.16813537340647,272.88455267933466,12.71641730592819,True,0
1795,2013-02-21,265.12,269.87917868878475,4.759178688784743,-4.759178688784743,5.545091823505189,6.870571202061143,0.02700000000000056,0.03700000000000074,True,True,264.3340868652796,276.7497498908459,12.415663025566346,True,0
1796,2013-02-22,266.62,265.15116958998857,-1.468830410011435,1.468830410011435,5.491396381162531,6.836116549953033,0.02750000000000056,0.03750000000000074,True,True,259.65977320882604,271.9872861399416,12.327512931115564,True,0
1797,2013-02-25,266.94,266.4096198182646,-0.5303801817353815,0.5303801817353815,5.45012046181634,6.774356285789821,0.02800000000000056,0.03800000000000074,True,True,260.9594993564483,273.1839761040544,12.224476747606104,True,0
1798,2013-02-26,260.89,266.7680222887985,5.8780222887984905,-5.8780222887984905,5.40617863916691,6.643232732744934,0.02850000000000056,0.03850000000000074,False,True,261.36184364963157,273.4112550215434,12.049411371911845,False,1
1799,2013-02-27,259.4,260.96218381255727,1.5621838125572935,-1.5621838125572935,6.663221430392326,6.600213493306498,0.019000000000000558,0.03900000000000074,True,True,254.29896238216494,267.5623973058638,13.263434923698838,True,0
1800,2013-02-28,261.81,259.3056114558444,-2.5043885441555744,2.5043885441555744,6.509623189394347,6.556223870250761,0.01950000000000056,0.03950000000000074,True,True,252.79598826645008,265.86183532609516,13.06584705964508,True,0
1801,2013-03-01,263.27,261.55988709798515,-1.7101129020148278,1.7101129020148278,6.492310138689447,6.546401169521516,0.02000000000000056,0.04000000000000074,True,True,255.0675769592957,268.10628826750667,13.038711308210964,True,0
1802,2013-03-04,265.36,263.0514869463695,-2.30851305363052,2.30851305363052,6.492310138689447,6.546401169521516,0.02050000000000056,0.040500000000000744,True,True,256.55917680768005,269.597888115891,13.038711308210964,True,0
1803,2013-03-05,274.0,265.1186657686148,-8.88133423138521,8.88133423138521,6.319158763857388,6.542630751341889,0.02100000000000056,0.041000000000000744,True,False,258.7995070047574,271.6612965199567,12.861789515199291,False,1
1804,2013-03-06,275.76,273.5034686095035,-2.256531390496491,2.256531390496491,6.307734359826526,7.586408126159938,0.02150000000000056,0.03150000000000074,True,True,267.195734249677,281.08987673566344,13.894142485986436,True,0
1805,2013-03-07,274.1,275.5252806567825,1.4252806567824905,-1.4252806567824905,6.300506514521345,7.515999355947315,0.02200000000000056,0.03200000000000074,True,True,269.22477414226114,283.0412800127298,13.816505870468688,True,0
1806,2013-03-08,275.0,274.0037644107096,-0.9962355892903929,0.9962355892903929,6.2876329013486725,7.44716251038102,0.02250000000000056,0.032500000000000744,True,True,267.71613150936093,281.4509269210906,13.734795411729692,True,0
1807,2013-03-11,273.43,274.81062437418313,1.3806243741831281,-1.3806243741831281,6.241705172505334,7.407676093026502,0.02300000000000056,0.033000000000000744,True,True,268.5689192016778,282.21830046720964,13.649381265531872,True,0
1808,2013-03-12,271.0,273.3311999712734,2.3311999712734064,-2.3311999712734064,6.098298994795698,7.309480326726231,0.023500000000000562,0.033500000000000744,True,True,267.2329009764777,280.64068029799967,13.407779321521957,True,0
1809,2013-03-13,275.24,270.9362397066066,-4.303760293393395,4.303760293393395,6.092408393147139,7.1913533907224405,0.024000000000000563,0.034000000000000745,True,True,264.8438313134595,278.12759309732905,13.28376178386958,True,0
1810,2013-03-14,269.67,274.9223882482173,5.252388248217301,-5.252388248217301,6.026140789719079,7.13556167303318,0.024500000000000563,0.034500000000000745,True,True,268.89624745849824,282.0579499212505,13.16170246275226,True,0
1811,2013-03-15,264.98,269.718648175528,4.738648175527999,-4.738648175527999,5.937233423078084,7.112467262740665,0.025000000000000563,0.035000000000000746,True,True,263.7814147524499,276.8311154382687,13.049700685818777,True,0
1812,2013-03-18,259.3,265.00611000769396,5.706110007693951,-5.706110007693951,5.901579565597444,7.075858099101708,0.025500000000000564,0.035500000000000746,True,True,259.1045304420965,272.08196810679567,12.977437664699153,True,0
1813,2013-03-19,258.4,259.35831504158506,0.958315041585081,-0.958315041585081,5.8780222887984905,7.071300597949119,0.026000000000000564,0.03600000000000075,True,True,253.48029275278657,266.4296156395342,12.94932288674761,True,0
1814,2013-03-20,258.05,258.2798593937486,0.22985939374859754,-0.22985939374859754,5.706110007693951,7.06697954095597,0.026500000000000565,0.03650000000000075,True,True,252.57374938605466,265.3468389347046,12.77308954864992,True,0
1815,2013-03-21,256.11,257.9043137576814,1.7943137576813797,-1.7943137576813797,5.706110007693951,6.870571202061143,0.027000000000000565,0.03700000000000075,True,True,252.19820374998744,264.7748849597425,12.576681209755066,True,0
1816,2013-03-22,254.55,256.02379981181565,1.4737998118156383,-1.4737998118156383,5.64943776497222,6.836116549953033,0.027500000000000566,0.03750000000000075,True,True,250.37436204684343,262.8599163617687,12.485554314925253,True,0
1817,2013-03-25,258.58,254.4510789230513,-4.1289210769486715,4.1289210769486715,5.545091823505189,6.774356285789821,0.028000000000000566,0.03800000000000075,True,True,248.9059870995461,261.22543520884113,12.319448109295024,True,0
1818,2013-03-26,257.05,258.2677770556768,1.2177770556767769,-1.2177770556767769,5.491396381162531,6.774356285789821,0.028500000000000567,0.03850000000000075,True,True,252.77638067451426,265.04213334146664,12.26575266695238,True,0
1819,2013-03-27,258.75,256.94388069113285,-1.806119308867153,1.806119308867153,5.45012046181634,6.643232732744934,0.029000000000000567,0.03900000000000075,True,True,251.4937602293165,263.5871134238778,12.093353194561274,True,0
1820,2013-03-28,265.82,258.52668858805316,-7.293311411946831,7.293311411946831,5.40617863916691,6.600213493306498,0.029500000000000567,0.03950000000000075,True,False,253.12050994888625,265.1269020813597,12.006392132473422,False,1
1821,2013-04-01,266.98,265.38657535693966,-1.5934246430603594,1.5934246430603594,5.399616352598684,7.775193047983606,0.030000000000000568,0.03000000000000075,True,True,259.986959004341,273.16176840492324,13.174809400582262,True,0
1822,2013-04-02,262.4,266.7682866428716,4.368286642871624,-4.368286642871624,5.364702549197887,7.686476547247764,0.03050000000000057,0.03050000000000075,True,True,261.4035840936737,274.45476319011937,13.05117909644565,True,0
1823,2013-04-03,262.12,262.4100077738699,0.2900077738698883,-0.2900077738698883,5.2671958537235355,7.586408126159938,0.03100000000000057,0.03100000000000075,True,True,257.14281192014636,269.99641590002983,12.853603979883474,True,0
1824,2013-04-04,259.23,261.9764909754755,2.746490975475467,-2.746490975475467,5.252388248217301,7.515999355947315,0.03150000000000057,0.03150000000000075,True,True,256.7241027272582,269.4924903314228,12.768387604164616,True,0
1825,2013-04-05,255.72,259.1787166826172,3.458716682617222,-3.458716682617222,5.2353533948385795,7.44716251038102,0.03200000000000057,0.03200000000000075,True,True,253.94336328777865,266.62587919299824,12.682515905219589,True,0
1826,2013-04-08,255.92,255.69479132638583,-0.22520867361416208,0.22520867361416208,5.0723320230081015,7.407676093026502,0.03250000000000057,0.03250000000000075,True,True,250.62245930337772,263.10246741941233,12.480008116034611,True,0
1827,2013-04-09,258.85,255.75665220009307,-3.093347799906951,3.093347799906951,5.044237760288581,7.309480326726231,0.03300000000000057,0.03300000000000075,True,True,250.7124144398045,263.0661325268193,12.353718087014784,True,0
1828,2013-04-10,261.78,258.5783366630822,-3.201663336917761,3.201663336917761,5.036240787092794,7.293311411946831,0.03350000000000057,0.03350000000000075,True,True,253.54209587598942,265.87164807502904,12.329552199039625,True,0
1829,2013-04-11,264.74,261.50466425562803,-3.23533574437198,3.23533574437198,5.011847665536521,7.1913533907224405,0.03400000000000057,0.03400000000000075,True,True,256.4928165900915,268.69601764635047,12.20320105625899,True,0
1830,2013-04-12,270.12,264.46393824093195,-5.656061759068052,5.656061759068052,5.0009625159005395,7.13556167303318,0.03450000000000057,0.03450000000000075,True,True,259.4629757250314,271.59949991396513,12.13652418893372,True,0
1831,2013-04-15,271.08,269.7531140587842,-1.326885941215778,1.326885941215778,4.91591818981945,7.112467262740665,0.03500000000000057,0.03500000000000075,True,True,264.8371958689647,276.86558132152487,12.028385452560144,True,0
1832,2013-04-16,269.31,270.87781844986495,1.5678184498649443,-1.5678184498649443,4.889122137728307,7.075858099101708,0.03550000000000057,0.03550000000000075,True,True,265.98869631213665,277.95367654896665,11.964980236830002,True,0
1833,2013-04-17,270.8,269.21397339164486,-1.586026608355155,1.586026608355155,4.889122137728307,7.075858099101708,0.03600000000000057,0.036000000000000754,True,True,264.32485125391656,276.28983149074656,11.964980236830002,True,0
1834,2013-04-18,266.81,270.5854977033803,3.7754977033803243,-3.7754977033803243,4.877264473092055,7.071300597949119,0.036500000000000574,0.036500000000000754,True,True,265.7082332302883,277.65679830132945,11.948565071041173,True,0
1835,2013-04-19,258.16,266.7955174214512,8.635517421451198,-8.635517421451198,4.857190359396526,7.06697954095597,0.037000000000000574,0.037000000000000755,False,True,261.93832706205467,273.8624969624072,11.924169900352524,False,1
1836,2013-04-22,259.35,258.31857287598126,-1.0314271240187622,1.0314271240187622,5.64943776497222,6.870571202061143,0.027500000000000573,0.037500000000000755,True,True,252.66913511100904,265.18914407804243,12.520008967033391,True,0
1837,2013-04-23,264.5,259.15481498347134,-5.34518501652866,5.34518501652866,5.545091823505189,6.836116549953033,0.028000000000000573,0.038000000000000755,True,True,253.60972315996617,265.9909315334244,12.381208373458207,True,0
1838,2013-04-24,269.5,264.1439394137409,-5.356060586259105,5.356060586259105,5.491396381162531,6.774356285789821,0.028500000000000573,0.038500000000000756,True,True,258.65254303257836,270.91829569953074,12.26575266695238,True,0
1839,2013-04-25,271.53,269.14440490134604,-2.385595098653937,2.385595098653937,5.45012046181634,6.643232732744934,0.029000000000000574,0.039000000000000756,True,True,263.6942844395297,275.78763763409097,12.093353194561246,True,0
1840,2013-04-26,269.97,271.28634716097366,1.3163471609736348,-1.3163471609736348,5.40617863916691,6.600213493306498,0.029500000000000574,0.03950000000000076,True,True,265.88016852180675,277.8865606542802,12.006392132473422,True,0
1841,2013-04-29,254.9,269.86254437409934,14.962544374099338,-14.962544374099338,5.399616352598684,6.556223870250761,0.030000000000000575,0.04000000000000076,False,True,264.46292802150066,276.4187682443501,11.955840222849417,False,1
1842,2013-04-30,249.37,255.27610438362981,5.90610438362981,-5.90610438362981,6.509623189394347,6.546401169521516,0.020500000000000573,0.04050000000000076,True,True,248.76648119423547,261.82250555315136,13.056024358915892,True,0
1843,2013-05-01,253.9,249.42781161410304,-4.47218838589697,4.47218838589697,6.492310138689447,6.542630751341889,0.021000000000000574,0.04100000000000076,True,True,242.9355014754136,255.9704423654449,13.034940890031322,True,0
1844,2013-05-02,248.94,253.58861297306183,4.64861297306183,-4.64861297306183,6.319158763857388,6.423111110558381,0.021500000000000574,0.04150000000000076,True,True,247.26945420920444,260.0117240836202,12.742269874415769,True,0
1845,2013-05-03,256.14,248.94802675385662,-7.1919732461433625,7.1919732461433625,6.307734359826526,6.356582550212465,0.022000000000000575,0.04200000000000076,True,False,242.6402923940301,255.3046093040691,12.664316910038991,False,1
1846,2013-05-06,258.09,255.72154188244582,-2.3684581175541553,2.3684581175541553,6.300506514521345,7.407676093026502,0.022500000000000575,0.03250000000000076,True,True,249.42103536792447,263.12921797547233,13.708182607547855,True,0
1847,2013-05-07,256.31,257.8433665753412,1.5333665753411765,-1.5333665753411765,6.2876329013486725,7.309480326726231,0.023000000000000576,0.03300000000000076,True,True,251.5557336739925,265.1528469020674,13.597113228074875,True,0
1848,2013-05-08,256.87,256.2089752945113,-0.6610247054887282,0.6610247054887282,6.241705172505334,7.293311411946831,0.023500000000000576,0.03350000000000076,True,True,249.96727012200594,263.5022867064581,13.535016584452165,True,0
1849,2013-05-09,258.73,256.691562524787,-2.0384374752130157,2.0384374752130157,6.098298994795698,7.1919732461433625,0.024000000000000576,0.03400000000000076,True,True,250.5932635299913,263.8835357709304,13.290272240939089,True,0
1850,2013-05-10,260.88,258.49918093936196,-2.380819060638032,2.380819060638032,6.092408393147139,7.1913533907224405,0.024500000000000577,0.03450000000000076,True,True,252.40677254621482,265.6905343300844,13.28376178386958,True,0
1851,2013-05-13,262.77,260.635671518117,-2.13432848188296,2.13432848188296,6.026140789719079,7.13556167303318,0.025000000000000577,0.03500000000000076,True,True,254.60953072839794,267.7712331911502,13.16170246275226,True,0
1852,2013-05-14,264.5,262.5344787446255,-1.9655212553744832,1.9655212553744832,5.937233423078084,7.112467262740665,0.025500000000000578,0.03550000000000076,True,True,256.59724532154746,269.6469460073662,13.04970068581872,True,0
1853,2013-05-15,267.07,264.2707695564063,-2.7992304435936717,2.7992304435936717,5.90610438362981,7.075858099101708,0.026000000000000578,0.03600000000000076,True,True,258.36466517277654,271.34662765550803,12.98196248273149,True,0
1854,2013-05-16,265.96,266.8104255422461,0.8504255422461142,-0.8504255422461142,5.901579565597444,7.071300597949119,0.02650000000000058,0.03650000000000076,True,True,260.90884597664865,273.8817261401952,12.972880163546563,True,0
1855,2013-05-17,265.83,265.8322306900394,0.0022306900394255536,-0.0022306900394255536,5.8780222887984905,7.06697954095597,0.02700000000000058,0.03700000000000076,True,True,259.9542084012409,272.8992102309954,12.94500182975446,True,0
1856,2013-05-20,269.0,265.67388123276874,-3.3261187672312644,3.3261187672312644,5.706110007693951,6.870571202061143,0.02750000000000058,0.03750000000000076,True,True,259.9677712250748,272.54445243482985,12.576681209755066,True,0
1857,2013-05-21,268.74,268.721851561686,-0.01814843831402868,0.01814843831402868,5.706110007693951,6.836116549953033,0.02800000000000058,0.03800000000000076,True,True,263.01574155399203,275.557968111639,12.542226557646984,True,0
1858,2013-05-22,267.39,268.58007041784975,1.1900704178497676,-1.1900704178497676,5.64943776497222,6.774356285789821,0.02850000000000058,0.03850000000000076,True,True,262.93063265287753,275.35442670363955,12.423794050762012,True,0
1859,2013-05-23,260.49,267.2761297217407,6.786129721740679,-6.786129721740679,5.545091823505189,6.643232732744934,0.02900000000000058,0.03900000000000076,False,True,261.7310378982355,273.9193624544856,12.188324556250109,False,1
1860,2013-05-24,259.85,260.5756744527149,0.725674452714884,-0.725674452714884,6.695297591312965,6.600213493306498,0.01950000000000058,0.039500000000000764,True,True,253.88037686140194,267.1758879460214,13.295511084619477,True,0
1861,2013-05-28,266.48,259.72371573147655,-6.756284268523473,6.756284268523473,6.663221430392326,6.556223870250761,0.02000000000000058,0.040000000000000764,True,False,253.06049430108422,266.2799396017273,13.21944530064306,False,1
1862,2013-05-29,265.46,266.07626975975467,0.6162697597546867,-0.6162697597546867,6.509623189394347,7.586408126159938,0.02050000000000058,0.030500000000000763,True,True,259.5666465703603,273.6626778859146,14.096031315554285,True,0
1863,2013-05-30,265.71,265.31754036760725,-0.39245963239272896,0.39245963239272896,6.492310138689447,7.515999355947315,0.02100000000000058,0.031000000000000763,True,True,258.8252302289178,272.83353972355457,14.008309494636762,True,0
1864,2013-05-31,266.0,265.54022228999395,-0.45977771000605117,0.45977771000605117,6.319158763857388,7.44716251038102,0.02150000000000058,0.031500000000000764,True,True,259.22106352613656,272.98738480037497,13.766321274238408,True,0
1865,2013-06-03,265.38,265.82570839709496,0.44570839709496113,-0.44570839709496113,6.307734359826526,7.407676093026502,0.02200000000000058,0.032000000000000764,True,True,259.51797403726846,273.23338449012147,13.715410452853007,True,0
1866,2013-06-04,267.0,265.2385074233216,-1.7614925766783927,1.7614925766783927,6.307734359826526,7.309480326726231,0.022500000000000582,0.032500000000000764,True,True,258.93077306349505,272.5479877500478,13.617214686552757,True,0
1867,2013-06-05,265.81,266.77943998823076,0.9694399882307607,-0.9694399882307607,6.300506514521345,7.293311411946831,0.023000000000000582,0.033000000000000765,True,True,260.4789334737094,274.0727514001776,13.593817926468205,True,0
1868,2013-06-06,267.75,265.68582403891816,-2.064175961081844,2.064175961081844,6.2876329013486725,7.1919732461433625,0.023500000000000583,0.033500000000000765,True,True,259.3981911375695,272.87779728506155,13.479606147492063,True,0
1869,2013-06-07,269.74,267.51894393999305,-2.2210560600069584,2.2210560600069584,6.241705172505334,7.1913533907224405,0.024000000000000583,0.034000000000000766,True,True,261.2772387674877,274.7102973307155,13.433058563227803,True,0
1870,2013-06-10,276.68,269.4995488261635,-7.180451173836502,7.180451173836502,6.098298994795698,7.13556167303318,0.024500000000000584,0.034500000000000766,True,False,263.4012498313678,276.6351104991967,13.233860667828878,False,1
1871,2013-06-11,276.0,276.2585069337593,0.2585069337592927,-0.2585069337592927,6.092408393147139,9.160111940275755,0.025000000000000584,0.025000000000000765,True,True,270.16609854061215,285.418618874035,15.252520333422865,True,0
1872,2013-06-12,276.6,275.8447139446412,-0.7552860553587948,0.7552860553587948,6.026140789719079,9.14190947534496,0.025500000000000585,0.025500000000000765,True,True,269.81857315492215,284.9866234199862,15.16805026506404,True,0
1873,2013-06-13,271.5,276.4159810706713,4.915981070671307,-4.915981070671307,5.937233423078084,8.899052843011447,0.026000000000000585,0.026000000000000766,True,True,270.4787476475932,285.3150339136828,14.836286266089587,True,0
1874,2013-06-14,275.0,271.51692884964604,-3.4830711503539646,3.4830711503539646,5.90610438362981,8.88133423138521,0.026500000000000586,0.026500000000000766,True,True,265.6108244660162,280.39826308103125,14.787438615015049,True,0
1875,2013-06-17,276.35,274.71950843552224,-1.6304915644777793,1.6304915644777793,5.901579565597444,8.855407630738071,0.027000000000000586,0.027000000000000766,True,True,268.8179288699248,283.5749160662603,14.756987196335501,True,0
1876,2013-06-18,279.08,276.1290193116196,-2.9509806883804117,2.9509806883804117,5.8780222887984905,8.43241410940513,0.027500000000000586,0.027500000000000767,True,True,270.2509970228211,284.56143342102473,14.310436398203649,True,0
1877,2013-06-19,281.26,278.81388635677024,-2.446113643229751,2.446113643229751,5.706110007693951,7.957321863981775,0.028000000000000587,0.028000000000000767,True,True,273.1077763490763,286.771208220752,13.663431871675698,True,0
1878,2013-06-20,275.14,281.0112064014752,5.871206401475206,-5.871206401475206,5.64943776497222,7.815822948360108,0.028500000000000587,0.028500000000000768,False,True,275.361768636503,288.8270293498353,13.465260713332327,False,1
1879,2013-06-21,274.57,275.19004667634766,0.6200466763476697,-0.6200466763476697,6.723469265502757,7.775193047983606,0.019000000000000586,0.029000000000000768,True,True,268.46657741084493,282.96523972433124,14.498662313486307,True,0
1880,2013-06-24,271.29,274.4400594436882,3.1500594436881784,-3.1500594436881784,6.695297591312965,7.686476547247764,0.019500000000000586,0.02950000000000077,True,True,267.74476185237523,282.12653599093596,14.38177413856073,True,0
1881,2013-06-25,272.3,271.2446947669548,-1.0553052330452033,1.0553052330452033,6.663221430392326,7.586408126159938,0.020000000000000587,0.03000000000000077,True,True,264.58147333656245,278.83110289311475,14.249629556552293,True,0
1882,2013-06-26,273.98,272.10593712002174,-1.8740628799782826,1.8740628799782826,6.509623189394347,7.515999355947315,0.020500000000000587,0.03050000000000077,True,True,265.5963139306274,279.62193647596905,14.025622545341662,True,0
1883,2013-06-27,279.18,273.75243595451,-5.427564045489987,5.427564045489987,6.492310138689447,7.44716251038102,0.021000000000000588,0.03100000000000077,True,True,267.2601258158206,281.19959846489104,13.939472649070467,True,0
1884,2013-06-28,276.19,278.8225026910637,2.632502691063678,-2.632502691063678,6.319158763857388,7.407676093026502,0.021500000000000588,0.03150000000000077,True,True,272.5033439272063,286.2301787840902,13.726834856883897,True,0
1885,2013-07-01,279.0,276.12183347424457,-2.8781665257554323,2.8781665257554323,6.307734359826526,7.309480326726231,0.02200000000000059,0.03200000000000077,True,True,269.814099114418,283.43131380097077,13.617214686552757,True,0
1886,2013-07-02,281.04,278.73907577695945,-2.3009242230405675,2.3009242230405675,6.300506514521345,7.293311411946831,0.02250000000000059,0.03250000000000077,True,True,272.43856926243814,286.0323871889063,13.593817926468148,True,0
1887,2013-07-03,282.0,280.79529912830475,-1.2047008716952519,1.2047008716952519,6.2876329013486725,7.1919732461433625,0.02300000000000059,0.03300000000000077,True,True,274.5076662269561,287.98727237444814,13.479606147492063,True,0
1888,2013-07-05,285.0,281.79637317492023,-3.203626825079766,3.203626825079766,6.241705172505334,7.1913533907224405,0.02350000000000059,0.03350000000000077,True,True,275.5546680024149,288.9877265656427,13.433058563227746,True,0
1889,2013-07-08,286.42,284.7245662712514,-1.6954337287486396,1.6954337287486396,6.098298994795698,7.180451173836502,0.02400000000000059,0.03400000000000077,True,True,278.6262672764557,291.9050174450879,13.2787501686322,True,0
1890,2013-07-09,291.0,286.1982030889718,-4.801796911028191,4.801796911028191,6.092408393147139,7.13556167303318,0.02450000000000059,0.03450000000000077,True,True,280.10579469582467,293.333764762005,13.227970066180319,True,0
1891,2013-07-10,291.41,290.66701472233444,-0.7429852776655821,0.7429852776655821,6.026140789719079,7.112467262740665,0.02500000000000059,0.035000000000000774,True,True,284.64087393261536,297.7794819850751,13.138608052459745,True,0
1892,2013-07-11,294.99,291.2228283919538,-3.767171608046226,3.767171608046226,5.937233423078084,7.075858099101708,0.02550000000000059,0.035500000000000774,True,True,285.28559496887567,298.2986864910555,13.01309152217982,True,0
1893,2013-07-12,298.69,294.69644628753724,-3.993553712462756,3.993553712462756,5.90610438362981,7.071300597949119,0.026000000000000592,0.036000000000000774,True,True,288.79034190390746,301.76774688548636,12.9774049815789,True,0
1894,2013-07-15,307.27,298.38767760474013,-8.882322395259848,8.882322395259848,5.901579565597444,7.06697954095597,0.026500000000000593,0.036500000000000775,True,False,292.4860980391427,305.4546571456961,12.968559106553414,False,1
1895,2013-07-16,307.3,306.79410817244286,-0.50589182755715,0.50589182755715,5.8780222887984905,8.855407630738071,0.027000000000000593,0.027000000000000773,True,True,300.91608588364437,315.6495158031809,14.733429919536547,True,0
1896,2013-07-17,306.97,307.126427933964,0.15642793396398247,-0.15642793396398247,5.871206401475206,8.43241410940513,0.027500000000000593,0.027500000000000774,True,True,301.2552215324888,315.55884204336917,14.303620510880364,True,0
1897,2013-07-18,306.27,306.8221130587204,0.5521130587204084,-0.5521130587204084,5.706110007693951,7.957321863981775,0.028000000000000594,0.028000000000000774,True,True,301.11600305102644,314.7794349227022,13.663431871675755,True,0
1898,2013-07-19,304.39,306.1354202922421,1.7454202922421018,-1.7454202922421018,5.64943776497222,7.815822948360108,0.028500000000000594,0.028500000000000775,True,True,300.48598252726987,313.9512432406022,13.465260713332327,True,0
1899,2013-07-22,309.25,304.29701408462233,-4.952985915377667,4.952985915377667,5.545091823505189,7.775193047983606,0.029000000000000595,0.029000000000000775,True,True,298.75192226111716,312.07220713260597,13.32028487148881,True,0
1900,2013-07-23,303.16,308.91873784173924,5.758737841739219,-5.758737841739219,5.491396381162531,7.686476547247764,0.029500000000000595,0.029500000000000776,False,True,303.4273414605767,316.605214388987,13.177872928410295,False,1
1901,2013-07-24,303.02,303.2082083270762,0.18820832707621094,-0.18820832707621094,6.509623189394347,7.586408126159938,0.020000000000000594,0.030000000000000776,True,True,296.69858513768185,310.79461645323613,14.096031315554285,True,0
1902,2013-07-25,299.0,302.872074193088,3.8720741930879967,-3.8720741930879967,6.509623189394347,7.586408126159938,0.020500000000000594,0.030500000000000776,True,True,296.36245100369365,310.45848231924793,14.096031315554285,True,0
1903,2013-07-26,299.55,298.9803964003935,-0.5696035996065234,0.5696035996065234,6.492310138689447,7.515999355947315,0.021000000000000595,0.031000000000000777,True,True,292.48808626170404,306.4963957563408,14.008309494636762,True,0
1904,2013-07-29,311.07,299.3721624216497,-11.697837578350288,11.697837578350288,6.319158763857388,7.44716251038102,0.021500000000000595,0.03150000000000078,True,False,293.0530036577923,306.8193249320307,13.766321274238408,False,1
1905,2013-07-30,307.72,310.48828672085904,2.7682867208590096,-2.7682867208590096,6.307734359826526,10.395946211211111,0.022000000000000595,0.022000000000000776,True,True,304.1805523610325,320.8842329320702,16.703680571037694,True,0
1906,2013-07-31,303.91,307.6604049381326,3.75040493813259,-3.75040493813259,6.300506514521345,9.797875923551942,0.022500000000000596,0.022500000000000776,True,True,301.3598984236113,317.45828086168456,16.09838243807326,True,0
1907,2013-08-01,303.08,303.8909698900856,0.8109698900856301,-0.8109698900856301,6.2876329013486725,9.482985308867427,0.023000000000000596,0.023000000000000777,True,True,297.60333698873694,313.373955198953,15.770618210216071,True,0
1908,2013-08-02,304.63,302.9547154295449,-1.6752845704551191,1.6752845704551191,6.241705172505334,9.482862958331168,0.023500000000000597,0.023500000000000777,True,True,296.7130102570395,312.43757838787604,15.72456813083653,True,0
1909,2013-08-05,303.4,304.41352817144667,1.0135281714466942,-1.0135281714466942,6.098298994795698,9.271350946718002,0.024000000000000597,0.024000000000000778,True,True,298.315229176651,313.68487911816464,15.369649941513671,True,0
1910,2013-08-06,300.51,303.2785601265058,2.768560126505804,-2.768560126505804,6.092408393147139,9.219771232147934,0.024500000000000598,0.024500000000000778,True,True,297.18615173335866,312.49833135865373,15.312179625295073,True,0
1911,2013-08-07,300.15,300.45252113642266,0.3025211364226834,-0.3025211364226834,6.026140789719079,9.160111940275755,0.025000000000000598,0.02500000000000078,True,True,294.4263803467036,309.61263307669844,15.186252729994862,True,0
1912,2013-08-08,298.52,300.00496928216324,1.484969282163263,-1.484969282163263,5.937233423078084,9.14190947534496,0.0255000000000006,0.02550000000000078,True,True,294.06773585908513,309.1468787575082,15.079142898423072,True,0
1913,2013-08-09,295.68,298.4149691841452,2.7349691841452,-2.7349691841452,5.90610438362981,8.899052843011447,0.0260000000000006,0.02600000000000078,True,True,292.5088648005154,307.3140220271566,14.8051572266412,True,0
1914,2013-08-12,295.79,295.6198541025405,-0.1701458974595198,0.1701458974595198,5.901579565597444,8.882322395259848,0.0265000000000006,0.02650000000000078,True,True,289.71827453694306,304.50217649780035,14.783901960857293,True,0
1915,2013-08-13,295.88,295.6265539240672,-0.2534460759327999,0.2534460759327999,5.8780222887984905,8.88133423138521,0.0270000000000006,0.02700000000000078,True,True,289.7485316352687,304.5078881554524,14.759356520183701,True,0
1916,2013-08-14,294.29,295.71145052782106,1.4214505278210368,-1.4214505278210368,5.871206401475206,8.855407630738071,0.0275000000000006,0.02750000000000078,True,True,289.84024412634585,304.5668581585591,14.726614032213263,True,0
1917,2013-08-15,288.79,294.18143296754727,5.391432967547246,-5.391432967547246,5.758737841739219,8.43241410940513,0.0280000000000006,0.02800000000000078,True,True,288.42269512580805,302.6138470769524,14.191151951144377,True,0
1918,2013-08-16,286.55,288.8224334487957,2.2724334487957094,-2.2724334487957094,5.706110007693951,7.957321863981775,0.0285000000000006,0.02850000000000078,True,True,283.11632344110177,296.7797553127775,13.663431871675755,True,0
1919,2013-08-19,285.19,286.4737923329508,1.2837923329507817,-1.2837923329507817,5.64943776497222,7.815822948360108,0.0290000000000006,0.029000000000000782,True,True,280.82435456797856,294.2896152813109,13.465260713332327,True,0
1920,2013-08-20,285.88,285.0761237296778,-0.8038762703221778,0.8038762703221778,5.545091823505189,7.775193047983606,0.029500000000000602,0.029500000000000783,True,True,279.53103190617264,292.8513167776614,13.320284871488752,True,0
1921,2013-08-21,285.09,285.69132854253036,0.601328542530382,-0.601328542530382,5.491396381162531,7.686476547247764,0.030000000000000603,0.030000000000000783,True,True,280.1999321613678,293.3778050897781,13.177872928410295,True,0
1922,2013-08-22,284.8,284.95036668162606,0.15036668162605338,-0.15036668162605338,5.45012046181634,7.586408126159938,0.030500000000000603,0.030500000000000783,True,True,279.5002462198097,292.536774807786,13.036528587976306,True,0
1923,2013-08-23,291.21,284.6452322537707,-6.564767746229279,6.564767746229279,5.40617863916691,7.515999355947315,0.031000000000000603,0.031000000000000784,True,True,279.2390536146038,292.161231609718,12.922177995114225,True,0
1924,2013-08-26,290.43,290.8122267953684,0.3822267953684104,-0.3822267953684104,5.399616352598684,7.44716251038102,0.031500000000000604,0.031500000000000784,True,True,285.41261044276973,298.25938930574944,12.846778862979704,True,0
1925,2013-08-27,283.87,290.2789288471691,6.408928847169079,-6.408928847169079,5.391432967547246,7.407676093026502,0.032000000000000604,0.032000000000000785,False,True,284.88749587962184,297.6866049401956,12.799109060573755,False,1
1926,2013-08-28,280.36,283.9369926959771,3.576992695977083,-3.576992695977083,6.300506514521345,7.309480326726231,0.022500000000000603,0.032500000000000785,True,True,277.6364861814558,291.2464730227033,13.609986841247519,True,0
1927,2013-08-29,281.45,280.33149178996524,-1.1185082100347472,1.1185082100347472,6.2876329013486725,7.293311411946831,0.023000000000000603,0.033000000000000786,True,True,274.04385888861657,287.6248032019121,13.580944313295504,True,0
1928,2013-08-30,284.59,281.25234141372704,-3.337658586272937,3.337658586272937,6.241705172505334,7.1919732461433625,0.023500000000000604,0.033500000000000786,True,True,275.01063624122173,288.44431465987043,13.433678418648697,True,0
1929,2013-09-03,284.73,284.30817260278485,-0.4218273972151678,0.4218273972151678,6.098298994795698,7.1913533907224405,0.024000000000000604,0.03400000000000079,True,True,278.20987360798915,291.4995259935073,13.289652385518139,True,0
1930,2013-09-04,288.33,284.5505734476087,-3.7794265523912713,3.7794265523912713,6.092408393147139,7.180451173836502,0.024500000000000605,0.03450000000000079,True,True,278.4581650544616,291.7310246214452,13.272859566983641,True,0
1931,2013-09-05,293.63,288.0338079500985,-5.596192049901504,5.596192049901504,6.026140789719079,7.13556167303318,0.025000000000000605,0.03500000000000079,True,True,282.0076671603794,295.1693696231317,13.16170246275226,True,0
1932,2013-09-06,295.33,293.26532397831824,-2.0646760216817484,2.0646760216817484,5.937233423078084,7.112467262740665,0.025500000000000606,0.03550000000000079,True,True,287.3280905552401,300.3777912410589,13.049700685818777,True,0
1933,2013-09-09,297.22,295.09095745463645,-2.129042545363575,2.129042545363575,5.90610438362981,7.075858099101708,0.026000000000000606,0.03600000000000079,True,True,289.1848530710066,302.16681555373816,12.981962482731547,True,0
1934,2013-09-10,300.55,296.98266214088363,-3.5673378591163782,3.5673378591163782,5.901579565597444,7.071300597949119,0.026500000000000606,0.03650000000000079,True,True,291.0810825752862,304.05396273883275,12.972880163546563,True,0
1935,2013-09-11,298.91,300.26159404184097,1.35159404184094,-1.35159404184094,5.8780222887984905,7.06697954095597,0.027000000000000607,0.03700000000000079,True,True,294.3835717530425,307.32857358279693,12.94500182975446,True,0
1936,2013-09-12,299.39,298.7940042674689,-0.5959957325310938,0.5959957325310938,5.871206401475206,6.870571202061143,0.027500000000000607,0.03750000000000079,True,True,292.9227978659937,305.66457546953006,12.741777603536377,True,0
1937,2013-09-13,300.14,299.20979935310476,-0.93020064689523,0.93020064689523,5.758737841739219,6.836116549953033,0.028000000000000608,0.03800000000000079,True,True,293.45106151136554,306.0459159030578,12.594854391692252,True,0
1938,2013-09-16,299.82,299.94584866444364,0.12584866444365161,-0.12584866444365161,5.706110007693951,6.774356285789821,0.028500000000000608,0.03850000000000079,True,True,294.2397386567497,306.72020495023344,12.480466293483744,True,0
1939,2013-09-17,297.63,299.662952735228,2.0329527352279797,-2.0329527352279797,5.64943776497222,6.756284268523473,0.02900000000000061,0.03900000000000079,True,True,294.01351497025576,306.41923700375145,12.405722033495692,True,0
1940,2013-09-18,304.06,297.54054675692794,-6.519453243072064,6.519453243072064,5.545091823505189,6.643232732744934,0.02950000000000061,0.03950000000000079,True,True,291.99545493342276,304.1837794896729,12.188324556250109,True,0
1941,2013-09-19,313.77,303.6685607821397,-10.101439217860275,10.101439217860275,5.491396381162531,6.600213493306498,0.03000000000000061,0.04000000000000079,True,False,298.1771644009772,310.2687742754462,12.091609874469043,False,1
1942,2013-09-20,312.54,313.24582462767876,0.7058246276787372,-0.7058246276787372,5.45012046181634,7.586408126159938,0.03050000000000061,0.03050000000000079,True,True,307.7957041658624,320.8322327538387,13.036528587976306,True,0
1943,2013-09-23,314.01,312.395447003918,-1.6145529960820113,1.6145529960820113,5.40617863916691,7.515999355947315,0.03100000000000061,0.03100000000000079,True,True,306.98926836475107,319.9114463598653,12.922177995114225,True,0
1944,2013-09-24,312.43,313.79710361331524,1.367103613315237,-1.367103613315237,5.399616352598684,7.44716251038102,0.03150000000000061,0.03150000000000079,True,True,308.39748726071656,321.24426612369626,12.846778862979704,True,0
1945,2013-09-25,314.53,312.3172610702969,-2.2127389297030504,2.2127389297030504,5.391432967547246,7.407676093026502,0.03200000000000061,0.03200000000000079,True,True,306.9258281027497,319.72493716332343,12.799109060573755,True,0
1946,2013-09-26,313.9,314.2955128644934,0.39551286449341205,-0.39551286449341205,5.364702549197887,7.309480326726231,0.03250000000000061,0.03250000000000079,True,True,308.9308103152955,321.6049931912196,12.674182875924089,True,0
1947,2013-09-27,316.92,313.75297577258294,-3.1670242274170732,3.1670242274170732,5.2671958537235355,7.293311411946831,0.03300000000000061,0.03300000000000079,True,True,308.4857799188594,321.0462871845298,12.560507265670367,True,0
1948,2013-09-30,313.41,316.65136128561676,3.2413612856167333,-3.2413612856167333,5.252388248217301,7.1919732461433625,0.03350000000000061,0.03350000000000079,True,True,311.39897303739946,323.8433345317601,12.444361494360635,True,0
1949,2013-10-01,314.22,313.36139372741656,-0.8586062725834722,0.8586062725834722,5.2353533948385795,7.1913533907224405,0.03400000000000061,0.034000000000000793,True,True,308.126040332578,320.552747118139,12.42670678556101,True,0
1950,2013-10-02,318.04,314.03425168076194,-4.00574831923808,4.00574831923808,5.0723320230081015,7.180451173836502,0.034500000000000614,0.034500000000000794,True,True,308.9619196577538,321.21470285459844,12.252783196844632,True,0
1951,2013-10-03,320.39,317.73954039497346,-2.6504596050265263,2.6504596050265263,5.044237760288581,7.13556167303318,0.035000000000000614,0.035000000000000794,True,True,312.6953026346849,324.87510206800664,12.179799433321762,True,0
1952,2013-10-04,315.13,320.1357963755277,5.005796375527723,-5.005796375527723,5.036240787092794,7.112467262740665,0.035500000000000614,0.035500000000000795,True,True,315.0995555884349,327.2482636382684,12.148708049833488,True,0
1953,2013-10-07,315.24,315.14329626492685,-0.09670373507316299,0.09670373507316299,5.011847665536521,7.075858099101708,0.036000000000000615,0.036000000000000795,True,True,310.1314485993903,322.21915436402855,12.087705764638258,True,0
1954,2013-10-08,311.5,315.08356173183677,3.5835617318367667,-3.5835617318367667,5.005796375527723,7.071300597949119,0.036500000000000615,0.036500000000000796,True,True,310.07776535630904,322.1548623297859,12.077096973476841,True,0
1955,2013-10-09,303.42,311.46441711431436,8.044417114314342,-8.044417114314342,5.0009625159005395,7.06697954095597,0.037000000000000616,0.037000000000000796,False,True,306.4634545984138,318.5313966552703,12.06794205685651,False,1
1956,2013-10-10,304.63,303.5385747160958,-1.0914252839041865,1.0914252839041865,5.8780222887984905,6.870571202061143,0.027500000000000614,0.0375000000000008,True,True,297.6605524272973,310.4091459181569,12.748593490859605,True,0
1957,2013-10-11,304.77,304.43755947137913,-0.3324405286208503,0.3324405286208503,5.871206401475206,6.836116549953033,0.028000000000000615,0.0380000000000008,True,True,298.5663530699039,311.27367602133216,12.707322951428239,True,0
1958,2013-10-14,309.22,304.59451515897183,-4.625484841028197,4.625484841028197,5.758737841739219,6.774356285789821,0.028500000000000615,0.0385000000000008,True,True,298.8357773172326,311.3688714447617,12.533094127529068,True,0
1959,2013-10-15,309.87,308.89568411401893,-0.9743158859810706,0.9743158859810706,5.706110007693951,6.756284268523473,0.029000000000000616,0.0390000000000008,True,True,303.189574106325,315.6519683825424,12.462394276217424,True,0
1960,2013-10-16,308.38,309.67016309563303,1.2901630956330337,-1.2901630956330337,5.64943776497222,6.643232732744934,0.029500000000000616,0.0395000000000008,True,True,304.0207253306608,316.31339582837796,12.292670497717154,True,0
1961,2013-10-17,307.07,308.2629970195791,1.1929970195790816,-1.1929970195790816,5.545091823505189,6.600213493306498,0.030000000000000616,0.0400000000000008,True,True,302.7179051960739,314.8632105128856,12.145305316811687,True,0
1962,2013-10-18,319.36,306.95117952563044,-12.408820474369577,12.408820474369577,5.491396381162531,6.564767746229279,0.030500000000000617,0.0405000000000008,True,False,301.4597831444679,313.5159472718597,12.05616412739181,False,1
1963,2013-10-21,329.89,318.758599141928,-11.13140085807197,11.13140085807197,5.45012046181634,7.586408126159938,0.031000000000000617,0.031000000000000798,True,False,313.30847868011165,326.34500726808795,13.036528587976306,False,1
1964,2013-10-22,327.72,329.33015576019915,1.6101557601991203,-1.6101557601991203,5.40617863916691,11.13140085807197,0.03150000000000062,0.021500000000000796,True,True,323.92397712103224,340.4615566182711,16.53757949723888,True,0
1965,2013-10-23,330.84,327.6037311965943,-3.2362688034056646,3.2362688034056646,5.399616352598684,10.395946211211111,0.03200000000000062,0.022000000000000797,True,True,322.2041148439956,337.9996774078054,15.795562563809767,True,0
1966,2013-10-24,329.63,330.57630921012577,0.9463092101257757,-0.9463092101257757,5.391432967547246,10.101439217860275,0.03250000000000062,0.022500000000000797,True,True,325.1848762425785,340.67774842798605,15.49287218540752,True,0
1967,2013-10-25,358.6,329.5020032729324,-29.097996727067596,29.097996727067596,5.364702549197887,9.797875923551942,0.03300000000000062,0.023000000000000798,True,False,324.13730072373454,339.29987919648437,15.162578472749829,False,1
1968,2013-10-28,359.92,357.4123972873961,-2.507602712603898,2.507602712603898,5.2671958537235355,37.04,0.03350000000000062,0.013500000000000798,True,True,352.1452014336726,394.45239728739614,42.307195853723556,True,0
1969,2013-10-29,358.96,359.67146314671334,0.7114631467133563,-0.7114631467133563,5.252388248217301,36.98,0.03400000000000062,0.014000000000000798,True,True,354.41907489849604,396.65146314671335,42.23238824821732,True,0
1970,2013-10-30,362.62,358.84508316337354,-3.77491683662646,3.77491683662646,5.2353533948385795,36.7,0.03450000000000062,0.014500000000000799,True,True,353.609729768535,395.54508316337353,41.93535339483856,True,0
1971,2013-10-31,361.73,362.3536615677683,0.6236615677682948,-0.6236615677682948,5.0723320230081015,36.7,0.03500000000000062,0.0150000000000008,True,True,357.2813295447602,399.0536615677683,41.77233202300812,True,0
1972,2013-11-01,365.63,361.60974244929093,-4.020257550709061,4.020257550709061,5.044237760288581,31.49753328109827,0.03550000000000062,0.0155000000000008,True,True,356.56550468900235,393.10727573038923,36.54177104138688,True,0
1973,2013-11-04,360.12,365.3570849048918,5.237084904891788,-5.237084904891788,5.036240787092794,29.097996727067596,0.03600000000000062,0.0160000000000008,False,True,360.32084411779897,394.4550816319594,34.13423751416042,False,1
1974,2013-11-05,356.78,360.1554717823052,3.375471782305226,-3.375471782305226,5.901579565597444,17.431662177681503,0.02650000000000062,0.0165000000000008,True,True,354.25389221670775,377.5871339599867,23.33324174327896,True,0
1975,2013-11-06,360.45,356.7565457470035,-3.693454252996503,3.693454252996503,5.8780222887984905,14.960966199678893,0.02700000000000062,0.0170000000000008,True,True,350.878523458205,371.7175119466824,20.838988488477412,True,0
1976,2013-11-07,355.86,360.18463421594873,4.32463421594872,-4.32463421594872,5.871206401475206,13.973324868287676,0.02750000000000062,0.0175000000000008,True,True,354.3134278144735,374.1579590842364,19.844531269762854,True,0
1977,2013-11-08,345.95,355.86020213890015,9.91020213890016,-9.91020213890016,5.758737841739219,13.725655545674073,0.02800000000000062,0.0180000000000008,False,True,350.10146429716093,369.5858576845742,19.484393387413263,False,1
1978,2013-11-11,350.59,346.1369997795708,-4.453000220429203,4.453000220429203,6.734374582960811,12.762369254078436,0.01850000000000062,0.0185000000000008,True,True,339.40262519660996,358.89936903364924,19.496743837039276,True,0
1979,2013-11-12,352.99,350.29802310231133,-2.6919768976886758,2.6919768976886758,6.723469265502757,12.408820474369577,0.01900000000000062,0.0190000000000008,True,True,343.5745538368086,362.7068435766809,19.132289739872306,True,0
1980,2013-11-13,347.4,352.742983917799,5.3429839177990175,-5.3429839177990175,6.695297591312965,12.403943335151723,0.01950000000000062,0.0195000000000008,True,True,346.04768632648603,365.1469272529507,19.099240926464688,True,0
1981,2013-11-14,357.39,347.4284617123591,-9.961538287640906,9.961538287640906,6.663221430392326,12.105808063873866,0.02000000000000062,0.020000000000000802,True,True,340.7652402819667,359.5342697762329,18.769029494266192,True,0
1982,2013-11-15,367.63,356.90211126835834,-10.727888731641656,10.727888731641656,6.509623189394347,12.046558395810933,0.020500000000000622,0.020500000000000802,True,True,350.392488078964,368.9486696641693,18.55618158520531,True,0
1983,2013-11-18,370.28,367.10304641141175,-3.176953588588219,3.176953588588219,6.492310138689447,11.697837578350288,0.021000000000000622,0.021000000000000803,True,True,360.6107362727223,378.80088398976204,18.190147717039736,True,0
1984,2013-11-19,365.82,370.0215465478528,4.201546547852786,-4.201546547852786,6.408928847169079,11.586417839457766,0.021500000000000623,0.021500000000000803,True,True,363.6126177006837,381.6079643873105,17.995346686626817,True,0
1985,2013-11-20,367.56,365.8197156275382,-1.740284372461815,1.740284372461815,6.319158763857388,11.13140085807197,0.022000000000000623,0.022000000000000804,True,True,359.5005568636808,376.95111648561016,17.450559621929358,True,0
1986,2013-11-21,364.05,367.3701570239524,3.3201570239523903,-3.3201570239523903,6.307734359826526,10.727888731641656,0.022500000000000624,0.022500000000000804,True,True,361.06242266412585,378.09804575559406,17.03562309146821,True,0
1987,2013-11-22,370.0,364.01842320754423,-5.981576792455769,5.981576792455769,6.300506514521345,10.395946211211111,0.023000000000000624,0.023000000000000805,True,True,357.71791669302286,374.4143694187553,16.696452725732456,True,0
1988,2013-11-25,373.82,369.66241478172884,-4.1575852182711515,4.1575852182711515,6.2876329013486725,10.101439217860275,0.023500000000000625,0.023500000000000805,True,True,363.37478188038017,379.7638539995891,16.389072119208947,True,0
1989,2013-11-26,377.61,373.5333100240206,-4.076689975979434,4.076689975979434,6.241705172505334,9.961538287640906,0.024000000000000625,0.024000000000000805,True,True,367.2916048515152,383.4948483116615,16.20324346014627,True,0
1990,2013-11-27,383.5,377.3344304750508,-6.1655695249492055,6.1655695249492055,6.098298994795698,9.797875923551942,0.024500000000000625,0.024500000000000806,True,True,371.2361314802551,387.13230639860274,15.89617491834764,True,0
1991,2013-11-29,389.1,383.1584154754721,-5.9415845245279115,5.9415845245279115,6.092408393147139,9.482985308867427,0.025000000000000626,0.025000000000000806,True,True,377.066007082325,392.64140078433957,15.575393702014594,True,0
1992,2013-12-02,399.0,388.76989659554135,-10.230103404458646,10.230103404458646,6.026140789719079,9.482862958331168,0.025500000000000626,0.025500000000000807,True,False,382.7437558058223,398.2527595538725,15.509003748050247,False,1
1993,2013-12-03,390.11,398.5368781894614,8.426878189461377,-8.426878189461377,5.937233423078084,29.097996727067596,0.026000000000000627,0.016000000000000805,False,True,392.59964476638334,427.634874916529,35.03523015014565,False,1
1994,2013-12-04,383.5,390.26131477680417,6.76131477680417,-6.76131477680417,7.206149293916951,17.431662177681503,0.016500000000000625,0.016500000000000806,True,True,383.0551654828872,407.6929769544857,24.637811471598468,True,0
1995,2013-12-05,386.65,383.61312814898076,-3.036871851019214,3.036871851019214,7.178835412782433,14.960966199678893,0.017000000000000626,0.017000000000000806,True,True,376.43429273619836,398.5740943486596,22.13980161246127,True,0
1996,2013-12-06,388.35,386.43333997775466,-1.9166600222453667,1.9166600222453667,7.101294528237247,13.973324868287676,0.017500000000000626,0.017500000000000807,True,True,379.3320454495174,400.4066648460423,21.074619396524895,True,0
1997,2013-12-09,388.21,388.15614369468403,-0.05385630531594643,0.05385630531594643,6.842809183738666,13.725655545674073,0.018000000000000627,0.018000000000000807,True,True,381.31333451094537,401.8817992403581,20.56846472941271,True,0
1998,2013-12-10,383.5,388.08220696583976,4.5822069658397595,-4.5822069658397595,6.786129721740679,12.762369254078436,0.018500000000000627,0.018500000000000807,True,True,381.2960772440991,400.84457621991817,19.548498975819086,True,0
1999,2013-12-11,387.71,383.525660046947,-4.184339953052984,4.184339953052984,6.76131477680417,12.408820474369577,0.019000000000000627,0.019000000000000808,True,True,376.7643452701428,395.9344805213166,19.170135251173747,True,0
2000,2013-12-12,381.55,387.45151021077646,5.9015102107764505,-5.9015102107764505,6.734374582960811,12.403943335151723,0.019500000000000628,0.01950000000000081,True,True,380.71713562781565,399.8554535459282,19.138317918112534,True,0
2001,2013-12-13,384.62,381.61029551052974,-3.0097044894702663,3.0097044894702663,6.695297591312965,12.046558395810933,0.02000000000000063,0.02000000000000081,True,True,374.9149979192168,393.65685390634064,18.74185598712387,True,0
2002,2013-12-16,385.5,384.39888680134936,-1.101113198650637,1.101113198650637,6.663221430392326,11.697837578350288,0.02050000000000063,0.02050000000000081,True,True,377.735665370957,396.09672437969965,18.361059008742643,True,0
2003,2013-12-17,391.0,385.3288216030615,-5.671178396938501,5.671178396938501,6.509623189394347,11.586417839457766,0.02100000000000063,0.02100000000000081,True,True,378.81919841366715,396.91523944251924,18.096041028852085,True,0
2004,2013-12-18,389.56,390.68175766513815,1.1217576651381478,-1.1217576651381478,6.492310138689447,11.13140085807197,0.02150000000000063,0.02150000000000081,True,True,384.1894475264487,401.8131585232101,17.623710996761417,True,0
2005,2013-12-19,394.36,389.46479308287394,-4.895206917126075,4.895206917126075,6.408928847169079,10.727888731641656,0.02200000000000063,0.02200000000000081,True,True,383.05586423570486,400.1926818145156,17.136817578810735,True,0
2006,2013-12-20,396.84,394.07467795212017,-2.765322047879806,2.765322047879806,6.319158763857388,10.395946211211111,0.02250000000000063,0.02250000000000081,True,True,387.7555191882628,404.4706241633313,16.715104975068527,True,0
2007,2013-12-23,403.69,396.6204037045952,-7.069596295404779,7.069596295404779,6.307734359826526,10.230103404458646,0.02300000000000063,0.02300000000000081,True,True,390.31266934476866,406.85050710905386,16.5378377642852,True,0
2008,2013-12-24,402.52,403.33428280439495,0.8142828043949635,-0.8142828043949635,6.300506514521345,10.101439217860275,0.02350000000000063,0.023500000000000812,True,True,397.0337762898736,413.4357220222552,16.401945732381648,True,0
2009,2013-12-26,401.79,402.4260720904092,0.6360720904091863,-0.6360720904091863,6.2876329013486725,9.961538287640906,0.024000000000000632,0.024000000000000812,True,True,396.13843918906053,412.3876103780501,16.24917118898958,True,0
2010,2013-12-27,404.65,401.7000506223469,-2.94994937765307,2.94994937765307,6.241705172505334,9.797875923551942,0.024500000000000632,0.024500000000000813,True,True,395.45834544984154,411.49792654589885,16.039581096057304,True,0
2011,2013-12-30,399.41,404.43945517952,5.029455179519971,-5.029455179519971,6.098298994795698,9.482985308867427,0.025000000000000633,0.025000000000000813,True,True,398.3411561847243,413.92244048838745,15.581284303663153,True,0
2012,2013-12-31,394.58,399.4588406470669,4.878840647066909,-4.878840647066909,6.092408393147139,9.482862958331168,0.025500000000000633,0.025500000000000814,True,True,393.36643225391975,408.94170360539806,15.575271351478307,True,0
2013,2014-01-02,398.8,394.6288485228602,-4.1711514771398015,4.1711514771398015,6.026140789719079,9.271350946718002,0.026000000000000634,0.026000000000000814,True,True,388.60270773314113,403.9001994695782,15.297491736437053,True,0
2014,2014-01-03,398.29,398.5453408492787,0.2553408492786957,-0.2553408492786957,5.937233423078084,9.219771232147934,0.026500000000000634,0.026500000000000815,True,True,392.6081074262006,407.76511208142665,15.157004655226046,True,0
2015,2014-01-06,395.85,398.1719235236579,2.3219235236578584,-2.3219235236578584,5.90610438362981,9.160111940275755,0.027000000000000635,0.027000000000000815,True,True,392.26581914002804,407.3320354639336,15.066216323905564,True,0
2016,2014-01-07,395.04,395.8069552031227,0.7669552031226772,-0.7669552031226772,5.901579565597444,9.14190947534496,0.027500000000000635,0.027500000000000815,True,True,389.90537563752525,404.94886467846766,15.043489040942404,True,0
2017,2014-01-08,398.47,394.9455192743369,-3.5244807256631248,3.5244807256631248,5.9015102107764505,8.899052843011447,0.028000000000000635,0.028000000000000816,True,True,389.04400906356045,403.8445721173483,14.800563053787869,True,0
2018,2014-01-09,403.71,398.2296306101538,-5.480369389846203,5.480369389846203,5.8780222887984905,8.882322395259848,0.028500000000000636,0.028500000000000816,True,True,392.3516083213553,407.1119530054136,14.760344684058339,True,0
2019,2014-01-10,402.53,403.4012089223404,0.8712089223404291,-0.8712089223404291,5.871206401475206,8.88133423138521,0.029000000000000636,0.029000000000000817,True,True,397.5300025208652,412.2825431537256,14.752540632860416,True,0
2020,2014-01-13,397.98,402.4338398087807,4.453839808780685,-4.453839808780685,5.758737841739219,8.855407630738071,0.029500000000000637,0.029500000000000817,True,True,396.6751019670415,411.28924743951876,14.614145472477276,True,0
2021,2014-01-14,392.13,398.00999881817523,5.879998818175238,-5.879998818175238,5.706110007693951,8.43241410940513,0.030000000000000637,0.030000000000000818,False,True,392.3038888104813,406.44241292758034,14.138524117099053,False,1
2022,2014-01-15,398.94,392.20540852051516,-6.734591479484834,6.734591479484834,6.663221430392326,7.957321863981775,0.020500000000000636,0.030500000000000818,True,True,385.54218709012287,400.16273038449697,14.620543294374102,True,0
2023,2014-01-16,393.68,398.596726398388,4.916726398387993,-4.916726398387993,6.509623189394347,7.815822948360108,0.021000000000000636,0.03100000000000082,True,True,392.08710320899365,406.4125493467481,14.325446137754454,True,0
2024,2014-01-17,394.26,393.7064141370578,-0.5535858629422137,0.5535858629422137,6.492310138689447,7.775193047983606,0.021500000000000637,0.03150000000000082,True,True,387.21410399836833,401.4816071850414,14.267503186673082,True,0
2025,2014-01-21,403.0,394.1221660783091,-8.877833921690922,8.877833921690922,6.408928847169079,7.686476547247764,0.022000000000000637,0.03200000000000082,True,False,387.71323723114,401.80864262555684,14.095405394416844,False,1
2026,2014-01-22,408.0,402.5722763094203,-5.427723690579683,5.427723690579683,6.319158763857388,10.395946211211111,0.022500000000000638,0.022500000000000818,True,True,396.25311754556293,412.96822252063146,16.715104975068527,True,0
2027,2014-01-23,401.0,407.68303930704803,6.683039307048034,-6.683039307048034,6.307734359826526,10.230103404458646,0.023000000000000638,0.02300000000000082,False,True,401.3753049472215,417.9131427115067,16.5378377642852,False,1
2028,2014-01-24,398.16,401.0938405486573,2.9338405486572583,-2.9338405486572583,7.611320153076839,10.101439217860275,0.013500000000000638,0.02350000000000082,True,True,393.4825203955804,411.19527976651756,17.712759370937135,True,0
2029,2014-01-27,390.5,398.1487702464912,7.64877024649121,-7.64877024649121,7.59001311200177,9.961538287640906,0.014000000000000639,0.02400000000000082,False,True,390.55875713448944,408.1103085341321,17.551551399642676,False,1
2030,2014-01-28,387.4,390.62727381268473,3.227273812684757,-3.227273812684757,10.92408695002726,9.797875923551942,0.004500000000000639,0.02450000000000082,True,True,379.7031868626575,400.4251497362367,20.721962873579173,True,0
2031,2014-01-29,392.16,387.38516464464755,-4.774835355352479,4.774835355352479,10.17138112416589,9.482985308867427,0.005000000000000639,0.02500000000000082,True,True,377.2137835204817,396.86814995351494,19.65436643303326,True,0
2032,2014-01-30,393.77,391.86990858113205,-1.9000914188679303,1.9000914188679303,9.922509939345616,9.482862958331168,0.00550000000000064,0.02550000000000082,True,True,381.94739864178644,401.3527715394632,19.405372897676784,True,0
2033,2014-01-31,371.76,393.56327228429177,21.80327228429178,-21.80327228429178,9.91020213890016,9.271350946718002,0.00600000000000064,0.02600000000000082,False,True,383.6530701453916,402.8346232310098,19.18155308561819,False,1
2034,2014-02-03,358.98,372.326056464727,13.346056464726985,-13.346056464726985,inf,9.219771232147934,-0.0034999999999993595,0.02650000000000082,True,True,-inf,381.54582769687494,inf,True,0
2035,2014-02-04,349.59,359.30027419759784,9.710274197597869,-9.710274197597869,inf,9.160111940275755,-0.0029999999999993595,0.027000000000000822,True,True,-inf,368.46038613787357,inf,True,0
2036,2014-02-05,346.0,349.74719066501024,3.747190665010237,-3.747190665010237,inf,9.14190947534496,-0.0024999999999993595,0.027500000000000822,True,True,-inf,358.8891001403552,inf,True,0
2037,2014-02-06,347.4,345.9633531599664,-1.4366468400335748,1.4366468400335748,inf,8.882322395259848,-0.0019999999999993595,0.028000000000000823,True,True,-inf,354.84567555522625,inf,True,0
2038,2014-02-07,358.98,347.19401314248023,-11.785986857519788,11.785986857519788,inf,8.88133423138521,-0.0014999999999993595,0.028500000000000823,True,False,-inf,356.07534737386544,inf,False,1
2039,2014-02-10,361.61,358.4390531168808,-3.1709468831192,3.1709468831192,inf,12.403943335151723,-0.0009999999999993595,0.019000000000000822,True,True,-inf,370.84299645203254,inf,True,0
2040,2014-02-11,361.84,361.3318033210112,-0.5081966789887815,0.5081966789887815,inf,12.105808063873866,-0.0004999999999993595,0.019500000000000822,True,True,-inf,373.43761138488503,inf,True,0
2041,2014-02-12,356.43,361.6612421141603,5.231242114160295,-5.231242114160295,inf,12.046558395810933,6.40546643504436e-16,0.020000000000000823,True,True,-inf,373.7078005099712,inf,True,0
2042,2014-02-13,347.7,356.4304234332586,8.730423433258636,-8.730423433258636,21.80327228429178,11.785986857519788,0.0005000000000006406,0.020500000000000823,True,True,334.62715114896685,368.2164102907784,33.58925914181157,True,0
2043,2014-02-14,359.34,347.81078190166824,-11.52921809833174,11.52921809833174,20.037081608587158,11.697837578350288,0.0010000000000006406,0.021000000000000824,True,True,327.7737002930811,359.5086194800185,31.734919186937418,True,0
2044,2014-02-18,355.28,358.82512060536857,3.545120605368595,-3.545120605368595,15.648951520661825,11.586417839457766,0.0015000000000006406,0.021500000000000824,True,True,343.17616908470677,370.4115384448263,27.235369360119535,True,0
2045,2014-02-19,352.64,355.20742099926105,2.56742099926106,-2.56742099926106,14.962544374099338,11.52921809833174,0.0020000000000006406,0.022000000000000824,True,True,340.24487662516174,366.7366390975928,26.49176247243105,True,0
2046,2014-02-20,348.8,352.5659033622,3.7659033621999924,-3.7659033621999924,13.346056464726985,10.727888731641656,0.0025000000000006406,0.022500000000000825,True,True,339.219846897473,363.29379209384166,24.07394519636864,True,0
2047,2014-02-21,352.44,348.75757365868213,-3.682426341317864,3.682426341317864,13.335334764741134,10.395946211211111,0.0030000000000006406,0.023000000000000825,True,True,335.42223889394097,359.1535198698932,23.731280975952245,True,0
2048,2014-02-24,345.19,352.1646818146585,6.9746818146584815,-6.9746818146584815,12.728566661525036,10.230103404458646,0.0035000000000006406,0.023500000000000826,True,True,339.4361151531334,362.3947852191171,22.95867006598371,True,0
2049,2014-02-25,353.0,345.2369409775766,-7.76305902242342,7.76305902242342,12.198762425887196,10.101439217860275,0.00400000000000064,0.024000000000000826,True,True,333.0381785516894,355.33838019543686,22.30020164374747,True,0
2050,2014-02-26,359.86,352.59414860717646,-7.265851392823549,7.265851392823549,11.535116995791213,9.961538287640906,0.004500000000000641,0.024500000000000827,True,True,341.05903161138525,362.55568689481737,21.49665528343212,True,0
2051,2014-02-27,357.22,359.4469899341941,2.22698993419408,-2.22698993419408,11.088085541567068,9.797875923551942,0.005000000000000641,0.025000000000000827,True,True,348.35890439262704,369.24486585774605,20.88596146511901,True,0
2052,2014-02-28,360.6,357.11463410306936,-3.4853658969306593,3.4853658969306593,10.92408695002726,9.482985308867427,0.0055000000000006415,0.025500000000000828,True,True,346.1905471530421,366.59761941193676,20.407072258894686,True,0
2053,2014-03-03,358.74,360.3307559982188,1.5907559982188104,-1.5907559982188104,10.17138112416589,9.482862958331168,0.006000000000000642,0.026000000000000828,True,True,350.1593748740529,369.81361895655,19.654244082497087,True,0
2054,2014-03-04,363.9,358.6211729491684,-5.27882705083158,5.27882705083158,9.922509939345616,9.271350946718002,0.006500000000000642,0.02650000000000083,True,True,348.6986630098228,367.89252389588637,19.19386088606359,True,0
2055,2014-03-05,364.13,363.57110363002846,-0.558896369971535,0.558896369971535,9.91020213890016,9.219771232147934,0.007000000000000643,0.02700000000000083,True,True,353.6609014911283,372.7908748621764,19.129973371048095,True,0
2056,2014-03-06,374.05,363.94119189318496,-10.108808106815047,10.108808106815047,9.710274197597869,9.160111940275755,0.007500000000000643,0.02750000000000083,True,False,354.2309176955871,373.10130383346075,18.870386137873652,False,1
2057,2014-03-07,374.58,373.5635764237099,-1.0164235762900944,1.0164235762900944,9.482504891545119,12.408820474369577,0.008000000000000644,0.018000000000000828,True,True,364.08107153216474,385.97239689807947,21.891325365914724,True,0
2058,2014-03-10,372.69,374.3751173875547,1.685117387554726,-1.685117387554726,9.092261705948445,12.403943335151723,0.008500000000000644,0.01850000000000083,True,True,365.2828556816063,386.77906072270645,21.496205041100154,True,0
2059,2014-03-11,370.99,372.5859378015725,1.5959378015725179,-1.5959378015725179,8.82209149900882,12.105808063873866,0.009000000000000645,0.01900000000000083,True,True,363.7638463025637,384.69174586544636,20.927899562882658,True,0
2060,2014-03-12,366.4,370.8850233705457,4.4850233705457185,-4.4850233705457185,8.80797472763895,12.046558395810933,0.009500000000000645,0.01950000000000083,True,True,362.07704864290673,382.93158176635666,20.854533123449926,True,0
2061,2014-03-13,376.62,366.3837640640492,-10.236235935950788,10.236235935950788,8.730423433258636,11.785986857519788,0.010000000000000646,0.02000000000000083,True,True,357.6533406307906,378.169750921569,20.516410290778424,True,0
2062,2014-03-14,372.8,376.1357438647295,3.3357438647294657,-3.3357438647294657,8.72131187731074,11.697837578350288,0.010500000000000646,0.02050000000000083,True,True,367.41443198741877,387.83358144307977,20.419149455661,True,0
2063,2014-03-17,375.72,372.73250698616084,-2.9874930138391846,2.9874930138391846,8.635517421451198,11.586417839457766,0.011000000000000646,0.02100000000000083,True,True,364.09698956470965,384.31892482561864,20.221935260908992,True,0
2064,2014-03-18,377.32,375.47123892577525,-1.8487610742247398,1.8487610742247398,8.52262168284659,11.52921809833174,0.011500000000000647,0.02150000000000083,True,True,366.94861724292866,387.000457024107,20.05183978117833,True,0
2065,2014-03-19,378.77,377.09828833523363,-1.6717116647663488,1.6717116647663488,8.445680639693741,11.13140085807197,0.012000000000000647,0.02200000000000083,True,True,368.65260769553987,388.2296891933056,19.577081497765732,True,0
2066,2014-03-20,370.64,378.5571963619483,7.9171963619482995,-7.9171963619482995,8.426878189461377,10.727888731641656,0.012500000000000648,0.022500000000000832,True,True,370.1303181724869,389.28508509358994,19.154766921103032,True,0
2067,2014-03-21,371.0,370.73216786295643,-0.2678321370435697,0.2678321370435697,8.25200881534488,10.395946211211111,0.013000000000000648,0.023000000000000832,True,True,362.48015904761155,381.12811407416757,18.64795502655602,True,0
2068,2014-03-24,360.09,370.8424875966559,10.752487596655897,-10.752487596655897,8.044417114314342,10.236235935950788,0.013500000000000649,0.023500000000000833,False,True,362.79807048234153,381.07872353260666,18.28065305026513,False,1
2069,2014-03-25,354.03,360.267931104631,6.237931104631002,-6.237931104631002,12.198762425887196,10.230103404458646,0.004000000000000649,0.024000000000000833,True,True,348.0691686787438,370.4980345090896,22.428865830345842,True,0
2070,2014-03-26,357.13,354.07175454718544,-3.0582454528145604,3.0582454528145604,11.535116995791213,10.108808106815047,0.004500000000000649,0.024500000000000834,True,True,342.5366375513942,364.1805626540005,21.64392510260626,True,0
2071,2014-03-27,343.15,356.87033565449457,13.72033565449459,-13.72033565449459,11.088085541567068,10.101439217860275,0.00500000000000065,0.025000000000000834,False,True,345.7822501129275,366.97177487235484,21.189524759427343,False,1
2072,2014-03-28,340.05,343.4134001643125,3.363400164312509,-3.363400164312509,inf,9.961538287640906,-0.00449999999999935,0.025500000000000834,True,True,-inf,353.3749384519534,inf,True,0
2073,2014-03-31,342.4,339.99715257219333,-2.4028474278066483,2.4028474278066483,inf,9.797875923551942,-0.0039999999999993496,0.026000000000000835,True,True,-inf,349.79502849574527,inf,True,0
2074,2014-04-01,338.09,342.1533157122663,4.063315712266331,-4.063315712266331,inf,9.482985308867427,-0.0034999999999993496,0.026500000000000835,True,True,-inf,351.6363010211337,inf,True,0
2075,2014-04-02,345.99,338.0463306940461,-7.943669305953904,7.943669305953904,inf,9.482862958331168,-0.0029999999999993495,0.027000000000000836,True,True,-inf,347.5291936523773,inf,True,0
2076,2014-04-03,341.82,345.5617717478407,3.741771747840687,-3.741771747840687,inf,9.219771232147934,-0.0024999999999993495,0.027500000000000836,True,True,-inf,354.7815429799886,inf,True,0
2077,2014-04-04,335.15,341.76413350541543,6.614133505415452,-6.614133505415452,inf,9.160111940275755,-0.0019999999999993495,0.028000000000000837,True,True,-inf,350.9242454456912,inf,True,0
2078,2014-04-07,320.99,335.1951060196935,14.205106019693517,-14.205106019693517,inf,9.14190947534496,-0.0014999999999993495,0.028500000000000837,True,True,-inf,344.3370154950385,inf,True,0
2079,2014-04-08,321.88,321.26458220219,-0.6154177978099824,0.6154177978099824,inf,8.899052843011447,-0.0009999999999993495,0.029000000000000838,True,True,-inf,330.16363504520143,inf,True,0
2080,2014-04-09,328.47,321.6965790266101,-6.773420973389932,6.773420973389932,inf,8.882322395259848,-0.0004999999999993495,0.029500000000000838,True,True,-inf,330.57890142186994,inf,True,0
2081,2014-04-10,330.6,328.0765408770633,-2.5234591229367425,2.5234591229367425,inf,8.88133423138521,6.505213034913027e-16,0.03000000000000084,True,True,-inf,336.9578751084485,inf,True,0
2082,2014-04-11,314.0,330.33779006578817,16.33779006578817,-16.33779006578817,21.80327228429178,8.877833921690922,0.0005000000000006505,0.03050000000000084,True,True,308.5345177814964,339.2156239874791,30.6811062059827,True,0
2083,2014-04-14,317.67,314.33562100388053,-3.334378996119483,3.334378996119483,20.037081608587158,8.855407630738071,0.0010000000000006505,0.03100000000000084,True,True,294.29853939529335,323.1910286346186,28.892489239325243,True,0
2084,2014-04-15,316.7,317.41999790528126,0.719997905281275,-0.719997905281275,16.33779006578817,8.43241410940513,0.0015000000000006506,0.03150000000000084,True,True,301.0822078394931,325.85241201468637,24.77020417519327,True,0
2085,2014-04-16,321.17,316.5430901685435,-4.626909831456544,4.626909831456544,15.648951520661825,7.957321863981775,0.0020000000000006506,0.03200000000000084,True,True,300.8941386478816,324.5004120325252,23.6062733846436,True,0
2086,2014-04-17,319.76,320.84794333200404,1.0879433320040448,-1.0879433320040448,14.962544374099338,7.943669305953904,0.0025000000000006506,0.03250000000000084,True,True,305.8853989579047,328.79161263795794,22.906213680053213,True,0
2087,2014-04-21,323.97,319.61506972544396,-4.354930274556068,4.354930274556068,14.205106019693517,7.815822948360108,0.0030000000000006506,0.03300000000000084,True,True,305.40996370575044,327.43089267380407,22.020928968053624,True,0
2088,2014-04-22,332.0,323.6568137651829,-8.343186234817097,8.343186234817097,13.72033565449459,7.775193047983606,0.0035000000000006506,0.03350000000000084,True,False,309.9364781106883,331.4320068131665,21.49552870247817,False,1
2089,2014-04-23,333.06,331.54590335791937,-1.5140966420806308,1.5140966420806308,13.346056464726985,10.108808106815047,0.004000000000000651,0.02400000000000084,True,True,318.1998468931924,341.6547114647344,23.454864571542032,True,0
2090,2014-04-24,329.67,332.82441538021624,3.1544153802162214,-3.1544153802162214,13.335334764741134,10.101439217860275,0.004500000000000651,0.02450000000000084,True,True,319.48908061547513,342.9258545980765,23.43677398260138,True,0
2091,2014-04-25,316.25,329.59630106355,13.346301063550015,-13.346301063550015,12.728566661525036,9.961538287640906,0.0050000000000006515,0.02500000000000084,False,True,316.867734402025,339.5578393511909,22.690104949165914,False,1
2092,2014-04-28,304.0,316.50141178875805,12.501411788758048,-12.501411788758048,inf,9.797875923551942,-0.004499999999999348,0.02550000000000084,True,True,-inf,326.29928771231,inf,True,0
2093,2014-04-29,296.44,304.22654286711565,7.7865428671156565,-7.7865428671156565,inf,9.482985308867427,-0.003999999999999348,0.026000000000000842,True,True,-inf,313.7095281759831,inf,True,0
2094,2014-04-30,298.1,296.51211232485923,-1.5878876751407915,1.5878876751407915,inf,9.482862958331168,-0.003499999999999348,0.026500000000000842,True,True,-inf,305.9949752831904,inf,True,0
2095,2014-05-01,304.13,297.88985914119314,-6.240140858806853,6.240140858806853,inf,9.271350946718002,-0.002999999999999348,0.027000000000000843,True,True,-inf,307.1612100879112,inf,True,0
2096,2014-05-02,310.42,303.7661455609568,-6.6538544390432435,6.6538544390432435,inf,9.219771232147934,-0.002499999999999348,0.027500000000000843,True,True,-inf,312.9859167931047,inf,True,0
2097,2014-05-05,306.37,310.0382132652748,3.668213265274801,-3.668213265274801,inf,9.160111940275755,-0.001999999999999348,0.028000000000000844,True,True,-inf,319.19832520555053,inf,True,0
2098,2014-05-06,309.53,306.29907699499483,-3.2309230050051383,3.2309230050051383,inf,9.14190947534496,-0.0014999999999993478,0.028500000000000844,True,True,-inf,315.4409864703398,inf,True,0
2099,2014-05-07,295.56,309.26520988503603,13.705209885036027,-13.705209885036027,inf,8.899052843011447,-0.0009999999999993478,0.029000000000000845,True,True,-inf,318.16426272804745,inf,True,0
2100,2014-05-08,290.82,295.7963497353798,4.976349735379813,-4.976349735379813,inf,8.882322395259848,-0.0004999999999993478,0.029500000000000845,True,True,-inf,304.67867213063965,inf,True,0
2101,2014-05-09,290.57,290.8145009410913,0.24450094109130305,-0.24450094109130305,inf,8.877833921690922,6.522560269672795e-16,0.030000000000000845,True,True,-inf,299.6923348627822,inf,True,0
2102,2014-05-12,294.3,290.41482016046916,-3.885179839530849,3.885179839530849,21.80327228429178,8.855407630738071,0.0005000000000006523,0.030500000000000846,True,True,268.6115478761774,299.2702277912072,30.658679915029836,True,0
2103,2014-05-13,302.6,294.01522783265204,-8.584772167347978,8.584772167347978,20.037081608587158,8.43241410940513,0.0010000000000006523,0.031000000000000846,True,False,273.97814622406486,302.4476419420572,28.469495717992345,False,1
2104,2014-05-14,302.5,302.1660781291962,-0.3339218708038061,0.3339218708038061,16.33779006578817,11.13140085807197,0.0015000000000006523,0.021500000000000845,True,True,285.828288063408,313.29747898726816,27.46919092386014,True,0
2105,2014-05-15,298.02,302.30943713520276,4.289437135202775,-4.289437135202775,15.648951520661825,10.727888731641656,0.0020000000000006523,0.022000000000000845,True,True,286.6604856145409,313.0373258668444,26.37684025230351,True,0
2106,2014-05-16,292.8,297.9773635474715,5.1773635474714865,-5.1773635474714865,14.962544374099338,10.395946211211111,0.0025000000000006523,0.022500000000000846,True,True,283.0148191733722,308.3733097586826,25.358490585310392,True,0
2107,2014-05-19,295.76,292.78985783624415,-2.9701421637558383,2.9701421637558383,14.205106019693517,10.236235935950788,0.0030000000000006523,0.023000000000000846,True,True,278.58475181655064,303.02609377219494,24.441341955644305,True,0
2108,2014-05-20,297.1,295.5106048864879,-1.5893951135121256,1.5893951135121256,13.72033565449459,10.230103404458646,0.0035000000000006523,0.023500000000000847,True,True,281.7902692319933,305.74070829094654,23.950439058953236,True,0
2109,2014-05-21,302.21,296.8786641572665,-5.331335842733495,5.331335842733495,13.705209885036027,10.108808106815047,0.004000000000000652,0.024000000000000847,True,True,283.17345427223046,306.98747226408153,23.814017991851074,True,0
2110,2014-05-22,305.05,301.87835856636883,-3.17164143363118,3.17164143363118,13.346301063550015,10.101439217860275,0.004500000000000653,0.024500000000000847,True,True,288.5320575028188,311.9797977842291,23.44774028141029,True,0
2111,2014-05-23,305.46,304.77671390031605,-0.6832860996839258,0.6832860996839258,13.346056464726985,9.961538287640906,0.005000000000000653,0.025000000000000848,True,True,291.43065743558907,314.73825218795696,23.30759475236789,True,0
2112,2014-05-27,314.41,305.2638327571355,-9.146167242864522,9.146167242864522,13.335334764741134,9.797875923551942,0.005500000000000654,0.02550000000000085,True,True,291.92849799239434,315.06170868068745,23.133210688293104,True,0
2113,2014-05-28,309.5,313.9620981573074,4.462098157307423,-4.462098157307423,12.728566661525036,9.482985308867427,0.006000000000000654,0.02600000000000085,True,True,301.23353149578236,323.4450834661749,22.21155197039252,True,0
2114,2014-05-29,310.42,309.4463911365644,-0.9736088634356292,0.9736088634356292,12.501411788758048,9.482862958331168,0.0065000000000006546,0.02650000000000085,True,True,296.94497934780634,318.92925409489555,21.984274747089216,True,0
2115,2014-05-30,314.43,310.2233918823212,-4.2066081176787975,4.2066081176787975,12.198762425887196,9.219771232147934,0.007000000000000655,0.02700000000000085,True,True,298.024629456434,319.44316311446914,21.41853365803513,True,0
2116,2014-06-02,312.59,314.1278209327599,1.537820932759928,-1.537820932759928,11.535116995791213,9.160111940275755,0.0075000000000006554,0.02750000000000085,True,True,302.5927039369687,323.28793287303563,20.69522893606694,True,0
2117,2014-06-03,305.75,312.4556039251356,6.70560392513562,-6.70560392513562,11.088085541567068,9.146167242864522,0.008000000000000656,0.02800000000000085,True,True,301.36751838356855,321.60177116800014,20.23425278443159,True,0
2118,2014-06-04,306.85,305.7767139318979,-1.0732860681021066,1.0732860681021066,10.92408695002726,9.14190947534496,0.008500000000000656,0.02850000000000085,True,True,294.8526269818707,314.9186234072429,20.06599642537219,True,0
2119,2014-06-05,308.1,306.65541051305024,-1.4445894869497806,1.4445894869497806,10.17138112416589,8.899052843011447,0.009000000000000657,0.02900000000000085,True,True,296.4840293888843,315.55446335606166,19.070433967177337,True,0
2120,2014-06-06,325.0,307.8815110783252,-17.118488921674782,17.118488921674782,9.922509939345616,8.882322395259848,0.009500000000000657,0.029500000000000852,True,False,297.9590011389796,316.76383347358507,18.804832334605464,False,1
2121,2014-06-09,331.57,324.30149142937745,-7.268508570622544,7.268508570622544,9.91020213890016,11.785986857519788,0.010000000000000658,0.02000000000000085,True,True,314.3912892904773,336.08747828689724,21.69618899641995,True,0
2122,2014-06-10,327.65,331.1540112170583,3.5040112170583484,-3.5040112170583484,9.710274197597869,11.697837578350288,0.010500000000000658,0.02050000000000085,True,True,321.44373701946046,342.8518487954086,21.408111775948157,True,0
2123,2014-06-11,336.0,327.5611160834905,-8.438883916509496,8.438883916509496,9.482504891545119,11.586417839457766,0.011000000000000659,0.02100000000000085,True,True,318.07861119194536,339.14753392294824,21.068922731002885,True,0
2124,2014-06-12,335.55,335.5781586000576,0.028158600057565764,-0.028158600057565764,9.092261705948445,11.52921809833174,0.011500000000000659,0.021500000000000852,True,True,326.48589689410915,347.1073766983893,20.62147980428017,True,0
2125,2014-06-13,327.05,335.35806783924545,8.308067839245439,-8.308067839245439,8.82209149900882,11.13140085807197,0.01200000000000066,0.022000000000000852,True,True,326.53597634023663,346.4894686973174,19.95349235708079,True,0
2126,2014-06-16,324.86,327.1111676537402,2.251167653740197,-2.251167653740197,8.80797472763895,10.727888731641656,0.01250000000000066,0.022500000000000853,True,True,318.30319292610125,337.83905638538187,19.53586345928062,True,0
2127,2014-06-17,327.54,324.762178825051,-2.777821174948997,2.777821174948997,8.730423433258636,10.395946211211111,0.01300000000000066,0.023000000000000853,True,True,316.0317553917924,335.15812503626216,19.126369644469776,True,0
2128,2014-06-18,328.0,327.28399733340683,-0.7160026665931696,0.7160026665931696,8.72131187731074,10.236235935950788,0.01350000000000066,0.023500000000000854,True,True,318.5626854560961,337.5202332693576,18.9575478132615,True,0
2129,2014-06-19,335.26,327.7944619144654,-7.465538085534604,7.465538085534604,8.635517421451198,10.108808106815047,0.014000000000000661,0.024000000000000854,True,True,319.1589444930142,337.90327002128043,18.744325528266245,True,0
2130,2014-06-20,327.76,334.86051111912855,7.100511119128555,-7.100511119128555,8.52262168284659,10.101439217860275,0.014500000000000662,0.024500000000000854,True,True,326.33788943628196,344.9619503369888,18.624060900706866,True,0
2131,2014-06-23,323.33,327.77260262318634,4.44260262318636,-4.44260262318636,8.445680639693741,9.961538287640906,0.015000000000000662,0.025000000000000855,True,True,319.3269219834926,337.73414091082725,18.407218927334668,True,0
2132,2014-06-24,327.54,323.2960912428298,-4.243908757170232,4.243908757170232,8.308067839245439,9.797875923551942,0.015500000000000663,0.025500000000000855,True,True,314.98802340358435,333.09396716638173,18.10594376279738,True,0
2133,2014-06-25,324.33,327.2459777044959,2.9159777044959014,-2.9159777044959014,8.25200881534488,9.482985308867427,0.016000000000000663,0.026000000000000856,True,True,318.993968889151,336.72896301336334,17.734994124212335,True,0
2134,2014-06-26,328.49,324.226604832568,-4.263395167432009,4.263395167432009,8.044417114314342,9.482862958331168,0.016500000000000663,0.026500000000000856,True,True,316.18218771825366,333.70946779089917,17.52728007264551,True,0
2135,2014-06-27,325.88,328.1920568715499,2.312056871549885,-2.312056871549885,7.938907590292899,9.271350946718002,0.017000000000000664,0.027000000000000857,True,True,320.253149281257,337.4634078182679,17.21025853701093,True,0
2136,2014-06-30,324.98,325.759922312464,0.7799223124640093,-0.7799223124640093,7.9171963619482995,9.219771232147934,0.017500000000000664,0.027500000000000857,True,True,317.8427259505157,334.97969354461196,17.136967594096234,True,0
2137,2014-07-01,325.86,324.83001185228716,-1.0299881477128565,1.0299881477128565,7.851123178345517,9.160111940275755,0.018000000000000665,0.028000000000000858,True,True,316.97888867394164,333.99012379256294,17.0112351186213,True,0
2138,2014-07-02,333.2,325.6524642930228,-7.547535706977214,7.547535706977214,7.7865428671156565,9.146167242864522,0.018500000000000665,0.028500000000000858,True,True,317.8659214259071,334.7986315358873,16.932710109980178,True,0
2139,2014-07-03,334.83,332.79357564923924,-2.03642435076074,2.03642435076074,7.64877024649121,8.899052843011447,0.019000000000000666,0.02900000000000086,True,True,325.14480540274803,341.6926284922507,16.547823089502685,True,0
2140,2014-07-07,337.5,334.57357361901643,-2.926426380983571,2.926426380983571,7.642987594851675,8.882322395259848,0.019500000000000666,0.02950000000000086,True,True,326.93058602416477,343.4558960142763,16.52530999011151,True,0
2141,2014-07-08,333.1,337.23040456602826,4.130404566028233,-4.130404566028233,7.611320153076839,8.88133423138521,0.020000000000000667,0.03000000000000086,True,True,329.6190844129514,346.11173879741347,16.49265438446207,True,0
2142,2014-07-09,324.71,333.0345930339077,8.324593033907718,-8.324593033907718,7.59001311200177,8.877833921690922,0.020500000000000667,0.03050000000000086,False,True,325.4445799219059,341.9124269555986,16.467847033692692,False,1
2143,2014-07-10,324.34,324.7797462801689,0.4397462801689471,-0.4397462801689471,9.482504891545119,8.855407630738071,0.011000000000000667,0.03100000000000086,True,True,315.2972413886238,333.635153910907,18.337912522283204,True,0
2144,2014-07-11,334.71,324.1915764066067,-10.518423593393265,10.518423593393265,9.092261705948445,8.584772167347978,0.011500000000000668,0.03150000000000086,True,False,315.0993147006583,332.7763485739547,17.67703387329641,False,1
2145,2014-07-14,347.03,334.2183337713885,-12.8116662286115,12.8116662286115,8.82209149900882,10.727888731641656,0.012000000000000668,0.02200000000000086,True,False,325.39624227237965,344.9462225030301,19.549980230650476,False,1
2146,2014-07-15,353.72,346.4469914816081,-7.273008518391919,7.273008518391919,8.80797472763895,37.04,0.012500000000000669,0.01250000000000086,True,True,337.63901675396914,383.48699148160813,45.847974727638984,True,0
2147,2014-07-16,355.62,353.3028798803127,-2.3171201196873312,2.3171201196873312,8.730423433258636,36.98,0.013000000000000669,0.01300000000000086,True,True,344.57245644705404,390.2828798803127,45.710423433258654,True,0
2148,2014-07-17,353.44,355.35824882160205,1.9182488216020488,-1.9182488216020488,8.72131187731074,36.7,0.01350000000000067,0.01350000000000086,True,True,346.6369369442913,392.05824882160204,45.42131187731076,True,0
2149,2014-07-18,354.4,353.3062659010682,-1.0937340989318045,1.0937340989318045,8.52262168284659,31.49753328109827,0.01400000000000067,0.01400000000000086,True,True,344.7836442182216,384.8037991821665,40.02015496394489,True,0
2150,2014-07-21,358.1,354.1915663860138,-3.908433613986233,3.908433613986233,8.445680639693741,29.097996727067596,0.01450000000000067,0.014500000000000861,True,True,345.74588574632,383.2895631130814,37.54367736676136,True,0
2151,2014-07-22,355.25,357.8051795885742,2.5551795885742195,-2.5551795885742195,8.426878189461377,17.431662177681503,0.01500000000000067,0.015000000000000862,True,True,349.37830139911284,375.23684176625574,25.858540367142894,True,0
2152,2014-07-23,359.05,355.12901668043247,-3.92098331956754,3.92098331956754,8.324593033907718,17.118488921674782,0.015500000000000671,0.015500000000000862,True,True,346.80442364652475,372.24750560210725,25.4430819555825,True,0
2153,2014-07-24,359.98,358.76372414019306,-1.2162758598069559,1.2162758598069559,8.308067839245439,14.960966199678893,0.01600000000000067,0.01600000000000086,True,True,350.4556563009476,373.7246903398719,23.269034038924303,True,0
2154,2014-07-25,317.3,359.75373337730974,42.45373337730973,-42.45373337730973,8.25200881534488,13.973324868287676,0.01650000000000067,0.01650000000000086,False,True,351.50172456196486,373.7270582455974,22.225333683632527,False,1
2155,2014-07-28,324.25,318.23782467150767,-6.012175328492333,6.012175328492333,12.198762425887196,13.725655545674073,0.007000000000000671,0.01700000000000086,True,True,306.03906224562047,331.96348021718177,25.924417971561297,True,0
2156,2014-07-29,321.98,324.0159491306286,2.0359491306285804,-2.0359491306285804,11.535116995791213,12.8116662286115,0.007500000000000671,0.017500000000000862,True,True,312.4808321348374,336.8276153592401,24.346783224402714,True,0
2157,2014-07-30,321.45,321.83726204313723,0.3872620431372411,-0.3872620431372411,11.088085541567068,12.762369254078436,0.008000000000000672,0.018000000000000863,True,True,310.74917650157016,334.59963129721564,23.850454795645476,True,0
2158,2014-07-31,320.01,321.2875210465948,1.2775210465948135,-1.2775210465948135,10.92408695002726,12.408820474369577,0.008500000000000672,0.018500000000000863,True,True,310.3634340965675,333.6963415209644,23.332907424396865,True,0
2159,2014-08-01,313.69,319.8689220819677,6.178922081967698,-6.178922081967698,10.752487596655897,12.105808063873866,0.009000000000000672,0.019000000000000863,True,True,309.1164344853118,331.9747301458416,22.85829566052979,True,0
2160,2014-08-04,308.84,313.6965956310244,4.856595631024447,-4.856595631024447,10.17138112416589,12.046558395810933,0.009500000000000673,0.019500000000000864,True,True,303.52521450685856,325.7431540268353,22.217939519976767,True,0
2161,2014-08-05,313.65,308.8203450903378,-4.8296549096621675,4.8296549096621675,9.922509939345616,11.785986857519788,0.010000000000000673,0.020000000000000864,True,True,298.8978351509922,320.6063319478576,21.708496796865404,True,0
2162,2014-08-06,310.83,313.340655798881,2.5106557988810323,-2.5106557988810323,9.91020213890016,11.697837578350288,0.010500000000000674,0.020500000000000865,True,True,303.43045365998086,325.0384933772313,21.60803971725045,True,0
2163,2014-08-07,315.21,310.71435623824175,-4.495643761758231,4.495643761758231,9.710274197597869,11.586417839457766,0.011000000000000674,0.021000000000000865,True,True,301.0040820406439,322.30077407769954,21.296692037055664,True,0
2164,2014-08-08,311.94,314.904415053976,2.9644150539759835,-2.9644150539759835,9.482504891545119,11.52921809833174,0.011500000000000675,0.021500000000000866,True,True,305.4219101624309,326.4336331523077,21.01172298987683,True,0
2165,2014-08-11,318.48,311.83997772265474,-6.640022277345281,6.640022277345281,9.092261705948445,11.13140085807197,0.012000000000000675,0.022000000000000866,True,True,302.7477160167063,322.9713785807267,20.2236625640204,True,0
2166,2014-08-12,318.89,318.1072368485861,-0.7827631514138602,0.7827631514138602,8.80797472763895,10.727888731641656,0.012500000000000676,0.022500000000000867,True,True,309.29926212094716,328.8351255802278,19.53586345928062,True,0
2167,2014-08-13,327.6,318.6719059551647,-8.928094044835348,8.928094044835348,8.730423433258636,10.518423593393265,0.013000000000000676,0.023000000000000867,True,True,309.94148252190604,329.19032954855794,19.2488470266519,True,0
2168,2014-08-14,327.8,327.14693606092953,-0.6530639390704778,0.6530639390704778,8.72131187731074,10.395946211211111,0.013500000000000676,0.023500000000000867,True,True,318.42562418361877,337.5428822721407,19.117258088521908,True,0
2169,2014-08-15,334.0,327.5816090645976,-6.418390935402385,6.418390935402385,8.635517421451198,10.230103404458646,0.014000000000000677,0.024000000000000868,True,True,318.9460916431464,337.81171246905626,18.865620825909843,True,0
2170,2014-08-18,335.48,333.62286420348136,-1.8571357965186621,1.8571357965186621,8.52262168284659,10.108808106815047,0.014500000000000677,0.02450000000000087,True,True,325.10024252063477,343.7316723102964,18.631429789661638,True,0
2171,2014-08-19,334.87,335.230447621238,0.360447621237995,-0.360447621237995,8.445680639693741,10.101439217860275,0.015000000000000678,0.02500000000000087,True,True,326.78476698154424,345.3318868390983,18.547119857554037,True,0
2172,2014-08-20,334.68,334.69438207138984,0.014382071389832163,-0.014382071389832163,8.426878189461377,9.961538287640906,0.015500000000000678,0.02550000000000087,True,True,326.26750388192846,344.65592035903074,18.388416477102282,True,0
2173,2014-08-21,336.48,334.49695271869314,-1.983047281306881,1.983047281306881,8.324593033907718,9.797875923551942,0.016000000000000677,0.02600000000000087,True,True,326.1723596847854,344.2948286422451,18.12246895745966,True,0
2174,2014-08-22,332.99,336.23613980115675,3.246139801156744,-3.246139801156744,8.308067839245439,9.482985308867427,0.016500000000000677,0.02650000000000087,True,True,327.9280719619113,345.71912511002415,17.791053148112837,True,0
2175,2014-08-25,333.21,332.8993681416899,-0.31063185831010287,0.31063185831010287,8.25200881534488,9.482862958331168,0.017000000000000678,0.02700000000000087,True,True,324.647359326345,342.38223110002104,17.734871773676048,True,0
2176,2014-08-26,337.0,333.02191845079165,-3.9780815492083548,3.9780815492083548,7.938907590292899,9.271350946718002,0.017500000000000678,0.02750000000000087,True,True,325.08301086049875,342.2932693975097,17.21025853701093,True,0
2177,2014-08-27,342.09,336.6950470331314,-5.394952966868573,5.394952966868573,7.9171963619482995,9.219771232147934,0.01800000000000068,0.02800000000000087,True,True,328.7778506711831,345.91481826527934,17.136967594096234,True,0
2178,2014-08-28,340.0,341.7362353045383,1.7362353045382974,-1.7362353045382974,7.851123178345517,9.146167242864522,0.01850000000000068,0.028500000000000872,True,True,333.8851121261928,350.8824025474028,16.99729042121004,True,0
2179,2014-08-29,341.76,339.85769247154576,-1.9023075284542301,1.9023075284542301,7.7865428671156565,9.14190947534496,0.01900000000000068,0.029000000000000872,True,True,332.0711496044301,348.9996019468907,16.928452342460616,True,0
2180,2014-09-02,339.98,341.52087114817937,1.540871148179349,-1.540871148179349,7.64877024649121,8.928094044835348,0.01950000000000068,0.029500000000000873,True,True,333.87210090168816,350.4489651930147,16.576864291326558,True,0
2181,2014-09-03,342.54,339.8370983240889,-2.7029016759111073,2.7029016759111073,7.642987594851675,8.899052843011447,0.02000000000000068,0.030000000000000873,True,True,332.19411072923725,348.7361511671004,16.542040437863136,True,0
2182,2014-09-04,343.69,342.27575708067786,-1.4142429193221346,1.4142429193221346,7.611320153076839,8.882322395259848,0.02050000000000068,0.030500000000000874,True,True,334.664436927601,351.1580794759377,16.49364254833671,True,0
2183,2014-09-05,346.3,343.45715110690236,-2.8428488930976528,2.8428488930976528,7.59001311200177,8.88133423138521,0.02100000000000068,0.031000000000000874,True,True,335.8671379949006,352.33848533828757,16.47134734338698,True,0
2184,2014-09-08,344.54,346.0265201146722,1.486520114672203,-1.486520114672203,7.478864558471457,8.877833921690922,0.021500000000000682,0.031500000000000875,True,True,338.54765555620077,354.90435403636315,16.35669848016238,True,0
2185,2014-09-09,341.61,344.39362054929603,2.7836205492960175,-2.7836205492960175,7.307635926972694,8.855407630738071,0.022000000000000682,0.032000000000000875,True,True,337.08598462232334,353.2490281800341,16.16304355771075,True,0
2186,2014-09-10,334.3,341.50923958864263,7.2092395886426175,-7.2092395886426175,7.206149293916951,8.438883916509496,0.022500000000000683,0.032500000000000875,False,True,334.3030902947257,349.9481235051521,15.645033210426448,False,1
2187,2014-09-11,329.94,334.33076628067494,4.390766280674939,-4.390766280674939,8.730423433258636,8.43241410940513,0.013000000000000683,0.033000000000000876,True,True,325.6003428474163,342.76318039008004,17.162837542663738,True,0
2188,2014-09-12,329.56,329.8945508382587,0.3345508382586786,-0.3345508382586786,8.72131187731074,8.343186234817097,0.013500000000000683,0.033500000000000876,True,True,321.17323896094797,338.2377370730758,17.064498112127808,True,0
2189,2014-09-15,330.91,329.39171031945295,-1.5182896805470705,1.5182896805470705,8.635517421451198,7.957321863981775,0.014000000000000684,0.03400000000000088,True,True,320.75619289800176,337.3490321834347,16.592839285432945,True,0
2190,2014-09-16,321.07,330.6813311334681,9.611331133468127,-9.611331133468127,8.52262168284659,7.943669305953904,0.014500000000000684,0.03450000000000088,False,True,322.15870945062153,338.625000439422,16.466290988800495,False,1
2191,2014-09-17,327.76,321.16661123971113,-6.59338876028886,6.59338876028886,13.346301063550015,7.815822948360108,0.0050000000000006845,0.03500000000000088,True,True,307.8203101761611,328.98243418807124,21.162124011910123,True,0
2192,2014-09-18,325.44,327.39123014939355,1.9512301493935524,-1.9512301493935524,13.335334764741134,7.775193047983606,0.005500000000000685,0.03550000000000088,True,True,314.05589538465244,335.1664231973772,21.11052781272474,True,0
2193,2014-09-19,327.6,325.3068927359021,-2.2931072640978982,2.2931072640978982,12.728566661525036,7.76305902242342,0.006000000000000685,0.03600000000000088,True,True,312.57832607437706,333.06995175832554,20.491625683948484,True,0
2194,2014-09-22,328.49,327.35084751366566,-1.1391524863343534,1.1391524863343534,12.501411788758048,7.586408126159938,0.006500000000000686,0.03650000000000088,True,True,314.8494357249076,334.9372556398256,20.087819914917986,True,0
2195,2014-09-23,322.46,328.26963641578203,5.809636415782052,-5.809636415782052,12.198762425887196,7.547535706977214,0.007000000000000686,0.03700000000000088,True,True,316.07087398989484,335.81717212275925,19.74629813286441,True,0
2196,2014-09-24,324.17,322.45052636230747,-1.7194736376925448,1.7194736376925448,11.535116995791213,7.515999355947315,0.007500000000000687,0.03750000000000088,True,True,310.91540936651626,329.9665257182548,19.05111635173853,True,0
2197,2014-09-25,327.99,323.9434559197108,-4.046544080289209,4.046544080289209,11.088085541567068,7.465538085534604,0.008000000000000687,0.03800000000000088,True,True,312.85537037814373,331.4089940052454,18.553623627101672,True,0
2198,2014-09-26,320.6,327.68153007163846,7.08153007163844,-7.08153007163844,10.92408695002726,7.44716251038102,0.008500000000000688,0.03850000000000088,True,True,316.75744312161123,335.1286925820195,18.37124946040825,True,0
2199,2014-09-29,320.5,320.62570111689587,0.12570111689586838,-0.12570111689586838,10.752487596655897,7.407676093026502,0.009000000000000688,0.03900000000000088,True,True,309.87321352024,328.0333772099224,18.160163689682406,True,0
2200,2014-09-30,321.36,320.3338559971494,-1.0261440028506286,1.0261440028506286,10.17138112416589,7.309480326726231,0.009500000000000688,0.03950000000000088,True,True,310.16247487298347,327.6433363238756,17.48086145089212,True,0
2201,2014-10-01,322.04,321.1475603393956,-0.8924396606043956,0.8924396606043956,9.91020213890016,7.273008518391919,0.010000000000000689,0.04000000000000088,True,True,311.23735820049546,328.42056885778754,17.18321065729208,True,0
2202,2014-10-02,316.92,321.83044771226236,4.910447712262339,-4.910447712262339,9.710274197597869,7.268508570622544,0.01050000000000069,0.04050000000000088,True,True,312.1201735146645,329.0989562828849,16.978782768220412,True,0
2203,2014-10-03,320.36,316.8871098464998,-3.4728901535002024,3.4728901535002024,9.611331133468127,7.265851392823549,0.01100000000000069,0.04100000000000088,True,True,307.2757787130317,324.15296123932336,16.877182526291676,True,0
2204,2014-10-06,323.5,320.08117563499593,-3.4188243650040704,3.4188243650040704,9.482504891545119,7.1919732461433625,0.01150000000000069,0.04150000000000088,True,True,310.59867074345084,327.27314888113926,16.674478137688425,True,0
2205,2014-10-07,319.43,323.2081635236493,3.7781635236493116,-3.7781635236493116,9.092261705948445,7.1913533907224405,0.01200000000000069,0.042000000000000884,True,True,314.1159018177009,330.39951691437176,16.28361509667087,True,0
2206,2014-10-08,316.58,319.3588082113046,2.7788082113046357,-2.7788082113046357,8.82209149900882,7.180451173836502,0.012500000000000691,0.042500000000000884,True,True,310.5367167122958,326.5392593851411,16.002542672845323,True,0
2207,2014-10-09,321.49,316.4919012460547,-4.998098753945328,4.998098753945328,8.80797472763895,7.13556167303318,0.013000000000000692,0.043000000000000885,True,True,307.6839265184157,323.62746291908786,15.943536400672144,True,0
2208,2014-10-10,314.02,321.16106133558054,7.141061335580559,-7.141061335580559,8.730423433258636,7.075858099101708,0.013500000000000692,0.043500000000000885,True,True,312.4306379023219,328.23691943468225,15.806281532360344,True,0
2209,2014-10-13,309.87,314.0495277850626,4.179527785062589,-4.179527785062589,8.72131187731074,7.071300597949119,0.014000000000000692,0.044000000000000886,True,True,305.3282159077519,321.1208283830117,15.79261247525983,True,0
2210,2014-10-14,308.0,309.8339667137373,1.8339667137373112,-1.8339667137373112,8.52262168284659,7.069596295404779,0.014500000000000693,0.044500000000000886,True,True,301.3113450308907,316.9035630091421,15.59221797825137,True,0
2211,2014-10-15,304.35,307.88689595723486,3.536895957234833,-3.536895957234833,8.445680639693741,7.06697954095597,0.015000000000000693,0.045000000000000887,True,True,299.4412153175411,314.9538754981908,15.512660180649732,True,0
2212,2014-10-16,293.83,304.2858537765707,10.455853776570734,-10.455853776570734,8.426878189461377,6.870571202061143,0.015500000000000694,0.04550000000000089,False,True,295.85897558710934,311.1564249786319,15.297449391522548,False,1
2213,2014-10-17,307.15,293.9757923137778,-13.17420768622219,13.17420768622219,12.728566661525036,6.836116549953033,0.006000000000000694,0.04600000000000089,True,False,281.2472256522527,300.8119088637308,19.564683211478098,False,1
2214,2014-10-20,302.95,306.5778986884558,3.6278986884557867,-3.6278986884557867,12.501411788758048,7.686476547247764,0.0065000000000006945,0.036500000000000886,True,True,294.0764868996977,314.26437523570354,20.187888336005813,True,0
2215,2014-10-21,309.9,302.86838876140865,-7.031611238591324,7.031611238591324,12.198762425887196,7.586408126159938,0.007000000000000695,0.037000000000000886,True,True,290.66962633552146,310.4547968875686,19.785170552047134,True,0
2216,2014-10-22,315.43,309.50470341359716,-5.925296586402851,5.925296586402851,11.535116995791213,7.515999355947315,0.007500000000000695,0.03750000000000089,True,True,297.96958641780594,317.02070276954447,19.05111635173853,True,0
2217,2014-10-23,313.4,315.05621629285673,1.6562162928567545,-1.6562162928567545,11.088085541567068,7.465538085534604,0.008000000000000696,0.03800000000000089,True,True,303.96813075128966,322.52175437839134,18.553623627101672,True,0
2218,2014-10-24,284.4,313.26785267240183,28.867852672401852,-28.867852672401852,10.92408695002726,7.44716251038102,0.008500000000000696,0.03850000000000089,False,True,302.34376572237454,320.71501518278285,18.371249460408308,False,1
2219,2014-10-27,285.7,285.0935162037431,-0.6064837962568959,0.6064837962568959,inf,7.407676093026502,-0.0009999999999993035,0.03900000000000089,True,True,-inf,292.5011922967696,inf,True,0
2220,2014-10-28,289.76,285.5803514134694,-4.179648586530618,4.179648586530618,inf,7.309480326726231,-0.0004999999999993035,0.03950000000000089,True,True,-inf,292.88983174019563,inf,True,0
2221,2014-10-29,299.11,289.45684196852847,-9.653158031471548,9.653158031471548,inf,7.293311411946831,6.96491475604688e-16,0.04000000000000089,True,False,-inf,296.7501533804753,inf,False,1
2222,2014-10-30,293.98,298.62421921424453,4.644219214244515,-4.644219214244515,34.7120327640111,8.899052843011447,0.0005000000000006965,0.030500000000000888,True,True,263.91218645023343,307.523272057256,43.611085607022574,True,0
2223,2014-10-31,305.15,293.9255463750868,-11.224453624913167,11.224453624913167,28.867852672401852,8.882322395259848,0.0010000000000006965,0.031000000000000888,True,False,265.05769370268496,302.80786877034666,37.7501750676617,False,1
2224,2014-11-03,306.24,304.6297329898722,-1.6102670101278136,1.6102670101278136,21.80327228429178,11.52921809833174,0.0015000000000006965,0.021500000000000886,True,True,282.8264607055804,316.15895108820393,33.33249038262352,True,0
2225,2014-11-04,303.99,305.9849564756612,1.9949564756611835,-1.9949564756611835,20.037081608587158,11.224453624913167,0.0020000000000006965,0.022000000000000887,True,True,285.947874867074,317.20941010057436,31.261535233500354,True,0
2226,2014-11-05,303.01,303.87665868895596,0.8666586889559653,-0.8666586889559653,16.33779006578817,10.727888731641656,0.0025000000000006965,0.022500000000000887,True,True,287.5388686231678,314.6045474205976,27.065678797429825,True,0
2227,2014-11-06,296.69,302.8696806099745,6.179680609974525,-6.179680609974525,15.648951520661825,10.518423593393265,0.0030000000000006966,0.023000000000000888,True,True,287.2207290893127,313.3881042033678,26.167375114055062,True,0
2228,2014-11-07,297.82,296.7137886538904,-1.1062113461096033,1.1062113461096033,14.962544374099338,10.395946211211111,0.0035000000000006966,0.023500000000000888,True,True,281.7512442797911,307.1097348651015,25.358490585310392,True,0
2229,2014-11-10,300.0,297.6307236249102,-2.3692763750897825,2.3692763750897825,14.205106019693517,10.236235935950788,0.004000000000000697,0.02400000000000089,True,True,283.4256176052167,307.866959560861,24.441341955644305,True,0
2230,2014-11-11,305.94,299.7499215234282,-6.1900784765717844,6.1900784765717844,13.705209885036027,10.230103404458646,0.004500000000000696,0.02450000000000089,True,True,286.0447116383922,309.98002492788686,23.935313289494673,True,0
2231,2014-11-12,310.75,305.563734436584,-5.186265563415986,5.186265563415986,13.346301063550015,10.108808106815047,0.005000000000000697,0.02500000000000089,True,True,292.217433373034,315.67254254339906,23.455109170365063,True,0
2232,2014-11-13,312.0,310.39456554322817,-1.6054344567718317,1.6054344567718317,13.346056464726985,10.101439217860275,0.005500000000000697,0.02550000000000089,True,True,297.0485090785012,320.49600476108844,23.44749568258726,True,0
2233,2014-11-14,317.12,311.760187131742,-5.359812868258018,5.359812868258018,13.335334764741134,9.797875923551942,0.0060000000000006975,0.02600000000000089,True,True,298.4248523670009,321.5580630552939,23.133210688293047,True,0
2234,2014-11-17,326.44,316.7693683676172,-9.670631632382822,9.670631632382822,12.728566661525036,9.653158031471548,0.006500000000000698,0.02650000000000089,True,False,304.0408017060921,326.4225263990887,22.381724692996613,False,1
2235,2014-11-18,323.99,325.9421809169004,1.9521809169003745,-1.9521809169003745,12.501411788758048,13.17420768622219,0.007000000000000698,0.01700000000000089,True,True,313.44076912814234,339.1163886031226,25.675619474980238,True,0
2236,2014-11-19,327.25,323.84426490116033,-3.4057350988396706,3.4057350988396706,12.198762425887196,12.762369254078436,0.007500000000000699,0.01750000000000089,True,True,311.64550247527313,336.6066341552388,24.96113167996566,True,0
2237,2014-11-20,324.0,326.9654168122223,2.9654168122223155,-2.9654168122223155,11.535116995791213,12.408820474369577,0.0080000000000007,0.01800000000000089,True,True,315.4302998164311,339.3742372865919,23.94393747016079,True,0
2238,2014-11-21,335.42,323.89993381596884,-11.52006618403118,11.52006618403118,10.92408695002726,12.403943335151723,0.0085000000000007,0.01850000000000089,True,True,312.97584686594155,336.30387715112056,23.32803028517901,True,0
2239,2014-11-24,334.78,334.8739946946825,0.09399469468252164,-0.09399469468252164,10.752487596655897,12.105808063873866,0.0090000000000007,0.01900000000000089,True,True,324.1215070980266,346.9798027585564,22.85829566052979,True,0
2240,2014-11-25,335.27,334.5724778709523,-0.6975221290476838,0.6975221290476838,10.455853776570734,12.046558395810933,0.0095000000000007,0.01950000000000089,True,True,324.11662409438156,346.61903626676326,22.502412172381696,True,0
2241,2014-11-26,333.78,335.06208585479067,1.2820858547906937,-1.2820858547906937,10.17138112416589,11.785986857519788,0.010000000000000701,0.020000000000000892,True,True,324.89070473062475,346.84807271231045,21.957367981685707,True,0
2242,2014-11-28,336.03,333.630931286665,-2.399068713334998,2.399068713334998,9.922509939345616,11.697837578350288,0.010500000000000701,0.020500000000000893,True,True,323.70842134731936,345.32876886501526,21.620347517695905,True,0
2243,2014-12-01,338.12,335.7692036608539,-2.350796339146086,2.350796339146086,9.91020213890016,11.52921809833174,0.011000000000000702,0.021000000000000893,True,True,325.85900152195376,347.29842175918566,21.4394202372319,True,0
2244,2014-12-02,327.5,337.8529542557082,10.352954255708198,-10.352954255708198,9.710274197597869,11.52006618403118,0.011500000000000702,0.021500000000000893,False,True,328.14268005811033,349.3730204397394,21.23034038162905,False,1
2245,2014-12-03,325.73,327.62879144192055,1.8987914419205367,-1.8987914419205367,20.037081608587158,11.224453624913167,0.0020000000000007026,0.022000000000000894,True,True,307.5917098333334,338.8532450668337,31.261535233500297,True,0
2246,2014-12-04,315.53,325.6248737953003,10.094873795300316,-10.094873795300316,16.33779006578817,11.13140085807197,0.0025000000000007026,0.022500000000000894,True,True,309.2870837295121,336.75627465337226,27.46919092386014,True,0
2247,2014-12-05,316.8,315.6585124755415,-1.1414875244585119,1.1414875244585119,15.648951520661825,10.727888731641656,0.0030000000000007026,0.023000000000000895,True,True,300.0095609548797,326.38640120718316,26.376840252303452,True,0
2248,2014-12-08,311.57,316.5971144101935,5.027114410193519,-5.027114410193519,14.962544374099338,10.518423593393265,0.0035000000000007026,0.023500000000000895,True,True,301.63457003609415,327.1155380035868,25.48096796749263,True,0
2249,2014-12-09,302.99,311.54436997936557,8.55436997936556,-8.55436997936556,14.205106019693517,10.395946211211111,0.004000000000000703,0.024000000000000896,True,True,297.33926395967205,321.9403161905767,24.601052230904656,True,0
2250,2014-12-10,312.0,303.08124767117624,-8.918752328823757,8.918752328823757,13.705209885036027,10.230103404458646,0.004500000000000703,0.024500000000000896,True,True,289.3760377861402,313.3113510756349,23.935313289494673,True,0
2251,2014-12-11,307.89,311.55048532259735,3.660485322597367,-3.660485322597367,13.346301063550015,10.108808106815047,0.0050000000000007035,0.025000000000000897,True,True,298.20418425904734,321.6592934294124,23.455109170365063,True,0
2252,2014-12-12,303.99,307.8167651694555,3.8267651694554843,-3.8267651694554843,13.346056464726985,10.101439217860275,0.005500000000000704,0.025500000000000897,True,True,294.4707087047285,317.91820438731577,23.44749568258726,True,0
2253,2014-12-15,308.87,303.94150626914364,-4.92849373085636,4.92849373085636,13.335334764741134,9.961538287640906,0.006000000000000704,0.026000000000000897,True,True,290.6061715044025,313.90304455678455,23.296873052382068,True,0
2254,2014-12-16,304.35,308.542374926536,4.19237492653599,-4.19237492653599,12.728566661525036,9.797875923551942,0.006500000000000705,0.026500000000000898,True,True,295.81380826501095,318.34025085008795,22.526442585077007,True,0
2255,2014-12-17,296.37,304.3002506630997,7.9302506630996845,-7.9302506630996845,12.501411788758048,9.670631632382822,0.007000000000000705,0.0270000000000009,True,True,291.79883887434164,313.9708822954825,22.17204342114087,True,0
2256,2014-12-18,304.01,296.4541618892656,-7.555838110734385,7.555838110734385,12.198762425887196,9.482985308867427,0.007500000000000706,0.0275000000000009,True,True,284.2553994633784,305.93714719813306,21.68174773475465,True,0
2257,2014-12-19,296.91,303.60771559086635,6.6977155908663235,-6.6977155908663235,11.088085541567068,9.482862958331168,0.008000000000000706,0.0280000000000009,True,True,292.5196300492993,313.0905785491975,20.570948499898236,True,0
2258,2014-12-22,301.94,296.94114575776086,-4.998854242239133,4.998854242239133,10.92408695002726,9.271350946718002,0.008500000000000707,0.0285000000000009,True,True,286.01705880773363,306.2124967044789,20.19543789674526,True,0
2259,2014-12-23,306.98,301.61359103001854,-5.366408969981478,5.366408969981478,10.752487596655897,9.219771232147934,0.009000000000000707,0.0290000000000009,True,True,290.86110343336264,310.8333622621665,19.97225882880383,True,0
2260,2014-12-24,306.38,306.62128320885677,0.24128320885677113,-0.24128320885677113,10.455853776570734,9.160111940275755,0.009500000000000708,0.0295000000000009,True,True,296.16542943228603,315.78139514913255,19.615965716846517,True,0
2261,2014-12-26,305.0,306.2050453832875,1.2050453832874837,-1.2050453832874837,10.352954255708198,9.146167242864522,0.010000000000000708,0.0300000000000009,True,True,295.8520911275793,315.351212626152,19.49912149857272,True,0
2262,2014-12-29,307.85,304.86568121280544,-2.9843187871945815,2.9843187871945815,10.17138112416589,9.14190947534496,0.010500000000000708,0.0305000000000009,True,True,294.6943000886396,314.0075906881504,19.31329059951082,True,0
2263,2014-12-30,309.91,307.57925296680855,-2.3307470331914715,2.3307470331914715,10.094873795300316,8.918752328823757,0.011000000000000709,0.031000000000000902,True,True,297.48437917150824,316.4980052956323,19.013626124124073,True,0
2264,2014-12-31,311.55,309.65251109811373,-1.8974889018862768,1.8974889018862768,9.91020213890016,8.899052843011447,0.01150000000000071,0.0315000000000009,True,True,299.7423089592136,318.5515639411252,18.809254981911636,True,0
2265,2015-01-02,312.58,311.3074729488867,-1.2725270511132862,1.2725270511132862,9.710274197597869,8.882322395259848,0.01200000000000071,0.0320000000000009,True,True,301.59719875128883,320.18979534414655,18.592596592857717,True,0
2266,2015-01-05,307.01,312.3578198047821,5.347819804782091,-5.347819804782091,9.611331133468127,8.88133423138521,0.01250000000000071,0.0325000000000009,True,True,302.74648867131395,321.2391540361673,18.492665364853337,True,0
2267,2015-01-06,302.24,307.00391740649985,4.763917406499843,-4.763917406499843,9.482504891545119,8.877833921690922,0.01300000000000071,0.033000000000000904,True,True,297.5214125149547,315.8817513281908,18.36033881323607,True,0
2268,2015-01-07,297.5,302.22790813333967,4.7279081333396675,-4.7279081333396675,9.092261705948445,8.855407630738071,0.013500000000000711,0.033500000000000904,True,True,293.13564642739124,311.0833157640777,17.947669336686488,True,0
2269,2015-01-08,300.32,297.48622932208525,-2.8337706779147425,2.8337706779147425,8.82209149900882,8.438883916509496,0.014000000000000712,0.034000000000000904,True,True,288.66413782307643,305.92511323859475,17.260975415518317,True,0
2270,2015-01-09,301.48,300.06445833110945,-1.4155416688905689,1.4155416688905689,8.80797472763895,8.43241410940513,0.014500000000000712,0.034500000000000905,True,True,291.2564836034705,308.4968724405146,17.240388837044122,True,0
2271,2015-01-12,297.56,301.25734770960435,3.697347709604344,-3.697347709604344,8.72131187731074,8.343186234817097,0.015000000000000712,0.035000000000000905,True,True,292.5360358322936,309.60053394442144,17.064498112127865,True,0
2272,2015-01-13,297.48,297.5061474873658,0.026147487365790312,-0.026147487365790312,8.635517421451198,7.957321863981775,0.015500000000000713,0.035500000000000906,True,True,288.8706300659146,305.4634693513476,16.592839285433,True,0
2273,2015-01-14,291.93,297.31786984909775,5.38786984909774,-5.38786984909774,8.55436997936556,7.943669305953904,0.01600000000000071,0.036000000000000906,True,True,288.7634998697322,305.26153915505165,16.498039285319464,True,0
2274,2015-01-15,294.0,291.93461980634294,-2.065380193657063,2.065380193657063,8.52262168284659,7.815822948360108,0.016500000000000712,0.03650000000000091,True,True,283.41199812349635,299.75044275470304,16.3384446312067,True,0
2275,2015-01-16,286.28,293.7747374289464,7.494737428946451,-7.494737428946451,8.445680639693741,7.76305902242342,0.017000000000000712,0.03700000000000091,True,True,285.32905678925266,301.53779645136984,16.208739662117182,True,0
2276,2015-01-20,292.59,286.35319798701744,-6.236802012982537,6.236802012982537,8.426878189461377,7.686476547247764,0.017500000000000713,0.03750000000000091,True,True,277.92631979755606,294.0396745342652,16.11335473670914,True,0
2277,2015-01-21,289.64,292.2276178021368,2.5876178021368332,-2.5876178021368332,8.324593033907718,7.586408126159938,0.018000000000000713,0.03800000000000091,True,True,283.9030247682291,299.81402592829676,15.911001160067656,True,0
2278,2015-01-22,300.0,289.5532091478098,-10.44679085219019,10.44679085219019,8.25200881534488,7.555838110734385,0.018500000000000714,0.03850000000000091,True,False,281.30120033246493,297.1090472585442,15.807846926079264,False,1
2279,2015-01-23,308.08,299.48135824708413,-8.598641752915853,8.598641752915853,8.044417114314342,9.219771232147934,0.019000000000000714,0.029000000000000907,True,True,291.4369411327698,308.70112947923207,17.264188346462277,True,0
2280,2015-01-26,311.82,307.614959332484,-4.205040667516016,4.205040667516016,7.938907590292899,9.160111940275755,0.019500000000000715,0.029500000000000907,True,True,299.6760517421911,316.77507127275976,17.099019530568683,True,0
2281,2015-01-27,306.3,311.5030796531425,5.203079653142481,-5.203079653142481,7.9302506630996845,9.146167242864522,0.020000000000000715,0.030000000000000908,True,True,303.5728289900428,320.649246896007,17.076417905964206,True,0
2282,2015-01-28,309.81,306.2884015090276,-3.5215984909723943,3.5215984909723943,7.9171963619482995,9.14190947534496,0.020500000000000716,0.03050000000000091,True,True,298.3712051470793,315.43031098437257,17.05910583729326,True,0
2283,2015-01-29,304.73,309.5217101038884,4.791710103888363,-4.791710103888363,7.851123178345517,8.928094044835348,0.021000000000000716,0.03100000000000091,True,True,301.67058692554286,318.44980414872373,16.779217223180865,True,0
2284,2015-01-30,346.32,304.70792368124427,-41.612076318755726,41.612076318755726,7.64877024649121,8.918752328823757,0.021500000000000716,0.03150000000000091,True,False,297.05915343475306,313.626676010068,16.567522575314968,False,1
2285,2015-02-02,350.05,344.62964833354613,-5.4203516664538824,5.4203516664538824,7.642987594851675,11.224453624913167,0.022000000000000717,0.022000000000000908,True,True,336.98666073869447,355.8541019584593,18.867441219764828,True,0
2286,2015-02-03,360.29,349.69083495333706,-10.59916504666296,10.59916504666296,7.611320153076839,11.13140085807197,0.022500000000000717,0.022500000000000908,True,True,342.0795148002602,360.82223581140903,18.74272101114883,True,0
2287,2015-02-04,358.38,359.75383623430497,1.3738362343049744,-1.3738362343049744,7.59001311200177,10.727888731641656,0.023000000000000718,0.02300000000000091,True,True,352.1638231223032,370.4817249659466,18.317901843643426,True,0
2288,2015-02-05,366.0,358.2508840481991,-7.7491159518008885,7.7491159518008885,7.494737428946451,10.59916504666296,0.023500000000000718,0.02350000000000091,True,True,350.75614661925266,368.8500490948621,18.09390247560941,True,0
2289,2015-02-06,374.87,365.53775270505133,-9.332247294948672,9.332247294948672,7.478864558471457,10.518423593393265,0.02400000000000072,0.02400000000000091,True,True,358.0588881465799,376.0561762984446,17.997288151864723,True,0
2290,2015-02-09,371.0,374.3863387175728,3.386338717572812,-3.386338717572812,7.307635926972694,10.395946211211111,0.02450000000000072,0.02450000000000091,True,True,367.0787027906001,384.78228492878395,17.703582138183833,True,0
2291,2015-02-10,371.19,370.9294146545643,-0.2605853454356861,0.2605853454356861,7.2092395886426175,10.236235935950788,0.02500000000000072,0.02500000000000091,True,True,363.7201750659217,381.1656505905151,17.445475524593405,True,0
2292,2015-02-11,371.23,370.96661305226996,-0.263386947730055,0.263386947730055,7.206149293916951,10.230103404458646,0.02550000000000072,0.02550000000000091,True,True,363.760463758353,381.1967164567286,17.436252698375597,True,0
2293,2015-02-12,375.1,371.0186308099975,-4.081369190002533,4.081369190002533,7.178835412782433,10.108808106815047,0.02600000000000072,0.02600000000000091,True,True,363.8397953972151,381.12743891681254,17.287643519597452,True,0
2294,2015-02-13,378.41,374.76374165342924,-3.6462583465707894,3.6462583465707894,7.141061335580559,10.101439217860275,0.02650000000000072,0.02650000000000091,True,True,367.6226803178487,384.8651808712895,17.242500553440834,True,0
2295,2015-02-17,377.72,378.09853087692926,0.3785308769292328,-0.3785308769292328,7.101294528237247,9.961538287640906,0.02700000000000072,0.027000000000000912,True,True,370.997236348692,388.06006916457017,17.062832815878153,True,0
2296,2015-02-18,375.42,377.5364924799656,2.1164924799655864,-2.1164924799655864,7.08153007163844,9.670631632382822,0.027500000000000722,0.027500000000000913,True,True,370.45496240832716,387.2071241123484,16.752161704021262,True,0
2297,2015-02-19,373.49,375.2812405073119,1.7912405073118975,-1.7912405073118975,6.9746818146584815,9.653158031471548,0.028000000000000722,0.028000000000000913,True,True,368.3065586926534,384.93439853878346,16.62783984613003,True,0
2298,2015-02-20,378.62,373.3368339266417,-5.283166073358302,5.283166073358302,6.842809183738666,9.482985308867427,0.028500000000000723,0.028500000000000913,True,True,366.49402474290304,382.81981923550916,16.32579449260612,True,0
2299,2015-02-23,383.44,378.23877471832475,-5.201225281675249,5.201225281675249,6.786129721740679,9.482862958331168,0.029000000000000723,0.029000000000000914,True,True,371.45264499658407,387.7216376766559,16.268992680071847,True,0
2300,2015-02-24,378.65,383.0806897353645,4.430689735364524,-4.430689735364524,6.76131477680417,9.332247294948672,0.029500000000000724,0.029500000000000914,True,True,376.31937495856033,392.4129370303132,16.093562071752842,True,0
2301,2015-02-25,377.27,378.59861565884484,1.3286156588448534,-1.3286156588448534,6.723469265502757,9.219771232147934,0.030000000000000724,0.030000000000000915,True,True,371.8751463933421,387.81838689099277,15.943240497650663,True,0
2302,2015-02-26,384.07,377.09528861753273,-6.974711382467262,6.974711382467262,6.70560392513562,9.160111940275755,0.030500000000000724,0.030500000000000915,True,True,370.3896846923971,386.25540055780846,15.865715865411346,True,0
2303,2015-02-27,384.0,383.63477321448954,-0.3652267855104583,0.3652267855104583,6.6977155908663235,9.146167242864522,0.031000000000000725,0.031000000000000916,True,True,376.9370576236232,392.78094045735406,15.843882833730845,True,0
2304,2015-03-02,380.85,383.79902363328847,2.949023633288448,-2.949023633288448,6.695297591312965,9.14190947534496,0.03150000000000072,0.031500000000000916,True,True,377.1037260419755,392.94093310863343,15.837207066657925,True,0
2305,2015-03-03,383.95,380.73852828994256,-3.211471710057424,3.211471710057424,6.683039307048034,8.928094044835348,0.03200000000000072,0.03200000000000092,True,True,374.05548898289453,389.6666223347779,15.611133351883382,True,0
2306,2015-03-04,385.71,383.6329970402894,-2.077002959710569,2.077002959710569,6.663221430392326,8.918752328823757,0.03250000000000072,0.03250000000000092,True,True,376.96977560989706,392.55174936911317,15.581973759216112,True,0
2307,2015-03-05,385.61,385.4442245165787,-0.16577548342132786,0.16577548342132786,6.509623189394347,8.882322395259848,0.03300000000000072,0.03300000000000092,True,True,378.93460132718434,394.32654691183853,15.391945584654195,True,0
2308,2015-03-06,385.52,385.4024829934066,-0.11751700659340258,0.11751700659340258,6.492310138689447,8.88133423138521,0.033500000000000724,0.03350000000000092,True,True,378.91017285471713,394.2838172247918,15.373644370074658,True,0
2309,2015-03-09,378.4,385.30978501366315,6.909785013663168,-6.909785013663168,6.408928847169079,8.877833921690922,0.034000000000000724,0.03400000000000092,False,True,378.90085616649407,394.18761893535407,15.286762768860001,False,1
2310,2015-03-10,377.45,378.41473242233985,0.9647324223398641,-0.9647324223398641,7.307635926972694,8.855407630738071,0.024500000000000723,0.03450000000000092,True,True,371.10709649536716,387.2701400530779,16.16304355771075,True,0
2311,2015-03-11,370.61,377.259482517305,6.649482517304989,-6.649482517304989,7.2092395886426175,8.598641752915853,0.025000000000000723,0.03500000000000092,True,True,370.0502429286624,385.85812427022086,15.80788134155847,True,0
2312,2015-03-12,368.82,370.6153364712125,1.7953364712125222,-1.7953364712125222,7.206149293916951,8.438883916509496,0.025500000000000723,0.03550000000000092,True,True,363.40918717729556,379.054220387722,15.645033210426448,True,0
2313,2015-03-13,371.52,368.6565827237773,-2.8634172762226626,2.8634172762226626,7.141061335580559,8.43241410940513,0.026000000000000724,0.03600000000000092,True,True,361.51552138819676,377.0889968331825,15.573475444985718,True,0
2314,2015-03-16,370.38,371.2194211843131,0.8394211843130961,-0.8394211843130961,7.101294528237247,8.343186234817097,0.026500000000000724,0.03650000000000092,True,True,364.11812665607584,379.5626074191302,15.444480763054344,True,0
2315,2015-03-17,371.11,370.20941516108695,-0.900584838913062,0.900584838913062,7.100511119128555,7.957321863981775,0.027000000000000725,0.03700000000000092,True,True,363.1089040419584,378.16673702506876,15.057832983110359,True,0
2316,2015-03-18,369.97,370.8738290754408,0.9038290754407967,-0.9038290754407967,7.08153007163844,7.943669305953904,0.027500000000000725,0.03750000000000092,True,True,363.7922990038024,378.8174983813947,15.025199377592344,True,0
2317,2015-03-19,373.87,369.79670201260944,-4.073297987390561,4.073297987390561,6.9746818146584815,7.775193047983606,0.028000000000000726,0.03800000000000092,True,True,362.82202019795096,377.5718950605931,14.749874862642116,True,0
2318,2015-03-20,376.29,373.53071452258433,-2.7592854774156876,2.7592854774156876,6.842809183738666,7.76305902242342,0.028500000000000726,0.03850000000000092,True,True,366.68790533884567,381.29377354500775,14.605868206162086,True,0
2319,2015-03-23,378.07,376.00548037097565,-2.064519629024346,2.064519629024346,6.786129721740679,7.7491159518008885,0.029000000000000727,0.03900000000000092,True,True,369.21935064923497,383.75459632277654,14.535245673541567,True,0
2320,2015-03-24,373.99,377.80372599361624,3.813725993616231,-3.813725993616231,6.76131477680417,7.686476547247764,0.029500000000000727,0.03950000000000092,True,True,371.04241121681207,385.490202540864,14.447791324051934,True,0
2321,2015-03-25,375.17,373.9108083379434,-1.259191662056594,1.259191662056594,6.734374582960811,7.586408126159938,0.030000000000000727,0.040000000000000924,True,True,367.1764337549826,381.49721646410336,14.32078270912075,True,0
2322,2015-03-26,369.59,374.91412564097703,5.3241256409770585,-5.3241256409770585,6.723469265502757,7.547535706977214,0.030500000000000728,0.040500000000000924,True,True,368.1906563754743,382.46166134795425,14.271004972479943,True,0
2323,2015-03-27,367.11,369.5587400630933,2.4487400630932825,-2.4487400630932825,6.70560392513562,7.515999355947315,0.03100000000000073,0.041000000000000925,True,True,362.8531361379577,377.0747394190406,14.221603281082935,True,0
2324,2015-03-30,371.87,366.9705288270618,-4.899471172938206,4.899471172938206,6.695297591312965,7.465538085534604,0.03150000000000073,0.041500000000000925,True,True,360.27523123574883,374.4360669125964,14.160835676847569,True,0
2325,2015-03-31,373.24,371.50116016864354,-1.7388398313564721,1.7388398313564721,6.683039307048034,7.44716251038102,0.03200000000000073,0.042000000000000925,True,True,364.8181208615955,378.94832267902456,14.130201817429054,True,0
2326,2015-04-01,372.1,372.9906713923318,0.8906713923317966,-0.8906713923317966,6.663221430392326,7.407676093026502,0.03250000000000073,0.042500000000000926,True,True,366.32744996193946,380.39834748535833,14.070897523418864,True,0
2327,2015-04-02,370.5,371.926749536151,1.4267495361510214,-1.4267495361510214,6.649482517304989,7.293311411946831,0.03300000000000073,0.043000000000000926,True,True,365.27726701884603,379.22006094809785,13.94279392925182,True,0
2328,2015-04-06,370.1,370.3384433205256,0.23844332052556183,-0.23844332052556183,6.614133505415452,7.273008518391919,0.03350000000000073,0.04350000000000093,True,True,363.72430981511013,377.6114518389175,13.887142023807371,True,0
2329,2015-04-07,376.15,369.8995114668452,-6.250488533154794,6.250488533154794,6.492310138689447,7.268508570622544,0.03400000000000073,0.04400000000000093,True,True,363.40720132815574,377.1680200374677,13.760818709311991,True,0
2330,2015-04-08,374.66,375.7411423834309,1.0811423834308584,-1.0811423834308584,6.408928847169079,7.265851392823549,0.03450000000000073,0.04450000000000093,True,True,369.3322135362618,383.00699377625443,13.674780239992629,True,0
2331,2015-04-09,380.66,374.50332896900994,-6.156671030990083,6.156671030990083,6.319158763857388,7.1919732461433625,0.03500000000000073,0.04500000000000093,True,True,368.18417020515255,381.69530221515333,13.511132010000779,True,0
2332,2015-04-10,384.31,380.2497023490058,-4.060297650994187,4.060297650994187,6.307734359826526,7.180451173836502,0.03550000000000073,0.04550000000000093,True,True,373.94196798917926,387.4301535228423,13.488185533663057,True,0
2333,2015-04-13,383.53,383.986797280675,0.4567972806750049,-0.4567972806750049,6.300506514521345,7.13556167303318,0.03600000000000073,0.04600000000000093,True,True,377.68629076615366,391.12235895370816,13.436068187554497,True,0
2334,2015-04-14,383.51,383.3459603447944,-0.16403965520561314,0.16403965520561314,6.241705172505334,7.112467262740665,0.03650000000000073,0.04650000000000093,True,True,377.1042551722891,390.45842760753504,13.354172435245971,True,0
2335,2015-04-15,384.65,383.2953086553465,-1.3546913446534745,1.3546913446534745,6.237931104631002,7.075858099101708,0.037000000000000734,0.04700000000000093,True,True,377.0573775507155,390.3711667544482,13.31378920373271,True,0
2336,2015-04-16,383.69,384.3989021556409,0.7089021556408852,-0.7089021556408852,6.179680609974525,7.071300597949119,0.037500000000000734,0.04750000000000093,True,True,378.21922154566636,391.47020275359,13.250981207923644,True,0
2337,2015-04-17,382.63,383.5080409008867,0.8780409008867309,-0.8780409008867309,6.178922081967698,7.06697954095597,0.038000000000000735,0.04800000000000093,True,True,377.329118818919,390.5750204418427,13.245901622923668,True,0
2338,2015-04-20,378.55,382.4484379042815,3.8984379042814794,-3.8984379042814794,6.098298994795698,7.031611238591324,0.038500000000000735,0.04850000000000093,True,True,376.3501389094858,389.4800491428728,13.129910233387022,True,0
2339,2015-04-21,391.31,378.4651665285841,-12.844833471415882,12.844833471415882,6.026140789719079,6.974711382467262,0.039000000000000735,0.04900000000000093,True,False,372.43902573886504,385.4398779110514,13.000852172186342,False,1
2340,2015-04-22,391.91,390.6700143481127,-1.2399856518873094,1.2399856518873094,5.937233423078084,7.686476547247764,0.039500000000000736,0.03950000000000093,True,True,384.7327809250346,398.3564908953605,13.623709970325876,True,0
2341,2015-04-23,390.21,391.69213876119795,1.482138761197973,-1.482138761197973,5.90610438362981,7.586408126159938,0.040000000000000736,0.04000000000000093,True,True,385.78603437756817,399.2785468873579,13.49251250978972,True,0
2342,2015-04-24,439.0,390.04985025830405,-48.95014974169595,48.95014974169595,5.901579565597444,7.555838110734385,0.04050000000000074,0.04050000000000093,True,False,384.1482706927066,397.60568836903843,13.45741767633183,False,1
2343,2015-04-27,443.86,437.0986024728749,-6.761397527125098,6.761397527125098,5.879998818175238,9.160111940275755,0.04100000000000074,0.03100000000000093,True,True,431.2186036546997,446.25871441315064,15.040110758450965,True,0
2344,2015-04-28,438.51,443.5586164827758,5.048616482775799,-5.048616482775799,5.8780222887984905,9.146167242864522,0.04150000000000074,0.03150000000000093,True,True,437.6805941939773,452.7047837256403,15.024189531663012,True,0
2345,2015-04-29,426.75,438.46439202336666,11.714392023366656,-11.714392023366656,5.871206401475206,8.928094044835348,0.04200000000000074,0.03200000000000093,False,True,432.59318562189145,447.392486068202,14.799300446310554,False,1
2346,2015-04-30,427.11,426.8944411995459,-0.21555880045411868,0.21555880045411868,6.663221430392326,8.918752328823757,0.03250000000000074,0.03250000000000093,True,True,420.23121976915354,435.81319352836965,15.581973759216112,True,0
2347,2015-05-01,423.82,426.876830414088,3.056830414087983,-3.056830414087983,6.649482517304989,8.899052843011447,0.03300000000000074,0.03300000000000093,True,True,420.227347896783,435.7758832570994,15.548535360316407,True,0
2348,2015-05-04,424.8,423.70412426914606,-1.0958757308539475,1.0958757308539475,6.614133505415452,8.882322395259848,0.03350000000000074,0.03350000000000093,True,True,417.0899907637306,432.5864466644059,15.4964559006753,True,0
2349,2015-05-05,422.85,424.54886480633377,1.698864806333745,-1.698864806333745,6.509623189394347,8.88133423138521,0.03400000000000074,0.03400000000000093,True,True,418.0392416169394,433.430199037719,15.390957420779557,True,0
2350,2015-05-06,421.43,422.6923195741785,1.2623195741784912,-1.2623195741784912,6.408928847169079,8.855407630738071,0.03450000000000074,0.03450000000000093,True,True,416.2833907270094,431.54772720491655,15.264336477907136,True,0
2351,2015-05-07,424.15,421.25421402417226,-2.895785975827721,2.895785975827721,6.319158763857388,8.598641752915853,0.03500000000000074,0.03500000000000093,True,True,414.93505526031487,429.8528557770881,14.91780051677324,True,0
2352,2015-05-08,430.75,423.84436522939467,-6.905634770605332,6.905634770605332,6.307734359826526,8.584772167347978,0.03550000000000074,0.035500000000000934,True,True,417.53663086956817,432.42913739674265,14.892506527174476,True,0
2353,2015-05-11,432.51,430.323785219354,-2.186214780645969,2.186214780645969,6.300506514521345,8.438883916509496,0.03600000000000074,0.036000000000000934,True,True,424.0232787048327,438.7626691358635,14.739390431030813,True,0
2354,2015-05-12,431.08,432.23885017959105,1.1588501795910702,-1.1588501795910702,6.2876329013486725,8.43241410940513,0.03650000000000074,0.036500000000000934,True,True,425.9512172782424,440.6712642889962,14.72004701075383,True,0
2355,2015-05-13,429.98,430.9064961469837,0.926496146983709,-0.926496146983709,6.237931104631002,7.957321863981775,0.03700000000000074,0.037000000000000935,True,True,424.6685650423527,438.8638180109655,14.195252968612749,True,0
2356,2015-05-14,429.45,429.7947365070736,0.3447365070736055,-0.3447365070736055,6.179680609974525,7.943669305953904,0.03750000000000074,0.037500000000000935,True,True,423.61505589709907,437.7384058130275,14.12334991592843,True,0
2357,2015-05-15,428.0,429.24685642749444,1.2468564274944356,-1.2468564274944356,6.178922081967698,7.815822948360108,0.03800000000000074,0.038000000000000936,True,True,423.06793434552674,437.06267937585454,13.994745030327806,True,0
2358,2015-05-18,426.0,427.8255300505818,1.82553005058179,-1.82553005058179,6.098298994795698,7.775193047983606,0.03850000000000074,0.038500000000000936,True,True,421.7272310557861,435.60072309856537,13.873492042779276,True,0
2359,2015-05-19,424.87,425.84199914802525,0.9719991480252475,-0.9719991480252475,6.092408393147139,7.76305902242342,0.03900000000000074,0.03900000000000094,True,True,419.7495907548781,433.6050581704487,13.855467415570558,True,0
2360,2015-05-20,420.6,424.6844310346708,4.084431034670786,-4.084431034670786,5.937233423078084,7.686476547247764,0.03950000000000074,0.03950000000000094,True,True,418.7471976115927,432.3709075819186,13.623709970325876,True,0
2361,2015-05-21,428.0,420.51190798193306,-7.488092018066936,7.488092018066936,5.90610438362981,7.586408126159938,0.04000000000000074,0.04000000000000094,True,True,414.6058035983033,428.098316108093,13.49251250978972,True,0
2362,2015-05-22,431.55,427.54400990159354,-4.005990098406471,4.005990098406471,5.901579565597444,7.555838110734385,0.040500000000000744,0.04050000000000094,True,True,421.6424303359961,435.0998480123279,13.45741767633183,True,0
2363,2015-05-26,426.2,431.2210705170652,5.021070517065198,-5.021070517065198,5.9015102107764505,7.547535706977214,0.041000000000000744,0.04100000000000094,True,True,425.31956030628874,438.7686062240424,13.449045917753665,True,0
2364,2015-05-27,427.45,426.1470429841811,-1.3029570158188903,1.3029570158188903,5.8780222887984905,7.488092018066936,0.041500000000000745,0.04150000000000094,True,True,420.2690206953826,433.63513500224803,13.366114306865427,True,0
2365,2015-05-28,429.71,427.1891632791795,-2.520836720820455,2.520836720820455,5.871206401475206,7.465538085534604,0.042000000000000745,0.04200000000000094,True,True,421.3179568777043,434.65470136471413,13.33674448700981,True,0
2366,2015-05-29,427.23,429.41884069135614,2.18884069135612,-2.18884069135612,5.809636415782052,7.44716251038102,0.042500000000000746,0.04250000000000094,True,True,423.6092042755741,436.86600320173716,13.256798926163071,True,0
2367,2015-06-01,430.4,427.08738205176905,-3.3126179482309226,3.3126179482309226,5.758737841739219,7.407676093026502,0.043000000000000746,0.04300000000000094,True,True,421.32864421002984,434.49505814479556,13.166413934765728,True,0
2368,2015-06-02,430.07,430.0791656137915,0.009165613791481064,-0.009165613791481064,5.706110007693951,7.309480326726231,0.043500000000000746,0.04350000000000094,True,True,424.3730556060975,437.3886459405177,13.015590334420153,True,0
2369,2015-06-03,434.4,429.86038161817316,-4.539618381826813,4.539618381826813,5.545091823505189,7.273008518391919,0.04400000000000075,0.04400000000000094,True,True,424.315289794668,437.1333901365651,12.818100341897093,True,0
2370,2015-06-04,434.4,434.0429593180737,-0.35704068192626437,0.35704068192626437,5.491396381162531,7.268508570622544,0.04450000000000075,0.04450000000000094,True,True,428.5515629369112,441.31146788869626,12.759904951785074,True,0
2371,2015-06-05,429.66,434.18064022397806,4.5206402239780346,-4.5206402239780346,5.45012046181634,7.265851392823549,0.04500000000000075,0.04500000000000094,True,True,428.73051976216175,441.4464916168016,12.71597185463986,True,0
2372,2015-06-08,425.62,429.5871992138589,3.967199213858919,-3.967199213858919,5.40617863916691,7.1919732461433625,0.04550000000000075,0.04550000000000094,True,True,424.181020574692,436.7791724600023,12.598151885310301,True,0
2373,2015-06-09,422.96,425.52392616597695,2.563926165976966,-2.563926165976966,5.391432967547246,7.180451173836502,0.04600000000000075,0.04600000000000094,True,True,420.1324931984297,432.70437733981345,12.571884141383748,True,0
2374,2015-06-10,426.46,422.8205913401463,-3.6394086598537,3.6394086598537,5.38786984909774,7.13556167303318,0.04650000000000075,0.04650000000000094,True,True,417.43272149104854,429.95615301317946,12.52343152213092,True,0
2375,2015-06-11,432.29,426.12791345513375,-6.16208654486627,6.16208654486627,5.364702549197887,7.112467262740665,0.04700000000000075,0.047000000000000944,True,True,420.76321090593586,433.2403807178744,12.477169811938552,True,0
2376,2015-06-12,431.25,431.8855685578969,0.6355685578968746,-0.6355685578968746,5.347819804782091,7.075858099101708,0.04750000000000075,0.047500000000000944,True,True,426.5377487531148,438.9614266569986,12.4236779038838,True,0
2377,2015-06-15,427.66,431.0616875644198,3.401687564419774,-3.401687564419774,5.3241256409770585,7.069596295404779,0.04800000000000075,0.048000000000000945,True,True,425.73756192344274,438.1312838598246,12.393721936381837,True,0
2378,2015-06-16,424.15,427.5500915316419,3.4000915316419196,-3.4000915316419196,5.2671958537235355,7.06697954095597,0.04850000000000075,0.048500000000000945,True,True,422.28289567791836,434.61707107259787,12.334175394679505,True,0
2379,2015-06-17,428.36,424.0370354941884,-4.322964505811626,4.322964505811626,5.252388248217301,7.031611238591324,0.04900000000000075,0.049000000000000946,True,True,418.7846472459711,431.0686467327797,12.283999486808625,True,0
2380,2015-06-18,430.3,428.0057620530652,-2.2942379469347998,2.2942379469347998,5.237084904891788,6.974711382467262,0.04950000000000075,0.049500000000000946,True,True,422.7686771481734,434.9804734355325,12.21179628735905,True,0
2381,2015-06-19,440.26,430.0172023763736,-10.242797623626416,10.242797623626416,5.231242114160295,6.870571202061143,0.05000000000000075,0.050000000000000946,True,False,424.7859602622133,436.8877735784347,12.10181331622141,False,1
2382,2015-06-22,437.0,439.7247695631684,2.7247695631684223,-2.7247695631684223,5.203079653142481,7.555838110734385,0.05050000000000075,0.040500000000000945,True,True,434.52168991002594,447.2806076739028,12.758917763876866,True,0
2383,2015-06-23,435.59,436.8808619068888,1.2908619068888356,-1.2908619068888356,5.1773635474714865,7.547535706977214,0.05100000000000075,0.041000000000000945,True,True,431.7034983594173,444.428397613866,12.724899254448701,True,0
2384,2015-06-24,444.97,435.41204876607895,-9.557951233921074,9.557951233921074,5.0723320230081015,7.515999355947315,0.051500000000000754,0.041500000000000946,True,False,430.3397167430709,442.92804812202627,12.588331378955388,False,1
2385,2015-06-25,438.07,444.45233882120186,6.38233882120187,-6.38233882120187,5.048616482775799,9.14190947534496,0.052000000000000754,0.032000000000000944,False,True,439.40372233842606,453.5942482965468,14.190525958120759,False,1
2386,2015-06-26,441.76,438.06365154093106,-3.696348459068929,3.696348459068929,5.809636415782052,8.928094044835348,0.04250000000000075,0.032500000000000945,True,True,432.254015125149,446.9917455857664,14.7377304606174,True,0
2387,2015-06-29,434.98,441.4209903176206,6.44099031762056,-6.44099031762056,5.758737841739219,8.918752328823757,0.04300000000000075,0.033000000000000945,False,True,435.66225247588136,450.33974264644434,14.677490170562976,False,1
2388,2015-06-30,434.2,434.9714157532205,0.7714157532205377,-0.7714157532205377,6.509623189394347,8.899052843011447,0.03350000000000075,0.033500000000000946,True,True,428.4617925638262,443.87046859623194,15.408676032405765,True,0
2389,2015-07-01,439.35,434.000724865991,-5.349275134009019,5.349275134009019,6.44099031762056,8.88133423138521,0.03400000000000075,0.034000000000000946,True,True,427.55973454837044,442.8820590973762,15.32232454900577,True,0
2390,2015-07-02,437.0,438.96374216785784,1.9637421678578448,-1.9637421678578448,6.408928847169079,8.877833921690922,0.03450000000000075,0.03450000000000095,True,True,432.55481332068877,447.84157608954877,15.286762768860001,True,0
2391,2015-07-06,435.23,436.85222607668584,1.6222260766858199,-1.6222260766858199,6.38233882120187,8.855407630738071,0.03500000000000075,0.03500000000000095,True,True,430.46988725548397,445.7076337074239,15.237746451939927,True,0
2392,2015-07-07,435.68,435.0630629613675,-0.6169370386324999,0.6169370386324999,6.319158763857388,8.598641752915853,0.03550000000000075,0.03550000000000095,True,True,428.7439041975101,443.66170471428336,14.91780051677324,True,0
2393,2015-07-08,434.35,435.4428118814288,1.0928118814287586,-1.0928118814287586,6.300506514521345,8.438883916509496,0.036000000000000754,0.03600000000000095,True,True,429.1423053669074,443.8816957979383,14.73939043103087,True,0
2394,2015-07-09,434.9,434.16909425601654,-0.7309057439834419,0.7309057439834419,6.2876329013486725,8.43241410940513,0.036500000000000754,0.03650000000000095,True,True,427.88146135466786,442.60150836542164,14.720047010753774,True,0
2395,2015-07-10,440.49,434.65939892780176,-5.830601072198249,5.830601072198249,6.241705172505334,8.343186234817097,0.037000000000000755,0.03700000000000095,True,True,428.41769375529645,443.00258516261886,14.584891407322402,True,0
2396,2015-07-13,448.29,440.08905741659675,-8.200942583403275,8.200942583403275,6.237931104631002,7.957321863981775,0.037500000000000755,0.03750000000000095,True,False,433.85112631196574,448.04637928057855,14.195252968612806,False,1
2397,2015-07-14,462.32,447.82008887214135,-14.499911127858638,14.499911127858638,6.178922081967698,9.653158031471548,0.038000000000000755,0.028000000000000948,True,False,441.64116679017366,457.4732469036129,15.832080113439247,False,1
2398,2015-07-15,463.04,461.6581061652565,-1.3818938347434937,1.3818938347434937,6.098298994795698,12.408820474369577,0.038500000000000756,0.018500000000000946,True,True,455.55980717046083,474.0669266396261,18.507119469165275,True,0
2399,2015-07-16,465.5,462.8024885118334,-2.697511488166583,2.697511488166583,6.092408393147139,12.403943335151723,0.039000000000000756,0.019000000000000947,True,True,456.7100801186863,475.20643184698514,18.496351728298862,True,0
2400,2015-07-17,477.7,465.2042528112212,-12.495747188778807,12.495747188778807,6.026140789719079,12.105808063873866,0.03950000000000076,0.019500000000000947,True,False,459.1781120215021,477.310060875095,18.131948853592917,False,1
2401,2015-07-20,492.57,477.1013133732379,-15.468686626762121,15.468686626762121,5.90610438362981,37.61,0.04000000000000076,0.010000000000000947,True,True,471.1952089896081,514.7113133732379,43.516104383629795,True,0
2402,2015-07-21,487.9,491.9047251256811,4.004725125681148,-4.004725125681148,5.901579565597444,37.34,0.04050000000000076,0.010500000000000948,True,True,486.0031455600837,529.2447251256812,43.241579565597476,True,0
2403,2015-07-22,485.99,487.8366178603069,1.8466178603068784,-1.8466178603068784,5.9015102107764505,37.25,0.04100000000000076,0.011000000000000948,True,True,481.93510764953044,525.0866178603069,43.15151021077645,True,0
2404,2015-07-23,491.66,485.8334292025121,-5.826570797487932,5.826570797487932,5.879998818175238,37.08,0.04150000000000076,0.011500000000000949,True,True,479.95343038433685,522.9134292025121,42.95999881817528,True,0
2405,2015-07-24,578.99,491.27269922654096,-87.71730077345904,87.71730077345904,5.8780222887984905,37.04,0.04200000000000076,0.01200000000000095,True,False,485.3946769377425,528.312699226541,42.91802228879851,False,1
2406,2015-07-27,527.75,576.02861139679,48.278611396789984,-48.278611396789984,5.809636415782052,45.55,0.04250000000000076,0.0025000000000009494,False,True,570.2189749810079,621.5786113967899,51.359636415782006,False,1
2407,2015-07-28,536.0,529.3443441832051,-6.655655816794933,6.655655816794933,6.614133505415452,45.41,0.03300000000000076,0.0030000000000009494,True,True,522.7302106777896,574.754344183205,52.02413350541542,True,0
2408,2015-07-29,530.92,535.4781469879616,4.558146987961663,-4.558146987961663,6.509623189394347,44.65,0.03350000000000076,0.0035000000000009494,True,True,528.9685237985673,580.1281469879616,51.159623189394324,True,0
2409,2015-07-30,527.65,530.9293197350647,3.279319735064746,-3.279319735064746,6.492310138689447,44.41,0.03400000000000076,0.004000000000000949,True,True,524.4370095963752,575.3393197350647,50.90231013868947,True,0
2410,2015-07-31,539.09,527.5778807780486,-11.51211922195148,11.51211922195148,6.408928847169079,43.79,0.03450000000000076,0.004500000000000949,True,True,521.1689519308795,571.3678807780485,50.198928847168986,True,0
2411,2015-08-03,537.45,538.4488586594946,0.9988586594945446,-0.9988586594945446,6.38233882120187,43.55,0.03500000000000076,0.00500000000000095,True,True,532.0665198382927,581.9988586594945,49.932338821201824,True,0
2412,2015-08-04,529.69,537.3298330847958,7.639833084795782,-7.639833084795782,6.319158763857388,43.5,0.03550000000000076,0.00550000000000095,False,True,531.0106743209385,580.8298330847958,49.81915876385733,False,1
2413,2015-08-05,538.8,529.7947525222639,-9.00524747773602,9.00524747773602,7.178835412782433,43.48,0.02600000000000076,0.006000000000000951,True,True,522.6159171094815,573.274752522264,50.65883541278242,True,0
2414,2015-08-06,539.3,538.2483585725156,-1.0516414274843555,1.0516414274843555,7.141061335580559,43.23,0.02650000000000076,0.006500000000000951,True,True,531.107297236935,581.4783585725156,50.371061335580634,True,0
2415,2015-08-07,529.16,539.0931714009697,9.93317140096974,-9.93317140096974,7.100511119128555,43.18,0.02700000000000076,0.007000000000000952,False,True,531.9926602818412,582.2731714009697,50.280511119128505,False,1
2416,2015-08-10,528.52,529.3567873351706,0.8367873351705839,-0.8367873351705839,8.426878189461377,42.95,0.017500000000000758,0.007500000000000952,True,True,520.9299091457092,572.3067873351706,51.37687818946142,True,0
2417,2015-08-11,523.65,528.3464557793023,4.696455779302369,-4.696455779302369,8.324593033907718,42.95,0.01800000000000076,0.008000000000000953,True,True,520.0218627453946,571.2964557793024,51.27459303390776,True,0
2418,2015-08-12,523.75,523.6382021095089,-0.11179789049106148,0.11179789049106148,8.308067839245439,42.92,0.01850000000000076,0.008500000000000953,True,True,515.3301342702634,566.5582021095089,51.228067839245455,True,0
2419,2015-08-13,527.37,523.5433971953825,-3.8266028046175506,3.8266028046175506,8.25200881534488,42.84,0.01900000000000076,0.009000000000000953,True,True,515.2913883800376,566.3833971953825,51.09200881534491,True,0
2420,2015-08-14,528.25,527.027896906163,-1.2221030938369495,1.2221030938369495,7.938907590292899,42.66,0.01950000000000076,0.009500000000000954,True,True,519.0889893158701,569.687896906163,50.598907590292924,True,0
2421,2015-08-17,531.29,528.0163415805583,-3.273658419441631,3.273658419441631,7.9302506630996845,41.612076318755726,0.02000000000000076,0.010000000000000954,True,True,520.0860909174587,569.6284178993141,49.54232698185535,True,0
2422,2015-08-18,535.04,530.9727569223465,-4.067243077653416,4.067243077653416,7.9171963619482995,37.61,0.02050000000000076,0.010500000000000955,True,True,523.0555605603982,568.5827569223466,45.52719636194831,True,0
2423,2015-08-19,533.74,534.6973723720637,0.9573723720636735,-0.9573723720636735,7.851123178345517,37.34,0.02100000000000076,0.011000000000000955,True,True,526.8462491937182,572.0373723720637,45.19112317834549,True,0
2424,2015-08-20,530.39,533.5942790862097,3.204279086209681,-3.204279086209681,7.64877024649121,37.25,0.02150000000000076,0.011500000000000956,True,True,525.9455088397185,570.8442790862097,44.898770246491154,True,0
2425,2015-08-21,507.36,530.3207978605463,22.960797860546336,-22.960797860546336,7.642987594851675,37.04,0.022000000000000762,0.012000000000000956,False,True,522.6778102656947,567.3607978605463,44.682987594851625,False,1
2426,2015-08-24,463.58,508.02299274458306,44.44299274458308,-44.44299274458308,9.91020213890016,36.98,0.012500000000000762,0.012500000000000957,False,True,498.1127906056829,545.002992744583,46.89020213890012,False,1
2427,2015-08-25,487.49,464.8599415595236,-22.630058440476432,22.630058440476432,20.037081608587158,36.7,0.0030000000000007625,0.013000000000000957,True,True,444.8228599509364,501.55994155952357,56.737081608587175,True,0
2428,2015-08-26,484.02,486.33852310679345,2.3185231067934637,-2.3185231067934637,16.33779006578817,36.7,0.0035000000000007625,0.013500000000000957,True,True,470.0007330410053,523.0385231067935,53.037790065788215,True,0
2429,2015-08-27,513.71,483.9205516028205,-29.789448397179513,29.789448397179513,15.648951520661825,31.49753328109827,0.0040000000000007625,0.014000000000000958,True,True,468.27160008215867,515.4180848839188,47.14648480176015,True,0
2430,2015-08-28,517.5,512.2867590657448,-5.213240934255168,5.213240934255168,14.962544374099338,29.097996727067596,0.004500000000000762,0.014500000000000958,True,True,497.32421469164547,541.3847557928125,44.06054110116702,True,0
2431,2015-08-31,516.44,517.1782888569312,0.738288856931149,-0.738288856931149,13.72033565449459,22.630058440476432,0.0050000000000007625,0.015000000000000959,True,True,503.4579532024366,539.8083472974076,36.35039409497102,True,0
2432,2015-09-01,499.14,516.2717152156326,17.131715215632653,-17.131715215632653,13.705209885036027,17.431662177681503,0.005500000000000763,0.01550000000000096,False,True,502.5665053305966,533.7033773933141,31.136872062717487,False,1
2433,2015-09-02,505.09,499.57968781223803,-5.51031218776194,5.51031218776194,inf,17.118488921674782,-0.003999999999999237,0.016000000000000958,True,True,-inf,516.6981767339128,inf,True,0
2434,2015-09-03,514.5,504.6158878678049,-9.884112132195128,9.884112132195128,inf,14.960966199678893,-0.003499999999999237,0.01650000000000096,True,True,-inf,519.5768540674837,inf,True,0
2435,2015-09-04,497.65,513.9167692434137,16.266769243413705,-16.266769243413705,inf,14.499911127858638,-0.002999999999999237,0.01700000000000096,True,True,-inf,528.4166803712724,inf,True,0
2436,2015-09-08,508.69,498.08495834033084,-10.605041659669155,10.605041659669155,inf,13.973324868287676,-0.0024999999999992368,0.01750000000000096,True,True,-inf,512.0582832086185,inf,True,0
2437,2015-09-09,524.0,508.0140602168732,-15.98593978312681,15.98593978312681,inf,13.725655545674073,-0.0019999999999992368,0.01800000000000096,True,False,-inf,521.7397157625472,inf,False,1
2438,2015-09-10,515.15,523.1751161195627,8.025116119562767,-8.025116119562767,inf,42.92,-0.0014999999999992368,0.00850000000000096,True,True,-inf,566.0951161195627,inf,True,0
2439,2015-09-11,521.07,515.2804380095362,-5.789561990463881,5.789561990463881,inf,42.84,-0.0009999999999992367,0.00900000000000096,True,True,-inf,558.1204380095362,inf,True,0
2440,2015-09-14,529.44,520.617709997554,-8.822290002446039,8.822290002446039,inf,42.19,-0.0004999999999992367,0.00950000000000096,True,True,-inf,562.807709997554,inf,True,0
2441,2015-09-15,523.25,528.8936562369271,5.643656236927086,-5.643656236927086,inf,41.612076318755726,7.632783294297951e-16,0.010000000000000961,True,True,-inf,570.5057325556828,inf,True,0
2442,2015-09-16,521.98,523.2803526263352,1.3003526263352114,-1.3003526263352114,44.44299274458308,37.61,0.0005000000000007633,0.010500000000000962,True,True,478.83735988175215,560.8903526263352,82.0529927445831,True,0
2443,2015-09-17,526.98,521.8171756615455,-5.16282433845447,5.16282433845447,42.45373337730973,37.34,0.0010000000000007633,0.011000000000000962,True,True,479.3634422842358,559.1571756615456,79.79373337730976,True,0
2444,2015-09-18,534.62,526.567701239046,-8.052298760954045,8.052298760954045,34.7120327640111,37.08,0.0015000000000007633,0.011500000000000963,True,True,491.85566847503486,563.647701239046,71.79203276401114,True,0
2445,2015-09-21,544.33,534.1038147361401,-10.226185263859975,10.226185263859975,28.867852672401852,37.04,0.0020000000000007633,0.012000000000000963,True,True,505.2359620637382,571.14381473614,65.90785267240182,True,0
2446,2015-09-22,539.71,543.7371135177095,4.027113517709495,-4.027113517709495,21.80327228429178,36.98,0.0025000000000007633,0.012500000000000963,True,True,521.9338412334178,580.7171135177095,58.7832722842918,True,0
2447,2015-09-23,538.3,539.6842961265877,1.384296126587742,-1.384296126587742,20.037081608587158,36.7,0.0030000000000007633,0.013000000000000964,True,True,519.6472145180005,576.3842961265877,56.73708160858723,True,0
2448,2015-09-24,530.55,538.1500203485499,7.600020348549947,-7.600020348549947,17.131715215632653,31.49753328109827,0.0035000000000007634,0.013500000000000964,True,True,521.0183051329172,569.6475536296482,48.62924849673095,True,0
2449,2015-09-25,542.57,530.6435952188773,-11.926404781122756,11.926404781122756,16.33779006578817,29.789448397179513,0.004000000000000763,0.014000000000000965,True,True,514.3058051530891,560.4330436160568,46.12723846296774,True,0
2450,2015-09-28,520.02,541.881857017462,21.861857017462057,-21.861857017462057,15.648951520661825,29.097996727067596,0.004500000000000764,0.014500000000000965,False,True,526.2329054968002,570.9798537445297,44.746948247729506,False,1
2451,2015-09-29,506.0,520.6953095354022,14.695309535402203,-14.695309535402203,inf,22.630058440476432,-0.004999999999999236,0.015000000000000966,True,True,-inf,543.3253679758786,inf,True,0
2452,2015-09-30,505.44,506.3291415043578,0.8891415043577808,-0.8891415043577808,inf,17.431662177681503,-0.0044999999999992355,0.015500000000000966,True,True,-inf,523.7608036820393,inf,True,0
2453,2015-10-01,511.0,505.2394067257437,-5.76059327425628,5.76059327425628,inf,15.98593978312681,-0.003999999999999235,0.016000000000000965,True,True,-inf,521.2253465088705,inf,True,0
2454,2015-10-02,512.99,510.55506716325306,-2.4349328367469525,2.4349328367469525,inf,15.468686626762121,-0.003499999999999235,0.016500000000000965,True,True,-inf,526.0237537900152,inf,True,0
2455,2015-10-05,536.99,512.6859431865275,-24.30405681347247,24.30405681347247,inf,14.960966199678893,-0.002999999999999235,0.017000000000000966,True,False,-inf,527.6469093862064,inf,False,1
2456,2015-10-06,545.5,535.8073526935369,-9.692647306463073,9.692647306463073,inf,42.95,-0.002499999999999235,0.007500000000000966,True,True,-inf,578.757352693537,inf,True,0
2457,2015-10-07,541.79,544.955759115243,3.165759115243077,-3.165759115243077,inf,42.95,-0.001999999999999235,0.008000000000000966,True,True,-inf,587.9057591152431,inf,True,0
2458,2015-10-08,536.71,541.7226683971912,5.012668397191192,-5.012668397191192,inf,42.92,-0.001499999999999235,0.008500000000000967,True,True,-inf,584.6426683971912,inf,True,0
2459,2015-10-09,534.48,536.6952528169066,2.2152528169066272,-2.2152528169066272,inf,42.66,-0.000999999999999235,0.009000000000000967,True,True,-inf,579.3552528169066,inf,True,0
2460,2015-10-12,539.96,534.3532302425469,-5.606769757453094,5.606769757453094,inf,42.19,-0.000499999999999235,0.009500000000000968,True,True,-inf,576.543230242547,inf,True,0
2461,2015-10-13,546.26,539.533072286581,-6.726927713418945,6.726927713418945,inf,41.612076318755726,7.650130529057719e-16,0.010000000000000968,True,True,-inf,581.1451486053368,inf,True,0
2462,2015-10-14,551.34,545.8016162410939,-5.538383758906093,5.538383758906093,44.44299274458308,37.61,0.000500000000000765,0.010500000000000969,True,True,501.35862349651086,583.411616241094,82.0529927445831,True,0
2463,2015-10-15,547.75,550.9328376301193,3.182837630119252,-3.182837630119252,42.45373337730973,37.25,0.001000000000000765,0.011000000000000969,True,True,508.4791042528095,588.1828376301193,79.70373337730973,True,0
2464,2015-10-16,565.27,547.6789470600153,-17.591052939984706,17.591052939984706,34.7120327640111,37.08,0.001500000000000765,0.01150000000000097,True,True,512.9669142960042,584.7589470600153,71.79203276401108,True,0
2465,2015-10-19,570.76,564.3767195719452,-6.383280428054832,6.383280428054832,28.867852672401852,37.04,0.002000000000000765,0.01200000000000097,True,True,535.5088668995434,601.4167195719451,65.90785267240176,True,0
2466,2015-10-20,572.0,570.3465899135174,-1.6534100864826087,1.6534100864826087,21.861857017462057,36.98,0.002500000000000765,0.01250000000000097,True,True,548.4847328960553,607.3265899135174,58.841857017462075,True,0
2467,2015-10-21,563.87,571.7567815278562,7.886781527856215,-7.886781527856215,21.80327228429178,36.7,0.003000000000000765,0.01300000000000097,True,True,549.9535092435644,608.4567815278563,58.503272284291825,True,0
2468,2015-10-22,562.7,563.9838064921311,1.2838064921310206,-1.2838064921310206,20.037081608587158,31.49753328109827,0.003500000000000765,0.013500000000000971,True,True,543.9467248835439,595.4813397732294,51.534614889685486,True,0
2469,2015-10-23,617.68,562.5460676297919,-55.13393237020807,55.13393237020807,17.131715215632653,29.789448397179513,0.004000000000000765,0.014000000000000972,True,False,545.4143524141592,592.3355160269714,46.921163612812165,False,1
2470,2015-10-26,602.3,615.2766076180816,12.97660761808163,-12.97660761808163,16.266769243413705,43.79,0.0045000000000007655,0.004500000000000972,True,True,599.0098383746679,659.0666076180815,60.05676924341367,True,0
2471,2015-10-27,608.6,602.6785156149508,-5.921484385049212,5.921484385049212,15.648951520661825,43.76,0.005000000000000766,0.005000000000000972,True,True,587.029564094289,646.4385156149508,59.408951520661844,True,0
2472,2015-10-28,612.3,608.1876527749386,-4.112347225061399,4.112347225061399,14.962544374099338,43.55,0.005500000000000766,0.005500000000000973,True,True,593.2251084008392,651.7376527749385,58.51254437409932,True,0
2473,2015-10-29,617.7,611.9832539548175,-5.716746045182504,5.716746045182504,14.695309535402203,43.5,0.006000000000000767,0.006000000000000973,True,True,597.2879444194153,655.4832539548175,58.1953095354022,True,0
2474,2015-10-30,626.01,617.3211197098582,-8.68888029014181,8.68888029014181,13.72033565449459,43.23,0.006500000000000767,0.006500000000000974,True,True,603.6007840553636,660.5511197098582,56.95033565449455,True,0
2475,2015-11-02,627.13,625.5201626353241,-1.6098373646758546,1.6098373646758546,13.705209885036027,43.18,0.007000000000000768,0.007000000000000974,True,True,611.8149527502881,668.7001626353241,56.88520988503603,True,0
2476,2015-11-03,629.53,626.9308172090817,-2.599182790918235,2.599182790918235,13.346301063550015,43.05,0.007500000000000768,0.007500000000000975,True,True,613.5845161455318,669.9808172090817,56.39630106354991,True,0
2477,2015-11-04,627.76,629.2853524030186,1.5253524030185872,-1.5253524030185872,13.346056464726985,42.95,0.008000000000000769,0.008000000000000975,True,True,615.9392959382916,672.2353524030186,56.29605646472703,True,0
2478,2015-11-05,647.1,627.6799715983374,-19.42002840166265,19.42002840166265,12.97660761808163,42.92,0.008500000000000769,0.008500000000000976,True,True,614.7033639802557,670.5999715983373,55.89660761808159,True,0
2479,2015-11-06,655.0,646.1807789907884,-8.81922100921156,8.81922100921156,12.728566661525036,42.84,0.00900000000000077,0.009000000000000976,True,True,633.4522123292634,689.0207789907885,55.5685666615251,True,0
2480,2015-11-09,658.65,654.5507427679295,-4.099257232070499,4.099257232070499,12.501411788758048,42.66,0.00950000000000077,0.009500000000000976,True,True,642.0493309791714,697.2107427679294,55.16141178875807,True,0
2481,2015-11-10,653.0,658.3837281696495,5.383728169649544,-5.383728169649544,12.198762425887196,42.19,0.01000000000000077,0.010000000000000977,True,True,646.1849657437624,700.5737281696495,54.38876242588708,True,0
2482,2015-11-11,663.25,653.0996877176474,-10.150312282352616,10.150312282352616,11.535116995791213,37.61,0.010500000000000771,0.010500000000000977,True,True,641.5645707218562,690.7096877176474,49.14511699579123,True,0
2483,2015-11-12,673.0,662.7256258793462,-10.27437412065376,10.27437412065376,11.088085541567068,37.34,0.011000000000000771,0.011000000000000978,True,True,651.6375403377792,700.0656258793463,48.42808554156704,True,0
2484,2015-11-13,663.57,672.5011016382196,8.931101638219502,-8.931101638219502,10.92408695002726,37.25,0.011500000000000772,0.011500000000000978,True,True,661.5770146881923,709.7511016382196,48.17408695002723,True,0
2485,2015-11-16,640.92,663.8265622870344,22.90656228703449,-22.90656228703449,10.752487596655897,37.08,0.012000000000000772,0.012000000000000979,False,True,653.0740746903786,700.9065622870345,47.83248759665594,False,1
2486,2015-11-17,650.65,641.673669111491,-8.976330888508983,8.976330888508983,22.90656228703449,36.98,0.0025000000000007724,0.012500000000000979,True,True,618.7671068244565,678.653669111491,59.88656228703451,True,0
2487,2015-11-18,646.51,650.1487907295334,3.6387907295334116,-3.6387907295334116,21.861857017462057,36.7,0.0030000000000007724,0.01300000000000098,True,True,628.2869337120713,686.8487907295334,58.5618570174621,True,0
2488,2015-11-19,664.99,646.5299269449647,-18.46007305503531,18.46007305503531,21.80327228429178,36.7,0.0035000000000007725,0.01350000000000098,True,True,624.7266546606729,683.2299269449647,58.503272284291825,True,0
2489,2015-11-20,663.95,664.122444184257,0.1724441842569604,-0.1724441842569604,20.037081608587158,31.49753328109827,0.004000000000000772,0.01400000000000098,True,True,644.0853625756698,695.6199774653553,51.534614889685486,True,0
2490,2015-11-23,671.5,663.8610683880255,-7.638931611974499,7.638931611974499,16.33779006578817,29.097996727067596,0.0045000000000007725,0.01450000000000098,True,True,647.5232783222373,692.9590651150932,45.43578679285588,True,0
2491,2015-11-24,674.14,671.0853379265719,-3.0546620734280623,3.0546620734280623,16.266769243413705,24.30405681347247,0.005000000000000773,0.015000000000000981,True,True,654.8185686831582,695.3893947400444,40.570826056886176,True,0
2492,2015-11-25,675.0,673.9228196423636,-1.0771803576363936,1.0771803576363936,15.648951520661825,22.630058440476432,0.005500000000000773,0.015500000000000982,True,True,658.2738681217018,696.55287808284,38.279009961138286,True,0
2493,2015-11-27,680.8,674.8575503006548,-5.942449699345161,5.942449699345161,14.962544374099338,19.42002840166265,0.006000000000000774,0.016000000000000982,True,True,659.8950059265554,694.2775787023174,34.382572775762014,True,0
2494,2015-11-30,675.9,680.4652677432093,4.565267743209347,-4.565267743209347,14.205106019693517,17.591052939984706,0.006500000000000774,0.016500000000000983,True,True,666.2601617235158,698.056320683194,31.796158959678223,True,0
2495,2015-12-01,673.75,675.9868521039584,2.2368521039584266,-2.2368521039584266,13.72033565449459,17.431662177681503,0.007000000000000775,0.017000000000000983,True,True,662.2665164494638,693.4185142816399,31.151997832176107,True,0
2496,2015-12-02,681.0,673.7281443684722,-7.271855631527842,7.271855631527842,13.705209885036027,17.118488921674782,0.007500000000000775,0.017500000000000984,True,True,660.0229344834361,690.8466332901469,30.82369880671081,True,0
2497,2015-12-03,679.44,680.605114019088,1.1651140190879232,-1.1651140190879232,13.346301063550015,15.98593978312681,0.008000000000000776,0.018000000000000984,True,True,667.2588129555379,696.5910538022148,29.332240846676882,True,0
2498,2015-12-04,666.0,679.3935439829462,13.393543982946198,-13.393543982946198,13.335334764741134,14.960966199678893,0.008500000000000776,0.018500000000000984,False,True,666.0582092182051,694.3545101826251,28.29630096441997,False,1
2499,2015-12-07,674.74,666.4141162662944,-8.32588373370561,8.32588373370561,inf,14.499911127858638,-0.0009999999999992237,0.019000000000000985,True,True,-inf,680.914027394153,inf,True,0
2500,2015-12-08,663.13,674.2805361295258,11.15053612952579,-11.15053612952579,inf,13.973324868287676,-0.0004999999999992237,0.019500000000000985,True,True,-inf,688.2538609978135,inf,True,0
2501,2015-12-09,678.0,663.4641103442289,-14.535889655771143,14.535889655771143,inf,13.17420768622219,7.762887554996212e-16,0.020000000000000986,True,False,-inf,676.638318030451,inf,False,1
2502,2015-12-10,665.59,677.2802460216994,11.690246021699409,-11.690246021699409,44.44299274458308,37.61,0.0005000000000007763,0.010500000000000986,True,True,632.8372532771164,714.8902460216995,82.0529927445831,True,0
2503,2015-12-11,651.23,665.9641916148157,14.7341916148157,-14.7341916148157,42.45373337730973,37.34,0.0010000000000007763,0.011000000000000986,True,True,623.510458237506,703.3041916148157,79.79373337730976,True,0
2504,2015-12-14,641.75,651.6692584013543,9.919258401354341,-9.919258401354341,34.7120327640111,37.25,0.0015000000000007763,0.011500000000000987,True,True,616.9572256373433,688.9192584013543,71.96203276401104,True,0
2505,2015-12-15,665.03,641.9788276869057,-23.0511723130943,23.0511723130943,22.960797860546336,37.04,0.0020000000000007763,0.012000000000000987,True,True,619.0180298263593,679.0188276869056,60.0007978605463,True,0
2506,2015-12-16,663.56,663.9386847538256,0.37868475382560973,-0.37868475382560973,22.90656228703449,36.98,0.0025000000000007763,0.012500000000000988,True,True,641.0321224667911,700.9186847538256,59.88656228703451,True,0
2507,2015-12-17,680.0,663.46951526636,-16.530484733640037,16.530484733640037,21.861857017462057,36.7,0.0030000000000007764,0.013000000000000988,True,True,641.6076582488979,700.16951526636,58.5618570174621,True,0
2508,2015-12-18,668.65,679.2051741715534,10.555174171553404,-10.555174171553404,21.80327228429178,36.7,0.0035000000000007764,0.013500000000000989,True,True,657.4019018872616,715.9051741715534,58.503272284291825,True,0
2509,2015-12-21,668.5,668.9800361477786,0.4800361477786055,-0.4800361477786055,17.131715215632653,29.789448397179513,0.004000000000000776,0.014000000000000989,True,True,651.848320932146,698.7694845449581,46.921163612812165,True,0
2510,2015-12-22,666.83,668.3783246513636,1.5483246513636004,-1.5483246513636004,16.33779006578817,29.097996727067596,0.004500000000000776,0.01450000000000099,True,True,652.0405345855754,697.4763213784313,45.43578679285588,True,0
2511,2015-12-23,666.5,666.7654295653242,0.2654295653242116,-0.2654295653242116,16.266769243413705,24.30405681347247,0.005000000000000776,0.01500000000000099,True,True,650.4986603219105,691.0694863787967,40.570826056886176,True,0
2512,2015-12-24,663.35,666.3795375748085,3.0295375748085007,-3.0295375748085007,15.648951520661825,23.0511723130943,0.005500000000000777,0.01550000000000099,True,True,650.7305860541467,689.4307098879028,38.70012383375615,True,0
2513,2015-12-28,665.56,663.3404526028879,-2.2195473971120236,2.2195473971120236,14.7341916148157,19.42002840166265,0.006000000000000777,0.01600000000000099,True,True,648.6062609880722,682.7604810045506,34.15422001647835,True,0
2514,2015-12-29,677.98,665.3325738113342,-12.647426188665804,12.647426188665804,14.695309535402203,18.46007305503531,0.006500000000000778,0.01650000000000099,True,True,650.637264275932,683.7926468663695,33.15538259043751,True,0
2515,2015-12-30,691.89,677.3412482351705,-14.54875176482949,14.54875176482949,14.205106019693517,17.591052939984706,0.007000000000000778,0.01700000000000099,True,True,663.136142215477,694.9323011751552,31.796158959678223,True,0
2516,2015-12-31,686.08,691.2059034587782,5.125903458778112,-5.125903458778112,13.72033565449459,17.118488921674782,0.007500000000000779,0.01750000000000099,True,True,677.4855678042836,708.324392380453,30.838824576169372,True,0
2517,2016-01-04,656.29,686.1975895058232,29.90758950582324,-29.90758950582324,13.393543982946198,16.530484733640037,0.008000000000000779,0.01800000000000099,False,True,672.804045522877,702.7280742394632,29.924028716586236,False,1
2518,2016-01-05,646.86,657.3308069850444,10.470806985044419,-10.470806985044419,inf,15.98593978312681,-0.0014999999999992207,0.01850000000000099,True,True,-inf,673.3167467681712,inf,True,0
2519,2016-01-06,622.0,647.0946702460058,25.094670246005762,-25.094670246005762,inf,15.468686626762121,-0.0009999999999992207,0.019000000000000992,True,True,-inf,662.5633568727678,inf,True,0
2520,2016-01-07,621.8,622.7826777858526,0.9826777858526157,-0.9826777858526157,inf,14.54875176482949,-0.0004999999999992207,0.019500000000000992,True,True,-inf,637.3314295506821,inf,True,0
2521,2016-01-08,619.66,621.6106316249968,1.950631624996845,-1.950631624996845,inf,14.535889655771143,7.793245215825806e-16,0.020000000000000993,True,True,-inf,636.146521280768,inf,True,0
2522,2016-01-11,612.48,619.5553980622054,7.075398062205409,-7.075398062205409,44.44299274458308,14.499911127858638,0.0005000000000007793,0.020500000000000993,True,True,575.1124053176223,634.055309190064,58.94290387244166,True,0
2523,2016-01-12,625.25,612.5673297845914,-12.68267021540862,12.68267021540862,42.45373337730973,13.973324868287676,0.0010000000000007793,0.021000000000000994,True,True,570.1135964072816,626.5406546528791,56.427058245597436,True,0
2524,2016-01-13,620.88,624.5454097288987,3.6654097288986804,-3.6654097288986804,34.7120327640111,13.17420768622219,0.0015000000000007794,0.021500000000000994,True,True,589.8333769648875,637.7196174151209,47.886240450233345,True,0
2525,2016-01-14,580.25,620.8702391132514,40.62023911325139,-40.62023911325139,28.867852672401852,12.844833471415882,0.0020000000000007794,0.022000000000000994,False,True,592.0023864408495,633.7150725846673,41.71268614381779,False,1
2526,2016-01-15,572.24,581.5942700262704,9.354270026270342,-9.354270026270342,inf,12.8116662286115,-0.007499999999999221,0.022500000000000995,True,True,-inf,594.4059362548819,inf,True,0
2527,2016-01-19,577.09,572.3337443726389,-4.756255627361156,4.756255627361156,inf,12.68267021540862,-0.00699999999999922,0.023000000000000995,True,True,-inf,585.0164145880475,inf,True,0
2528,2016-01-20,564.36,576.6818975718218,12.32189757182175,-12.32189757182175,inf,12.647426188665804,-0.00649999999999922,0.023500000000000996,True,True,-inf,589.3293237604876,inf,True,0
2529,2016-01-21,573.58,564.624596494353,-8.955403505647041,8.955403505647041,inf,12.495747188778807,-0.0059999999999992195,0.024000000000000996,True,True,-inf,577.1203436831318,inf,True,0
2530,2016-01-22,588.73,572.992749456754,-15.737250543245977,15.737250543245977,inf,12.408820474369577,-0.005499999999999219,0.024500000000000997,True,False,-inf,585.4015699311236,inf,False,1
2531,2016-01-25,597.99,587.9060228245577,-10.083977175442328,10.083977175442328,inf,24.30405681347247,-0.004999999999999219,0.015000000000000997,True,True,-inf,612.2100796380302,inf,True,0
2532,2016-01-26,603.45,597.4078443356373,-6.042155664362781,6.042155664362781,inf,22.630058440476432,-0.004499999999999218,0.015500000000000997,True,True,-inf,620.0379027761137,inf,True,0
2533,2016-01-27,601.99,603.0253784755248,1.0353784755247943,-1.0353784755247943,inf,19.42002840166265,-0.003999999999999218,0.016000000000000996,True,True,-inf,622.4454068771875,inf,True,0
2534,2016-01-28,608.37,601.8351058677003,-6.534894132299655,6.534894132299655,inf,18.46007305503531,-0.0034999999999992177,0.016500000000000997,True,True,-inf,620.2951789227357,inf,True,0
2535,2016-01-29,571.98,607.9147563102615,35.93475631026149,-35.93475631026149,inf,17.431662177681503,-0.0029999999999992177,0.017000000000000997,True,True,-inf,625.346418487943,inf,True,0
2536,2016-02-01,578.15,573.136970580477,-5.013029419522923,5.013029419522923,inf,17.118488921674782,-0.0024999999999992177,0.017500000000000997,True,True,-inf,590.2554595021518,inf,True,0
2537,2016-02-02,570.0,577.6840003754926,7.684000375492587,-7.684000375492587,inf,16.530484733640037,-0.0019999999999992177,0.018000000000000998,True,True,-inf,594.2144851091326,inf,True,0
2538,2016-02-03,553.5,570.0931815044285,16.593181504428458,-16.593181504428458,inf,15.98593978312681,-0.0014999999999992177,0.018500000000001,True,True,-inf,586.0791212875553,inf,True,0
2539,2016-02-04,525.0,553.9020510523171,28.90205105231712,-28.90205105231712,inf,15.468686626762121,-0.0009999999999992177,0.019000000000001,True,True,-inf,569.3707376790792,inf,True,0
2540,2016-02-05,529.28,525.81046124449,-3.469538755509916,3.469538755509916,inf,14.960966199678893,-0.0004999999999992177,0.019500000000001,True,True,-inf,540.7714274441689,inf,True,0
2541,2016-02-08,486.47,528.8534738044783,42.383473804478285,-42.383473804478285,inf,14.54875176482949,7.8236028766554e-16,0.020000000000001,True,True,-inf,543.4022255693078,inf,True,0
2542,2016-02-09,478.01,487.8290451925507,9.819045192550732,-9.819045192550732,44.44299274458308,14.499911127858638,0.0005000000000007824,0.020500000000001,True,True,443.38605244796764,502.32895632040936,58.94290387244172,True,0
2543,2016-02-10,491.76,477.95332531885526,-13.806674681144727,13.806674681144727,42.45373337730973,13.973324868287676,0.0010000000000007824,0.021000000000001,True,True,435.49959194154553,491.92665018714297,56.427058245597436,True,0
2544,2016-02-11,491.17,490.96299244661253,-0.20700755338748422,0.20700755338748422,42.383473804478285,13.806674681144727,0.0015000000000007824,0.021500000000001,True,True,448.57951864213425,504.76966712775726,56.19014848562301,True,0
2545,2016-02-12,510.7,490.96616838847785,-19.733831611522135,19.733831611522135,35.93475631026149,13.725655545674073,0.0020000000000007824,0.022000000000001,True,False,455.03141207821636,504.6918239341519,49.660411855935536,False,1
2546,2016-02-16,519.48,509.6878960829203,-9.792103917079714,9.792103917079714,34.7120327640111,36.98,0.0025000000000007824,0.012500000000001002,True,True,474.9758633189092,546.6678960829203,71.69203276401106,True,0
2547,2016-02-17,528.74,518.9424110078801,-9.797588992119927,9.797588992119927,29.90758950582324,36.7,0.0030000000000007824,0.013000000000001002,True,True,489.03482150205684,555.6424110078801,66.60758950582328,True,0
2548,2016-02-18,541.19,528.164324274026,-13.02567572597411,13.02567572597411,28.90205105231712,31.49753328109827,0.0035000000000007824,0.013500000000001003,True,True,499.2622732217088,559.6618575551242,60.39958433341542,True,0
2549,2016-02-19,520.71,540.50074759269,19.790747592689968,-19.790747592689968,25.094670246005762,29.789448397179513,0.0040000000000007824,0.014000000000001003,True,True,515.4060773466842,570.2901959898695,54.884118643185275,True,0
2550,2016-02-22,542.2,521.2518753472982,-20.948124652701836,20.948124652701836,22.960797860546336,29.097996727067596,0.004500000000000783,0.014500000000001003,True,True,498.2910774867519,550.3498720743657,52.058794587613875,True,0
2551,2016-02-23,555.55,541.0402090721615,-14.50979092783848,14.50979092783848,22.90656228703449,23.0511723130943,0.005000000000000783,0.015000000000001004,True,True,518.133646785127,564.0913813852558,45.95773460012879,True,0
2552,2016-02-24,545.75,554.846406960779,9.09640696077895,-9.09640696077895,21.80327228429178,22.630058440476432,0.005500000000000784,0.015500000000001004,True,True,533.0431346764872,577.4764654012554,44.43333072476821,True,0
2553,2016-02-25,555.52,545.9042423808742,-9.615757619125816,9.615757619125816,20.037081608587158,20.948124652701836,0.006000000000000784,0.016000000000001003,True,True,525.867160772287,566.852367033576,40.98520626128902,True,0
2554,2016-02-26,560.12,554.872428985494,-5.247571014505979,5.247571014505979,19.790747592689968,19.42002840166265,0.006500000000000785,0.016500000000001003,True,True,535.0816813928041,574.2924573871567,39.210775994352616,True,0
2555,2016-02-29,554.0,559.7212323221221,5.721232322122091,-5.721232322122091,17.131715215632653,18.46007305503531,0.007000000000000785,0.017000000000001004,True,True,542.5895171064894,578.1813053771574,35.59178827066796,True,0
2556,2016-03-01,556.29,553.999013945856,-2.290986054144014,2.290986054144014,16.33779006578817,17.591052939984706,0.0075000000000007856,0.017500000000001004,True,True,537.6612238800678,571.5900668858407,33.92884300577282,True,0
2557,2016-03-02,581.75,555.9434879052538,-25.806512094746154,25.806512094746154,16.266769243413705,17.118488921674782,0.008000000000000786,0.018000000000001005,True,False,539.6767186618401,573.0619768269287,33.385258165088544,False,1
2558,2016-03-03,577.96,580.5170480591926,2.557048059192539,-2.557048059192539,15.648951520661825,42.92,0.008500000000000786,0.008500000000001005,True,True,564.8680965385307,623.4370480591925,58.56895152066181,True,0
2559,2016-03-04,581.07,577.915347486619,-3.154652513381052,3.154652513381052,14.7341916148157,42.66,0.009000000000000787,0.009000000000001005,True,True,563.1811558718033,620.575347486619,57.39419161481567,True,0
2560,2016-03-07,573.54,580.7049018978346,7.164901897834625,-7.164901897834625,14.695309535402203,42.19,0.009500000000000787,0.009500000000001006,True,True,566.0095923624324,622.8949018978346,56.88530953540226,True,0
2561,2016-03-08,557.87,573.5948941807612,15.724894180761225,-15.724894180761225,14.205106019693517,41.612076318755726,0.010000000000000788,0.010000000000001006,False,True,559.3897881610677,615.206970499517,55.81718233844924,False,1
2562,2016-03-09,559.56,558.2036147095861,-1.3563852904138685,1.3563852904138685,44.44299274458308,37.61,0.000500000000000788,0.010500000000001007,True,True,513.760621965003,595.8136147095861,82.0529927445831,True,0
2563,2016-03-10,566.74,559.2189165371732,-7.521083462826823,7.521083462826823,42.45373337730973,37.25,0.001000000000000788,0.011000000000001007,True,True,516.7651831598635,596.4689165371732,79.70373337730973,True,0
2564,2016-03-11,566.95,566.2213815419458,-0.7286184580542567,0.7286184580542567,42.383473804478285,37.08,0.001500000000000788,0.011500000000001008,True,True,523.8379077374675,603.3013815419458,79.46347380447833,True,0
2565,2016-03-14,567.0,566.7104736876698,-0.28952631233016746,0.28952631233016746,35.93475631026149,37.04,0.002000000000000788,0.012000000000001008,True,True,530.7757173774083,603.7504736876698,72.97475631026145,True,0
2566,2016-03-15,571.0,566.7542426553193,-4.245757344680669,4.245757344680669,34.7120327640111,36.7,0.002500000000000788,0.012500000000001009,True,True,532.0422098913082,603.4542426553194,71.4120327640112,True,0
2567,2016-03-16,576.64,570.6026504659924,-6.037349534007603,6.037349534007603,29.90758950582324,36.7,0.003000000000000788,0.013000000000001009,True,True,540.6950609601691,607.3026504659924,66.60758950582328,True,0
2568,2016-03-17,569.51,576.1879314864906,6.677931486490593,-6.677931486490593,28.90205105231712,31.49753328109827,0.003500000000000788,0.01350000000000101,True,True,547.2858804341735,607.6854647675889,60.39958433341542,True,0
2569,2016-03-18,560.94,569.5479736412557,8.607973641255626,-8.607973641255626,25.094670246005762,29.789448397179513,0.004000000000000788,0.01400000000000101,True,True,544.4533033952499,599.3374220384352,54.884118643185275,True,0
2570,2016-03-21,548.91,561.0080140823641,12.098014082364102,-12.098014082364102,22.960797860546336,25.806512094746154,0.004500000000000788,0.01450000000000101,True,True,538.0472162218177,586.8145261771102,48.76730995529249,True,0
2571,2016-03-22,545.11,549.0988490047124,3.9888490047123923,-3.9888490047123923,22.90656228703449,24.30405681347247,0.0050000000000007885,0.01500000000000101,True,True,526.1922867176779,573.4029058181849,47.21061910050696,True,0
2572,2016-03-23,561.0,544.9807184958878,-16.0192815041122,16.0192815041122,21.80327228429178,23.0511723130943,0.005500000000000789,0.015500000000001011,True,True,523.177446211596,568.0318908089821,44.85444459738608,True,0
2573,2016-03-24,567.11,560.1308878755026,-6.979112124497419,6.979112124497419,20.037081608587158,20.948124652701836,0.006000000000000789,0.01600000000000101,True,True,540.0938062669154,581.0790125282044,40.98520626128902,True,0
2574,2016-03-28,584.4,566.6534318693972,-17.746568130602782,17.746568130602782,19.790747592689968,19.733831611522135,0.00650000000000079,0.01650000000000101,True,True,546.8626842767072,586.3872634809193,39.524579204212046,True,0
2575,2016-03-29,580.15,583.5075829852374,3.3575829852374,-3.3575829852374,16.593181504428458,19.42002840166265,0.00700000000000079,0.01700000000000101,True,True,566.9144014808089,602.9276113869,36.013209906091106,True,0
2576,2016-03-30,596.71,580.1003967502744,-16.609603249725637,16.609603249725637,16.33779006578817,17.746568130602782,0.007500000000000791,0.01750000000000101,True,True,563.7626066844862,597.8469648808772,34.08435819639101,True,0
2577,2016-03-31,599.28,595.8243960527258,-3.4556039472741986,3.4556039472741986,16.266769243413705,17.591052939984706,0.008000000000000791,0.01800000000000101,True,True,579.5576268093121,613.4154489927105,33.85782218339841,True,0
2578,2016-04-01,590.49,598.9854067094905,8.495406709490453,-8.495406709490453,15.724894180761225,17.431662177681503,0.008500000000000792,0.018500000000001012,True,True,583.2605125287292,616.4170688871719,33.156556358442685,True,0
2579,2016-04-04,599.0,590.5863908471972,-8.413609152802792,8.413609152802792,14.962544374099338,17.118488921674782,0.009000000000000792,0.019000000000001013,True,True,575.6238464730978,607.7048797688719,32.08103329577409,True,0
2580,2016-04-05,590.77,598.4176897490383,7.6476897490383635,-7.6476897490383635,14.7341916148157,16.530484733640037,0.009500000000000793,0.019500000000001013,True,True,583.6834981342226,614.9481744826784,31.264676348455737,True,0
2581,2016-04-06,587.52,590.8603449167714,3.3403449167714143,-3.3403449167714143,14.695309535402203,16.0192815041122,0.010000000000000793,0.020000000000001013,True,True,576.1650353813692,606.8796264208836,30.714591039514403,True,0
2582,2016-04-07,598.76,587.3832393188723,-11.376760681127735,11.376760681127735,13.72033565449459,15.98593978312681,0.010500000000000793,0.020500000000001014,True,True,573.6629036643776,603.3691791019991,29.706275437621457,True,0
2583,2016-04-08,594.32,598.0817308213166,3.761730821316519,-3.761730821316519,13.705209885036027,15.468686626762121,0.011000000000000794,0.021000000000001014,True,True,584.3765209362805,613.5504174480786,29.173896511798148,True,0
2584,2016-04-11,596.14,594.2723933859734,-1.867606614026613,1.867606614026613,13.393543982946198,14.960966199678893,0.011500000000000794,0.021500000000001015,True,True,580.8788494030272,609.2333595856522,28.354510182625063,True,0
2585,2016-04-12,598.4,595.821114477281,-2.5788855227190197,2.5788855227190197,13.346056464726985,14.54875176482949,0.012000000000000795,0.022000000000001015,True,True,582.475058012554,610.3698662421104,27.894808229556475,True,0
2586,2016-04-13,607.68,598.0779949400473,-9.602005059952603,9.602005059952603,13.335334764741134,14.50979092783848,0.012500000000000795,0.022500000000001016,True,True,584.7426601753062,612.5877858678858,27.845125692579586,True,0
2587,2016-04-14,615.07,607.0918132622047,-7.97818673779534,7.97818673779534,12.97660761808163,14.499911127858638,0.013000000000000796,0.023000000000001016,True,True,594.1152056441231,621.5917243900633,27.47651874594021,True,0
2588,2016-04-15,621.92,614.5744018401824,-7.345598159817541,7.345598159817541,12.728566661525036,13.973324868287676,0.013500000000000796,0.023500000000001017,True,True,601.8458351786574,628.5477267084701,26.70189152981277,True,0
2589,2016-04-18,625.35,621.445545427093,-3.9044545729070705,3.9044545729070705,12.32189757182175,13.725655545674073,0.014000000000000797,0.024000000000001017,True,True,609.1236478552712,635.171200972767,26.047553117495795,True,0
2590,2016-04-19,637.14,625.0073795312469,-12.132620468753089,12.132620468753089,12.198762425887196,13.17420768622219,0.014500000000000797,0.024500000000001017,True,True,612.8086171053596,638.1815872174691,25.372970112109442,True,0
2591,2016-04-20,630.0,636.4753144271843,6.475314427184344,-6.475314427184344,12.098014082364102,13.02567572597411,0.015000000000000797,0.025000000000001018,True,True,624.3773003448202,649.5009901531585,25.123689808338213,True,0
2592,2016-04-21,631.0,630.0723831974334,-0.9276168025666038,0.9276168025666038,11.690246021699409,12.8116662286115,0.015500000000000798,0.02550000000000102,True,True,618.382137175734,642.8840494260448,24.501912250310852,True,0
2593,2016-04-22,624.47,630.7194551281124,6.249455128112345,-6.249455128112345,11.535116995791213,12.762369254078436,0.0160000000000008,0.02600000000000102,True,True,619.1843381323212,643.4818243821908,24.29748624986962,True,0
2594,2016-04-25,616.61,624.4902149028261,7.880214902826083,-7.880214902826083,11.15053612952579,12.68267021540862,0.0165000000000008,0.02650000000000102,True,True,613.3396787733003,637.1728851182347,23.83320634493441,True,0
2595,2016-04-26,626.17,616.6570835167859,-9.512916483214099,9.512916483214099,10.92408695002726,12.495747188778807,0.0170000000000008,0.02700000000000102,True,True,605.7329965667586,629.1528307055646,23.41983413880598,True,0
2596,2016-04-27,611.8,625.5546585375574,13.754658537557475,-13.754658537557475,10.752487596655897,12.408820474369577,0.0175000000000008,0.02750000000000102,False,True,614.8021709409015,637.963479011927,23.161308071025474,False,1
2597,2016-04-28,615.54,612.1305834415801,-3.409416558419821,3.409416558419821,16.266769243413705,12.403943335151723,0.0080000000000008,0.02800000000000102,True,True,595.8638141981664,624.5345267767318,28.67071257856537,True,0
2598,2016-04-29,666.0,615.1238981345731,-50.876101865426904,50.876101865426904,15.648951520661825,12.105808063873866,0.0085000000000008,0.02850000000000102,True,False,599.4749466139112,627.2297061984469,27.75475958453569,False,1
2599,2016-05-02,663.92,663.7980445336436,-0.12195546635632581,0.12195546635632581,14.962544374099338,17.118488921674782,0.0090000000000008,0.019000000000001023,True,True,648.8355001595443,680.9165334553184,32.08103329577409,True,0
2600,2016-05-03,677.36,663.867526769431,-13.492473230568976,13.492473230568976,14.7341916148157,16.609603249725637,0.009500000000000801,0.019500000000001023,True,True,649.1333351546153,680.4771300191567,31.343794864541337,True,0
2601,2016-05-04,662.59,676.6372640312243,14.047264031224245,-14.047264031224245,14.205106019693517,16.0192815041122,0.010000000000000802,0.020000000000001024,True,True,662.4321580115308,692.6565455353365,30.224387523805717,True,0
2602,2016-05-05,673.31,662.9722909160419,-10.337709083958089,10.337709083958089,14.047264031224245,15.98593978312681,0.010500000000000802,0.020500000000001024,True,True,648.9250268848176,678.9582306991687,30.033203814351054,True,0
2603,2016-05-06,656.05,672.6513847413328,16.601384741332822,-16.601384741332822,13.754658537557475,15.737250543245977,0.011000000000000803,0.021000000000001025,False,True,658.8967262037753,688.3886352845788,29.491909080803453,False,1
2604,2016-05-09,673.95,656.525054766713,-17.424945233287076,17.424945233287076,42.383473804478285,15.468686626762121,0.0015000000000008028,0.021500000000001025,True,False,614.1415809622347,671.9937413934751,57.85216043124046,False,1
2605,2016-05-10,694.0,672.9808275543886,-21.01917244561139,21.01917244561139,35.93475631026149,37.04,0.002000000000000803,0.012000000000001025,True,True,637.0460712441271,710.0208275543886,72.97475631026145,True,0
2606,2016-05-11,705.79,693.0712799017465,-12.71872009825347,12.71872009825347,34.7120327640111,36.98,0.002500000000000803,0.012500000000001026,True,True,658.3592471377353,730.0512799017465,71.69203276401117,True,0
2607,2016-05-12,717.38,705.2128482056344,-12.167151794365623,12.167151794365623,29.90758950582324,36.7,0.003000000000000803,0.013000000000001026,True,True,675.3052586998111,741.9128482056344,66.60758950582328,True,0
2608,2016-05-13,714.64,716.8009196348104,2.160919634810398,-2.160919634810398,28.867852672401852,31.49753328109827,0.003500000000000803,0.013500000000001027,True,True,687.9330669624085,748.2984529159087,60.36538595350021,True,0
2609,2016-05-16,710.13,714.6084271270811,4.4784271270810905,-4.4784271270810905,25.094670246005762,29.789448397179513,0.004000000000000803,0.014000000000001027,True,True,689.5137568810753,744.3978755242606,54.884118643185275,True,0
2610,2016-05-17,709.9,710.1158588882424,0.21585888824245103,-0.21585888824245103,22.960797860546336,29.097996727067596,0.004500000000000804,0.014500000000001028,True,True,687.1550610276961,739.21385561531,52.058794587613875,True,0
2611,2016-05-18,689.56,709.7159055840089,20.155905584008906,-20.155905584008906,21.861857017462057,24.30405681347247,0.005000000000000804,0.015000000000001028,True,True,687.8540485665468,734.0199623974813,46.16591383093453,True,0
2612,2016-05-19,691.88,690.1297553460471,-1.7502446539529046,1.7502446539529046,21.80327228429178,23.0511723130943,0.005500000000000805,0.015500000000001029,True,True,668.3264830617553,713.1809276591414,44.85444459738608,True,0
2613,2016-05-20,701.05,691.5298772267505,-9.520122773249454,9.520122773249454,20.155905584008906,22.630058440476432,0.006000000000000805,0.016000000000001027,True,True,671.3739716427416,714.1599356672269,42.78596402448534,True,0
2614,2016-05-23,704.25,700.5142050253521,-3.735794974647888,3.735794974647888,20.037081608587158,20.948124652701836,0.0065000000000008055,0.016500000000001028,True,True,680.4771234167649,721.462329678054,40.98520626128902,True,0
2615,2016-05-24,698.01,703.9679788777827,5.957978877782693,-5.957978877782693,17.131715215632653,19.733831611522135,0.007000000000000806,0.017000000000001028,True,True,686.83626366215,723.7018104893048,36.86554682715473,True,0
2616,2016-05-25,708.0,698.0644590258793,-9.935540974120727,9.935540974120727,16.601384741332822,19.42002840166265,0.007500000000000806,0.01750000000000103,True,True,681.4630742845465,717.4844874275419,36.02141314299547,True,0
2617,2016-05-26,708.33,707.410223825071,-0.9197761749290976,0.9197761749290976,16.593181504428458,17.746568130602782,0.008000000000000807,0.01800000000000103,True,True,690.8170423206425,725.1567919556737,34.33974963503124,True,0
2618,2016-05-27,715.0,708.1617741717247,-6.838225828275313,6.838225828275313,16.266769243413705,17.591052939984706,0.008500000000000807,0.01850000000000103,True,True,691.895004928311,725.7528271117094,33.85782218339841,True,0
2619,2016-05-31,712.33,714.5637756781923,2.2337756781922735,-2.2337756781922735,15.724894180761225,17.431662177681503,0.009000000000000808,0.01900000000000103,True,True,698.8388814974311,731.9954378558738,33.156556358442685,True,0
2620,2016-06-01,720.9,712.2694114515826,-8.630588548417336,8.630588548417336,15.648951520661825,17.118488921674782,0.009500000000000808,0.01950000000000103,True,True,696.6204599309208,729.3879003732575,32.76744044233669,True,0
2621,2016-06-02,720.97,720.3844228554638,-0.5855771445362734,0.5855771445362734,14.7341916148157,16.609603249725637,0.010000000000000809,0.02000000000000103,True,True,705.650231240648,736.9940261051894,31.343794864541337,True,0
2622,2016-06-03,726.74,720.8172177512453,-5.922782248754743,5.922782248754743,14.695309535402203,16.530484733640037,0.010500000000000809,0.02050000000000103,True,True,706.1219082158431,737.3477024848853,31.22579426904224,True,0
2623,2016-06-06,726.5,726.3456645667509,-0.15433543324911625,0.15433543324911625,14.205106019693517,15.98593978312681,0.01100000000000081,0.02100000000000103,True,True,712.1405585470574,742.3316043498777,30.191045802820327,True,0
2624,2016-06-07,729.89,726.3544239889247,-3.53557601107525,3.53557601107525,13.754658537557475,15.737250543245977,0.01150000000000081,0.021500000000001032,True,True,712.5997654513673,742.0916745321707,29.491909080803453,True,0
2625,2016-06-08,726.4,729.5882355336762,3.1882355336762203,-3.1882355336762203,13.72033565449459,15.468686626762121,0.01200000000000081,0.022000000000001033,True,True,715.8678998791816,745.0569221604383,29.18902228125671,True,0
2626,2016-06-09,723.1,726.3699960308525,3.2699960308524396,-3.2699960308524396,13.705209885036027,14.54875176482949,0.01250000000000081,0.022500000000001033,True,True,712.6647861458164,740.918747795682,28.253961649865573,True,0
2627,2016-06-10,722.35,723.0372735904382,0.687273590438167,-0.687273590438167,13.346301063550015,14.535889655771143,0.013000000000000811,0.023000000000001034,True,True,709.6909725268881,737.5731632462093,27.882190719321216,True,0
2628,2016-06-13,714.01,722.1887147856012,8.178714785601187,-8.178714785601187,13.346056464726985,14.50979092783848,0.013500000000000812,0.023500000000001034,True,True,708.8426583208742,736.6985057134397,27.855847392565465,True,0
2629,2016-06-14,712.33,714.1381848459412,1.8081848459411276,-1.8081848459411276,13.335334764741134,13.973324868287676,0.014000000000000812,0.024000000000001034,True,True,700.8028500812001,728.1115097142289,27.30865963302881,True,0
2630,2016-06-15,722.0,712.177958411729,-9.822041588270963,9.822041588270963,12.728566661525036,13.806674681144727,0.014500000000000813,0.024500000000001035,True,True,699.449391750204,725.9846330928738,26.535241342669792,True,0
2631,2016-06-16,712.05,721.4387549618151,9.388754961815152,-9.388754961815152,12.501411788758048,13.725655545674073,0.015000000000000813,0.025000000000001035,True,True,708.9373431730571,735.1644105074892,26.227067334432036,True,0
2632,2016-06-17,718.19,712.2689719824205,-5.9210280175796015,5.9210280175796015,12.32189757182175,13.17420768622219,0.015500000000000813,0.025500000000001036,True,True,699.9470744105987,725.4431796686426,25.49610525804394,True,0
2633,2016-06-20,713.5,717.7337392284315,4.233739228431546,-4.233739228431546,12.098014082364102,13.02567572597411,0.016000000000000812,0.026000000000001036,True,True,705.6357251460674,730.7594149544057,25.123689808338213,True,0
2634,2016-06-21,715.72,713.5085788846902,-2.211421115309804,2.211421115309804,11.714392023366656,12.844833471415882,0.016500000000000813,0.026500000000001037,True,True,701.7941868613236,726.3534123561061,24.55922549478248,True,0
2635,2016-06-22,716.58,715.4286713369603,-1.1513286630397488,1.1513286630397488,11.690246021699409,12.762369254078436,0.017000000000000813,0.027000000000001037,True,True,703.7384253152609,728.1910405910387,24.452615275777816,True,0
2636,2016-06-23,715.5,716.3637314010012,0.863731401001246,-0.863731401001246,11.15053612952579,12.71872009825347,0.017500000000000814,0.027500000000001038,True,True,705.2131952714755,729.0824514992547,23.86925622777926,True,0
2637,2016-06-24,693.0,715.3526279815962,22.352627981596243,-22.352627981596243,11.088085541567068,12.68267021540862,0.018000000000000814,0.028000000000001038,False,True,704.2645424400291,728.0352981970049,23.770755756975745,False,1
2638,2016-06-27,692.01,693.6403279199861,1.6303279199861436,-1.6303279199861436,16.33779006578817,12.495747188778807,0.008500000000000814,0.02850000000000104,True,True,677.3025378541979,706.136075108765,28.83353725456709,True,0
2639,2016-06-28,700.0,691.764964225969,-8.235035774030962,8.235035774030962,16.266769243413705,12.408820474369577,0.009000000000000815,0.02900000000000104,True,True,675.4981949825553,704.1737847003386,28.675589717783282,True,0
2640,2016-06-29,715.75,699.4812888125666,-16.268711187433382,16.268711187433382,15.648951520661825,12.403943335151723,0.009500000000000815,0.02950000000000104,True,False,683.8323372919048,711.8852321477184,28.052894855813634,False,1
2641,2016-06-30,717.2,714.968780190119,-2.231219809881054,2.231219809881054,14.962544374099338,16.609603249725637,0.010000000000000816,0.020000000000001038,True,True,700.0062358160196,731.5783834398446,31.572147623825003,True,0
2642,2016-07-01,717.32,716.9983386933308,-0.3216613066692844,0.3216613066692844,14.7341916148157,16.268711187433382,0.010500000000000816,0.020500000000001038,True,True,702.2641470785151,733.2670498807641,31.002902802249082,True,0
2643,2016-07-05,722.8,717.1252319657336,-5.674768034266322,5.674768034266322,14.205106019693517,16.0192815041122,0.011000000000000816,0.02100000000000104,True,True,702.9201259460401,733.1445134698458,30.224387523805717,True,0
2644,2016-07-06,725.71,722.3987736150743,-3.3112263849257033,3.3112263849257033,14.047264031224245,15.98593978312681,0.011500000000000817,0.02150000000000104,True,True,708.3515095838501,738.3847133982011,30.033203814351054,True,0
2645,2016-07-07,739.33,725.4260828504118,-13.90391714958821,13.90391714958821,13.754658537557475,15.468686626762121,0.012000000000000817,0.02200000000000104,True,True,711.6714243128544,740.8947694771739,29.22334516431954,True,0
2646,2016-07-08,740.14,738.6351720167697,-1.504827983230257,1.504827983230257,13.705209885036027,14.960966199678893,0.012500000000000818,0.02250000000000104,True,True,724.9299621317336,753.5961382164486,28.666176084714948,True,0
2647,2016-07-11,750.0,739.9740427413478,-10.02595725865217,10.02595725865217,13.393543982946198,14.54875176482949,0.013000000000000818,0.02300000000000104,True,True,726.5804987584016,754.5227945061773,27.942295747775688,True,0
2648,2016-07-12,756.86,749.4536242492785,-7.406375750721509,7.406375750721509,13.346301063550015,14.50979092783848,0.013500000000000819,0.02350000000000104,True,True,736.1073231857285,763.963415177117,27.85609199138844,True,0
2649,2016-07-13,746.76,756.4657638765958,9.705763876595825,-9.705763876595825,13.335334764741134,14.499911127858638,0.014000000000000819,0.02400000000000104,True,True,743.1304291118547,770.9656750044544,27.835245892599687,True,0
2650,2016-07-14,748.86,746.9917674927804,-1.868232507219659,1.868232507219659,12.97660761808163,13.973324868287676,0.01450000000000082,0.024500000000001042,True,True,734.0151598746987,760.9650923610681,26.949932486369335,True,0
2651,2016-07-15,746.55,748.5752712539373,2.025271253937376,-2.025271253937376,12.728566661525036,13.806674681144727,0.01500000000000082,0.025000000000001042,True,True,735.8467045924123,762.3819459350821,26.535241342669792,True,0
2652,2016-07-18,735.49,746.4695821980896,10.979582198089588,-10.979582198089588,12.32189757182175,13.725655545674073,0.01550000000000082,0.025500000000001043,True,True,734.1476846262678,760.1952377437636,26.047553117495795,True,0
2653,2016-07-19,732.5,735.716768897161,3.216768897161046,-3.216768897161046,12.198762425887196,13.492473230568976,0.01600000000000082,0.026000000000001043,True,True,723.5180064712738,749.20924212773,25.69123565645623,True,0
2654,2016-07-20,744.0,732.3898514945608,-11.610148505439156,11.610148505439156,12.098014082364102,13.02567572597411,0.01650000000000082,0.026500000000001044,True,True,720.2918374121967,745.415527220535,25.123689808338213,True,0
2655,2016-07-21,747.5,743.3674066751713,-4.13259332482869,4.13259332482869,11.690246021699409,12.844833471415882,0.01700000000000082,0.027000000000001044,True,True,731.6771606534719,756.2122401465872,24.53507949311529,True,0
2656,2016-07-22,747.79,747.2235236402797,-0.5664763597202409,0.5664763597202409,11.535116995791213,12.762369254078436,0.01750000000000082,0.027500000000001044,True,True,735.6884066444885,759.9858928943581,24.29748624986962,True,0
2657,2016-07-25,746.55,747.6115443391897,1.0615443391897088,-1.0615443391897088,11.15053612952579,12.71872009825347,0.01800000000000082,0.028000000000001045,True,True,736.4610082096639,760.3302644374431,23.86925622777926,True,0
2658,2016-07-26,742.71,746.4184008837564,3.708400883756326,-3.708400883756326,10.979582198089588,12.68267021540862,0.01850000000000082,0.028500000000001045,True,True,735.4388186856668,759.101071099165,23.66225241349821,True,0
2659,2016-07-27,737.97,742.6686611825209,4.698661182520823,-4.698661182520823,10.92408695002726,12.495747188778807,0.019000000000000822,0.029000000000001046,True,True,731.7445742324936,755.1644083712997,23.419834138806095,True,0
2660,2016-07-28,745.98,737.950073228482,-8.029926771518035,8.029926771518035,10.752487596655897,12.408820474369577,0.019500000000000822,0.029500000000001046,True,True,727.1975856318261,750.3588937028516,23.161308071025474,True,0
2661,2016-07-29,765.0,745.4753085186227,-19.524691481377317,19.524691481377317,10.470806985044419,12.403943335151723,0.020000000000000823,0.030000000000001047,True,False,735.0045015335783,757.8792518537743,22.874750320196085,False,1
2662,2016-08-01,759.87,764.1246409946939,4.254640994693887,-4.254640994693887,10.455853776570734,16.530484733640037,0.020500000000000823,0.020500000000001045,True,True,753.6687872181232,780.6551257283339,26.98633851021077,True,0
2663,2016-08-02,763.81,759.9486925524025,-3.8613074475974827,3.8613074475974827,10.352954255708198,16.268711187433382,0.021000000000000824,0.021000000000001046,True,True,749.5957382966942,776.2174037398358,26.621665443141637,True,0
2664,2016-08-03,757.06,763.4756871673748,6.415687167374813,-6.415687167374813,10.094873795300316,15.98593978312681,0.021500000000000824,0.021500000000001046,True,True,753.3808133720745,779.4616269505016,26.08081357842707,True,0
2665,2016-08-04,753.7,757.1529294426838,3.4529294426837396,-3.4529294426837396,9.93317140096974,15.737250543245977,0.022000000000000824,0.022000000000001046,True,True,747.219758041714,772.8901799859298,25.670421944215718,True,0
2666,2016-08-05,764.81,753.6288597582845,-11.181140241715411,11.181140241715411,9.922509939345616,15.468686626762121,0.022500000000000825,0.022500000000001047,True,True,743.7063498189389,769.0975463850466,25.391196566107737,True,0
2667,2016-08-08,766.81,764.2026509547568,-2.6073490452431543,2.6073490452431543,9.91020213890016,14.54875176482949,0.023000000000000825,0.023000000000001047,True,True,754.2924488158567,778.7514027195863,24.458953903729594,True,0
2668,2016-08-09,767.39,766.597019965232,-0.792980034767993,0.792980034767993,9.819045192550732,14.535889655771143,0.023500000000000826,0.023500000000001048,True,True,756.7779747726813,781.1329096210031,24.354934848321818,True,0
2669,2016-08-10,769.8,767.2047429231627,-2.5952570768372425,2.5952570768372425,9.705763876595825,14.499911127858638,0.024000000000000826,0.02400000000000105,True,True,757.4989790465669,781.7046540510214,24.20567500445452,True,0
2670,2016-08-11,769.94,769.542128945115,-0.3978710548850586,0.3978710548850586,9.611331133468127,13.973324868287676,0.024500000000000827,0.02450000000000105,True,True,759.9307978116469,783.5154538134027,23.584656001755775,True,0
2671,2016-08-12,768.46,769.7736313995496,1.3136313995495357,-1.3136313995495357,9.482504891545119,13.90391714958821,0.025000000000000827,0.02500000000000105,True,True,760.2911265080045,783.6775485491378,23.3864220411333,True,0
2672,2016-08-15,771.9,768.3467352372875,-3.5532647627125016,3.5532647627125016,9.354270026270342,13.725655545674073,0.025500000000000828,0.02550000000000105,True,True,758.9924652110171,782.0723907829615,23.079925571944386,True,0
2673,2016-08-16,768.62,771.5963331708587,2.976333170858652,-2.976333170858652,9.09640696077895,13.492473230568976,0.026000000000000828,0.02600000000000105,True,True,762.4999262100797,785.0888064014276,22.588880191347926,True,0
2674,2016-08-17,764.41,768.5834510609527,4.173451060952743,-4.173451060952743,9.092261705948445,13.17420768622219,0.02650000000000083,0.02650000000000105,True,True,759.4911893550043,781.7576587471749,22.26646939217062,True,0
2675,2016-08-18,764.0,764.3848176738996,0.38481767389964716,-0.38481767389964716,8.82209149900882,12.844833471415882,0.02700000000000083,0.02700000000000105,True,True,755.5627261748908,777.2296511453155,21.666924970424702,True,0
2676,2016-08-19,761.9,763.826226280482,1.9262262804820693,-1.9262262804820693,8.80797472763895,12.8116662286115,0.02750000000000083,0.02750000000000105,True,True,755.0182515528431,776.6378925090935,21.61964095625035,True,0
2677,2016-08-22,757.5,761.7989152352361,4.298915235236109,-4.298915235236109,8.730423433258636,12.762369254078436,0.02800000000000083,0.028000000000001052,True,True,753.0684918019774,774.5612844893145,21.4927926873371,True,0
2678,2016-08-23,763.31,757.4768610231532,-5.833138976846726,5.833138976846726,8.635517421451198,12.68267021540862,0.02850000000000083,0.028500000000001052,True,True,748.841343601702,770.1595312385618,21.318187636859875,True,0
2679,2016-08-24,763.0,762.8942466312894,-0.10575336871056606,0.10575336871056606,8.607973641255626,12.647426188665804,0.02900000000000083,0.029000000000001053,True,True,754.2862729900338,775.5416728199552,21.25539982992143,True,0
2680,2016-08-25,756.0,762.8473917413448,6.847391741344836,-6.847391741344836,8.52262168284659,12.408820474369577,0.02950000000000083,0.029500000000001053,True,True,754.3247700584982,775.2562122157144,20.931442157216225,True,0
2681,2016-08-26,760.05,756.0773597820005,-3.9726402179994693,3.9726402179994693,8.495406709490453,12.403943335151723,0.03000000000000083,0.030000000000001054,True,True,747.58195307251,768.4813031171523,20.899350044642233,True,0
2682,2016-08-29,768.72,759.689669853574,-9.030330146426081,9.030330146426081,8.445680639693741,12.167151794365623,0.030500000000000832,0.030500000000001054,True,True,751.2439892138802,771.8568216479396,20.612832434059328,True,0
2683,2016-08-30,771.05,768.2200264536705,-2.8299735463294837,2.8299735463294837,8.324593033907718,12.105808063873866,0.031000000000000832,0.031000000000001054,True,True,759.8954334197628,780.3258345175443,20.430401097781555,True,0
2684,2016-08-31,766.6,770.8083034340113,4.208303434011327,-4.208303434011327,8.308067839245439,12.046558395810933,0.03150000000000083,0.031500000000001055,True,True,762.5002355947659,782.8548618298223,20.354626235056458,True,0
2685,2016-09-01,770.9,766.5942622142109,-4.30573778578912,4.30573778578912,8.25200881534488,11.926404781122756,0.03200000000000083,0.032000000000001055,True,True,758.342253398866,778.5206669953336,20.178413596467635,True,0
2686,2016-09-02,774.11,770.5444449658793,-3.5655550341207345,3.5655550341207345,8.044417114314342,11.697837578350288,0.032500000000000834,0.032500000000001056,True,True,762.5000278515649,782.2422825442295,19.742254692664574,True,0
2687,2016-09-06,774.04,773.8226457908196,-0.21735420918037107,0.21735420918037107,8.025116119562767,11.610148505439156,0.033000000000000834,0.033000000000001056,True,True,765.7975296712568,785.4327942962587,19.635264625001923,True,0
2688,2016-09-07,789.53,773.8743469808588,-15.655653019141141,15.655653019141141,7.9302506630996845,11.52921809833174,0.033500000000000835,0.03350000000000106,True,False,765.9440963177592,785.4035650791906,19.459468761431367,False,1
2689,2016-09-08,783.89,788.7686924826745,4.8786924826745235,-4.8786924826745235,7.9171963619482995,14.50979092783848,0.034000000000000835,0.024000000000001055,True,True,780.8514961207262,803.278483410513,22.42698728978678,True,0
2690,2016-09-09,779.36,783.9786610099969,4.618661009996913,-4.618661009996913,7.886781527856215,14.499911127858638,0.034500000000000836,0.024500000000001056,True,True,776.0918794821407,798.4785721378555,22.386692655714796,True,0
2691,2016-09-12,757.35,779.3430180465087,21.993018046508723,-21.993018046508723,7.851123178345517,13.90391714958821,0.035000000000000836,0.025000000000001056,False,True,771.4918948681632,793.246935196097,21.755040327933784,False,1
2692,2016-09-13,768.77,757.9704220206545,-10.799577979345486,10.799577979345486,9.388754961815152,13.806674681144727,0.025500000000000834,0.025500000000001057,True,True,748.5816670588393,771.7770967017992,23.19542964295988,True,0
2693,2016-09-14,762.2,768.081413964343,5.881413964342983,-5.881413964342983,9.354270026270342,13.725655545674073,0.026000000000000835,0.026000000000001057,True,True,758.7271439380727,781.8070695100171,23.079925571944386,True,0
2694,2016-09-15,762.0,762.2925792021065,0.2925792021064808,-0.2925792021064808,9.092261705948445,13.17420768622219,0.026500000000000835,0.026500000000001057,True,True,753.200317496158,775.4667868883287,22.26646939217062,True,0
2695,2016-09-16,773.28,761.7956663619951,-11.484333638004841,11.484333638004841,8.931101638219502,13.02567572597411,0.027000000000000836,0.027000000000001058,True,True,752.8645647237756,774.8213420879692,21.956777364193613,True,0
2696,2016-09-19,779.97,772.6586842450502,-7.311315754949874,7.311315754949874,8.80797472763895,12.8116662286115,0.027500000000000836,0.02750000000000106,True,True,763.8507095174112,785.4703504736617,21.619640956250464,True,0
2697,2016-09-20,776.0,779.5657119831615,3.5657119831614636,-3.5657119831614636,8.730423433258636,12.762369254078436,0.028000000000000837,0.02800000000000106,True,True,770.8352885499028,792.3280812372399,21.4927926873371,True,0
2698,2016-09-21,783.25,775.9875289884674,-7.262471011532625,7.262471011532625,8.72131187731074,12.71872009825347,0.028500000000000837,0.02850000000000106,True,True,767.2662171111566,788.7062490867208,21.44003197556424,True,0
2699,2016-09-22,794.27,782.7814030512405,-11.488596948759437,11.488596948759437,8.607973641255626,12.647426188665804,0.029000000000000838,0.02900000000000106,True,True,774.1734294099849,795.4288292399063,21.25539982992143,True,0
2700,2016-09-23,803.13,793.696926173768,-9.433073826231976,9.433073826231976,8.55436997936556,12.495747188778807,0.029500000000000838,0.02950000000000106,True,True,785.1425561944025,806.1926733625469,21.050117168144425,True,0
2701,2016-09-26,801.8,802.6604970897695,0.8604970897695239,-0.8604970897695239,8.495406709490453,12.403943335151723,0.03000000000000084,0.03000000000000106,True,True,794.165090380279,815.0644404249213,20.899350044642233,True,0
2702,2016-09-27,801.85,801.7134268603699,-0.1365731396301726,0.1365731396301726,8.445680639693741,12.167151794365623,0.03050000000000084,0.03050000000000106,True,True,793.2677462206761,813.8805786547355,20.612832434059328,True,0
2703,2016-09-28,818.0,801.6808588353435,-16.319141164656457,16.319141164656457,8.426878189461377,12.132620468753089,0.03100000000000084,0.03100000000000106,True,False,793.2539806458822,813.8134793040966,20.559498658214466,False,1
2704,2016-09-29,828.26,817.2276743640423,-11.032325635957704,11.032325635957704,8.308067839245439,15.98593978312681,0.03150000000000084,0.02150000000000106,True,True,808.9196065247968,833.2136141471691,24.294007622372305,True,0
2705,2016-09-30,832.61,827.7741554086953,-4.835844591304749,4.835844591304749,8.25200881534488,15.737250543245977,0.03200000000000084,0.02200000000000106,True,True,819.5221465933504,843.5114059519412,23.989259358590857,True,0
2706,2016-10-03,836.0,832.3388149843727,-3.661185015627325,3.661185015627325,8.178714785601187,15.655653019141141,0.03250000000000084,0.02250000000000106,True,True,824.1601001987715,847.9944680035138,23.834367804742328,True,0
2707,2016-10-04,840.91,835.751218792243,-5.158781207756988,5.158781207756988,8.025116119562767,14.960966199678893,0.03300000000000084,0.02300000000000106,True,True,827.7261026726802,850.7121849919218,22.986082319241632,True,0
2708,2016-10-05,838.0,840.6047815366334,2.604781536633368,-2.604781536633368,7.938907590292899,14.54875176482949,0.03350000000000084,0.02350000000000106,True,True,832.6658739463405,855.1535333014629,22.487659355122332,True,0
2709,2016-10-06,843.7,837.99307498438,-5.706925015620072,5.706925015620072,7.9171963619482995,14.535889655771143,0.03400000000000084,0.024000000000001062,True,True,830.0758786224317,852.5289646401511,22.453086017719443,True,0
2710,2016-10-07,845.79,843.3469729404505,-2.443027059549422,2.443027059549422,7.886781527856215,14.499911127858638,0.03450000000000084,0.024500000000001063,True,True,835.4601914125943,857.8468840683092,22.38669265571491,True,0
2711,2016-10-10,843.25,845.6018158523445,2.3518158523445436,-2.3518158523445436,7.880214902826083,13.973324868287676,0.03500000000000084,0.025000000000001063,True,True,837.7216009495185,859.5751407206322,21.853539771113788,True,0
2712,2016-10-11,841.02,843.2236641359019,2.2036641359019313,-2.2036641359019313,7.7865428671156565,13.806674681144727,0.03550000000000084,0.025500000000001063,True,True,835.4371212687863,857.0303388170466,21.593217548260327,True,0
2713,2016-10-12,834.0,840.9649634374806,6.9649634374806055,-6.9649634374806055,7.684000375492587,13.725655545674073,0.036000000000000844,0.026000000000001064,True,True,833.280963061988,854.6906189831546,21.40965592116663,True,0
2714,2016-10-13,829.0,834.1186059037383,5.118605903738285,-5.118605903738285,7.6476897490383635,13.492473230568976,0.036500000000000844,0.026500000000001064,True,True,826.4709161546999,847.6110791343073,21.14016297960734,True,0
2715,2016-10-14,835.08,829.0218138975602,-6.05818610243989,6.05818610243989,7.642987594851675,13.02567572597411,0.037000000000000845,0.027000000000001065,True,True,821.3788263027085,842.0474896235343,20.66866332082577,True,0
2716,2016-10-17,821.5,834.6912615032608,13.191261503260762,-13.191261503260762,7.639833084795782,12.844833471415882,0.037500000000000845,0.027500000000001065,False,True,827.051428418465,847.5360949746766,20.484666556211664,False,1
2717,2016-10-18,822.11,821.8746393447984,-0.235360655201589,0.235360655201589,8.730423433258636,12.762369254078436,0.028000000000000844,0.028000000000001066,True,True,813.1442159115397,834.6370085988768,21.4927926873371,True,0
2718,2016-10-19,820.4,821.8896417031706,1.489641703170605,-1.489641703170605,8.72131187731074,12.71872009825347,0.028500000000000844,0.028500000000001066,True,True,813.1683298258598,834.608361801424,21.44003197556424,True,0
2719,2016-10-20,813.99,820.3073193942979,6.317319394297897,-6.317319394297897,8.635517421451198,12.68267021540862,0.029000000000000845,0.029000000000001067,True,True,811.6718019728467,832.9899896097065,21.318187636859875,True,0
2720,2016-10-21,809.36,814.0615781301832,4.701578130183179,-4.701578130183179,8.55436997936556,12.495747188778807,0.029500000000000845,0.029500000000001067,True,True,805.5072081508176,826.5573253189621,21.050117168144425,True,0
2721,2016-10-24,824.95,809.3448543323334,-15.605145667666648,15.605145667666648,8.52262168284659,12.408820474369577,0.030000000000000845,0.030000000000001067,True,False,800.8222326494868,821.753674806703,20.931442157216225,False,1
2722,2016-10-25,839.3,824.1783286231125,-15.121671376887434,15.121671376887434,8.495406709490453,16.319141164656457,0.030500000000000846,0.020500000000001066,True,True,815.6829219136221,840.497469787769,24.81454787414691,True,0
2723,2016-10-26,832.76,838.6518075876734,5.891807587673384,-5.891807587673384,8.426878189461377,16.0192815041122,0.031000000000000846,0.021000000000001066,True,True,830.224929398212,854.6710890917856,24.446159693573577,True,0
2724,2016-10-27,831.24,832.8958285011887,1.6558285011886937,-1.6558285011886937,8.324593033907718,15.98593978312681,0.03150000000000085,0.021500000000001067,True,True,824.571235467281,848.8817682843155,24.310532817034527,True,0
2725,2016-10-28,782.0,831.1255953527733,49.1255953527733,-49.1255953527733,8.25200881534488,15.737250543245977,0.03200000000000085,0.022000000000001067,False,True,822.8735865374284,846.8628458960193,23.989259358590857,False,1
2726,2016-10-31,781.03,783.6074296813316,2.577429681331637,-2.577429681331637,9.93317140096974,15.605145667666648,0.022500000000000846,0.022500000000001068,True,True,773.6742582803619,799.2125753489983,25.53831706863639,True,0
2727,2016-11-01,799.0,780.7181507860004,-18.281849213999635,18.281849213999635,9.922509939345616,15.468686626762121,0.023000000000000846,0.023000000000001068,True,False,770.7956408466548,796.1868374127625,25.391196566107737,False,1
2728,2016-11-02,783.93,798.1226025020585,14.192602502058548,-14.192602502058548,9.91020213890016,29.789448397179513,0.023500000000000847,0.013500000000001068,False,True,788.2124003631584,827.912050899238,39.699650536079616,False,1
2729,2016-11-03,765.05,784.3388359222242,19.28883592222428,-19.28883592222428,13.346301063550015,25.806512094746154,0.014000000000000847,0.014000000000001069,False,True,770.9925348586742,810.1453480169704,39.152813158296226,False,1
2730,2016-11-04,762.79,765.5110898491063,2.7210898491063062,-2.7210898491063062,22.960797860546336,24.30405681347247,0.004500000000000847,0.01450000000000107,True,True,742.5502919885599,789.8151466625787,47.26485467401881,True,0
2731,2016-11-07,771.64,762.6199807862963,-9.020019213703677,9.020019213703677,22.90656228703449,23.0511723130943,0.0050000000000008475,0.01500000000000107,True,True,739.7134184992618,785.6711530993906,45.95773460012879,True,0
2732,2016-11-08,784.97,771.0879225245071,-13.882077475492906,13.882077475492906,21.993018046508723,21.01917244561139,0.005500000000000848,0.01550000000000107,True,True,749.0949044779984,792.1070949701185,43.01219049212011,True,0
2733,2016-11-09,764.0,784.2777876611818,20.277787661181833,-20.277787661181833,21.861857017462057,20.948124652701836,0.006000000000000848,0.01600000000000107,True,True,762.4159306437198,805.2259123138837,42.80998167016389,True,0
2734,2016-11-10,778.81,764.588439676511,-14.221560323488916,14.221560323488916,21.80327228429178,19.524691481377317,0.006500000000000849,0.01650000000000107,True,True,742.7851673922193,784.1131311578883,41.3279637656691,True,0
2735,2016-11-11,735.73,777.9923144528029,42.26231445280291,-42.26231445280291,20.155905584008906,19.42002840166265,0.007000000000000849,0.01700000000000107,False,True,757.836408868794,797.4123428544656,39.575933985671554,False,1
2736,2016-11-14,745.51,737.1532229097218,-8.356777090278229,8.356777090278229,inf,18.46007305503531,-0.0024999999999991505,0.01750000000000107,True,True,-inf,755.6132959647571,inf,True,0
2737,2016-11-15,730.0,744.7750625272643,14.775062527264254,-14.775062527264254,inf,17.746568130602782,-0.0019999999999991505,0.01800000000000107,True,True,-inf,762.521630657867,inf,True,0
2738,2016-11-16,739.88,730.3927151383549,-9.487284861645094,9.487284861645094,inf,17.591052939984706,-0.0014999999999991505,0.01850000000000107,True,True,-inf,747.9837680783396,inf,True,0
2739,2016-11-17,749.32,739.1971871640327,-10.122812835967352,10.122812835967352,inf,17.424945233287076,-0.0009999999999991504,0.01900000000000107,True,True,-inf,756.6221323973198,inf,True,0
2740,2016-11-18,761.0,748.7486283479703,-12.251371652029661,12.251371652029661,inf,17.118488921674782,-0.0004999999999991504,0.019500000000001072,True,True,-inf,765.8671172696452,inf,True,0
2741,2016-11-21,766.0,760.3470393047061,-5.6529606952939275,5.6529606952939275,inf,16.609603249725637,8.495808223596413e-16,0.020000000000001072,True,True,-inf,776.9566425544317,inf,True,0
2742,2016-11-22,788.17,765.6224901932535,-22.54750980674646,22.54750980674646,48.278611396789984,16.319141164656457,0.0005000000000008496,0.020500000000001073,True,False,717.3438787964635,781.94163135791,64.59775256144644,False,1
2743,2016-11-23,781.73,787.1044940950347,5.37449409503472,-5.37449409503472,44.44299274458308,37.08,0.0010000000000008496,0.011000000000001073,True,True,742.6615013504517,824.1844940950348,81.52299274458312,True,0
2744,2016-11-25,786.5,781.8500866272367,-4.649913372763308,4.649913372763308,42.383473804478285,37.04,0.0015000000000008496,0.011500000000001074,True,True,739.4666128227584,818.8900866272367,79.42347380447825,True,0
2745,2016-11-28,776.99,786.0772241804716,9.087224180471594,-9.087224180471594,42.26231445280291,36.98,0.0020000000000008496,0.012000000000001074,True,True,743.8149097276687,823.0572241804716,79.24231445280293,True,0
2746,2016-11-29,768.0,777.1600218285846,9.160021828584604,-9.160021828584604,40.62023911325139,36.7,0.0025000000000008496,0.012500000000001074,True,True,736.5397827153332,813.8600218285846,77.32023911325143,True,0
2747,2016-11-30,762.0,768.0882057229644,6.088205722964403,-6.088205722964403,34.7120327640111,31.49753328109827,0.0030000000000008496,0.013000000000001075,True,True,733.3761729589532,799.5857390040627,66.20956604510945,True,0
2748,2016-12-01,752.41,761.9689807021059,9.558980702105941,-9.558980702105941,29.90758950582324,29.097996727067596,0.0035000000000008497,0.013500000000001075,True,True,732.0613911962827,791.0669774291734,59.00558623289078,True,0
2749,2016-12-02,743.4,752.521615191631,9.121615191631008,-9.121615191631008,28.90205105231712,25.806512094746154,0.00400000000000085,0.014000000000001076,True,True,723.6195641393139,778.3281272863771,54.70856314706327,True,0
2750,2016-12-05,745.0,743.4681363819963,-1.5318636180037402,1.5318636180037402,25.094670246005762,24.30405681347247,0.0045000000000008505,0.014500000000001076,True,True,718.3734661359905,767.7721931954687,49.39872705947823,True,0
2751,2016-12-06,763.99,744.6603357712121,-19.32966422878792,19.32966422878792,22.960797860546336,22.630058440476432,0.005000000000000851,0.015000000000001077,True,True,721.6995379106658,767.2903942116885,45.59085630102277,True,0
2752,2016-12-07,764.55,763.018934835956,-1.53106516404398,1.53106516404398,22.352627981596243,22.54750980674646,0.005500000000000851,0.015500000000001077,True,True,740.6663068543597,785.5664446427024,44.900137788342704,True,0
2753,2016-12-08,771.87,764.3716217011676,-7.498378298832449,7.498378298832449,21.993018046508723,20.948124652701836,0.006000000000000852,0.016000000000001076,True,True,742.3786036546588,785.3197463538694,42.94114269921056,True,0
2754,2016-12-09,770.0,771.359812760642,1.359812760641944,-1.359812760641944,21.861857017462057,19.733831611522135,0.006500000000000852,0.016500000000001076,True,True,749.4979557431799,791.0936443721641,41.59568862898425,True,0
2755,2016-12-12,766.4,769.8730794149186,3.4730794149186295,-3.4730794149186295,20.277787661181833,19.524691481377317,0.007000000000000853,0.017000000000001077,True,True,749.5952917537368,789.3977708962959,39.80247914255915,True,0
2756,2016-12-13,764.96,766.3005253811681,1.3405253811680495,-1.3405253811680495,20.155905584008906,19.32966422878792,0.007500000000000853,0.017500000000001077,True,True,746.1446197971592,785.630189609956,39.485569812796825,True,0
2757,2016-12-14,778.25,764.7686660656329,-13.481333934367058,13.481333934367058,19.790747592689968,18.46007305503531,0.008000000000000854,0.018000000000001078,True,True,744.977918472943,783.2287391206683,38.25082064772528,True,0
2758,2016-12-15,766.28,777.4986728368218,11.218672836821838,-11.218672836821838,19.28883592222428,17.746568130602782,0.008500000000000854,0.018500000000001078,True,True,758.2098369145975,795.2452409674246,37.03540405282706,True,0
2759,2016-12-16,765.0,766.5618411882632,1.5618411882632017,-1.5618411882632017,17.131715215632653,17.591052939984706,0.009000000000000855,0.01900000000000108,True,True,749.4301259726305,784.1528941282479,34.72276815561736,True,0
2760,2016-12-19,758.89,764.7688633456464,5.878863345646437,-5.878863345646437,16.593181504428458,17.431662177681503,0.009500000000000855,0.01950000000000108,True,True,748.175681841218,782.2005255233279,34.02484368210992,True,0
2761,2016-12-20,768.65,758.8833448716515,-9.766655128348475,9.766655128348475,16.33779006578817,17.118488921674782,0.010000000000000855,0.02000000000000108,True,True,742.5455548058633,776.0018337933263,33.456278987463065,True,0
2762,2016-12-21,770.0,768.0091951746447,-1.990804825355326,1.990804825355326,16.266769243413705,16.609603249725637,0.010500000000000856,0.02050000000000108,True,True,751.742425931231,784.6187984243703,32.87637249313934,True,0
2763,2016-12-22,768.12,769.753226794964,1.6332267949640027,-1.6332267949640027,15.648951520661825,16.319141164656457,0.011000000000000856,0.02100000000000108,True,True,754.1042752743022,786.0723679596205,31.96809268531831,True,0
2764,2016-12-23,764.55,767.9638095169624,3.4138095169624876,-3.4138095169624876,14.962544374099338,16.268711187433382,0.011500000000000857,0.02150000000000108,True,True,753.0012651428631,784.2325207043958,31.23125556153275,True,0
2765,2016-12-27,763.4,764.4441317161214,1.0441317161214556,-1.0441317161214556,14.7341916148157,16.0192815041122,0.012000000000000857,0.02200000000000108,True,True,749.7099401013057,780.4634132202336,30.7534731189279,True,0
2766,2016-12-28,776.25,763.1922578086412,-13.057742191358784,13.057742191358784,14.695309535402203,15.737250543245977,0.012500000000000858,0.02250000000000108,True,True,748.496948273239,778.9295083518872,30.43256007864818,True,0
2767,2016-12-29,772.4,775.5089233665141,3.108923366514091,-3.108923366514091,14.205106019693517,15.655653019141141,0.013000000000000858,0.023000000000001082,True,True,761.3038173468206,791.1645763856552,29.860759038834658,True,0
2768,2016-12-30,766.47,772.3659357025234,5.8959357025233885,-5.8959357025233885,14.047264031224245,15.468686626762121,0.013500000000000859,0.023500000000001083,True,True,758.3186716712992,787.8346223292856,29.515950657986423,True,0
2769,2017-01-03,757.92,766.4476019984293,8.527601998429304,-8.527601998429304,13.754658537557475,15.121671376887434,0.014000000000000859,0.024000000000001083,True,True,752.6929434608718,781.5692733753167,28.87632991444491,True,0
2770,2017-01-04,758.39,757.9850612411207,-0.4049387588793252,0.4049387588793252,13.705209885036027,14.960966199678893,0.01450000000000086,0.024500000000001083,True,True,744.2798513560847,772.9460274407995,28.666176084714834,True,0
2771,2017-01-05,761.55,758.0950153344454,-3.454984665554548,3.454984665554548,13.393543982946198,14.535889655771143,0.01500000000000086,0.025000000000001084,True,True,744.7014713514992,772.6309049902165,27.92943363871734,True,0
2772,2017-01-06,782.36,761.1859646521473,-21.174035347852737,21.174035347852737,13.346301063550015,14.50979092783848,0.01550000000000086,0.025500000000001084,True,False,747.8396635885972,775.6957555799858,27.856091991388553,False,1
2773,2017-01-09,798.0,781.321164562202,-16.678835437798057,16.678835437798057,13.335334764741134,21.01917244561139,0.01600000000000086,0.016000000000001083,True,True,767.9858297974608,802.3403370078133,34.354507210352494,True,0
2774,2017-01-10,796.6,797.2522375420117,0.6522375420116759,-0.6522375420116759,13.191261503260762,20.948124652701836,0.01650000000000086,0.016500000000001083,True,True,784.0609760387509,818.2003621947135,34.1393861559626,True,0
2775,2017-01-11,793.66,796.4917059860292,2.831705986029192,-2.831705986029192,12.728566661525036,19.524691481377317,0.01700000000000086,0.017000000000001084,True,True,783.7631393245041,816.0163974674065,32.25325814290238,True,0
2776,2017-01-12,800.31,793.5419552422477,-6.76804475775225,6.76804475775225,12.501411788758048,19.42002840166265,0.017500000000000862,0.017500000000001084,True,True,781.0405434534896,812.9619836439103,31.921440190420753,True,0
2777,2017-01-13,814.32,799.818628198648,-14.501371801352093,14.501371801352093,12.32189757182175,19.32966422878792,0.018000000000000863,0.018000000000001085,True,True,787.4967306268262,819.1482924274359,31.65156180060967,True,0
2778,2017-01-17,815.7,813.5879805817833,-2.1120194182167324,2.1120194182167324,12.098014082364102,18.281849213999635,0.018500000000000863,0.018500000000001085,True,True,801.4899664994192,831.869829795783,30.379863296363737,True,0
2779,2017-01-18,809.5,815.4878296527893,5.987829652789287,-5.987829652789287,11.714392023366656,17.746568130602782,0.019000000000000863,0.019000000000001085,True,True,803.7734376294227,833.2343977833921,29.46096015396938,True,0
2780,2017-01-19,810.0,809.525394539686,-0.47460546031402373,0.47460546031402373,11.535116995791213,17.431662177681503,0.019500000000000864,0.019500000000001086,True,True,797.9902775438948,826.9570567173674,28.966779173472673,True,0
2781,2017-01-20,815.28,809.7396167889913,-5.540383211008702,5.540383211008702,11.218672836821838,17.424945233287076,0.020000000000000864,0.020000000000001086,True,True,798.5209439521694,827.1645620222783,28.643618070108914,True,0
2782,2017-01-23,806.8,814.8628122755807,8.062812275580768,-8.062812275580768,11.088085541567068,16.678835437798057,0.020500000000000865,0.020500000000001087,True,True,803.7747267340137,831.5416477133788,27.766920979365068,True,0
2783,2017-01-24,822.0,806.9233643967443,-15.076635603255681,15.076635603255681,10.979582198089588,16.609603249725637,0.021000000000000865,0.021000000000001087,True,True,795.9437821986547,823.53296764647,27.589185447815225,True,0
2784,2017-01-25,825.79,821.1630476033365,-4.626952396663455,4.626952396663455,10.92408695002726,16.530484733640037,0.021500000000000866,0.021500000000001088,True,True,810.2389606533093,837.6935323369765,27.454571683667268,True,0
2785,2017-01-26,835.53,825.4913442049769,-10.038655795023033,10.038655795023033,10.555174171553404,16.268711187433382,0.022000000000000866,0.022000000000001088,True,True,814.9361700334235,841.7600553924103,26.823885358986786,True,0
2786,2017-01-27,839.0,834.9639486523146,-4.036051347685429,4.036051347685429,10.470806985044419,16.0192815041122,0.022500000000000867,0.02250000000000109,True,True,824.4931416672702,850.9832301564268,26.49008848915662,True,0
2787,2017-01-30,833.0,838.7030618022078,5.703061802207799,-5.703061802207799,10.352954255708198,15.737250543245977,0.023000000000000867,0.02300000000000109,True,True,828.3501075464997,854.4403123454538,26.09020479895412,True,0
2788,2017-01-31,823.75,833.0378169624208,9.287816962420834,-9.287816962420834,10.17138112416589,15.655653019141141,0.023500000000000867,0.02350000000000109,True,True,822.8664358382549,848.693469981562,25.82703414330706,True,0
2789,2017-02-01,829.21,823.8684035574069,-5.341596442593186,5.341596442593186,10.094873795300316,15.605145667666648,0.024000000000000868,0.02400000000000109,True,True,813.7735297621066,839.4735492250735,25.700019462966907,True,0
2790,2017-02-02,836.59,828.7535401129288,-7.836459887071214,7.836459887071214,9.922509939345616,15.121671376887434,0.02450000000000087,0.02450000000000109,True,True,818.8310301735833,843.8752114898163,25.044181316232994,True,0
2791,2017-02-03,806.72,836.1193193853583,29.39931938535824,-29.39931938535824,9.919258401354341,15.076635603255681,0.02500000000000087,0.02500000000000109,False,True,826.2000609840039,851.195954988614,24.995894004610022,False,1
2792,2017-02-06,809.8,807.6544899118178,-2.1455100881821636,2.1455100881821636,13.346301063550015,14.54875176482949,0.015500000000000869,0.02550000000000109,True,True,794.3081888482677,822.2032416766473,27.895052828379562,True,0
2793,2017-02-07,809.31,809.3486883058995,0.038688305899540865,-0.038688305899540865,13.346056464726985,14.535889655771143,0.016000000000000868,0.02600000000000109,True,True,796.0026318411725,823.8845779616706,27.881946120498128,True,0
2794,2017-02-08,812.69,809.1132865250435,-3.576713474956591,3.576713474956591,13.191261503260762,14.501371801352093,0.016500000000000868,0.026500000000001092,True,True,795.9220250217827,823.6146583263956,27.692633304612855,True,0
2795,2017-02-09,821.6,812.3317599864463,-9.268240013553736,9.268240013553736,12.97660761808163,14.499911127858638,0.01700000000000087,0.027000000000001093,True,True,799.3551523683647,826.831671114305,27.476518745940325,True,0
2796,2017-02-10,823.82,821.0454618273191,-2.774538172680991,2.774538172680991,12.728566661525036,14.221560323488916,0.01750000000000087,0.027500000000001093,True,True,808.316895165794,835.267022150808,26.95012698501398,True,0
2797,2017-02-13,831.62,823.547363983301,-8.072636016698993,8.072636016698993,12.32189757182175,13.90391714958821,0.01800000000000087,0.028000000000001093,True,True,811.2254664114793,837.4512811328892,26.22581472140996,True,0
2798,2017-02-14,837.0,831.1107510119964,-5.889248988003601,5.889248988003601,12.198762425887196,13.882077475492906,0.01850000000000087,0.028500000000001094,True,True,818.9119885861091,844.9928284874893,26.08083990138016,True,0
2799,2017-02-15,834.0,836.6092745332091,2.6092745332091454,-2.6092745332091454,11.714392023366656,13.725655545674073,0.01900000000000087,0.029000000000001094,True,True,824.8948825098425,850.3349300788832,25.440047569040644,True,0
2800,2017-02-16,841.84,833.921786955389,-7.9182130446109795,7.9182130446109795,11.690246021699409,13.492473230568976,0.01950000000000087,0.029500000000001095,True,True,822.2315409336896,847.414260185958,25.182719252268384,True,0
2801,2017-02-17,842.0,841.3153286101036,-0.6846713898963799,0.6846713898963799,11.218672836821838,13.17420768622219,0.02000000000000087,0.030000000000001095,True,True,830.0966557732818,854.4895362963258,24.392880523044028,True,0
2802,2017-02-21,848.84,841.8135608504384,-7.026439149561611,7.026439149561611,11.15053612952579,13.057742191358784,0.02050000000000087,0.030500000000001096,True,True,830.6630247209126,854.8713030417972,24.208278320884574,True,0
2803,2017-02-22,856.95,848.3699803249351,-8.580019675064932,8.580019675064932,11.088085541567068,13.02567572597411,0.021000000000000872,0.031000000000001096,True,True,837.281894783368,861.3956560509092,24.113761267541236,True,0
2804,2017-02-23,857.57,856.4614471611153,-1.1085528388847479,1.1085528388847479,10.92408695002726,12.8116662286115,0.021500000000000873,0.0315000000000011,True,True,845.5373602110881,869.2731133897269,23.735753178638788,True,0
2805,2017-02-24,844.69,857.3768798235579,12.686879823557888,-12.686879823557888,10.752487596655897,12.762369254078436,0.022000000000000873,0.0320000000000011,False,True,846.624392226902,870.1392490776364,23.514856850734304,False,1
2806,2017-02-27,842.38,844.9765159310284,2.5965159310284207,-2.5965159310284207,14.695309535402203,12.68267021540862,0.012500000000000873,0.0325000000000011,True,True,830.2812063956262,857.659186146437,27.377979750810823,True,0
2807,2017-02-28,851.45,842.2100302051767,-9.23996979482331,9.23996979482331,14.205106019693517,12.647426188665804,0.013000000000000874,0.0330000000000011,True,True,828.0049241854832,854.8574563938425,26.85253220835932,True,0
2808,2017-03-01,853.05,850.8828350738297,-2.167164926170244,2.167164926170244,14.192602502058548,12.408820474369577,0.013500000000000874,0.0335000000000011,True,True,836.6902325717712,863.2916555481993,26.601422976428125,True,0
2809,2017-03-02,853.08,852.8146659727119,-0.26533402728819055,0.26533402728819055,13.754658537557475,12.403943335151723,0.014000000000000875,0.0340000000000011,True,True,839.0600074351544,865.2186093078635,26.15860187270914,True,0
2810,2017-03-03,847.2,852.8779564564919,5.67795645649187,-5.67795645649187,13.72033565449459,12.251371652029661,0.014500000000000875,0.0345000000000011,True,True,839.1576208019974,865.1293281085216,25.971707306524195,True,0
2811,2017-03-06,845.23,847.214899091023,1.9848990910229531,-1.9848990910229531,13.393543982946198,12.132620468753089,0.015000000000000875,0.0350000000000011,True,True,833.8213551080768,859.3475195597761,25.526164451699287,True,0
2812,2017-03-07,845.48,845.0714390458458,-0.4085609541542681,0.4085609541542681,13.346301063550015,12.105808063873866,0.015500000000000876,0.0355000000000011,True,True,831.7251379822958,857.1772471097196,25.452109127423796,True,0
2813,2017-03-08,848.0,845.2490474492259,-2.750952550774059,2.750952550774059,13.346056464726985,11.926404781122756,0.016000000000000875,0.0360000000000011,True,True,831.902990984499,857.1754522303487,25.27246124584974,True,0
2814,2017-03-09,851.0,847.6902392179951,-3.3097607820049006,3.3097607820049006,13.191261503260762,11.785986857519788,0.016500000000000875,0.0365000000000011,True,True,834.4989777147343,859.4762260755149,24.97724836078055,True,0
2815,2017-03-10,857.0,850.6812432038934,-6.318756796106641,6.318756796106641,12.97660761808163,11.610148505439156,0.017000000000000876,0.0370000000000011,True,True,837.7046355858117,862.2913917093325,24.586756123520786,True,0
2816,2017-03-13,851.77,856.5703456868514,4.800345686851415,-4.800345686851415,12.686879823557888,11.586417839457766,0.017500000000000876,0.0375000000000011,True,True,843.8834658632935,868.1567635263092,24.273297663015683,True,0
2817,2017-03-14,853.55,851.780234675156,-1.769765324844002,1.769765324844002,12.501411788758048,11.52006618403118,0.018000000000000876,0.0380000000000011,True,True,839.2788228863978,863.3003008591871,24.021477972789285,True,0
2818,2017-03-15,854.33,853.2507225897893,-1.0792774102106932,1.0792774102106932,12.198762425887196,11.51211922195148,0.018500000000000877,0.0385000000000011,True,True,841.0519601639021,864.7628418117408,23.710881647838733,True,0
2819,2017-03-16,855.3,854.0942013752438,-1.2057986247561985,1.2057986247561985,12.098014082364102,11.488596948759437,0.019000000000000877,0.0390000000000011,True,True,841.9961872928797,865.5827983240032,23.58661103112354,True,0
2820,2017-03-17,853.49,855.0533170700412,1.5633170700411938,-1.5633170700411938,11.714392023366656,11.376760681127735,0.019500000000000878,0.039500000000001104,True,True,843.3389250466746,866.4300777511689,23.091152704494334,True,0
2821,2017-03-20,851.51,853.3493550065364,1.8393550065363797,-1.8393550065363797,11.535116995791213,11.224453624913167,0.020000000000000878,0.040000000000001104,True,True,841.8142380107452,864.5738086314495,22.75957062070438,True,0
2822,2017-03-21,858.84,851.3639541666805,-7.476045833319517,7.476045833319517,11.218672836821838,11.13140085807197,0.02050000000000088,0.040500000000001105,True,True,840.1452813298587,862.4953550247525,22.35007369489381,True,0
2823,2017-03-22,840.43,858.337007069328,17.907007069328074,-17.907007069328074,11.088085541567068,11.032325635957704,0.02100000000000088,0.041000000000001105,False,True,847.248921527761,869.3693327052857,22.120411177524716,False,1
2824,2017-03-23,848.2,840.9364674058066,-7.263532594193407,7.263532594193407,15.648951520661825,10.727888731641656,0.01150000000000088,0.041500000000001105,True,True,825.2875158851448,851.6643561374483,26.37684025230351,True,0
2825,2017-03-24,851.68,847.6102124183283,-4.069787581671676,4.069787581671676,14.962544374099338,10.605041659669155,0.01200000000000088,0.042000000000001106,True,True,832.6476680442289,858.2152540779974,25.56758603376852,True,0
2826,2017-03-27,838.07,851.3537639910605,13.283763991060482,-13.283763991060482,14.7341916148157,10.518423593393265,0.01250000000000088,0.042500000000001106,True,True,836.6195723762448,861.8721875844537,25.25261520820891,True,0
2827,2017-03-28,851.75,838.3782279600925,-13.371772039907455,13.371772039907455,14.695309535402203,10.44679085219019,0.01300000000000088,0.04300000000000111,True,False,823.6829184246903,848.8250188122827,25.142100387592336,False,1
2828,2017-03-29,859.05,850.9444871246692,-8.10551287533076,8.10551287533076,14.192602502058548,12.495747188778807,0.013500000000000881,0.033500000000001105,True,True,836.7518846226106,863.440234313448,26.6883496908373,True,0
2829,2017-03-30,874.95,858.5966588402501,-16.353341159749903,16.353341159749903,14.047264031224245,12.403943335151723,0.014000000000000882,0.034000000000001106,True,False,844.5493948090259,871.0006021754018,26.45120736637591,False,1
2830,2017-03-31,877.0,874.149011511142,-2.850988488857979,2.850988488857979,13.72033565449459,15.121671376887434,0.014500000000000882,0.024500000000001104,True,True,860.4286758566475,889.2706828880295,28.842007031381968,True,0
2831,2017-04-03,888.0,876.7742797490805,-11.225720250919494,11.225720250919494,13.705209885036027,15.076635603255681,0.015000000000000882,0.025000000000001105,True,True,863.0690698640444,891.8509153523362,28.781845488291765,True,0
2832,2017-04-04,891.5,887.382391493803,-4.11760850619703,4.11760850619703,13.393543982946198,14.54875176482949,0.015500000000000883,0.025500000000001105,True,True,873.9888475108568,901.9311432586325,27.942295747775688,True,0
2833,2017-04-05,910.82,891.2113882948848,-19.60861170511521,19.60861170511521,13.346056464726985,14.535889655771143,0.01600000000000088,0.026000000000001106,True,False,877.8653318301579,905.747277950656,27.881946120498128,False,1
2834,2017-04-06,913.8,909.8991702844075,-3.9008297155924083,3.9008297155924083,13.335334764741134,19.733831611522135,0.016500000000000882,0.016500000000001104,True,True,896.5638355196664,929.6330018959297,33.0691663762633,True,0
2835,2017-04-07,899.65,913.5833318438098,13.93333184380981,-13.93333184380981,13.191261503260762,19.524691481377317,0.017000000000000882,0.017000000000001105,False,True,900.392070340549,933.1080233251871,32.71595298463808,False,1
2836,2017-04-10,899.63,900.0145038605264,0.3845038605263653,-0.3845038605263653,20.155905584008906,19.42002840166265,0.007500000000000883,0.017500000000001105,True,True,879.8585982765175,919.434532262189,39.575933985671554,True,0
2837,2017-04-11,907.04,899.388200578973,-7.651799421026908,7.651799421026908,20.037081608587158,18.46007305503531,0.008000000000000883,0.018000000000001105,True,True,879.3511189703859,917.8482736340084,38.497154663622496,True,0
2838,2017-04-12,903.09,906.5667100832709,3.4767100832708593,-3.4767100832708593,19.28883592222428,18.281849213999635,0.008500000000000884,0.018500000000001106,True,True,887.2778741610466,924.8485592972705,37.570685136223915,True,0
2839,2017-04-13,891.45,903.0799970600476,11.629997060047572,-11.629997060047572,17.907007069328074,17.746568130602782,0.009000000000000884,0.019000000000001106,True,True,885.1729899907195,920.8265651906504,35.653575199930856,True,0
2840,2017-04-17,887.5,891.6838483123676,4.183848312367559,-4.183848312367559,17.131715215632653,17.431662177681503,0.009500000000000884,0.019500000000001107,True,True,874.5521330967349,909.115510490049,34.56337739331411,True,0
2841,2017-04-18,900.99,887.4074350091518,-13.582564990848255,13.582564990848255,16.593181504428458,17.424945233287076,0.010000000000000885,0.020000000000001107,True,True,870.8142535047233,904.8323802424388,34.018126737715534,True,0
2842,2017-04-19,907.84,900.2567456951274,-7.583254304872639,7.583254304872639,16.33779006578817,16.678835437798057,0.010500000000000885,0.020500000000001108,True,True,883.9189556293393,916.9355811329254,33.01662550358617,True,0
2843,2017-04-20,899.7,907.4327424464458,7.732742446445741,-7.732742446445741,15.724894180761225,16.609603249725637,0.011000000000000886,0.021000000000001108,True,True,891.7078482656846,924.0423456961714,32.33449743048686,True,0
2844,2017-04-21,902.67,899.8401295386235,-2.8298704613764585,2.8298704613764585,15.648951520661825,16.353341159749903,0.011500000000000886,0.02150000000000111,True,True,884.1911780179616,916.1934706983734,32.002292680411756,True,0
2845,2017-04-24,908.68,902.3327857610881,-6.347214238911874,6.347214238911874,14.775062527264254,16.319141164656457,0.012000000000000887,0.02200000000000111,True,True,887.5577232338238,918.6519269257445,31.09420369192071,True,0
2846,2017-04-25,907.04,908.2663704661177,1.2263704661177144,-1.2263704661177144,14.7341916148157,16.0192815041122,0.012500000000000887,0.02250000000000111,True,True,893.532178851302,924.2856519702299,30.7534731189279,True,0
2847,2017-04-26,910.3,906.9308680942556,-3.369131905744325,3.369131905744325,14.695309535402203,15.98593978312681,0.013000000000000888,0.02300000000000111,True,True,892.2355585588534,922.9168078773824,30.681249318529012,True,0
2848,2017-04-27,914.39,909.9773692086657,-4.412630791334323,4.412630791334323,14.192602502058548,15.737250543245977,0.013500000000000888,0.02350000000000111,True,True,895.7847667066071,925.7146197519116,29.929853045304526,True,0
2849,2017-04-28,948.83,914.0542616935774,-34.77573830642268,34.77573830642268,14.047264031224245,15.605145667666648,0.014000000000000888,0.02400000000000111,True,False,900.0069976623531,929.659407361244,29.652409698890892,False,1
2850,2017-05-01,927.8,947.3324304919179,19.53243049191792,-19.53243049191792,13.754658537557475,23.0511723130943,0.014500000000000889,0.014500000000001111,False,True,933.5777719543604,970.3836028050122,36.80583085065177,False,1
2851,2017-05-02,946.64,928.5481743443376,-18.091825655662433,18.091825655662433,22.960797860546336,22.630058440476432,0.005000000000000889,0.015000000000001111,True,True,905.5873764837912,951.178232784814,45.59085630102277,True,0
2852,2017-05-03,946.0,945.6515542524721,-0.34844574752787594,0.34844574752787594,22.90656228703449,21.174035347852737,0.00550000000000089,0.015500000000001112,True,True,922.7449919654376,966.8255896003249,44.080597634887226,True,0
2853,2017-05-04,944.75,945.9316503049591,1.1816503049591347,-1.1816503049591347,21.993018046508723,21.01917244561139,0.00600000000000089,0.01600000000000111,True,True,923.9386322584504,966.9508227505705,43.01219049212011,True,0
2854,2017-05-05,940.52,944.6302613304132,4.110261330413209,-4.110261330413209,21.861857017462057,19.733831611522135,0.0065000000000008905,0.01650000000000111,True,True,922.7684043129511,964.3640929419353,41.595688628984135,True,0
2855,2017-05-08,940.95,940.5097893578046,-0.4402106421954386,0.4402106421954386,21.80327228429178,19.60861170511521,0.007000000000000891,0.01700000000000111,True,True,918.7065170735128,960.1184010629198,41.41188398940699,True,0
2856,2017-05-09,952.8,940.7456919802828,-12.054308019717155,12.054308019717155,20.155905584008906,19.524691481377317,0.007500000000000891,0.017500000000001112,True,True,920.5897863962739,960.2703834616601,39.68059706538622,True,0
2857,2017-05-10,953.5,952.1719682762161,-1.3280317237838517,1.3280317237838517,20.037081608587158,19.32966422878792,0.008000000000000892,0.018000000000001112,True,True,932.134886667629,971.5016325050041,39.366745837375106,True,0
2858,2017-05-11,945.11,953.3543325136521,8.244332513652125,-8.244332513652125,19.53243049191792,18.46007305503531,0.008500000000000892,0.018500000000001113,True,True,933.8219020217342,971.8144055686874,37.99250354695323,True,0
2859,2017-05-12,954.5,945.269557999924,-9.230442000075982,9.230442000075982,19.28883592222428,18.091825655662433,0.009000000000000893,0.019000000000001113,True,True,925.9807220776997,963.3613836555865,37.38066157788671,True,0
2860,2017-05-15,958.73,953.9357585535071,-4.794241446492947,4.794241446492947,17.131715215632653,17.746568130602782,0.009500000000000893,0.019500000000001114,True,True,936.8040433378744,971.6823266841099,34.878283346235435,True,0
2861,2017-05-16,961.0,958.4375958530052,-2.5624041469948224,2.5624041469948224,16.601384741332822,17.431662177681503,0.010000000000000894,0.020000000000001114,True,True,941.8362111116724,975.8692580306866,34.03304691901428,True,0
2862,2017-05-17,954.7,960.7672276141216,6.067227614121521,-6.067227614121521,16.33779006578817,17.424945233287076,0.010500000000000894,0.020500000000001115,True,True,944.4294375483335,978.1921728474086,33.76273529907519,True,0
2863,2017-05-18,944.8,954.7889510829445,9.988951082944595,-9.988951082944595,16.266769243413705,16.678835437798057,0.011000000000000894,0.021000000000001115,True,True,938.5221818395308,971.4677865207426,32.94560468121176,True,0
2864,2017-05-19,962.84,944.9882804684995,-17.85171953150052,17.85171953150052,15.724894180761225,16.609603249725637,0.011500000000000895,0.021500000000001115,True,False,929.2633862877383,961.5978837182251,32.33449743048686,False,1
2865,2017-05-22,964.0,961.9285748639617,-2.0714251360383287,2.0714251360383287,14.962544374099338,36.7,0.012000000000000895,0.012000000000001116,True,True,946.9660304898623,998.6285748639617,51.66254437409941,True,0
2866,2017-05-23,975.02,963.8581658422781,-11.161834157721842,11.161834157721842,14.775062527264254,34.77573830642268,0.012500000000000896,0.012500000000001116,True,True,949.0831033150139,998.6339041487008,49.550800833686935,True,0
2867,2017-05-24,976.0,974.4380731830472,-1.5619268169527913,1.5619268169527913,14.695309535402203,29.789448397179513,0.013000000000000896,0.013000000000001117,True,True,959.742763647645,1004.2275215802267,44.484757932581715,True,0
2868,2017-05-25,984.85,975.8509011987617,-8.999098801238347,8.999098801238347,14.205106019693517,29.097996727067596,0.013500000000000897,0.013500000000001117,True,True,961.6457951790682,1004.9488979258292,43.303102746761056,True,0
2869,2017-05-26,995.0,984.3612564811219,-10.638743518878073,10.638743518878073,14.047264031224245,24.30405681347247,0.014000000000000897,0.014000000000001117,True,True,970.3139924498977,1008.6653132945944,38.351320844696716,True,0
2870,2017-05-30,996.51,994.4986244722494,-2.0113755277506016,2.0113755277506016,13.93333184380981,23.0511723130943,0.014500000000000898,0.014500000000001118,True,True,980.5652926284396,1017.5497967853437,36.98450415690411,True,0
2871,2017-05-31,1000.0,996.3547957240073,-3.6452042759926826,3.6452042759926826,13.72033565449459,22.54750980674646,0.015000000000000898,0.015000000000001118,True,True,982.6344600695127,1018.9023055307538,36.26784546124111,True,0
2872,2017-06-01,998.59,999.7373996453323,1.147399645332257,-1.147399645332257,13.705209885036027,21.174035347852737,0.015500000000000898,0.015500000000001119,True,True,986.0321897602962,1020.911434993185,34.87924523288882,True,0
2873,2017-06-02,998.99,998.5246107950411,-0.46538920495891034,0.46538920495891034,13.393543982946198,21.01917244561139,0.0160000000000009,0.016000000000001117,True,True,985.1310668120949,1019.5437832406525,34.41271642855759,True,0
2874,2017-06-05,1007.23,998.8347921885581,-8.395207811441878,8.395207811441878,13.346056464726985,19.733831611522135,0.0165000000000009,0.016500000000001118,True,True,985.4887357238312,1018.5686238000803,33.079888076249176,True,0
2875,2017-06-06,1012.0,1006.7799470659678,-5.220052934032196,5.220052934032196,13.335334764741134,19.60861170511521,0.0170000000000009,0.01700000000000112,True,True,993.4446123012267,1026.388558771083,32.9439464698562,True,0
2876,2017-06-07,1005.95,1011.7200987912405,5.770098791240457,-5.770098791240457,13.191261503260762,19.42002840166265,0.0175000000000009,0.01750000000000112,True,True,998.5288372879797,1031.140127192903,32.6112899049233,True,0
2877,2017-06-08,1012.06,1006.0736344149601,-5.9863655850398345,5.9863655850398345,12.97660761808163,19.32966422878792,0.0180000000000009,0.01800000000000112,True,True,993.0970267968785,1025.403298643748,32.30627184686955,True,0
2878,2017-06-09,1012.5,1011.67187262739,-0.8281273726099698,0.8281273726099698,12.686879823557888,18.281849213999635,0.0185000000000009,0.01850000000000112,True,True,998.9849928038321,1029.9537218413898,30.968729037557637,True,0
2879,2017-06-12,967.0,1012.3793224838151,45.379322483815145,-45.379322483815145,12.501411788758048,18.091825655662433,0.0190000000000009,0.01900000000000112,False,True,999.8779106950572,1030.4711481394775,30.59323744442031,False,1
2880,2017-06-13,977.99,968.5759417321336,-9.41405826786638,9.41405826786638,17.907007069328074,17.746568130602782,0.009500000000000902,0.01950000000000112,True,True,950.6689346628056,986.3225098627364,35.653575199930856,True,0
2881,2017-06-14,988.59,977.232191403292,-11.357808596708082,11.357808596708082,17.131715215632653,17.591052939984706,0.010000000000000902,0.02000000000000112,True,True,960.1004761876593,994.8232443432767,34.72276815561736,True,0
2882,2017-06-15,958.7,988.0526599515657,29.35265995156567,-29.35265995156567,16.593181504428458,17.424945233287076,0.010500000000000903,0.02050000000000112,False,True,971.4594784471373,1005.4776051848528,34.018126737715534,False,1
2883,2017-06-16,996.0,959.7166447744364,-36.28335522556358,36.28335522556358,45.379322483815145,17.118488921674782,0.001000000000000903,0.021000000000001122,True,False,914.3373222906213,976.8351336961111,62.49781140548987,False,1
2884,2017-06-19,1017.0,994.2241642633563,-22.77583573664367,22.77583573664367,42.45373337730973,36.7,0.001500000000000903,0.011500000000001122,True,True,951.7704308860466,1030.9241642633563,79.15373337730966,True,0
2885,2017-06-20,998.0,1016.138509608805,18.138509608804952,-18.138509608804952,42.383473804478285,36.7,0.002000000000000903,0.012000000000001123,True,True,973.7550358043267,1052.838509608805,79.08347380447833,True,0
2886,2017-06-21,998.7,998.6570858707609,-0.042914129239193244,0.042914129239193244,40.62023911325139,34.77573830642268,0.002500000000000903,0.012500000000001123,True,True,958.0368467575095,1033.4328241771836,75.39597741967418,True,0
2887,2017-06-22,1002.23,998.4767257675704,-3.7532742324295896,3.7532742324295896,35.93475631026149,31.49753328109827,0.003000000000000903,0.013000000000001124,True,True,962.5419694573089,1029.9742590486687,67.43228959135979,True,0
2888,2017-06-23,1002.54,1001.9442475864316,-0.5957524135683343,0.5957524135683343,29.90758950582324,29.789448397179513,0.003500000000000903,0.013500000000001124,True,True,972.0366580806084,1031.7336959836111,59.69703790300275,True,0
2889,2017-06-26,1008.5,1002.3894995406177,-6.110500459382251,6.110500459382251,29.39931938535824,25.806512094746154,0.004000000000000903,0.014000000000001124,True,True,972.9901801552595,1028.196011635364,55.20583148010439,True,0
2890,2017-06-27,990.69,1008.1196518914043,17.429651891404205,-17.429651891404205,28.90205105231712,24.30405681347247,0.004500000000000903,0.014500000000001125,True,True,979.2176008390871,1032.4237087048768,53.206107865789704,True,0
2891,2017-06-28,978.55,991.2515558090408,12.701555809040883,-12.701555809040883,28.867852672401852,22.77583573664367,0.005000000000000903,0.015000000000001125,True,True,962.383703136639,1014.0273915456845,51.64368840904547,True,0
2892,2017-06-29,979.0,978.8169494590638,-0.1830505409361649,0.1830505409361649,25.094670246005762,22.630058440476432,0.0055000000000009035,0.015500000000001126,True,True,953.7222792130581,1001.4470078995403,47.724728686482194,True,0
2893,2017-06-30,980.12,978.7797199558933,-1.3402800441067484,1.3402800441067484,22.90656228703449,21.174035347852737,0.006000000000000904,0.016000000000001124,True,True,955.8731576688588,999.953755303746,44.080597634887226,True,0
2894,2017-07-03,972.79,979.9034311373998,7.113431137399857,-7.113431137399857,22.352627981596243,21.01917244561139,0.006500000000000904,0.016500000000001125,True,True,957.5508031558036,1000.9226035830112,43.37180042720763,True,0
2895,2017-07-05,961.53,972.9039972054414,11.37399720544147,-11.37399720544147,21.861857017462057,19.733831611522135,0.007000000000000905,0.017000000000001125,True,True,951.0421401879794,992.6378288169635,41.595688628984135,True,0
2896,2017-07-06,964.66,961.7681466143645,-2.8918533856354998,2.8918533856354998,21.80327228429178,19.60861170511521,0.007500000000000905,0.017500000000001126,True,True,939.9648743300727,981.3767583194797,41.41188398940699,True,0
2897,2017-07-07,969.55,964.3188952951953,-5.231104704804693,5.231104704804693,20.155905584008906,19.42002840166265,0.008000000000000906,0.018000000000001126,True,True,944.1629897111864,983.7389236968579,39.575933985671554,True,0
2898,2017-07-10,985.0,969.1761964291362,-15.823803570863788,15.823803570863788,20.037081608587158,19.32966422878792,0.008500000000000906,0.018500000000001127,True,True,949.139114820549,988.5058606579241,39.366745837375106,True,0
2899,2017-07-11,993.0,984.2181222137996,-8.781877786200425,8.781877786200425,19.53243049191792,18.281849213999635,0.009000000000000907,0.019000000000001127,True,True,964.6856917218817,1002.4999714277992,37.814279705917556,True,0
2900,2017-07-12,1000.65,992.5511455246345,-8.098854475365442,8.098854475365442,19.28883592222428,18.091825655662433,0.009500000000000907,0.019500000000001128,True,True,973.2623096024103,1010.642971180297,37.38066157788671,True,0
2901,2017-07-13,1004.62,1000.2035029664011,-4.416497033598944,4.416497033598944,17.907007069328074,17.746568130602782,0.010000000000000907,0.020000000000001128,True,True,982.296495897073,1017.9500710970038,35.653575199930856,True,0
2902,2017-07-14,1002.4,1004.3224609703369,1.9224609703369424,-1.9224609703369424,17.429651891404205,17.591052939984706,0.010500000000000908,0.02050000000000113,True,True,986.8928090789327,1021.9135139103216,35.02070483138891,True,0
2903,2017-07-17,1004.69,1002.3360790501706,-2.353920949829444,2.353920949829444,17.131715215632653,17.431662177681503,0.011000000000000908,0.02100000000000113,True,True,985.204363834538,1019.7677412278521,34.56337739331411,True,0
2904,2017-07-18,1006.0,1004.4325334761709,-1.5674665238291254,1.5674665238291254,16.593181504428458,17.118488921674782,0.011500000000000909,0.02150000000000113,True,True,987.8393519717424,1021.5510223978456,33.71167042610318,True,0
2905,2017-07-19,1025.0,1005.793046910072,-19.206953089927993,19.206953089927993,16.33779006578817,16.678835437798057,0.01200000000000091,0.02200000000000113,True,False,989.4552568442839,1022.4718823478701,33.01662550358617,False,1
2906,2017-07-20,1031.59,1024.098170007675,-7.491829992324938,7.491829992324938,15.724894180761225,34.77573830642268,0.01250000000000091,0.01250000000000113,True,True,1008.3732758269138,1058.8739083140977,50.50063248718391,True,0
2907,2017-07-21,1021.28,1031.2382237037148,9.958223703714793,-9.958223703714793,15.648951520661825,31.49753328109827,0.01300000000000091,0.01300000000000113,True,True,1015.5892721830529,1062.735756984813,47.14648480176004,True,0
2908,2017-07-24,1028.34,1021.5536142786335,-6.7863857213664005,6.7863857213664005,14.775062527264254,29.097996727067596,0.01350000000000091,0.013500000000001131,True,True,1006.7785517513693,1050.6516110057012,43.873059254331906,True,0
2909,2017-07-25,1038.05,1027.889751508985,-10.160248491014954,10.160248491014954,14.7341916148157,25.806512094746154,0.014000000000000911,0.014000000000001131,True,True,1013.1555598941693,1053.696263603731,40.54070370956174,True,0
2910,2017-07-26,1043.2,1037.544806975145,-5.6551930248549525,5.6551930248549525,14.205106019693517,23.0511723130943,0.014500000000000911,0.014500000000001132,True,True,1023.3397009554516,1060.5959792882395,37.25627833278793,True,0
2911,2017-07-27,1069.55,1042.887742626998,-26.66225737300192,26.66225737300192,14.192602502058548,22.77583573664367,0.015000000000000912,0.015000000000001132,True,False,1028.6951401249394,1065.6635783636416,36.96843823870222,False,1
2912,2017-07-28,1012.14,1068.402264437041,56.262264437040926,-56.262264437040926,13.93333184380981,43.48,0.015500000000000912,0.0055000000000011325,False,True,1054.468932593231,1111.882264437041,57.41333184380983,False,1
2913,2017-07-31,1019.05,1014.2903819385676,-4.75961806143232,4.75961806143232,22.960797860546336,43.23,0.006000000000000913,0.006000000000001133,True,True,991.3295840780213,1057.5203819385677,66.19079786054635,True,0
2914,2017-08-01,996.11,1018.4742281111427,22.364228111142666,-22.364228111142666,22.90656228703449,43.18,0.006500000000000913,0.006500000000001133,True,True,995.5676658241082,1061.6542281111426,66.08656228703444,True,0
2915,2017-08-02,1001.77,996.869459861562,-4.900540138438032,4.900540138438032,22.352627981596243,42.95,0.0070000000000009135,0.007000000000001134,True,True,974.5168318799657,1039.8194598615619,65.30262798159617,True,0
2916,2017-08-03,999.47,1001.2917330733317,1.821733073331643,-1.821733073331643,21.993018046508723,42.95,0.007500000000000914,0.007500000000001134,True,True,979.298715026823,1044.2417330733317,64.94301804650877,True,0
2917,2017-08-04,989.68,999.4014637380261,9.72146373802616,-9.72146373802616,21.80327228429178,42.84,0.008000000000000914,0.008000000000001135,True,True,977.5981914537343,1042.2414637380261,64.64327228429181,True,0
2918,2017-08-07,990.65,989.8791479941738,-0.7708520058262138,0.7708520058262138,20.277787661181833,42.66,0.008500000000000915,0.008500000000001135,True,True,969.6013603329919,1032.5391479941738,62.937787661181915,True,0
2919,2017-08-08,994.35,990.3912192733142,-3.958780726685859,3.958780726685859,20.037081608587158,41.612076318755726,0.009000000000000915,0.009000000000001136,True,True,970.354137664727,1032.00329559207,61.64915792734291,True,0
2920,2017-08-09,982.6,994.0159972689803,11.415997268980277,-11.415997268980277,19.790747592689968,37.61,0.009500000000000916,0.009500000000001136,True,True,974.2252496762903,1031.6259972689802,57.40074759268987,True,0
2921,2017-08-10,976.3,982.8881410444794,6.588141044479471,-6.588141044479471,19.28883592222428,37.25,0.010000000000000916,0.010000000000001136,True,True,963.5993051222551,1020.1381410444794,56.53883592222428,True,0
2922,2017-08-11,960.0,976.3154817581234,16.315481758123383,-16.315481758123383,18.138509608804952,37.08,0.010500000000000917,0.010500000000001137,True,True,958.1769721493184,1013.3954817581234,55.21850960880499,True,0
2923,2017-08-14,978.41,960.417787621504,-17.992212378495992,17.992212378495992,17.429651891404205,36.98,0.011000000000000917,0.011000000000001137,True,True,942.9881357300998,997.397787621504,54.40965189140422,True,0
2924,2017-08-15,988.9,977.400305522119,-11.499694477881008,11.499694477881008,17.131715215632653,36.7,0.011500000000000917,0.011500000000001138,True,True,960.2685903064863,1014.100305522119,53.8317152156327,True,0
2925,2017-08-16,981.65,988.3338219598977,6.6838219598977275,-6.6838219598977275,16.593181504428458,36.28335522556358,0.012000000000000918,0.012000000000001138,True,True,971.7406404554692,1024.6171771854613,52.87653672999204,True,0
2926,2017-08-17,977.84,981.7716766305076,3.9316766305075816,-3.9316766305075816,16.33779006578817,34.77573830642268,0.012500000000000918,0.012500000000001139,True,True,965.4338865647194,1016.5474149369303,51.11352837221091,True,0
2927,2017-08-18,961.4,977.7669016984428,16.366901698442803,-16.366901698442803,16.266769243413705,29.789448397179513,0.013000000000000919,0.013000000000001139,False,True,961.5001324550291,1007.5563500956223,46.05621764059322,False,1
2928,2017-08-21,957.57,961.8297837827578,4.259783782757722,-4.259783782757722,34.7120327640111,29.097996727067596,0.003500000000000919,0.01350000000000114,True,True,927.1177510187467,990.9277805098254,63.810029491078694,True,0
2929,2017-08-22,955.52,957.4526997405278,1.9326997405278235,-1.9326997405278235,29.90758950582324,26.66225737300192,0.0040000000000009195,0.01400000000000114,True,True,927.5451102347046,984.1149571135297,56.56984687882516,True,0
2930,2017-08-23,959.38,955.3663279652249,-4.013672034775141,4.013672034775141,29.35265995156567,24.30405681347247,0.00450000000000092,0.01450000000000114,True,True,926.0136680136592,979.6703847786973,53.65671676503814,True,0
2931,2017-08-24,957.42,958.9944155693794,1.5744155693794255,-1.5744155693794255,28.90205105231712,23.0511723130943,0.00500000000000092,0.015000000000001141,True,True,930.0923645170623,982.0455878824737,51.95322336541142,True,0
2932,2017-08-25,956.0,957.2859498955227,1.2859498955226627,-1.2859498955226627,25.094670246005762,22.630058440476432,0.005500000000000921,0.015500000000001141,True,True,932.1912796495169,979.9160083359991,47.724728686482194,True,0
2933,2017-08-28,946.54,955.8247380007315,9.284738000731522,-9.284738000731522,22.960797860546336,22.54750980674646,0.006000000000000921,0.016000000000001142,True,True,932.8639401401852,978.372247807478,45.5083076672928,True,0
2934,2017-08-29,940.0,946.6826243372761,6.682624337276138,-6.682624337276138,22.364228111142666,21.01917244561139,0.006500000000000922,0.016500000000001142,True,True,924.3183962261335,967.7017967828875,43.383400556754054,True,0
2935,2017-08-30,958.44,939.9959342460621,-18.444065753937934,18.444065753937934,22.352627981596243,20.948124652701836,0.007000000000000922,0.017000000000001143,True,True,917.6433062644659,960.944058898764,43.30075263429808,True,0
2936,2017-08-31,974.7,957.4397649992839,-17.260235000716193,17.260235000716193,21.861857017462057,19.60861170511521,0.007500000000000923,0.017500000000001143,True,True,935.5779079818218,977.0483767043991,41.470468722577266,True,0
2937,2017-09-01,984.2,973.8771696404718,-10.322830359528211,10.322830359528211,21.80327228429178,19.524691481377317,0.008000000000000923,0.018000000000001144,True,True,952.07389735618,993.4018611218492,41.3279637656691,True,0
2938,2017-09-05,975.4,983.6549759323856,8.254975932385605,-8.254975932385605,20.277787661181833,19.32966422878792,0.008500000000000923,0.018500000000001144,True,True,963.3771882712037,1002.9846401611735,39.60745188996975,True,0
2939,2017-09-06,968.32,975.5622074202839,7.242207420283876,-7.242207420283876,20.037081608587158,19.206953089927993,0.009000000000000924,0.019000000000001144,True,True,955.5251258116967,994.7691605102119,39.24403469851518,True,0
2940,2017-09-07,974.0,968.3547070067557,-5.645292993244311,5.645292993244311,19.790747592689968,18.444065753937934,0.009500000000000924,0.019500000000001145,True,True,948.5639594140657,986.7987727606936,38.2348133466279,True,0
2941,2017-09-08,979.1,973.5300045488102,-5.569995451189811,5.569995451189811,19.28883592222428,18.281849213999635,0.010000000000000925,0.020000000000001145,True,True,954.2411686265859,991.8118537628098,37.570685136223915,True,0
2942,2017-09-11,974.46,978.6928517832555,4.232851783255455,-4.232851783255455,18.138509608804952,17.992212378495992,0.010500000000000925,0.020500000000001146,True,True,960.5543421744505,996.6850641617515,36.130721987300944,True,0
2943,2017-09-12,983.27,974.4387924408813,-8.831207559118639,8.831207559118639,17.429651891404205,17.85171953150052,0.011000000000000926,0.021000000000001146,True,True,957.0091405494771,992.2905119723819,35.281371422904726,True,0
2944,2017-09-13,983.97,982.6842550007722,-1.285744999227859,1.285744999227859,17.131715215632653,17.591052939984706,0.011500000000000926,0.021500000000001147,True,True,965.5525397851395,1000.2753079407569,34.72276815561736,True,0
2945,2017-09-14,996.8,983.7503346323499,-13.04966536765005,13.04966536765005,16.593181504428458,17.431662177681503,0.012000000000000927,0.022000000000001147,True,True,967.1571531279214,1001.1819968100314,34.02484368210992,True,0
2946,2017-09-15,993.01,996.0744203209498,3.0644203209498073,-3.0644203209498073,16.366901698442803,17.260235000716193,0.012500000000000927,0.022500000000001148,True,True,979.707518622507,1013.334655321666,33.627136699158996,True,0
2947,2017-09-18,990.4,992.9878967128917,2.587896712891734,-2.587896712891734,16.315481758123383,17.118488921674782,0.013000000000000927,0.023000000000001148,True,True,976.6724149547683,1010.1063856345665,33.43397067979822,True,0
2948,2017-09-19,977.25,990.2796649290206,13.029664929020555,-13.029664929020555,16.266769243413705,16.609603249725637,0.013500000000000928,0.02350000000000115,True,True,974.0128956856068,1006.8892681787462,32.87637249313934,True,0
2949,2017-09-20,971.79,977.5435282126527,5.753528212652782,-5.753528212652782,15.648951520661825,16.530484733640037,0.014000000000000928,0.02400000000000115,True,True,961.8945766919909,994.0740129462928,32.17943625430189,True,0
2950,2017-09-21,971.31,971.7416400835274,0.43164008352744077,-0.43164008352744077,14.962544374099338,16.319141164656457,0.014500000000000929,0.02450000000000115,True,True,956.779095709428,988.0607812481838,31.281685538755823,True,0
2951,2017-09-22,961.01,971.0831318553506,10.073131855350653,-10.073131855350653,14.7341916148157,16.268711187433382,0.01500000000000093,0.02500000000000115,True,True,956.348940240535,987.351843042784,31.002902802249082,True,0
2952,2017-09-25,949.31,961.1825763596607,11.872576359660798,-11.872576359660798,14.695309535402203,15.98593978312681,0.01550000000000093,0.02550000000000115,True,True,946.4872668242585,977.1685161427876,30.681249318529012,True,0
2953,2017-09-26,945.49,949.5004956039115,4.010495603911522,-4.010495603911522,14.192602502058548,15.823803570863788,0.01600000000000093,0.02600000000000115,True,True,935.307893101853,965.3242991747753,30.016406072922337,True,0
2954,2017-09-27,948.0,945.3592928799247,-2.6407071200752625,2.6407071200752625,14.047264031224245,15.655653019141141,0.01650000000000093,0.02650000000000115,True,True,931.3120288487005,961.0149458990659,29.702917050365386,True,0
2955,2017-09-28,951.86,947.6401365249586,-4.219863475041393,4.219863475041393,13.754658537557475,15.605145667666648,0.01700000000000093,0.02700000000000115,True,True,933.8854779874011,963.2452821926253,29.359804205224123,True,0
2956,2017-09-29,960.11,951.4664552856024,-8.643544714397649,8.643544714397649,13.72033565449459,15.121671376887434,0.01750000000000093,0.027500000000001152,True,True,937.7461196311078,966.5881266624898,28.842007031381968,True,0
2957,2017-10-02,964.0,959.5480701142121,-4.451929885787877,4.451929885787877,13.393543982946198,15.076635603255681,0.018000000000000932,0.028000000000001152,True,True,946.1545261312659,974.6247057174678,28.47017958620188,True,0
2958,2017-10-03,958.0,963.6287996002077,5.628799600207685,-5.628799600207685,13.346301063550015,14.54875176482949,0.018500000000000932,0.028500000000001153,True,True,950.2824985366576,978.1775513650372,27.895052828379562,True,0
2959,2017-10-04,954.21,958.0065470328533,3.7965470328532547,-3.7965470328532547,13.335334764741134,14.535889655771143,0.019000000000000933,0.029000000000001153,True,True,944.6712122681122,972.5424366886244,27.87122442051225,True,0
2960,2017-10-05,970.0,954.096313404263,-15.903686595736986,15.903686595736986,13.283763991060482,14.501371801352093,0.019500000000000933,0.029500000000001154,True,False,940.8125494132025,968.5976852056151,27.785135792412575,False,1
2961,2017-10-06,975.64,969.1127607633439,-6.527239236656101,6.527239236656101,13.029664929020555,18.091825655662433,0.020000000000000934,0.020000000000001156,True,True,956.0830958343233,987.2045864190063,31.121490584682988,True,0
2962,2017-10-09,993.24,975.2243445587937,-18.015655441206263,18.015655441206263,12.97660761808163,17.992212378495992,0.020500000000000934,0.020500000000001156,True,False,962.2477369407121,993.2165569372897,30.968819996577622,False,1
2963,2017-10-10,996.67,992.3234219427515,-4.346578057248507,4.346578057248507,12.701555809040883,36.98,0.021000000000000935,0.011000000000001156,True,True,979.6218661337106,1029.3034219427514,49.68155580904079,True,0
2964,2017-10-11,991.27,996.3641079873458,5.094107987345865,-5.094107987345865,12.686879823557888,36.7,0.021500000000000935,0.011500000000001157,True,True,983.677228163788,1033.0641079873458,49.38687982355782,True,0
2965,2017-10-12,996.81,991.2675929070009,-5.542407092999042,5.542407092999042,12.32189757182175,36.28335522556358,0.022000000000000935,0.012000000000001157,True,True,978.9456953351792,1027.5509481325644,48.60525279738522,True,0
2966,2017-10-13,1007.0,996.3470899658208,-10.652910034179172,10.652910034179172,12.198762425887196,31.49753328109827,0.022500000000000936,0.012500000000001158,True,True,984.1483275399337,1027.8446232469191,43.69629570698544,True,0
2967,2017-10-16,1008.44,1006.3896807363445,-2.050319263655524,2.050319263655524,11.872576359660798,29.789448397179513,0.023000000000000936,0.013000000000001158,True,True,994.5171043766837,1036.179129133524,41.6620247568402,True,0
2968,2017-10-17,1005.59,1008.1950506139784,2.605050613978392,-2.605050613978392,11.714392023366656,26.66225737300192,0.023500000000000937,0.013500000000001159,True,True,996.4806585906117,1034.8573079869802,38.37664939636852,True,0
2969,2017-10-18,1009.27,1005.4869112453781,-3.783088754621872,3.783088754621872,11.629997060047572,25.806512094746154,0.024000000000000937,0.014000000000001159,True,True,993.8569141853305,1031.2934233401243,37.436509154793725,True,0
2970,2017-10-19,990.0,1008.8952236941204,18.895223694120432,-18.895223694120432,11.535116995791213,23.0511723130943,0.024500000000000938,0.01450000000000116,False,True,997.3601066983292,1031.9463960072148,34.586289308885625,False,1
2971,2017-10-20,993.53,990.5402017408293,-2.9897982591706977,2.9897982591706977,14.775062527264254,22.77583573664367,0.015000000000000938,0.01500000000000116,True,True,975.765139213565,1013.316037477473,37.550898263907925,True,0
2972,2017-10-23,986.73,993.0992212402666,6.369221240266597,-6.369221240266597,14.695309535402203,22.54750980674646,0.015500000000000938,0.01550000000000116,True,True,978.4039117048644,1015.6467310470131,37.242819342148664,True,0
2973,2017-10-24,969.0,986.7749547201987,17.774954720198707,-17.774954720198707,14.205106019693517,21.174035347852737,0.016000000000000937,0.01600000000000116,False,True,972.5698487005052,1007.9489900680514,35.379141367546254,False,1
2974,2017-10-25,978.0,969.4322651228831,-8.56773487711689,8.56773487711689,22.364228111142666,20.948124652701836,0.006500000000000937,0.01650000000000116,True,True,947.0680370117404,990.380389775585,43.3123527638445,True,0
2975,2017-10-26,980.33,977.3410495714484,-2.988950428551675,2.988950428551675,22.352627981596243,19.733831611522135,0.007000000000000938,0.01700000000000116,True,True,954.9884215898521,997.0748811829706,42.086459593118434,True,0
2976,2017-10-27,1058.14,980.0208552927859,-78.11914470721422,78.11914470721422,21.861857017462057,19.524691481377317,0.007500000000000938,0.01750000000000116,True,False,958.1589982753238,999.5455467741632,41.386548498839375,False,1
2977,2017-10-30,1095.01,1054.7383432939669,-40.27165670603313,40.27165670603313,21.80327228429178,42.92,0.008000000000000939,0.00800000000000116,True,True,1032.935071009675,1097.658343293967,64.72327228429185,True,0
2978,2017-10-31,1109.0,1093.6994287722798,-15.300571227720184,15.300571227720184,20.155905584008906,42.66,0.008500000000000939,0.008500000000001161,True,True,1073.543523188271,1136.35942877228,62.81590558400899,True,0
2979,2017-11-01,1105.4,1108.4669991284536,3.066999128453517,-3.066999128453517,20.037081608587158,42.19,0.00900000000000094,0.009000000000001162,True,True,1088.4299175198664,1150.6569991284537,62.22708160858724,True,0
2980,2017-11-02,1097.81,1105.4383889972469,7.62838899724693,-7.62838899724693,19.53243049191792,40.27165670603313,0.00950000000000094,0.009500000000001162,True,True,1085.905958505329,1145.71004570328,59.80408719795105,True,0
2981,2017-11-03,1091.15,1097.9215152388824,6.77151523888233,-6.77151523888233,19.28883592222428,37.61,0.01000000000000094,0.010000000000001162,True,True,1078.6326793166581,1135.5315152388823,56.89883592222418,True,0
2982,2017-11-06,1109.15,1091.203321239562,-17.94667876043809,17.94667876043809,18.138509608804952,37.25,0.010500000000000941,0.010500000000001163,True,True,1073.064811630757,1128.453321239562,55.38850960880495,True,0
2983,2017-11-07,1124.74,1108.2777356041393,-16.462264395860757,16.462264395860757,17.907007069328074,37.08,0.011000000000000941,0.011000000000001163,True,True,1090.3707285348112,1145.3577356041392,54.987007069328,True,0
2984,2017-11-08,1122.82,1124.0731861062663,1.253186106266412,-1.253186106266412,17.429651891404205,36.98,0.011500000000000942,0.011500000000001164,True,True,1106.643534214862,1161.0531861062664,54.40965189140434,True,0
2985,2017-11-09,1125.96,1122.809059202806,-3.1509407971939254,3.1509407971939254,17.131715215632653,36.7,0.012000000000000942,0.012000000000001164,True,True,1105.6773439871736,1159.5090592028062,53.831715215632585,True,0
2986,2017-11-10,1126.1,1125.691099235236,-0.4089007647639846,0.4089007647639846,16.593181504428458,36.28335522556358,0.012500000000000943,0.012500000000001165,True,True,1109.0979177308075,1161.9744544607995,52.87653672999204,True,0
2987,2017-11-13,1123.0,1125.9637462214462,2.963746221446172,-2.963746221446172,16.366901698442803,34.77573830642268,0.013000000000000943,0.013000000000001165,True,True,1109.5968445230033,1160.7394845278689,51.1426400048656,True,0
2988,2017-11-14,1130.11,1122.9710614549074,-7.138938545092515,7.138938545092515,16.315481758123383,29.789448397179513,0.013500000000000944,0.013500000000001166,True,True,1106.6555796967841,1152.760509852087,46.10493015530278,True,0
2989,2017-11-15,1127.01,1129.6853272593862,2.675327259386222,-2.675327259386222,16.266769243413705,29.097996727067596,0.014000000000000944,0.014000000000001166,True,True,1113.4185580159724,1158.7833239864538,45.36476597048136,True,0
2990,2017-11-16,1130.16,1127.0094163988558,-3.1505836011442625,3.1505836011442625,15.648951520661825,25.806512094746154,0.014500000000000944,0.014500000000001166,True,True,1111.360464878194,1152.8159284936019,41.45546361540778,True,0
2991,2017-11-17,1138.28,1129.8842152235807,-8.395784776419305,8.395784776419305,14.962544374099338,24.30405681347247,0.015000000000000945,0.015000000000001167,True,True,1114.9216708494814,1154.1882720370531,39.26660118757172,True,0
2992,2017-11-20,1129.77,1137.8451273183036,8.075127318303657,-8.075127318303657,14.7341916148157,22.77583573664367,0.015500000000000945,0.015500000000001167,True,True,1123.110935703488,1160.6209630549474,37.510027351459485,True,0
2993,2017-11-21,1132.86,1129.9771074340335,-2.8828925659663582,2.8828925659663582,14.695309535402203,22.630058440476432,0.016000000000000944,0.016000000000001166,True,True,1115.2817978986313,1152.60716587451,37.325367975878635,True,0
2994,2017-11-22,1141.0,1132.5647905687915,-8.435209431208477,8.435209431208477,14.192602502058548,21.174035347852737,0.016500000000000944,0.016500000000001167,True,True,1118.372188066733,1153.7388259166441,35.36663784991106,True,0
2995,2017-11-24,1160.7,1140.5628596409879,-20.137140359012164,20.137140359012164,14.047264031224245,21.01917244561139,0.017000000000000945,0.017000000000001167,True,True,1126.5155956097637,1161.5820320865992,35.066436476835406,True,0
2996,2017-11-27,1202.66,1159.8570740592384,-42.802925940761725,42.802925940761725,13.754658537557475,20.137140359012164,0.017500000000000945,0.017500000000001167,True,False,1146.102415521681,1179.9942144182505,33.891798896569526,False,1
2997,2017-11-28,1204.88,1201.0560179912943,-3.823982008705798,3.823982008705798,13.72033565449459,42.92,0.018000000000000946,0.008000000000001168,True,True,1187.3356823367997,1243.9760179912944,56.64033565449472,True,0
2998,2017-11-29,1194.8,1204.8910000553797,10.091000055379709,-10.091000055379709,13.393543982946198,42.802925940761725,0.018500000000000946,0.008500000000001168,True,True,1191.4974560724336,1247.6939259961414,56.19646992370781,True,0
2999,2017-11-30,1167.1,1195.0974734824974,27.997473482497526,-27.997473482497526,13.346301063550015,42.66,0.019000000000000947,0.009000000000001169,False,True,1181.7511724189474,1237.7574734824975,56.006301063550154,False,1
3000,2017-12-01,1172.05,1167.969767550726,-4.080232449274035,4.080232449274035,19.790747592689968,41.612076318755726,0.009500000000000947,0.009500000000001169,True,True,1148.179019958036,1209.5818438694816,61.402823911445694,True,0
3001,2017-12-04,1173.85,1171.643021153453,-2.2069788465469173,2.2069788465469173,19.28883592222428,37.61,0.010000000000000947,0.01000000000000117,True,True,1152.3541852312287,1209.253021153453,56.89883592222418,True,0
3002,2017-12-05,1128.26,1173.6857476595203,45.42574765952031,-45.42574765952031,18.895223694120432,37.34,0.010500000000000948,0.01050000000000117,False,True,1154.7905239653999,1211.0257476595202,56.23522369412035,False,1
3003,2017-12-06,1137.99,1129.7849400716173,-8.205059928382752,8.205059928382752,45.42574765952031,37.08,0.001000000000000948,0.01100000000000117,True,True,1084.359192412097,1166.8649400716172,82.50574765952024,True,0
3004,2017-12-07,1156.59,1137.30083276625,-19.289167233749822,19.289167233749822,45.379322483815145,37.04,0.001500000000000948,0.01150000000000117,True,True,1091.921510282435,1174.34083276625,82.419322483815,True,0
3005,2017-12-08,1170.4,1155.7806127965011,-14.619387203498945,14.619387203498945,42.45373337730973,36.7,0.002000000000000948,0.012000000000001171,True,True,1113.3268794191913,1192.4806127965012,79.15373337730989,True,0
3006,2017-12-11,1164.6,1169.8185239392512,5.218523939251327,-5.218523939251327,42.383473804478285,36.7,0.002500000000000948,0.012500000000001172,True,True,1127.435050134773,1206.5185239392513,79.08347380447822,True,0
3007,2017-12-12,1166.51,1164.7326217885443,-1.777378211455698,1.777378211455698,40.62023911325139,34.77573830642268,0.003000000000000948,0.013000000000001172,True,True,1124.1123826752928,1199.508360094967,75.39597741967418,True,0
3008,2017-12-13,1170.0,1166.287860617214,-3.712139382786063,3.712139382786063,35.93475631026149,31.49753328109827,0.003500000000000948,0.013500000000001173,True,True,1130.3531043069524,1197.7853938983121,67.43228959135968,True,0
3009,2017-12-14,1163.71,1169.746552628534,6.036552628533855,-6.036552628533855,29.90758950582324,29.097996727067596,0.004000000000000948,0.014000000000001173,True,True,1139.8389631227105,1198.8445493556014,59.00558623289089,True,0
3010,2017-12-15,1179.03,1163.8215472071452,-15.208452792854814,15.208452792854814,29.39931938535824,26.66225737300192,0.004500000000000948,0.014500000000001173,True,True,1134.422227821787,1190.483804580147,56.06157675836016,True,0
3011,2017-12-18,1187.37,1178.3062725525363,-9.063727447463634,9.063727447463634,28.90205105231712,24.30405681347247,0.005000000000000948,0.015000000000001174,True,True,1149.4042215002191,1202.6103293660087,53.20610786578959,True,0
3012,2017-12-19,1189.15,1186.992591859538,-2.1574081404621666,2.1574081404621666,28.867852672401852,23.0511723130943,0.005500000000000949,0.015500000000001174,True,True,1158.1247391871361,1210.043764172632,51.91902498549598,True,0
3013,2017-12-20,1190.5,1188.9968294460728,-1.503170553927248,1.503170553927248,25.094670246005762,22.630058440476432,0.006000000000000949,0.016000000000001173,True,True,1163.902159200067,1211.6268878865492,47.724728686482194,True,0
3014,2017-12-21,1175.9,1190.3408667035208,14.440866703520669,-14.440866703520669,22.960797860546336,22.54750980674646,0.0065000000000009495,0.016500000000001173,True,True,1167.3800688429744,1212.8883765102673,45.50830766729291,True,0
3015,2017-12-22,1172.08,1176.319429418815,4.239429418815007,-4.239429418815007,22.364228111142666,21.01917244561139,0.00700000000000095,0.017000000000001174,True,True,1153.9552013076723,1197.3386018644264,43.38340055675417,True,0
3016,2017-12-26,1168.36,1172.039014336131,3.679014336131104,-3.679014336131104,22.352627981596243,20.948124652701836,0.00750000000000095,0.017500000000001174,True,True,1149.6863863545348,1192.9871389888328,43.30075263429808,True,0
3017,2017-12-27,1179.91,1168.3461796370748,-11.563820362925298,11.563820362925298,21.861857017462057,19.733831611522135,0.00800000000000095,0.018000000000001175,True,True,1146.4843226196126,1188.080011248597,41.59568862898436,True,0
3018,2017-12-28,1189.0,1179.3310810042246,-9.668918995775357,9.668918995775357,21.80327228429178,19.60861170511521,0.008500000000000951,0.018500000000001175,True,True,1157.5278087199329,1198.9396927093399,41.41188398940699,True,0
3019,2017-12-29,1182.35,1188.5741884613885,6.224188461388621,-6.224188461388621,20.155905584008906,19.42002840166265,0.009000000000000952,0.019000000000001176,True,True,1168.4182828773796,1207.9942168630512,39.575933985671554,True,0
