step,timestamp,y,forecast,score_lower,score_upper,q_lower,q_upper,alpha_lower,alpha_upper,lower_tail_covered,upper_tail_covered,lower_bound,upper_bound,width,covered,miss
0,2006-01-03,47.47,1.0,-46.47,46.47,inf,inf,0.05,0.05,True,True,-inf,inf,inf,True,0
1,2006-01-04,47.48,1.0,-46.48,46.48,inf,inf,0.05,0.05,True,True,-inf,inf,inf,True,0
2,2006-01-05,47.16,1.0,-46.16,46.16,inf,inf,0.05,0.05,True,True,-inf,inf,inf,True,0
3,2006-01-06,47.97,1.0,-46.97,46.97,inf,inf,0.05,0.05,True,True,-inf,inf,inf,True,0
4,2006-01-09,46.55,1.0,-45.55,45.55,inf,inf,0.05,0.05,True,True,-inf,inf,inf,True,0
5,2006-01-10,46.41,1.0,-45.41,45.41,inf,inf,0.05,0.05,True,True,-inf,inf,inf,True,0
6,2006-01-11,45.65,1.0,-44.65,44.65,inf,inf,0.05,0.05,True,True,-inf,inf,inf,True,0
7,2006-01-12,44.79,1.0,-43.79,43.79,inf,inf,0.05,0.05,True,True,-inf,inf,inf,True,0
8,2006-01-13,44.48,1.0,-43.48,43.48,inf,inf,0.05,0.05,True,True,-inf,inf,inf,True,0
9,2006-01-17,43.95,1.0,-42.95,42.95,inf,inf,0.05,0.05,True,True,-inf,inf,inf,True,0
10,2006-01-18,43.19,1.0,-42.19,42.19,inf,inf,0.05,0.05,True,True,-inf,inf,inf,True,0
11,2006-01-19,44.5,1.0,-43.5,43.5,inf,inf,0.05,0.05,True,True,-inf,inf,inf,True,0
12,2006-01-20,44.23,1.0,-43.23,43.23,inf,inf,0.05,0.05,True,True,-inf,inf,inf,True,0
13,2006-01-23,44.18,1.0,-43.18,43.18,inf,inf,0.05,0.05,True,True,-inf,inf,inf,True,0
14,2006-01-24,43.66,1.0,-42.66,42.66,inf,inf,0.05,0.05,True,True,-inf,inf,inf,True,0
15,2006-01-25,44.05,1.0,-43.05,43.05,inf,inf,0.05,0.05,True,True,-inf,inf,inf,True,0
16,2006-01-26,43.95,1.0,-42.95,42.95,inf,inf,0.05,0.05,True,True,-inf,inf,inf,True,0
17,2006-01-27,44.55,1.0,-43.55,43.55,inf,inf,0.05,0.05,True,True,-inf,inf,inf,True,0
18,2006-01-30,45.41,1.0,-44.41,44.41,inf,inf,0.05,0.05,True,True,-inf,inf,inf,True,0
19,2006-01-31,44.76,1.0,-43.76,43.76,inf,inf,0.05,0.05,True,True,-inf,inf,inf,True,0
20,2006-02-01,43.92,1.0,-42.92,42.92,inf,inf,0.05,0.05,True,True,-inf,inf,inf,True,0
21,2006-02-02,43.84,1.0,-42.84,42.84,-42.66,46.48,0.05,0.05,True,True,43.66,47.48,3.8200000000000003,True,0
22,2006-02-03,37.7,1.0,-36.7,36.7,-42.669,46.479499999999994,0.05,0.05,False,True,43.669,47.479499999999994,3.8104999999999976,False,1
23,2006-02-06,38.34,1.0,-37.34,37.34,-42.236999999999995,46.479,0.05,0.05,False,True,43.236999999999995,47.479,4.242000000000004,False,1
24,2006-02-07,38.08,1.0,-37.08,37.08,-38.06750000000001,46.4785,0.05,0.05,False,True,39.06750000000001,47.4785,8.410999999999987,False,1
25,2006-02-08,37.7,1.0,-36.7,36.7,-37.132,46.477999999999994,0.05,0.05,False,True,38.132,47.477999999999994,9.345999999999997,False,1
26,2006-02-09,38.61,1.0,-37.61,37.61,-36.795,46.4775,0.05,0.05,True,True,37.795,47.4775,9.682499999999997,True,0
27,2006-02-10,37.98,1.0,-36.98,36.98,-36.814,46.477,0.05,0.05,True,True,37.814,47.477,9.662999999999997,True,0
28,2006-02-13,38.25,1.0,-37.25,37.25,-36.798,46.476499999999994,0.05,0.05,True,True,37.798,47.476499999999994,9.678499999999993,True,0
29,2006-02-14,38.04,1.0,-37.04,37.04,-36.812,46.476,0.05,0.05,True,True,37.812,47.476,9.664000000000001,True,0
30,2006-02-15,38.24,38.41325158199922,0.1732515819992173,-0.1732515819992173,-36.826,46.4755,0.05,0.05,False,True,75.23925158199921,84.88875158199922,9.649500000000003,False,1
31,2006-02-16,39.37,38.4783940862664,-0.8916059137335992,0.8916059137335992,-36.7,46.474999999999994,0.05,0.05,False,True,75.1783940862664,84.9533940862664,9.775000000000006,False,1
32,2006-02-17,38.93,39.63605891896633,0.7060589189663276,-0.7060589189663276,-20.586222661180148,46.4745,0.05,0.05,False,True,60.22228158014647,86.11055891896632,25.888277338819847,False,1
33,2006-02-21,39.01,39.40671010288421,0.3967101028842137,-0.3967101028842137,-0.4656629154404741,46.474,0.05,0.05,False,True,39.87237301832469,85.88071010288421,46.00833708455952,False,1
34,2006-02-22,38.31,39.1658330509893,0.8558330509892969,-0.8558330509892969,0.25146206430896556,46.4735,0.05,0.05,False,True,38.91437098668033,85.63933305098931,46.724962064308976,False,1
35,2006-02-23,38.62,38.60097568705054,-0.019024312949454725,0.019024312949454725,0.48951474770884695,46.473,0.05,0.05,True,True,38.1114609393417,85.07397568705053,46.96251474770884,True,0
36,2006-02-24,38.25,38.699826987387354,0.44982698738735394,-0.44982698738735394,0.47404730690474217,46.4725,0.05,0.05,True,True,38.22577968048261,85.17232698738735,46.94654730690474,True,0
37,2006-02-27,38.4,38.54064306953705,0.14064306953704886,-0.14064306953704886,0.5010733737031475,46.472,0.05,0.05,True,True,38.0395696958339,85.01264306953705,46.97307337370315,True,0
38,2006-02-28,37.79,38.52578044853799,0.7357804485379944,-0.7357804485379944,0.4882617771241996,46.4715,0.05,0.05,False,True,38.03751867141379,84.99728044853799,46.9597617771242,False,1
39,2006-03-01,37.45,38.05820505702436,0.6082050570243567,-0.6082050570243567,0.7090310719234942,46.471,0.05,0.05,True,True,37.34917398510086,84.52920505702436,47.180031071923494,True,0
40,2006-03-02,35.64,37.56268180081046,1.9226818008104587,-1.9226818008104587,0.7075449954449108,46.4705,0.05,0.05,False,True,36.85513680536555,84.03318180081047,47.17804499544492,False,1
41,2006-03-03,36.89,35.88084949876878,-1.0091505012312183,1.0091505012312183,0.7357804485379944,46.47,0.05,0.05,True,True,35.14506905023079,82.35084949876878,47.20578044853799,True,0
42,2006-03-06,37.32,36.621909902820796,-0.6980900971792039,0.6980900971792039,0.734294372059411,46.454499999999996,0.05,0.05,True,True,35.88761553076139,83.07640990282079,47.1887943720594,True,0
43,2006-03-07,36.71,37.671239303273495,0.9612393032734943,-0.9612393032734943,0.7328082955808277,46.439,0.05,0.05,False,True,36.93843100769267,84.11023930327349,47.17180829558082,False,1
44,2006-03-08,36.72,36.987953316213456,0.2679533162134575,-0.2679533162134575,0.8378251606216016,46.4235,0.05,0.05,True,True,36.15012815559186,83.41145331621345,47.261325160621595,True,0
45,2006-03-09,36.8,36.80084817152182,0.0008481715218238151,-0.0008481715218238151,0.831822530499036,46.407999999999994,0.05,0.05,True,True,35.96902564102278,83.20884817152182,47.23982253049904,True,0
46,2006-03-10,36.24,36.94303628270688,0.7030362827068757,-0.7030362827068757,0.8258199003764712,46.3925,0.05,0.05,True,True,36.117216382330405,83.33553628270687,47.218319900376464,True,0
47,2006-03-13,36.31,36.45017725873504,0.1401772587350365,-0.1401772587350365,0.8198172702539056,46.376999999999995,0.05,0.05,True,True,35.63035998848113,82.82717725873503,47.1968172702539,True,0
48,2006-03-14,36.04,36.37427076486977,0.33427076486977114,-0.33427076486977114,0.8138146401313409,46.3615,0.05,0.05,True,True,35.56045612473843,82.73577076486977,47.17531464013134,True,0
49,2006-03-15,36.95,36.20850946770649,-0.7414905322935113,0.7414905322935113,0.8078120100087752,46.346,0.05,0.05,True,True,35.40069745769772,82.55450946770648,47.153812010008764,True,0
50,2006-03-16,37.08,36.94918796305458,-0.13081203694542154,0.13081203694542154,0.8018093798862104,46.330499999999994,0.05,0.05,True,True,36.14737858316837,83.27968796305457,47.1323093798862,True,0
51,2006-03-17,36.88,37.30713026067453,0.42713026067453086,-0.42713026067453086,0.7958067497636456,46.315,0.05,0.05,True,True,36.511323510910884,83.62213026067454,47.110806749763654,True,0
52,2006-03-20,35.92,37.03716698169513,1.117166981695128,-1.117166981695128,0.78980411964108,46.299499999999995,0.05,0.05,False,True,36.24736286205405,83.33666698169512,47.08930411964107,False,1
53,2006-03-21,36.33,36.1201032923631,-0.20989670763690071,0.20989670763690071,0.8979955519029756,46.284,0.05,0.05,True,True,35.222107740460125,82.40410329236309,47.181995551902965,True,0
54,2006-03-22,36.0,36.29757538918925,0.2975753891892481,-0.2975753891892481,0.8927252392887653,46.268499999999996,0.05,0.05,True,True,35.40485014990048,82.56607538918925,47.16122523928877,True,0
55,2006-03-23,35.96,36.19647313704774,0.23647313704773865,-0.23647313704773865,0.8874549266745557,46.25299999999999,0.05,0.05,True,True,35.30901821037318,82.44947313704773,47.14045492667455,True,0
56,2006-03-24,35.72,36.03773742653546,0.31773742653545867,-0.31773742653545867,0.8821846140603462,46.2375,0.05,0.05,True,True,35.15555281247511,82.27523742653545,47.11968461406035,True,0
57,2006-03-27,35.5,35.84879365032934,0.3487936503293412,-0.3487936503293412,0.8769143014461359,46.221999999999994,0.05,0.05,True,True,34.971879348883206,82.07079365032934,47.09891430144613,True,0
58,2006-03-28,35.21,35.60092043904647,0.390920439046468,-0.390920439046468,0.8716439888319263,46.2065,0.05,0.05,True,True,34.72927645021454,81.80742043904647,47.078143988831926,True,0
59,2006-03-29,35.69,35.31713515249522,-0.3728648475047791,0.3728648475047791,0.866373676217716,46.190999999999995,0.05,0.05,True,True,34.4507614762775,81.50813515249521,47.057373676217715,True,0
60,2006-03-30,36.45,35.700410301478186,-0.7495896985218167,0.7495896985218167,0.8611033636035064,46.17549999999999,0.05,0.05,True,True,34.83930693787468,81.87591030147817,47.03660336360349,True,0
61,2006-03-31,36.68,36.52111224716598,-0.15888775283401912,0.15888775283401912,0.8558330509892969,46.16,0.05,0.05,True,True,35.665279196176684,82.68111224716597,47.015833050989286,True,0
62,2006-04-03,36.67,36.83729451415845,0.1672945141584492,-0.1672945141584492,0.8498304208667312,46.12949999999999,0.05,0.05,True,True,35.98746409329172,82.96679451415844,46.97933042086672,True,0
63,2006-04-04,36.14,36.78736237403666,0.6473623740366605,-0.6473623740366605,0.8438277907441665,46.099,0.05,0.05,True,True,35.9435345832925,82.88636237403665,46.942827790744154,True,0
64,2006-04-05,36.66,36.285072605776854,-0.3749273942231426,0.3749273942231426,0.8378251606216008,46.06849999999999,0.05,0.05,True,True,35.447247445155256,82.35357260577685,46.90632516062159,True,0
65,2006-04-06,37.2,36.63545331112288,-0.5645466888771224,0.5645466888771224,0.831822530499036,46.038,0.05,0.05,True,True,35.80363078062384,82.67345331112287,46.86982253049903,True,0
66,2006-04-07,38.55,37.28137253559436,-1.2686274644056397,1.2686274644056397,0.8258199003764712,46.00749999999999,0.05,0.05,True,True,36.455552635217884,83.28887253559435,46.833319900376466,True,0
67,2006-04-10,37.16,38.571366770963415,1.4113667709634186,-1.4113667709634186,0.8198172702539056,45.977,0.05,0.05,False,True,37.75154950070951,84.54836677096341,46.796817270253904,False,1
68,2006-04-11,36.61,37.53878687465152,0.9287868746515215,-0.9287868746515215,0.924347114974025,45.94649999999999,0.05,0.05,False,True,36.614439759677495,83.4852868746515,46.87084711497401,False,1
69,2006-04-12,35.91,36.64987237487255,0.7398723748725544,-0.7398723748725544,0.948258331824705,45.916,0.05,0.05,True,True,35.70161404304785,82.56587237487255,46.86425833182471,True,0
70,2006-04-13,35.95,36.01595874936027,0.06595874936027002,-0.06595874936027002,0.9466357103936065,45.88549999999999,0.05,0.05,True,True,35.069323038966665,81.90145874936027,46.83213571039361,True,0
71,2006-04-17,36.47,35.96992038222933,-0.5000796177706661,0.5000796177706661,0.9450130889625079,45.855,0.05,0.05,True,True,35.02490729326682,81.82492038222932,46.8000130889625,True,0
72,2006-04-18,35.39,36.51189003088416,1.1218900308841597,-1.1218900308841597,0.9433904675314093,45.8245,0.05,0.05,False,True,35.56849956335275,82.33639003088416,46.76789046753141,False,1
73,2006-04-19,36.12,35.6353654146277,-0.484634585372298,0.484634585372298,1.0236103746421463,45.79399999999999,0.05,0.05,True,True,34.61175503998555,81.42936541462768,46.81761037464213,True,0
74,2006-04-20,36.7,36.02280445922612,-0.6771955407738801,0.6771955407738801,1.0158139907210653,45.76349999999999,0.05,0.05,True,True,35.00699046850506,81.78630445922612,46.77931399072106,True,0
75,2006-04-21,36.62,36.77913283853928,0.15913283853928561,-0.15913283853928561,1.008017606799984,45.733,0.05,0.05,True,True,35.7711152317393,82.51213283853929,46.741017606799986,True,0
76,2006-04-24,36.12,36.75304547161565,0.6330454716156524,-0.6330454716156524,1.0002212228789027,45.7025,0.05,0.05,True,True,35.752824248736744,82.45554547161565,46.70272122287891,True,0
77,2006-04-25,35.59,36.249000469353255,0.6590004693532521,-0.6590004693532521,0.9924248389578214,45.672,0.05,0.05,True,True,35.25657563039543,81.92100046935326,46.66442483895783,True,0
78,2006-04-26,35.34,35.69209390188234,0.35209390188233414,-0.35209390188233414,0.984628455036738,45.64149999999999,0.05,0.05,True,True,34.707465446845596,81.33359390188232,46.62612845503673,True,0
79,2006-04-27,35.5,35.40708458811624,-0.09291541188375874,0.09291541188375874,0.9768320711156567,45.611,0.05,0.05,True,True,34.43025251700058,81.01808458811624,46.587832071115656,True,0
80,2006-04-28,35.77,35.543499011202286,-0.22650098879771718,0.22650098879771718,0.9690356871945756,45.580499999999994,0.05,0.05,True,True,34.57446332400771,81.12399901120227,46.54953568719456,True,0
81,2006-05-01,35.19,35.8322809977151,0.6422809977151047,-0.6422809977151047,0.9612393032734943,45.55,0.05,0.05,True,True,34.87104169444161,81.3822809977151,46.51123930327349,True,0
82,2006-05-02,34.64,35.34578427570186,0.7057842757018591,-0.7057842757018591,0.9596166818423957,45.543,0.05,0.05,True,True,34.38616759385946,80.88878427570185,46.50261668184239,True,0
83,2006-05-03,34.29,34.73457213666613,0.4445721366661317,-0.4445721366661317,0.9579940604112968,45.535999999999994,0.05,0.05,True,True,33.776578076254836,80.27057213666612,46.49399406041128,True,0
84,2006-05-04,34.62,34.36544376773439,-0.25455623226560675,0.25455623226560675,0.9563714389801982,45.528999999999996,0.05,0.05,True,True,33.40907232875419,79.89444376773439,46.485371438980195,True,0
85,2006-05-05,34.64,34.638612704461515,-0.001387295538485489,0.001387295538485489,0.9547488175490997,45.522,0.05,0.05,True,True,33.68386388691241,80.16061270446151,46.4767488175491,True,0
86,2006-05-08,34.99,34.73339679140576,-0.25660320859424246,0.25660320859424246,0.9531261961180011,45.515,0.05,0.05,True,True,33.78027059528776,80.24839679140575,46.46812619611799,True,0
87,2006-05-09,34.42,35.02969801917967,0.6096980191796675,-0.6096980191796675,0.9515035746869025,45.507999999999996,0.05,0.05,True,True,34.078194444492766,80.53769801917966,46.45950357468689,True,0
88,2006-05-10,34.68,34.57080965437498,-0.1091903456250165,0.1091903456250165,0.9498809532558036,45.501,0.05,0.05,True,True,33.620928701119176,80.07180965437499,46.45088095325581,True,0
89,2006-05-11,34.12,34.68347957423927,0.563479574239274,-0.563479574239274,0.948258331824705,45.49399999999999,0.05,0.05,True,True,33.73522124241457,80.17747957423927,46.4422583318247,True,0
90,2006-05-12,33.56,34.26506724934898,0.7050672493489785,-0.7050672493489785,0.9466357103936065,45.486999999999995,0.05,0.05,True,True,33.31843153895537,79.75206724934898,46.43363571039361,True,0
91,2006-05-15,32.55,33.64296599246585,1.0929659924658495,-1.0929659924658495,0.9450130889625079,45.48,0.05,0.05,False,True,32.697952903503335,79.12296599246585,46.425013088962515,False,1
92,2006-05-16,32.84,32.65729720302995,-0.1827027969700552,0.1827027969700552,1.0205163134100546,45.473,0.05,0.05,True,True,31.636780889619892,78.13029720302995,46.49351631341006,True,0
93,2006-05-17,32.45,32.7982072613131,0.34820726131309954,-0.34820726131309954,1.0139299789504352,45.465999999999994,0.05,0.05,True,True,31.784277282362666,78.26420726131309,46.47992997895042,True,0
94,2006-05-18,31.71,32.57225323200624,0.862253232006239,-0.862253232006239,1.007343644490818,45.458999999999996,0.05,0.05,True,True,31.564909587515423,78.03125323200624,46.46634364449081,True,0
95,2006-05-19,32.66,31.80180926420809,-0.8581907357919079,0.8581907357919079,1.0007573100312004,45.452,0.05,0.05,True,True,30.801051954176888,77.25380926420809,46.4527573100312,True,0
96,2006-05-22,33.96,32.56906172466342,-1.3909382753365804,1.3909382753365804,0.9941709755715831,45.44499999999999,0.05,0.05,True,True,31.574890749091836,78.0140617246634,46.43917097557157,True,0
97,2006-05-23,35.0,33.989811905924995,-1.010188094075005,1.010188094075005,0.9875846411119638,45.437999999999995,0.05,0.05,True,True,33.00222726481303,79.42781190592498,46.42558464111195,True,0
98,2006-05-24,33.41,35.13601490055353,1.7260149005535368,-1.7260149005535368,0.9809983066523464,45.431,0.05,0.05,False,True,34.15501659390119,80.56701490055353,46.41199830665234,False,1
99,2006-05-25,35.36,33.6406877834316,-1.7193122165683974,1.7193122165683974,1.0953860913887772,45.42399999999999,0.05,0.05,True,True,32.54530169204283,79.0646877834316,46.51938609138877,True,0
100,2006-05-26,35.66,35.07913105455782,-0.5808689454421767,0.5808689454421767,1.0941760419273132,45.416999999999994,0.05,0.05,True,True,33.98495501263051,80.49613105455782,46.511176041927314,True,0
101,2006-05-30,35.73,35.81587679006547,0.08587679006546978,-0.08587679006546978,1.0929659924658495,45.41,0.05,0.05,True,True,34.72291079759962,81.22587679006546,46.50296599246584,True,0
102,2006-05-31,34.74,35.79989291218529,1.0598929121852905,-1.0598929121852905,1.0929659924658495,45.41,0.052500000000000005,0.052500000000000005,True,True,34.70692691971944,81.2098929121853,46.50296599246585,True,0
103,2006-06-01,34.62,34.91404725242171,0.2940472524217128,-0.2940472524217128,1.0929659924658495,45.41,0.05500000000000001,0.05500000000000001,True,True,33.82108125995586,80.3240472524217,46.502965992465846,True,0
104,2006-06-02,34.68,34.65321174226028,-0.02678825773971738,0.02678825773971738,1.0929659924658495,45.41,0.05750000000000001,0.05750000000000001,True,True,33.56024574979443,80.06321174226028,46.502965992465846,True,0
105,2006-06-05,34.46,34.73302657361969,0.2730265736196884,-0.2730265736196884,1.0598929121852905,44.65,0.06000000000000001,0.06000000000000001,True,True,33.6731336614344,79.38302657361969,45.70989291218529,True,0
106,2006-06-06,33.58,34.5499136312409,0.9699136312408996,-0.9699136312408996,1.0598929121852905,44.65,0.06250000000000001,0.06250000000000001,True,True,33.49002071905561,79.19991363124089,45.70989291218528,True,0
107,2006-06-07,33.4,33.72466139377225,0.3246613937722529,-0.3246613937722529,1.0598929121852905,44.65,0.06500000000000002,0.06500000000000002,True,True,32.66476848158696,78.37466139377224,45.70989291218528,True,0
108,2006-06-08,33.55,33.44289360104929,-0.10710639895070528,0.10710639895070528,0.9699136312408996,44.41,0.06750000000000002,0.06750000000000002,True,True,32.47297996980839,77.85289360104929,45.379913631240896,True,0
109,2006-06-09,33.5,33.59113932253861,0.09113932253860924,-0.09113932253860924,0.9699136312408996,44.41,0.07000000000000002,0.07000000000000002,True,True,32.62122569129771,78.0011393225386,45.379913631240896,True,0
110,2006-06-12,34.0,33.57449655896196,-0.42550344103803894,0.42550344103803894,0.9699136312408996,44.41,0.07250000000000002,0.07250000000000002,True,True,32.60458292772106,77.98449655896195,45.37991363124089,True,0
111,2006-06-13,33.49,34.010460235715556,0.5204602357155537,-0.5204602357155537,0.9612393032734943,43.79,0.07500000000000002,0.07500000000000002,True,True,33.04922093244206,77.80046023571555,44.751239303273486,True,0
112,2006-06-14,33.5,33.62609101252737,0.1260910125273682,-0.1260910125273682,0.9612393032734943,43.79,0.07750000000000003,0.07750000000000003,True,True,32.664851709253874,77.41609101252737,44.7512393032735,True,0
113,2006-06-15,33.84,33.53703134017222,-0.3029686598277834,0.3029686598277834,0.9612393032734943,43.79,0.08000000000000003,0.08000000000000003,True,True,32.575792036898726,77.32703134017223,44.7512393032735,True,0
114,2006-06-16,34.88,33.86495008019631,-1.015049919803694,1.015049919803694,0.9287868746515215,43.76,0.08250000000000003,0.08250000000000003,True,True,32.93616320554479,77.6249500801963,44.68878687465151,True,0
115,2006-06-19,35.2,34.8536503697342,-0.3463496302658058,0.3463496302658058,0.9287868746515215,43.76,0.08500000000000003,0.08500000000000003,True,True,33.924863495082676,78.61365036973419,44.68878687465151,True,0
116,2006-06-20,35.01,35.271414373217816,0.2614143732178178,-0.2614143732178178,0.862253232006239,43.55,0.08750000000000004,0.08750000000000004,True,True,34.40916114121158,78.8214143732178,44.41225323200623,True,0
117,2006-06-21,35.34,35.09656991836152,-0.24343008163848623,0.24343008163848623,0.862253232006239,43.55,0.09000000000000004,0.09000000000000004,True,True,34.23431668635528,78.64656991836151,44.41225323200623,True,0
118,2006-06-22,36.55,35.355092872806686,-1.1949071271933107,1.1949071271933107,0.862253232006239,43.55,0.09250000000000004,0.09250000000000004,True,True,34.49283964080045,78.90509287280668,44.41225323200623,True,0
119,2006-06-23,36.46,36.50517892236388,0.04517892236388121,-0.04517892236388121,0.8558330509892969,43.5,0.09500000000000004,0.09500000000000004,True,True,35.649345871374585,80.00517892236388,44.3558330509893,True,0
120,2006-06-26,36.55,36.56523411359629,0.015234113596292786,-0.015234113596292786,0.8558330509892969,43.5,0.09750000000000004,0.09750000000000004,True,True,35.70940106260699,80.06523411359629,44.3558330509893,True,0
121,2006-06-27,36.72,36.5830322580369,-0.13696774196309747,0.13696774196309747,0.7398723748725544,43.48,0.10000000000000005,0.10000000000000005,True,True,35.84315988316435,80.0630322580369,44.21987237487255,True,0
122,2006-06-28,36.7,36.76317471508242,0.06317471508241823,-0.06317471508241823,0.7398723748725544,43.48,0.10250000000000005,0.10250000000000005,True,True,36.02330234020987,80.24317471508242,44.21987237487255,True,0
123,2006-06-29,36.82,36.74885308499364,-0.07114691500635928,0.07114691500635928,0.7398723748725544,43.48,0.10500000000000005,0.10500000000000005,True,True,36.00898071012109,80.22885308499363,44.219872374872544,True,0
124,2006-06-30,38.58,36.849992962893005,-1.7300070371069936,1.7300070371069936,0.7357804485379944,43.23,0.10750000000000005,0.10750000000000005,True,True,36.11421251435501,80.079992962893,43.96578044853799,True,0
125,2006-07-03,38.52,38.45924447957441,-0.06075552042559451,0.06075552042559451,0.7357804485379944,43.23,0.11000000000000006,0.11000000000000006,True,True,37.723464031036414,81.6892444795744,43.965780448537984,True,0
126,2006-07-05,38.28,38.624569621735425,0.34456962173542394,-0.34456962173542394,0.7060589189663276,43.18,0.11250000000000006,0.11250000000000006,True,True,37.9185107027691,81.80456962173542,43.88605891896633,True,0
127,2006-07-06,37.07,38.323561451474085,1.2535614514740843,-1.2535614514740843,0.7060589189663276,43.18,0.11500000000000006,0.11500000000000006,False,True,37.61750253250776,81.50356145147408,43.88605891896633,False,1
128,2006-07-07,36.71,37.19427304883096,0.484273048830957,-0.484273048830957,0.9699136312408996,43.18,0.06750000000000006,0.11750000000000006,True,True,36.22435941759006,80.37427304883096,44.1499136312409,True,0
129,2006-07-10,36.3,36.73256173687569,0.4325617368756909,-0.4325617368756909,0.9699136312408996,43.05,0.07000000000000006,0.12000000000000006,True,True,35.76264810563479,79.78256173687569,44.019913631240904,True,0
130,2006-07-11,35.74,36.35939341484365,0.6193934148436497,-0.6193934148436497,0.9612393032734943,43.05,0.07250000000000006,0.12250000000000007,True,True,35.39815411157016,79.40939341484365,44.01123930327349,True,0
131,2006-07-12,35.6,35.80986844191193,0.20986844191192944,-0.20986844191192944,0.9612393032734943,42.95,0.07500000000000007,0.12500000000000006,True,True,34.84862913863844,78.75986844191193,43.9112393032735,True,0
132,2006-07-13,34.33,35.63524027338917,1.305240273389174,-1.305240273389174,0.9287868746515215,42.95,0.07750000000000007,0.12750000000000006,False,True,34.70645339873765,78.58524027338918,43.878786874651524,False,1
133,2006-07-14,33.51,34.462794903058,0.952794903057999,-0.952794903057999,1.305240273389174,42.95,0.03000000000000007,0.13000000000000006,True,True,33.15755462966882,77.412794903058,44.25524027338918,True,0
134,2006-07-17,32.79,33.54195957575999,0.7519595757599902,-0.7519595757599902,1.2535614514740843,42.95,0.03250000000000007,0.13250000000000006,True,True,32.288398124285905,76.49195957575999,44.20356145147409,True,0
135,2006-07-18,33.65,32.82988056506384,-0.82011943493616,0.82011943493616,1.2535614514740843,42.92,0.03500000000000007,0.13500000000000006,True,True,31.576319113589754,75.74988056506385,44.17356145147409,True,0
136,2006-07-19,33.5,33.630518476760294,0.13051847676029382,-0.13051847676029382,1.1218900308841597,42.92,0.037500000000000075,0.13750000000000007,True,True,32.508628445876134,76.55051847676029,44.041890030884154,True,0
137,2006-07-20,34.39,33.631340754339256,-0.7586592456607448,0.7586592456607448,1.1218900308841597,42.84,0.04000000000000008,0.14000000000000007,True,True,32.509450723455096,76.47134075433925,43.961890030884156,True,0
138,2006-07-21,33.85,34.399949060042445,0.5499490600424437,-0.5499490600424437,1.1218900308841597,42.84,0.04250000000000008,0.14250000000000007,True,True,33.278059029158285,77.23994906004245,43.96189003088416,True,0
139,2006-07-24,33.35,34.0115889875218,0.661588987521796,-0.661588987521796,1.117166981695128,42.66,0.04500000000000008,0.14500000000000007,True,True,32.89442200582667,76.6715889875218,43.77716698169513,True,0
140,2006-07-25,34.0,33.40604869751714,-0.5939513024828571,0.5939513024828571,1.117166981695128,42.66,0.047500000000000084,0.14750000000000008,True,True,32.288881715822015,76.06604869751715,43.77716698169513,True,0
141,2006-07-26,28.76,33.99535339483858,5.2353533948385795,-5.2353533948385795,1.0929659924658495,42.19,0.050000000000000086,0.15000000000000008,False,True,32.90238740237273,76.18535339483859,43.282965992465854,False,1
142,2006-07-27,26.45,29.391374614560583,2.9413746145605835,-2.9413746145605835,inf,42.19,0.0025000000000000855,0.15250000000000008,True,True,-inf,71.58137461456059,inf,True,0
143,2006-07-28,26.8,26.006529442666203,-0.7934705573337979,0.7934705573337979,inf,37.61,0.005000000000000086,0.15500000000000008,True,True,-inf,63.616529442666206,inf,True,0
144,2006-07-31,27.02,26.83328523545193,-0.18671476454807134,0.18671476454807134,2.9413746145605835,37.61,0.0075000000000000865,0.15750000000000008,True,True,23.891910620891345,64.44328523545192,40.55137461456058,True,0
145,2006-08-01,26.55,27.12848398921499,0.5784839892149876,-0.5784839892149876,2.9413746145605835,37.34,0.010000000000000087,0.1600000000000001,True,True,24.187109374654405,64.46848398921499,40.28137461456058,True,0
146,2006-08-02,26.15,26.605435509121452,0.4554355091214539,-0.4554355091214539,2.9413746145605835,37.34,0.012500000000000087,0.1625000000000001,True,True,23.66406089456087,63.94543550912145,40.28137461456058,True,0
147,2006-08-03,26.09,26.18808366017156,0.0980836601715609,-0.0980836601715609,1.9226818008104587,37.25,0.015000000000000088,0.1650000000000001,True,True,24.265401859361102,63.43808366017156,39.17268180081045,True,0
148,2006-08-04,26.94,26.146442737605774,-0.7935572623942271,0.7935572623942271,1.9226818008104587,37.25,0.01750000000000009,0.1675000000000001,True,True,24.223760936795316,63.396442737605774,39.17268180081046,True,0
149,2006-08-07,27.19,27.06648959194053,-0.12351040805947022,0.12351040805947022,1.9226818008104587,37.08,0.020000000000000087,0.1700000000000001,True,True,25.143807791130072,64.14648959194054,39.002681800810464,True,0
150,2006-08-08,26.8,27.43469881150622,0.6346988115062189,-0.6346988115062189,1.7260149005535368,37.08,0.02250000000000009,0.1725000000000001,True,True,25.708683910952683,64.51469881150622,38.806014900553535,True,0
151,2006-08-09,26.54,26.850870270801813,0.3108702708018143,-0.3108702708018143,1.7260149005535368,37.04,0.02500000000000009,0.1750000000000001,True,True,25.124855370248277,63.89087027080181,38.766014900553536,True,0
152,2006-08-10,26.2,26.58803682165518,0.38803682165518083,-0.38803682165518083,1.4113667709634186,37.04,0.027500000000000094,0.1775000000000001,True,True,25.17667005069176,63.62803682165518,38.45136677096342,True,0
153,2006-08-11,26.43,26.240398288425364,-0.18960171157463535,0.18960171157463535,1.4113667709634186,36.98,0.030000000000000096,0.1800000000000001,True,True,24.829031517461946,63.22039828842536,38.391366770963415,True,0
154,2006-08-14,26.22,26.503951335152546,0.28395133515254756,-0.28395133515254756,1.4113667709634186,36.98,0.0325000000000001,0.1825000000000001,True,True,25.092584564189128,63.48395133515254,38.391366770963415,True,0
155,2006-08-15,26.97,26.271589700712255,-0.6984102992877439,0.6984102992877439,1.305240273389174,36.7,0.0350000000000001,0.1850000000000001,True,True,24.96634942732308,62.97158970071226,38.00524027338918,True,0
156,2006-08-16,27.97,27.180167576992098,-0.7898324230079012,0.7898324230079012,1.305240273389174,36.7,0.0375000000000001,0.1875000000000001,True,True,25.874927303602924,63.8801675769921,38.00524027338918,True,0
157,2006-08-17,27.96,28.23445638671261,0.2744563867126075,-0.2744563867126075,1.2535614514740843,36.7,0.040000000000000105,0.1900000000000001,True,True,26.980894935238524,64.93445638671261,37.95356145147409,True,0
158,2006-08-18,29.09,28.147064857694925,-0.9429351423050747,0.9429351423050747,1.2535614514740843,1.7300070371069936,0.04250000000000011,0.19250000000000012,True,True,26.89350340622084,29.87707189480192,2.983568488581078,True,0
159,2006-08-21,28.7,29.245125741575144,0.5451257415751449,-0.5451257415751449,1.1218900308841597,1.7300070371069936,0.04500000000000011,0.19500000000000012,True,True,28.123235710690984,30.975132778682138,2.8518970679911533,True,0
160,2006-08-22,28.14,28.782762987665386,0.6427629876653853,-0.6427629876653853,1.1218900308841597,1.7193122165683974,0.04750000000000011,0.19750000000000012,True,True,27.660872956781226,30.502075204233783,2.841202247452557,True,0
161,2006-08-23,28.56,28.171295168332932,-0.3887048316670665,0.3887048316670665,1.117166981695128,1.3909382753365804,0.050000000000000114,0.20000000000000012,True,True,27.054128186637804,29.562233443669513,2.5081052570317084,True,0
162,2006-08-24,28.24,28.647892710039674,0.4078927100396754,-0.4078927100396754,1.117166981695128,1.3909382753365804,0.052500000000000116,0.20250000000000012,True,True,27.530725728344546,30.038830985376254,2.5081052570317084,True,0
163,2006-08-25,27.79,28.299578779054062,0.5095787790540633,-0.5095787790540633,1.117166981695128,1.2686274644056397,0.05500000000000012,0.20500000000000013,True,True,27.182411797358935,29.568206243459702,2.3857944461007676,True,0
164,2006-08-28,28.4,27.916992338826702,-0.4830076611732963,0.4830076611732963,1.0929659924658495,1.2686274644056397,0.05750000000000012,0.20750000000000013,True,True,26.824026346360853,29.185619803232342,2.361593456871489,True,0
165,2006-08-29,28.97,28.49631223022871,-0.47368776977128846,0.47368776977128846,1.0929659924658495,1.1949071271933107,0.06000000000000012,0.21000000000000013,True,True,27.40334623776286,29.69121935742202,2.28787311965916,True,0
166,2006-08-30,29.57,29.08336956798179,-0.48663043201820955,0.48663043201820955,1.0598929121852905,1.015049919803694,0.06250000000000012,0.21250000000000013,True,True,28.0234766557965,30.098419487785485,2.0749428319889844,True,0
167,2006-08-31,30.75,29.68714006364004,-1.0628599363599598,1.0628599363599598,1.0598929121852905,1.015049919803694,0.06500000000000013,0.21500000000000014,True,False,28.62724715145475,30.702189983443734,2.0749428319889844,False,1
168,2006-09-01,30.85,30.918712380915665,0.06871238091566312,-0.06871238091566312,0.9699136312408996,36.98,0.06750000000000013,0.16750000000000015,True,True,29.948798749674765,67.89871238091567,37.949913631240904,True,0
169,2006-09-05,31.61,30.95195931206019,-0.6580406879398097,0.6580406879398097,0.9699136312408996,36.7,0.07000000000000013,0.17000000000000015,True,True,29.98204568081929,67.6519593120602,37.66991363124091,True,0
170,2006-09-06,31.76,31.731834006148876,-0.028165993851125393,0.028165993851125393,0.9612393032734943,36.7,0.07250000000000013,0.17250000000000015,True,True,30.770594702875382,68.43183400614888,37.66123930327349,True,0
171,2006-09-07,30.57,31.85763594814631,1.2876359481463098,-1.2876359481463098,0.9612393032734943,36.7,0.07500000000000014,0.17500000000000016,False,True,30.896396644872816,68.55763594814631,37.6612393032735,False,1
172,2006-09-08,30.19,30.561364043574297,0.371364043574296,-0.371364043574296,1.4113667709634186,1.7300070371069936,0.027500000000000135,0.17750000000000016,True,True,29.14999727261088,32.29137108068129,3.1413738080704086,True,0
173,2006-09-11,30.23,30.20858152285174,-0.021418477148259285,0.021418477148259285,1.305240273389174,1.7300070371069936,0.030000000000000138,0.18000000000000016,True,True,28.903341249462567,31.938588559958735,3.0352473104961675,True,0
174,2006-09-12,30.87,30.292606824256453,-0.5773931757435484,0.5773931757435484,1.305240273389174,1.7193122165683974,0.03250000000000014,0.18250000000000016,True,True,28.98736655086728,32.01191904082485,3.0245524899575713,True,0
175,2006-09-13,31.73,30.983844092677334,-0.7461559073226667,0.7461559073226667,1.2876359481463098,1.3909382753365804,0.03500000000000014,0.18500000000000016,True,True,29.696208144531024,32.37478236801391,2.6785742234828867,True,0
176,2006-09-14,31.54,31.87228876456662,0.33228876456661993,-0.33228876456661993,1.2876359481463098,1.3909382753365804,0.037500000000000144,0.18750000000000017,True,True,30.58465281642031,33.2632270399032,2.67857422348289,True,0
177,2006-09-15,31.9,31.60235106876437,-0.29764893123562786,0.29764893123562786,1.2535614514740843,1.2686274644056397,0.04000000000000015,0.19000000000000017,True,True,30.348789617290286,32.87097853317001,2.522188915879724,True,0
178,2006-09-18,32.44,31.98294952042564,-0.45705047957435596,0.45705047957435596,1.2535614514740843,1.1949071271933107,0.04250000000000015,0.19250000000000017,True,True,30.729388068951557,33.17785664761895,2.448468578667395,True,0
179,2006-09-19,32.24,32.54403425861738,0.3040342586173779,-0.3040342586173779,1.1218900308841597,1.1949071271933107,0.04500000000000015,0.19500000000000017,True,True,31.42214422773322,33.73894138581069,2.3167971580774704,True,0
180,2006-09-20,31.81,32.29119839168726,0.4811983916872613,-0.4811983916872613,1.1218900308841597,1.0628599363599598,0.04750000000000015,0.19750000000000018,True,True,31.1693083608031,33.354058328047216,2.184749967244116,True,0
181,2006-09-21,32.24,31.833528257033585,-0.4064717429664171,0.4064717429664171,1.117166981695128,1.015049919803694,0.050000000000000155,0.20000000000000018,True,True,30.716361275338457,32.84857817683728,2.132216901498822,True,0
182,2006-09-22,30.22,32.32151731624129,2.101517316241292,-2.101517316241292,1.117166981695128,1.015049919803694,0.05250000000000016,0.20250000000000018,False,True,31.204350334546163,33.336567236044985,2.132216901498822,False,1
183,2006-09-25,31.05,30.16849283075591,-0.8815071692440917,0.8815071692440917,inf,1.010188094075005,0.005000000000000157,0.20500000000000018,True,True,-inf,31.178680924830914,inf,True,0
184,2006-09-26,31.89,31.102013231452965,-0.7879867685470359,0.7879867685470359,2.9413746145605835,1.010188094075005,0.007500000000000158,0.20750000000000018,True,True,28.16063861689238,32.11220132552797,3.9515627086355885,True,0
185,2006-09-27,32.28,32.0085266427174,-0.271473357282602,0.271473357282602,2.9413746145605835,1.0091505012312183,0.010000000000000158,0.2100000000000002,True,True,29.067152028156816,33.01767714394862,3.9505251157918018,True,0
186,2006-09-28,32.27,32.3724245247538,0.10242452475379338,-0.10242452475379338,2.101517316241292,0.9429351423050747,0.012500000000000159,0.2125000000000002,True,True,30.270907208512504,33.31535966705887,3.044452458546367,True,0
187,2006-09-29,32.01,32.33050155533755,0.3205015553375503,-0.3205015553375503,2.101517316241292,0.9429351423050747,0.015000000000000159,0.2150000000000002,True,True,30.228984239096256,33.27343669764262,3.044452458546367,True,0
188,2006-10-02,31.98,32.05136079688728,0.07136079688728003,-0.07136079688728003,1.9226818008104587,0.8916059137335992,0.01750000000000016,0.2175000000000002,True,True,30.12867899607682,32.94296671062088,2.814287714544058,True,0
189,2006-10-03,30.9,32.03104975458249,1.1310497545824916,-1.1310497545824916,1.9226818008104587,0.8815071692440917,0.020000000000000163,0.2200000000000002,True,True,30.10836795377203,32.912556923826585,2.804188970054554,True,0
190,2006-10-04,31.75,30.900327429247024,-0.8496725707529755,0.8496725707529755,1.7260149005535368,0.8581907357919079,0.022500000000000166,0.2225000000000002,True,True,29.174312528693488,31.758518165038932,2.5842056363454446,True,0
191,2006-10-05,32.68,31.83370691404741,-0.8462930859525883,0.8462930859525883,1.7260149005535368,0.8581907357919079,0.025000000000000168,0.2250000000000002,True,True,30.107692013493875,32.69189764983932,2.5842056363454446,True,0
192,2006-10-06,33.15,32.793723105322485,-0.35627689467751367,0.35627689467751367,1.4113667709634186,0.8496725707529755,0.02750000000000017,0.2275000000000002,True,True,31.382356334359066,33.64339567607546,2.2610393417163905,True,0
193,2006-10-09,32.49,33.236777951198135,0.7467779511981334,-0.7467779511981334,1.4113667709634186,0.8462930859525883,0.030000000000000172,0.2300000000000002,True,True,31.825411180234717,34.083071037150724,2.257659856916007,True,0
194,2006-10-10,33.27,32.50736253578195,-0.7626374642180522,0.7626374642180522,1.305240273389174,0.8462930859525883,0.032500000000000175,0.2325000000000002,True,True,31.202122262392777,33.35365562173454,2.1515333593417623,True,0
195,2006-10-11,32.61,33.35176719886929,0.7417671988692902,-0.7417671988692902,1.305240273389174,0.82011943493616,0.03500000000000018,0.2350000000000002,True,True,32.046526925480116,34.17188663380545,2.125359708325334,True,0
196,2006-10-12,33.1,32.63861221844261,-0.46138778155739146,0.46138778155739146,1.2876359481463098,0.7935572623942271,0.03750000000000018,0.2375000000000002,True,True,31.3509762702963,33.43216948083683,2.0811932105405333,True,0
197,2006-10-13,33.35,33.15947148497636,-0.19052851502364376,0.19052851502364376,1.2876359481463098,0.7934705573337979,0.04000000000000018,0.2400000000000002,True,True,31.871835536830048,33.952942042310156,2.0811065054801077,True,0
198,2006-10-16,32.85,33.41270427769678,0.5627042776967812,-0.5627042776967812,1.2535614514740843,0.7934705573337979,0.04250000000000018,0.24250000000000022,True,True,32.1591428262227,34.20617483503058,2.047032008807882,True,0
199,2006-10-17,32.2,32.87812912999045,0.6781291299904453,-0.6781291299904453,1.2535614514740843,0.7898324230079012,0.045000000000000186,0.24500000000000022,True,True,31.624567678516364,33.66796155299835,2.0433938744819855,True,0
200,2006-10-18,32.57,32.21584467598637,-0.35415532401363237,0.35415532401363237,1.1310497545824916,0.7879867685470359,0.04750000000000019,0.24750000000000022,True,True,31.084794921403876,33.003831444533404,1.9190365231295274,True,0
201,2006-10-19,32.17,32.631182527744976,0.4611825277449739,-0.4611825277449739,1.1218900308841597,0.7626374642180522,0.05000000000000019,0.2500000000000002,True,True,31.509292496860816,33.39381999196303,1.884527495102212,True,0
202,2006-10-20,32.69,32.2089636636473,-0.4810363363526946,0.4810363363526946,1.1218900308841597,0.7626374642180522,0.05250000000000019,0.2525000000000002,True,True,31.087073632763143,32.971601127865355,1.884527495102212,True,0
203,2006-10-23,32.47,32.7566867022846,0.286686702284598,-0.286686702284598,1.117166981695128,0.7586592456607448,0.055000000000000195,0.2550000000000002,True,True,31.63951972058947,33.51534594794534,1.8758262273558728,True,0
204,2006-10-24,32.87,32.517961054283454,-0.3520389457165436,0.3520389457165436,1.117166981695128,0.7495896985218167,0.0575000000000002,0.25750000000000023,True,True,31.400794072588326,33.26755075280527,1.8667566802169446,True,0
205,2006-10-25,37.3,32.93067750194552,-4.36932249805448,4.36932249805448,1.0929659924658495,0.7461559073226667,0.0600000000000002,0.26000000000000023,True,False,31.837711509479668,33.676833409268184,1.8391218997885161,False,1
206,2006-10-26,37.25,37.57079987602499,0.32079987602499216,-0.32079987602499216,1.0929659924658495,0.8581907357919079,0.0625000000000002,0.21250000000000024,True,True,36.47783388355914,38.4289906118169,1.9511567282577573,True,0
207,2006-10-27,38.15,37.295351890278205,-0.8546481097217935,0.8546481097217935,1.0598929121852905,0.8496725707529755,0.0650000000000002,0.21500000000000025,True,False,36.235458978092915,38.145024461031184,1.9095654829382696,False,1
208,2006-10-30,38.05,38.179662102572884,0.1296621025728868,-0.1296621025728868,1.0598929121852905,1.2686274644056397,0.0675000000000002,0.16750000000000026,True,True,37.11976919038759,39.448289566978524,2.32852037659093,True,0
209,2006-10-31,38.22,38.0610348166372,-0.15896518336279541,0.15896518336279541,0.9699136312408996,1.1949071271933107,0.0700000000000002,0.17000000000000026,True,True,37.091121185396304,39.255941943830514,2.1648207584342103,True,0
210,2006-11-01,38.12,38.211722472041224,0.09172247204122641,-0.09172247204122641,0.9612393032734943,1.0628599363599598,0.0725000000000002,0.17250000000000026,True,True,37.25048316876773,39.27458240840119,2.0240992396334576,True,0
211,2006-11-02,37.33,38.108495195933465,0.7784951959334663,-0.7784951959334663,0.9612393032734943,1.0628599363599598,0.0750000000000002,0.17500000000000027,True,True,37.14725589265997,39.17135513229343,2.0240992396334576,True,0
212,2006-11-03,37.61,37.28740099463605,-0.3225990053639478,0.3225990053639478,0.952794903057999,1.015049919803694,0.07750000000000021,0.17750000000000027,True,True,36.33460609157805,38.302450914439746,1.967844822861693,True,0
213,2006-11-06,37.64,37.593914603277774,-0.046085396722226335,0.046085396722226335,0.952794903057999,1.010188094075005,0.08000000000000021,0.18000000000000027,True,True,36.641119700219775,38.60410269735278,1.962982997133004,True,0
214,2006-11-07,38.2,37.644008946106304,-0.555991053893699,0.555991053893699,0.9287868746515215,1.010188094075005,0.08250000000000021,0.18250000000000027,True,True,36.71522207145478,38.65419704018131,1.9389749687265265,True,0
215,2006-11-08,38.58,38.214451755228716,-0.3655482447712828,0.3655482447712828,0.862253232006239,1.0091505012312183,0.08500000000000021,0.18500000000000028,True,True,37.35219852322248,39.223602256459934,1.8714037332374573,True,0
216,2006-11-09,39.5,38.59781988594241,-0.9021801140575931,0.9021801140575931,0.862253232006239,0.9429351423050747,0.08750000000000022,0.18750000000000028,True,True,37.73556665393617,39.54075502824748,1.8051883743113137,True,0
217,2006-11-10,38.79,39.52854902169354,0.7385490216935438,-0.7385490216935438,0.8558330509892969,0.9021801140575931,0.09000000000000022,0.19000000000000028,True,True,38.672715970704246,40.430729135751136,1.75801316504689,True,0
218,2006-11-13,39.23,38.76621941538275,-0.4637805846172469,0.4637805846172469,0.7784951959334663,0.9021801140575931,0.09250000000000022,0.19250000000000028,True,True,37.987724219449284,39.66839952944034,1.6806753099910594,True,0
219,2006-11-14,40.11,39.20075238108613,-0.9092476189138665,0.9092476189138665,0.7784951959334663,0.8916059137335992,0.09500000000000022,0.19500000000000028,True,False,38.42225718515267,40.09235829481973,1.6701011096670655,False,1
220,2006-11-15,41.5,40.12886462466771,-1.3711353753322868,1.3711353753322868,0.7519595757599902,1.7193122165683974,0.09750000000000023,0.1475000000000003,True,True,39.37690504890772,41.84817684123611,2.4712717923283876,True,0
221,2006-11-16,42.44,41.54883521304061,-0.8911647869593864,0.8911647869593864,0.7467779511981334,1.3909382753365804,0.10000000000000023,0.1500000000000003,True,True,40.80205726184248,42.93977348837719,2.137716226534714,True,0
222,2006-11-17,42.55,42.47996599096595,-0.07003400903404611,0.07003400903404611,0.7467779511981334,1.3909382753365804,0.10250000000000023,0.1525000000000003,True,True,41.73318803976782,43.87090426630253,2.137716226534714,True,0
223,2006-11-20,42.35,42.52684097722017,0.17684097722016645,-0.17684097722016645,0.7417671988692902,1.3711353753322868,0.10500000000000023,0.1550000000000003,True,True,41.78507377835088,43.897976352552455,2.112902574201577,True,0
224,2006-11-21,42.55,42.28309034144142,-0.26690965855857485,0.26690965855857485,0.7417671988692902,1.2686274644056397,0.10750000000000023,0.1575000000000003,True,True,41.54132314257213,43.55171780584706,2.01039466327493,True,0
225,2006-11-22,42.5,42.49312431138659,-0.006875688613412478,0.006875688613412478,0.7398723748725544,1.2686274644056397,0.11000000000000024,0.1600000000000003,True,True,41.75325193651403,43.76175177579223,2.008499839278194,True,0
226,2006-11-24,42.56,42.44411260082453,-0.11588739917547031,0.11588739917547031,0.7385490216935438,1.1949071271933107,0.11250000000000024,0.1625000000000003,True,True,41.70556357913099,43.63901972801784,1.9334561488868545,True,0
227,2006-11-27,42.18,42.50155830850846,0.32155830850845746,-0.32155830850845746,0.7385490216935438,1.0628599363599598,0.11500000000000024,0.1650000000000003,True,True,41.76300928681491,43.56441824486842,1.801408958053507,True,0
228,2006-11-28,40.75,42.10536543574708,1.355365435747082,-1.355365435747082,0.7357804485379944,1.015049919803694,0.11750000000000024,0.16750000000000032,False,True,41.36958498720909,43.120415355550776,1.7508303683416884,False,1
229,2006-11-29,40.48,40.61448724685596,0.13448724685596147,-0.13448724685596147,0.9699136312408996,1.015049919803694,0.07000000000000024,0.17000000000000032,True,True,39.64457361561506,41.62953716665965,1.9849635510445935,True,0
230,2006-11-30,40.42,40.37659477759416,-0.04340522240584477,0.04340522240584477,0.9612393032734943,1.010188094075005,0.07250000000000024,0.17250000000000032,True,True,39.41535547432066,41.38678287166916,1.9714273973484993,True,0
231,2006-12-01,40.26,40.36922415344882,0.10922415344882097,-0.10922415344882097,0.952794903057999,1.0091505012312183,0.07500000000000025,0.17500000000000032,True,True,39.41642925039082,41.37837465468004,1.9619454042892173,True,0
232,2006-12-04,39.31,40.21272805084912,0.9027280508491202,-0.9027280508491202,0.952794903057999,0.9429351423050747,0.07750000000000025,0.17750000000000032,True,True,39.25993314779112,41.1556631931542,1.8957300453630737,True,0
233,2006-12-05,39.13,39.22305179910834,0.09305179910833772,-0.09305179910833772,0.9287868746515215,0.9429351423050747,0.08000000000000025,0.18000000000000033,True,True,38.29426492445682,40.165986941413415,1.8717220169565962,True,0
234,2006-12-06,38.77,39.06357626649804,0.2935762664980359,-0.2935762664980359,0.9027280508491202,0.9092476189138665,0.08250000000000025,0.18250000000000033,True,True,38.16084821564892,39.972823885411906,1.8119756697629867,True,0
235,2006-12-07,38.93,38.724058502838915,-0.2059414971610849,0.2059414971610849,0.9027280508491202,0.9021801140575931,0.08500000000000026,0.18500000000000033,True,True,37.821330451989795,39.62623861689651,1.8049081649067134,True,0
236,2006-12-08,37.92,38.906442750884835,0.9864427508848337,-0.9864427508848337,0.862253232006239,0.8916059137335992,0.08750000000000026,0.18750000000000033,False,True,38.044189518878596,39.798048664618435,1.7538591457398383,False,1
237,2006-12-11,38.22,37.860261671679375,-0.35973832832062413,0.35973832832062413,1.2535614514740843,0.8916059137335992,0.04000000000000026,0.19000000000000034,True,True,36.60670022020529,38.751867585412974,2.1451673652076835,True,0
238,2006-12-12,38.44,38.187256682773544,-0.2527433172264537,0.2527433172264537,1.1310497545824916,0.8911647869593864,0.04250000000000026,0.19250000000000034,True,True,37.05620692819105,39.07842146973293,2.022214541541878,True,0
239,2006-12-13,38.61,38.450555106273704,-0.15944489372629533,0.15944489372629533,1.1310497545824916,0.8815071692440917,0.04500000000000026,0.19500000000000034,True,True,37.31950535169121,39.3320622755178,2.012556923826587,True,0
240,2006-12-14,38.74,38.612509832180585,-0.1274901678194169,0.1274901678194169,1.1218900308841597,0.8581907357919079,0.047500000000000264,0.19750000000000034,True,True,37.490619801296425,39.47070056797249,1.9800807666760676,True,0
241,2006-12-15,39.38,38.73672118249259,-0.6432788175074151,0.6432788175074151,1.117166981695128,0.8546481097217935,0.050000000000000266,0.20000000000000034,True,True,37.61955420079746,39.59136929221438,1.9718150914169215,True,0
242,2006-12-18,40.2,39.39703768310083,-0.8029623168991762,0.8029623168991762,1.117166981695128,0.8546481097217935,0.05250000000000027,0.20250000000000035,True,True,38.2798707014057,40.25168579282262,1.9718150914169215,True,0
243,2006-12-19,38.78,40.23919037553908,1.4591903755390803,-1.4591903755390803,1.0929659924658495,0.8496725707529755,0.05500000000000027,0.20500000000000035,False,True,39.14622438307323,41.08886294629205,1.9426385632188214,False,1
244,2006-12-20,39.43,38.71329018583297,-0.7167098141670323,0.7167098141670323,2.9413746145605835,0.8462930859525883,0.00750000000000027,0.20750000000000035,True,True,35.77191557127239,39.559583271785556,3.7876677005131683,True,0
245,2006-12-21,39.87,39.38464836405771,-0.4853516359422869,0.4853516359422869,2.101517316241292,0.82011943493616,0.01000000000000027,0.21000000000000035,True,True,37.28313104781642,40.20476779899387,2.921636751177452,True,0
246,2006-12-22,39.98,39.8852767599111,-0.09472324008889643,0.09472324008889643,1.9226818008104587,0.8029623168991762,0.012500000000000271,0.21250000000000036,True,True,37.96259495910064,40.68823907681028,2.725644117709635,True,0
247,2006-12-26,40.13,39.96981546544239,-0.16018453455761517,0.16018453455761517,1.9226818008104587,0.8029623168991762,0.015000000000000272,0.21500000000000036,True,True,38.04713366463193,40.772777782341564,2.725644117709635,True,0
248,2006-12-27,39.86,40.1083412815196,0.24834128151960044,-0.24834128151960044,1.7260149005535368,0.7935572623942271,0.017500000000000272,0.21750000000000036,True,True,38.38232638096606,40.90189854391383,2.5195721629477674,True,0
249,2006-12-28,40.38,39.82123607967032,-0.5587639203296817,0.5587639203296817,1.7260149005535368,0.7934705573337979,0.020000000000000275,0.22000000000000036,True,True,38.095221179116784,40.61470663700412,2.5194854578873347,True,0
250,2006-12-29,40.06,40.358223405129,0.2982234051290007,-0.2982234051290007,1.4591903755390803,0.7898324230079012,0.022500000000000277,0.22250000000000036,True,True,38.89903302958992,41.148055828136904,2.2490227985469815,True,0
251,2007-01-03,38.68,40.03026785471103,1.3502678547110278,-1.3502678547110278,1.4113667709634186,0.7879867685470359,0.02500000000000028,0.22500000000000037,True,True,38.61890108374761,40.81825462325806,2.1993535395104544,True,0
252,2007-01-04,38.59,38.58265634461537,-0.007343655384630665,0.007343655384630665,1.4113667709634186,0.7626374642180522,0.02750000000000028,0.22750000000000037,True,True,37.171289573651954,39.345293808833425,2.174004235181471,True,0
253,2007-01-05,38.72,38.526590109765586,-0.19340989023441324,0.19340989023441324,1.355365435747082,0.7626374642180522,0.030000000000000283,0.23000000000000037,True,True,37.171224674018504,39.28922757398364,2.118002899965134,True,0
254,2007-01-08,38.22,38.70859589517656,0.48859589517655877,-0.48859589517655877,1.3502678547110278,0.7586592456607448,0.032500000000000286,0.23250000000000037,True,True,37.35832804046553,39.4672551408373,2.1089271003717727,True,0
255,2007-01-09,37.6,38.18891605553896,0.5889160555389594,-0.5889160555389594,1.3502678547110278,0.7495896985218167,0.03500000000000029,0.23500000000000038,True,True,36.83864820082793,38.93850575406078,2.0998575532328445,True,0
256,2007-01-10,37.49,37.54998992192828,0.05998992192827757,-0.05998992192827757,1.305240273389174,0.7461559073226667,0.03750000000000029,0.23750000000000038,True,True,36.244749648539106,38.296145829250946,2.0513961807118406,True,0
257,2007-01-11,37.17,37.464763335269964,0.29476333526996257,-0.29476333526996257,1.2876359481463098,0.7414905322935113,0.04000000000000029,0.24000000000000038,True,True,36.177127387123655,38.206253867563476,2.029126480439821,True,0
258,2007-01-12,37.36,37.15363721812572,-0.20636278187427592,0.20636278187427592,1.2876359481463098,0.7167098141670323,0.042500000000000294,0.24250000000000038,True,True,35.866001269979414,37.870347032292756,2.004345762313342,True,0
259,2007-01-16,38.4,37.36195533109316,-1.038044668906842,1.038044668906842,1.2535614514740843,0.6984102992877439,0.0450000000000003,0.24500000000000038,True,False,36.10839387961907,38.0603656303809,1.9519717507618282,False,1
260,2007-01-17,38.7,38.452771942950505,-0.24722805704949735,0.24722805704949735,1.1310497545824916,0.8462930859525883,0.0475000000000003,0.1975000000000004,True,True,37.321722188368014,39.299065028903094,1.97734284053508,True,0
261,2007-01-18,37.5,38.73488746404047,1.2348874640404688,-1.2348874640404688,1.1218900308841597,0.82011943493616,0.0500000000000003,0.2000000000000004,False,True,37.61299743315631,39.55500689897663,1.9420094658203197,False,1
262,2007-01-19,36.69,37.44302117995031,0.7530211799503093,-0.7530211799503093,inf,0.82011943493616,0.0025000000000003006,0.2025000000000004,True,True,-inf,38.26314061488647,inf,True,0
263,2007-01-22,37.65,36.62469186175666,-1.0253081382433393,1.0253081382433393,2.9413746145605835,0.8029623168991762,0.005000000000000301,0.2050000000000004,True,False,33.68331724719607,37.427654178655835,3.744336931459763,False,1
264,2007-01-23,36.9,37.686366235283984,0.7863662352839853,-0.7863662352839853,2.9413746145605835,1.010188094075005,0.0075000000000003016,0.15750000000000042,True,True,34.7449916207234,38.69655432935899,3.951562708635592,True,0
265,2007-01-24,36.51,36.891429623862955,0.38142962386295665,-0.38142962386295665,2.101517316241292,1.0091505012312183,0.010000000000000302,0.16000000000000042,True,True,34.78991230762166,37.90058012509417,3.1106678174725104,True,0
266,2007-01-25,38.08,36.487323477924875,-1.5926765220751236,1.5926765220751236,1.9226818008104587,0.9429351423050747,0.012500000000000303,0.16250000000000042,True,False,34.564641677114416,37.43025862022995,2.8656169431155334,False,1
267,2007-01-26,37.26,38.14830221134007,0.8883022113400685,-0.8883022113400685,1.9226818008104587,4.36932249805448,0.015000000000000303,0.11500000000000042,True,True,36.22562041052961,42.517624709394546,6.2920042988649385,True,0
268,2007-01-29,36.7,37.25524752195469,0.5552475219546906,-0.5552475219546906,1.7260149005535368,1.7300070371069936,0.017500000000000304,0.11750000000000042,True,True,35.52923262140116,38.98525455906169,3.4560219376605303,True,0
269,2007-01-30,37.29,36.67424218493915,-0.6157578150608458,0.6157578150608458,1.4591903755390803,1.7193122165683974,0.020000000000000302,0.12000000000000043,True,True,35.21505180940007,38.39355440150755,3.1785025921074777,True,0
270,2007-01-31,36.95,37.31432647196912,0.3643264719691146,-0.3643264719691146,1.4113667709634186,1.7193122165683974,0.022500000000000304,0.12250000000000043,True,True,35.9029597010057,39.033638688537515,3.130678987531816,True,0
271,2007-02-01,37.95,36.951139779385436,-0.9988602206145671,0.9988602206145671,1.4113667709634186,1.5926765220751236,0.025000000000000307,0.12500000000000042,True,True,35.53977300842202,38.54381630146056,3.004043293038542,True,0
272,2007-02-02,37.23,37.98263931507313,0.7526393150731323,-0.7526393150731323,1.355365435747082,1.3909382753365804,0.02750000000000031,0.12750000000000042,True,True,36.62727387932605,39.37357759040971,2.7463037110836623,True,0
273,2007-02-05,37.25,37.22239228538299,-0.02760771461701239,0.02760771461701239,1.3502678547110278,1.3711353753322868,0.03000000000000031,0.13000000000000042,True,True,35.87212443067196,38.593527660715274,2.7214032300433146,True,0
274,2007-02-06,37.2,37.24301330620449,0.04301330620448596,-0.04301330620448596,1.3502678547110278,1.2686274644056397,0.03250000000000031,0.13250000000000042,True,True,35.89274545149346,38.51164077061013,2.6188953191166675,True,0
275,2007-02-07,38.49,37.2032193969852,-1.2867806030148046,1.2867806030148046,1.305240273389174,1.2686274644056397,0.035000000000000316,0.13500000000000043,True,False,35.89797912359602,38.47184686139084,2.5738677377948136,False,1
276,2007-02-08,38.95,38.52813575822083,-0.4218642417791756,0.4218642417791756,1.2876359481463098,37.25,0.03750000000000032,0.08750000000000042,True,True,37.24049981007452,75.77813575822083,38.53763594814631,True,0
277,2007-02-09,39.19,38.972452687176094,-0.21754731282390338,0.21754731282390338,1.2535614514740843,37.25,0.04000000000000032,0.09000000000000043,True,True,37.71889123570201,76.22245268717609,38.50356145147408,True,0
278,2007-02-12,38.79,39.1866056339896,0.39660563398960136,-0.39660563398960136,1.2535614514740843,37.08,0.04250000000000032,0.09250000000000043,True,True,37.933044182515516,76.2666056339896,38.33356145147408,True,0
279,2007-02-13,38.85,38.761431864618594,-0.08856813538140784,0.08856813538140784,1.2348874640404688,37.04,0.045000000000000324,0.09500000000000043,True,True,37.526544400578125,75.80143186461859,38.27488746404047,True,0
280,2007-02-14,39.23,38.828804223306214,-0.4011957766937826,0.4011957766937826,1.1310497545824916,36.98,0.04750000000000033,0.09750000000000043,True,True,37.69775446872372,75.80880422330621,38.11104975458249,True,0
281,2007-02-15,40.14,39.22505363876048,-0.9149463612395223,0.9149463612395223,1.1218900308841597,36.7,0.05000000000000033,0.10000000000000044,True,True,38.10316360787632,75.92505363876049,37.82189003088417,True,0
282,2007-02-16,39.9,40.15192395641399,0.25192395641398946,-0.25192395641398946,1.1218900308841597,36.7,0.05250000000000033,0.10250000000000044,True,True,39.03003392552983,76.851923956414,37.82189003088417,True,0
283,2007-02-20,40.13,39.87444033202931,-0.25555966797069374,0.25555966797069374,1.117166981695128,36.7,0.05500000000000033,0.10500000000000044,True,True,38.75727335033418,76.57444033202931,37.81716698169513,True,0
284,2007-02-21,41.19,40.10280031173189,-1.0871996882681074,1.0871996882681074,1.0929659924658495,4.36932249805448,0.057500000000000336,0.10750000000000044,True,True,39.00983431926604,44.47212280978637,5.462288490520329,True,0
285,2007-02-22,41.4,41.18866297583224,-0.21133702416776146,0.21133702416776146,1.0598929121852905,1.7300070371069936,0.06000000000000034,0.11000000000000044,True,True,40.12877006364695,42.91867001293923,2.789899949292284,True,0
286,2007-02-23,41.0,41.37778417348531,0.3777841734853098,-0.3777841734853098,1.0598929121852905,1.7193122165683974,0.06250000000000033,0.11250000000000045,True,True,40.31789126130002,43.09709639005371,2.779205128753688,True,0
287,2007-02-26,40.86,40.94587179936826,0.08587179936826317,-0.08587179936826317,0.9864427508848337,1.7193122165683974,0.06500000000000034,0.11500000000000045,True,True,39.95942904848343,42.66518401593666,2.705754967453231,True,0
288,2007-02-27,40.19,40.80717437976996,0.6171743797699634,-0.6171743797699634,0.9699136312408996,1.5926765220751236,0.06750000000000034,0.11750000000000045,True,True,39.83726074852906,42.399850901845085,2.562590153316023,True,0
289,2007-02-28,38.91,40.12659019957189,1.2165901995718968,-1.2165901995718968,0.9612393032734943,1.3909382753365804,0.07000000000000034,0.12000000000000045,False,True,39.1653508962984,41.517528474908474,2.3521775786100747,False,1
290,2007-03-01,39.32,38.824056415234544,-0.4959435847654561,0.4959435847654561,1.4113667709634186,1.3711353753322868,0.02250000000000034,0.12250000000000046,True,True,37.412689644271126,40.19519179056683,2.7825021462957054,True,0
291,2007-03-02,38.32,39.29714650838123,0.9771465083812316,-0.9771465083812316,1.355365435747082,1.2867806030148046,0.02500000000000034,0.12500000000000044,True,True,37.94178107263415,40.58392711139604,2.6421460387618865,True,0
292,2007-03-05,37.15,38.27675334616647,1.126753346166474,-1.126753346166474,1.3502678547110278,1.2686274644056397,0.027500000000000344,0.12750000000000045,True,True,36.926485491455445,39.54538081057211,2.6188953191166675,True,0
293,2007-03-06,37.69,37.08415518658501,-0.6058448134149899,0.6058448134149899,1.3502678547110278,1.2686274644056397,0.030000000000000346,0.13000000000000045,True,True,35.73388733187398,38.35278265099065,2.6188953191166675,True,0
294,2007-03-07,38.68,37.69821407760096,-0.9817859223990411,0.9817859223990411,1.305240273389174,1.1949071271933107,0.03250000000000035,0.13250000000000045,True,True,36.392973804211785,38.89312120479427,2.5001474005824846,True,0
295,2007-03-08,38.77,38.718629912032085,-0.051370087967917755,0.051370087967917755,1.2876359481463098,1.0871996882681074,0.03500000000000035,0.13500000000000045,True,True,37.430993963885776,39.80582960030019,2.374835636414417,True,0
296,2007-03-09,38.48,38.77152118283328,0.29152118283328576,-0.29152118283328576,1.2535614514740843,1.0628599363599598,0.03750000000000035,0.13750000000000046,True,True,37.5179597313592,39.83438111919324,2.3164213878340405,True,0
297,2007-03-12,38.64,38.45609071190305,-0.18390928809694884,0.18390928809694884,1.2535614514740843,1.038044668906842,0.040000000000000355,0.14000000000000046,True,True,37.20252926042897,39.494135380809894,2.2916061203809264,True,0
298,2007-03-13,38.3,38.63154697635601,0.33154697635601593,-0.33154697635601593,1.2348874640404688,1.0253081382433393,0.04250000000000036,0.14250000000000046,True,True,37.396659512315544,39.65685511459935,2.260195602283808,True,0
299,2007-03-14,37.76,38.2776432271234,0.5176432271234006,-0.5176432271234006,1.2165901995718968,1.015049919803694,0.04500000000000036,0.14500000000000046,True,True,37.0610530275515,39.29269314692709,2.231640119375591,True,0
300,2007-03-15,38.1,37.731724120679914,-0.36827587932008754,0.36827587932008754,1.1310497545824916,1.010188094075005,0.04750000000000036,0.14750000000000046,True,True,36.60067436609742,38.74191221475492,2.1412378486574966,True,0
301,2007-03-16,37.72,38.104691975631034,0.38469197563103563,-0.38469197563103563,1.126753346166474,1.0091505012312183,0.050000000000000364,0.15000000000000047,True,True,36.97793862946456,39.11384247686225,2.1359038473976923,True,0
302,2007-03-19,38.0,37.70537282813194,-0.29462717186805776,0.29462717186805776,1.126753346166474,1.0091505012312183,0.052500000000000366,0.15250000000000047,True,True,36.57861948196547,38.71452332936316,2.1359038473976923,True,0
303,2007-03-20,38.53,38.004082095539715,-0.525917904460286,0.525917904460286,1.1218900308841597,0.9988602206145671,0.05500000000000037,0.15500000000000047,True,True,36.882192064655555,39.00294231615428,2.120750251498727,True,0
304,2007-03-21,38.55,38.545152293550736,-0.0048477064492615796,0.0048477064492615796,1.117166981695128,0.9817859223990411,0.05750000000000037,0.15750000000000047,True,True,37.42798531185561,39.52693821594978,2.098952904094169,True,0
305,2007-03-22,39.48,38.54425540696507,-0.9357445930349257,0.9357445930349257,1.0929659924658495,0.9429351423050747,0.06000000000000037,0.16000000000000048,True,True,37.45128941449922,39.487190549270146,2.035901134770924,True,0
306,2007-03-23,39.56,39.49872633725374,-0.06127366274625956,0.06127366274625956,1.0598929121852905,0.9357445930349257,0.06250000000000037,0.16250000000000048,True,True,38.43883342506845,40.43447093028867,1.9956375052202162,True,0
307,2007-03-26,38.98,39.54915403225021,0.5691540322502107,-0.5691540322502107,1.0598929121852905,0.9149463612395223,0.06500000000000038,0.16500000000000048,True,True,38.48926112006492,40.46410039348973,1.9748392734248128,True,0
308,2007-03-27,38.82,38.93670445674593,0.11670445674592855,-0.11670445674592855,0.9864427508848337,0.9092476189138665,0.06750000000000038,0.16750000000000048,True,True,37.950261705861095,39.845952075659795,1.8956903697987002,True,0
309,2007-03-28,39.09,38.79152914190746,-0.2984708580925428,0.2984708580925428,0.9771465083812316,0.9021801140575931,0.07000000000000038,0.17000000000000048,True,True,37.81438263352623,39.693709255965054,1.8793266224388248,True,0
310,2007-03-29,39.65,39.082083299545474,-0.5679167004545249,0.5679167004545249,0.9699136312408996,0.8916059137335992,0.07250000000000038,0.1725000000000005,True,True,38.112169668304574,39.97368921327907,1.8615195449744988,True,0
311,2007-03-30,39.75,39.65204121979418,-0.09795878020582194,0.09795878020582194,0.9612393032734943,0.8911647869593864,0.07500000000000039,0.1750000000000005,True,True,38.690801916520684,40.543206006753564,1.8524040902328807,True,0
312,2007-04-02,39.85,39.732433304963564,-0.11756669503643735,0.11756669503643735,0.952794903057999,0.8815071692440917,0.07750000000000039,0.1775000000000005,True,True,38.779638401905565,40.61394047420765,1.834302072302087,True,0
313,2007-04-03,40.42,39.82695838239686,-0.5930416176031414,0.5930416176031414,0.952794903057999,0.8581907357919079,0.08000000000000039,0.1800000000000005,True,True,38.87416347933886,40.68514911818877,1.8109856388499068,True,0
314,2007-04-04,41.22,40.41184745419347,-0.8081525458065286,0.8081525458065286,0.9287868746515215,0.8546481097217935,0.08250000000000039,0.1825000000000005,True,True,39.48306057954195,41.266495563915264,1.783434984373315,True,0
315,2007-04-05,41.57,41.218231953818375,-0.3517680461816255,0.3517680461816255,0.9027280508491202,0.8496725707529755,0.0850000000000004,0.1850000000000005,True,True,40.315503902969255,42.06790452457135,1.7524006216020922,True,0
316,2007-04-09,41.72,41.487576610562854,-0.23242338943714458,0.23242338943714458,0.8883022113400685,0.8462930859525883,0.0875000000000004,0.1875000000000005,True,True,40.599274399222786,42.33386969651544,1.7345952972926568,True,0
317,2007-04-10,41.57,41.67868941338791,0.10868941338790705,-0.10868941338790705,0.862253232006239,0.82011943493616,0.0900000000000004,0.1900000000000005,True,True,40.81643618138167,42.49880884832407,1.682372666942399,True,0
318,2007-04-11,41.73,41.5148278548136,-0.2151721451863935,0.2151721451863935,0.8558330509892969,0.8081525458065286,0.0925000000000004,0.1925000000000005,True,True,40.65899480382431,42.32298040062013,1.6639855967958255,True,0
319,2007-04-12,41.73,41.68694893225513,-0.04305106774486944,0.04305106774486944,0.7863662352839853,0.8029623168991762,0.0950000000000004,0.1950000000000005,True,True,40.90058269697114,42.489911249154304,1.5893285521831615,True,0
320,2007-04-13,42.19,41.681002337870346,-0.5089976621296515,0.5089976621296515,0.7784951959334663,0.7935572623942271,0.0975000000000004,0.1975000000000005,True,True,40.90250714193688,42.47455960026457,1.5720524583276898,True,0
321,2007-04-16,43.77,42.15702411830573,-1.6129758816942754,1.6129758816942754,0.7530211799503093,0.7934705573337979,0.10000000000000041,0.2000000000000005,True,False,41.40400293835542,42.950494675639526,1.5464917372841072,False,1
322,2007-04-17,45.28,43.78314075525029,-1.4968592447497144,1.4968592447497144,0.7530211799503093,0.9817859223990411,0.10250000000000041,0.15250000000000052,True,False,43.03011957529998,44.76492667764933,1.7348071023493503,False,1
323,2007-04-18,44.8,45.297234334947916,0.4972343349479189,-0.4972343349479189,0.7526393150731323,1.6129758816942754,0.10500000000000041,0.10500000000000052,True,True,44.544595019874784,46.91021021664219,2.3656151967674077,True,0
324,2007-04-19,44.61,44.70511885759874,0.09511885759874161,-0.09511885759874161,0.7519595757599902,1.5926765220751236,0.10750000000000041,0.10750000000000053,True,True,43.95315928183875,46.297795379673865,2.3446360978351137,True,0
325,2007-04-20,45.09,44.51661383226649,-0.5733861677335099,0.5733861677335099,0.7467779511981334,1.4968592447497144,0.11000000000000042,0.11000000000000053,True,True,43.76983588106836,46.01347307701621,2.243637195947848,True,0
326,2007-04-23,44.27,45.032645983794396,0.7626459837943926,-0.7626459837943926,0.7417671988692902,1.3909382753365804,0.11250000000000042,0.11250000000000053,False,True,44.290878784925106,46.423584259130976,2.1327054742058706,False,1
327,2007-04-24,44.75,44.15481092830773,-0.5951890716922676,0.5951890716922676,0.9771465083812316,1.3711353753322868,0.06500000000000042,0.11500000000000053,True,True,43.1776644199265,45.52594630364002,2.3482818837135184,True,0
328,2007-04-25,53.12,44.68758589059487,-8.43241410940513,8.43241410940513,0.9699136312408996,1.2867806030148046,0.06750000000000042,0.11750000000000053,True,False,43.71767225935397,45.97436649360967,2.256694234255704,False,1
329,2007-04-26,56.5,53.52829265436647,-2.971707345633533,2.971707345633533,0.9699136312408996,37.61,0.07000000000000042,0.07000000000000053,True,True,52.55837902312557,91.13829265436647,38.5799136312409,True,0
330,2007-04-27,61.24,56.540566200322274,-4.699433799677728,4.699433799677728,0.9612393032734943,37.34,0.07250000000000043,0.07250000000000054,True,True,55.57932689704878,93.88056620032228,38.3012393032735,True,0
331,2007-04-30,61.91,61.87155507142563,-0.03844492857436421,0.03844492857436421,0.952794903057999,37.25,0.07500000000000043,0.07500000000000054,True,True,60.91876016836763,99.12155507142563,38.202794903058,True,0
332,2007-05-01,61.12,62.085963712203196,0.9659637122031981,-0.9659637122031981,0.9287868746515215,37.08,0.07750000000000043,0.07750000000000054,False,True,61.157176837551674,99.1659637122032,38.00878687465152,False,1
333,2007-05-02,61.68,60.88142538274331,-0.7985746172566905,0.7985746172566905,1.305240273389174,37.04,0.03000000000000043,0.08000000000000054,True,True,59.576185109354135,97.92142538274331,38.34524027338917,True,0
334,2007-05-03,61.08,61.5665067461793,0.4865067461793018,-0.4865067461793018,1.2876359481463098,36.98,0.03250000000000043,0.08250000000000055,True,True,60.27887079803299,98.54650674617929,38.2676359481463,True,0
335,2007-05-04,62.39,60.87619214760717,-1.51380785239283,1.51380785239283,1.2535614514740843,36.7,0.035000000000000434,0.08500000000000055,True,True,59.622630696133086,97.57619214760717,37.95356145147409,True,0
336,2007-05-07,62.43,62.402207600212236,-0.0277923997877636,0.0277923997877636,1.2348874640404688,36.7,0.037500000000000436,0.08750000000000055,True,True,61.16732013617177,99.10220760021224,37.93488746404047,True,0
337,2007-05-08,60.54,62.380700926830244,1.8407009268302446,-1.8407009268302446,1.2165901995718968,8.43241410940513,0.04000000000000044,0.09000000000000055,False,True,61.16411072725835,70.81311503623537,9.649004308977027,False,1
338,2007-05-09,62.0,60.16605565981328,-1.8339443401867186,1.8339443401867186,inf,4.699433799677728,-0.007499999999999563,0.09250000000000055,True,True,-inf,64.86548945949102,inf,True,0
339,2007-05-10,62.44,61.97817648984064,-0.4618235101593555,0.4618235101593555,inf,4.36932249805448,-0.004999999999999562,0.09500000000000056,True,True,-inf,66.34749898789512,inf,True,0
340,2007-05-11,60.96,62.45532567849618,1.4953256784961795,-1.4953256784961795,inf,2.971707345633533,-0.0024999999999995616,0.09750000000000056,True,True,-inf,65.42703302412971,inf,True,0
341,2007-05-14,61.68,60.68658245121178,-0.9934175487882229,0.9934175487882229,inf,1.8339443401867186,4.388850394221322e-16,0.10000000000000056,True,True,-inf,62.520526791398495,inf,True,0
342,2007-05-15,61.4,61.59971682144184,0.19971682144183944,-0.19971682144183944,inf,1.8339443401867186,0.0025000000000004394,0.10250000000000056,True,True,-inf,63.43366116162856,inf,True,0
343,2007-05-16,61.02,61.29124137189624,0.2712413718962381,-0.2712413718962381,2.9413746145605835,1.7300070371069936,0.00500000000000044,0.10500000000000057,True,True,58.34986675733566,63.021248409003235,4.6713816516675735,True,0
344,2007-05-17,62.88,60.85910577428633,-2.0208942257136755,2.0208942257136755,2.101517316241292,1.7193122165683974,0.00750000000000044,0.10750000000000057,True,False,58.757588458045035,62.578417990854724,3.8208295328096895,False,1
345,2007-05-18,62.48,63.00078302709012,0.5207830270901255,-0.5207830270901255,1.9226818008104587,42.66,0.01000000000000044,0.06000000000000057,True,True,61.078101226279664,105.66078302709012,44.582681800810455,True,0
346,2007-05-21,63.58,62.42913933689842,-1.1508606631015752,1.1508606631015752,1.8407009268302446,42.19,0.012500000000000441,0.06250000000000057,True,True,60.58843841006818,104.61913933689843,44.03070092683025,True,0
347,2007-05-22,68.48,63.57607150104258,-4.903928498957427,4.903928498957427,1.7260149005535368,37.61,0.015000000000000442,0.06500000000000057,True,True,61.85005660048904,101.18607150104258,39.336014900553536,True,0
348,2007-05-23,69.21,66.48136627613354,-2.7286337238664515,2.7286337238664515,1.4953256784961795,37.34,0.017500000000000442,0.06750000000000057,True,True,64.98604059763736,103.82136627613355,38.83532567849619,True,0
349,2007-05-24,69.04,69.22283042381888,0.1828304238188707,-0.1828304238188707,1.4953256784961795,37.25,0.02000000000000044,0.07000000000000058,True,True,67.7275047453227,106.47283042381888,38.74532567849617,True,0
350,2007-05-25,69.69,68.91257036445852,-0.7774296355414805,0.7774296355414805,1.4591903755390803,37.08,0.022500000000000443,0.07250000000000058,True,True,67.45337998891944,105.99257036445852,38.53919037553908,True,0
351,2007-05-29,68.43,69.62459904313674,1.1945990431367335,-1.1945990431367335,1.4113667709634186,37.04,0.025000000000000445,0.07500000000000058,True,True,68.21323227217331,106.66459904313675,38.45136677096343,True,0
352,2007-05-30,69.06,68.3029925238283,-0.757007476171708,0.757007476171708,1.355365435747082,36.98,0.027500000000000448,0.07750000000000058,True,True,66.94762708808122,105.28299252382828,38.335365435747065,True,0
353,2007-05-31,70.68,68.95178020321512,-1.7282197967848845,1.7282197967848845,1.3502678547110278,36.7,0.03000000000000045,0.08000000000000058,True,True,67.60151234850409,105.65178020321513,38.05026785471104,True,0
354,2007-06-01,68.9,70.7596070674442,1.8596070674441876,-1.8596070674441876,1.305240273389174,36.7,0.03250000000000045,0.08250000000000059,False,True,69.45436679405502,107.4596070674442,38.00524027338918,False,1
355,2007-06-04,68.25,68.75882555722329,0.5088255572232896,-0.5088255572232896,inf,8.43241410940513,-0.014999999999999548,0.08500000000000059,True,True,-inf,77.19123966662842,inf,True,0
356,2007-06-05,71.1,68.10568108119176,-2.994318918808233,2.994318918808233,inf,4.903928498957427,-0.012499999999999548,0.08750000000000059,True,True,-inf,73.00960958014919,inf,True,0
357,2007-06-06,73.14,71.27728689030425,-1.862713109695747,1.862713109695747,inf,4.699433799677728,-0.009999999999999547,0.0900000000000006,True,True,-inf,75.97672068998199,inf,True,0
358,2007-06-07,72.57,72.26747169710826,-0.30252830289173005,0.30252830289173005,inf,4.36932249805448,-0.007499999999999547,0.0925000000000006,True,True,-inf,76.63679419516274,inf,True,0
359,2007-06-08,72.47,72.43506377847436,-0.034936221525640576,0.034936221525640576,inf,2.994318918808233,-0.0049999999999995465,0.0950000000000006,True,True,-inf,75.42938269728259,inf,True,0
360,2007-06-11,73.0,71.95881963843247,-1.0411803615675268,1.0411803615675268,inf,2.971707345633533,-0.002499999999999546,0.0975000000000006,True,True,-inf,74.930526984066,inf,True,0
361,2007-06-12,70.44,72.93790064343492,2.4979006434349174,-2.4979006434349174,inf,2.7286337238664515,4.544975507059235e-16,0.1000000000000006,True,True,-inf,75.66653436730137,inf,True,0
362,2007-06-13,70.9,70.04977985716133,-0.8502201428386797,0.8502201428386797,inf,2.0208942257136755,0.002500000000000455,0.1025000000000006,True,True,-inf,72.070674082875,inf,True,0
363,2007-06-14,70.9,70.76543293840926,-0.13456706159074372,0.13456706159074372,2.9413746145605835,1.862713109695747,0.0050000000000004555,0.1050000000000006,True,True,67.82405832384867,72.62814604810501,4.804087724256334,True,0
364,2007-06-15,72.85,70.48038474566494,-2.3696152543350593,2.3696152543350593,2.4979006434349174,1.8339443401867186,0.007500000000000456,0.10750000000000061,True,False,67.98248410223002,72.31432908585165,4.331844983621636,False,1
365,2007-06-18,72.34,72.94857998987658,0.6085799898765742,-0.6085799898765742,2.101517316241292,42.19,0.010000000000000456,0.06000000000000061,True,True,70.84706267363529,115.13857998987658,44.29151731624128,True,0
366,2007-06-19,71.55,72.20743538095276,0.6574353809527622,-0.6574353809527622,1.9226818008104587,37.61,0.012500000000000457,0.06250000000000061,True,True,70.28475358014231,109.81743538095276,39.53268180081045,True,0
367,2007-06-20,70.25,71.50377562679935,1.253775626799353,-1.253775626799353,1.8596070674441876,37.34,0.015000000000000457,0.06500000000000061,True,True,69.64416855935517,108.84377562679936,39.19960706744419,True,0
368,2007-06-21,69.16,69.97262289577513,0.8126228957751351,-0.8126228957751351,1.8407009268302446,37.25,0.01750000000000046,0.06750000000000062,True,True,68.13192196894488,107.22262289577513,39.09070092683025,True,0
369,2007-06-22,69.55,68.99308319363504,-0.5569168063649528,0.5569168063649528,1.7260149005535368,37.08,0.020000000000000462,0.07000000000000062,True,True,67.26706829308151,106.07308319363504,38.806014900553535,True,0
370,2007-06-25,69.35,69.55939830601827,0.20939830601827225,-0.20939830601827225,1.4953256784961795,37.04,0.022500000000000464,0.07250000000000062,True,True,68.06407262752208,106.59939830601826,38.53532567849618,True,0
371,2007-06-26,68.53,69.3250965067269,0.7950965067268925,-0.7950965067268925,1.4591903755390803,36.98,0.025000000000000466,0.07500000000000062,True,True,67.86590613118781,106.3050965067269,38.439190375539084,True,0
372,2007-06-27,66.96,68.4090355711589,1.4490355711589018,-1.4490355711589018,1.4113667709634186,36.7,0.02750000000000047,0.07750000000000062,False,True,66.99766880019547,105.1090355711589,38.11136677096343,False,1
373,2007-06-28,68.46,66.71786839628069,-1.7421316037193009,1.7421316037193009,inf,36.7,-0.019999999999999532,0.08000000000000063,True,True,-inf,103.4178683962807,inf,True,0
374,2007-06-29,69.03,68.56312652418586,-0.46687347581413974,0.46687347581413974,inf,8.43241410940513,-0.01749999999999953,0.08250000000000063,True,True,-inf,76.99554063359099,inf,True,0
375,2007-07-02,68.81,69.10835119830635,0.2983511983063494,-0.2983511983063494,inf,4.903928498957427,-0.01499999999999953,0.08500000000000063,True,True,-inf,74.01227969726378,inf,True,0
376,2007-07-03,70.04,68.77533814629541,-1.2646618537045953,1.2646618537045953,inf,4.699433799677728,-0.012499999999999529,0.08750000000000063,True,True,-inf,73.47477194597315,inf,True,0
377,2007-07-05,69.36,70.16411481070972,0.80411481070972,-0.80411481070972,inf,4.36932249805448,-0.009999999999999528,0.09000000000000064,True,True,-inf,74.5334373087642,inf,True,0
378,2007-07-06,68.75,69.29691794756039,0.546917947560388,-0.546917947560388,inf,2.994318918808233,-0.007499999999999528,0.09250000000000064,True,True,-inf,72.29123686636862,inf,True,0
379,2007-07-09,69.38,68.6423613370896,-0.737638662910399,0.737638662910399,inf,2.971707345633533,-0.004999999999999527,0.09500000000000064,True,True,-inf,71.61406868272313,inf,True,0
380,2007-07-10,71.65,69.41760916158466,-2.2323908384153412,2.2323908384153412,inf,2.7286337238664515,-0.002499999999999527,0.09750000000000064,True,True,-inf,72.14624288545112,inf,True,0
381,2007-07-11,70.58,71.9549180216169,1.3749180216169066,-1.3749180216169066,inf,2.2323908384153412,4.735795089416683e-16,0.10000000000000064,True,True,-inf,74.18730886003225,inf,True,0
382,2007-07-12,71.31,70.50664994265553,-0.8033500573444741,0.8033500573444741,inf,2.0208942257136755,0.002500000000000474,0.10250000000000065,True,True,-inf,72.5275441683692,inf,True,0
383,2007-07-13,73.08,71.25848964147924,-1.8215103585207544,1.8215103585207544,2.9413746145605835,1.862713109695747,0.0050000000000004746,0.10500000000000065,True,True,68.31711502691866,73.12120275117499,4.804087724256334,True,0
384,2007-07-16,74.73,73.1838404063453,-1.546159593654707,1.546159593654707,2.4979006434349174,1.8339443401867186,0.007500000000000475,0.10750000000000065,True,True,70.68593976291038,75.01778474653202,4.331844983621636,True,0
385,2007-07-17,74.39,74.9765325192327,0.5865325192327049,-0.5865325192327049,2.101517316241292,1.8215103585207544,0.010000000000000476,0.11000000000000065,True,True,72.87501520299142,76.79804287775346,3.9230276747620394,True,0
386,2007-07-18,73.27,74.28311010722429,1.0131101072242927,-1.0131101072242927,1.9226818008104587,1.7421316037193009,0.012500000000000476,0.11250000000000066,True,True,72.36042830641384,76.02524171094359,3.6648134045297525,True,0
387,2007-07-19,74.24,73.0095713655278,-1.2304286344721902,1.2304286344721902,1.8596070674441876,1.7300070371069936,0.015000000000000476,0.11500000000000066,True,True,71.14996429808362,74.7395784026348,3.5896141045511882,True,0
388,2007-07-20,72.62,74.22086604846287,1.600866048462862,-1.600866048462862,1.8407009268302446,1.7282197967848845,0.017500000000000477,0.11750000000000066,True,True,72.38016512163261,75.94908584524775,3.568920723615136,True,0
389,2007-07-23,71.78,72.36623862024949,0.5862386202494889,-0.5862386202494889,1.7260149005535368,1.7193122165683974,0.020000000000000476,0.12000000000000066,True,True,70.64022371969595,74.08555083681789,3.445327117121934,True,0
390,2007-07-24,71.04,71.66045104298662,0.6204510429866161,-0.6204510429866161,1.600866048462862,1.6129758816942754,0.022500000000000478,0.12250000000000066,True,True,70.05958499452376,73.2734269246809,3.2138419301571446,True,0
391,2007-07-25,84.66,70.93434445432592,-13.725655545674073,13.725655545674073,1.4953256784961795,1.5926765220751236,0.02500000000000048,0.12500000000000067,True,False,69.43901877582974,72.52702097640105,3.08800220057131,False,1
392,2007-07-26,85.02,86.03805218747978,1.0180521874797819,-1.0180521874797819,1.4591903755390803,13.725655545674073,0.027500000000000482,0.07750000000000067,True,True,84.5788618119407,99.76370773315385,15.184845921213153,True,0
393,2007-07-27,84.27,85.14368659456827,0.8736865945682695,-0.8736865945682695,1.4490355711589018,8.43241410940513,0.030000000000000485,0.08000000000000067,True,True,83.69465102340936,93.5761007039734,9.881449680564032,True,0
394,2007-07-30,83.0,84.11841013803317,1.1184101380331697,-1.1184101380331697,1.4113667709634186,4.903928498957427,0.03250000000000049,0.08250000000000067,True,True,82.70704336706976,89.0223386369906,6.3152952699208385,True,0
395,2007-07-31,83.7,82.4266252469071,-1.2733747530929094,1.2733747530929094,1.3749180216169066,4.699433799677728,0.03500000000000049,0.08500000000000067,True,True,81.05170722529019,87.12605904658483,6.074351821294641,True,0
396,2007-08-01,78.1,83.64509182350518,5.545091823505189,-5.545091823505189,1.355365435747082,4.36932249805448,0.03750000000000049,0.08750000000000067,False,True,82.2897263877581,88.01441432155966,5.724687933801562,False,1
397,2007-08-02,77.86,77.50182045475076,-0.3581795452492429,0.3581795452492429,inf,2.994318918808233,-0.00999999999999951,0.09000000000000068,True,True,-inf,80.49613937355899,inf,True,0
398,2007-08-03,79.54,77.66398157877114,-1.8760184212288635,1.8760184212288635,inf,2.971707345633533,-0.007499999999999509,0.09250000000000068,True,True,-inf,80.63568892440468,inf,True,0
399,2007-08-06,77.06,79.58044427070416,2.5204442707041608,-2.5204442707041608,inf,2.7286337238664515,-0.004999999999999508,0.09500000000000068,True,True,-inf,82.30907799457061,inf,True,0
400,2007-08-07,78.55,76.74584733352005,-1.8041526664799505,1.8041526664799505,inf,2.3696152543350593,-0.002499999999999508,0.09750000000000068,True,True,-inf,79.1154625878551,inf,True,0
401,2007-08-08,79.77,78.8342149167507,-0.9357850832493,0.9357850832493,inf,2.0208942257136755,4.926614671774132e-16,0.10000000000000069,True,True,-inf,80.85510914246437,inf,True,0
402,2007-08-09,76.4,79.15646807191673,2.7564680719167285,-2.7564680719167285,5.2353533948385795,1.8760184212288635,0.002500000000000493,0.10250000000000069,True,True,73.92111467707815,81.0324864931456,7.111371816067447,True,0
403,2007-08-10,73.15,76.01916044367191,2.869160443671902,-2.869160443671902,2.9413746145605835,1.862713109695747,0.005000000000000494,0.10500000000000069,True,True,73.07778582911132,77.88187355336765,4.804087724256334,True,0
404,2007-08-13,76.09,72.85035095368964,-3.2396490463103618,3.2396490463103618,2.869160443671902,1.8339443401867186,0.007500000000000494,0.10750000000000069,True,False,69.98119051001774,74.68429529387636,4.70310478385862,False,1
405,2007-08-14,74.79,75.6624804058962,0.8724804058961979,-0.8724804058961979,2.7564680719167285,37.25,0.010000000000000495,0.06000000000000069,True,True,72.90601233397948,112.9124804058962,40.00646807191673,True,0
406,2007-08-15,73.02,74.57462787461131,1.5546278746113131,-1.5546278746113131,2.5204442707041608,37.08,0.012500000000000495,0.0625000000000007,True,True,72.05418360390715,111.65462787461131,39.60044427070416,True,0
407,2007-08-16,72.0,72.8706302872014,0.8706302872013936,-0.8706302872013936,2.4979006434349174,37.04,0.015000000000000496,0.0650000000000007,True,True,70.37272964376648,109.9106302872014,39.537900643434924,True,0
408,2007-08-17,74.49,71.90161761012419,-2.588382389875804,2.588382389875804,2.101517316241292,36.98,0.017500000000000494,0.0675000000000007,True,True,69.8001002938829,108.88161761012418,39.081517316241275,True,0
409,2007-08-20,74.98,73.65122873714623,-1.3287712628537776,1.3287712628537776,1.9226818008104587,36.7,0.020000000000000497,0.0700000000000007,True,True,71.72854693633576,110.35122873714623,38.62268180081047,True,0
410,2007-08-21,74.21,74.89787181601743,0.6878718160174344,-0.6878718160174344,1.8596070674441876,36.7,0.0225000000000005,0.0725000000000007,True,True,73.03826474857324,111.59787181601743,38.55960706744419,True,0
411,2007-08-22,78.24,74.13730703764202,-4.1026929623579775,4.1026929623579775,1.8407009268302446,13.725655545674073,0.0250000000000005,0.0750000000000007,True,True,72.29660611081178,87.86296258331609,15.56635647250431,True,0
412,2007-08-23,78.94,78.61890815135581,-0.32109184864418694,0.32109184864418694,1.7260149005535368,8.43241410940513,0.027500000000000503,0.07750000000000071,True,True,76.89289325080227,87.05132226076094,10.158429009958667,True,0
413,2007-08-24,76.8,78.8882008639901,2.088200863990096,-2.088200863990096,1.600866048462862,4.903928498957427,0.030000000000000505,0.08000000000000071,False,True,77.28733481552723,83.79212936294752,6.504794547420289,False,1
414,2007-08-27,80.56,76.73900975939421,-3.820990240605795,3.820990240605795,inf,4.36932249805448,-0.017499999999999495,0.08250000000000071,True,True,-inf,81.1083322574487,inf,True,0
415,2007-08-28,77.86,81.23239714451394,3.37239714451394,-3.37239714451394,inf,4.1026929623579775,-0.014999999999999495,0.08500000000000071,True,True,-inf,85.33509010687192,inf,True,0
416,2007-08-29,76.96,76.9704482503958,0.010448250395810987,-0.010448250395810987,inf,3.820990240605795,-0.012499999999999494,0.08750000000000072,True,True,-inf,80.7914384910016,inf,True,0
417,2007-08-30,78.4,77.06342324268883,-1.3365767573111782,1.3365767573111782,inf,3.2396490463103618,-0.009999999999999494,0.09000000000000072,True,True,-inf,80.30307228899919,inf,True,0
418,2007-08-31,80.0,78.49779277456544,-1.5022072254345602,1.5022072254345602,inf,2.994318918808233,-0.007499999999999493,0.09250000000000072,True,True,-inf,81.49211169337367,inf,True,0
419,2007-09-04,79.9,79.82643164906342,-0.07356835093658276,0.07356835093658276,inf,2.971707345633533,-0.004999999999999493,0.09500000000000072,True,True,-inf,82.79813899469696,inf,True,0
420,2007-09-05,82.24,79.7727355930897,-2.4672644069102887,2.4672644069102887,inf,2.7286337238664515,-0.002499999999999492,0.09750000000000072,True,True,-inf,82.50136931695616,inf,True,0
421,2007-09-06,84.5,82.49750782854001,-2.0024921714599913,2.0024921714599913,inf,2.4672644069102887,5.082739784612045e-16,0.10000000000000073,True,True,-inf,84.9647722354503,inf,True,0
422,2007-09-07,84.7,84.65223706284084,-0.04776293715916324,0.04776293715916324,5.2353533948385795,2.3696152543350593,0.0025000000000005088,0.10250000000000073,True,True,79.41688366800226,87.0218523171759,7.604968649173642,True,0
423,2007-09-10,84.93,83.37535994144261,-1.5546400585573963,1.5546400585573963,3.37239714451394,2.2323908384153412,0.005000000000000509,0.10500000000000073,True,True,80.00296279692867,85.60775077985795,5.604787982929281,True,0
424,2007-09-11,84.17,84.84124231627531,0.6712423162753112,-0.6712423162753112,2.9413746145605835,2.0208942257136755,0.00750000000000051,0.10750000000000073,True,True,81.89986770171473,86.86213654198899,4.9622688402742625,True,0
425,2007-09-12,86.07,84.21558398833368,-1.8544160116663164,1.8544160116663164,2.869160443671902,2.0024921714599913,0.01000000000000051,0.11000000000000074,True,True,81.34642354466177,86.21807615979367,4.871652615131893,True,0
426,2007-09-13,87.95,86.10396666217085,-1.8460333378291551,1.8460333378291551,2.7564680719167285,1.8760184212288635,0.01250000000000051,0.11250000000000074,True,True,83.34749859025412,87.97998508339971,4.632486493145592,True,0
427,2007-09-14,86.41,88.05808863485657,1.6480886348565775,-1.6480886348565775,2.5204442707041608,1.862713109695747,0.015000000000000511,0.11500000000000074,True,True,85.53764436415241,89.92080174455232,4.383157380399908,True,0
428,2007-09-17,86.98,86.17494925121058,-0.8050507487894265,0.8050507487894265,2.4979006434349174,1.8460333378291551,0.01750000000000051,0.11750000000000074,True,True,83.67704860777566,88.02098258903973,4.3439339812640725,True,0
429,2007-09-18,87.38,87.03463480621305,-0.34536519378694663,0.34536519378694663,2.101517316241292,1.8339443401867186,0.02000000000000051,0.12000000000000074,True,True,84.93311748997175,88.86857914639977,3.935461656428018,True,0
430,2007-09-19,89.52,87.32608727253655,-2.1939127274634416,2.1939127274634416,2.088200863990096,1.8215103585207544,0.022500000000000513,0.12250000000000075,True,False,85.23788640854646,89.14759763105731,3.9097112225108503,False,1
431,2007-09-20,88.9,89.5901647922319,0.6901647922318972,-0.6901647922318972,1.9226818008104587,4.903928498957427,0.025000000000000515,0.07500000000000075,True,True,87.66748299142145,94.49409329118933,6.826610299767879,True,0
432,2007-09-21,90.29,88.8679355664024,-1.4220644335976118,1.4220644335976118,1.8596070674441876,4.699433799677728,0.027500000000000517,0.07750000000000075,True,True,87.0083284989582,93.56736936608013,6.559040867121922,True,0
433,2007-09-24,91.3,90.29352211808286,-1.0064778819171352,1.0064778819171352,1.8407009268302446,4.36932249805448,0.03000000000000052,0.08000000000000075,True,True,88.45282119125261,94.66284461613733,6.210023424884724,True,0
434,2007-09-25,91.99,91.25623262724876,-0.733767372751231,0.733767372751231,1.6480886348565775,4.1026929623579775,0.03250000000000052,0.08250000000000075,True,True,89.60814399239219,95.35892558960674,5.750781597214555,True,0
435,2007-09-26,94.04,92.21750428132167,-1.82249571867834,1.82249571867834,1.600866048462862,3.820990240605795,0.035000000000000524,0.08500000000000076,True,True,90.6166382328588,96.03849452192746,5.421856289068657,True,0
436,2007-09-27,94.07,94.42684760009287,0.35684760009287686,-0.35684760009287686,1.5546278746113131,2.994318918808233,0.037500000000000526,0.08750000000000076,True,True,92.87221972548156,97.4211665189011,4.548946793419546,True,0
437,2007-09-28,92.77,93.69447643469633,0.9244764346963308,-0.9244764346963308,1.4953256784961795,2.971707345633533,0.04000000000000053,0.09000000000000076,True,True,92.19915075620014,96.66618378032986,4.467033024129719,True,0
438,2007-10-01,93.42,92.24622009744968,-1.1737799025503222,1.1737799025503222,1.4591903755390803,2.7286337238664515,0.04250000000000053,0.09250000000000076,True,True,90.7870297219106,94.97485382131613,4.187824099405532,True,0
439,2007-10-02,93.86,93.70304077905537,-0.15695922094462844,0.15695922094462844,1.4490355711589018,2.588382389875804,0.04500000000000053,0.09500000000000076,True,True,92.25400520789647,96.29142316893117,4.037417961034706,True,0
440,2007-10-03,92.19,93.42997282198093,1.2399728219809276,-1.2399728219809276,1.4113667709634186,2.4672644069102887,0.047500000000000535,0.09750000000000077,True,True,92.01860605101751,95.89723722889121,3.8786311778737,True,0
441,2007-10-04,92.55,91.96319921760451,-0.5868007823954855,0.5868007823954855,1.355365435747082,2.2323908384153412,0.05000000000000054,0.10000000000000077,True,True,90.60783378185744,94.19559005601985,3.587756274162416,True,0
442,2007-10-05,93.55,92.49223694569146,-1.0577630543085377,1.0577630543085377,1.3502678547110278,2.1939127274634416,0.05250000000000054,0.10250000000000077,True,True,91.14196909098044,94.6861496731549,3.5441805821744623,True,0
443,2007-10-08,94.22,93.89211864379425,-0.32788135620575076,0.32788135620575076,1.305240273389174,2.0208942257136755,0.05500000000000054,0.10500000000000077,True,True,92.58687837040507,95.91301286950792,3.3261344991028494,True,0
444,2007-10-09,96.59,94.44825444055937,-2.1417455594406363,2.1417455594406363,1.2876359481463098,2.0024921714599913,0.057500000000000544,0.10750000000000078,True,False,93.16061849241305,96.45074661201936,3.290128119606308,False,1
445,2007-10-10,95.5,96.59714222516934,1.0971422251693355,-1.0971422251693355,1.253775626799353,37.04,0.060000000000000546,0.060000000000000775,True,True,95.34336659836998,133.63714222516933,38.293775626799345,True,0
446,2007-10-11,95.33,95.5077265635665,0.17772656356649463,-0.17772656356649463,1.2535614514740843,36.98,0.06250000000000054,0.06250000000000078,True,True,94.25416511209241,132.4877265635665,38.23356145147409,True,0
447,2007-10-12,89.42,94.43184766553652,5.011847665536521,-5.011847665536521,1.2399728219809276,36.7,0.06500000000000054,0.06500000000000078,False,True,93.1918748435556,131.13184766553653,37.93997282198093,False,1
448,2007-10-15,91.8,89.14181516473583,-2.6581848352641657,2.6581848352641657,2.5204442707041608,13.725655545674073,0.017500000000000543,0.06750000000000078,True,True,86.62137089403167,102.8674707104099,16.246099816378234,True,0
449,2007-10-16,88.69,91.90246711730437,3.212467117304371,-3.212467117304371,2.4979006434349174,8.43241410940513,0.020000000000000545,0.07000000000000078,False,True,89.40456647386945,100.3348812267095,10.930314752840047,False,1
450,2007-10-17,91.9,88.4068605132436,-3.493139486756405,3.493139486756405,inf,4.903928498957427,-0.027499999999999455,0.07250000000000079,True,True,-inf,93.31078901220103,inf,True,0
451,2007-10-18,89.37,91.92622677015486,2.5562267701548507,-2.5562267701548507,inf,4.699433799677728,-0.024999999999999453,0.07500000000000079,True,True,-inf,96.62566056983258,inf,True,0
452,2007-10-19,89.93,89.20246051318708,-0.7275394868129297,0.7275394868129297,inf,4.36932249805448,-0.02249999999999945,0.07750000000000079,True,True,-inf,93.57178301124156,inf,True,0
453,2007-10-22,89.25,90.05267688401213,0.8026768840121292,-0.8026768840121292,inf,3.820990240605795,-0.01999999999999945,0.08000000000000079,True,True,-inf,93.87366712461792,inf,True,0
454,2007-10-23,95.28,88.6797865066935,-6.600213493306498,6.600213493306498,inf,3.493139486756405,-0.017499999999999447,0.0825000000000008,True,False,-inf,92.17292599344991,inf,False,1
455,2007-10-24,90.87,95.56227002724073,4.692270027240724,-4.692270027240724,inf,43.05,-0.014999999999999446,0.035000000000000794,True,True,-inf,138.61227002724073,inf,True,0
456,2007-10-25,88.23,90.63815958120873,2.4081595812087215,-2.4081595812087215,inf,42.95,-0.012499999999999446,0.0375000000000008,True,True,-inf,133.58815958120874,inf,True,0
457,2007-10-26,89.0,88.01704186051023,-0.9829581394897673,0.9829581394897673,inf,42.92,-0.009999999999999445,0.0400000000000008,True,True,-inf,130.93704186051025,inf,True,0
458,2007-10-29,90.41,88.9259281762317,-1.4840718237683035,1.4840718237683035,inf,42.84,-0.007499999999999445,0.0425000000000008,True,True,-inf,131.76592817623168,inf,True,0
459,2007-10-30,89.67,90.72383684264496,1.0538368426449551,-1.0538368426449551,inf,42.66,-0.004999999999999444,0.0450000000000008,True,True,-inf,133.38383684264494,inf,True,0
460,2007-10-31,88.05,89.0505055305335,1.000505530533502,-1.000505530533502,inf,42.19,-0.0024999999999994436,0.047500000000000805,True,True,-inf,131.24050553053348,inf,True,0
461,2007-11-01,87.75,88.15877846138335,0.40877846138334917,-0.40877846138334917,inf,37.34,5.568462357885551e-16,0.05000000000000081,True,True,-inf,125.49877846138335,inf,True,0
462,2007-11-02,87.97,87.86566201410079,-0.10433798589920684,0.10433798589920684,5.2353533948385795,37.25,0.0025000000000005573,0.05250000000000081,True,True,82.63030861926221,125.11566201410079,42.48535339483858,True,0
463,2007-11-05,84.35,87.83298958391372,3.482989583913721,-3.482989583913721,5.011847665536521,37.08,0.005000000000000558,0.05500000000000081,True,True,82.8211419183772,124.91298958391371,42.09184766553652,True,0
464,2007-11-06,84.61,84.10007003581352,-0.5099299641864832,0.5099299641864832,4.692270027240724,37.04,0.007500000000000558,0.057500000000000814,True,True,79.40780000857279,121.14007003581352,41.73227002724073,True,0
465,2007-11-07,86.41,84.52222624988939,-1.887773750110611,1.887773750110611,3.482989583913721,36.98,0.010000000000000559,0.06000000000000082,True,True,81.03923666597566,121.50222624988939,40.462989583913725,True,0
466,2007-11-08,86.8,86.39816238670056,-0.4018376132994348,0.4018376132994348,3.37239714451394,36.7,0.01250000000000056,0.06250000000000082,True,True,83.02576524218662,123.09816238670057,40.07239714451394,True,0
467,2007-11-09,82.42,86.7220294479729,4.302029447972899,-4.302029447972899,3.212467117304371,13.725655545674073,0.01500000000000056,0.06500000000000082,False,True,83.50956233066853,100.44768499364697,16.938122662978444,False,1
468,2007-11-12,78.26,82.14740144596747,3.8874014459674697,-3.8874014459674697,inf,8.43241410940513,-0.03249999999999944,0.06750000000000082,True,True,-inf,90.5798155553726,inf,True,0
469,2007-11-13,77.91,78.05420648949614,0.1442064894961419,-0.1442064894961419,inf,6.600213493306498,-0.029999999999999437,0.07000000000000083,True,True,-inf,84.65441998280264,inf,True,0
470,2007-11-14,80.4,77.8897963252227,-2.5102036747773013,2.5102036747773013,inf,4.699433799677728,-0.027499999999999435,0.07250000000000083,True,True,-inf,82.58923012490044,inf,True,0
471,2007-11-15,79.43,80.52108188810398,1.0910818881039717,-1.0910818881039717,inf,4.36932249805448,-0.024999999999999432,0.07500000000000083,True,True,-inf,84.89040438615845,inf,True,0
472,2007-11-16,77.01,79.34172292359878,2.3317229235987753,-2.3317229235987753,inf,4.1026929623579775,-0.02249999999999943,0.07750000000000083,True,True,-inf,83.44441588595676,inf,True,0
473,2007-11-19,78.83,76.87533144359254,-1.954668556407455,1.954668556407455,inf,3.820990240605795,-0.019999999999999428,0.08000000000000083,True,True,-inf,80.69632168419834,inf,True,0
474,2007-11-20,79.86,78.93463581888162,-0.9253641811183826,0.9253641811183826,inf,3.2396490463103618,-0.017499999999999426,0.08250000000000084,True,True,-inf,82.17428486519198,inf,True,0
475,2007-11-21,79.24,79.8691729471077,0.6291729471077048,-0.6291729471077048,inf,2.994318918808233,-0.014999999999999425,0.08500000000000084,True,True,-inf,82.86349186591593,inf,True,0
476,2007-11-23,80.11,79.17695111764704,-0.9330488823529635,0.9330488823529635,inf,2.971707345633533,-0.012499999999999425,0.08750000000000084,True,True,-inf,82.14865846328057,inf,True,0
477,2007-11-26,82.3,80.14823178327129,-2.151768216728712,2.151768216728712,inf,2.7286337238664515,-0.009999999999999424,0.09000000000000084,True,True,-inf,82.87686550713774,inf,True,0
478,2007-11-27,82.92,82.39115113671565,-0.5288488632843524,0.5288488632843524,inf,2.588382389875804,-0.007499999999999424,0.09250000000000085,True,True,-inf,84.97953352659145,inf,True,0
479,2007-11-28,87.55,82.91386053239322,-4.636139467606782,4.636139467606782,inf,2.5102036747773013,-0.004999999999999423,0.09500000000000085,True,False,-inf,85.42406420717052,inf,False,1
480,2007-11-29,89.89,88.2231052786516,-1.6668947213483989,1.6668947213483989,inf,37.61,-0.002499999999999423,0.04750000000000085,True,True,-inf,125.8331052786516,inf,True,0
481,2007-11-30,90.56,90.15298266836342,-0.40701733163658105,0.40701733163658105,inf,37.25,5.776629175002768e-16,0.05000000000000085,True,True,-inf,127.40298266836342,inf,True,0
482,2007-12-03,90.03,90.6836459951483,0.6536459951482954,-0.6536459951482954,5.2353533948385795,37.08,0.002500000000000578,0.05250000000000085,True,True,85.44829260030971,127.7636459951483,42.31535339483858,True,0
483,2007-12-04,90.04,89.90090775931009,-0.13909224068991932,0.13909224068991932,5.011847665536521,37.04,0.005000000000000579,0.055000000000000854,True,True,84.88906009377357,126.94090775931008,42.05184766553651,True,0
484,2007-12-05,94.99,89.96158873888315,-5.028411261116844,5.028411261116844,4.692270027240724,36.98,0.007500000000000579,0.057500000000000856,True,True,85.26931871164243,126.94158873888315,41.67227002724073,True,0
485,2007-12-06,93.28,94.55825133333686,1.2782513333368541,-1.2782513333368541,4.302029447972899,36.7,0.01000000000000058,0.06000000000000086,True,True,90.25622188536396,131.25825133333686,41.0020294479729,True,0
486,2007-12-07,94.56,93.24130837273349,-1.3186916272665172,1.3186916272665172,3.482989583913721,13.725655545674073,0.01250000000000058,0.06250000000000086,True,True,89.75831878881976,106.96696391840756,17.208645129587794,True,0
487,2007-12-10,94.31,94.95740296488073,0.647402964880726,-0.647402964880726,3.37239714451394,8.43241410940513,0.01500000000000058,0.06500000000000086,True,True,91.58500582036679,103.38981707428586,11.80481125391907,True,0
488,2007-12-11,93.1,94.19220414845043,1.0922041484504348,-1.0922041484504348,3.212467117304371,6.600213493306498,0.01750000000000058,0.06750000000000086,True,True,90.97973703114606,100.79241764175693,9.812680610610869,True,0
489,2007-12-12,92.84,92.95039850694332,0.11039850694331221,-0.11039850694331221,2.9413746145605835,4.903928498957427,0.02000000000000058,0.07000000000000087,True,True,90.00902389238273,97.85432700590074,7.845303113518014,True,0
490,2007-12-13,91.05,92.89634299241199,1.8463429924119907,-1.8463429924119907,2.7564680719167285,4.699433799677728,0.022500000000000582,0.07250000000000087,True,True,90.13987492049526,97.59577679208971,7.455901871594449,True,0
491,2007-12-14,90.77,91.21481617148306,0.44481617148306896,-0.44481617148306896,2.5562267701548507,4.636139467606782,0.025000000000000584,0.07500000000000087,True,True,88.65858940132821,95.85095563908985,7.192366237761632,True,0
492,2007-12-17,89.01,90.92980898548704,1.9198089854870375,-1.9198089854870375,2.5204442707041608,4.1026929623579775,0.027500000000000586,0.07750000000000087,True,True,88.40936471478288,95.03250194784502,6.623137233062138,True,0
493,2007-12-18,85.83,88.88197312196009,3.0519731219600885,-3.0519731219600885,2.4979006434349174,3.820990240605795,0.03000000000000059,0.08000000000000088,False,True,86.38407247852517,92.70296336256588,6.318890884040712,False,1
494,2007-12-19,86.94,85.67148167078983,-1.268518329210167,1.268518329210167,inf,3.493139486756405,-0.017499999999999412,0.08250000000000088,True,True,-inf,89.16462115754624,inf,True,0
495,2007-12-20,90.14,86.95582305128183,-3.184176948718175,3.184176948718175,inf,3.2396490463103618,-0.014999999999999411,0.08500000000000088,True,True,-inf,90.19547209759219,inf,True,0
496,2007-12-21,91.47,90.21317505680832,-1.256824943191674,1.256824943191674,inf,2.994318918808233,-0.012499999999999411,0.08750000000000088,True,True,-inf,93.20749397561656,inf,True,0
497,2007-12-24,91.05,91.61610410205301,0.5661041020530178,-0.5661041020530178,inf,2.971707345633533,-0.00999999999999941,0.09000000000000088,True,True,-inf,94.58781144768655,inf,True,0
498,2007-12-26,91.48,91.08040463952192,-0.39959536047808797,0.39959536047808797,inf,2.7286337238664515,-0.00749999999999941,0.09250000000000089,True,True,-inf,93.80903836338837,inf,True,0
499,2007-12-27,92.67,91.41716287342575,-1.2528371265742493,1.2528371265742493,inf,2.588382389875804,-0.004999999999999409,0.09500000000000089,True,True,-inf,94.00554526330156,inf,True,0
500,2007-12-28,95.27,92.63987542659228,-2.6301245734077128,2.6301245734077128,inf,2.5102036747773013,-0.002499999999999409,0.09750000000000089,True,False,-inf,95.15007910136958,inf,False,1
501,2007-12-31,93.81,95.41144528936651,1.6014452893665094,-1.6014452893665094,inf,37.08,5.915407053080912e-16,0.05000000000000089,True,True,-inf,132.4914452893665,inf,True,0
502,2008-01-02,95.35,93.73443956150248,-1.6155604384975106,1.6155604384975106,5.2353533948385795,37.04,0.002500000000000592,0.05250000000000089,True,True,88.4990861666639,130.77443956150248,42.275353394838575,True,0
503,2008-01-03,96.06,95.22422589387945,-0.835774106120553,0.835774106120553,5.011847665536521,36.98,0.0050000000000005925,0.055000000000000895,True,True,90.21237822834293,132.20422589387945,41.991847665536525,True,0
504,2008-01-04,93.26,96.00049783077309,2.74049783077308,-2.74049783077308,4.692270027240724,36.7,0.007500000000000593,0.0575000000000009,True,True,91.30822780353236,132.7004978307731,41.39227002724073,True,0
505,2008-01-07,88.62,93.02058123988502,4.400581239885014,-4.400581239885014,3.8874014459674697,13.725655545674073,0.010000000000000593,0.0600000000000009,False,True,89.13317979391755,106.74623678555909,17.613056991641542,False,1
506,2008-01-08,87.55,88.41274689510065,0.8627468951006563,-0.8627468951006563,inf,8.43241410940513,-0.03749999999999941,0.0625000000000009,True,True,-inf,96.84516100450578,inf,True,0
507,2008-01-09,87.56,87.53908272793034,-0.020917272069667092,0.020917272069667092,inf,6.600213493306498,-0.03499999999999941,0.0650000000000009,True,True,-inf,94.13929622123683,inf,True,0
508,2008-01-10,83.98,87.5695050947564,3.5895050947563902,-3.5895050947563902,inf,4.903928498957427,-0.032499999999999404,0.0675000000000009,True,True,-inf,92.47343359371382,inf,True,0
509,2008-01-11,84.03,83.75322983875088,-0.276770161249118,0.276770161249118,inf,4.699433799677728,-0.029999999999999402,0.07000000000000091,True,True,-inf,88.45266363842862,inf,True,0
510,2008-01-14,82.18,84.05129231398668,1.8712923139866717,-1.8712923139866717,inf,4.636139467606782,-0.0274999999999994,0.07250000000000091,True,True,-inf,88.68743178159346,inf,True,0
511,2008-01-15,80.48,82.04676283247393,1.566762832473927,-1.566762832473927,inf,4.1026929623579775,-0.024999999999999398,0.07500000000000091,True,True,-inf,86.14945579483191,inf,True,0
512,2008-01-16,79.58,80.36295317956677,0.7829531795667748,-0.7829531795667748,inf,3.820990240605795,-0.022499999999999395,0.07750000000000092,True,True,-inf,84.18394342017257,inf,True,0
513,2008-01-17,80.16,79.50556191308908,-0.6544380869109148,0.6544380869109148,inf,3.493139486756405,-0.019999999999999393,0.08000000000000092,True,True,-inf,82.99870139984549,inf,True,0
514,2008-01-18,79.93,80.17133290335535,0.2413329033553424,-0.2413329033553424,inf,3.184176948718175,-0.01749999999999939,0.08250000000000092,True,True,-inf,83.35550985207352,inf,True,0
515,2008-01-22,73.58,79.88050651452134,6.300506514521345,-6.300506514521345,inf,2.994318918808233,-0.01499999999999939,0.08500000000000092,True,True,-inf,82.87482543332958,inf,True,0
516,2008-01-23,75.6,73.16832756205237,-2.4316724379476256,2.4316724379476256,inf,2.7286337238664515,-0.01249999999999939,0.08750000000000092,True,True,-inf,75.89696128591882,inf,True,0
517,2008-01-24,74.53,75.72747522277177,1.1974752227717715,-1.1974752227717715,inf,2.6581848352641657,-0.00999999999999939,0.09000000000000093,True,True,-inf,78.38566005803594,inf,True,0
518,2008-01-25,78.69,74.42579087450993,-4.264209125490069,4.264209125490069,inf,2.6301245734077128,-0.007499999999999389,0.09250000000000093,True,False,-inf,77.05591544791764,inf,False,1
519,2008-01-28,76.91,78.86815536019192,1.958155360191924,-1.958155360191924,inf,37.34,-0.004999999999999389,0.04500000000000093,True,True,-inf,116.20815536019192,inf,True,0
520,2008-01-29,75.77,76.79391127803143,1.0239112780314343,-1.0239112780314343,inf,37.25,-0.002499999999999388,0.04750000000000093,True,True,-inf,114.04391127803143,inf,True,0
521,2008-01-30,73.54,75.6807792648143,2.1407792648142987,-2.1407792648142987,inf,37.04,6.123573870198129e-16,0.05000000000000093,True,True,-inf,112.7207792648143,inf,True,0
522,2008-01-31,68.91,73.39360833969488,4.483608339694882,-4.483608339694882,5.545091823505189,36.98,0.002500000000000613,0.052500000000000935,True,True,67.84851651618969,110.37360833969487,42.52509182350518,True,0
523,2008-02-01,79.02,68.62405378878888,-10.395946211211111,10.395946211211111,5.2353533948385795,36.7,0.005000000000000613,0.05500000000000094,True,True,63.3887003939503,105.32405378878889,41.935353394838586,True,0
524,2008-02-04,74.5,79.33114664980475,4.831146649804751,-4.831146649804751,5.011847665536521,13.725655545674073,0.007500000000000614,0.05750000000000094,True,True,74.31929898426823,93.05680219547882,18.737503211210594,True,0
525,2008-02-05,72.8,74.47727569605735,1.6772756960573503,-1.6772756960573503,4.692270027240724,10.395946211211111,0.010000000000000614,0.06000000000000094,True,True,69.78500566881662,84.87322190726846,15.088216238451835,True,0
526,2008-02-06,72.3,72.75993077343416,0.45993077343416644,-0.45993077343416644,4.483608339694882,8.43241410940513,0.012500000000000615,0.06250000000000094,True,True,68.27632243373928,81.1923448828393,12.916022449100012,True,0
527,2008-02-07,67.37,72.25912213772831,4.889122137728307,-4.889122137728307,4.400581239885014,5.028411261116844,0.015000000000000615,0.06500000000000095,False,True,67.8585408978433,77.28753339884516,9.428992501001858,False,1
528,2008-02-08,73.4,67.27683141874063,-6.123168581259378,6.123168581259378,inf,4.903928498957427,-0.032499999999999384,0.06750000000000095,True,False,-inf,72.18075991769805,inf,False,1
529,2008-02-11,73.14,73.32913002854622,0.18913002854621652,-0.18913002854621652,inf,43.55,-0.02999999999999938,0.020000000000000948,True,True,-inf,116.87913002854621,inf,True,0
530,2008-02-12,75.43,73.10220164584413,-2.327798354155874,2.327798354155874,inf,43.5,-0.02749999999999938,0.02250000000000095,True,True,-inf,116.60220164584413,inf,True,0
531,2008-02-13,74.99,75.37315858500392,0.3831585850039261,-0.3831585850039261,inf,43.23,-0.024999999999999377,0.025000000000000952,True,True,-inf,118.60315858500391,inf,True,0
532,2008-02-14,77.73,74.96692936708726,-2.7630706329127435,2.7630706329127435,inf,43.18,-0.022499999999999375,0.027500000000000954,True,True,-inf,118.14692936708727,inf,True,0
533,2008-02-15,75.0,77.6662265802286,2.666226580228596,-2.666226580228596,inf,43.05,-0.019999999999999372,0.030000000000000956,True,True,-inf,120.7162265802286,inf,True,0
534,2008-02-19,73.54,75.01111749919778,1.4711174991977742,-1.4711174991977742,inf,42.95,-0.01749999999999937,0.03250000000000096,True,True,-inf,117.96111749919778,inf,True,0
535,2008-02-20,71.9,73.48547063960683,1.5854706396068252,-1.5854706396068252,inf,42.92,-0.01499999999999937,0.03500000000000096,True,True,-inf,116.40547063960683,inf,True,0
536,2008-02-21,73.94,71.85274375301668,-2.0872562469833156,2.0872562469833156,inf,42.66,-0.01249999999999937,0.03750000000000096,True,True,-inf,114.51274375301668,inf,True,0
537,2008-02-22,70.54,73.86458345614663,3.3245834561466268,-3.3245834561466268,inf,42.19,-0.009999999999999369,0.040000000000000965,True,True,-inf,116.05458345614663,inf,True,0
538,2008-02-25,72.35,70.5591446705023,-1.7908553294976883,1.7908553294976883,inf,37.61,-0.007499999999999368,0.04250000000000097,True,True,-inf,108.1691446705023,inf,True,0
539,2008-02-26,71.91,72.23485698253256,0.324856982532566,-0.324856982532566,inf,37.25,-0.004999999999999368,0.04500000000000097,True,True,-inf,109.48485698253256,inf,True,0
540,2008-02-27,70.68,71.89950242911318,1.2195024291131773,-1.2195024291131773,inf,37.08,-0.0024999999999993673,0.04750000000000097,True,True,-inf,108.97950242911318,inf,True,0
541,2008-02-28,70.3,70.64984329191063,0.3498432919106307,-0.3498432919106307,inf,36.98,6.331740687315346e-16,0.050000000000000974,True,True,-inf,107.62984329191062,inf,True,0
542,2008-02-29,67.01,70.24777378249271,3.2377737824927095,-3.2377737824927095,5.545091823505189,36.7,0.0025000000000006337,0.052500000000000976,True,True,64.70268195898753,106.94777378249272,42.24509182350519,True,0
543,2008-03-03,63.59,67.00832456186664,3.4183245618666405,-3.4183245618666405,5.2353533948385795,36.7,0.005000000000000634,0.05500000000000098,True,True,61.77297116702806,103.70832456186665,41.935353394838586,True,0
544,2008-03-04,61.67,63.529858538793405,1.8598585387934037,-1.8598585387934037,4.889122137728307,10.395946211211111,0.007500000000000635,0.05750000000000098,True,True,58.6407364010651,73.92580475000452,15.285068348939419,True,0
545,2008-03-05,65.66,61.58157914267396,-4.078420857326037,4.078420857326037,4.831146649804751,8.43241410940513,0.010000000000000635,0.06000000000000098,True,True,56.75043249286921,70.01399325207909,13.26356075920988,True,0
546,2008-03-06,64.75,65.56684106408247,0.8168410640824675,-0.8168410640824675,4.692270027240724,6.123168581259378,0.012500000000000636,0.06250000000000099,True,True,60.87457103684174,71.69000964534185,10.815438608500102,True,0
547,2008-03-07,62.2,64.77391538396851,2.5739153839685116,-2.5739153839685116,4.400581239885014,5.028411261116844,0.015000000000000636,0.06500000000000099,True,True,60.3733341440835,69.80232664508536,9.428992501001858,True,0
548,2008-03-10,63.9,62.184756830929295,-1.7152431690707033,1.7152431690707033,4.302029447972899,4.903928498957427,0.017500000000000637,0.06750000000000099,True,True,57.882727382956396,67.08868532988672,9.205957946930319,True,0
549,2008-03-11,65.95,63.83294659033099,-2.117053409669012,2.117053409669012,3.8874014459674697,4.636139467606782,0.020000000000000635,0.07000000000000099,True,True,59.94554514436352,68.46908605793777,8.523540913574251,True,0
550,2008-03-12,66.77,65.89784015412714,-0.8721598458728579,0.8721598458728579,3.482989583913721,4.36932249805448,0.022500000000000638,0.072500000000001,True,True,62.41485057021342,70.26716265218161,7.8523120819681935,True,0
551,2008-03-13,65.11,66.73132515211257,1.6213251521125756,-1.6213251521125756,3.4183245618666405,4.1026929623579775,0.02500000000000064,0.075000000000001,True,True,63.313000590245935,70.83401811447055,7.521017524224618,True,0
552,2008-03-14,68.61,65.08969200877031,-3.5203079912296857,3.5203079912296857,3.3245834561466268,4.078420857326037,0.027500000000000642,0.077500000000001,True,True,61.76510855262369,69.16811286609635,7.403004313472664,True,0
553,2008-03-17,65.72,68.52082416131421,2.8008241613142104,-2.8008241613142104,3.2377737824927095,3.5203079912296857,0.030000000000000644,0.080000000000001,True,True,65.2830503788215,72.0411321525439,6.758081773722395,True,0
554,2008-03-18,68.25,65.74954892171097,-2.500451078289032,2.500451078289032,3.212467117304371,3.493139486756405,0.032500000000000646,0.082500000000001,True,True,62.5370818044066,69.24268840846737,6.705606604060776,True,0
555,2008-03-19,71.1,68.12687213033759,-2.973127869662406,2.973127869662406,2.9413746145605835,3.184176948718175,0.03500000000000065,0.085000000000001,True,True,65.185497515777,71.31104907905576,6.125551563278762,True,0
556,2008-03-20,70.17,71.02040028131006,0.8504002813100584,-0.8504002813100584,2.869160443671902,2.994318918808233,0.03750000000000065,0.08750000000000101,True,True,68.15123983763816,74.0147192001183,5.863479362480135,True,0
557,2008-03-24,73.82,70.15666608211471,-3.663333917885282,3.663333917885282,2.7564680719167285,2.971707345633533,0.04000000000000065,0.09000000000000101,True,False,67.40019801019798,73.12837342774824,5.728175417550261,False,1
558,2008-03-25,75.83,73.69040825554455,-2.139591744455444,2.139591744455444,2.74049783077308,37.34,0.042500000000000655,0.04250000000000101,True,True,70.94991042477147,111.03040825554456,40.08049783077308,True,0
559,2008-03-26,74.14,75.78072286013699,1.6407228601369894,-1.6407228601369894,2.5739153839685116,37.08,0.04500000000000066,0.04500000000000101,True,True,73.20680747616848,112.86072286013699,39.65391538396851,True,0
560,2008-03-27,74.37,74.13548985131148,-0.23451014868852837,0.23451014868852837,2.5562267701548507,37.04,0.04750000000000066,0.047500000000001014,True,True,71.57926308115663,111.17548985131148,39.59622677015486,True,0
561,2008-03-28,71.0,74.3100031131812,3.310003113181196,-3.310003113181196,2.4979006434349174,36.7,0.05000000000000066,0.050000000000001016,False,True,71.81210246974628,111.0100031131812,39.19790064343492,False,1
562,2008-03-31,70.25,71.01797498220563,0.7679749822056294,-0.7679749822056294,5.545091823505189,36.7,0.0025000000000006614,0.05250000000000102,True,True,65.47288315870044,107.71797498220563,42.24509182350519,True,0
563,2008-04-01,72.99,70.19203216669659,-2.797967833303403,2.797967833303403,5.2353533948385795,13.725655545674073,0.005000000000000662,0.05500000000000102,True,True,64.95667877185801,83.91768771237066,18.961008940512656,True,0
564,2008-04-02,77.08,72.89001502902835,-4.189984970971651,4.189984970971651,4.889122137728307,8.43241410940513,0.007500000000000662,0.05750000000000102,True,True,68.00089289130004,81.32242913843348,13.321536247133437,True,0
565,2008-04-03,75.15,76.98304606951571,1.833046069515703,-1.833046069515703,4.831146649804751,6.600213493306498,0.010000000000000663,0.060000000000001025,True,True,72.15189941971096,83.5832595628222,11.431360143111249,True,0
566,2008-04-04,75.26,75.13685696680442,-0.12314303319558917,0.12314303319558917,4.483608339694882,5.028411261116844,0.012500000000000663,0.06250000000000103,True,True,70.65324862710953,80.16526822792126,9.512019600811726,True,0
567,2008-04-07,77.36,75.2099175524926,-2.150082447507401,2.150082447507401,4.400581239885014,4.903928498957427,0.015000000000000664,0.06500000000000103,True,True,70.80933631260758,80.11384605145003,9.304509738842441,True,0
568,2008-04-08,76.4,77.27754955273498,0.8775495527349761,-0.8775495527349761,4.302029447972899,4.636139467606782,0.017500000000000664,0.06750000000000103,True,True,72.97552010476208,81.91368902034176,8.93816891557968,True,0
569,2008-04-09,76.56,76.36767052013002,-0.19232947986998283,0.19232947986998283,3.5895050947563902,4.36932249805448,0.020000000000000663,0.07000000000000103,True,True,72.77816542537363,80.7369930181845,7.958827592810877,True,0
570,2008-04-10,74.48,76.5112637921441,2.0312637921441024,-2.0312637921441024,3.482989583913721,4.189984970971651,0.022500000000000665,0.07250000000000104,True,True,73.02827420823039,80.70124876311576,7.672974554885371,True,0
571,2008-04-11,73.84,74.46932050307957,0.629320503079569,-0.629320503079569,3.37239714451394,4.1026929623579775,0.025000000000000668,0.07500000000000104,True,True,71.09692335856563,78.57201346543755,7.475090106871917,True,0
572,2008-04-14,71.7,73.80457205052207,2.1045720505220658,-2.1045720505220658,3.3245834561466268,3.820990240605795,0.02750000000000067,0.07750000000000104,True,True,70.47998859437544,77.62556229112786,7.145573696752422,True,0
573,2008-04-15,72.97,71.68809833996349,-1.2819016600365103,1.2819016600365103,3.2377737824927095,3.663333917885282,0.030000000000000672,0.08000000000000104,True,True,68.45032455747078,75.35143225784877,6.901107700377992,True,0
574,2008-04-16,73.02,72.89867722562573,-0.12132277437426353,0.12132277437426353,3.212467117304371,3.493139486756405,0.032500000000000674,0.08250000000000104,True,True,69.68621010832136,76.39181671238214,6.705606604060776,True,0
575,2008-04-17,74.18,72.97513051887523,-1.2048694811247742,1.2048694811247742,2.9413746145605835,3.2396490463103618,0.035000000000000676,0.08500000000000105,True,True,70.03375590431465,76.2147795651856,6.181023660870949,True,0
576,2008-04-18,76.48,74.11325305391787,-2.366746946082131,2.366746946082131,2.869160443671902,2.994318918808233,0.03750000000000068,0.08750000000000105,True,True,71.24409261024597,77.1075719727261,5.863479362480135,True,0
577,2008-04-21,80.03,76.39668026524718,-3.633319734752817,3.633319734752817,2.7564680719167285,2.973127869662406,0.04000000000000068,0.09000000000000105,True,False,73.64021219333046,79.36980813490959,5.729595941579134,False,1
578,2008-04-22,79.94,79.94273817934125,0.002738179341250202,-0.002738179341250202,2.74049783077308,37.25,0.04250000000000068,0.04250000000000105,True,True,77.20224034856817,117.19273817934125,39.99049783077308,True,0
579,2008-04-23,80.3,79.90628150550832,-0.3937184944916794,0.3937184944916794,2.5739153839685116,37.04,0.045000000000000685,0.04500000000000105,True,True,77.3323661215398,116.94628150550832,39.61391538396852,True,0
580,2008-04-24,77.71,80.24719133290964,2.537191332909643,-2.537191332909643,2.5562267701548507,36.98,0.04750000000000069,0.047500000000001055,True,True,77.69096456275479,117.22719133290963,39.53622677015484,True,0
581,2008-04-25,77.81,77.69732941671104,-0.11267058328895985,0.11267058328895985,2.5204442707041608,36.7,0.05000000000000069,0.05000000000000106,True,True,75.17688514600688,114.39732941671105,39.220444270704164,True,0
582,2008-04-28,80.64,77.74936664073685,-2.8906333592631483,2.8906333592631483,2.4979006434349174,13.725655545674073,0.05250000000000069,0.05250000000000106,True,True,75.25146599730193,91.47502218641092,16.22355618910899,True,0
583,2008-04-29,81.42,80.55327708354564,-0.8667229164543642,0.8667229164543642,2.3317229235987753,8.43241410940513,0.055000000000000694,0.05500000000000106,True,True,78.22155415994686,88.98569119295077,10.764137033003905,True,0
584,2008-04-30,80.9,81.36700453332239,0.4670045333223811,-0.4670045333223811,2.1407792648142987,6.600213493306498,0.057500000000000696,0.057500000000001064,True,True,79.22622526850809,87.96721802662888,8.740992758120797,True,0
585,2008-05-01,78.4,80.8601045658625,2.460104565862494,-2.460104565862494,2.101517316241292,5.028411261116844,0.0600000000000007,0.060000000000001066,False,True,78.7585872496212,85.88851582697934,7.129928577358143,False,1
586,2008-05-02,80.3,78.38190837849545,-1.9180916215045443,1.9180916215045443,4.483608339694882,4.903928498957427,0.012500000000000698,0.06250000000000107,True,True,73.89830003880057,83.28583687745288,9.38753683865231,True,0
587,2008-05-05,77.27,80.22499697761846,2.954996977618464,-2.954996977618464,4.400581239885014,4.636139467606782,0.015000000000000699,0.06500000000000107,True,True,75.82441573773345,84.86113644522524,9.036720707491796,True,0
588,2008-05-06,75.51,77.27419607535535,1.7641960753553434,-1.7641960753553434,3.8874014459674697,4.36932249805448,0.0175000000000007,0.06750000000000107,True,True,73.38679462938788,81.64351857340984,8.256723944021957,True,0
589,2008-05-07,75.26,75.48163450349966,0.22163450349965785,-0.22163450349965785,3.5895050947563902,4.189984970971651,0.020000000000000698,0.07000000000000108,True,True,71.89212940874327,79.67161947447131,7.779490065728041,True,0
590,2008-05-08,73.73,75.21238287539434,1.482382875394336,-1.482382875394336,3.4183245618666405,4.1026929623579775,0.0225000000000007,0.07250000000000108,True,True,71.7940583135277,79.31507583775232,7.521017524224618,True,0
591,2008-05-09,72.2,73.70301386940248,1.50301386940248,-1.50301386940248,3.37239714451394,3.820990240605795,0.025000000000000702,0.07500000000000108,True,True,70.33061672488854,77.52400411000828,7.193387385119735,True,0
592,2008-05-12,73.0,72.16889113795865,-0.8311088620413472,0.8311088620413472,3.310003113181196,3.663333917885282,0.027500000000000704,0.07750000000000108,True,True,68.85888802477746,75.83222505584394,6.973337031066478,True,0
593,2008-05-13,74.57,72.93928702626755,-1.630712973732443,1.630712973732443,3.2377737824927095,3.5203079912296857,0.030000000000000707,0.08000000000000108,True,True,69.70151324377484,76.45959501749724,6.758081773722395,True,0
594,2008-05-14,74.92,74.50376097136449,-0.4162390286355162,0.4162390286355162,3.0519731219600885,3.493139486756405,0.03250000000000071,0.08250000000000109,True,True,71.4517878494044,77.99690045812089,6.545112608716494,True,0
595,2008-05-15,73.89,74.87070131052258,0.9807013105225764,-0.9807013105225764,2.954996977618464,3.184176948718175,0.03500000000000071,0.08500000000000109,True,True,71.91570433290411,78.05487825924075,6.139173926336639,True,0
596,2008-05-16,76.42,73.85646445131566,-2.5635355486843423,2.5635355486843423,2.869160443671902,2.973127869662406,0.03750000000000071,0.08750000000000109,True,True,70.98730400764376,76.82959232097807,5.842288313334308,True,0
597,2008-05-19,79.01,76.33498975357264,-2.6750102464273624,2.6750102464273624,2.8008241613142104,2.971707345633533,0.040000000000000716,0.09000000000000109,True,True,73.53416559225843,79.30669709920618,5.772531506947743,True,0
598,2008-05-20,82.17,78.93177849564404,-3.2382215043559626,3.2382215043559626,2.74049783077308,2.797967833303403,0.04250000000000072,0.0925000000000011,True,False,76.19128066487096,81.72974632894744,5.538465664076483,False,1
599,2008-05-21,80.37,82.1021892124647,1.7321892124646894,-1.7321892124646894,2.666226580228596,37.04,0.04500000000000072,0.045000000000001095,True,True,79.4359626322361,119.1421892124647,39.7062265802286,True,0
600,2008-05-22,78.68,80.34346051181515,1.6634605118151455,-1.6634605118151455,2.5562267701548507,36.7,0.04750000000000072,0.0475000000000011,True,True,77.7872337416603,117.04346051181516,39.25622677015485,True,0
601,2008-05-23,78.55,78.64549597526896,0.09549597526896036,-0.09549597526896036,2.5204442707041608,13.725655545674073,0.050000000000000724,0.0500000000000011,True,True,76.1250517045648,92.37115152094303,16.246099816378234,True,0
602,2008-05-27,78.26,78.50142968933481,0.24142968933480802,-0.24142968933480802,2.4979006434349174,10.395946211211111,0.05250000000000073,0.0525000000000011,True,True,76.0035290458999,88.89737590054592,12.893846854646029,True,0
603,2008-05-28,80.73,78.21292743093088,-2.5170725690691285,2.5170725690691285,2.4081595812087215,6.600213493306498,0.05500000000000073,0.055000000000001104,True,True,75.80476784972215,84.81314092423737,9.00837307451522,True,0
604,2008-05-29,80.61,80.65682136484425,0.04682136484424859,-0.04682136484424859,2.3317229235987753,6.123168581259378,0.05750000000000073,0.057500000000001106,True,True,78.32509844124547,86.77998994610363,8.454891504858153,True,0
605,2008-05-30,80.58,80.5612552643877,-0.01874473561230161,0.01874473561230161,2.1045720505220658,4.903928498957427,0.06000000000000073,0.06000000000000111,True,True,78.45668321386563,85.46518376334512,7.008500549479493,True,0
606,2008-06-02,81.15,80.53057173623041,-0.619428263769592,0.619428263769592,2.101517316241292,4.699433799677728,0.06250000000000074,0.06250000000000111,True,True,78.42905441998911,85.23000553590813,6.80095111591902,True,0
607,2008-06-03,80.71,81.09505370034705,0.38505370034705777,-0.38505370034705777,2.0312637921441024,4.36932249805448,0.06500000000000074,0.06500000000000111,True,True,79.06378990820295,85.46437619840154,6.400586290198589,True,0
608,2008-06-04,80.11,80.66449503558955,0.5544950355895537,-0.5544950355895537,1.958155360191924,4.264209125490069,0.06750000000000074,0.06750000000000111,True,True,78.70633967539763,84.92870416107962,6.222364485681993,True,0
609,2008-06-05,82.11,80.06600166859842,-2.043998331401582,2.043998331401582,1.9198089854870375,4.1026929623579775,0.07000000000000074,0.07000000000000112,True,True,78.14619268311138,84.1686946309564,6.022501947845015,True,0
610,2008-06-06,83.24,82.04115808296797,-1.198841917032027,1.198841917032027,1.8598585387934037,3.820990240605795,0.07250000000000074,0.07250000000000112,True,True,80.18129954417456,85.86214832357376,5.680848779399199,True,0
611,2008-06-09,81.19,83.17923055743846,1.9892305574384608,-1.9892305574384608,1.8596070674441876,3.663333917885282,0.07500000000000075,0.07500000000000112,False,True,81.31962348999427,86.84256447532374,5.52294098532947,False,1
612,2008-06-10,78.2,81.15815698503,2.9581569850300014,-2.9581569850300014,3.310003113181196,3.5203079912296857,0.027500000000000746,0.07750000000000112,True,True,77.84815387184881,84.67846497625969,6.830311104410882,True,0
613,2008-06-11,79.35,78.17875596722152,-1.1712440327784748,1.1712440327784748,3.212467117304371,3.493139486756405,0.03000000000000075,0.08000000000000113,True,True,74.96628884991715,81.67189545397792,6.705606604060776,True,0
614,2008-06-12,78.02,79.30155439400627,1.2815543940062781,-1.2815543940062781,3.0519731219600885,3.2382215043559626,0.03250000000000075,0.08250000000000113,True,True,76.24958127204619,82.53977589836224,6.290194626316051,True,0
615,2008-06-13,76.7,77.98027791618571,1.2802779161857103,-1.2802779161857103,2.954996977618464,2.994318918808233,0.03500000000000075,0.08500000000000113,True,True,75.02528093856725,80.97459683499395,5.949315896426697,True,0
616,2008-06-16,78.42,76.66662453524029,-1.7533754647597135,1.7533754647597135,2.869160443671902,2.973127869662406,0.037500000000000755,0.08750000000000113,True,True,73.79746409156839,79.6397524049027,5.842288313334308,True,0
617,2008-06-17,83.15,78.35913596268378,-4.790864037316226,4.790864037316226,2.8008241613142104,2.8906333592631483,0.04000000000000076,0.09000000000000113,True,False,75.55831180136957,81.24976932194693,5.691457520577359,False,1
618,2008-06-18,82.0,83.05498505419092,1.0549850541909223,-1.0549850541909223,2.74049783077308,37.04,0.04250000000000076,0.042500000000001134,True,True,80.31448722341784,120.09498505419091,39.78049783077307,True,0
619,2008-06-19,82.21,81.92757354213,-0.2824264578699882,0.2824264578699882,2.666226580228596,36.98,0.04500000000000076,0.045000000000001136,True,True,79.26134696190141,118.90757354213,39.646226580228586,True,0
620,2008-06-20,83.1,82.16562208599444,-0.9343779140055517,0.9343779140055517,2.5562267701548507,36.7,0.047500000000000764,0.04750000000000114,True,True,79.60939531583959,118.86562208599445,39.25622677015485,True,0
621,2008-06-23,81.3,83.0414149636088,1.741414963608804,-1.741414963608804,2.5204442707041608,10.395946211211111,0.050000000000000766,0.05000000000000114,True,True,80.52097069290464,93.43736117481991,12.916390481915272,True,0
622,2008-06-24,79.55,81.26031526725187,1.7103152672518718,-1.7103152672518718,2.4979006434349174,8.43241410940513,0.05250000000000077,0.05250000000000114,True,True,78.76241462381695,89.692729376657,10.930314752840047,True,0
623,2008-06-25,80.45,79.52640182472028,-0.9235981752797215,0.9235981752797215,2.4081595812087215,6.123168581259378,0.05500000000000077,0.055000000000001145,True,True,77.11824224351156,85.64957040597966,8.5313281624681,True,0
624,2008-06-26,79.1,80.40592105429744,1.3059210542974427,-1.3059210542974427,2.3317229235987753,5.028411261116844,0.05750000000000077,0.05750000000000115,True,True,78.07419813069866,85.43433231541428,7.360134184715619,True,0
625,2008-06-27,75.59,79.05612901834519,3.4661290183451854,-3.4661290183451854,2.1045720505220658,4.790864037316226,0.060000000000000775,0.06000000000000115,False,True,76.95155696782312,83.84699305566141,6.895436087838291,False,1
626,2008-06-30,74.27,75.57682442226783,1.3068244222678373,-1.3068244222678373,4.483608339694882,4.636139467606782,0.012500000000000774,0.06250000000000115,True,True,71.09321608257295,80.21296388987462,9.119747807301664,True,0
627,2008-07-01,72.24,74.25463074815366,2.014630748153664,-2.014630748153664,4.302029447972899,4.36932249805448,0.015000000000000775,0.06500000000000115,True,True,69.95260130018076,78.62395324620815,8.671351946027386,True,0
628,2008-07-02,74.16,72.20996263538223,-1.9500373646177707,1.9500373646177707,3.8874014459674697,4.189984970971651,0.017500000000000775,0.06750000000000116,True,True,68.32256118941476,76.39994760635388,8.07738641693912,True,0
629,2008-07-03,72.51,74.11319494786152,1.6031949478615104,-1.6031949478615104,3.482989583913721,4.1026929623579775,0.020000000000000774,0.07000000000000116,True,True,70.6302053639478,78.2158879102195,7.585682546271698,True,0
630,2008-07-07,72.37,72.46917456736911,0.09917456736910424,-0.09917456736910424,3.4183245618666405,3.820990240605795,0.022500000000000776,0.07250000000000116,True,True,69.05085000550247,76.2901648079749,7.239314802472435,True,0
631,2008-07-08,72.38,72.33367649530577,-0.046323504694228745,0.046323504694228745,3.37239714451394,3.633319734752817,0.02500000000000078,0.07500000000000116,True,True,68.96127935079183,75.96699623005858,7.005716879266757,True,0
632,2008-07-09,74.56,72.33639018446924,-2.2236098155307644,2.2236098155307644,3.310003113181196,3.5203079912296857,0.02750000000000078,0.07750000000000117,True,True,69.02638707128804,75.85669817569892,6.830311104410882,True,0
633,2008-07-10,70.7,74.49737788174698,3.797377881746982,-3.797377881746982,3.2377737824927095,3.2396490463103618,0.030000000000000783,0.08000000000000117,False,True,71.25960409925428,77.73702692805735,6.477422828803071,False,1
634,2008-07-11,69.4,70.68759473068536,1.2875947306853561,-1.2875947306853561,inf,3.184176948718175,-0.017499999999999218,0.08250000000000117,True,True,-inf,73.87177167940354,inf,True,0
635,2008-07-14,69.31,69.39124964001776,0.08124964001775936,-0.08124964001775936,inf,2.994318918808233,-0.014999999999999217,0.08500000000000117,True,True,-inf,72.385568558826,inf,True,0
636,2008-07-15,65.87,69.27838175361603,3.408381753616027,-3.408381753616027,inf,2.971707345633533,-0.012499999999999217,0.08750000000000117,True,True,-inf,72.25008909924956,inf,True,0
637,2008-07-16,66.94,65.86396186962358,-1.0760381303764177,1.0760381303764177,inf,2.797967833303403,-0.009999999999999216,0.09000000000000118,True,True,-inf,68.66192970292698,inf,True,0
638,2008-07-17,71.2,66.90634251252887,-4.293657487471137,4.293657487471137,inf,2.7630706329127435,-0.007499999999999216,0.09250000000000118,True,False,-inf,69.66941314544161,inf,False,1
639,2008-07-18,69.94,71.11203675251933,1.1720367525193325,-1.1720367525193325,inf,36.7,-0.004999999999999215,0.04500000000000118,True,True,-inf,107.81203675251933,inf,True,0
640,2008-07-21,69.52,69.86611345249358,0.34611345249358294,-0.34611345249358294,inf,13.725655545674073,-0.0024999999999992147,0.04750000000000118,True,True,-inf,83.59176899816765,inf,True,0
641,2008-07-22,67.09,69.49833903570814,2.4083390357081385,-2.4083390357081385,inf,8.43241410940513,7.858297346174936e-16,0.05000000000000118,True,True,-inf,77.93075314511327,inf,True,0
642,2008-07-23,67.46,67.08060951601894,-0.3793904839810551,0.3793904839810551,5.545091823505189,6.600213493306498,0.0025000000000007863,0.052500000000001185,True,True,61.53551769251375,73.68082300932544,12.145305316811687,True,0
643,2008-07-24,76.3,67.44459236926193,-8.855407630738071,8.855407630738071,5.011847665536521,5.028411261116844,0.005000000000000787,0.05500000000000119,True,False,62.432744703725405,72.47300363037877,10.040258926653365,False,1
644,2008-07-25,79.63,76.16238850806262,-3.467611491937376,3.467611491937376,4.889122137728307,45.55,0.007500000000000787,0.007500000000001186,True,True,71.27326637033431,121.71238850806262,50.439122137728305,True,0
645,2008-07-28,77.09,79.40134713881804,2.3113471388180358,-2.3113471388180358,4.692270027240724,44.65,0.010000000000000788,0.010000000000001187,True,True,74.70907711157732,124.05134713881804,49.34227002724073,True,0
646,2008-07-29,76.49,76.95311738601688,0.46311738601689,-0.46311738601689,4.400581239885014,43.79,0.012500000000000788,0.012500000000001187,True,True,72.55253614613187,120.74311738601688,48.190581239885006,True,0
647,2008-07-30,78.36,76.50379953584739,-1.8562004641526073,1.8562004641526073,4.302029447972899,43.76,0.015000000000000789,0.015000000000001188,True,True,72.2017700878745,120.2637995358474,48.062029447972904,True,0
648,2008-07-31,76.75,78.32432733632528,1.5743273363252825,-1.5743273363252825,3.797377881746982,43.5,0.01750000000000079,0.017500000000001188,True,True,74.5269494545783,121.82432733632528,47.29737788174698,True,0
649,2008-08-01,76.36,76.64919502408722,0.28919502408722053,-0.28919502408722053,3.5895050947563902,43.48,0.020000000000000788,0.02000000000000119,True,True,73.05968992933083,120.12919502408721,47.06950509475638,True,0
650,2008-08-04,75.99,76.35348457209354,0.36348457209354024,-0.36348457209354024,3.4661290183451854,43.18,0.02250000000000079,0.022500000000001193,True,True,72.88735555374835,119.53348457209353,46.64612901834518,True,0
651,2008-08-05,76.92,75.95060288289841,-0.9693971171015932,0.9693971171015932,3.408381753616027,42.95,0.025000000000000792,0.025000000000001195,True,True,72.54222112928238,118.90060288289841,46.35838175361603,True,0
652,2008-08-06,78.55,76.87830301676416,-1.671696983235833,1.671696983235833,3.37239714451394,42.95,0.027500000000000795,0.027500000000001197,True,True,73.50590587225022,119.82830301676417,46.32239714451394,True,0
653,2008-08-07,77.01,78.46996212590662,1.459962125906614,-1.459962125906614,3.310003113181196,42.84,0.030000000000000797,0.0300000000000012,True,True,75.15995901272542,121.30996212590662,46.1500031131812,True,0
654,2008-08-08,76.78,76.91475606183731,0.13475606183730804,-0.13475606183730804,3.212467117304371,42.19,0.0325000000000008,0.0325000000000012,True,True,73.70228894453294,119.1047560618373,45.40246711730437,True,0
655,2008-08-11,80.18,76.77250330098506,-3.407496699014942,3.407496699014942,3.0519731219600885,37.61,0.0350000000000008,0.035000000000001204,True,True,73.72053017902498,114.38250330098506,40.66197312196009,True,0
656,2008-08-12,87.32,80.12864660927755,-7.1913533907224405,7.1913533907224405,2.954996977618464,37.25,0.037500000000000804,0.037500000000001206,True,True,77.17364963165909,117.37864660927755,40.204996977618464,True,0
657,2008-08-13,86.28,87.18957029134602,0.9095702913460144,-0.9095702913460144,2.869160443671902,37.04,0.040000000000000806,0.04000000000000121,True,True,84.32040984767411,124.22957029134602,39.90916044367191,True,0
658,2008-08-14,85.71,85.98638645624683,0.2763864562468399,-0.2763864562468399,2.8008241613142104,36.98,0.04250000000000081,0.04250000000000121,True,True,83.18556229493262,122.96638645624682,39.7808241613142,True,0
659,2008-08-15,88.28,85.68483007899698,-2.59516992100302,2.59516992100302,2.74049783077308,36.7,0.04500000000000081,0.04500000000000121,True,True,82.9443322482239,122.38483007899698,39.44049783077308,True,0
660,2008-08-18,86.09,88.25401230046828,2.164012300468272,-2.164012300468272,2.5739153839685116,10.395946211211111,0.04750000000000081,0.047500000000001215,True,True,85.68009691649976,98.64995851167939,12.969861595179623,True,0
661,2008-08-19,83.09,85.94620845814595,2.856208458145943,-2.856208458145943,2.537191332909643,8.43241410940513,0.050000000000000815,0.05000000000000122,False,True,83.4090171252363,94.37862256755108,10.969605442314773,False,1
662,2008-08-20,82.0,83.09402037060109,1.0940203706010863,-1.0940203706010863,5.545091823505189,7.1913533907224405,0.002500000000000814,0.05250000000000122,True,True,77.5489285470959,90.28537376132353,12.73644521422763,True,0
663,2008-08-21,81.41,82.03700676662139,0.6270067666213919,-0.6270067666213919,5.011847665536521,6.123168581259378,0.0050000000000008146,0.05500000000000122,True,True,77.02515910108487,88.16017534788077,11.1350162467959,True,0
664,2008-08-22,84.27,81.38697296470332,-2.883027035296678,2.883027035296678,4.889122137728307,4.903928498957427,0.007500000000000815,0.057500000000001224,True,True,76.49785082697501,86.29090146366075,9.793050636685734,True,0
665,2008-08-25,84.63,84.24773153033931,-0.38226846966068706,0.38226846966068706,4.692270027240724,4.790864037316226,0.010000000000000816,0.060000000000001226,True,True,79.55546150309858,89.03859556765553,9.48313406455695,True,0
666,2008-08-26,82.74,84.47501661793261,1.7350166179326152,-1.7350166179326152,4.400581239885014,4.636139467606782,0.012500000000000816,0.06250000000000122,True,True,80.0744353780476,89.11115608553939,9.036720707491796,True,0
667,2008-08-27,81.44,82.66241143748873,1.2224114374887307,-1.2224114374887307,4.302029447972899,4.293657487471137,0.015000000000000816,0.06500000000000122,True,True,78.36038198951583,86.95606892495987,8.595686935444036,True,0
668,2008-08-28,82.21,81.4430754258743,-0.7669245741256958,0.7669245741256958,3.797377881746982,4.189984970971651,0.017500000000000817,0.06750000000000123,True,True,77.64569754412732,85.63306039684595,7.987362852718633,True,0
669,2008-08-29,82.9,82.20529688535227,-0.6947031146477372,0.6947031146477372,3.482989583913721,4.1026929623579775,0.020000000000000816,0.07000000000000123,True,True,78.72230730143855,86.30798984771025,7.585682546271698,True,0
670,2008-09-02,83.16,82.8192933778901,-0.34070662210989155,0.34070662210989155,3.4183245618666405,3.820990240605795,0.022500000000000818,0.07250000000000123,True,True,79.40096881602346,86.6402836184959,7.239314802472435,True,0
671,2008-09-03,81.4,83.08010553727556,1.6801055372755513,-1.6801055372755513,3.408381753616027,3.633319734752817,0.02500000000000082,0.07500000000000123,True,True,79.67172378365953,86.71342527202837,7.041701488368844,True,0
672,2008-09-04,80.6,81.3262018431192,0.726201843119199,-0.726201843119199,3.3245834561466268,3.493139486756405,0.027500000000000822,0.07750000000000123,True,True,78.00161838697257,84.8193413298756,6.817722942903032,True,0
673,2008-09-05,77.34,80.60397308917032,3.263973089170321,-3.263973089170321,3.2377737824927095,3.467611491937376,0.030000000000000825,0.08000000000000124,False,True,77.36619930667761,84.0715845811077,6.7053852744300855,False,1
674,2008-09-08,82.25,77.29355517960437,-4.956444820395632,4.956444820395632,inf,3.2396490463103618,-0.017499999999999176,0.08250000000000124,True,False,-inf,80.53320422591473,inf,False,1
675,2008-09-09,80.76,82.32458626981307,1.5645862698130628,-1.5645862698130628,inf,37.34,-0.014999999999999175,0.03500000000000124,True,True,-inf,119.66458626981307,inf,True,0
676,2008-09-10,80.01,80.53417980450241,0.5241798045024098,-0.5241798045024098,inf,37.08,-0.012499999999999175,0.03750000000000124,True,True,-inf,117.61417980450241,inf,True,0
677,2008-09-11,75.27,80.00759877137133,4.737598771371339,-4.737598771371339,inf,36.98,-0.009999999999999174,0.04000000000000124,True,True,-inf,116.98759877137132,inf,True,0
678,2008-09-12,78.81,75.23981961198872,-3.5701803880112806,3.5701803880112806,inf,36.7,-0.007499999999999174,0.042500000000001245,True,True,-inf,111.93981961198872,inf,True,0
679,2008-09-15,76.86,78.90327121592145,2.0432712159214503,-2.0432712159214503,inf,13.725655545674073,-0.0049999999999991735,0.04500000000000125,True,True,-inf,92.62892676159552,inf,True,0
680,2008-09-16,76.8,76.71247017630027,-0.08752982369972528,0.08752982369972528,inf,8.855407630738071,-0.002499999999999173,0.04750000000000125,True,True,-inf,85.56787780703834,inf,True,0
681,2008-09-17,77.68,76.80834726127746,-0.8716527387225455,0.8716527387225455,inf,7.1913533907224405,8.27463098040937e-16,0.05000000000000125,True,True,-inf,83.9997006519999,inf,True,0
682,2008-09-18,73.08,77.62344954510658,4.543449545106583,-4.543449545106583,5.545091823505189,6.600213493306498,0.002500000000000828,0.052500000000001254,True,True,72.07835772160139,84.22366303841308,12.145305316811687,True,0
683,2008-09-19,80.12,73.0441419008983,-7.075858099101708,7.075858099101708,5.011847665536521,5.028411261116844,0.0050000000000008284,0.055000000000001256,True,False,68.03229423536177,78.07255316201514,10.040258926653365,False,1
684,2008-09-22,81.13,80.07059276589094,-1.0594072341090595,1.0594072341090595,4.831146649804751,45.41,0.007500000000000829,0.007500000000001256,True,True,75.23944611608619,125.48059276589093,50.24114664980475,True,0
685,2008-09-23,75.79,80.8262407870928,5.036240787092794,-5.036240787092794,4.737598771371339,44.65,0.01000000000000083,0.010000000000001256,False,True,76.08864201572146,125.47624078709279,49.38759877137133,False,1
686,2008-09-24,72.3,75.79380460148977,3.493804601489771,-3.493804601489771,inf,43.79,-0.03749999999999917,0.012500000000001257,True,True,-inf,119.58380460148976,inf,True,0
687,2008-09-25,70.66,72.50665177695437,1.8466517769543742,-1.8466517769543742,inf,43.55,-0.03499999999999917,0.015000000000001257,True,True,-inf,116.05665177695437,inf,True,0
688,2008-09-26,69.52,70.76533468109129,1.2453346810912933,-1.2453346810912933,inf,43.48,-0.03249999999999917,0.017500000000001258,True,True,-inf,114.2453346810913,inf,True,0
689,2008-09-29,68.41,69.55123847500042,1.1412384750004207,-1.1412384750004207,inf,43.23,-0.029999999999999166,0.02000000000000126,True,True,-inf,112.78123847500041,inf,True,0
690,2008-09-30,65.84,68.42385937555899,2.583859375558987,-2.583859375558987,inf,43.05,-0.027499999999999164,0.022500000000001262,True,True,-inf,111.47385937555899,inf,True,0
691,2008-10-01,71.78,65.86574364616597,-5.914256353834034,5.914256353834034,inf,42.95,-0.024999999999999162,0.025000000000001264,True,True,-inf,108.81574364616597,inf,True,0
692,2008-10-02,67.63,71.75824826830042,4.128248268300425,-4.128248268300425,inf,42.84,-0.02249999999999916,0.027500000000001266,True,True,-inf,114.59824826830042,inf,True,0
693,2008-10-03,69.42,67.48398058362214,-1.9360194163778601,1.9360194163778601,inf,42.66,-0.019999999999999157,0.03000000000000127,True,True,-inf,110.14398058362214,inf,True,0
694,2008-10-06,64.06,69.45961635259869,5.399616352598684,-5.399616352598684,inf,37.61,-0.017499999999999155,0.03250000000000127,True,True,-inf,107.06961635259869,inf,True,0
695,2008-10-07,65.79,64.14464591524236,-1.645354084757642,1.645354084757642,inf,37.25,-0.014999999999999155,0.03500000000000127,True,True,-inf,101.39464591524236,inf,True,0
696,2008-10-08,55.64,65.81138112416589,10.17138112416589,-10.17138112416589,inf,37.04,-0.012499999999999154,0.037500000000001275,True,True,-inf,102.8513811241659,inf,True,0
697,2008-10-09,61.97,56.005294798493615,-5.9647052015063835,5.9647052015063835,inf,36.98,-0.009999999999999154,0.04000000000000128,True,True,-inf,92.98529479849361,inf,True,0
698,2008-10-10,52.99,61.43568063969374,8.445680639693741,-8.445680639693741,inf,36.7,-0.007499999999999153,0.04250000000000128,True,True,-inf,98.13568063969375,inf,True,0
699,2008-10-13,58.96,54.01505366640745,-4.944946333592554,4.944946333592554,inf,10.395946211211111,-0.004999999999999153,0.04500000000000128,True,True,-inf,64.41099987761856,inf,True,0
700,2008-10-14,63.5,57.714177468528455,-5.7858225314715455,5.7858225314715455,inf,8.43241410940513,-0.002499999999999152,0.047500000000001284,True,True,-inf,66.14659157793358,inf,True,0
701,2008-10-15,54.46,63.26797472763895,8.80797472763895,-8.80797472763895,inf,7.075858099101708,8.482797797526587e-16,0.050000000000001286,True,True,-inf,70.34383282674065,inf,True,0
702,2008-10-16,46.4,55.492261705948444,9.092261705948445,-9.092261705948445,8.80797472763895,6.600213493306498,0.0025000000000008488,0.05250000000000129,False,True,46.684286978309494,62.09247519925494,15.408188220945448,False,1
703,2008-10-17,48.83,47.025796884188736,-1.8042031158112621,1.8042031158112621,inf,5.9647052015063835,-0.04499999999999915,0.05500000000000129,True,True,-inf,52.99050208569512,inf,True,0
704,2008-10-20,52.17,48.72596738691979,-3.4440326130802106,3.4440326130802106,inf,5.7858225314715455,-0.04249999999999915,0.05750000000000129,True,True,-inf,54.51178991839134,inf,True,0
705,2008-10-21,51.86,51.82111216888805,-0.03888783111194982,0.03888783111194982,inf,4.956444820395632,-0.03999999999999915,0.060000000000001295,True,True,-inf,56.77755698928368,inf,True,0
706,2008-10-22,50.05,51.79578711656471,1.7457871165647134,-1.7457871165647134,inf,4.903928498957427,-0.037499999999999145,0.06250000000000129,True,True,-inf,56.69971561552214,inf,True,0
707,2008-10-23,43.37,50.21280918373866,6.842809183738666,-6.842809183738666,inf,4.790864037316226,-0.03499999999999914,0.06500000000000129,True,True,-inf,55.00367322105489,inf,True,0
708,2008-10-24,44.75,43.910302699026495,-0.8396973009735049,0.8396973009735049,inf,4.636139467606782,-0.03249999999999914,0.0675000000000013,True,True,-inf,48.54644216663328,inf,True,0
709,2008-10-27,49.0,44.85074899219987,-4.149251007800132,4.149251007800132,inf,4.293657487471137,-0.02999999999999914,0.0700000000000013,True,True,-inf,49.144406479671005,inf,True,0
710,2008-10-28,51.5,48.612035322278096,-2.8879646777219037,2.8879646777219037,inf,4.189984970971651,-0.027499999999999136,0.0725000000000013,True,True,-inf,52.80202029324975,inf,True,0
711,2008-10-29,55.53,51.11166434419931,-4.418335655800689,4.418335655800689,inf,4.1026929623579775,-0.024999999999999134,0.0750000000000013,True,False,-inf,55.21435730655729,inf,False,1
712,2008-10-30,58.76,55.16283301557349,-3.597166984426508,3.597166984426508,inf,42.84,-0.022499999999999132,0.0275000000000013,True,True,-inf,98.00283301557349,inf,True,0
713,2008-10-31,56.01,58.42424160487999,2.41424160487999,-2.41424160487999,inf,42.19,-0.01999999999999913,0.030000000000001303,True,True,-inf,100.61424160488,inf,True,0
714,2008-11-03,56.35,56.057416380667945,-0.29258361933205634,0.29258361933205634,inf,37.34,-0.017499999999999127,0.032500000000001306,True,True,-inf,93.39741638066795,inf,True,0
715,2008-11-04,57.16,56.41429375281071,-0.7457062471892897,0.7457062471892897,inf,37.25,-0.014999999999999127,0.03500000000000131,True,True,-inf,93.6642937528107,inf,True,0
716,2008-11-05,57.47,57.08810770572116,-0.38189229427884186,0.38189229427884186,inf,37.04,-0.012499999999999126,0.03750000000000131,True,True,-inf,94.12810770572116,inf,True,0
717,2008-11-06,49.8,57.41132015307684,7.611320153076839,-7.611320153076839,inf,36.7,-0.009999999999999126,0.04000000000000131,True,True,-inf,94.11132015307683,inf,True,0
718,2008-11-07,47.76,50.24073317813129,2.4807331781312953,-2.4807331781312953,inf,13.725655545674073,-0.007499999999999125,0.042500000000001315,True,True,-inf,63.966388723805366,inf,True,0
719,2008-11-10,49.98,48.14314130062916,-1.8368586993708362,1.8368586993708362,inf,8.855407630738071,-0.004999999999999125,0.04500000000000132,True,True,-inf,56.99854893136723,inf,True,0
720,2008-11-11,47.1,49.9614638550281,2.8614638550280986,-2.8614638550280986,inf,7.1913533907224405,-0.0024999999999991245,0.04750000000000132,True,True,-inf,57.15281724575054,inf,True,0
721,2008-11-12,43.99,47.195737250330026,3.2057372503300243,-3.2057372503300243,inf,6.600213493306498,8.760353553682876e-16,0.05000000000000132,True,True,-inf,53.795950743636524,inf,True,0
722,2008-11-13,41.4,44.29879123221425,2.8987912322142506,-2.8987912322142506,9.092261705948445,6.123168581259378,0.0025000000000008765,0.05250000000000132,True,True,35.206529526265804,50.42195981347363,15.215430287207823,True,0
723,2008-11-14,43.61,41.66690196423057,-1.943098035769431,1.943098035769431,8.445680639693741,5.914256353834034,0.005000000000000877,0.055000000000001326,True,True,33.22122132453683,47.5811583180646,14.359936993527775,True,0
724,2008-11-17,39.91,43.641454940495784,3.7314549404957873,-3.7314549404957873,6.842809183738666,5.028411261116844,0.0075000000000008775,0.05750000000000133,True,True,36.79864575675712,48.66986620161263,11.87122044485551,True,0
725,2008-11-18,39.73,40.06848573619255,0.3384857361925526,-0.3384857361925526,5.545091823505189,4.944946333592554,0.010000000000000878,0.06000000000000133,True,True,34.52339391268736,45.013432069785104,10.490038157097743,True,0
726,2008-11-19,37.97,39.911285322957184,1.9412853229571851,-1.9412853229571851,5.2353533948385795,4.790864037316226,0.012500000000000878,0.06250000000000133,True,True,34.6759319281186,44.70214936027341,10.026217432154809,True,0
727,2008-11-20,35.29,38.109046817317804,2.8190468173178047,-2.8190468173178047,5.036240787092794,4.636139467606782,0.015000000000000879,0.06500000000000133,True,True,33.07280603022501,42.745186284924586,9.672380254699576,True,0
728,2008-11-21,36.39,35.51295470652403,-0.8770452934759732,0.8770452934759732,4.889122137728307,4.36932249805448,0.01750000000000088,0.06750000000000134,True,True,30.62383256879572,39.88227720457851,9.258444635782787,True,0
729,2008-11-24,38.79,36.45938927978767,-2.330610720212327,2.330610720212327,4.737598771371339,4.293657487471137,0.020000000000000878,0.07000000000000134,True,True,31.721790508416333,40.75304676725881,9.031256258842475,True,0
730,2008-11-25,42.09,38.655763367287115,-3.4342366327128886,3.4342366327128886,4.543449545106583,4.189984970971651,0.02250000000000088,0.07250000000000134,True,True,34.11231382218053,42.845748338258765,8.733434516078233,True,0
731,2008-11-26,40.87,41.879435259920825,1.0094352599208278,-1.0094352599208278,4.400581239885014,4.1026929623579775,0.025000000000000883,0.07500000000000134,True,True,37.47885402003581,45.9821282222788,8.503274202242991,True,0
732,2008-11-28,44.03,40.837469167565374,-3.1925308324346275,3.1925308324346275,4.128248268300425,3.820990240605795,0.027500000000000885,0.07750000000000135,True,True,36.70922089926495,44.65845940817117,7.94923850890622,True,0
733,2008-12-01,42.0,43.9394418041256,1.9394418041256003,-1.9394418041256003,3.8874014459674697,3.633319734752817,0.030000000000000887,0.08000000000000135,True,True,40.05204035815813,47.57276153887842,7.520721180720287,True,0
734,2008-12-02,41.39,42.0499750730929,0.6599750730929017,-0.6599750730929017,3.7314549404957873,3.5701803880112806,0.03250000000000089,0.08250000000000135,True,True,38.318520132597115,45.62015546110418,7.301635328507068,True,0
735,2008-12-03,40.16,41.51514713054351,1.3551471305435143,-1.3551471305435143,3.493804601489771,3.493139486756405,0.03500000000000089,0.08500000000000135,True,True,38.02134252905374,45.008286617299916,6.986944088246176,True,0
736,2008-12-04,45.94,40.275983768830045,-5.664016231169953,5.664016231169953,3.4661290183451854,3.4440326130802106,0.037500000000000894,0.08750000000000135,True,False,36.80985475048486,43.720016381910256,6.910161631425396,False,1
737,2008-12-05,45.89,45.663126888453306,-0.22687311154669487,0.22687311154669487,3.408381753616027,36.7,0.040000000000000896,0.040000000000001354,True,True,42.25474513483728,82.36312688845331,40.10838175361603,True,0
738,2008-12-08,49.15,45.73101034597652,-3.418989654023477,3.418989654023477,3.3245834561466268,10.395946211211111,0.0425000000000009,0.042500000000001356,True,True,42.406426889829895,56.12695655718763,13.720529667357738,True,0
739,2008-12-09,49.81,48.98377578506882,-0.8262242149311803,0.8262242149311803,3.263973089170321,8.43241410940513,0.0450000000000009,0.04500000000000136,True,True,45.7198026958985,57.41618989447395,11.69638719857545,True,0
740,2008-12-10,51.46,49.72442189984706,-1.7355781001529422,1.7355781001529422,3.212467117304371,7.075858099101708,0.0475000000000009,0.04750000000000136,True,True,46.51195478254269,56.80027999894877,10.28832521640608,True,0
741,2008-12-11,49.33,51.3695937505731,2.039593750573104,-2.039593750573104,3.0519731219600885,6.123168581259378,0.050000000000000905,0.05000000000000136,True,True,48.317620628613014,57.49276233183248,9.175141703219467,True,0
742,2008-12-12,47.52,49.431490787628654,1.9114907876286509,-1.9114907876286509,2.9581569850300014,5.9647052015063835,0.05250000000000091,0.052500000000001365,True,True,46.47333380259865,55.39619598913504,8.922862186536385,True,0
743,2008-12-15,50.65,47.67092477983387,-2.9790752201661306,2.9790752201661306,2.9413746145605835,5.7858225314715455,0.05500000000000091,0.05500000000000137,True,True,44.72955016527328,53.45674731130541,8.727197146032132,True,0
744,2008-12-16,49.62,50.52417823663216,0.9041782366321627,-0.9041782366321627,2.869160443671902,5.028411261116844,0.05750000000000091,0.05750000000000137,True,True,47.65501779296026,55.552589497749004,7.897571704788746,True,0
745,2008-12-17,52.26,49.62686331602737,-2.63313668397263,2.63313668397263,2.856208458145943,4.944946333592554,0.060000000000000914,0.06000000000000137,True,True,46.770654857881425,54.57180964961992,7.801154791738497,True,0
746,2008-12-18,53.0,52.12866953746252,-0.8713304625374789,0.8713304625374789,2.8008241613142104,4.790864037316226,0.06250000000000092,0.06250000000000137,True,True,49.32784537614831,56.91953357477875,7.591688198630436,True,0
747,2008-12-19,51.59,52.913850097434825,1.3238500974348213,-1.3238500974348213,2.74049783077308,4.636139467606782,0.06500000000000092,0.06500000000000138,True,True,50.173352266661745,57.54998956504161,7.376637298379862,True,0
748,2008-12-22,51.6,51.663354441769705,0.06335444176970384,-0.06335444176970384,2.583859375558987,4.36932249805448,0.06750000000000092,0.06750000000000138,True,True,49.07949506621072,56.032676939824185,6.953181873613467,True,0
749,2008-12-23,50.12,51.63332239145467,1.5133223914546718,-1.5133223914546718,2.5562267701548507,4.264209125490069,0.07000000000000092,0.07000000000000138,True,True,49.07709562129982,55.89753151694474,6.82043589564492,True,0
750,2008-12-24,51.66,50.21563831278628,-1.4443616872137142,1.4443616872137142,2.5204442707041608,4.149251007800132,0.07250000000000092,0.07250000000000138,True,True,47.69519404208212,54.364889320586414,6.6696952785042924,True,0
751,2008-12-26,53.79,51.60435667035546,-2.1856433296445417,2.1856433296445417,2.4807331781312953,4.078420857326037,0.07500000000000093,0.07500000000000139,True,True,49.12362349222416,55.682777527681495,6.5591540354573326,True,0
752,2008-12-29,51.43,53.636621096407566,2.2066210964075665,-2.2066210964075665,2.41424160487999,3.663333917885282,0.07750000000000093,0.07750000000000139,True,True,51.222379491527576,57.29995501429285,6.077575522765272,True,0
753,2008-12-30,49.51,51.53001928377803,2.0200192837780335,-2.0200192837780335,2.4081595812087215,3.597166984426508,0.08000000000000093,0.08000000000000139,True,True,49.12185970256931,55.12718626820454,6.0053265656352295,True,0
754,2008-12-31,50.74,49.681452487313386,-1.0585475126866157,1.0585475126866157,2.3113471388180358,3.5203079912296857,0.08250000000000093,0.08250000000000139,True,True,47.37010534849535,53.20176047854307,5.8316551300477215,True,0
755,2009-01-02,51.35,50.72502296017885,-0.6249770398211538,0.6249770398211538,2.164012300468272,3.467611491937376,0.08500000000000094,0.0850000000000014,True,True,48.561010659710576,54.19263445211622,5.631623792405648,True,0
756,2009-01-05,55.73,51.29335662217816,-4.436643377821838,4.436643377821838,2.1045720505220658,3.4342366327128886,0.08750000000000094,0.0875000000000014,True,False,49.18878457165609,54.72759325489105,5.538808683234954,False,1
757,2009-01-06,54.55,55.45430143282736,0.90430143282736,-0.90430143282736,2.088200863990096,13.725655545674073,0.09000000000000094,0.040000000000001396,True,True,53.36610056883726,69.17995697850142,15.813856409664162,True,0
758,2009-01-07,56.29,54.51546123848147,-1.774538761518528,1.774538761518528,2.039593750573104,8.855407630738071,0.09250000000000094,0.0425000000000014,True,True,52.47586748790837,63.37086886921954,10.895001381311175,True,0
759,2009-01-08,54.99,56.200754735035474,1.2107547350354722,-1.2107547350354722,2.0200192837780335,7.1913533907224405,0.09500000000000094,0.0450000000000014,True,True,54.18073545125744,63.392108125757915,9.211372674500474,True,0
760,2009-01-09,56.92,55.02837320072927,-1.8916267992707319,1.8916267992707319,1.9892305574384608,6.600213493306498,0.09750000000000095,0.0475000000000014,True,True,53.03914264329081,61.62858669403577,8.589444050744959,True,0
761,2009-01-12,54.12,56.814060746798056,2.6940607467980584,-2.6940607467980584,1.9412853229571851,5.9647052015063835,0.10000000000000095,0.050000000000001404,False,True,54.87277542384087,62.77876594830444,7.905990524463569,False,1
762,2009-01-13,50.96,54.25556220789584,3.2955622078958413,-3.2955622078958413,2.954996977618464,5.914256353834034,0.05250000000000095,0.05250000000000141,False,True,51.30056523027738,60.169818561729876,8.869253331452498,False,1
763,2009-01-14,50.1,51.19558558870164,1.0955855887016384,-1.0955855887016384,8.445680639693741,5.664016231169953,0.005000000000000948,0.05500000000000141,True,True,42.7499049490079,56.85960181987159,14.109696870863694,True,0
764,2009-01-15,48.56,50.21319166413128,1.6531916641312776,-1.6531916641312776,6.842809183738666,4.956444820395632,0.007500000000000949,0.05750000000000141,True,True,43.370382480392614,55.16963648452691,11.799254004134298,True,0
765,2009-01-16,51.8,48.67531677100374,-3.124683228996254,3.124683228996254,5.545091823505189,4.903928498957427,0.010000000000000949,0.06000000000000141,True,True,43.130224947498554,53.57924526996117,10.449020322462616,True,0
766,2009-01-20,50.75,51.640413986648035,0.890413986648035,-0.890413986648035,5.2353533948385795,4.699433799677728,0.01250000000000095,0.06250000000000142,True,True,46.40506059180946,56.33984778632576,9.934787194516304,True,0
767,2009-01-21,49.31,50.771258184630724,1.4612581846307222,-1.4612581846307222,5.011847665536521,4.436643377821838,0.01500000000000095,0.06500000000000142,True,True,45.7594105190942,55.20790156245256,9.44849104335836,True,0
768,2009-01-22,49.42,49.42710218866549,0.007102188665491838,-0.007102188665491838,4.831146649804751,4.36932249805448,0.017500000000000952,0.06750000000000142,True,True,44.59595553886074,53.79642468671997,9.20046914785923,True,0
769,2009-01-23,48.9,49.45448310889723,0.5544831088972302,-0.5544831088972302,4.692270027240724,4.264209125490069,0.020000000000000955,0.07000000000000142,True,True,44.762213081656505,53.7186922343873,8.956479152730793,True,0
770,2009-01-26,50.18,48.94588829745215,-1.2341117025478496,1.2341117025478496,4.483608339694882,4.149251007800132,0.022500000000000957,0.07250000000000142,True,True,44.46227995775727,53.09513930525228,8.632859347495014,True,0
771,2009-01-27,49.3,50.126115807333235,0.8261158073332382,-0.8261158073332382,4.302029447972899,4.078420857326037,0.02500000000000096,0.07500000000000143,True,True,45.82408635936034,54.20453666465927,8.380450305298936,True,0
772,2009-01-28,49.72,49.34599307081663,-0.3740069291833663,0.3740069291833663,3.8874014459674697,3.663333917885282,0.02750000000000096,0.07750000000000143,True,True,45.45859162484916,53.009326988701915,7.550735363852752,True,0
773,2009-01-29,49.96,49.72448091322711,-0.23551908677288935,0.23551908677288935,3.7314549404957873,3.597166984426508,0.030000000000000963,0.08000000000000143,True,True,45.993025972731324,53.32164789765362,7.328621924922295,True,0
774,2009-01-30,57.36,49.9523239069735,-7.407676093026502,7.407676093026502,3.493804601489771,3.5203079912296857,0.032500000000000966,0.08250000000000143,True,False,46.458519305483726,53.47263189820318,7.0141125927194565,False,1
775,2009-02-02,58.57,56.87984887542519,-1.690151124574811,1.690151124574811,3.4661290183451854,36.98,0.03500000000000097,0.03500000000000143,True,True,53.413719857080004,93.85984887542519,40.44612901834518,True,0
776,2009-02-03,60.87,58.3615321814671,-2.5084678185328997,2.5084678185328997,3.408381753616027,36.7,0.03750000000000097,0.037500000000001435,True,True,54.95315042785107,95.0615321814671,40.10838175361603,True,0
777,2009-02-04,63.38,60.70539243061094,-2.6746075693890603,2.6746075693890603,3.3245834561466268,10.395946211211111,0.04000000000000097,0.04000000000000144,True,True,57.380808974464315,71.10133864182205,13.720529667357738,True,0
778,2009-02-05,61.15,63.190199002561336,2.0401990025613372,-2.0401990025613372,3.2955622078958413,8.43241410940513,0.042500000000000974,0.04250000000000144,True,True,59.894636794665495,71.62261311196647,11.727976317300978,True,0
779,2009-02-06,63.18,61.210715482430146,-1.9692845175698537,1.9692845175698537,3.2377737824927095,7.1913533907224405,0.04500000000000098,0.04500000000000144,True,True,57.97294169993744,68.40206887315259,10.42912717321515,True,0
780,2009-02-09,66.56,63.047305840887404,-3.5126941591125984,3.5126941591125984,3.2057372503300243,6.600213493306498,0.04750000000000098,0.047500000000001444,True,True,59.84156859055738,69.6475193341939,9.805950743636522,True,0
781,2009-02-10,66.15,66.30491176391764,0.15491176391763872,-0.15491176391763872,2.9581569850300014,5.9647052015063835,0.05000000000000098,0.050000000000001446,True,True,63.34675477888764,72.26961696542404,8.922862186536392,True,0
782,2009-02-11,63.1,66.08417688715174,2.9841768871517402,-2.9841768871517402,2.9413746145605835,5.7858225314715455,0.05250000000000098,0.05250000000000145,False,True,63.142802272591155,71.86999941862328,8.727197146032125,False,1
783,2009-02-12,63.25,63.219237061851736,-0.03076293814826414,0.03076293814826414,8.445680639693741,5.028411261116844,0.005000000000000983,0.05500000000000145,True,True,54.773556422157995,68.24764832296859,13.474091900810592,True,0
784,2009-02-13,63.97,63.239325824928585,-0.7306741750714139,0.7306741750714139,6.842809183738666,4.944946333592554,0.007500000000000983,0.05750000000000145,True,True,56.39651664118992,68.18427215852114,11.78775551733122,True,0
785,2009-02-17,61.67,63.88733873000539,2.2173387300053875,-2.2173387300053875,5.545091823505189,4.790864037316226,0.010000000000000984,0.060000000000001455,True,True,58.3422469065002,68.67820276732161,10.335955860821407,True,0
786,2009-02-18,62.27,61.745162936759186,-0.5248370632408168,0.5248370632408168,5.2353533948385795,4.636139467606782,0.012500000000000984,0.06250000000000146,True,True,56.5098095419206,66.38130240436597,9.871492862445365,True,0
787,2009-02-19,62.84,62.232381282266786,-0.6076187177332173,0.6076187177332173,5.011847665536521,4.418335655800689,0.015000000000000985,0.06500000000000146,True,True,57.220533616730265,66.65071693806748,9.43018332133721,True,0
788,2009-02-20,61.07,62.76354271483305,1.6935427148330504,-1.6935427148330504,4.831146649804751,4.293657487471137,0.017500000000000987,0.06750000000000146,True,True,57.9323960650283,67.05720020230419,9.124804137275888,True,0
789,2009-02-23,64.16,61.12357509698818,-3.036424903011813,3.036424903011813,4.692270027240724,4.189984970971651,0.02000000000000099,0.07000000000000146,True,True,56.43130506974746,65.31356006795983,8.882254998212368,True,0
790,2009-02-24,61.97,63.969442844725755,1.9994428447257562,-1.9994428447257562,4.483608339694882,4.1026929623579775,0.02250000000000099,0.07250000000000147,True,True,59.48583450503087,68.07213580708373,8.586301302052853,True,0
791,2009-02-25,64.9,62.01726799697579,-2.8827320030242163,2.8827320030242163,4.302029447972899,3.820990240605795,0.025000000000000994,0.07500000000000147,True,True,57.71523854900289,65.83825823758158,8.123019688578694,True,0
792,2009-02-26,64.12,64.70425187156266,0.5842518715626568,-0.5842518715626568,3.8874014459674697,3.633319734752817,0.027500000000000996,0.07750000000000147,True,True,60.81685042559519,68.33757160631548,7.520721180720287,True,0
793,2009-02-27,61.26,64.09171313936228,2.831713139362286,-2.831713139362286,3.7314549404957873,3.5701803880112806,0.030000000000000998,0.08000000000000147,True,True,60.3602581988665,67.66189352737356,7.301635328507068,True,0
794,2009-03-02,63.94,61.39780532147036,-2.54219467852964,2.54219467852964,3.493804601489771,3.5126941591125984,0.032500000000001,0.08250000000000147,True,True,57.90400071998059,64.91049948058296,7.006498760602369,True,0
795,2009-03-03,62.75,63.772144592378346,1.0221445923783463,-1.0221445923783463,3.4661290183451854,3.467611491937376,0.035000000000001,0.08500000000000148,True,True,60.30601557403316,67.23975608431573,6.933740510282568,True,0
796,2009-03-04,62.8,62.75082454006623,-0.04917545993376393,0.04917545993376393,3.408381753616027,3.4342366327128886,0.037500000000001005,0.08750000000000148,True,True,59.342442786450206,66.18506117277911,6.842618386328908,True,0
797,2009-03-05,64.12,62.77324650990321,-1.3467534900967948,1.3467534900967948,3.3245834561466268,3.407496699014942,0.04000000000000101,0.09000000000000148,True,True,59.44866305375658,66.18074320891816,6.732080155161576,True,0
798,2009-03-06,65.2,63.995929811525144,-1.2040701884748586,1.2040701884748586,3.2955622078958413,3.2382215043559626,0.04250000000000101,0.09250000000000148,True,True,60.7003676036293,67.2341513158811,6.533783712251804,True,0
799,2009-03-09,62.2,65.07032461880812,2.8703246188081124,-2.8703246188081124,3.2377737824927095,3.184176948718175,0.04500000000000101,0.09500000000000149,True,True,61.832550836315406,68.25450156752629,6.4219507312108846,True,0
800,2009-03-10,62.49,62.32820586201441,-0.16179413798559494,0.16179413798559494,3.2057372503300243,3.036424903011813,0.047500000000001014,0.09750000000000149,True,True,59.12246861168438,65.36463076502622,6.242162153341837,True,0
801,2009-03-11,66.24,62.475317031659024,-3.7646829683409706,3.7646829683409706,2.9581569850300014,2.973127869662406,0.050000000000001016,0.10000000000000149,True,False,59.51716004662902,65.44844490132144,5.931284854692414,False,1
802,2009-03-12,68.35,65.94952746182143,-2.400472538178562,2.400472538178562,2.9413746145605835,5.664016231169953,0.05250000000000102,0.05250000000000149,True,True,63.008152847260845,71.61354369299139,8.60539084573054,True,0
803,2009-03-13,69.64,68.10018195097787,-1.5398180490221307,1.5398180490221307,2.8703246188081124,4.956444820395632,0.05500000000000102,0.05500000000000149,True,True,65.22985733216976,73.0566267713735,7.826769439203744,True,0
804,2009-03-16,68.56,69.46652697203862,0.9065269720386198,-0.9065269720386198,2.8614638550280986,4.903928498957427,0.05750000000000102,0.057500000000001494,True,True,66.60506311701053,74.37045547099605,7.7653923539855185,True,0
805,2009-03-17,67.37,68.54042227647803,1.1704222764780212,-1.1704222764780212,2.831713139362286,4.699433799677728,0.060000000000001025,0.0600000000000015,True,True,65.70870913711573,73.23985607615575,7.531146939040013,True,0
806,2009-03-18,70.97,67.39683321544891,-3.5731667845510913,3.5731667845510913,2.8008241613142104,4.436643377821838,0.06250000000000103,0.0625000000000015,True,True,64.5960090541347,71.83347659327075,7.237467539136048,True,0
807,2009-03-19,71.4,70.70222463526622,-0.6977753647337863,0.6977753647337863,2.74049783077308,4.36932249805448,0.06500000000000103,0.0650000000000015,True,True,67.96172680449314,75.0715471333207,7.109820328827567,True,0
808,2009-03-20,70.39,71.24021933905533,0.8502193390553288,-0.8502193390553288,2.666226580228596,4.264209125490069,0.06750000000000103,0.0675000000000015,True,True,68.57399275882673,75.5044284645454,6.930435705718665,True,0
809,2009-03-23,71.36,70.37164429526932,-0.9883557047306795,0.9883557047306795,2.5739153839685116,4.149251007800132,0.07000000000000103,0.0700000000000015,True,True,67.79772891130081,74.52089530306945,6.723166391768643,True,0
810,2009-03-24,74.85,71.24715504199256,-3.602844958007438,3.602844958007438,2.537191332909643,4.078420857326037,0.07250000000000104,0.07250000000000151,True,True,68.70996370908291,75.3255758993186,6.61561219023568,True,0
811,2009-03-25,73.09,74.53888187521628,1.4488818752162729,-1.4488818752162729,2.4979006434349174,3.7646829683409706,0.07500000000000104,0.07500000000000151,True,True,72.04098123178136,78.30356484355724,6.262583611775881,True,0
812,2009-03-26,73.47,73.04907894815801,-0.4209210518419866,0.4209210518419866,2.460104565862494,3.633319734752817,0.07750000000000104,0.07750000000000151,True,True,70.58897438229552,76.68239868291083,6.093424300615311,True,0
813,2009-03-27,71.61,73.39760377287638,1.7876037728763805,-1.7876037728763805,2.4083390357081385,3.597166984426508,0.08000000000000104,0.08000000000000151,True,True,70.98926473716824,76.99477075730289,6.005506020134646,True,0
814,2009-03-30,70.4,71.63799015194006,1.2379901519400534,-1.2379901519400534,2.3113471388180358,3.5203079912296857,0.08250000000000104,0.08250000000000152,True,True,69.32664301312202,75.15829814316974,5.8316551300477215,True,0
815,2009-03-31,72.61,70.43233935840128,-2.1776606415987203,2.1776606415987203,2.2066210964075665,3.493139486756405,0.08500000000000105,0.08500000000000152,True,True,68.2257182619937,73.92547884515768,5.699760583163979,True,0
816,2009-04-01,73.02,72.4223094252182,-0.5976905747817938,0.5976905747817938,2.1407792648142987,3.4440326130802106,0.08750000000000105,0.08750000000000152,True,True,70.2815301604039,75.86634203829841,5.584811877894509,True,0
817,2009-04-02,73.63,72.87545341823733,-0.7545465817626678,0.7545465817626678,2.101517316241292,3.418989654023477,0.09000000000000105,0.09000000000000152,True,True,70.77393610199604,76.2944430722608,5.520506970264762,True,0
818,2009-04-03,76.42,73.50518995235863,-2.9148100476413674,2.9148100476413674,2.0432712159214503,3.2396490463103618,0.09250000000000105,0.09250000000000153,True,True,71.46191873643718,76.744838998669,5.282920262231812,True,0
819,2009-04-06,77.26,76.15090995439981,-1.1090900456001975,1.1090900456001975,2.039593750573104,3.1925308324346275,0.09500000000000106,0.09500000000000153,True,True,74.1113162038267,79.34344078683444,5.232124583007732,True,0
820,2009-04-07,76.97,77.06578670178999,0.09578670178999005,-0.09578670178999005,2.0200192837780335,3.124683228996254,0.09750000000000106,0.09750000000000153,True,True,75.04576741801196,80.19046993078624,5.144702512774273,True,0
821,2009-04-08,75.93,76.87841081472985,0.94841081472984,-0.94841081472984,1.9892305574384608,2.9790752201661306,0.10000000000000106,0.10000000000000153,True,True,74.88918025729139,79.85748603489597,4.968305777604584,True,0
822,2009-04-09,77.51,75.90528423454955,-1.6047157654504502,1.6047157654504502,1.9412853229571851,2.971707345633533,0.10250000000000106,0.10250000000000153,True,True,73.96399891159237,78.87699158018309,4.912992668590718,True,0
823,2009-04-13,79.84,77.34090097577717,-2.4990990242228293,2.4990990242228293,1.9226818008104587,2.8906333592631483,0.10500000000000106,0.10500000000000154,True,True,75.41821917496671,80.23153433504032,4.813315160073614,True,0
824,2009-04-14,78.0,79.5707546102048,1.5707546102048013,-1.5707546102048013,1.9114907876286509,2.883027035296678,0.10750000000000107,0.10750000000000154,True,True,77.65926382257615,82.45378164550148,4.794517822925329,True,0
825,2009-04-15,75.5,77.96598896846947,2.4659889684694747,-2.4659889684694747,1.8598585387934037,2.797967833303403,0.11000000000000107,0.11000000000000154,False,True,76.10613042967607,80.76395680177288,4.657826372096807,False,1
826,2009-04-16,75.33,75.58867543661906,0.25867543661905756,-0.25867543661905756,2.7564680719167285,2.7286337238664515,0.06250000000000107,0.11250000000000154,True,True,72.83220736470233,78.31730916048551,5.48510179578318,True,0
827,2009-04-17,76.78,75.30111788645878,-1.4788821135412178,1.4788821135412178,2.6940607467980584,2.6746075693890603,0.06500000000000107,0.11500000000000155,True,True,72.60705713966072,77.97572545584785,5.368668316187126,True,0
828,2009-04-20,78.44,76.60762859520887,-1.8323714047911324,1.8323714047911324,2.583859375558987,2.6301245734077128,0.06750000000000107,0.11750000000000155,True,True,74.02376921964988,79.23775316861658,5.2139839489667,True,0
829,2009-04-21,77.33,78.2163990658036,0.8863990658036016,-0.8863990658036016,2.5562267701548507,2.588382389875804,0.07000000000000108,0.12000000000000155,True,True,75.66017229564875,80.8047814556794,5.1446091600306545,True,0
830,2009-04-22,78.17,77.26552807286063,-0.9044719271393689,0.9044719271393689,2.4979006434349174,2.54219467852964,0.07250000000000108,0.12250000000000155,True,True,74.76762742942572,79.80772275139027,5.040095321964557,True,0
831,2009-04-23,81.33,78.04789849360002,-3.2821015063999823,3.2821015063999823,2.4659889684694747,2.5102036747773013,0.07500000000000108,0.12500000000000155,True,False,75.58190952513054,80.55810216837732,4.976192643246776,False,1
832,2009-04-24,82.03,81.02114659444156,-1.0088534055584404,1.0088534055584404,2.41424160487999,3.597166984426508,0.07750000000000108,0.07750000000000155,True,True,78.60690498956157,84.61831357886807,6.011408589306498,True,0
833,2009-04-27,83.88,81.81379282654636,-2.066207173453634,2.066207173453634,2.4081595812087215,3.5701803880112806,0.08000000000000108,0.08000000000000156,True,True,79.40563324533764,85.38397321455764,5.978339969220002,True,0
834,2009-04-28,82.68,83.6462731328202,0.9662731328201914,-0.9662731328201914,2.3113471388180358,3.5126941591125984,0.08250000000000109,0.08250000000000156,True,True,81.33492599400216,87.1589672919328,5.824041297930634,True,0
835,2009-04-29,82.99,82.60031456939541,-0.3896854306045867,0.3896854306045867,2.2066210964075665,3.467611491937376,0.08500000000000109,0.08500000000000156,True,True,80.39369347298785,86.06792606133278,5.674232588344935,True,0
836,2009-04-30,80.93,82.8851383845152,1.9551383845151946,-1.9551383845151946,2.1045720505220658,3.418989654023477,0.08750000000000109,0.08750000000000156,True,True,80.78056633399314,86.30412803853868,5.523561704545543,True,0
837,2009-05-01,80.38,80.93483769305033,0.5548376930503309,-0.5548376930503309,2.088200863990096,3.2821015063999823,0.09000000000000109,0.09000000000000156,True,True,78.84663682906023,84.21693919945031,5.370302370390078,True,0
838,2009-05-04,80.26,80.34756558463376,0.08756558463375086,-0.08756558463375086,2.0401990025613372,3.2382215043559626,0.0925000000000011,0.09250000000000157,True,True,78.30736658207242,83.58578708898972,5.2784205069173,True,0
839,2009-05-05,81.01,80.17517668728155,-0.8348233127184557,0.8348233127184557,2.0312637921441024,3.184176948718175,0.0950000000000011,0.09500000000000157,True,True,78.14391289513745,83.35935363599972,5.215440740862277,True,0
840,2009-05-06,82.88,80.86531040864986,-2.014689591350134,2.014689591350134,2.014630748153664,3.036424903011813,0.0975000000000011,0.09750000000000157,True,True,78.8506796604962,83.90173531166167,5.05105565116547,True,0
841,2009-05-07,82.73,82.64828924704571,-0.08171075295429375,0.08171075295429375,1.958155360191924,2.973127869662406,0.1000000000000011,0.10000000000000157,True,True,80.69013388685379,85.62141711670812,4.93128322985433,True,0
842,2009-05-08,79.69,82.59203502412879,2.902035024128793,-2.902035024128793,1.9412853229571851,2.9148100476413674,0.1025000000000011,0.10250000000000158,False,True,80.6507497011716,85.50684507177016,4.856095370598553,False,1
843,2009-05-11,76.8,79.76117159755995,2.9611715975599537,-2.9611715975599537,2.869160443671902,2.8879646777219037,0.055000000000001104,0.10500000000000158,False,True,76.89201115388805,82.64913627528185,5.757125121393798,False,1
844,2009-05-12,78.7,76.92338680579853,-1.7766131942014738,1.7766131942014738,6.300506514521345,2.8827320030242163,0.007500000000001103,0.10750000000000158,True,True,70.62288029127718,79.80611880882275,9.183238517545561,True,0
845,2009-05-13,76.25,78.55803908208557,2.308039082085571,-2.308039082085571,5.399616352598684,2.7630706329127435,0.010000000000001103,0.11000000000000158,True,True,73.15842272948689,81.32110971499831,8.162686985511428,True,0
846,2009-05-14,73.79,76.26089315088637,2.4708931508863685,-2.4708931508863685,5.036240787092794,2.6746075693890603,0.012500000000001104,0.11250000000000158,True,True,71.22465236379358,78.93550072027543,7.710848356481847,True,0
847,2009-05-15,74.54,73.89363153856263,-0.6463684614373761,0.6463684614373761,4.889122137728307,2.63313668397263,0.015000000000001104,0.11500000000000159,True,True,69.00450940083432,76.52676822253525,7.52225882170093,True,0
848,2009-05-18,73.96,74.46837300868394,0.5083730086839466,-0.5083730086839466,4.737598771371339,2.59516992100302,0.017500000000001105,0.11750000000000159,True,True,69.7307742373126,77.06354292968696,7.3327686923743585,True,0
849,2009-05-19,75.43,73.89775985898694,-1.5322401410130624,1.5322401410130624,4.543449545106583,2.5635355486843423,0.020000000000001107,0.12000000000000159,True,True,69.35431031388036,76.46129540767129,7.106985093790925,True,0
850,2009-05-20,78.5,75.27512077870223,-3.224879221297769,3.224879221297769,4.302029447972899,2.5102036747773013,0.02250000000000111,0.1225000000000016,True,False,70.97309133072933,77.78532445347953,6.8122331227502,False,1
851,2009-05-21,76.75,78.20028054854859,1.4502805485485908,-1.4502805485485908,3.8874014459674697,3.602844958007438,0.02500000000000111,0.0750000000000016,True,True,74.31287910258112,81.80312550655603,7.490246403974908,True,0
852,2009-05-22,76.1,76.69216306832979,0.5921630683297963,-0.5921630683297963,3.7314549404957873,3.5731667845510913,0.027500000000001114,0.0775000000000016,True,True,72.96070812783401,80.26532985288088,7.3046217250468715,True,0
853,2009-05-26,75.03,76.08665042810664,1.0566504281066358,-1.0566504281066358,3.493804601489771,3.5126941591125984,0.030000000000001116,0.0800000000000016,True,True,72.59284582661687,79.59934458721924,7.006498760602369,True,0
854,2009-05-27,78.51,75.02006193499365,-3.4899380650063563,3.4899380650063563,3.4661290183451854,3.467611491937376,0.03250000000000112,0.0825000000000016,True,False,71.55393291664846,78.48767342693102,6.933740510282561,False,1
855,2009-05-28,77.7,78.2395247067973,0.5395247067972946,-0.5395247067972946,3.408381753616027,36.7,0.03500000000000112,0.0350000000000016,True,True,74.83114295318127,114.9395247067973,40.10838175361603,True,0
856,2009-05-29,77.72,77.57717169797263,-0.14282830202736818,0.14282830202736818,3.310003113181196,8.855407630738071,0.03750000000000112,0.0375000000000016,True,True,74.26716858479143,86.4325793287107,12.165410743919267,True,0
857,2009-06-01,78.21,77.64441075939322,-0.5655892406067693,0.5655892406067693,3.263973089170321,7.407676093026502,0.040000000000001125,0.040000000000001604,True,True,74.3804376702229,85.05208685241973,10.67164918219683,True,0
858,2009-06-02,82.42,78.08835615994144,-4.331643840058561,4.331643840058561,3.212467117304371,7.075858099101708,0.04250000000000113,0.042500000000001606,True,True,74.87588904263707,85.16421425904315,10.28832521640608,True,0
859,2009-06-03,83.31,82.05848665483555,-1.2515133451644544,1.2515133451644544,3.0519731219600885,6.123168581259378,0.04500000000000113,0.04500000000000161,True,True,79.00651353287546,88.18165523609493,9.175141703219467,True,0
860,2009-06-04,85.42,83.05584859163407,-2.3641514083659274,2.3641514083659274,2.9611715975599537,5.914256353834034,0.04750000000000113,0.04750000000000161,True,True,80.09467699407412,88.97010494546811,8.875427951393988,True,0
861,2009-06-05,86.29,85.16739764325743,-1.1226023567425756,1.1226023567425756,2.9413746145605835,5.028411261116844,0.050000000000001134,0.05000000000000161,True,True,82.22602302869684,90.19580890437427,7.969785875677431,True,0
862,2009-06-08,86.75,86.08027206993904,-0.669727930060958,0.669727930060958,2.8987912322142506,4.944946333592554,0.052500000000001136,0.052500000000001615,True,True,83.18148083772479,91.0252184035316,7.843737565806805,True,0
863,2009-06-09,86.93,86.58767157443704,-0.34232842556296816,0.34232842556296816,2.869160443671902,4.790864037316226,0.05500000000000114,0.05500000000000162,True,True,83.71851113076514,91.37853561175326,7.6600244809881275,True,0
864,2009-06-10,87.58,86.79109742650269,-0.7889025734973103,0.7889025734973103,2.856208458145943,4.636139467606782,0.05750000000000114,0.05750000000000162,True,True,83.93488896835674,91.42723689410947,7.492347925752725,True,0
865,2009-06-11,86.3,87.41937863761092,1.1193786376109216,-1.1193786376109216,2.8190468173178047,4.418335655800689,0.06000000000000114,0.06000000000000162,True,True,84.60033182029312,91.83771429341161,7.237382473118487,True,0
866,2009-06-12,85.03,86.23915178527558,1.20915178527558,-1.20915178527558,2.74049783077308,4.293657487471137,0.06250000000000114,0.06250000000000162,True,True,83.4986539545025,90.53280927274672,7.034155318244217,True,0
867,2009-06-15,82.83,85.00950546477156,2.179505464771566,-2.179505464771566,2.666226580228596,4.189984970971651,0.06500000000000114,0.06500000000000163,True,True,82.34327888454297,89.19949043574321,6.856211551200246,True,0
868,2009-06-16,83.7,82.86362385349072,-0.8363761465092807,0.8363761465092807,2.5739153839685116,4.1026929623579775,0.06750000000000114,0.06750000000000163,True,True,80.28970846952221,86.9663168158487,6.676608346326489,True,0
869,2009-06-17,82.5,83.58525354654554,1.0852535465455446,-1.0852535465455446,2.537191332909643,3.820990240605795,0.07000000000000114,0.07000000000000163,True,True,81.0480622136359,87.40624378715134,6.358181573515438,True,0
870,2009-06-18,82.81,82.44208396819771,-0.36791603180229515,0.36791603180229515,2.4807331781312953,3.633319734752817,0.07250000000000115,0.07250000000000163,True,True,79.9613507900664,86.07540370295052,6.1140529128841195,True,0
871,2009-06-19,82.15,82.70889935370998,0.5588993537099753,-0.5588993537099753,2.4659889684694747,3.597166984426508,0.07500000000000115,0.07500000000000163,True,True,80.2429103852405,86.30606633813649,6.063155952895983,True,0
872,2009-06-22,82.41,82.0751675864919,-0.3348324135080958,0.3348324135080958,2.41424160487999,3.5701803880112806,0.07750000000000115,0.07750000000000164,True,True,79.66092598161191,85.64534797450318,5.984421992891271,True,0
873,2009-06-23,78.97,82.30287353280035,3.332873532800349,-3.332873532800349,2.4081595812087215,3.5126941591125984,0.08000000000000115,0.08000000000000164,False,True,79.89471395159163,85.81556769191295,5.92085374032132,False,1
874,2009-06-24,78.0,79.05526719244028,1.055267192440283,-1.055267192440283,3.4183245618666405,3.467611491937376,0.03250000000000115,0.08250000000000164,True,True,75.63694263057364,82.52287868437766,6.885936053804016,True,0
875,2009-06-25,79.1,78.0233586506953,-1.076641349304694,1.076641349304694,3.37239714451394,3.4342366327128886,0.035000000000001155,0.08500000000000164,True,True,74.65096150618136,81.45759528340818,6.806633777226821,True,0
876,2009-06-26,81.9,78.96444620252683,-2.935553797473176,2.935553797473176,3.3245834561466268,3.407496699014942,0.03750000000000116,0.08750000000000165,True,True,75.6398627463802,82.37194290154177,6.732080155161569,True,0
877,2009-06-29,83.87,81.6206432183674,-2.2493567816325992,2.2493567816325992,3.263973089170321,3.2396490463103618,0.04000000000000116,0.09000000000000165,True,True,78.35667012919708,84.86029226467777,6.503622135480683,True,0
878,2009-06-30,83.62,83.59849779366365,-0.021502206336350582,0.021502206336350582,3.212467117304371,3.1925308324346275,0.04250000000000116,0.09250000000000165,True,True,80.38603067635928,86.79102862609828,6.404997949738998,True,0
879,2009-07-01,84.42,83.48588618266449,-0.9341138173355148,0.9341138173355148,3.0519731219600885,3.124683228996254,0.045000000000001164,0.09500000000000165,True,True,80.4339130607044,86.61056941166075,6.17665635095635,True,0
880,2009-07-02,81.11,84.27111150284574,3.161111502845742,-3.161111502845742,2.9611715975599537,2.994318918808233,0.047500000000001166,0.09750000000000165,False,True,81.30993990528579,87.26543042165397,5.955490516368187,False,1
881,2009-07-06,78.45,81.16731753294884,2.71731753294884,-2.71731753294884,inf,2.971707345633533,1.1657341758564144e-15,0.10000000000000166,True,True,-inf,84.13902487858238,inf,True,0
882,2009-07-07,78.53,78.55376626387566,0.0237662638756575,-0.0237662638756575,8.80797472763895,2.9148100476413674,0.0025000000000011662,0.10250000000000166,True,True,69.74579153623671,81.46857631151703,11.722784775280317,True,0
883,2009-07-08,76.46,78.4839634193259,2.0239634193259093,-2.0239634193259093,7.611320153076839,2.8879646777219037,0.005000000000001167,0.10500000000000166,True,True,70.87264326624907,81.3719280970478,10.499284830798729,True,0
884,2009-07-09,78.25,76.47983638270489,-1.7701636172951112,1.7701636172951112,6.300506514521345,2.8827320030242163,0.007500000000001167,0.10750000000000166,True,True,70.17932986818354,79.3625683857291,9.183238517545561,True,0
885,2009-07-10,77.52,78.10258579539256,0.5825857953925606,-0.5825857953925606,5.399616352598684,2.7286337238664515,0.010000000000001168,0.11000000000000167,True,True,72.70296944279387,80.83121951925901,8.128250076465136,True,0
886,2009-07-13,78.07,77.4378863803992,-0.632113619600787,0.632113619600787,5.011847665536521,2.6746075693890603,0.012500000000001168,0.11250000000000167,True,True,72.42603871486268,80.11249394978827,7.686455234925589,True,0
887,2009-07-14,81.48,77.96419792077668,-3.51580207922332,3.51580207922332,4.831146649804751,2.63313668397263,0.015000000000001169,0.11500000000000167,True,False,73.13305127097193,80.5973346047493,7.464283333777374,False,1
888,2009-07-15,83.0,81.18571271801517,-1.8142872819848321,1.8142872819848321,4.692270027240724,4.078420857326037,0.017500000000001167,0.06750000000000167,True,True,76.49344269077444,85.2641335753412,8.770690884566761,True,0
889,2009-07-16,84.42,82.75035613658281,-1.6696438634171926,1.6696438634171926,4.483608339694882,3.663333917885282,0.02000000000000117,0.07000000000000167,True,True,78.26674779688793,86.41369005446809,8.146942257580164,True,0
890,2009-07-17,85.8,84.20895835426676,-1.5910416457332417,1.5910416457332417,4.128248268300425,3.602844958007438,0.022500000000001172,0.07250000000000167,True,True,80.08071008596633,87.8118033122742,7.731093226307863,True,0
891,2009-07-20,86.27,85.58971412924318,-0.6802858707568191,0.6802858707568191,3.797377881746982,3.5731667845510913,0.025000000000001174,0.07500000000000168,True,True,81.7923362474962,89.16288091379427,7.370544666298073,True,0
892,2009-07-21,88.52,86.10635771142927,-2.4136422885707276,2.4136422885707276,3.5895050947563902,3.51580207922332,0.027500000000001176,0.07750000000000168,True,True,82.51685261667288,89.62215979065259,7.1053071739797105,True,0
893,2009-07-22,88.65,88.27465505409751,-0.3753449459024978,0.3753449459024978,3.482989583913721,3.493139486756405,0.03000000000000118,0.08000000000000168,True,True,84.79166547018379,91.76779454085391,6.976129070670126,True,0
894,2009-07-23,89.84,88.48356799549548,-1.3564320045045264,1.3564320045045264,3.408381753616027,3.467611491937376,0.03250000000000118,0.08250000000000168,True,True,85.07518624187945,91.95117948743285,6.875993245553403,True,0
895,2009-07-24,87.6,89.65216779862529,2.052167798625291,-2.052167798625291,3.332873532800349,3.4342366327128886,0.03500000000000118,0.08500000000000169,True,True,86.31929426582494,93.08640443133817,6.76711016551323,True,0
896,2009-07-27,86.24,87.57397257650591,1.3339725765059143,-1.3339725765059143,3.310003113181196,3.2821015063999823,0.037500000000001185,0.08750000000000169,True,True,84.26396946332471,90.85607408290589,6.592104619581178,True,0
897,2009-07-28,83.84,86.22754130383012,2.387541303830119,-2.387541303830119,3.263973089170321,3.2382215043559626,0.04000000000000119,0.09000000000000169,True,True,82.9635682146598,89.46576280818608,6.5021945935262835,True,0
898,2009-07-29,84.47,83.86943728928743,-0.6005627107125662,0.6005627107125662,3.2057372503300243,3.1925308324346275,0.04250000000000119,0.09250000000000169,True,True,80.66370003895742,87.06196812172206,6.398268082764645,True,0
899,2009-07-30,85.64,84.36530220014744,-1.2746977998525608,1.2746977998525608,3.0519731219600885,3.036424903011813,0.04500000000000119,0.0950000000000017,True,True,81.31332907818735,87.40172710315926,6.088398024971909,True,0
900,2009-07-31,85.76,85.45770560100205,-0.30229439899795807,0.30229439899795807,2.9611715975599537,2.9790752201661306,0.047500000000001194,0.0975000000000017,True,True,82.4965340034421,88.43678082116818,5.940246817726091,True,0
901,2009-08-03,86.56,85.62169462170849,-0.938305378291517,0.938305378291517,2.9413746145605835,2.935553797473176,0.050000000000001196,0.1000000000000017,True,True,82.6803200071479,88.55724841918166,5.876928412033763,True,0
902,2009-08-04,87.48,86.40237667523967,-1.0776233247603386,1.0776233247603386,2.8987912322142506,2.8906333592631483,0.0525000000000012,0.1025000000000017,True,True,83.50358544302541,89.29301003450281,5.789424591477399,True,0
903,2009-08-05,85.64,87.30311972885032,1.6631197288503188,-1.6631197288503188,2.869160443671902,2.883027035296678,0.0550000000000012,0.1050000000000017,True,True,84.43395928517842,90.186146764147,5.75218747896858,True,0
904,2009-08-06,84.31,85.60376170157879,1.293761701578788,-1.293761701578788,2.856208458145943,2.7630706329127435,0.0575000000000012,0.1075000000000017,True,True,82.74755324343285,88.36683233449153,5.6192790910586865,True,0
905,2009-08-07,84.1,84.29569106665924,0.19569106665925062,-0.19569106665925062,2.8008241613142104,2.6750102464273624,0.060000000000001205,0.11000000000000171,True,True,81.49486690534503,86.97070131308661,5.475834407741573,True,0
906,2009-08-10,85.01,84.02378165207755,-0.9862183479224598,0.9862183479224598,2.74049783077308,2.6581848352641657,0.06250000000000121,0.11250000000000171,True,True,81.28328382130447,86.68196648734171,5.398682666037246,True,0
907,2009-08-11,83.64,84.85787102514513,1.2178710251451292,-1.2178710251451292,2.6940607467980584,2.59516992100302,0.06500000000000121,0.11500000000000171,True,True,82.16381027834707,87.45304094614815,5.289230667801078,True,0
908,2009-08-12,83.42,83.58712486585587,0.16712486585586817,-0.16712486585586817,2.5739153839685116,2.5635355486843423,0.06750000000000121,0.11750000000000171,True,True,81.01320948188736,86.15066041454021,5.137450932652854,True,0
909,2009-08-13,85.72,83.34785190015357,-2.3721480998464273,2.3721480998464273,2.537191332909643,2.5170725690691285,0.07000000000000121,0.12000000000000172,True,True,80.81066056724393,85.8649244692227,5.054263901978771,True,0
910,2009-08-14,84.11,85.4959118830714,1.385911883071401,-1.385911883071401,2.4979006434349174,2.500451078289032,0.07250000000000122,0.12250000000000172,True,True,82.99801123963648,87.99636296136043,4.9983517217239495,True,0
911,2009-08-17,81.16,84.0452516272478,2.885251627247797,-2.885251627247797,2.4659889684694747,2.4672644069102887,0.07500000000000122,0.12500000000000172,False,True,81.57926265877832,86.51251603415808,4.933253375379763,False,1
912,2009-08-18,81.41,81.23341463531213,-0.17658536468786679,0.17658536468786679,3.493804601489771,2.400472538178562,0.027500000000001218,0.12750000000000172,True,True,77.73961003382236,83.63388717349069,5.894277139668333,True,0
913,2009-08-19,80.91,81.3507809334937,0.4407809334936985,-0.4407809334936985,3.4661290183451854,2.3696152543350593,0.03000000000000122,0.13000000000000173,True,True,77.88465191514851,83.72039618782875,5.835744272680245,True,0
914,2009-08-20,82.98,80.83445787870025,-2.145542121299755,2.145542121299755,3.408381753616027,2.3641514083659274,0.03250000000000122,0.13250000000000173,True,True,77.42607612508422,83.19860928706618,5.772533161981954,True,0
915,2009-08-21,84.78,82.78179926963149,-1.9982007303685094,1.9982007303685094,3.332873532800349,2.2493567816325992,0.035000000000001225,0.13500000000000173,True,True,79.44892573683114,85.03115605126409,5.582230314432948,True,0
916,2009-08-24,85.17,84.5447715900881,-0.6252284099118981,0.6252284099118981,3.2955622078958413,2.2236098155307644,0.03750000000000123,0.13750000000000173,True,True,81.24920938219226,86.76838140561887,5.519172023426606,True,0
917,2009-08-25,84.66,85.00983650021577,0.3498365002157726,-0.3498365002157726,3.2377737824927095,2.1776606415987203,0.04000000000000123,0.14000000000000173,True,True,81.77206271772306,87.18749714181449,5.41543442409143,True,0
918,2009-08-26,84.1,84.57055155261077,0.47055155261077175,-0.47055155261077175,3.2057372503300243,2.150082447507401,0.04250000000000123,0.14250000000000174,True,True,81.36481430228073,86.72063400011817,5.355819697837433,True,0
919,2009-08-27,84.01,84.03039911185516,0.02039911185515564,-0.02039911185515564,2.9841768871517402,2.139591744455444,0.04500000000000123,0.14500000000000174,True,True,81.04622222470343,86.1699908563106,5.123768631607177,True,0
920,2009-08-28,84.78,83.91879494125305,-0.8612050587469469,0.8612050587469469,2.9581569850300014,2.0872562469833156,0.047500000000001236,0.14750000000000174,True,True,80.96063795622305,86.00605118823637,5.045413232013317,True,0
921,2009-08-31,81.93,84.63610922305061,2.7061092230506034,-2.7061092230506034,2.902035024128793,2.0208942257136755,0.05000000000000124,0.15000000000000174,True,True,81.73407419892182,86.65700344876429,4.922929249842468,True,0
922,2009-09-01,80.74,81.95695040975319,1.2169504097531956,-1.2169504097531956,2.885251627247797,2.0024921714599913,0.05250000000000124,0.15250000000000175,True,True,79.0716987825054,83.95944258121318,4.887743798707788,True,0
923,2009-09-02,79.04,80.75170413382116,1.7117041338211578,-1.7117041338211578,2.869160443671902,1.9692845175698537,0.05500000000000124,0.15500000000000175,True,True,77.88254369014926,82.72098865139102,4.838444961241763,True,0
924,2009-09-03,78.39,79.05250156373499,0.6625015637349918,-0.6625015637349918,2.831713139362286,1.943098035769431,0.057500000000001245,0.15750000000000175,True,True,76.2207884243727,80.99559959950443,4.774811175131731,True,0
925,2009-09-04,78.27,78.36300350245237,0.0930035024523761,-0.0930035024523761,2.8008241613142104,1.9180916215045443,0.06000000000000125,0.16000000000000175,True,True,75.56217934113816,80.28109512395692,4.718915782818755,True,0
926,2009-09-08,79.86,78.20122300957023,-1.6587769904297716,1.6587769904297716,2.74049783077308,1.8760184212288635,0.06250000000000125,0.16250000000000175,True,True,75.46072517879715,80.07724143079909,4.616516252001944,True,0
927,2009-09-09,80.6,79.69379231364101,-0.9062076863589823,0.9062076863589823,2.6940607467980584,1.8562004641526073,0.06500000000000125,0.16500000000000176,True,True,76.99973156684295,81.54999277779362,4.550261210950666,True,0
928,2009-09-10,82.33,80.44390787030126,-1.8860921296987385,1.8860921296987385,2.583859375558987,1.8368586993708362,0.06750000000000125,0.16750000000000176,True,False,77.86004849474227,82.2807665696721,4.420718074929823,False,1
929,2009-09-11,84.44,82.1348811469201,-2.305118853079904,2.305118853079904,2.5562267701548507,2.500451078289032,0.07000000000000126,0.12000000000000176,True,True,79.57865437676524,84.63533222520913,5.056677848443883,True,0
930,2009-09-14,83.81,84.2042392471173,0.39423924711729796,-0.39423924711729796,2.4979006434349174,2.4672644069102887,0.07250000000000126,0.12250000000000176,True,True,81.70633860368238,86.67150365402759,4.965165050345206,True,0
931,2009-09-15,84.17,83.70167171815883,-0.4683282818411669,0.4683282818411669,2.4708931508863685,2.400472538178562,0.07500000000000126,0.12500000000000175,True,True,81.23077856727247,86.1021442563374,4.87136568906493,True,0
932,2009-09-16,85.91,84.05812254858024,-1.8518774514197531,1.8518774514197531,2.41424160487999,2.3696152543350593,0.07750000000000126,0.12750000000000175,True,True,81.64388094370025,86.4277378029153,4.783856859215049,True,0
933,2009-09-17,90.75,85.71064006142828,-5.039359938571721,5.039359938571721,2.4081595812087215,2.330610720212327,0.08000000000000126,0.13000000000000175,True,False,83.30248048021956,88.0412507816406,4.738770301421042,False,1
934,2009-09-18,90.74,90.36608994974087,-0.37391005025912705,0.37391005025912705,2.3317229235987753,3.4342366327128886,0.08250000000000127,0.08250000000000175,True,True,88.03436702614209,93.80032658245375,5.765959556311657,True,0
935,2009-09-21,89.69,90.53750990063506,0.8475099006350604,-0.8475099006350604,2.2173387300053875,3.2821015063999823,0.08500000000000127,0.08500000000000175,True,True,88.32017117062966,93.81961140703504,5.499440236405377,True,0
936,2009-09-22,91.46,89.61749827374182,-1.8425017262581775,1.8425017262581775,2.179505464771566,3.2382215043559626,0.08750000000000127,0.08750000000000176,True,True,87.43799280897025,92.85571977809778,5.4177269691275285,True,0
937,2009-09-23,92.82,91.26945349488659,-1.5505465051134024,1.5505465051134024,2.1045720505220658,3.184176948718175,0.09000000000000127,0.09000000000000176,True,True,89.16488144436453,94.45363044360477,5.288748999240241,True,0
938,2009-09-24,92.0,92.59838768178207,0.5983876817820715,-0.5983876817820715,2.088200863990096,3.036424903011813,0.09250000000000128,0.09250000000000176,True,True,90.51018681779198,95.63481258479388,5.124625767001902,True,0
939,2009-09-25,91.44,91.88892901530596,0.4489290153059642,-0.4489290153059642,2.0401990025613372,2.973127869662406,0.09500000000000128,0.09500000000000176,True,True,89.84873001274462,94.86205688496837,5.013326872223743,True,0
940,2009-09-28,91.04,91.35504195676981,0.31504195676980373,-0.31504195676980373,2.0312637921441024,2.935553797473176,0.09750000000000128,0.09750000000000177,True,True,89.32377816462571,94.29059575424299,4.966817589617278,True,0
941,2009-09-29,91.96,90.944556862741,-1.0154431372589983,1.0154431372589983,2.014630748153664,2.8879646777219037,0.10000000000000128,0.10000000000000177,True,True,88.92992611458733,93.83252154046289,4.90259542587556,True,0
942,2009-09-30,92.26,91.79885843590505,-0.46114156409495877,0.46114156409495877,1.9892305574384608,2.8827320030242163,0.10250000000000128,0.10250000000000177,True,True,89.80962787846659,94.68159043892926,4.871962560462677,True,0
943,2009-10-01,92.5,92.10469426662551,-0.39530573337448516,0.39530573337448516,1.9551383845151946,2.7630706329127435,0.10500000000000129,0.10500000000000177,True,True,90.14955588211032,94.86776489953826,4.718209017427938,True,0
944,2009-10-02,90.05,92.35773918175975,2.3077391817597572,-2.3077391817597572,1.9226818008104587,2.6746075693890603,0.10750000000000129,0.10750000000000177,False,True,90.4350573809493,95.03234675114882,4.597289370199519,False,1
945,2009-10-05,90.25,90.0378792386603,-0.2121207613397047,0.2121207613397047,2.7564680719167285,2.63313668397263,0.06000000000000129,0.11000000000000178,True,True,87.28141116674357,92.67101592263293,5.389604755889366,True,0
946,2009-10-06,89.33,90.16162621024456,0.8316262102445648,-0.8316262102445648,2.7061092230506034,2.588382389875804,0.06250000000000129,0.11250000000000178,True,True,87.45551698719396,92.75000860012037,5.294491612926407,True,0
947,2009-10-07,91.5,89.25148550592363,-2.2485144940763746,2.2485144940763746,2.666226580228596,2.54219467852964,0.06500000000000129,0.11500000000000178,True,True,86.58525892569503,91.79368018445327,5.208421258758236,True,0
948,2009-10-08,94.8,91.29048374342185,-3.509516256578152,3.509516256578152,2.5739153839685116,2.5084678185328997,0.0675000000000013,0.11750000000000178,True,False,88.71656835945333,93.79895156195474,5.082383202501404,False,1
949,2009-10-09,95.0,94.47700619914006,-0.5229938008599362,0.5229938008599362,2.5204442707041608,3.597166984426508,0.0700000000000013,0.07000000000000178,True,True,91.9565619284359,98.07417318356657,6.117611255130669,True,0
950,2009-10-12,96.17,94.80291808208382,-1.367081917916181,1.367081917916181,2.4807331781312953,3.5701803880112806,0.0725000000000013,0.07250000000000179,True,True,92.32218490395252,98.3730984700951,6.050913566142583,True,0
951,2009-10-13,93.83,95.97988720153593,2.1498872015359325,-2.1498872015359325,2.460104565862494,3.5126941591125984,0.0750000000000013,0.07500000000000179,True,True,93.51978263567344,99.49258136064853,5.9727987249750925,True,0
952,2009-10-14,96.22,93.78880184666569,-2.431198153334307,2.431198153334307,2.4083390357081385,3.493139486756405,0.0775000000000013,0.07750000000000179,True,True,91.38046281095755,97.2819413334221,5.901478522464544,True,0
953,2009-10-15,95.13,96.01335385103488,0.8833538510348831,-0.8833538510348831,2.3317229235987753,3.4440326130802106,0.0800000000000013,0.08000000000000179,True,True,93.6816309274361,99.45738646411509,5.775755536678986,True,0
954,2009-10-16,95.3,95.01175440952744,-0.28824559047255605,0.28824559047255605,2.308039082085571,3.418989654023477,0.08250000000000131,0.0825000000000018,True,True,92.70371532744187,98.43074406355092,5.727028736109048,True,0
955,2009-10-19,95.35,95.17885202119965,-0.1711479788003487,0.1711479788003487,2.2066210964075665,3.2396490463103618,0.08500000000000131,0.0850000000000018,True,True,92.97223092479209,98.41850106751001,5.446270142717921,True,0
956,2009-10-20,95.91,95.21454898251035,-0.6954510174896456,0.6954510174896456,2.164012300468272,3.224879221297769,0.08750000000000131,0.0875000000000018,True,True,93.05053668204208,98.43942820380812,5.388891521766041,True,0
957,2009-10-21,95.27,95.75167863721705,0.4816786372170583,-0.4816786372170583,2.1045720505220658,3.124683228996254,0.09000000000000132,0.0900000000000018,True,True,93.64710658669499,98.8763618662133,5.229255279518313,True,0
958,2009-10-22,93.66,95.16111573141774,1.501115731417741,-1.501115731417741,2.088200863990096,2.994318918808233,0.09250000000000132,0.0925000000000018,True,True,93.07291486742764,98.15543465022597,5.082519782798329,True,0
959,2009-10-23,111.05,93.6183378223185,-17.431662177681503,17.431662177681503,2.0401990025613372,2.971707345633533,0.09500000000000132,0.0950000000000018,True,False,91.57813881975716,96.59004516795203,5.01190634819487,False,1
960,2009-10-26,119.21,109.99022876785206,-9.219771232147934,9.219771232147934,2.0312637921441024,5.028411261116844,0.09750000000000132,0.047500000000001805,True,False,107.95896497570796,115.0186400289689,7.059675053260946,False,1
961,2009-10-27,122.93,118.36625878896446,-4.563741211035548,4.563741211035548,2.014630748153664,inf,0.10000000000000132,1.8041124150158794e-15,True,True,116.3516280408108,inf,inf,True,0
962,2009-10-28,121.57,122.53752916254781,0.9675291625478195,-0.9675291625478195,1.9892305574384608,46.47,0.10250000000000133,0.0025000000000018046,True,True,120.54829860510935,169.00752916254783,48.459230557438474,True,0
963,2009-10-29,123.9,121.41275248748883,-2.487247512511175,2.487247512511175,1.9412853229571851,45.55,0.10500000000000133,0.005000000000001805,True,True,119.47146716453165,166.96275248748884,47.4912853229572,True,0
964,2009-10-30,121.97,123.68240416487855,1.7124041648785493,-1.7124041648785493,1.9226818008104587,44.41,0.10750000000000133,0.007500000000001806,True,True,121.7597223640681,168.09240416487853,46.332681800810434,True,0
965,2009-11-02,118.66,121.85384583102004,3.1938458310200417,-3.1938458310200417,1.8712923139866717,43.76,0.11000000000000133,0.010000000000001806,False,True,119.98255351703337,165.61384583102003,45.63129231398666,False,1
966,2009-11-03,117.67,118.63812479152323,0.9681247915232234,-0.9681247915232234,2.7061092230506034,43.48,0.06250000000000133,0.012500000000001807,True,True,115.93201556847262,162.11812479152323,46.18610922305061,True,0
967,2009-11-04,119.0,117.58528537436528,-1.4147146256347156,1.4147146256347156,2.666226580228596,43.18,0.06500000000000133,0.015000000000001807,True,True,114.91905879413669,160.76528537436528,45.84622658022859,True,0
968,2009-11-05,117.46,118.80924612304668,1.349246123046683,-1.349246123046683,2.5562267701548507,42.95,0.06750000000000134,0.017500000000001806,True,True,116.25301935289183,161.7592461230467,45.50622677015487,True,0
969,2009-11-06,123.0,117.33818500162742,-5.661814998372577,5.661814998372577,2.5204442707041608,42.84,0.07000000000000134,0.020000000000001808,True,True,114.81774073092326,160.1781850016274,45.36044427070415,True,0
970,2009-11-09,127.11,122.6663011980609,-4.443698801939092,4.443698801939092,2.4708931508863685,42.19,0.07250000000000134,0.02250000000000181,True,True,120.19540804717454,164.85630119806092,44.66089315088638,True,0
971,2009-11-10,126.8,126.74574064453607,-0.054259355463926795,0.054259355463926795,2.460104565862494,37.25,0.07500000000000134,0.025000000000001812,True,True,124.28563607867358,163.99574064453606,39.71010456586248,True,0
972,2009-11-11,131.08,126.60909191996728,-4.4709080800327285,4.4709080800327285,2.4081595812087215,37.04,0.07750000000000135,0.027500000000001815,True,True,124.20093233875856,163.64909191996728,39.448159581208714,True,0
973,2009-11-12,129.98,130.79588165097417,0.8158816509741769,-0.8158816509741769,2.3317229235987753,36.7,0.08000000000000135,0.030000000000001817,True,True,128.46415872737538,167.49588165097418,39.03172292359881,True,0
974,2009-11-13,131.16,129.82447204806033,-1.3355279519396674,1.3355279519396674,2.3077391817597572,13.725655545674073,0.08250000000000135,0.03250000000000182,True,True,127.51673286630057,143.5501275937344,16.03339472743383,True,0
975,2009-11-16,132.12,130.99273002577723,-1.12726997422277,1.12726997422277,2.2066210964075665,8.855407630738071,0.08500000000000135,0.03500000000000182,True,True,128.78610892936968,139.8481376565153,11.062028727145616,True,0
976,2009-11-17,131.4,131.9362061232778,0.5362061232777933,-0.5362061232777933,2.1498872015359325,7.407676093026502,0.08750000000000135,0.037500000000001824,True,True,129.78631892174187,139.3438822163043,9.557563294562442,True,0
977,2009-11-18,130.9,131.27501881189983,0.375018811899821,-0.375018811899821,2.1045720505220658,6.600213493306498,0.09000000000000136,0.040000000000001826,True,True,129.17044676137778,137.87523230520634,8.704785543828564,True,0
978,2009-11-19,130.54,130.78594233699192,0.2459423369919307,-0.2459423369919307,2.052167798625291,5.9647052015063835,0.09250000000000136,0.04250000000000183,True,True,128.73377453836662,136.7506475384983,8.016873000131682,True,0
979,2009-11-20,127.76,130.4179093927555,2.657909392755485,-2.657909392755485,2.0401990025613372,5.664016231169953,0.09500000000000136,0.04500000000000183,False,True,128.37771039019415,136.08192562392543,7.704215233731276,False,1
980,2009-11-23,131.05,127.71213099014751,-3.337869009852497,3.337869009852497,2.9413746145605835,5.039359938571721,0.04750000000000136,0.04750000000000183,True,True,124.77075637558693,132.75149092871925,7.980734553132322,True,0
981,2009-11-24,133.57,130.82815321057157,-2.741846789428422,2.741846789428422,2.885251627247797,4.944946333592554,0.05000000000000136,0.050000000000001835,True,True,127.94290158332377,135.77309954416413,7.830197960840351,True,0
982,2009-11-25,133.31,133.30839535891948,-0.0016046410805188316,0.0016046410805188316,2.869160443671902,4.790864037316226,0.052500000000001365,0.05250000000000184,True,True,130.4392349152476,138.0992593962357,7.660024480988113,True,0
983,2009-11-27,130.3,133.15455184590195,2.8545518459019377,-2.8545518459019377,2.831713139362286,4.563741211035548,0.05500000000000137,0.05500000000000184,False,True,130.32283870653967,137.7182930569375,7.395454350397841,False,1
984,2009-11-30,132.19,130.26481728972826,-1.9251827102717414,1.9251827102717414,5.545091823505189,4.443698801939092,0.007500000000001367,0.05750000000000184,True,True,124.71972546622307,134.70851609166735,9.988790625444281,True,0
985,2009-12-01,136.94,132.02605099670552,-4.913949003294476,4.913949003294476,5.2353533948385795,4.36932249805448,0.010000000000001367,0.060000000000001844,True,False,126.79069760186694,136.39537349476,9.60467589289307,False,1
986,2009-12-02,139.15,136.62406673470113,-2.5259332652988746,2.5259332652988746,4.889122137728307,43.48,0.012500000000001368,0.012500000000001843,True,True,131.7349445969728,180.10406673470112,48.36912213772831,True,0
987,2009-12-03,143.62,138.89227909066943,-4.727720909330571,4.727720909330571,4.737598771371339,43.18,0.015000000000001368,0.015000000000001843,True,True,134.1546803192981,182.07227909066944,47.91759877137133,True,0
988,2009-12-04,143.42,143.3373424555961,-0.08265754440390083,0.08265754440390083,4.483608339694882,42.95,0.01750000000000137,0.017500000000001844,True,True,138.8537341159012,186.2873424555961,47.4336083396949,True,0
989,2009-12-07,138.0,143.26719585372354,5.2671958537235355,-5.2671958537235355,4.302029447972899,42.84,0.02000000000000137,0.020000000000001843,False,True,138.96516640575064,186.10719585372354,47.1420294479729,False,1
990,2009-12-08,134.3,138.0565483725394,3.7565483725393847,-3.7565483725393847,inf,37.61,-0.02749999999999863,0.022500000000001845,True,True,-inf,175.6665483725394,inf,True,0
991,2009-12-09,134.6,134.35085918365198,-0.24914081634801732,0.24914081634801732,inf,37.25,-0.024999999999998627,0.025000000000001847,True,True,-inf,171.60085918365198,inf,True,0
992,2009-12-10,132.41,134.50576120195333,2.095761201953337,-2.095761201953337,inf,36.98,-0.022499999999998625,0.02750000000000185,True,True,-inf,171.48576120195332,inf,True,0
993,2009-12-11,136.07,132.33834782233336,-3.731652177666632,3.731652177666632,inf,36.7,-0.019999999999998623,0.03000000000000185,True,True,-inf,169.03834782233338,inf,True,0
994,2009-12-14,132.5,135.8485030667323,3.3485030667322917,-3.3485030667322917,inf,10.395946211211111,-0.01749999999999862,0.032500000000001854,True,True,-inf,146.2444492779434,inf,True,0
995,2009-12-15,130.76,132.43532586759105,1.6753258675910558,-1.6753258675910558,inf,8.855407630738071,-0.01499999999999862,0.035000000000001856,True,True,-inf,141.29073349832913,inf,True,0
996,2009-12-16,130.93,130.71949713671597,-0.21050286328403445,0.21050286328403445,inf,7.1913533907224405,-0.01249999999999862,0.03750000000000186,True,True,-inf,137.9108505274384,inf,True,0
997,2009-12-17,129.36,130.80625616940992,1.4462561694099065,-1.4462561694099065,inf,6.600213493306498,-0.00999999999999862,0.04000000000000186,True,True,-inf,137.4064696627164,inf,True,0
998,2009-12-18,127.91,129.26666491887232,1.356664918872326,-1.356664918872326,inf,5.914256353834034,-0.007499999999998619,0.04250000000000186,True,True,-inf,135.18092127270637,inf,True,0
999,2009-12-21,130.48,127.83165803554887,-2.64834196445112,2.64834196445112,inf,5.664016231169953,-0.004999999999998618,0.045000000000001865,True,True,-inf,133.49567426671882,inf,True,0
1000,2009-12-22,133.76,130.27318900254704,-3.486810997452949,3.486810997452949,inf,5.028411261116844,-0.002499999999998618,0.04750000000000187,True,True,-inf,135.3016002636639,inf,True,0
1001,2009-12-23,134.8,133.48347527078,-1.3165247292200206,1.3165247292200206,inf,4.913949003294476,1.3825746103535153e-15,0.05000000000000187,True,True,-inf,138.39742427407447,inf,True,0
1002,2009-12-24,139.2,134.5910697390381,-4.608930260961898,4.608930260961898,8.80797472763895,4.790864037316226,0.002500000000001383,0.05250000000000187,True,True,125.78309501139914,139.38193377635432,13.598838764955175,True,0
1003,2009-12-28,139.75,138.92068193824082,-0.8293180617591815,0.8293180617591815,6.842809183738666,4.636139467606782,0.0050000000000013835,0.055000000000001874,True,True,132.07787275450215,143.5568214058476,11.478948651345434,True,0
1004,2009-12-29,141.29,139.55664334524212,-1.7333566547578698,1.7333566547578698,5.545091823505189,4.563741211035548,0.007500000000001384,0.057500000000001876,True,True,134.01155152173692,144.12038455627766,10.108833034540737,True,0
1005,2009-12-30,138.4,141.11649542350452,2.7164954235045116,-2.7164954235045116,5.2353533948385795,4.436643377821838,0.010000000000001385,0.06000000000000188,True,True,135.88114202866595,145.55313880132636,9.671996772660407,True,0
1006,2009-12-31,137.09,138.34841621856035,1.2584162185603418,-1.2584162185603418,5.011847665536521,4.36932249805448,0.012500000000001385,0.06250000000000187,True,True,133.33656855302382,142.71773871661483,9.381170163591008,True,0
1007,2010-01-04,136.25,137.03629987122525,0.7862998712252534,-0.7862998712252534,4.737598771371339,4.264209125490069,0.015000000000001385,0.06500000000000188,True,True,132.29870109985393,141.30050899671534,9.001807896861408,True,0
1008,2010-01-05,133.43,136.16115608169287,2.731156081692859,-2.731156081692859,4.543449545106583,4.149251007800132,0.017500000000001386,0.06750000000000188,True,True,131.6177065365863,140.310407089493,8.6927005529067,True,0
1009,2010-01-06,134.6,133.3910966613693,-1.208903338630705,1.208903338630705,4.302029447972899,3.820990240605795,0.020000000000001385,0.07000000000000188,True,True,129.0890672133964,137.21208690197508,8.123019688578694,True,0
1010,2010-01-07,132.01,134.4611574280894,2.4511574280894024,-2.4511574280894024,3.8874014459674697,3.663333917885282,0.022500000000001387,0.07250000000000188,True,True,130.57375598212192,138.12449134597466,7.550735363852738,True,0
1011,2010-01-08,130.56,131.94047149390587,1.3804714939058726,-1.3804714939058726,3.7314549404957873,3.602844958007438,0.02500000000000139,0.07500000000000188,True,True,128.2090165534101,135.5433164519133,7.334299898503218,True,0
1012,2010-01-11,132.62,130.49332851894252,-2.1266714810574854,2.1266714810574854,3.493804601489771,3.5701803880112806,0.02750000000000139,0.07750000000000189,True,True,126.99952391745275,134.0635089069538,7.063984989501066,True,0
1013,2010-01-12,128.99,132.43374304799647,3.4437430479964632,-3.4437430479964632,3.4183245618666405,3.51580207922332,0.030000000000001394,0.08000000000000189,False,True,129.01541848612982,135.94954512721978,6.934126641089961,False,1
1014,2010-01-13,127.9,128.9406276024902,1.04062760249019,-1.04062760249019,inf,3.493139486756405,-0.017499999999998607,0.08250000000000189,True,True,-inf,132.4337670892466,inf,True,0
1015,2010-01-14,129.14,127.83146680911614,-1.3085331908838498,1.3085331908838498,inf,3.467611491937376,-0.014999999999998606,0.0850000000000019,True,True,-inf,131.2990783010535,inf,True,0
1016,2010-01-15,129.18,128.97163718587984,-0.20836281412016433,0.20836281412016433,inf,3.4342366327128886,-0.012499999999998606,0.0875000000000019,True,True,-inf,132.40587381859274,inf,True,0
1017,2010-01-19,126.2,129.0234860486588,2.8234860486588076,-2.8234860486588076,inf,3.337869009852497,-0.009999999999998605,0.0900000000000019,True,True,-inf,132.36135505851132,inf,True,0
1018,2010-01-20,127.13,126.15007586926386,-0.979924130736137,0.979924130736137,inf,3.2382215043559626,-0.007499999999998605,0.0925000000000019,True,True,-inf,129.38829737361982,inf,True,0
1019,2010-01-21,127.26,126.99220578412417,-0.2677942158758384,0.2677942158758384,inf,3.1925308324346275,-0.0049999999999986045,0.0950000000000019,True,True,-inf,130.18473661655878,inf,True,0
1020,2010-01-22,125.6,127.10285439753197,1.5028543975319764,-1.5028543975319764,inf,3.036424903011813,-0.002499999999998604,0.0975000000000019,True,True,-inf,130.1392793005438,inf,True,0
1021,2010-01-25,122.1,125.50832800976704,3.4083280097670468,-3.4083280097670468,inf,2.973127869662406,1.3964523981613297e-15,0.1000000000000019,True,True,-inf,128.48145587942946,inf,True,0
1022,2010-01-26,120.56,122.08350536202748,1.5235053620274783,-1.5235053620274783,8.80797472763895,2.935553797473176,0.002500000000001397,0.10250000000000191,True,True,113.27553063438853,125.01905915950066,11.743528525112126,True,0
1023,2010-01-27,121.03,120.50262979738687,-0.5273702026131275,0.5273702026131275,6.842809183738666,2.8879646777219037,0.005000000000001397,0.10500000000000191,True,True,113.65982061364821,123.39059447510877,9.730773861460563,True,0
1024,2010-01-28,124.43,120.88926553804772,-3.540734461952283,3.540734461952283,5.545091823505189,2.8827320030242163,0.007500000000001398,0.10750000000000191,True,False,115.34417371454253,123.77199754107194,8.427823826529405,False,1
1025,2010-01-29,129.77,124.17334558466419,-5.59665441533582,5.59665441533582,5.2353533948385795,4.418335655800689,0.010000000000001398,0.06000000000000191,True,False,118.93799218982561,128.59168124046488,9.653689050639272,False,1
1026,2010-02-01,123.18,129.42170517250534,6.241705172505334,-6.241705172505334,5.011847665536521,43.48,0.012500000000001399,0.012500000000001912,False,True,124.40985750696882,172.90170517250533,48.49184766553651,False,1
1027,2010-02-02,118.79,123.17443586005624,4.384435860056229,-4.384435860056229,inf,43.05,-0.0349999999999986,0.015000000000001913,True,True,-inf,166.22443586005625,inf,True,0
1028,2010-02-03,117.12,118.8660083096329,1.7460083096328987,-1.7460083096328987,inf,42.95,-0.0324999999999986,0.017500000000001913,True,True,-inf,161.8160083096329,inf,True,0
1029,2010-02-04,118.64,117.08424786744861,-1.5557521325513903,1.5557521325513903,inf,42.66,-0.029999999999998597,0.020000000000001912,True,True,-inf,159.74424786744862,inf,True,0
1030,2010-02-05,115.88,118.47501407333397,2.595014073333971,-2.595014073333971,inf,37.34,-0.027499999999998595,0.022500000000001914,True,True,-inf,155.81501407333397,inf,True,0
1031,2010-02-08,119.38,115.8001753183766,-3.5798246816233927,3.5798246816233927,inf,37.08,-0.024999999999998593,0.025000000000001917,True,True,-inf,152.8801753183766,inf,True,0
1032,2010-02-09,118.2,119.16546454462109,0.965464544621085,-0.965464544621085,inf,36.7,-0.02249999999999859,0.02750000000000192,True,True,-inf,155.8654645446211,inf,True,0
1033,2010-02-10,118.0,118.0474649410355,0.04746494103549992,-0.04746494103549992,inf,17.431662177681503,-0.01999999999999859,0.03000000000000192,True,True,-inf,135.479127118717,inf,True,0
1034,2010-02-11,117.21,117.87974234791673,0.6697423479167384,-0.6697423479167384,inf,9.219771232147934,-0.017499999999998586,0.03250000000000192,True,True,-inf,127.09951358006467,inf,True,0
1035,2010-02-12,118.99,117.09562174942195,-1.8943782505780433,1.8943782505780433,inf,7.407676093026502,-0.014999999999998586,0.035000000000001925,True,True,-inf,124.50329784244846,inf,True,0
1036,2010-02-16,120.06,118.80281201134682,-1.257187988653186,1.257187988653186,inf,7.075858099101708,-0.012499999999998585,0.03750000000000193,True,True,-inf,125.87867011044852,inf,True,0
1037,2010-02-17,117.08,119.86030399778058,2.780303997780578,-2.780303997780578,inf,5.9647052015063835,-0.009999999999998585,0.04000000000000193,True,True,-inf,125.82500919928697,inf,True,0
1038,2010-02-18,115.84,117.01664085082172,1.1766408508217125,-1.1766408508217125,inf,5.664016231169953,-0.007499999999998584,0.04250000000000193,True,True,-inf,122.68065708199167,inf,True,0
1039,2010-02-19,117.91,115.77824294599758,-2.1317570540024207,2.1317570540024207,inf,5.59665441533582,-0.004999999999998584,0.045000000000001934,True,True,-inf,121.3748973613334,inf,True,0
1040,2010-02-22,117.37,117.72222056572318,0.3522205657231723,-0.3522205657231723,inf,4.956444820395632,-0.002499999999998583,0.047500000000001937,True,True,-inf,122.67866538611881,inf,True,0
1041,2010-02-23,118.01,117.21734000752419,-0.7926599924758193,0.7926599924758193,inf,4.903928498957427,1.4172690798730514e-15,0.05000000000000194,True,True,-inf,122.12126850648161,inf,True,0
1042,2010-02-24,117.96,117.85728003986866,-0.10271996013133844,0.10271996013133844,8.80797472763895,4.727720909330571,0.0025000000000014178,0.05250000000000194,True,True,109.0493053122297,122.58500094919923,13.535695636969521,True,0
1043,2010-02-25,118.17,117.81249213089882,-0.35750786910118393,0.35750786910118393,6.842809183738666,4.608930260961898,0.005000000000001418,0.05500000000000194,True,True,110.96968294716015,122.42142239186072,11.451739444700564,True,0
1044,2010-02-26,117.88,118.02415586008881,0.14415586008881576,-0.14415586008881576,6.241705172505334,4.4709080800327285,0.007500000000001419,0.057500000000001945,True,True,111.78245068758348,122.49506394012154,10.712613252538063,True,0
1045,2010-03-01,118.85,117.74646997393573,-1.1035300260642629,1.1035300260642629,5.2671958537235355,4.418335655800689,0.01000000000000142,0.06000000000000195,True,True,112.4792741202122,122.16480562973642,9.685531509524225,True,0
1046,2010-03-02,125.01,118.68373465511633,-6.32626534488368,6.32626534488368,5.011847665536521,4.293657487471137,0.01250000000000142,0.06250000000000194,True,False,113.6718869895798,122.97739214258746,9.305505153007658,False,1
1047,2010-03-03,125.4,124.65832596826634,-0.7416740317336661,0.7416740317336661,4.831146649804751,43.05,0.01500000000000142,0.015000000000001942,True,True,119.82717931846159,167.70832596826634,47.88114664980475,True,0
1048,2010-03-04,125.96,125.15646339970205,-0.8035366002979458,0.8035366002979458,4.543449545106583,42.92,0.01750000000000142,0.017500000000001945,True,True,120.61301385459547,168.07646339970205,47.463449545106585,True,0
1049,2010-03-05,129.13,125.7958115749172,-3.3341884250828002,3.3341884250828002,4.400581239885014,42.66,0.02000000000000142,0.020000000000001947,True,True,121.39523033503218,168.4558115749172,47.06058123988501,True,0
1050,2010-03-08,128.3,128.88317531231982,0.5831753123198098,-0.5831753123198098,4.128248268300425,37.34,0.02250000000000142,0.02250000000000195,True,True,124.7549270440194,166.22317531231982,41.46824826830043,True,0
1051,2010-03-09,129.59,128.1403955797498,-1.4496044202502105,1.4496044202502105,3.7565483725393847,37.04,0.025000000000001424,0.02500000000000195,True,True,124.38384720721041,165.18039557974978,40.79654837253938,True,0
1052,2010-03-10,129.11,129.42144302263043,0.3114430226304137,-0.3114430226304137,3.5895050947563902,36.7,0.027500000000001426,0.027500000000001953,True,True,125.83193792787404,166.12144302263044,40.28950509475641,True,0
1053,2010-03-11,130.45,128.96703160805782,-1.4829683919421655,1.4829683919421655,3.4661290183451854,13.725655545674073,0.03000000000000143,0.030000000000001956,True,True,125.50090258971264,142.6926871537319,17.191784564019258,True,0
1054,2010-03-12,134.2,130.27565484929576,-3.9243451507042266,3.9243451507042266,3.408381753616027,8.855407630738071,0.03250000000000143,0.03250000000000196,True,True,126.86727309567974,139.13106248003385,12.263789384354112,True,0
1055,2010-03-15,131.7,133.92762286849975,2.2276228684997648,-2.2276228684997648,3.37239714451394,7.407676093026502,0.03500000000000143,0.03500000000000196,True,True,130.5552257239858,141.33529896152626,10.78007323754045,True,0
1056,2010-03-16,131.24,131.58689283834408,0.34689283834407547,-0.34689283834407547,3.3245834561466268,6.600213493306498,0.037500000000001435,0.03750000000000196,True,True,128.26230938219746,138.18710633165057,9.92479694945311,True,0
1057,2010-03-17,132.41,131.15020201826601,-1.259797981733982,1.259797981733982,3.263973089170321,5.9647052015063835,0.04000000000000144,0.040000000000001965,True,True,127.8862289290957,137.1149072197724,9.228678290676697,True,0
1058,2010-03-18,131.02,132.2425242809806,1.2225242809805934,-1.2225242809805934,3.212467117304371,5.7858225314715455,0.04250000000000144,0.04250000000000197,True,True,129.03005716367625,138.02834681245216,8.99828964877591,True,0
1059,2010-03-19,133.71,130.90847017645925,-2.8015298235407613,2.8015298235407613,3.161111502845742,5.59665441533582,0.04500000000000144,0.04500000000000197,True,True,127.7473586736135,136.50512459179507,8.757765918181562,True,0
1060,2010-03-22,130.2,133.5080653814755,3.308065381475501,-3.308065381475501,2.9611715975599537,4.956444820395632,0.047500000000001444,0.04750000000000197,False,True,130.54689378391555,138.46451020187112,7.917616417955571,False,1
1061,2010-03-23,130.89,130.13548092639866,-0.7545190736013296,0.7545190736013296,inf,4.903928498957427,1.4432899320127035e-15,0.05000000000000197,True,True,-inf,135.0394094253561,inf,True,0
1062,2010-03-24,128.64,130.777159361459,2.1371593614590267,-2.1371593614590267,8.80797472763895,4.727720909330571,0.0025000000000014438,0.052500000000001976,True,True,121.96918463382006,135.50488027078958,13.535695636969521,True,0
1063,2010-03-25,129.14,128.56345259501393,-0.5765474049860586,0.5765474049860586,6.842809183738666,4.608930260961898,0.005000000000001444,0.05500000000000198,True,True,121.72064341127526,133.17238285597583,11.451739444700564,True,0
1064,2010-03-26,134.9,129.0147189745971,-5.885281025402918,5.885281025402918,6.241705172505334,4.443698801939092,0.007500000000001445,0.05750000000000198,True,False,122.77301380209175,133.45841777653618,10.685403974444426,False,1
1065,2010-03-29,135.37,134.5689608647571,-0.8010391352429167,0.8010391352429167,5.2671958537235355,43.55,0.010000000000001445,0.01000000000000198,True,True,129.30176501103355,178.11896086475707,48.81719585372352,True,0
1066,2010-03-30,135.74,135.13793820757377,-0.602061792426241,0.602061792426241,5.011847665536521,43.23,0.012500000000001446,0.01250000000000198,True,True,130.12609054203725,178.36793820757376,48.24184766553651,True,0
1067,2010-03-31,136.0,135.58725424151302,-0.41274575848697737,0.41274575848697737,4.831146649804751,43.05,0.015000000000001446,0.01500000000000198,True,True,130.75610759170826,178.637254241513,47.88114664980475,True,0
1068,2010-04-01,134.425,135.85249729043576,1.4274972904357526,-1.4274972904357526,4.543449545106583,42.92,0.017500000000001445,0.01750000000000198,True,True,131.30904774532917,178.77249729043575,47.463449545106585,True,0
1069,2010-04-05,132.85,134.335857622786,1.4858576227859999,-1.4858576227859999,4.384435860056229,42.19,0.020000000000001447,0.02000000000000198,True,True,129.95142176272975,176.525857622786,46.57443586005624,True,0
1070,2010-04-06,131.23,132.78436556320926,1.5543655632092737,-1.5543655632092737,3.8874014459674697,37.25,0.02250000000000145,0.022500000000001984,True,True,128.8969641172418,170.03436556320926,41.13740144596747,True,0
1071,2010-04-07,135.96,131.16439866438432,-4.795601335615686,4.795601335615686,3.7565483725393847,37.04,0.02500000000000145,0.025000000000001986,True,True,127.40785029184494,168.2043986643843,40.79654837253938,True,0
1072,2010-04-08,134.71,135.6955275938894,0.985527593889401,-0.985527593889401,3.493804601489771,36.7,0.027500000000001454,0.027500000000001988,True,True,132.20172299239965,172.39552759388943,40.193804601489774,True,0
1073,2010-04-09,140.72,134.5485615169512,-6.171438483048803,6.171438483048803,3.4437430479964632,10.395946211211111,0.030000000000001456,0.03000000000000199,True,True,131.10481846895473,144.9445077281623,13.839689259207574,True,0
1074,2010-04-12,140.0,140.4064755398269,0.4064755398269142,-0.4064755398269142,3.408381753616027,8.855407630738071,0.03250000000000146,0.03250000000000199,True,True,136.9980937862109,149.261883170565,12.263789384354112,True,0
1075,2010-04-13,141.23,139.81617471417053,-1.4138252858294607,1.4138252858294607,3.3485030667322917,7.1913533907224405,0.03500000000000146,0.035000000000001995,True,True,136.46767164743824,147.00752810489297,10.539856457454732,True,0
1076,2010-04-14,140.34,141.06951476287227,0.7295147628722702,-0.7295147628722702,3.310003113181196,6.32626534488368,0.03750000000000146,0.037500000000002,True,True,137.7595116496911,147.39578010775597,9.636268458064876,True,0
1077,2010-04-15,144.55,140.22425962259285,-4.325740377407158,4.325740377407158,3.263973089170321,5.9647052015063835,0.040000000000001465,0.040000000000002,True,True,136.96028653342253,146.18896482409923,9.228678290676697,True,0
1078,2010-04-16,144.88,144.29558538350537,-0.5844146164946267,0.5844146164946267,3.212467117304371,5.885281025402918,0.04250000000000147,0.042500000000002,True,True,141.08311826620098,150.1808664089083,9.097748142707303,True,0
1079,2010-04-19,142.35,144.69389696622744,2.3438969662274474,-2.3438969662274474,3.161111502845742,5.661814998372577,0.04500000000000147,0.045000000000002004,True,True,141.53278546338169,150.3557119646,8.82292650121832,True,0
1080,2010-04-20,143.83,142.30152971888322,-1.528470281116796,1.528470281116796,2.9611715975599537,5.028411261116844,0.04750000000000147,0.047500000000002006,True,True,139.34035812132328,147.32994098000006,7.989582858676783,True,0
1081,2010-04-21,145.17,143.68726224221174,-1.482737757788243,1.482737757788243,2.9413746145605835,4.913949003294476,0.050000000000001474,0.05000000000000201,True,True,140.74588762765117,148.60121124550622,7.855323617855049,True,0
1082,2010-04-22,147.01,144.98354373840593,-2.0264562615940633,2.0264562615940633,2.8987912322142506,4.795601335615686,0.052500000000001476,0.05250000000000201,True,True,142.08475250619168,149.7791450740216,7.6943925678299365,True,0
1083,2010-04-23,145.38,146.81185776421503,1.4318577642150387,-1.4318577642150387,2.869160443671902,4.699433799677728,0.05500000000000148,0.05500000000000201,True,True,143.94269732054312,151.51129156389277,7.568594243349651,True,0
1084,2010-04-26,143.2,145.28806151608734,2.0880615160873504,-2.0880615160873504,2.8545518459019377,4.563741211035548,0.05750000000000148,0.057500000000002015,True,True,142.4335096701854,149.8518027271229,7.4182930569375,True,0
1085,2010-04-27,145.55,143.16576995903074,-2.384230040969271,2.384230040969271,2.8190468173178047,4.436643377821838,0.06000000000000148,0.06000000000000202,True,True,140.34672314171294,147.60241333685258,7.2556901951396355,True,0
1086,2010-04-28,142.59,145.37754525604436,2.7875452560443534,-2.7875452560443534,2.780303997780578,4.36932249805448,0.06250000000000148,0.06250000000000201,False,True,142.59724125826378,149.74686775409884,7.149626495835065,False,1
1087,2010-04-29,140.09,142.5319978230654,2.4419978230654067,-2.4419978230654067,4.737598771371339,4.293657487471137,0.015000000000001484,0.06500000000000201,True,True,137.79439905169409,146.82565531053655,9.031256258842461,True,0
1088,2010-04-30,141.4,140.07932087254272,-1.3206791274572822,1.3206791274572822,4.483608339694882,4.149251007800132,0.017500000000001487,0.06750000000000202,True,True,135.59571253284784,144.22857188034286,8.632859347495014,True,0
1089,2010-05-03,137.2,141.26082930680207,4.060829306802077,-4.060829306802077,4.384435860056229,3.9243451507042266,0.02000000000000149,0.07000000000000202,True,True,136.87639344674585,145.1851744575063,8.308781010760441,True,0
1090,2010-05-04,135.62,137.1900089800585,1.5700089800585033,-1.5700089800585033,4.060829306802077,3.7646829683409706,0.02250000000000149,0.07250000000000202,True,True,133.12917967325643,140.95469194839947,7.825512275143041,True,0
1091,2010-05-05,128.0,135.59001311200177,7.59001311200177,-7.59001311200177,3.7565483725393847,3.633319734752817,0.025000000000001493,0.07500000000000202,False,True,131.83346473946239,139.2233328467546,7.389868107292216,False,1
1092,2010-05-06,130.0,128.11849077773718,-1.881509222262821,1.881509222262821,inf,3.5798246816233927,-0.022499999999998507,0.07750000000000203,True,True,-inf,131.69831545936057,inf,True,0
1093,2010-05-07,127.97,129.88036828756586,1.9103682875658592,-1.9103682875658592,inf,3.540734461952283,-0.019999999999998505,0.08000000000000203,True,True,-inf,133.42110274951813,inf,True,0
1094,2010-05-10,129.73,127.88088360303801,-1.8491163969619748,1.8491163969619748,inf,3.5126941591125984,-0.017499999999998503,0.08250000000000203,True,True,-inf,131.3935777621506,inf,True,0
1095,2010-05-11,129.95,129.55556476859698,-0.3944352314030084,0.3944352314030084,inf,3.493139486756405,-0.014999999999998502,0.08500000000000203,True,True,-inf,133.04870425535339,inf,True,0
1096,2010-05-12,131.41,129.78915602014075,-1.620843979859245,1.620843979859245,inf,3.467611491937376,-0.012499999999998502,0.08750000000000203,True,True,-inf,133.2567675120781,inf,True,0
1097,2010-05-13,133.93,131.22328740028078,-2.706712599719225,2.706712599719225,inf,3.418989654023477,-0.009999999999998501,0.09000000000000204,True,True,-inf,134.64227705430426,inf,True,0
1098,2010-05-14,130.36,133.69557919186312,3.335579191863104,-3.335579191863104,inf,3.3341884250828002,-0.007499999999998501,0.09250000000000204,True,True,-inf,137.02976761694592,inf,True,0
1099,2010-05-17,128.24,130.3177608995424,2.0777608995423975,-2.0777608995423975,inf,3.2382215043559626,-0.0049999999999985004,0.09500000000000204,True,True,-inf,133.55598240389838,inf,True,0
1100,2010-05-18,130.14,128.21071057161723,-1.9292894283827593,1.9292894283827593,inf,3.184176948718175,-0.0024999999999985,0.09750000000000204,True,True,-inf,131.3948875203354,inf,True,0
1101,2010-05-19,125.51,129.96409590118057,4.454095901180565,-4.454095901180565,inf,2.994318918808233,1.5005358067199381e-15,0.10000000000000205,True,True,-inf,132.9584148199888,inf,True,0
1102,2010-05-20,122.64,125.51092298819646,2.8709229881964546,-2.8709229881964546,8.80797472763895,2.973127869662406,0.002500000000001501,0.10250000000000205,True,True,116.7029482605575,128.48405085785885,11.781102597301341,True,0
1103,2010-05-21,117.9,122.64780020766335,4.747800207663346,-4.747800207663346,7.59001311200177,2.9148100476413674,0.0050000000000015015,0.10500000000000205,True,True,115.05778709566158,125.56261025530472,10.504823159643138,True,0
1104,2010-05-24,122.57,117.94499712607595,-4.625002873924046,4.625002873924046,6.241705172505334,2.883027035296678,0.007500000000001502,0.10750000000000205,True,False,111.70329195357061,120.82802416137262,9.124732207802012,False,1
1105,2010-05-25,118.54,122.3264608305419,3.7864608305418983,-3.7864608305418983,5.2671958537235355,4.436643377821838,0.010000000000001502,0.06000000000000205,True,True,117.05926497681837,126.76310420836374,9.703839231545373,True,0
1106,2010-05-26,125.05,118.50736924865811,-6.542630751341889,6.542630751341889,5.036240787092794,4.331643840058561,0.012500000000001503,0.06250000000000205,True,False,113.47112846156531,122.83901308871667,9.367884627151355,False,1
1107,2010-05-27,124.98,124.70380462134632,-0.27619537865368216,0.27619537865368216,4.831146649804751,42.95,0.015000000000001503,0.015000000000002053,True,True,119.87265797154157,167.65380462134632,47.781146649804754,True,0
1108,2010-05-28,126.07,124.80054332076284,-1.2694566792371518,1.2694566792371518,4.692270027240724,42.84,0.017500000000001504,0.017500000000002056,True,True,120.10827329352212,167.64054332076284,47.53227002724073,True,0
1109,2010-06-01,124.97,125.89619160979959,0.9261916097995879,-0.9261916097995879,4.454095901180565,37.61,0.020000000000001503,0.020000000000002058,True,True,121.44209570861902,163.5061916097996,42.06409590118058,True,0
1110,2010-06-02,124.02,124.86822694550429,0.8482269455042939,-0.8482269455042939,4.384435860056229,37.25,0.022500000000001505,0.02250000000000206,True,True,120.48379108544806,162.1182269455043,41.63443586005623,True,0
1111,2010-06-03,126.25,123.92806548950068,-2.321934510499318,2.321934510499318,4.060829306802077,36.98,0.025000000000001507,0.025000000000002062,True,True,119.8672361826986,160.90806548950067,41.04082930680207,True,0
1112,2010-06-04,126.33,126.0407925929928,-0.28920740700719705,0.28920740700719705,3.7864608305418983,17.431662177681503,0.02750000000000151,0.027500000000002064,True,True,122.2543317624509,143.4724547706743,21.218123008223387,True,0
1113,2010-06-07,125.84,126.17722244965611,0.33722244965611026,-0.33722244965611026,3.5895050947563902,9.219771232147934,0.03000000000000151,0.030000000000002067,True,True,122.58771735489972,135.39699368180405,12.809276326904325,True,0
1114,2010-06-08,122.0,125.72320236824542,3.723202368245424,-3.723202368245424,3.4661290183451854,7.407676093026502,0.032500000000001514,0.03250000000000207,False,True,122.25707334990024,133.13087846127192,10.87380511137168,False,1
1115,2010-06-09,120.31,122.00812954216244,1.6981295421624338,-1.6981295421624338,inf,7.075858099101708,-0.014999999999998487,0.03500000000000207,True,True,-inf,129.08398764126414,inf,True,0
1116,2010-06-10,120.0,120.2654323397353,0.26543233973529823,-0.26543233973529823,inf,6.32626534488368,-0.012499999999998486,0.03750000000000207,True,True,-inf,126.59169768461898,inf,True,0
1117,2010-06-11,121.39,119.89312954305842,-1.4968704569415792,1.4968704569415792,inf,5.9647052015063835,-0.009999999999998486,0.040000000000002076,True,True,-inf,125.8578347445648,inf,True,0
1118,2010-06-14,124.24,121.21213788719155,-3.0278621128084495,3.0278621128084495,inf,5.7858225314715455,-0.007499999999998485,0.04250000000000208,True,True,-inf,126.9979604186631,inf,True,0
1119,2010-06-15,123.2,123.99541276461265,0.7954127646126494,-0.7954127646126494,inf,5.59665441533582,-0.004999999999998485,0.04500000000000208,True,True,-inf,129.59206717994846,inf,True,0
1120,2010-06-16,125.39,123.08489200232732,-2.3051079976726783,2.3051079976726783,inf,4.956444820395632,-0.0024999999999984843,0.04750000000000208,True,True,-inf,128.04133682272294,inf,True,0
1121,2010-06-17,126.74,125.1850976484458,-1.5549023515541904,1.5549023515541904,inf,4.903928498957427,1.5161483180037294e-15,0.050000000000002084,True,True,-inf,130.08902614740322,inf,True,0
1122,2010-06-18,126.48,126.54268566759384,0.06268566759383987,-0.06268566759383987,8.80797472763895,4.790864037316226,0.0025000000000015166,0.05250000000000209,True,True,117.7347109399549,131.33354970491007,13.598838764955175,True,0
1123,2010-06-21,126.79,126.34632504985596,-0.4436749501440431,0.4436749501440431,7.59001311200177,4.636139467606782,0.005000000000001517,0.05500000000000209,True,True,118.75631193785419,130.98246451746274,12.226152579608552,True,0
1124,2010-06-22,122.65,126.64707201157508,3.997072011575071,-3.997072011575071,6.241705172505334,4.563741211035548,0.007500000000001518,0.05750000000000209,True,True,120.40536683906974,131.21081322261062,10.805446383540882,True,0
1125,2010-06-23,122.11,122.66186667294214,0.5518666729421398,-0.5518666729421398,5.2671958537235355,4.436643377821838,0.010000000000001518,0.06000000000000209,True,True,117.3946708192186,127.09851005076398,9.703839231545373,True,0
1126,2010-06-24,120.61,122.02600595593546,1.4160059559354607,-1.4160059559354607,5.011847665536521,4.331643840058561,0.012500000000001519,0.0625000000000021,True,True,117.01415829039894,126.35764979599402,9.343491505595082,True,0
1127,2010-06-25,118.14,120.53736221063285,2.397362210632849,-2.397362210632849,4.831146649804751,4.264209125490069,0.015000000000001519,0.0650000000000021,True,True,115.7062155608281,124.80157133612292,9.09535577529482,True,0
1128,2010-06-28,118.85,118.10885551133902,-0.7411444886609786,0.7411444886609786,4.692270027240724,4.1026929623579775,0.01750000000000152,0.0675000000000021,True,True,113.41658548409829,122.211548473697,8.794962989598702,True,0
1129,2010-06-29,116.26,118.71398642305465,2.453986423054644,-2.453986423054644,4.454095901180565,3.9243451507042266,0.020000000000001524,0.0700000000000021,True,True,114.25989052187408,122.63833157375888,8.378441051884792,True,0
1130,2010-06-30,108.58,116.22298759485167,7.642987594851675,-7.642987594851675,4.302029447972899,3.731652177666632,0.022500000000001526,0.0725000000000021,False,True,111.92095814687877,119.9546397725183,8.033681625639531,False,1
1131,2010-07-01,108.9,108.73370920875035,-0.16629079124965074,0.16629079124965074,inf,3.602844958007438,-0.024999999999998475,0.0750000000000021,True,True,-inf,112.3365541667578,inf,True,0
1132,2010-07-02,110.92,108.82269152207608,-2.0973084779239173,2.0973084779239173,inf,3.5731667845510913,-0.022499999999998473,0.07750000000000211,True,True,-inf,112.39585830662718,inf,True,0
1133,2010-07-06,110.65,110.73357628059134,0.08357628059133049,-0.08357628059133049,inf,3.5203079912296857,-0.01999999999999847,0.08000000000000211,True,True,-inf,114.25388427182102,inf,True,0
1134,2010-07-07,109.84,110.52985222511401,0.6898522251140093,-0.6898522251140093,inf,3.509516256578152,-0.017499999999998468,0.08250000000000211,True,True,-inf,114.03936848169216,inf,True,0
1135,2010-07-08,115.02,109.75636272961447,-5.26363727038553,5.26363727038553,inf,3.486810997452949,-0.014999999999998468,0.08500000000000212,True,False,-inf,113.24317372706741,inf,False,1
1136,2010-07-09,116.55,114.72373196556168,-1.8262680344383142,1.8262680344383142,inf,6.171438483048803,-0.012499999999998467,0.037500000000002115,True,True,-inf,120.89517044861049,inf,True,0
1137,2010-07-12,117.81,116.33362703505577,-1.4763729649442325,1.4763729649442325,inf,5.914256353834034,-0.009999999999998467,0.04000000000000212,True,True,-inf,122.2478833888898,inf,True,0
1138,2010-07-13,120.69,117.63121029318366,-3.0587897068163414,3.0587897068163414,inf,5.664016231169953,-0.007499999999998466,0.04250000000000212,True,True,-inf,123.29522652435361,inf,True,0
1139,2010-07-14,123.03,120.45537508453586,-2.574624915464142,2.574624915464142,inf,5.26363727038553,-0.004999999999998466,0.04500000000000212,True,True,-inf,125.71901235492139,inf,True,0
1140,2010-07-15,120.13,122.80126855443149,2.6712685544314922,-2.6712685544314922,inf,4.956444820395632,-0.0024999999999984653,0.047500000000002124,True,True,-inf,127.75771337482712,inf,True,0
1141,2010-07-16,121.28,120.0805706282804,-1.199429371719603,1.199429371719603,inf,4.903928498957427,1.5352302762394743e-15,0.050000000000002126,True,True,-inf,124.98449912723783,inf,True,0
1142,2010-07-19,118.38,121.13244453298284,2.7524445329828495,-2.7524445329828495,8.80797472763895,4.790864037316226,0.0025000000000015357,0.05250000000000213,True,True,112.3244698053439,125.92330857029907,13.598838764955175,True,0
1143,2010-07-20,120.61,118.34306825624823,-2.266931743751769,2.266931743751769,7.611320153076839,4.636139467606782,0.005000000000001536,0.05500000000000213,True,True,110.73174810317138,122.97920772385501,12.247459620683628,True,0
1144,2010-07-21,120.62,120.4238406147663,-0.1961593852336989,0.1961593852336989,6.300506514521345,4.563741211035548,0.007500000000001537,0.05750000000000213,True,True,114.12333410024496,124.98758182580185,10.864247725556893,True,0
1145,2010-07-22,118.71,120.47715780343093,1.7671578034309334,-1.7671578034309334,5.399616352598684,4.436643377821838,0.010000000000001537,0.060000000000002135,True,True,115.07754145083224,124.91380118125277,9.836259730420522,True,0
1146,2010-07-23,105.92,118.64856666152504,12.728566661525036,-12.728566661525036,5.036240787092794,4.331643840058561,0.012500000000001538,0.06250000000000214,False,True,113.61232587443224,122.9802105015836,9.367884627151355,False,1
1147,2010-07-26,118.26,106.21344160418907,-12.046558395810933,12.046558395810933,inf,4.264209125490069,-0.03499999999999846,0.06500000000000214,True,False,-inf,110.47765072967914,inf,False,1
1148,2010-07-27,118.43,117.68678412907973,-0.743215870920281,0.743215870920281,inf,42.66,-0.03249999999999846,0.01750000000000214,True,True,-inf,160.3467841290797,inf,True,0
1149,2010-07-28,117.0,118.17886168055426,1.178861680554263,-1.178861680554263,inf,37.61,-0.02999999999999846,0.02000000000000214,True,True,-inf,155.78886168055425,inf,True,0
1150,2010-07-29,117.99,116.9348374841401,-1.055162515859891,1.055162515859891,inf,37.08,-0.027499999999998456,0.022500000000002143,True,True,-inf,154.01483748414012,inf,True,0
1151,2010-07-30,115.53,117.83671486363917,2.306714863639172,-2.306714863639172,inf,36.7,-0.024999999999998454,0.025000000000002146,True,True,-inf,154.5367148636392,inf,True,0
1152,2010-08-02,119.15,115.50304117666104,-3.646958823338963,3.646958823338963,inf,13.725655545674073,-0.022499999999998452,0.027500000000002148,True,True,-inf,129.22869672233512,inf,True,0
1153,2010-08-03,120.0,118.88816572360328,-1.1118342763967206,1.1118342763967206,inf,9.219771232147934,-0.01999999999999845,0.03000000000000215,True,True,-inf,128.1079369557512,inf,True,0
1154,2010-08-04,123.06,119.79957846958433,-3.2604215304156696,3.2604215304156696,inf,7.407676093026502,-0.017499999999998447,0.03250000000000215,True,True,-inf,127.20725456261084,inf,True,0
1155,2010-08-05,126.77,122.7877798721776,-3.9822201278224014,3.9822201278224014,inf,6.600213493306498,-0.014999999999998447,0.035000000000002154,True,True,-inf,129.38799336548408,inf,True,0
1156,2010-08-06,126.72,126.44751612617866,-0.27248387382134354,0.27248387382134354,inf,6.171438483048803,-0.012499999999998446,0.03750000000000216,True,True,-inf,132.61895460922744,inf,True,0
1157,2010-08-09,128.46,126.55416216179691,-1.905837838203098,1.905837838203098,inf,5.914256353834034,-0.009999999999998446,0.04000000000000216,True,True,-inf,132.46841851563096,inf,True,0
1158,2010-08-10,127.95,128.25038416630517,0.3003841663051645,-0.3003841663051645,inf,5.664016231169953,-0.007499999999998445,0.04250000000000216,True,True,-inf,133.9144003974751,inf,True,0
1159,2010-08-11,128.1,127.82130549887339,-0.27869450112660843,0.27869450112660843,inf,5.26363727038553,-0.004999999999998445,0.04500000000000216,True,True,-inf,133.08494276925893,inf,True,0
1160,2010-08-12,123.76,127.96255205036302,4.2025520503630105,-4.2025520503630105,inf,4.956444820395632,-0.0024999999999984444,0.047500000000002165,True,True,-inf,132.91899687075863,inf,True,0
1161,2010-08-13,126.06,123.80770586316295,-2.252294136837051,2.252294136837051,inf,4.903928498957427,1.556046957951196e-15,0.05000000000000217,True,True,-inf,128.71163436212038,inf,True,0
1162,2010-08-16,123.61,125.86308059485584,2.253080594855845,-2.253080594855845,9.092261705948445,4.790864037316226,0.0025000000000015565,0.05250000000000217,True,True,116.7708188889074,130.65394463217206,13.883125743264657,True,0
1163,2010-08-17,127.34,123.56573403258331,-3.774265967416696,3.774265967416696,7.642987594851675,4.636139467606782,0.005000000000001557,0.05500000000000217,True,True,115.92274643773163,128.2018735001901,12.279127062458457,True,0
1164,2010-08-18,129.25,127.05864344527706,-2.191356554722944,2.191356554722944,6.842809183738666,4.563741211035548,0.0075000000000015575,0.057500000000002174,True,True,120.21583426153839,131.6223846563126,11.4065503947742,True,0
1165,2010-08-19,129.22,129.00145208184995,-0.21854791815005115,0.21854791815005115,5.545091823505189,4.436643377821838,0.010000000000001558,0.06000000000000218,True,True,123.45636025834476,133.43809545967179,9.981735201327027,True,0
1166,2010-08-20,127.2,129.07080922128029,1.8708092212802825,-1.8708092212802825,5.2353533948385795,4.331643840058561,0.012500000000001558,0.06250000000000218,True,True,123.8354558264417,133.40245306133886,9.566997234897158,True,0
1167,2010-08-23,127.86,127.15267092395993,-0.7073290760400681,0.7073290760400681,4.889122137728307,4.264209125490069,0.015000000000001559,0.06500000000000218,True,True,122.26354878623162,131.41688004945001,9.15333126321839,True,0
1168,2010-08-24,125.41,127.71252228974792,2.3025222897479267,-2.3025222897479267,4.737598771371339,4.1026929623579775,0.01750000000000156,0.06750000000000218,True,True,122.97492351837658,131.8152152521059,8.840291733729316,True,0
1169,2010-08-25,123.85,125.3779547257658,1.5279547257658095,-1.5279547257658095,4.483608339694882,3.9243451507042266,0.020000000000001558,0.07000000000000219,True,True,120.89434638607092,129.30229987647004,8.407953490399123,True,0
1170,2010-08-26,127.15,123.80425563719652,-3.3457443628034866,3.3457443628034866,4.384435860056229,3.7646829683409706,0.02250000000000156,0.07250000000000219,True,True,119.41981977714029,127.56893860553748,8.149118828397192,True,0
1171,2010-08-27,125.46,126.88401933746412,1.4240193374641308,-1.4240193374641308,4.128248268300425,3.646958823338963,0.025000000000001563,0.07500000000000219,True,True,122.7557710691637,130.5309781608031,7.775207091639402,True,0
1172,2010-08-30,126.03,125.37536450454249,-0.6546354954575122,0.6546354954575122,3.8874014459674697,3.597166984426508,0.027500000000001565,0.07750000000000219,True,True,121.48796305857502,128.972531488969,7.484568430393978,True,0
1173,2010-08-31,122.85,125.88586525415691,3.035865254156917,-3.035865254156917,3.7565483725393847,3.5701803880112806,0.030000000000001567,0.0800000000000022,True,True,122.12931688161753,129.4560456421682,7.326728760550665,True,0
1174,2010-09-01,126.36,122.85437312113261,-3.505626878867389,3.505626878867389,3.5895050947563902,3.51580207922332,0.03250000000000157,0.0825000000000022,True,True,119.26486802637622,126.37017520035593,7.1053071739797105,True,0
1175,2010-09-02,132.17,126.09346557753717,-6.076534422462814,6.076534422462814,3.4661290183451854,3.505626878867389,0.03500000000000157,0.0850000000000022,True,False,122.62733655919199,129.59909245640455,6.97175589721256,False,1
1176,2010-09-03,136.89,131.74362233575897,-5.146377664241015,5.146377664241015,3.408381753616027,6.123168581259378,0.037500000000001574,0.0375000000000022,True,True,128.33524058214294,137.86679091701836,9.53155033487542,True,0
1177,2010-09-07,137.56,136.5023395278635,-1.0576604721364902,1.0576604721364902,3.3485030667322917,5.914256353834034,0.040000000000001576,0.0400000000000022,True,True,133.15383646113122,142.41659588169756,9.26275942056634,True,0
1178,2010-09-08,137.93,137.35699159303115,-0.573008406968853,0.573008406968853,3.3245834561466268,5.664016231169953,0.04250000000000158,0.0425000000000022,True,True,134.03240813688453,143.0210078242011,8.988599687316565,True,0
1179,2010-09-09,140.39,137.7698309324039,-2.6201690675960947,2.6201690675960947,3.2955622078958413,5.26363727038553,0.04500000000000158,0.045000000000002205,True,True,134.47426872450805,143.03346820278944,8.559199478281386,True,0
1180,2010-09-10,140.75,140.14369931988568,-0.606300680114316,0.606300680114316,3.212467117304371,5.028411261116844,0.04750000000000158,0.04750000000000221,True,True,136.93123220258133,145.17211058100253,8.2408783784212,True,0
1181,2010-09-13,144.07,140.57731533816263,-3.492684661837359,3.492684661837359,3.161111502845742,4.913949003294476,0.050000000000001585,0.05000000000000221,True,True,137.41620383531688,145.4912643414571,8.075060506140233,True,0
1182,2010-09-14,144.5,143.78791717493363,-0.7120828250663749,0.7120828250663749,2.9841768871517402,4.790864037316226,0.05250000000000159,0.05250000000000221,True,True,140.8037402877819,148.57878121224985,7.775040924467959,True,0
1183,2010-09-15,144.88,144.31975237193288,-0.5602476280671169,0.5602476280671169,2.954996977618464,4.636139467606782,0.05500000000000159,0.055000000000002214,True,True,141.36475539431441,148.95589183953967,7.59113644522526,True,0
1184,2010-09-16,145.4,144.72190569137572,-0.6780943086242814,0.6780943086242814,2.8987912322142506,4.563741211035548,0.05750000000000159,0.057500000000002216,True,True,141.82311445916147,149.28564690241126,7.462532443249785,True,0
1185,2010-09-17,148.9,145.23665590620473,-3.663344093795274,3.663344093795274,2.8703246188081124,4.436643377821838,0.060000000000001594,0.06000000000000222,True,True,142.36633128739663,149.67329928402657,7.306967996629936,True,0
1186,2010-09-20,148.7,148.61169610156946,-0.08830389843052444,0.08830389843052444,2.856208458145943,4.331643840058561,0.0625000000000016,0.06250000000000222,True,True,145.75548764342352,152.94333994162804,7.187852298204518,True,0
1187,2010-09-21,150.76,148.5469578189601,-2.2130421810398957,2.2130421810398957,2.8234860486588076,4.264209125490069,0.0650000000000016,0.06500000000000222,True,True,145.72347177030127,152.81116694445018,7.087695174148905,True,0
1188,2010-09-22,149.84,150.53856492901977,0.6985649290197671,-0.6985649290197671,2.7875452560443534,4.1026929623579775,0.0675000000000016,0.06750000000000222,True,True,147.75101967297542,154.64125789137773,6.890238218402317,True,0
1189,2010-09-23,151.2,149.72793928116033,-1.472060718839657,1.472060718839657,2.7524445329828495,3.9243451507042266,0.0700000000000016,0.07000000000000223,True,True,146.97549474817748,153.65228443186456,6.676789683687076,True,0
1190,2010-09-24,155.43,151.01276816459884,-4.417231835401168,4.417231835401168,2.71731753294884,3.7646829683409706,0.0725000000000016,0.07250000000000223,True,False,148.29545063165,154.7774511329398,6.482000501289804,False,1
1191,2010-09-27,160.22,155.1101457941615,-5.109854205838502,5.109854205838502,2.6940607467980584,36.7,0.07500000000000161,0.02500000000000223,True,True,152.41608504736342,191.81014579416149,39.39406074679806,True,0
1192,2010-09-28,159.84,159.86597625661705,0.02597625661704228,-0.02597625661704228,2.657909392755485,12.046558395810933,0.07750000000000161,0.02750000000000223,True,True,157.20806686386157,171.91253465242798,14.704467788566404,True,0
1193,2010-09-29,159.03,159.69672146056936,0.666721460569363,-0.666721460569363,2.5739153839685116,8.855407630738071,0.08000000000000161,0.030000000000002233,True,True,157.12280607660085,168.55212909130745,11.429323014706597,True,0
1194,2010-09-30,160.01,158.93616894664828,-1.0738310533517108,1.0738310533517108,2.5204442707041608,7.1913533907224405,0.08250000000000161,0.032500000000002235,True,True,156.41572467594412,166.12752233737072,9.711797661426601,True,0
1195,2010-10-01,157.08,159.84705730220222,2.767057302202204,-2.767057302202204,2.4708931508863685,6.542630751341889,0.08500000000000162,0.03500000000000224,False,True,157.37616415131583,166.3896880535441,9.013523902228258,False,1
1196,2010-10-04,153.95,157.0611787260207,3.111178726020711,-3.111178726020711,3.408381753616027,6.123168581259378,0.037500000000001615,0.03750000000000224,True,True,153.65279697240467,163.18434730728006,9.53155033487539,True,0
1197,2010-10-05,157.08,153.9591008292055,-3.1208991707945017,3.1208991707945017,3.3485030667322917,5.914256353834034,0.04000000000000162,0.04000000000000224,True,True,150.61059776247322,159.87335718303956,9.26275942056634,True,0
1198,2010-10-06,160.6,156.84032257955403,-3.7596774204459678,3.7596774204459678,3.3245834561466268,5.664016231169953,0.04250000000000162,0.042500000000002244,True,True,153.5157391234074,162.504338810724,8.988599687316594,True,0
1199,2010-10-07,156.51,160.30477242954032,3.7947724295403304,-3.7947724295403304,3.2955622078958413,5.26363727038553,0.04500000000000162,0.04500000000000225,False,True,157.00921022164448,165.56840969992584,8.559199478281357,False,1
1200,2010-10-08,155.18,156.5176032139495,1.3376032139495067,-1.3376032139495067,inf,5.039359938571721,-0.0024999999999983785,0.04750000000000225,True,True,-inf,161.55696315252123,inf,True,0
1201,2010-10-11,154.89,155.13166520010915,0.2416652001091677,-0.2416652001091677,inf,4.913949003294476,1.6219664500383146e-15,0.05000000000000225,True,True,-inf,160.04561420340363,inf,True,0
1202,2010-10-12,152.51,154.77854762993024,2.2685476299302536,-2.2685476299302536,8.80797472763895,4.790864037316226,0.0025000000000016225,0.05250000000000225,True,True,145.97057290229128,159.56941166724647,13.59883876495519,True,0
1203,2010-10-13,156.69,152.47318986821423,-4.216810131785763,4.216810131785763,7.611320153076839,4.636139467606782,0.005000000000001623,0.055000000000002255,True,True,144.8618697151374,157.10932933582103,12.247459620683628,True,0
1204,2010-10-14,155.16,156.40232086014964,1.242320860149647,-1.242320860149647,6.300506514521345,4.563741211035548,0.007500000000001623,0.05750000000000226,True,True,150.1018143456283,160.9660620711852,10.864247725556908,True,0
1205,2010-10-15,158.42,155.05834455056873,-3.361655449431254,3.361655449431254,5.399616352598684,4.436643377821838,0.010000000000001624,0.06000000000000226,True,True,149.65872819797005,159.49498792839057,9.836259730420522,True,0
1206,2010-10-18,165.0,158.16388345004697,-6.836116549953033,6.836116549953033,5.036240787092794,4.36932249805448,0.012500000000001624,0.06250000000000226,True,False,153.12764266295417,162.53320594810145,9.40556328514728,False,1
1207,2010-10-19,160.68,164.57733791573168,3.8973379157316685,-3.8973379157316685,4.831146649804751,42.92,0.015000000000001625,0.015000000000002262,True,True,159.74619126592694,207.4973379157317,47.75114664980475,True,0
1208,2010-10-20,158.78,160.67825392562204,1.8982539256220434,-1.8982539256220434,4.692270027240724,42.19,0.017500000000001625,0.017500000000002264,True,True,155.98598389838133,202.86825392562204,46.88227002724071,True,0
1209,2010-10-21,162.67,158.76288023486717,-3.907119765132819,3.907119765132819,4.454095901180565,37.25,0.020000000000001628,0.020000000000002266,True,True,154.30878433368662,196.01288023486717,41.70409590118055,True,0
1210,2010-10-22,162.45,162.39753617792832,-0.05246382207167244,0.05246382207167244,4.302029447972899,36.98,0.02250000000000163,0.022500000000002268,True,True,158.09550672995542,199.3775361779283,41.28202944797289,True,0
1211,2010-10-25,171.57,162.298649053282,-9.271350946718002,9.271350946718002,4.060829306802077,17.431662177681503,0.025000000000001632,0.02500000000000227,True,True,158.23781974647991,179.73031123096348,21.492491484483566,True,0
1212,2010-10-26,167.57,171.06715015147773,3.49715015147774,-3.49715015147774,3.8874014459674697,10.395946211211111,0.027500000000001634,0.027500000000002273,True,True,167.17974870551026,181.46309636268884,14.283347657178581,True,0
1213,2010-10-27,168.91,167.54832357211762,-1.3616764278823723,1.3616764278823723,3.7864608305418983,8.855407630738071,0.030000000000001636,0.030000000000002275,True,True,163.76186274157573,176.40373120285568,12.641868461279955,True,0
1214,2010-10-28,168.31,168.7646507912095,0.45465079120950236,-0.45465079120950236,3.723202368245424,7.1913533907224405,0.03250000000000164,0.03250000000000228,True,True,165.0414484229641,175.95600418193195,10.91455575896785,True,0
1215,2010-10-29,165.8,168.20736661384407,2.4073666138440615,-2.4073666138440615,3.493804601489771,6.600213493306498,0.03500000000000164,0.03500000000000228,True,True,164.71356201235432,174.80758010715056,10.09401809479624,True,0
1216,2010-11-01,164.45,165.788828491728,1.3388284917280089,-1.3388284917280089,3.4437430479964632,6.171438483048803,0.03750000000000164,0.03750000000000228,True,True,162.34508544373153,171.9602669747768,9.615181531045266,True,0
1217,2010-11-02,163.75,164.40136674038587,0.6513667403858676,-0.6513667403858676,3.4083280097670468,5.9647052015063835,0.040000000000001645,0.040000000000002284,True,True,160.99303873061882,170.36607194189224,9.373033211273423,True,0
1218,2010-11-03,165.4,163.66425560609903,-1.7357443939009727,1.7357443939009727,3.335579191863104,5.7858225314715455,0.04250000000000165,0.042500000000002286,True,True,160.32867641423593,169.45007813757059,9.121401723334657,True,0
1219,2010-11-04,169.86,165.2110744368564,-4.648925563143621,4.648925563143621,3.310003113181196,5.59665441533582,0.04500000000000165,0.04500000000000229,True,True,161.90107132367518,170.8077288521922,8.90665752851703,True,0
1220,2010-11-05,169.35,169.53774302861606,0.18774302861606884,-0.18774302861606884,3.263973089170321,5.109854205838502,0.04750000000000165,0.04750000000000229,True,True,166.27376993944574,174.64759723445457,8.373827295008823,True,0
1221,2010-11-08,170.84,169.21968325420144,-1.6203167457985614,1.6203167457985614,3.1938458310200417,4.944946333592554,0.050000000000001654,0.05000000000000229,True,True,166.0258374231814,174.164629587794,8.138792164612596,True,0
1222,2010-11-09,172.67,170.66444651062778,-2.005553489372204,2.005553489372204,3.0519731219600885,4.795601335615686,0.052500000000001656,0.052500000000002295,True,True,167.6124733886677,175.46004784624347,7.847574457575774,True,0
1223,2010-11-10,170.59,172.4678581949794,1.8778581949794102,-1.8778581949794102,2.9611715975599537,4.699433799677728,0.05500000000000166,0.0550000000000023,True,True,169.50668659741945,177.16729199465715,7.660605397237703,True,0
1224,2010-11-11,171.0,170.5484273665997,-0.4515726334003034,0.4515726334003034,2.9413746145605835,4.625002873924046,0.05750000000000166,0.0575000000000023,True,True,167.60705275203912,175.17343024052374,7.566377488484619,True,0
1225,2010-11-12,170.12,170.88240752300263,0.7624075230026222,-0.7624075230026222,2.885251627247797,4.4709080800327285,0.06000000000000166,0.0600000000000023,True,True,167.99715589575482,175.35331560303536,7.35615970728054,True,0
1226,2010-11-15,165.16,170.03726447309205,4.877264473092055,-4.877264473092055,2.869160443671902,4.418335655800689,0.06250000000000167,0.0625000000000023,False,True,167.16810402942014,174.45560012889274,7.287496099472605,False,1
1227,2010-11-16,158.74,165.24962318939436,6.509623189394347,-6.509623189394347,4.877264473092055,4.331643840058561,0.015000000000001665,0.0650000000000023,False,True,160.3723587163023,169.58126702945293,9.20890831315063,False,1
1228,2010-11-17,157.84,158.9021961657761,1.0621961657761005,-1.0621961657761005,inf,4.264209125490069,-0.032499999999998336,0.06750000000000231,True,True,-inf,163.1664052912662,inf,True,0
1229,2010-11-18,160.74,157.78765091291436,-2.9523490870856506,2.9523490870856506,inf,4.149251007800132,-0.029999999999998334,0.07000000000000231,True,True,-inf,161.9369019207145,inf,True,0
1230,2010-11-19,163.95,160.4961984448468,-3.453801555153177,3.453801555153177,inf,3.9243451507042266,-0.02749999999999833,0.07250000000000231,True,True,-inf,164.42054359555104,inf,True,0
1231,2010-11-22,165.1,163.66708082078375,-1.432919179216242,1.432919179216242,inf,3.774265967416696,-0.02499999999999833,0.07500000000000231,True,True,-inf,167.44134678820046,inf,True,0
1232,2010-11-23,168.61,164.9021106181323,-3.707889381867716,3.707889381867716,inf,3.731652177666632,-0.022499999999998327,0.07750000000000232,True,True,-inf,168.63376279579893,inf,True,0
1233,2010-11-24,171.53,168.3348720096778,-3.1951279903221916,3.1951279903221916,inf,3.663333917885282,-0.019999999999998325,0.08000000000000232,True,True,-inf,171.9982059275631,inf,True,0
1234,2010-11-26,177.36,171.26680323974554,-6.093196760254472,6.093196760254472,inf,3.602844958007438,-0.017499999999998322,0.08250000000000232,True,False,-inf,174.86964819775298,inf,False,1
1235,2010-11-29,179.99,176.99362676923954,-2.9963732307604687,2.9963732307604687,inf,6.542630751341889,-0.014999999999998322,0.03500000000000232,True,True,-inf,183.53625752058144,inf,True,0
1236,2010-11-30,176.95,179.74230688165065,2.79230688165066,-2.79230688165066,inf,6.123168581259378,-0.012499999999998321,0.03750000000000232,True,True,-inf,185.86547546291,inf,True,0
1237,2010-12-01,179.16,176.94180830971104,-2.218191690288961,2.218191690288961,inf,5.9647052015063835,-0.009999999999998321,0.040000000000002325,True,True,-inf,182.9065135112174,inf,True,0
1238,2010-12-02,176.86,178.98513237935182,2.125132379351811,-2.125132379351811,inf,5.7858225314715455,-0.0074999999999983205,0.04250000000000233,True,True,-inf,184.77095491082338,inf,True,0
1239,2010-12-03,175.5,176.82633489036215,1.3263348903621477,-1.3263348903621477,inf,5.59665441533582,-0.00499999999999832,0.04500000000000233,True,True,-inf,182.42298930569797,inf,True,0
1240,2010-12-06,175.52,175.45532452034715,-0.06467547965286258,0.06467547965286258,inf,5.109854205838502,-0.0024999999999983195,0.04750000000000233,True,True,-inf,180.56517872618565,inf,True,0
1241,2010-12-07,180.5,175.41434108578437,-5.085658914215628,5.085658914215628,inf,4.944946333592554,1.680947048221526e-15,0.050000000000002334,True,False,-inf,180.35928741937693,inf,False,1
1242,2010-12-08,177.49,180.19309302693793,2.703093026937921,-2.703093026937921,8.80797472763895,46.16,0.0025000000000016814,0.0025000000000023337,True,True,171.385118299299,226.35309302693793,54.96797472763893,True,0
1243,2010-12-09,177.77,177.4663368034141,-0.3036631965859158,0.3036631965859158,7.611320153076839,44.65,0.005000000000001682,0.005000000000002334,True,True,169.85501665033726,222.1163368034141,52.26132015307684,True,0
1244,2010-12-10,174.88,177.66854934421747,2.788549344217472,-2.788549344217472,6.509623189394347,43.76,0.007500000000001682,0.007500000000002335,True,True,171.15892615482312,221.42854934421746,50.26962318939434,True,0
1245,2010-12-13,176.33,174.8783944935801,-1.4516055064199236,1.4516055064199236,5.545091823505189,43.48,0.010000000000001683,0.010000000000002335,True,True,169.3333026700749,218.35839449358008,49.02509182350519,True,0
1246,2010-12-14,174.28,176.1765840014258,1.8965840014257935,-1.8965840014257935,5.2353533948385795,43.05,0.012500000000001683,0.012500000000002336,True,True,170.94123060658723,219.2265840014258,48.28535339483858,True,0
1247,2010-12-15,173.72,174.23684126094915,0.5168412609491497,-0.5168412609491497,4.889122137728307,42.92,0.015000000000001684,0.015000000000002336,True,True,169.34771912322083,217.15684126094914,47.80912213772831,True,0
1248,2010-12-16,175.58,173.637805932097,-1.9421940679030172,1.9421940679030172,4.747800207663346,42.19,0.017500000000001684,0.017500000000002337,True,True,168.89000572443365,215.827805932097,46.937800207663344,True,0
1249,2010-12-17,178.41,175.39302259847355,-3.0169774015264466,3.0169774015264466,4.543449545106583,37.25,0.020000000000001683,0.020000000000002335,True,True,170.84957305336695,212.64302259847355,41.7934495451066,True,0
1250,2010-12-20,179.27,178.17195902168905,-1.0980409783109621,1.0980409783109621,4.384435860056229,36.7,0.022500000000001685,0.022500000000002338,True,True,173.7875231616328,214.87195902168907,41.08443586005626,True,0
1251,2010-12-21,183.88,179.10754164527427,-4.772458354725728,4.772458354725728,4.128248268300425,13.725655545674073,0.025000000000001688,0.02500000000000234,True,True,174.97929337697383,192.83319719094834,17.85390381397451,True,0
1252,2010-12-22,185.0,183.58566103701625,-1.4143389629837486,1.4143389629837486,3.8973379157316685,9.271350946718002,0.02750000000000169,0.027500000000002342,True,True,179.68832312128458,192.85701198373425,13.16868886244967,True,0
1253,2010-12-23,184.34,184.82715888675523,0.4871588867552248,-0.4871588867552248,3.7947724295403304,8.43241410940513,0.030000000000001692,0.030000000000002344,True,True,181.0323864572149,193.25957299616036,12.22718653894546,True,0
1254,2010-12-27,181.9,184.25903104668686,2.3590310466868516,-2.3590310466868516,3.7314549404957873,7.075858099101708,0.032500000000001694,0.032500000000002346,True,True,180.52757610619108,191.33488914578857,10.807313039597489,True,0
1255,2010-12-28,182.1,181.89559995340147,-0.20440004659852207,0.20440004659852207,3.49715015147774,6.542630751341889,0.035000000000001696,0.03500000000000235,True,True,178.39844980192373,188.43823070474338,10.039780902819643,True,0
1256,2010-12-29,181.8,182.00166617836098,0.20166617836096634,-0.20166617836096634,3.4437430479964632,6.093196760254472,0.0375000000000017,0.03750000000000235,True,True,178.55792313036451,188.09486293861545,9.536939808250935,True,0
1257,2010-12-30,183.92,181.7045735188265,-2.2154264811734947,2.2154264811734947,3.4083280097670468,5.914256353834034,0.0400000000000017,0.04000000000000235,True,True,178.29624550905945,187.6188298726605,9.322584363601067,True,0
1258,2010-12-31,181.96,183.73395471041098,1.773954710410976,-1.773954710410976,3.335579191863104,5.664016231169953,0.0425000000000017,0.042500000000002355,True,True,180.39837551854788,189.39797094158092,8.999595423033043,True,0
1259,2011-01-03,181.37,181.9189806776785,0.548980677678486,-0.548980677678486,3.310003113181196,5.26363727038553,0.045000000000001705,0.04500000000000236,True,True,178.6089775644973,187.18261794806403,8.573640383566726,True,0
1260,2011-01-04,186.15,181.29814086423477,-4.851859135765238,4.851859135765238,3.263973089170321,5.085658914215628,0.04750000000000171,0.04750000000000236,True,True,178.03416777506445,186.3837997784504,8.349632003385949,True,0
1261,2011-01-05,184.1,185.86023018939366,1.760230189393667,-1.760230189393667,3.1938458310200417,4.944946333592554,0.05000000000000171,0.05000000000000236,True,True,182.66638435837362,190.80517652298622,8.138792164612596,True,0
1262,2011-01-06,186.5,184.0486660907988,-2.451333909201196,2.451333909201196,3.0519731219600885,4.851859135765238,0.05250000000000171,0.052500000000002364,True,True,180.99669296883872,188.90052522656404,7.903832257725327,True,0
1263,2011-01-07,187.88,186.31624170215628,-1.5637582978437194,1.5637582978437194,2.9611715975599537,4.772458354725728,0.055000000000001714,0.055000000000002366,True,True,183.35507010459634,191.088700056882,7.733629952285668,True,0
1264,2011-01-10,185.04,187.71260292745265,2.672602927452658,-2.672602927452658,2.9413746145605835,4.648925563143621,0.057500000000001716,0.05750000000000237,True,True,184.77122831289208,192.36152849059627,7.590300177704194,True,0
1265,2011-01-11,185.42,185.04389206132637,-0.3761079386736128,0.3761079386736128,2.885251627247797,4.608930260961898,0.06000000000000172,0.06000000000000237,True,True,182.15864043407856,189.65282232228827,7.4941818882097095,True,0
1266,2011-01-12,185.36,185.321353168484,-0.038646831516018665,0.038646831516018665,2.8614638550280986,4.436643377821838,0.06250000000000172,0.06250000000000237,True,True,182.4598893134559,189.75799654630583,7.2981072328499295,True,0
1267,2011-01-13,183.6,185.2583157242946,1.6583157242945958,-1.6583157242945958,2.831713139362286,4.36932249805448,0.06500000000000172,0.06500000000000238,True,True,182.4266025849323,189.62763822234908,7.201035637416766,True,0
1268,2011-01-14,185.5,183.5663415918,-1.9336584081999888,1.9336584081999888,2.8008241613142104,4.293657487471137,0.06750000000000173,0.06750000000000238,True,True,180.7655174304858,187.85999907927115,7.094481648785347,True,0
1269,2011-01-18,188.66,185.331773254665,-3.3282267453350016,3.3282267453350016,2.7875452560443534,4.189984970971651,0.07000000000000173,0.07000000000000238,True,True,182.54422799862064,189.52175822563663,6.97753022701599,True,0
1270,2011-01-19,190.9,188.42181879272601,-2.478181207273991,2.478181207273991,2.7524445329828495,3.9822201278224014,0.07250000000000173,0.07250000000000238,True,True,185.66937425974317,192.40403892054843,6.734664660805265,True,0
1271,2011-01-20,185.29,190.6961786391669,5.40617863916691,-5.40617863916691,2.71731753294884,3.820990240605795,0.07500000000000173,0.07500000000000238,False,True,187.97886110621806,194.5171688797727,6.538307773554635,False,1
1272,2011-01-21,183.0,185.39682552496717,2.39682552496717,-2.39682552496717,3.997072011575071,3.7596774204459678,0.02750000000000173,0.07750000000000239,True,True,181.3997535133921,189.15650294541314,7.756749432021024,True,0
1273,2011-01-24,177.95,183.0223320230081,5.0723320230081015,-5.0723320230081015,3.7947724295403304,3.663344093795274,0.030000000000001734,0.08000000000000239,False,True,179.22755959346776,186.68567611680336,7.458116523335605,False,1
1274,2011-01-25,175.5,178.04664350450872,2.5466435045087223,-2.5466435045087223,inf,3.602844958007438,-0.017499999999998267,0.08250000000000239,True,True,-inf,181.64948846251616,inf,True,0
1275,2011-01-26,177.51,175.5062135477102,-2.003786452289802,2.003786452289802,inf,3.5731667845510913,-0.014999999999998266,0.0850000000000024,True,True,-inf,179.07938033226128,inf,True,0
1276,2011-01-27,177.48,177.32839705330355,-0.1516029466964426,0.1516029466964426,inf,3.5203079912296857,-0.012499999999998266,0.0875000000000024,True,True,-inf,180.84870504453323,inf,True,0
1277,2011-01-28,171.45,177.35157956559743,5.901579565597444,-5.901579565597444,inf,3.509516256578152,-0.009999999999998265,0.0900000000000024,True,True,-inf,180.86109582217557,inf,True,0
1278,2011-01-31,170.16,171.56144306804956,1.4014430680495593,-1.4014430680495593,inf,3.4899380650063563,-0.007499999999998265,0.0925000000000024,True,True,-inf,175.0513811330559,inf,True,0
1279,2011-02-01,170.52,170.1239142710871,-0.39608572891290805,0.39608572891290805,inf,3.453801555153177,-0.0049999999999982645,0.0950000000000024,True,True,-inf,173.57771582624028,inf,True,0
1280,2011-02-02,171.42,170.3896955330099,-1.0303044669900885,1.0303044669900885,inf,3.418989654023477,-0.002499999999998264,0.0975000000000024,True,True,-inf,173.80868518703338,inf,True,0
1281,2011-02-03,173.5,171.25823634890622,-2.241763651093777,2.241763651093777,inf,3.337869009852497,1.736458199452784e-15,0.1000000000000024,True,True,-inf,174.59610535875873,inf,True,0
1282,2011-02-04,174.0,173.28960466108578,-0.7103953389142248,0.7103953389142248,8.80797472763895,3.2821015063999823,0.002500000000001737,0.10250000000000241,True,True,164.4816299334468,176.57170616748576,12.090076234038946,True,0
1283,2011-02-07,176.15,173.8448256203584,-2.3051743796416133,2.3051743796416133,7.611320153076839,3.2382215043559626,0.005000000000001737,0.10500000000000241,True,True,166.23350546728156,177.08304712471437,10.849541657432809,True,0
1284,2011-02-08,176.66,175.94214458047108,-0.7178554195289166,0.7178554195289166,6.509623189394347,3.1925308324346275,0.007500000000001738,0.10750000000000241,True,True,169.43252139107673,179.13467541290572,9.702154021828989,True,0
1285,2011-02-09,183.15,176.50676726725507,-6.643232732744934,6.643232732744934,5.901579565597444,3.0587897068163414,0.010000000000001738,0.11000000000000242,True,False,170.60518770165763,179.5655569740714,8.960369272413772,False,1
1286,2011-02-10,184.39,182.77626334433583,-1.6137366556641553,1.6137366556641553,5.2671958537235355,4.436643377821838,0.012500000000001739,0.06250000000000241,True,True,177.5090674906123,187.21290672215767,9.703839231545373,True,0
1287,2011-02-11,185.56,184.19075552921765,-1.3692444707823483,1.3692444707823483,5.036240787092794,4.36932249805448,0.01500000000000174,0.06500000000000242,True,True,179.15451474212486,188.56007802727214,9.40556328514728,True,0
1288,2011-02-14,189.25,185.39857689857405,-3.851423101425951,3.851423101425951,4.877264473092055,4.293657487471137,0.01750000000000174,0.06750000000000242,True,True,180.521312425482,189.6922343860452,9.170921960563192,True,0
1289,2011-02-15,188.73,188.99565511822343,0.26565511822343524,-0.26565511822343524,4.737598771371339,4.149251007800132,0.02000000000000174,0.07000000000000242,True,True,184.25805634685207,193.14490612602356,8.886849779171484,True,0
1290,2011-02-16,189.77,188.62483280153242,-1.1451671984675897,1.1451671984675897,4.454095901180565,3.9822201278224014,0.02250000000000174,0.07250000000000242,True,True,184.17073690035187,192.60705292935484,8.436316029002967,True,0
1291,2011-02-17,185.77,189.63043732806085,3.86043732806084,-3.86043732806084,4.302029447972899,3.851423101425951,0.025000000000001743,0.07500000000000243,True,True,185.32840788008795,193.4818604294868,8.15345254939885,True,0
1292,2011-02-18,187.54,185.80953655464154,-1.7304634453584526,1.7304634453584526,4.060829306802077,3.7596774204459678,0.027500000000001745,0.07750000000000243,True,True,181.74870724783946,189.5692139750875,7.820506727248045,True,0
1293,2011-02-22,183.68,187.3867631442644,3.706763144264386,-3.706763144264386,3.8874014459674697,3.663344093795274,0.030000000000001747,0.08000000000000243,True,True,183.49936169829692,191.05010723805967,7.550745539762744,True,0
1294,2011-02-23,180.25,183.70829844104662,3.4582984410466224,-3.4582984410466224,3.7864608305418983,3.633319734752817,0.03250000000000175,0.08250000000000243,True,True,179.92183761050472,187.34161817579945,7.4197805652947295,True,0
1295,2011-02-24,176.86,180.28508834116224,3.4250883411622226,-3.4250883411622226,3.723202368245424,3.5798246816233927,0.03500000000000175,0.08500000000000243,True,True,176.5618859729168,183.86491302278563,7.303027049868831,True,0
1296,2011-02-25,178.95,176.8846962092573,-2.065303790742689,2.065303790742689,3.49715015147774,3.5203079912296857,0.037500000000001754,0.08750000000000244,True,True,173.38754605777956,180.40500420048699,7.017458142707426,True,0
1297,2011-02-28,173.91,178.76719035939652,4.857190359396526,-4.857190359396526,3.4661290183451854,3.509516256578152,0.040000000000001756,0.09000000000000244,False,True,175.30106134105134,182.27670661597466,6.975645274923323,False,1
1298,2011-03-01,173.53,173.96970921267774,0.4397092126777409,-0.4397092126777409,inf,3.492684661837359,-0.007499999999998244,0.09250000000000244,True,True,-inf,177.4623938745151,inf,True,0
1299,2011-03-02,169.09,173.4437814229881,4.353781422988106,-4.353781422988106,inf,3.453801555153177,-0.004999999999998244,0.09500000000000244,True,True,-inf,176.8975829781413,inf,True,0
1300,2011-03-03,173.71,169.13366483136264,-4.576335168637371,4.576335168637371,inf,3.418989654023477,-0.002499999999998243,0.09750000000000245,True,False,-inf,172.5526544853861,inf,False,1
1301,2011-03-04,172.62,173.42007892482144,0.8000789248214346,-0.8000789248214346,inf,4.913949003294476,1.7572748811645056e-15,0.050000000000002445,True,True,-inf,178.33402792811592,inf,True,0
1302,2011-03-07,171.92,172.51842626215247,0.5984262621524863,-0.5984262621524863,8.80797472763895,4.795601335615686,0.0025000000000017578,0.05250000000000245,True,True,163.71045153451354,177.31402759776816,13.603576063254621,True,0
1303,2011-03-08,169.39,171.8261452905011,2.4361452905011163,-2.4361452905011163,7.611320153076839,4.727720909330571,0.005000000000001758,0.05500000000000245,True,True,164.21482513742427,176.55386619983167,12.339041062407404,True,0
1304,2011-03-09,166.67,169.36419073041301,2.694190730413027,-2.694190730413027,6.509623189394347,4.636139467606782,0.007500000000001759,0.05750000000000245,True,True,162.85456754101867,174.0003301980198,11.145762657001143,True,0
1305,2011-03-10,167.07,166.656662374438,-0.4133376255619794,0.4133376255619794,5.545091823505189,4.563741211035548,0.01000000000000176,0.060000000000002454,True,True,161.1115705509328,171.22040358547355,10.108833034540737,True,0
1306,2011-03-11,165.5,166.93669193491013,1.4366919349101295,-1.4366919349101295,5.2671958537235355,4.436643377821838,0.01250000000000176,0.06250000000000246,True,True,161.6694960811866,171.37333531273197,9.703839231545373,True,0
1307,2011-03-14,166.6,165.43067882100001,-1.1693211789999793,1.1693211789999793,5.036240787092794,4.36932249805448,0.01500000000000176,0.06500000000000246,True,True,160.39443803390722,169.8000013190545,9.40556328514728,True,0
1308,2011-03-15,161.39,166.43423776028857,5.044237760288581,-5.044237760288581,4.877264473092055,4.264209125490069,0.01750000000000176,0.06750000000000246,False,True,161.5569732871965,170.69844688577865,9.141473598582138,False,1
1309,2011-03-16,164.7,161.45810640492428,-3.241893595075709,3.241893595075709,inf,4.149251007800132,-0.02999999999999824,0.07000000000000246,True,True,-inf,165.6073574127244,inf,True,0
1310,2011-03-17,165.91,164.45604880075052,-1.4539511992494738,1.4539511992494738,inf,3.9822201278224014,-0.02749999999999824,0.07250000000000247,True,True,-inf,168.43826892857294,inf,True,0
1311,2011-03-18,161.19,165.7202934865308,4.530293486530809,-4.530293486530809,inf,3.820990240605795,-0.02499999999999824,0.07500000000000247,True,True,-inf,169.5412837271366,inf,True,0
1312,2011-03-21,163.37,161.24120977757812,-2.128790222421884,2.128790222421884,inf,3.7596774204459678,-0.022499999999998237,0.07750000000000247,True,True,-inf,165.0008871980241,inf,True,0
1313,2011-03-22,164.07,163.17217874445626,-0.8978212555437324,0.8978212555437324,inf,3.663344093795274,-0.019999999999998234,0.08000000000000247,True,True,-inf,166.83552283825153,inf,True,0
1314,2011-03-23,162.3,163.90342823965912,1.6034282396591095,-1.6034282396591095,inf,3.602844958007438,-0.017499999999998232,0.08250000000000247,True,True,-inf,167.50627319766656,inf,True,0
1315,2011-03-24,168.21,162.2385845207297,-5.97141547927032,5.97141547927032,inf,3.5731667845510913,-0.014999999999998232,0.08500000000000248,True,False,-inf,165.81175130528078,inf,False,1
1316,2011-03-25,171.64,167.84595907256949,-3.794040927430501,3.794040927430501,inf,6.076534422462814,-0.012499999999998231,0.037500000000002476,True,True,-inf,173.9224934950323,inf,True,0
1317,2011-03-28,171.8,171.34704518846942,-0.4529548115305886,0.4529548115305886,inf,5.914256353834034,-0.00999999999999823,0.04000000000000248,True,True,-inf,177.26130154230344,inf,True,0
1318,2011-03-29,170.73,171.65129780579824,0.9212978057982468,-0.9212978057982468,inf,5.664016231169953,-0.00749999999999823,0.04250000000000248,True,True,-inf,177.31531403696818,inf,True,0
1319,2011-03-30,177.78,170.64443832696682,-7.13556167303318,7.13556167303318,inf,5.146377664241015,-0.00499999999999823,0.04500000000000248,True,False,-inf,175.79081599120784,inf,False,1
1320,2011-03-31,179.31,177.37287589438048,-1.9371241056195174,1.9371241056195174,inf,inf,-0.0024999999999982293,-0.002499999999997518,True,True,-inf,inf,inf,True,0
1321,2011-04-01,181.58,179.09290710121442,-2.4870928987855905,2.4870928987855905,inf,inf,1.77115266897232e-15,2.482389294122811e-15,True,True,-inf,inf,inf,True,0
1322,2011-04-04,180.89,181.36208843266544,0.4720884326654584,-0.4720884326654584,8.80797472763895,46.16,0.0025000000000017716,0.002500000000002483,True,True,172.5541137050265,227.52208843266544,54.96797472763893,True,0
1323,2011-04-05,182.1,180.78650057473715,-1.3134994252628474,1.3134994252628474,7.611320153076839,44.65,0.005000000000001772,0.005000000000002483,True,True,173.17518042166031,225.43650057473715,52.26132015307684,True,0
1324,2011-04-06,186.15,181.93423741091945,-4.215762589080555,4.215762589080555,6.509623189394347,43.76,0.007500000000001773,0.007500000000002484,True,True,175.4246142215251,225.69423741091944,50.26962318939434,True,0
1325,2011-04-07,182.78,185.86590482024445,3.0859048202444512,-3.0859048202444512,5.545091823505189,43.23,0.010000000000001773,0.010000000000002484,True,True,180.32081299673928,229.09590482024444,48.775091823505164,True,0
1326,2011-04-08,185.26,182.77640204481608,-2.4835979551839102,2.4835979551839102,5.2671958537235355,42.95,0.012500000000001774,0.012500000000002485,True,True,177.50920619109255,225.7264020448161,48.21719585372355,True,0
1327,2011-04-11,184.86,185.05605310367656,0.19605310367654738,-0.19605310367654738,5.044237760288581,42.84,0.015000000000001774,0.015000000000002485,True,True,180.01181534338798,227.89605310367656,47.884237760288585,True,0
1328,2011-04-12,183.06,184.74794991724062,1.6879499172406156,-1.6879499172406156,4.877264473092055,37.34,0.017500000000001775,0.017500000000002486,True,True,179.87068544414856,222.08794991724062,42.21726447309206,True,0
1329,2011-04-13,180.83,183.01379311748641,2.1837931174864025,-2.1837931174864025,4.747800207663346,37.04,0.020000000000001773,0.020000000000002488,True,True,178.26599290982307,220.0537931174864,41.78780020766334,True,0
1330,2011-04-14,181.39,180.80409432904796,-0.5859056709520303,0.5859056709520303,4.543449545106583,36.7,0.022500000000001776,0.02250000000000249,True,True,176.26064478394136,217.50409432904797,41.243449545106614,True,0
1331,2011-04-15,181.0,181.25516952750104,0.25516952750103883,-0.25516952750103883,4.400581239885014,10.395946211211111,0.025000000000001778,0.025000000000002492,True,True,176.85458828761602,191.65111573871215,14.796527451096125,True,0
1332,2011-04-18,178.38,180.89136971459703,2.5113697145970377,-2.5113697145970377,4.302029447972899,8.855407630738071,0.02750000000000178,0.027500000000002495,True,True,176.58934026662413,189.7467773453351,13.157437078710956,True,0
1333,2011-04-19,178.35,178.36176691943476,0.011766919434762713,-0.011766919434762713,4.060829306802077,7.1913533907224405,0.030000000000001782,0.030000000000002497,True,True,174.30093761263268,185.5531203101572,11.252182697524518,True,0
1334,2011-04-20,181.62,178.23789944336195,-3.3821005566380506,3.3821005566380506,3.86043732806084,6.643232732744934,0.032500000000001784,0.0325000000000025,True,True,174.3774621153011,184.8811321761069,10.503670060805774,True,0
1335,2011-04-21,184.56,181.3662695970614,-3.1937304029385984,3.1937304029385984,3.7864608305418983,6.32626534488368,0.03500000000000179,0.0350000000000025,True,True,177.5798087665195,187.6925349419451,10.112726175425593,True,0
1336,2011-04-25,185.65,184.3078775485294,-1.3421224514706012,1.3421224514706012,3.706763144264386,6.076534422462814,0.03750000000000179,0.037500000000002504,True,True,180.60111440426502,190.38441197099223,9.783297566727214,True,0
1337,2011-04-26,186.27,185.47532028767014,-0.7946797123298666,0.7946797123298666,3.493804601489771,5.914256353834034,0.04000000000000179,0.040000000000002506,True,True,181.9815156861804,191.38957664150416,9.408060955323776,True,0
1338,2011-04-27,183.2,186.1227796433801,2.9227796433801245,-2.9227796433801245,3.4582984410466224,5.664016231169953,0.04250000000000179,0.04250000000000251,True,True,182.6644812023335,191.78679587455008,9.12231467221659,True,0
1339,2011-04-28,195.96,183.19763074592157,-12.762369254078436,12.762369254078436,3.408381753616027,5.146377664241015,0.045000000000001796,0.04500000000000251,True,False,179.78924899230555,188.3440084101626,8.554759417857042,False,1
1340,2011-04-29,194.38,195.32924180728224,0.9492418072822488,-0.9492418072822488,3.3485030667322917,inf,0.0475000000000018,-0.0024999999999974903,True,True,191.98073874054995,inf,inf,True,0
1341,2011-05-02,196.57,194.28042323912908,-2.289576760870915,2.289576760870915,3.310003113181196,inf,0.0500000000000018,2.51014486973844e-15,True,True,190.9704201259479,inf,inf,True,0
1342,2011-05-03,201.0,196.37870105970495,-4.621298940295048,4.621298940295048,3.263973089170321,46.16,0.0525000000000018,0.0025000000000025106,True,True,193.11472797053463,242.53870105970495,49.42397308917032,True,0
1343,2011-05-04,198.25,200.70823844843645,2.458238448436447,-2.458238448436447,3.2057372503300243,44.65,0.055000000000001804,0.005000000000002511,True,True,197.50250119810642,245.35823844843645,47.85573725033004,True,0
1344,2011-05-05,198.66,198.2411578570251,-0.41884214297490985,0.41884214297490985,3.0859048202444512,43.55,0.05750000000000181,0.007500000000002512,True,True,195.15525303678064,241.7911578570251,46.63590482024446,True,0
1345,2011-05-06,199.1,198.5497371136458,-0.5502628863542043,0.5502628863542043,2.9841768871517402,43.23,0.06000000000000181,0.010000000000002512,True,True,195.56556022649406,241.77973711364578,46.21417688715172,True,0
1346,2011-05-09,198.34,198.9768763023788,0.6368763023787949,-0.6368763023787949,2.9413746145605835,42.95,0.0625000000000018,0.012500000000002513,True,True,196.03550168781823,241.9268763023788,45.89137461456056,True,0
1347,2011-05-10,201.94,198.26481023114138,-3.6751897688586155,3.6751897688586155,2.8987912322142506,42.66,0.0650000000000018,0.015000000000002513,True,True,195.36601899892713,240.92481023114138,45.55879123221425,True,0
1348,2011-05-11,203.12,201.69367448169336,-1.4263255183066406,1.4263255183066406,2.8703246188081124,37.34,0.06750000000000181,0.017500000000002514,True,True,198.82334986288527,239.03367448169337,40.2103246188081,True,0
1349,2011-05-12,204.22,202.95936990332612,-1.2606300966738786,1.2606300966738786,2.8545518459019377,37.04,0.07000000000000181,0.020000000000002516,True,True,200.10481805742418,239.9993699033261,39.89455184590193,True,0
1350,2011-05-13,205.7,204.07402211723974,-1.6259778827602531,1.6259778827602531,2.8190468173178047,17.431662177681503,0.07250000000000181,0.022500000000002518,True,True,201.25497529992194,221.50568429492125,20.250708994999314,True,0
1351,2011-05-16,200.54,205.54096251590053,5.0009625159005395,-5.0009625159005395,2.7875452560443534,12.046558395810933,0.07500000000000182,0.02500000000000252,False,True,202.75341725985618,217.58752091171147,14.834103651855287,False,1
1352,2011-05-17,191.82,200.6420914990088,8.82209149900882,-8.82209149900882,4.302029447972899,8.855407630738071,0.027500000000001815,0.027500000000002522,False,True,196.34006205103591,209.49749912974687,13.157437078710956,False,1
1353,2011-05-18,194.13,192.06756337769767,-2.0624366223023287,2.0624366223023287,inf,7.1913533907224405,-0.019999999999998186,0.030000000000002525,True,True,-inf,199.2589167684201,inf,True,0
1354,2011-05-19,198.33,193.9596870041364,-4.3703129958636,4.3703129958636,inf,6.836116549953033,-0.017499999999998184,0.03250000000000253,True,True,-inf,200.79580355408945,inf,True,0
1355,2011-05-20,197.95,198.038928780978,0.08892878097802281,-0.08892878097802281,inf,6.32626534488368,-0.014999999999998183,0.03500000000000253,True,True,-inf,204.3651941258617,inf,True,0
1356,2011-05-23,195.56,197.83602796090454,2.2760279609045426,-2.2760279609045426,inf,6.093196760254472,-0.012499999999998183,0.03750000000000253,True,True,-inf,203.92922472115902,inf,True,0
1357,2011-05-24,197.0,195.54717272094123,-1.4528272790587664,1.4528272790587664,inf,5.914256353834034,-0.009999999999998182,0.040000000000002534,True,True,-inf,201.46142907477525,inf,True,0
1358,2011-05-25,193.57,196.84476284435246,3.274762844352466,-3.274762844352466,inf,5.664016231169953,-0.007499999999998182,0.042500000000002536,True,True,-inf,202.5087790755224,inf,True,0
1359,2011-05-26,191.24,193.5871762491954,2.3471762491953996,-2.3471762491953996,inf,5.146377664241015,-0.004999999999998181,0.04500000000000254,True,True,-inf,198.73355391343642,inf,True,0
1360,2011-05-27,194.76,191.23451224545565,-3.5254877545443435,3.5254877545443435,inf,5.039359938571721,-0.0024999999999981808,0.04750000000000254,True,True,-inf,196.27387218402737,inf,True,0
1361,2011-05-31,195.94,194.51586489398392,-1.424135106016081,1.424135106016081,inf,4.913949003294476,1.8197249262996706e-15,0.05000000000000254,True,True,-inf,199.4298138972784,inf,True,0
1362,2011-06-01,196.06,195.7608321768334,-0.29916782316661283,0.29916782316661283,8.82209149900882,4.795601335615686,0.00250000000000182,0.052500000000002545,True,True,186.93874067782457,200.55643351244908,13.617692834624506,True,0
1363,2011-06-02,192.28,195.9372024622399,3.657202462239894,-3.657202462239894,7.642987594851675,4.727720909330571,0.005000000000001821,0.05500000000000255,True,True,188.29421486738823,200.66492337157047,12.370708504182232,True,0
1364,2011-06-03,191.23,192.31532219374157,1.0853221937415753,-1.0853221937415753,6.509623189394347,4.625002873924046,0.007500000000001821,0.05750000000000255,True,True,185.80569900434722,196.9403250676656,11.134626063318393,True,0
1365,2011-06-06,188.66,191.17604268741317,2.516042687413176,-2.516042687413176,5.901579565597444,4.576335168637371,0.010000000000001822,0.06000000000000255,True,True,185.27446312181573,195.75237785605054,10.477914734234815,True,0
1366,2011-06-07,185.72,188.6489253720846,2.928925372084592,-2.928925372084592,5.2671958537235355,4.436643377821838,0.012500000000001822,0.06250000000000255,True,True,183.38172951836106,193.08556874990643,9.703839231545373,True,0
1367,2011-06-08,187.45,185.72817366848966,-1.7218263315103286,1.7218263315103286,5.044237760288581,4.3703129958636,0.015000000000001823,0.06500000000000256,True,True,180.68393590820108,190.09848666435326,9.414550756152181,True,0
1368,2011-06-09,189.74,187.27501719722034,-2.464982802779673,2.464982802779673,5.0009625159005395,4.293657487471137,0.017500000000001823,0.06750000000000256,True,True,182.2740546813198,191.56867468469147,9.294620003371676,True,0
1369,2011-06-10,189.25,189.51875990954755,0.2687599095475548,-0.2687599095475548,4.831146649804751,4.215762589080555,0.020000000000001822,0.07000000000000256,True,True,184.68761325974282,193.7345224986281,9.046909238885291,True,0
1370,2011-06-13,186.81,189.13751834812896,2.3275183481289616,-2.3275183481289616,4.692270027240724,4.078420857326037,0.022500000000001824,0.07250000000000256,True,True,184.44524832088825,193.21593920545502,8.770690884566761,True,0
1371,2011-06-14,188.99,186.788695826604,-2.201304173396011,2.201304173396011,4.454095901180565,3.907119765132819,0.025000000000001826,0.07500000000000256,True,True,182.33459992542345,190.69581559173682,8.36121566631337,True,0
1372,2011-06-15,188.04,188.79579232730214,0.7557923273021458,-0.7557923273021458,4.353781422988106,3.774265967416696,0.02750000000000183,0.07750000000000257,True,True,184.44201090431403,192.57005829471882,8.128047390404788,True,0
1373,2011-06-16,185.74,187.94534320576435,2.2053432057643363,-2.2053432057643363,4.060829306802077,3.731652177666632,0.03000000000000183,0.08000000000000257,True,True,183.88451389896227,191.67699538343098,7.792481484468709,True,0
1374,2011-06-17,186.51,185.71515432822176,-0.7948456717782335,0.7948456717782335,3.8874014459674697,3.663333917885282,0.03250000000000183,0.08250000000000257,True,True,181.8277528822543,189.37848824610705,7.550735363852766,True,0
1375,2011-06-20,185.96,186.3703047898115,0.4103047898115051,-0.4103047898115051,3.7864608305418983,3.602844958007438,0.035000000000001835,0.08500000000000257,True,True,182.58384395926961,189.97314974781895,7.389305788549336,True,0
1376,2011-06-21,188.3,185.85554969439792,-2.444450305602089,2.444450305602089,3.723202368245424,3.5701803880112806,0.03750000000000184,0.08750000000000258,True,True,182.1323473261525,189.4257300824092,7.293382756256676,True,0
1377,2011-06-22,193.96,188.08744905601418,-5.8725509439858286,5.8725509439858286,3.49715015147774,3.5203079912296857,0.04000000000000184,0.09000000000000258,True,False,184.59029890453644,191.60775704724387,7.017458142707426,False,1
1378,2011-06-23,189.5,193.599397974816,4.099397974815986,-4.099397974815986,3.4661290183451854,5.664016231169953,0.04250000000000184,0.04250000000000258,False,True,190.1332689564708,199.26341420598595,9.130145249515152,False,1
1379,2011-06-24,193.88,189.52522816868267,-4.354771831317322,4.354771831317322,inf,5.146377664241015,-0.004999999999998159,0.04500000000000258,True,True,-inf,194.6716058329237,inf,True,0
1380,2011-06-27,194.5,193.60652542376948,-0.893474576230517,0.893474576230517,inf,5.039359938571721,-0.002499999999998158,0.04750000000000258,True,True,-inf,198.6458853623412,inf,True,0
1381,2011-06-28,201.92,194.33359187384005,-7.586408126159938,7.586408126159938,inf,4.913949003294476,1.842276331487369e-15,0.050000000000002584,True,False,-inf,199.24754087713453,inf,False,1
1382,2011-06-29,202.67,201.49919006757892,-1.170809932421065,1.170809932421065,8.82209149900882,46.16,0.0025000000000018428,0.0025000000000025835,True,True,192.6770985685701,247.65919006757892,54.98209149900882,True,0
1383,2011-06-30,200.78,202.4941053024413,1.714105302441311,-1.714105302441311,7.642987594851675,44.65,0.005000000000001843,0.005000000000002584,True,True,194.85111770758965,247.14410530244132,52.29298759485167,True,0
1384,2011-07-01,205.55,200.74250646472836,-4.807493535271647,4.807493535271647,6.509623189394347,43.55,0.007500000000001844,0.0075000000000025845,True,True,194.23288327533402,244.29250646472838,50.05962318939436,True,0
1385,2011-07-05,208.76,205.2578380337531,-3.502161966246888,3.502161966246888,5.901579565597444,43.23,0.010000000000001844,0.010000000000002585,True,True,199.35625846815566,248.4878380337531,49.131579565597434,True,0
1386,2011-07-06,212.12,208.5024251019332,-3.617574898066806,3.617574898066806,5.2671958537235355,42.95,0.012500000000001845,0.012500000000002585,True,True,203.23522924820966,251.45242510193322,48.21719585372355,True,0
1387,2011-07-07,215.09,211.87127614116224,-3.2187238588377625,3.2187238588377625,5.044237760288581,42.66,0.015000000000001845,0.015000000000002586,True,True,206.82703838087366,254.53127614116224,47.70423776028858,True,0
1388,2011-07-08,214.3,214.8622985084626,0.5622985084625896,-0.5622985084625896,4.889122137728307,37.25,0.017500000000001847,0.017500000000002586,True,True,209.97317637073428,252.1122985084626,42.13912213772832,True,0
1389,2011-07-11,216.74,214.22511646122737,-2.5148835387726365,2.5148835387726365,4.831146649804751,36.98,0.02000000000000185,0.020000000000002585,True,True,209.3939698114226,251.20511646122736,41.811146649804755,True,0
1390,2011-07-12,214.64,216.55634879324018,1.9163487932401893,-1.9163487932401893,4.543449545106583,13.725655545674073,0.022500000000001852,0.022500000000002587,True,True,212.01289924813358,230.28200433891425,18.26910509078067,True,0
1391,2011-07-13,214.7,214.62080350690465,-0.07919649309533838,0.07919649309533838,4.454095901180565,10.395946211211111,0.025000000000001854,0.02500000000000259,True,True,210.16670760572407,225.01674971811576,14.85004211239169,True,0
1392,2011-07-14,213.58,214.61478248204685,1.034782482046836,-1.034782482046836,4.302029447972899,8.43241410940513,0.027500000000001856,0.027500000000002592,True,True,210.31275303407395,223.04719659145198,12.734443557378029,True,0
1393,2011-07-15,213.08,213.53010456634854,0.4501045663485286,-0.4501045663485286,4.099397974815986,7.1913533907224405,0.03000000000000186,0.030000000000002594,True,True,209.43070659153256,220.72145795707098,11.290751365538426,True,0
1394,2011-07-18,212.53,213.0094266754542,0.47942667545419226,-0.47942667545419226,3.8874014459674697,6.643232732744934,0.03250000000000186,0.032500000000002596,True,True,209.12202522948672,219.65265940819913,10.530634178712404,True,0
1395,2011-07-19,213.77,212.4574028178198,-1.3125971821802125,1.3125971821802125,3.7947724295403304,6.32626534488368,0.03500000000000186,0.0350000000000026,True,True,208.66263038827947,218.78366816270346,10.121037774423996,True,0
1396,2011-07-20,220.05,213.62688888944163,-6.423111110558381,6.423111110558381,3.723202368245424,6.076534422462814,0.037500000000001865,0.0375000000000026,True,False,209.90368652119622,219.70342331190443,9.79973679070821,False,1
1397,2011-07-21,216.74,219.70197614208783,2.9619761420878206,-2.9619761420878206,3.5895050947563902,inf,0.04000000000000187,-0.0099999999999974,True,True,216.11247104733144,inf,inf,True,0
1398,2011-07-22,213.86,216.75244205939126,2.892442059391243,-2.892442059391243,3.4661290183451854,inf,0.04250000000000187,-0.007499999999997399,True,True,213.28631304104607,inf,inf,True,0
1399,2011-07-25,215.49,213.89616331969577,-1.5938366803042356,1.5938366803042356,3.4250883411622226,inf,0.04500000000000187,-0.004999999999997399,True,True,210.47107497853355,inf,inf,True,0
1400,2011-07-26,214.99,215.3448642182534,0.35486421825339676,-0.35486421825339676,3.37239714451394,inf,0.047500000000001874,-0.0024999999999973984,True,True,211.97246707373947,inf,inf,True,0
1401,2011-07-27,224.39,214.90701469113256,-9.482985308867427,9.482985308867427,3.3245834561466268,inf,0.050000000000001876,2.6020852139652106e-15,True,True,211.58243123498593,inf,inf,True,0
1402,2011-07-28,223.27,223.92307749948702,0.6530774994870114,-0.6530774994870114,3.2955622078958413,46.16,0.05250000000000188,0.0025000000000026026,True,True,220.62751529159118,270.083077499487,49.45556220789581,True,0
1403,2011-07-29,221.29,223.18696708684442,1.8969670868444268,-1.8969670868444268,3.212467117304371,44.41,0.05500000000000188,0.005000000000002603,True,True,219.97449996954003,267.5969670868444,47.62246711730438,True,0
1404,2011-08-01,225.0,221.29106584913578,-3.7089341508642235,3.7089341508642235,3.161111502845742,43.55,0.05750000000000188,0.0075000000000026035,True,True,218.12995434629005,264.84106584913576,46.71111150284571,True,0
1405,2011-08-02,220.32,224.77922087025286,4.459220870252864,-4.459220870252864,3.035865254156917,43.18,0.060000000000001885,0.010000000000002604,False,True,221.74335561609593,267.95922087025286,46.21586525415694,False,1
1406,2011-08-03,209.48,220.40408695002725,10.92408695002726,-10.92408695002726,5.2671958537235355,42.95,0.012500000000001885,0.012500000000002605,False,True,215.1368910963037,263.35408695002724,48.217195853723524,False,1
1407,2011-08-04,206.73,209.82519509193028,3.095195091930293,-3.095195091930293,inf,42.19,-0.034999999999998116,0.015000000000002605,True,True,-inf,252.01519509193028,inf,True,0
1408,2011-08-05,204.67,206.78511475348068,2.1151147534806967,-2.1151147534806967,inf,37.25,-0.032499999999998114,0.017500000000002604,True,True,-inf,244.03511475348068,inf,True,0
1409,2011-08-08,196.4,204.65200881534489,8.25200881534488,-8.25200881534488,inf,36.7,-0.02999999999999811,0.020000000000002606,True,True,-inf,241.3520088153449,inf,True,0
1410,2011-08-09,196.7,196.60425114541547,-0.09574885458451377,0.09574885458451377,inf,13.725655545674073,-0.02749999999999811,0.022500000000002608,True,True,-inf,210.32990669108955,inf,True,0
1411,2011-08-10,200.76,196.60413234028928,-4.155867659710708,4.155867659710708,inf,9.482985308867427,-0.024999999999998107,0.02500000000000261,True,True,-inf,206.0871176491567,inf,True,0
1412,2011-08-11,197.01,200.48152523239995,3.471525232399955,-3.471525232399955,inf,8.855407630738071,-0.022499999999998105,0.027500000000002613,True,True,-inf,209.33693286313803,inf,True,0
1413,2011-08-12,200.28,197.01513091355582,-3.264869086444179,3.264869086444179,inf,7.1913533907224405,-0.019999999999998103,0.030000000000002615,True,True,-inf,204.20648430427826,inf,True,0
1414,2011-08-15,202.06,200.05077073917596,-2.0092292608240427,2.0092292608240427,inf,6.836116549953033,-0.0174999999999981,0.03250000000000262,True,True,-inf,206.886887289129,inf,True,0
1415,2011-08-16,201.14,201.8564154191896,0.7164154191896159,-0.7164154191896159,inf,6.423111110558381,-0.0149999999999981,0.03500000000000262,True,True,-inf,208.27952652974798,inf,True,0
1416,2011-08-17,198.53,201.05003267293722,2.5200326729372193,-2.5200326729372193,inf,6.093196760254472,-0.0124999999999981,0.03750000000000262,True,True,-inf,207.1432294331917,inf,True,0
1417,2011-08-18,191.21,198.5176359269727,7.307635926972694,-7.307635926972694,inf,5.9647052015063835,-0.009999999999998099,0.040000000000002624,True,True,-inf,204.48234112847908,inf,True,0
1418,2011-08-19,180.29,191.37808554156706,11.088085541567068,-11.088085541567068,inf,5.7858225314715455,-0.0074999999999980985,0.042500000000002626,True,True,-inf,197.1639080730386,inf,True,0
1419,2011-08-22,182.83,180.58289744474337,-2.247102555256646,2.247102555256646,inf,5.59665441533582,-0.004999999999998098,0.04500000000000263,True,True,-inf,186.1795518600792,inf,True,0
1420,2011-08-23,178.92,182.65594242338523,3.7359424233852394,-3.7359424233852394,inf,5.085658914215628,-0.0024999999999980975,0.04750000000000263,True,True,-inf,187.74160133760086,inf,True,0
1421,2011-08-24,193.89,178.9290338003211,-14.960966199678893,14.960966199678893,inf,4.944946333592554,1.9029916531465574e-15,0.05000000000000263,True,False,-inf,183.87398013391365,inf,False,1
1422,2011-08-25,194.41,193.16618119430842,-1.2438188056915749,1.2438188056915749,10.17138112416589,46.16,0.0025000000000019035,0.002500000000002632,True,True,182.99480007014253,239.32618119430842,56.33138112416589,True,0
1423,2011-08-26,191.24,194.21791959771048,2.9779195977104678,-2.9779195977104678,8.445680639693741,44.41,0.005000000000001904,0.0050000000000026325,True,True,185.77223895801674,238.62791959771047,52.85568063969373,True,0
1424,2011-08-29,202.82,191.23358216054223,-11.586417839457766,11.586417839457766,7.611320153076839,43.55,0.0075000000000019044,0.007500000000002633,True,True,183.6222620074654,234.7835821605422,51.161320153076815,True,0
1425,2011-08-30,205.78,202.23954154007023,-3.5404584599297664,3.5404584599297664,6.509623189394347,43.18,0.010000000000001905,0.010000000000002634,True,True,195.7299183506759,245.41954154007024,49.689623189394354,True,0
1426,2011-08-31,212.27,205.4956437142102,-6.774356285789821,6.774356285789821,5.901579565597444,42.95,0.012500000000001905,0.012500000000002634,True,True,199.59406414861274,248.44564371421018,48.85157956559743,True,0
1427,2011-09-01,215.28,211.8952164988181,-3.3847835011819143,3.3847835011819143,5.2671958537235355,42.19,0.015000000000001906,0.015000000000002634,True,True,206.62802064509455,254.08521649881808,47.45719585372353,True,0
1428,2011-09-02,208.94,215.0382989947957,6.098298994795698,-6.098298994795698,5.044237760288581,37.25,0.017500000000001906,0.017500000000002635,False,True,209.99406123450711,252.2882989947957,42.29423776028858,False,1
1429,2011-09-06,204.77,209.05487787288132,4.28487787288131,-4.28487787288131,inf,36.7,-0.029999999999998094,0.020000000000002634,True,True,-inf,245.7548778728813,inf,True,0
1430,2011-09-07,218.8,204.82667513171234,-13.973324868287676,13.973324868287676,inf,13.725655545674073,-0.027499999999998095,0.022500000000002636,True,False,-inf,218.5523306773864,inf,False,1
1431,2011-09-08,218.3,218.14917775476547,-0.15082224523453647,0.15082224523453647,inf,inf,-0.024999999999998093,-0.024999999999997365,True,True,-inf,inf,inf,True,0
1432,2011-09-09,215.05,218.14027332832654,3.090273328326532,-3.090273328326532,inf,inf,-0.02249999999999809,-0.022499999999997362,True,True,-inf,inf,inf,True,0
1433,2011-09-12,208.75,215.0691587638574,6.319158763857388,-6.319158763857388,inf,inf,-0.01999999999999809,-0.01999999999999736,True,True,-inf,inf,inf,True,0
1434,2011-09-13,217.79,208.89094715698855,-8.899052843011447,8.899052843011447,inf,inf,-0.017499999999998087,-0.017499999999997358,True,True,-inf,inf,inf,True,0
1435,2011-09-14,220.22,217.3560250170972,-2.863974982902789,2.863974982902789,inf,inf,-0.014999999999998086,-0.014999999999997357,True,True,-inf,inf,inf,True,0
1436,2011-09-15,223.99,219.95799262255844,-4.032007377441573,4.032007377441573,inf,inf,-0.012499999999998086,-0.012499999999997357,True,True,-inf,inf,inf,True,0
1437,2011-09-16,227.57,223.7264205713081,-3.8435794286918963,3.8435794286918963,inf,inf,-0.009999999999998085,-0.009999999999997356,True,True,-inf,inf,inf,True,0
1438,2011-09-19,237.11,227.31212407644807,-9.797875923551942,9.797875923551942,inf,inf,-0.007499999999998085,-0.007499999999997356,True,True,-inf,inf,inf,True,0
1439,2011-09-20,240.8,236.63609365840784,-4.163906341592167,4.163906341592167,inf,inf,-0.004999999999998084,-0.0049999999999973555,True,True,-inf,inf,inf,True,0
1440,2011-09-21,234.51,240.53614078971907,6.026140789719079,-6.026140789719079,inf,inf,-0.0024999999999980836,-0.002499999999997355,True,True,-inf,inf,inf,True,0
1441,2011-09-22,224.72,234.64250993934562,9.922509939345616,-9.922509939345616,inf,inf,1.916869440954372e-15,2.645453300864631e-15,True,True,-inf,inf,inf,True,0
1442,2011-09-23,220.51,225.0144501826642,4.504450182664215,-4.504450182664215,10.17138112416589,46.16,0.0025000000000019174,0.002500000000002646,True,True,214.84306905849832,271.1744501826642,56.33138112416589,True,0
1443,2011-09-26,227.48,220.60942879793885,-6.870571202061143,6.870571202061143,8.80797472763895,44.41,0.005000000000001918,0.005000000000002646,True,True,211.80145407029988,265.0194287979389,53.21797472763899,True,0
1444,2011-09-27,234.22,227.14869940205088,-7.071300597949119,7.071300597949119,7.642987594851675,43.55,0.007500000000001918,0.007500000000002647,True,True,219.5057118071992,270.69869940205086,51.19298759485167,True,0
1445,2011-09-28,226.35,233.82886455847145,7.478864558471457,-7.478864558471457,6.842809183738666,43.18,0.010000000000001919,0.010000000000002647,False,True,226.98605537473279,277.00886455847143,50.022809183738644,False,1
1446,2011-09-29,234.17,226.48352345275222,-7.686476547247764,7.686476547247764,inf,42.92,-0.037499999999998083,0.012500000000002648,True,True,-inf,269.4035234527522,inf,True,0
1447,2011-09-30,218.19,233.83895152066182,15.648951520661825,-15.648951520661825,inf,42.19,-0.03499999999999808,0.015000000000002648,True,True,-inf,276.02895152066185,inf,True,0
1448,2011-10-03,217.01,218.64979492767807,1.639794927678082,-1.639794927678082,inf,37.08,-0.03249999999999808,0.01750000000000265,True,True,-inf,255.72979492767809,inf,True,0
1449,2011-10-04,209.62,217.0303301305235,7.410330130523505,-7.410330130523505,inf,36.7,-0.029999999999998077,0.020000000000002648,True,True,-inf,253.7303301305235,inf,True,0
1450,2011-10-05,212.53,209.78536589673809,-2.744634103261916,2.744634103261916,inf,13.973324868287676,-0.027499999999998075,0.02250000000000265,True,True,-inf,223.75869076502576,inf,True,0
1451,2011-10-06,220.28,212.32267813601823,-7.957321863981775,7.957321863981775,inf,11.586417839457766,-0.024999999999998072,0.025000000000002652,True,True,-inf,223.909095975476,inf,True,0
1452,2011-10-07,222.48,219.84415930938454,-2.635840690615453,2.635840690615453,inf,9.482985308867427,-0.02249999999999807,0.027500000000002654,True,True,-inf,229.32714461825196,inf,True,0
1453,2011-10-10,226.23,222.2459516699884,-3.9840483300116034,3.9840483300116034,inf,8.855407630738071,-0.019999999999998068,0.030000000000002656,True,True,-inf,231.10135930072647,inf,True,0
1454,2011-10-11,230.6,225.96818725990738,-4.631812740092613,4.631812740092613,inf,7.586408126159938,-0.017499999999998066,0.03250000000000266,True,True,-inf,233.55459538606732,inf,True,0
1455,2011-10-12,236.64,230.31421568282482,-6.325784317175163,6.325784317175163,inf,7.13556167303318,-0.014999999999998065,0.03500000000000266,True,True,-inf,237.449777355858,inf,True,0
1456,2011-10-13,237.0,236.29850871706768,-0.7014912829323237,0.7014912829323237,inf,6.836116549953033,-0.012499999999998065,0.03750000000000266,True,True,-inf,243.1346252670207,inf,True,0
1457,2011-10-14,240.87,236.8720465516955,-3.9979534483045143,3.9979534483045143,inf,6.542630751341889,-0.009999999999998064,0.040000000000002665,True,True,-inf,243.41467730303737,inf,True,0
1458,2011-10-17,244.29,240.6357092847242,-3.654290715275806,3.654290715275806,inf,6.325784317175163,-0.007499999999998064,0.04250000000000267,True,True,-inf,246.96149360189935,inf,True,0
1459,2011-10-18,242.31,244.06711987823923,1.757119878239223,-1.757119878239223,inf,6.076534422462814,-0.004999999999998063,0.04500000000000267,True,True,-inf,250.14365430070205,inf,True,0
1460,2011-10-19,240.67,242.28972362943927,1.619723629439278,-1.619723629439278,inf,5.885281025402918,-0.002499999999998063,0.04750000000000267,True,True,-inf,248.17500465484218,inf,True,0
1461,2011-10-20,232.13,240.6526216828466,8.52262168284659,-8.52262168284659,inf,5.661814998372577,1.9376861226660935e-15,0.050000000000002674,True,True,-inf,246.31443668121915,inf,True,0
1462,2011-10-21,236.91,232.34931124876655,-4.560688751233442,4.560688751233442,10.92408695002726,5.146377664241015,0.002500000000001938,0.052500000000002676,True,True,221.4252242987393,237.49568891300757,16.070464614268275,True,0
1463,2011-10-24,236.02,236.66138193467208,0.6413819346720686,-0.6413819346720686,8.82209149900882,5.028411261116844,0.005000000000001939,0.05500000000000268,True,True,227.83929043566326,241.68979319578892,13.850502760125664,True,0
1464,2011-10-25,238.59,235.94184418566726,-2.648155814332739,2.648155814332739,8.445680639693741,4.903928498957427,0.007500000000001939,0.05750000000000268,True,True,227.49616354597353,240.8457726846247,13.349609138651175,True,0
1465,2011-10-26,203.69,238.4020327640111,34.7120327640111,-34.7120327640111,7.59001311200177,4.795601335615686,0.01000000000000194,0.06000000000000268,False,True,230.81201965200933,243.19763409962678,12.385614447617456,False,1
1466,2011-10-27,204.26,204.81928273818826,0.5592827381882728,-0.5592827381882728,inf,4.699433799677728,-0.03749999999999806,0.06250000000000268,True,True,-inf,209.518716537866,inf,True,0
1467,2011-10-28,206.53,204.1867942200022,-2.3432057799977883,2.3432057799977883,inf,4.625002873924046,-0.03499999999999806,0.06500000000000268,True,True,-inf,208.81179709392626,inf,True,0
1468,2011-10-31,215.79,206.30713704166882,-9.482862958331168,9.482862958331168,inf,4.563741211035548,-0.03249999999999806,0.06750000000000268,True,False,-inf,210.87087825270436,inf,False,1
1469,2011-11-01,208.11,215.28883541278245,7.178835412782433,-7.178835412782433,inf,36.7,-0.029999999999998056,0.020000000000002682,True,True,-inf,251.98883541278246,inf,True,0
1470,2011-11-02,215.55,208.24051967327378,-7.309480326726231,7.309480326726231,inf,13.725655545674073,-0.027499999999998054,0.022500000000002685,True,True,-inf,221.96617521894785,inf,True,0
1471,2011-11-03,216.3,215.13937594653675,-1.1606240534632661,1.1606240534632661,inf,11.586417839457766,-0.02499999999999805,0.025000000000002687,True,True,-inf,226.7257937859945,inf,True,0
1472,2011-11-04,217.65,216.11845136390542,-1.531548636094584,1.531548636094584,inf,9.482862958331168,-0.02249999999999805,0.02750000000000269,True,True,-inf,225.6013143222366,inf,True,0
1473,2011-11-07,216.84,217.46723429130702,0.627234291307019,-0.627234291307019,inf,8.855407630738071,-0.019999999999998047,0.03000000000000269,True,True,-inf,226.32264192204508,inf,True,0
1474,2011-11-08,219.2,216.74234378092586,-2.4576562190741242,2.4576562190741242,inf,7.686476547247764,-0.017499999999998045,0.03250000000000269,True,True,-inf,224.42882032817363,inf,True,0
1475,2011-11-09,214.95,218.98162189492416,4.031621894924172,-4.031621894924172,inf,7.1913533907224405,-0.014999999999998044,0.035000000000002696,True,True,-inf,226.1729752856466,inf,True,0
1476,2011-11-10,213.5,214.9865663977715,1.4865663977714973,-1.4865663977714973,inf,6.870571202061143,-0.012499999999998044,0.0375000000000027,True,True,-inf,221.85713759983264,inf,True,0
1477,2011-11-11,212.52,213.44212960129474,0.9221296012947278,-0.9221296012947278,inf,6.600213493306498,-0.009999999999998043,0.0400000000000027,True,True,-inf,220.04234309460122,inf,True,0
1478,2011-11-14,215.65,212.43404786039497,-3.2159521396050366,3.2159521396050366,inf,6.32626534488368,-0.007499999999998043,0.0425000000000027,True,True,-inf,218.76031320527863,inf,True,0
1479,2011-11-15,218.0,215.39699120051657,-2.6030087994834332,2.6030087994834332,inf,6.093196760254472,-0.0049999999999980425,0.045000000000002705,True,True,-inf,221.49018796077104,inf,True,0
1480,2011-11-16,216.27,217.76812673277374,1.498126732773727,-1.498126732773727,inf,5.914256353834034,-0.002499999999998042,0.04750000000000271,True,True,-inf,223.68238308660779,inf,True,0
1481,2011-11-17,212.51,216.2049094199352,3.6949094199352146,-3.6949094199352146,inf,5.664016231169953,1.9585028043778152e-15,0.05000000000000271,True,True,-inf,221.86892565110514,inf,True,0
1482,2011-11-18,205.33,212.53614929391696,7.206149293916951,-7.206149293916951,11.088085541567068,5.26363727038553,0.002500000000001959,0.05250000000000271,True,True,201.4480637523499,217.7997865643025,16.351722811952612,True,0
1483,2011-11-21,193.29,205.4887624258872,12.198762425887196,-12.198762425887196,9.092261705948445,5.039359938571721,0.0050000000000019595,0.05500000000000271,False,True,196.39650071993873,210.5281223644589,14.13162164452018,False,1
1484,2011-11-22,186.95,193.61322143039231,6.663221430392326,-6.663221430392326,inf,4.913949003294476,-0.04249999999999804,0.057500000000002716,True,True,-inf,198.5271704336868,inf,True,0
1485,2011-11-23,193.06,187.05241136838802,-6.007588631611981,6.007588631611981,inf,4.795601335615686,-0.03999999999999804,0.06000000000000272,True,False,-inf,191.8480127040037,inf,False,1
1486,2011-11-25,190.41,192.70679217359015,2.2967921735901484,-2.2967921735901484,inf,42.92,-0.037499999999998035,0.012500000000002717,True,True,-inf,235.62679217359016,inf,True,0
1487,2011-11-28,191.65,190.35874199399788,-1.2912580060021241,1.2912580060021241,inf,37.61,-0.03499999999999803,0.015000000000002718,True,True,-inf,227.96874199399787,inf,True,0
1488,2011-11-29,194.78,191.47136805543315,-3.308631944566855,3.308631944566855,inf,37.04,-0.03249999999999803,0.017500000000002718,True,True,-inf,228.51136805543314,inf,True,0
1489,2011-11-30,194.76,194.52088151309925,-0.23911848690073612,0.23911848690073612,inf,36.7,-0.029999999999998028,0.020000000000002717,True,True,-inf,231.22088151309924,inf,True,0
1490,2011-12-01,191.85,194.61628757880692,2.7662875788069243,-2.7662875788069243,inf,13.725655545674073,-0.027499999999998026,0.02250000000000272,True,True,-inf,208.341943124481,inf,True,0
1491,2011-12-02,197.07,191.82175117779997,-5.248248822200026,5.248248822200026,inf,10.395946211211111,-0.024999999999998024,0.02500000000000272,True,True,-inf,202.21769738901108,inf,True,0
1492,2011-12-05,198.86,196.7388484770217,-2.121151522978323,2.121151522978323,inf,9.271350946718002,-0.02249999999999802,0.027500000000002724,True,True,-inf,206.0101994237397,inf,True,0
1493,2011-12-06,195.98,198.6409137643399,2.6609137643399094,-2.6609137643399094,inf,8.855407630738071,-0.01999999999999802,0.030000000000002726,True,True,-inf,207.49632139507798,inf,True,0
1494,2011-12-07,191.03,195.94591818981945,4.91591818981945,-4.91591818981945,inf,7.586408126159938,-0.017499999999998017,0.03250000000000273,True,True,-inf,203.5323263159794,inf,True,0
1495,2011-12-08,193.57,191.08501472418325,-2.48498527581674,2.48498527581674,inf,7.13556167303318,-0.014999999999998017,0.03500000000000273,True,True,-inf,198.22057639721643,inf,True,0
1496,2011-12-09,191.21,193.3514989834855,2.1414989834854907,-2.1414989834854907,inf,6.836116549953033,-0.012499999999998016,0.03750000000000273,True,True,-inf,200.18761553343853,inf,True,0
1497,2011-12-12,190.03,191.1547674001241,1.1247674001240853,-1.1247674001240853,inf,6.600213493306498,-0.009999999999998016,0.040000000000002735,True,True,-inf,197.75498089343057,inf,True,0
1498,2011-12-13,188.56,189.9448202303578,1.3848202303578034,-1.3848202303578034,inf,6.325784317175163,-0.007499999999998015,0.04250000000000274,True,True,-inf,196.27060454753297,inf,True,0
1499,2011-12-14,179.0,188.48250489154512,9.482504891545119,-9.482504891545119,inf,6.076534422462814,-0.004999999999998015,0.04500000000000274,True,True,-inf,194.55903931400792,inf,True,0
1500,2011-12-15,182.05,179.2199979542131,-2.830002045786898,2.830002045786898,inf,5.914256353834034,-0.0024999999999980142,0.04750000000000274,True,True,-inf,185.13425430804716,inf,True,0
1501,2011-12-16,182.42,181.824346631637,-0.5956533683629743,0.5956533683629743,inf,5.664016231169953,1.986258379993444e-15,0.050000000000002744,True,True,-inf,187.48836286280698,inf,True,0
1502,2011-12-19,182.0,182.26297471116234,0.26297471116234306,-0.26297471116234306,12.198762425887196,5.26363727038553,0.0025000000000019867,0.052500000000002746,True,True,170.06421228527515,187.5266119815479,17.46239969627274,True,0
1503,2011-12-20,182.69,181.8809479628423,-0.8090520371576986,0.8090520371576986,9.922509939345616,5.085658914215628,0.005000000000001987,0.05500000000000275,True,True,171.95843802349668,186.96660687705793,15.008168853561244,True,0
1504,2011-12-21,181.92,182.5306414844708,0.6106414844708183,-0.6106414844708183,8.80797472763895,4.944946333592554,0.007500000000001988,0.05750000000000275,True,True,173.72266675683187,187.47558781806336,13.75292106123149,True,0
1505,2011-12-22,175.09,181.81346926550276,6.723469265502757,-6.723469265502757,7.642987594851675,4.807493535271647,0.010000000000001988,0.06000000000000275,True,True,174.1704816706511,186.6209628007744,12.450481130123308,True,0
1506,2011-12-23,179.22,175.2163438842416,-4.003656115758389,4.003656115758389,7.478864558471457,4.727720909330571,0.012500000000001989,0.06250000000000275,True,True,167.73747932577015,179.94406479357218,12.206585467802029,True,0
1507,2011-12-27,177.73,178.9470946168908,1.2170946168908188,-1.2170946168908188,7.178835412782433,4.636139467606782,0.01500000000000199,0.06500000000000275,True,True,171.76825920410838,183.58323408449758,11.814974880389201,True,0
1508,2011-12-28,176.39,177.6441989268018,1.2541989268018199,-1.2541989268018199,6.509623189394347,4.608930260961898,0.01750000000000199,0.06750000000000275,True,True,171.13457573740746,182.2531291877637,11.118553450356245,True,0
1509,2011-12-29,169.62,176.31529759131297,6.695297591312965,-6.695297591312965,6.098298994795698,4.4709080800327285,0.02000000000000199,0.07000000000000275,False,True,170.21699859651727,180.7862056713457,10.569207074828427,False,1
1510,2011-12-30,173.36,169.75249009831745,-3.607509901682562,3.607509901682562,inf,4.417231835401168,-0.027499999999998012,0.07250000000000276,True,True,-inf,174.16972193371862,inf,True,0
1511,2012-01-03,175.89,173.1029728215253,-2.7870271784746876,2.7870271784746876,inf,4.331643840058561,-0.02499999999999801,0.07500000000000276,True,True,-inf,177.43461666158385,inf,True,0
1512,2012-01-04,179.21,175.6482441561146,-3.5617558438854076,3.5617558438854076,inf,4.216810131785763,-0.022499999999998008,0.07750000000000276,True,True,-inf,179.86505428790036,inf,True,0
1513,2012-01-05,175.94,178.94057858300238,3.0005785830023797,-3.0005785830023797,inf,4.163906341592167,-0.019999999999998005,0.08000000000000276,True,True,-inf,183.10448492459454,inf,True,0
1514,2012-01-06,178.07,175.9250881523757,-2.144911847624286,2.144911847624286,inf,4.078420857326037,-0.017499999999998003,0.08250000000000277,True,True,-inf,180.00350900970176,inf,True,0
1515,2012-01-09,182.76,177.864614876962,-4.895385123037983,4.895385123037983,inf,3.9840483300116034,-0.014999999999998003,0.08500000000000277,True,False,-inf,181.8486632069736,inf,False,1
1516,2012-01-10,181.1,182.43413123680702,1.3341312368070248,-1.3341312368070248,inf,6.836116549953033,-0.012499999999998002,0.03750000000000277,True,True,-inf,189.27024778676005,inf,True,0
1517,2012-01-11,179.64,181.01474337479488,1.374743374794889,-1.374743374794889,inf,6.542630751341889,-0.009999999999998002,0.04000000000000277,True,True,-inf,187.55737412613678,inf,True,0
1518,2012-01-12,179.42,179.56992105084714,0.1499210508471549,-0.1499210508471549,inf,6.171438483048803,-0.007499999999998001,0.04250000000000277,True,True,-inf,185.74135953389595,inf,True,0
1519,2012-01-13,175.81,179.3014475464464,3.491447546446409,-3.491447546446409,inf,6.007588631611981,-0.004999999999998001,0.045000000000002774,True,True,-inf,185.3090361780584,inf,True,0
1520,2012-01-17,180.15,175.81948598529428,-4.330514014705727,4.330514014705727,inf,5.885281025402918,-0.0024999999999980003,0.047500000000002776,True,True,-inf,181.7047670106972,inf,True,0
1521,2012-01-18,181.94,179.8579482765648,-2.0820517234351996,2.0820517234351996,inf,5.661814998372577,2.0001361678012586e-15,0.05000000000000278,True,True,-inf,185.51976327493736,inf,True,0
1522,2012-01-19,190.88,181.71988805972424,-9.160111940275755,9.160111940275755,12.198762425887196,5.248248822200026,0.0025000000000020006,0.05250000000000278,True,False,169.52112563383704,186.96813688192427,17.44701124808722,False,1
1523,2012-01-20,190.71,190.3830690748229,-0.3269309251770949,0.3269309251770949,9.922509939345616,44.41,0.005000000000002001,0.00500000000000278,True,True,180.4605591354773,234.7930690748229,54.33250993934561,True,0
1524,2012-01-23,190.79,190.55315383117966,-0.23684616882033538,0.23684616882033538,8.80797472763895,43.5,0.007500000000002002,0.0075000000000027805,True,True,181.7451791035407,234.05315383117966,52.307974727638964,True,0
1525,2012-01-24,185.0,190.64943776497222,5.64943776497222,-5.64943776497222,7.642987594851675,43.05,0.010000000000002002,0.010000000000002781,True,True,183.00645017012056,233.69943776497223,50.69298759485167,True,0
1526,2012-01-25,186.99,185.08413134815555,-1.9058686518444574,1.9058686518444574,7.410330130523505,42.84,0.012500000000002003,0.012500000000002781,True,True,177.67380121763205,227.92413134815556,50.25033013052351,True,0
1527,2012-01-26,189.3,186.79141649926123,-2.50858350073878,2.50858350073878,7.178835412782433,37.61,0.015000000000002003,0.015000000000002782,True,True,179.6125810864788,224.40141649926125,44.78883541278245,True,0
1528,2012-01-27,193.09,189.06647725250178,-4.02352274749822,4.02352274749822,6.663221430392326,37.04,0.017500000000002004,0.017500000000002784,True,True,182.40325582210946,226.10647725250178,43.70322143039232,True,0
1529,2012-01-30,193.68,192.7969504272696,-0.883049572730414,0.883049572730414,6.241705172505334,17.431662177681503,0.020000000000002002,0.020000000000002786,True,True,186.55524525476426,210.22861260495108,23.673367350186822,True,0
1530,2012-01-31,194.0,193.50753838556722,-0.49246161443278424,0.49246161443278424,5.64943776497222,12.762369254078436,0.022500000000002005,0.02250000000000279,True,True,187.858100620595,206.26990763964565,18.411807019050656,True,0
1531,2012-02-01,173.81,193.84708160858716,20.037081608587158,-20.037081608587158,5.2671958537235355,9.797875923551942,0.025000000000002007,0.02500000000000279,False,True,188.57988575486362,203.6449575321391,15.065071777275477,False,1
1532,2012-02-02,179.65,174.41671590173797,-5.233284098262033,5.233284098262033,inf,9.219771232147934,-0.022499999999997994,0.027500000000002793,True,True,-inf,183.6364871338859,inf,True,0
1533,2012-02-03,182.83,179.3332091712613,-3.4967908287387104,3.4967908287387104,inf,8.855407630738071,-0.01999999999999799,0.030000000000002795,True,True,-inf,188.1886168019994,inf,True,0
1534,2012-02-06,186.28,182.53708207994995,-3.742917920050047,3.742917920050047,inf,7.586408126159938,-0.01749999999999799,0.0325000000000028,True,True,-inf,190.1234902061099,inf,True,0
1535,2012-02-07,182.65,185.98924373475802,3.339243734758014,-3.339243734758014,inf,7.13556167303318,-0.014999999999997989,0.0350000000000028,True,True,-inf,193.1248054077912,inf,True,0
1536,2012-02-08,184.95,182.64590445809023,-2.30409554190976,2.30409554190976,inf,6.836116549953033,-0.012499999999997988,0.0375000000000028,True,True,-inf,189.48202100804326,inf,True,0
1537,2012-02-09,184.5,184.73465568541846,0.23465568541845983,-0.23465568541845983,inf,6.542630751341889,-0.009999999999997988,0.040000000000002804,True,True,-inf,191.27728643676033,inf,True,0
1538,2012-02-10,183.42,184.3727056548526,0.9527056548526218,-0.9527056548526218,inf,6.171438483048803,-0.0074999999999979874,0.042500000000002806,True,True,-inf,190.5441441379014,inf,True,0
1539,2012-02-13,187.17,183.33036951910333,-3.839630480896659,3.839630480896659,inf,6.007588631611981,-0.004999999999997987,0.04500000000000281,True,True,-inf,189.3379581507153,inf,True,0
1540,2012-02-14,191.08,186.8827674614079,-4.197232538592118,4.197232538592118,inf,5.885281025402918,-0.0024999999999979865,0.04750000000000281,True,True,-inf,192.7680484868108,inf,True,0
1541,2012-02-15,191.29,190.76410077444189,-0.5258992255581063,0.5258992255581063,inf,5.661814998372577,2.014013955609073e-15,0.05000000000000281,True,True,-inf,196.42591577281445,inf,True,0
1542,2012-02-16,177.79,191.12533476474113,13.335334764741134,-13.335334764741134,12.728566661525036,5.248248822200026,0.0025000000000020145,0.052500000000002815,False,True,178.3967681032161,196.37358358694115,17.976815483725062,False,1
1543,2012-02-17,180.09,178.18485080432373,-1.9051491956762732,1.9051491956762732,inf,5.085658914215628,-0.044999999999997986,0.05500000000000282,True,True,-inf,183.27050971853936,inf,True,0
1544,2012-02-21,182.65,179.93235662917803,-2.7176433708219747,2.7176433708219747,inf,4.944946333592554,-0.042499999999997984,0.05750000000000282,True,True,-inf,184.87730296277059,inf,True,0
1545,2012-02-22,181.95,182.39484060003537,0.44484060003537707,-0.44484060003537707,inf,4.851859135765238,-0.03999999999999798,0.06000000000000282,True,True,-inf,187.2466997358006,inf,True,0
1546,2012-02-23,179.64,181.8282399545109,2.1882399545109195,-2.1882399545109195,inf,4.772458354725728,-0.03749999999999798,0.06250000000000282,True,True,-inf,186.60069830923663,inf,True,0
1547,2012-02-24,179.7,179.60558013169606,-0.09441986830393034,0.09441986830393034,inf,4.636139467606782,-0.03499999999999798,0.06500000000000282,True,True,-inf,184.24171959930283,inf,True,0
1548,2012-02-27,177.54,179.57921862359603,2.0392186235960423,-2.0392186235960423,inf,4.608930260961898,-0.032499999999997975,0.06750000000000282,True,True,-inf,184.18814888455793,inf,True,0
1549,2012-02-28,178.9,177.49631573977382,-1.4036842602261856,1.4036842602261856,inf,4.4709080800327285,-0.029999999999997973,0.07000000000000282,True,True,-inf,181.96722381980655,inf,True,0
1550,2012-02-29,183.89,178.72519735972344,-5.164802640276548,5.164802640276548,inf,4.417231835401168,-0.02749999999999797,0.07250000000000283,True,False,-inf,183.1424291951246,inf,False,1
1551,2012-03-01,179.89,183.53845560118089,3.648455601180899,-3.648455601180899,inf,9.797875923551942,-0.02499999999999797,0.025000000000002826,True,True,-inf,193.33633152473283,inf,True,0
1552,2012-03-02,179.48,179.88798409447264,0.4079840944726527,-0.4079840944726527,inf,9.219771232147934,-0.022499999999997966,0.027500000000002828,True,True,-inf,189.10775532662058,inf,True,0
1553,2012-03-05,179.0,179.39067493108985,0.39067493108984763,-0.39067493108984763,inf,8.43241410940513,-0.019999999999997964,0.03000000000000283,True,True,-inf,187.82308904049498,inf,True,0
1554,2012-03-06,178.68,178.89038647156283,0.21038647156282764,-0.21038647156282764,inf,7.407676093026502,-0.01749999999999796,0.03250000000000283,True,True,-inf,186.29806256458934,inf,True,0
1555,2012-03-07,182.65,178.56454290264807,-4.085457097351934,4.085457097351934,inf,7.075858099101708,-0.014999999999997961,0.035000000000002834,True,True,-inf,185.64040100174978,inf,True,0
1556,2012-03-08,184.17,182.3518866611601,-1.8181133388398791,1.8181133388398791,inf,6.774356285789821,-0.01249999999999796,0.03750000000000284,True,True,-inf,189.12624294694993,inf,True,0
1557,2012-03-09,186.79,183.9446933817839,-2.8453066182160853,2.8453066182160853,inf,6.423111110558381,-0.00999999999999796,0.04000000000000284,True,True,-inf,190.3678044923423,inf,True,0
1558,2012-03-12,184.13,186.53470001420487,2.4047000142048773,-2.4047000142048773,inf,6.123168581259378,-0.00749999999999796,0.04250000000000284,True,True,-inf,192.65786859546427,inf,True,0
1559,2012-03-13,183.92,184.08653142496544,0.1665314249654557,-0.1665314249654557,inf,5.97141547927032,-0.004999999999997959,0.04500000000000284,True,True,-inf,190.05794690423576,inf,True,0
1560,2012-03-14,183.65,183.8106892022374,0.1606892022373927,-0.1606892022373927,inf,5.8725509439858286,-0.0024999999999979587,0.047500000000002846,True,True,-inf,189.68324014622323,inf,True,0
1561,2012-03-15,182.02,183.52751677127964,1.5075167712796258,-1.5075167712796258,inf,5.59665441533582,2.041769531224702e-15,0.05000000000000285,True,True,-inf,189.12417118661546,inf,True,0
1562,2012-03-16,183.28,181.9547000743798,-1.3252999256202145,1.3252999256202145,13.335334764741134,5.233284098262033,0.0025000000000020423,0.05250000000000285,True,True,168.61936530963865,187.18798417264182,18.568618863003167,True,0
1563,2012-03-19,183.45,183.1038910347609,-0.34610896523909673,0.34610896523909673,10.92408695002726,5.085658914215628,0.005000000000002043,0.05500000000000285,True,True,172.17980408473363,188.18954994897652,16.009745864242888,True,0
1564,2012-03-20,184.88,183.30003265807696,-1.5799673419230373,1.5799673419230373,9.092261705948445,4.944946333592554,0.007500000000002043,0.057500000000002854,True,True,174.2077709521285,188.2449789916695,14.037208039541014,True,0
1565,2012-03-21,192.5,184.6841770516399,-7.815822948360108,7.815822948360108,8.445680639693741,4.851859135765238,0.010000000000002044,0.06000000000000286,True,False,176.23849641194616,189.53603618740513,13.297539775458972,False,1
1566,2012-03-22,190.54,192.03193188454117,1.4919318845411738,-1.4919318845411738,7.59001311200177,42.84,0.012500000000002044,0.012500000000002856,True,True,184.4419187725394,234.87193188454117,50.430013112001774,True,0
1567,2012-03-23,192.01,190.43143260945934,-1.5785673905406554,1.5785673905406554,7.206149293916951,37.34,0.015000000000002045,0.015000000000002857,True,True,183.22528331554238,227.77143260945934,44.546149293916955,True,0
1568,2012-03-26,196.48,191.82205370245606,-4.65794629754393,4.65794629754393,6.695297591312965,36.98,0.017500000000002045,0.017500000000002857,True,True,185.1267561111431,228.80205370245605,43.675297591312955,True,0
1569,2012-03-27,203.59,196.14283748961898,-7.44716251038102,7.44716251038102,6.300506514521345,14.960966199678893,0.020000000000002044,0.020000000000002856,True,True,189.84233097509764,211.10380368929788,21.261472714200238,True,0
1570,2012-03-28,206.14,203.12365389854907,-3.016346101450921,3.016346101450921,5.901579565597444,12.046558395810933,0.022500000000002046,0.022500000000002858,True,True,197.22207433295162,215.17021229436,17.948137961408378,True,0
1571,2012-03-29,201.28,205.8488240985049,4.568824098504905,-4.568824098504905,5.399616352598684,9.482985308867427,0.02500000000000205,0.02500000000000286,True,True,200.44920774590622,215.33180940737233,14.882601661466111,True,0
1572,2012-03-30,205.02,201.31485508646654,-3.7051449135334735,3.7051449135334735,5.044237760288581,9.160111940275755,0.02750000000000205,0.027500000000002862,True,True,196.27061732617796,210.4749670267423,14.204349700564336,True,0
1573,2012-04-02,198.02,204.75437458296082,6.734374582960811,-6.734374582960811,4.91591818981945,7.957321863981775,0.030000000000002053,0.030000000000002865,False,True,199.83845639314137,212.7116964469426,12.873240053801226,False,1
1574,2012-04-03,198.24,198.13975369195092,-0.10024630804909407,0.10024630804909407,inf,7.44716251038102,-0.017499999999997948,0.03250000000000287,True,True,-inf,205.58691620233193,inf,True,0
1575,2012-04-04,196.95,198.12926117048792,1.1792611704879334,-1.1792611704879334,inf,7.13556167303318,-0.014999999999997947,0.03500000000000287,True,True,-inf,205.2648228435211,inf,True,0
1576,2012-04-05,193.55,196.85999274973491,3.309992749734903,-3.309992749734903,inf,6.836116549953033,-0.012499999999997947,0.03750000000000287,True,True,-inf,203.69610929968795,inf,True,0
1577,2012-04-09,192.02,193.5552893762428,1.5352893762427868,-1.5352893762427868,inf,6.542630751341889,-0.009999999999997946,0.040000000000002874,True,True,-inf,200.0979201275847,inf,True,0
1578,2012-04-10,192.75,191.96168897980846,-0.7883110201915429,0.7883110201915429,inf,6.171438483048803,-0.007499999999997946,0.042500000000002876,True,True,-inf,198.13312746285726,inf,True,0
1579,2012-04-11,189.63,192.58884980887473,2.9588498088747315,-2.9588498088747315,inf,6.007588631611981,-0.004999999999997945,0.04500000000000288,True,True,-inf,198.5964384404867,inf,True,0
1580,2012-04-12,188.06,189.6145176092057,1.5545176092057034,-1.5545176092057034,inf,5.885281025402918,-0.002499999999997945,0.04750000000000288,True,True,-inf,195.49979863460862,inf,True,0
1581,2012-04-13,189.9,188.0037726735861,-1.8962273264139071,1.8962273264139071,inf,5.661814998372577,2.0556473190325164e-15,0.05000000000000288,True,True,-inf,193.6655876719587,inf,True,0
1582,2012-04-16,189.01,189.69495741238063,0.6849574123806406,-0.6849574123806406,13.335334764741134,5.233284098262033,0.002500000000002056,0.052500000000002885,True,True,176.3596226476395,194.92824151064266,18.568618863003167,True,0
1583,2012-04-17,187.21,188.8979901966897,1.6879901966896966,-1.6879901966896966,10.92408695002726,5.085658914215628,0.005000000000002057,0.05500000000000289,True,True,177.97390324666245,193.98364911090533,16.009745864242888,True,0
1584,2012-04-18,188.82,187.1517083166546,-1.6682916833453874,1.6682916833453874,9.092261705948445,4.944946333592554,0.007500000000002057,0.05750000000000289,True,True,178.05944661070617,192.09665465024716,14.037208039540985,True,0
1585,2012-04-19,192.93,188.62656431672892,-4.30343568327109,4.30343568327109,8.445680639693741,4.851859135765238,0.010000000000002058,0.06000000000000289,True,True,180.18088367703518,193.47842345249416,13.297539775458972,True,0
1586,2012-04-20,192.34,192.610410268843,0.27041026884299413,-0.27041026884299413,7.59001311200177,4.772458354725728,0.012500000000002058,0.06250000000000289,True,True,185.02039715684123,197.38286862356873,12.362471466727499,True,0
1587,2012-04-23,188.99,192.19975576350032,3.2097557635003113,-3.2097557635003113,7.206149293916951,4.648925563143621,0.015000000000002059,0.06500000000000289,True,True,184.99360646958337,196.84868132664394,11.855074857060572,True,0
1588,2012-04-24,188.68,188.9918020765401,0.31180207654008996,-0.31180207654008996,6.723469265502757,4.621298940295048,0.01750000000000206,0.06750000000000289,True,True,182.26833281103734,193.61310101683515,11.344768205797806,True,0
1589,2012-04-25,191.67,188.57596841664557,-3.094031583354422,3.094031583354422,6.319158763857388,4.560688751233442,0.020000000000002058,0.0700000000000029,True,True,182.25680965278818,193.136657167879,10.87984751509083,True,0
1590,2012-04-26,193.57,191.4098112998714,-2.1601887001286,2.1601887001286,6.026140789719079,4.418335655800689,0.02250000000000206,0.0725000000000029,True,True,185.3836705101523,195.82814695567208,10.444476445519769,True,0
1591,2012-04-27,224.83,193.33246671890174,-31.49753328109827,31.49753328109827,5.40617863916691,4.354771831317322,0.025000000000002062,0.0750000000000029,True,False,187.92628807973483,197.68723855021906,9.760950470484232,False,1
1592,2012-04-30,223.95,223.33695118955535,-0.6130488104446385,0.6130488104446385,5.0723320230081015,9.219771232147934,0.027500000000002064,0.027500000000002897,True,True,218.26461916654725,232.55672242170328,14.292103255156036,True,0
1593,2012-05-01,229.4,223.67581235264518,-5.7241876473548245,5.7241876473548245,5.0009625159005395,8.43241410940513,0.030000000000002067,0.0300000000000029,True,True,218.67484983674464,232.1082264620503,13.43337662530567,True,0
1594,2012-05-02,227.82,229.0367840690424,1.2167840690424043,-1.2167840690424043,4.857190359396526,7.586408126159938,0.03250000000000207,0.0325000000000029,True,True,224.17959370964587,236.62319219520234,12.443598485556464,True,0
1595,2012-05-03,229.74,227.72277275558886,-2.0172272444111456,2.0172272444111456,4.692270027240724,7.1913533907224405,0.03500000000000207,0.035000000000002904,True,True,223.03050272834815,234.9141261463113,11.88362341796315,True,0
1596,2012-05-04,227.8,229.51921655925042,1.7192165592504125,-1.7192165592504125,4.504450182664215,6.870571202061143,0.03750000000000207,0.037500000000002906,True,True,225.0147663765862,236.38978776131157,11.375021384725358,True,0
1597,2012-05-07,222.36,227.7247025491979,5.364702549197887,-5.364702549197887,4.400581239885014,6.600213493306498,0.040000000000002076,0.04000000000000291,False,True,223.3241213093129,234.3249160425044,11.000794733191526,False,1
1598,2012-05-08,223.15,222.4263346492315,-0.7236653507684991,0.7236653507684991,inf,6.325784317175163,-0.007499999999997925,0.04250000000000291,True,True,-inf,228.75211896640667,inf,True,0
1599,2012-05-09,220.59,222.9802059058333,2.390205905833284,-2.390205905833284,inf,6.076534422462814,-0.0049999999999979245,0.04500000000000291,True,True,-inf,229.0567403282961,inf,True,0
1600,2012-05-10,223.91,220.53926214560235,-3.370737854397646,3.370737854397646,inf,5.914256353834034,-0.002499999999997924,0.047500000000002915,True,True,-inf,226.45351849943637,inf,True,0
1601,2012-05-11,225.95,223.63257305135573,-2.317426948644254,2.317426948644254,inf,5.664016231169953,2.076464000744238e-15,0.05000000000000292,True,True,-inf,229.2965892825257,inf,True,0
1602,2012-05-14,225.6,225.71336815570695,0.1133681557069508,-0.1133681557069508,12.728566661525036,5.248248822200026,0.002500000000002077,0.05250000000000292,True,True,212.9848014941819,230.96161697790697,17.976815483725062,True,0
1603,2012-05-15,226.5,225.46070447152567,-1.0392955284743266,1.0392955284743266,10.17138112416589,5.109854205838502,0.0050000000000020774,0.05500000000000292,True,True,215.28932334735978,230.57055867736418,15.281235330004392,True,0
1604,2012-05-16,225.0,226.31590897959137,1.31590897959137,-1.31590897959137,8.82209149900882,4.956444820395632,0.007500000000002078,0.057500000000002924,True,True,217.49381748058255,231.272353799987,13.778536319404452,True,0
1605,2012-05-17,225.05,224.90810515439262,-0.1418948456073963,0.1418948456073963,8.25200881534488,4.895385123037983,0.010000000000002078,0.060000000000002926,True,True,216.65609633904774,229.8034902774306,13.147393938382862,True,0
1606,2012-05-18,219.41,224.90139638116253,5.491396381162531,-5.491396381162531,7.478864558471457,4.790864037316226,0.012500000000002079,0.06250000000000293,True,True,217.42253182269107,229.69226041847875,12.269728595787683,True,0
1607,2012-05-21,214.03,219.48012046181634,5.45012046181634,-5.45012046181634,7.178835412782433,4.65794629754393,0.01500000000000208,0.06500000000000293,True,True,212.3012850490339,224.13806675936027,11.836781710326363,True,0
1608,2012-05-22,218.31,214.09663746050802,-4.213362539491982,4.213362539491982,6.695297591312965,4.625002873924046,0.01750000000000208,0.06750000000000293,True,True,207.40133986919506,218.72164033443207,11.320300465237011,True,0
1609,2012-05-23,214.71,218.0004619009296,3.2904619009295857,-3.2904619009295857,6.300506514521345,4.563741211035548,0.02000000000000208,0.07000000000000293,True,True,211.69995538640825,222.56420311196513,10.86424772555688,True,0
1610,2012-05-24,216.98,214.69374727976617,-2.2862527202338185,2.2862527202338185,5.901579565597444,4.436643377821838,0.02250000000000208,0.07250000000000294,True,True,208.79216771416873,219.130390657588,10.338222943419282,True,0
1611,2012-05-25,214.99,216.74491015987965,1.7549101598796426,-1.7549101598796426,5.45012046181634,4.36932249805448,0.025000000000002083,0.07500000000000294,True,True,211.2947896980633,221.11423265793414,9.819442959870827,True,0
1612,2012-05-29,214.3,214.91514678112108,0.6151467811210694,-0.6151467811210694,5.2671958537235355,4.325740377407158,0.027500000000002085,0.07750000000000294,True,True,209.64795092739755,219.24088715852824,9.592936231130693,True,0
1613,2012-05-30,212.14,214.1804034353775,2.0404034353775273,-2.0404034353775273,5.036240787092794,4.216810131785763,0.030000000000002087,0.08000000000000294,True,True,209.14416264828472,218.39721356716328,9.253050918878557,True,0
1614,2012-05-31,209.48,212.07666207945246,2.5966620794524715,-2.5966620794524715,4.889122137728307,4.163906341592167,0.03250000000000209,0.08250000000000295,True,True,207.18753994172414,216.24056842104463,9.053028479320488,True,0
1615,2012-06-01,208.44,209.43864418461115,0.9986441846111518,-0.9986441846111518,4.747800207663346,4.085457097351934,0.03500000000000209,0.08500000000000295,True,True,204.6908439769478,213.52410128196308,8.83325730501528,True,0
1616,2012-06-04,207.4,208.33579974166972,0.9357997416697117,-0.9357997416697117,4.543449545106583,4.003656115758389,0.037500000000002094,0.08750000000000295,True,True,203.79235019656312,212.3394558574281,8.547105660864986,True,0
1617,2012-06-05,213.85,207.29377612974923,-6.556223870250761,6.556223870250761,4.459220870252864,3.9243451507042266,0.040000000000002096,0.09000000000000295,True,False,202.83455525949637,211.21812128045346,8.38356602095709,False,1
1618,2012-06-06,214.63,213.4413589324937,-1.1886410675062962,1.1886410675062962,4.353781422988106,6.325784317175163,0.0425000000000021,0.04250000000000295,True,True,209.0875775095056,219.76714324966886,10.67956574016327,True,0
1619,2012-06-07,219.65,214.4386166598523,-5.211383340147705,5.211383340147705,4.128248268300425,6.076534422462814,0.0450000000000021,0.045000000000002954,True,True,210.3103683915519,220.51515108231513,10.204782690763238,True,0
1620,2012-06-08,218.61,219.29740734665626,0.6874073466562436,-0.6874073466562436,3.997072011575071,5.914256353834034,0.0475000000000021,0.047500000000002957,True,True,215.30033533508117,225.2116637004903,9.911328365409133,True,0
1621,2012-06-11,217.49,218.49493194508904,1.0049319450890266,-1.0049319450890266,3.7947724295403304,5.664016231169953,0.050000000000002105,0.05000000000000296,True,True,214.7001595155487,224.158948176259,9.458788660710297,True,0
1622,2012-06-12,217.65,217.38451744373512,-0.26548255626488526,0.26548255626488526,3.7314549404957873,5.248248822200026,0.05250000000000211,0.05250000000000296,True,True,213.65306250323934,222.63276626593515,8.979703762695806,True,0
1623,2012-06-13,215.52,217.49405623127097,1.9740562312709642,-1.9740562312709642,3.657202462239894,5.146377664241015,0.05500000000000211,0.05500000000000296,True,True,213.83685376903108,222.640433895512,8.80358012648091,True,0
1624,2012-06-14,215.26,215.45312087853742,0.1931208785374281,-0.1931208785374281,3.493804601489771,5.028411261116844,0.05750000000000211,0.057500000000002965,True,True,211.95931627704766,220.48153213965426,8.5222158626066,True,0
1625,2012-06-15,215.29,215.12196927036837,-0.16803072963162435,0.16803072963162435,3.4661290183451854,4.903928498957427,0.060000000000002114,0.06000000000000297,True,True,211.65584025202318,220.0258977693258,8.370057517302627,True,0
1626,2012-06-18,217.28,215.13853754304478,-2.1414624569552245,2.1414624569552245,3.4183245618666405,4.795601335615686,0.06250000000000211,0.06250000000000297,True,True,211.72021298117812,219.93413887866046,8.21392589748234,True,0
1627,2012-06-19,223.26,217.05003948381025,-6.209960516189739,6.209960516189739,3.3485030667322917,4.699433799677728,0.06500000000000211,0.06500000000000297,True,False,213.70153641707796,221.749473283488,8.047936866410026,False,1
1628,2012-06-20,224.51,222.86765631922242,-1.6423436807775715,1.6423436807775715,3.3245834561466268,36.7,0.06750000000000211,0.01750000000000297,True,True,219.5430728630758,259.5676563192224,40.024583456146615,True,0
1629,2012-06-21,223.84,224.30309370580792,0.4630937058079212,-0.4630937058079212,3.2955622078958413,14.960966199678893,0.07000000000000212,0.020000000000002974,True,True,221.00753149791208,239.26405990548682,18.256528407574734,True,0
1630,2012-06-22,221.83,223.7136699019705,1.8836699019704781,-1.8836699019704781,3.212467117304371,12.046558395810933,0.07250000000000212,0.022500000000002976,True,True,220.50120278466613,235.76022829778142,15.25902551311529,True,0
1631,2012-06-25,220.3,221.75804776912452,1.458047769124505,-1.458047769124505,3.161111502845742,9.482985308867427,0.07500000000000212,0.025000000000002978,True,True,218.59693626627876,231.24103307799194,12.644096811713183,True,0
1632,2012-06-26,221.45,220.21073248789563,-1.2392675121043624,1.2392675121043624,3.0859048202444512,9.160111940275755,0.07750000000000212,0.02750000000000298,True,True,217.12482766765118,229.37084442817138,12.246016760520206,True,0
1633,2012-06-27,225.01,221.25520382387592,-3.7547961761240742,3.7547961761240742,2.9841768871517402,7.957321863981775,0.08000000000000212,0.030000000000002983,True,True,218.27102693672418,229.2125256878577,10.941498751133508,True,0
1634,2012-06-28,223.92,224.7165837084053,0.7965837084053078,-0.7965837084053078,2.9588498088747315,7.407676093026502,0.08250000000000213,0.032500000000002985,True,True,221.75773389953056,232.1242598014318,10.366525901901241,True,0
1635,2012-06-29,224.7,223.80690964664933,-0.893090353350658,0.893090353350658,2.928925372084592,7.075858099101708,0.08500000000000213,0.03500000000000299,True,True,220.87798427456474,230.88276774575104,10.0047834711863,True,0
1636,2012-07-02,229.3,224.51930687510688,-4.7806931248931335,4.7806931248931335,2.885251627247797,6.774356285789821,0.08750000000000213,0.03750000000000299,True,True,221.63405524785907,231.2936631608967,9.659607913037632,True,0
1637,2012-07-03,229.14,228.96568506485346,-0.1743149351465263,0.1743149351465263,2.8614638550280986,6.542630751341889,0.09000000000000213,0.04000000000000299,True,True,226.10422120982537,235.50831581619536,9.404094606369995,True,0
1638,2012-07-05,228.62,228.98921077393226,0.3692107739322523,-0.3692107739322523,2.8234860486588076,6.209960516189739,0.09250000000000214,0.042500000000002994,True,True,226.16572472527344,235.199171290122,9.03344656484856,True,0
1639,2012-07-06,226.35,228.48944263035304,2.139442630353045,-2.139442630353045,2.788549344217472,6.076534422462814,0.09500000000000214,0.045000000000002996,True,True,225.70089328613557,234.56597705281587,8.8650837666803,True,0
1640,2012-07-09,225.0,226.28785690018853,1.2878569001885296,-1.2878569001885296,2.7662875788069243,5.914256353834034,0.09750000000000214,0.047500000000003,True,True,223.5215693213816,232.20211325402255,8.680543932640944,True,0
1641,2012-07-10,226.25,224.90413632208356,-1.3458636779164408,1.3458636779164408,2.71731753294884,5.664016231169953,0.10000000000000214,0.050000000000003,True,True,222.18681878913472,230.56815255325353,8.381333764118807,True,0
1642,2012-07-11,218.95,226.05129452823724,7.101294528237247,-7.101294528237247,2.694190730413027,5.248248822200026,0.10250000000000214,0.052500000000003,False,True,223.3571037978242,231.29954335043726,7.9424395526130525,False,1
1643,2012-07-12,216.61,219.07951919367056,2.46951919367055,-2.46951919367055,3.657202462239894,5.146377664241015,0.055000000000002144,0.055000000000003005,True,True,215.42231673143067,224.22589685791158,8.80358012648091,True,0
1644,2012-07-13,215.63,216.5583298140019,0.9283298140018985,-0.9283298140018985,3.493804601489771,5.028411261116844,0.05750000000000215,0.05750000000000301,True,True,213.06452521251214,221.58674107511874,8.5222158626066,True,0
1645,2012-07-16,216.6,215.5198911972356,-1.0801088027643857,1.0801088027643857,3.4661290183451854,4.903928498957427,0.06000000000000215,0.06000000000000301,True,True,212.05376217889042,220.42381969619305,8.370057517302627,True,0
1646,2012-07-17,217.45,216.41234836389293,-1.0376516361070571,1.0376516361070571,3.4183245618666405,4.795601335615686,0.06250000000000215,0.06250000000000301,True,True,212.99402380202628,221.20794969950862,8.21392589748234,True,0
1647,2012-07-18,216.15,217.26468077779666,1.11468077779665,-1.11468077779665,3.3485030667322917,4.727720909330571,0.06500000000000215,0.06500000000000301,True,True,213.91617771106436,221.99240168712723,8.076223976062863,True,0
1648,2012-07-19,220.73,216.04879424734528,-4.681205752654705,4.681205752654705,3.310003113181196,4.631812740092613,0.06750000000000216,0.06750000000000302,True,False,212.7387911341641,220.6806069874379,7.941815853273795,False,1
1649,2012-07-20,225.36,220.39913807223232,-4.960861927767695,4.960861927767695,3.2904619009295857,14.960966199678893,0.07000000000000216,0.020000000000003015,True,True,217.10867617130273,235.3601042719112,18.25142810060848,True,0
1650,2012-07-23,224.72,225.02091960300473,0.3009196030047292,-0.3009196030047292,3.212467117304371,11.586417839457766,0.07250000000000216,0.022500000000003018,True,True,221.80845248570034,236.6073374424625,14.798884956762151,True,0
1651,2012-07-24,226.27,224.58703259019515,-1.68296740980486,1.68296740980486,3.161111502845742,9.482862958331168,0.07500000000000216,0.02500000000000302,True,True,221.42592108734942,234.06989554852632,12.643974461176896,True,0
1652,2012-07-25,222.0,226.05833270322677,4.0583327032267675,-4.0583327032267675,3.0859048202444512,8.899052843011447,0.07750000000000216,0.027500000000003022,False,True,222.97242788298232,234.9573855462382,11.984957663255898,False,1
1653,2012-07-26,220.0,222.01098232595834,2.010982325958338,-2.010982325958338,5.036240787092794,7.815822948360108,0.030000000000002164,0.030000000000003024,True,True,216.97474153886554,229.82680527431845,12.852063735452901,True,0
1654,2012-07-27,225.25,219.9302261232985,-5.319773876701504,5.319773876701504,4.889122137728307,7.407676093026502,0.032500000000002166,0.032500000000003026,True,True,215.0411039855702,227.337902216325,12.296798230754803,True,0
1655,2012-07-30,237.0,224.89419193612613,-12.105808063873866,12.105808063873866,4.747800207663346,7.075858099101708,0.03500000000000217,0.03500000000000303,True,False,220.1463917284628,231.97005003522784,11.823658306765054,False,1
1656,2012-07-31,235.1,236.37923368142958,1.279233681429588,-1.279233681429588,4.530293486530809,inf,0.03750000000000217,-0.012499999999996972,True,True,231.84894019489877,inf,inf,True,0
1657,2012-08-01,234.14,234.9977123136195,0.8577123136195155,-0.8577123136195155,4.454095901180565,inf,0.04000000000000217,-0.009999999999996971,True,True,230.54361641243895,inf,inf,True,0
1658,2012-08-02,230.56,234.02844535975456,3.468445359754554,-3.468445359754554,4.302029447972899,inf,0.042500000000002175,-0.007499999999996971,True,True,229.72641591178166,inf,inf,True,0
1659,2012-08-03,234.03,230.54511241278854,-3.4848875872114604,3.4848875872114604,4.099397974815986,inf,0.04500000000000218,-0.00499999999999697,True,True,226.44571443797255,inf,inf,True,0
1660,2012-08-06,235.56,233.75074310520208,-1.809256894797926,1.809256894797926,3.997072011575071,inf,0.04750000000000218,-0.00249999999999697,True,True,229.75367109362702,inf,inf,True,0
1661,2012-08-07,234.13,235.341783249407,1.2117832494070058,-1.2117832494070058,3.7947724295403304,inf,0.05000000000000218,3.030561912531482e-15,True,True,231.54701081986667,inf,inf,True,0
1662,2012-08-08,235.29,234.02919504172064,-1.2608049582793512,1.2608049582793512,3.7314549404957873,45.55,0.052500000000002184,0.002500000000003031,True,True,230.29774010122486,279.57919504172065,49.28145494049579,True,0
1663,2012-08-09,233.93,235.09629588765074,1.1662958876507332,-1.1662958876507332,3.657202462239894,43.79,0.055000000000002186,0.0050000000000030315,True,True,231.43909342541085,278.88629588765076,47.447202462239915,True,0
1664,2012-08-10,233.08,233.82733692138967,0.7473369213896603,-0.7473369213896603,3.493804601489771,43.48,0.05750000000000219,0.007500000000003032,True,True,230.33353231989992,277.30733692138966,46.973804601489746,True,0
1665,2012-08-13,232.23,232.96297407763345,0.7329740776334575,-0.7329740776334575,3.468445359754554,42.95,0.06000000000000219,0.010000000000003033,True,True,229.4945287178789,275.91297407763346,46.41844535975457,True,0
1666,2012-08-14,234.71,232.11178886284355,-2.5982111371564542,2.5982111371564542,3.4183245618666405,42.66,0.06250000000000219,0.012500000000003033,True,True,228.69346430097693,274.77178886284355,46.07832456186662,True,0
1667,2012-08-15,232.26,234.46375832506052,2.2037583250605337,-2.2037583250605337,3.3485030667322917,37.25,0.0650000000000022,0.015000000000003033,True,True,231.11525525832823,271.71375832506055,40.59850306673232,True,0
1668,2012-08-16,237.72,232.19605056930732,-5.5239494306926815,5.5239494306926815,3.3245834561466268,36.7,0.0675000000000022,0.017500000000003034,True,True,228.8714671131607,268.8960505693073,40.024583456146615,True,0
1669,2012-08-17,240.6,237.35935837325914,-3.240641626740853,3.240641626740853,3.2955622078958413,13.973324868287676,0.0700000000000022,0.020000000000003036,True,True,234.0637961653633,251.33268324154682,17.268887076183518,True,0
1670,2012-08-20,241.37,240.32563297107708,-1.0443670289229203,1.0443670289229203,3.212467117304371,12.046558395810933,0.0725000000000022,0.02250000000000304,True,True,237.11316585377273,252.37219136688802,15.25902551311529,True,0
1671,2012-08-21,240.88,241.1832147893522,0.3032147893522108,-0.3032147893522108,3.161111502845742,9.482985308867427,0.0750000000000022,0.02500000000000304,True,True,238.02210328650648,250.66620009821963,12.644096811713155,True,0
1672,2012-08-22,239.4,240.74571791333744,1.3457179133374382,-1.3457179133374382,3.0859048202444512,9.160111940275755,0.0775000000000022,0.027500000000003043,True,True,237.659813093093,249.9058298536132,12.246016760520206,True,0
1673,2012-08-23,242.14,239.3057157170387,-2.8342842829612778,2.8342842829612778,2.9841768871517402,7.815822948360108,0.08000000000000221,0.030000000000003045,True,True,236.32153882988698,247.12153866539882,10.79999983551184,True,0
1674,2012-08-24,241.68,241.88567513624702,0.2056751362470095,-0.2056751362470095,2.9581569850300014,7.407676093026502,0.08250000000000221,0.03250000000000305,True,True,238.92751815121701,249.29335122927353,10.36583307805651,True,0
1675,2012-08-27,245.79,241.54061893449392,-4.249381065506071,4.249381065506071,2.9227796433801245,7.075858099101708,0.08500000000000221,0.03500000000000305,True,True,238.6178392911138,248.61647703359563,9.998637742481833,True,0
1676,2012-08-28,243.97,245.4808217596911,1.5108217596911118,-1.5108217596911118,2.885251627247797,6.774356285789821,0.08750000000000221,0.03750000000000305,True,True,242.5955701324433,252.25517804548093,9.659607913037632,True,0
1677,2012-08-29,246.78,243.88114088923535,-2.898859110764647,2.898859110764647,2.8614638550280986,6.423111110558381,0.09000000000000222,0.040000000000003054,True,True,241.01967703420726,250.30425199979373,9.284574965586472,True,0
1678,2012-08-30,246.99,246.52371030812455,-0.46628969187545977,0.46628969187545977,2.8190468173178047,6.171438483048803,0.09250000000000222,0.042500000000003056,True,True,243.70466349080675,252.69514879117335,8.9904853003666,True,0
1679,2012-08-31,248.07,246.82659152107104,-1.2434084789289557,1.2434084789289557,2.7875452560443534,6.007588631611981,0.09500000000000222,0.04500000000000306,True,True,244.03904626502668,252.83418015268302,8.795133887656334,True,0
1680,2012-09-04,248.27,247.8778220028899,-0.39217799711011025,0.39217799711011025,2.7564680719167285,5.885281025402918,0.09750000000000222,0.04750000000000306,True,True,245.12135393097316,253.76310302829282,8.64174909731966,True,0
1681,2012-09-05,247.61,248.11040216762504,0.5004021676250261,-0.5004021676250261,2.7164954235045116,5.661814998372577,0.10000000000000223,0.05000000000000306,True,True,245.39390674412053,253.77221716599763,8.378310421877103,True,0
1682,2012-09-06,248.23,247.48482759305514,-0.745172406944846,0.745172406944846,2.6940607467980584,5.26363727038553,0.10250000000000223,0.052500000000003065,True,True,244.7907668462571,252.7484648634407,7.9576980171835885,True,0
1683,2012-09-07,253.85,248.05701584425057,-5.792984155749423,5.792984155749423,2.6609137643399094,5.164802640276548,0.10500000000000223,0.05500000000000307,True,False,245.39610207991066,253.22181848452712,7.825716404616458,False,1
1684,2012-09-10,259.0,253.48141808529198,-5.518581914708022,5.518581914708022,2.583859375558987,43.48,0.10750000000000223,0.007500000000003067,True,True,250.897558709733,296.961418085292,46.06385937555899,True,0
1685,2012-09-11,257.6,258.64493029385073,1.0449302938507117,-1.0449302938507117,2.5204442707041608,42.95,0.11000000000000223,0.010000000000003067,True,True,256.1244860231466,301.5949302938507,45.47044427070415,True,0
1686,2012-09-12,256.5,257.4976458076387,0.9976458076387189,-0.9976458076387189,2.4979006434349174,42.19,0.11250000000000224,0.012500000000003068,True,True,254.9997451642038,299.6876458076387,44.687900643434915,True,0
1687,2012-09-13,254.94,256.3975872208837,1.4575872208836813,-1.4575872208836813,2.4659889684694747,37.08,0.11500000000000224,0.015000000000003068,True,True,253.9315982524142,293.47758722088366,39.54598896846946,True,0
1688,2012-09-14,261.4,254.85359883047846,-6.546401169521516,6.546401169521516,2.4419978230654067,36.7,0.11750000000000224,0.01750000000000307,True,True,252.41160100741305,291.55359883047845,39.141997823065395,True,0
1689,2012-09-17,261.25,261.00699196547816,-0.24300803452183573,0.24300803452183573,2.4081595812087215,13.973324868287676,0.12000000000000224,0.02000000000000307,True,True,258.59883238426943,274.98031683376587,16.38148444949644,True,0
1690,2012-09-18,258.48,261.0980600143732,2.6180600143731567,-2.6180600143731567,2.39682552496717,11.586417839457766,0.12250000000000225,0.022500000000003073,False,True,258.70123448940603,272.6844778538309,13.98324336442488,False,1
1691,2012-09-19,259.45,258.4397214841691,-1.010278515830862,1.010278515830862,3.111178726020711,9.482862958331168,0.07500000000000225,0.025000000000003075,True,True,255.32854275814842,267.9225844425003,12.594041684351879,True,0
1692,2012-09-20,260.03,259.27243105782804,-0.7575689421719289,0.7575689421719289,3.035865254156917,8.899052843011447,0.07750000000000225,0.027500000000003078,True,True,256.2365658036711,268.17148390083946,11.93491809716835,True,0
1693,2012-09-21,261.74,259.8596750972776,-1.880324902722407,1.880324902722407,2.9619761420878206,7.815822948360108,0.08000000000000225,0.03000000000000308,True,True,256.89769895518975,267.6754980456377,10.777799090447957,True,0
1694,2012-09-24,255.22,261.5277343598265,6.307734359826526,-6.307734359826526,2.954996977618464,7.309480326726231,0.08250000000000225,0.03250000000000308,False,True,258.57273738220806,268.8372146865528,10.264477304344723,False,1
1695,2012-09-25,256.33,255.31606088224436,-1.0139391177556263,1.0139391177556263,4.737598771371339,7.071300597949119,0.03500000000000225,0.035000000000003084,True,True,250.57846211087303,262.3873614801935,11.808899369320443,True,0
1696,2012-09-26,252.4,256.1527917060897,3.7527917060897096,-3.7527917060897096,4.530293486530809,6.643232732744934,0.037500000000002254,0.037500000000003086,True,True,251.6224982195589,262.79602443883465,11.173526219275743,True,0
1697,2012-09-27,250.54,252.398631946614,1.8586319466139969,-1.8586319466139969,4.454095901180565,6.542630751341889,0.040000000000002256,0.04000000000000309,True,True,247.94453604543344,258.9412626979559,10.996726652522455,True,0
1698,2012-09-28,256.14,250.4679651346666,-5.672034865333387,5.672034865333387,4.28487787288131,6.171438483048803,0.04250000000000226,0.04250000000000309,True,True,246.1830872617853,256.6394036177154,10.456316355930113,True,0
1699,2012-10-01,255.4,255.77639100181676,0.37639100181675644,-0.37639100181675644,4.060829306802077,6.007588631611981,0.04500000000000226,0.04500000000000309,True,True,251.71556169501469,261.78397963342877,10.068417938414086,True,0
1700,2012-10-02,252.8,255.2674080545404,2.4674080545403854,-2.4674080545403854,3.8973379157316685,5.885281025402918,0.04750000000000226,0.047500000000003095,True,True,251.37007013880873,261.15268907994334,9.782618941134615,True,0
1701,2012-10-03,251.21,252.7516498921242,1.541649892124184,-1.541649892124184,3.7864608305418983,5.672034865333387,0.050000000000002265,0.0500000000000031,True,True,248.9651890615823,258.4236847574576,9.458495695875285,True,0
1702,2012-10-04,256.01,251.12631107904787,-4.883688920952125,4.883688920952125,3.7314549404957873,5.5239494306926815,0.05250000000000227,0.0525000000000031,True,True,247.3948561385521,256.6502605097405,9.255404371188433,True,0
1703,2012-10-05,261.2,255.67714812044917,-5.522851879550814,5.522851879550814,3.657202462239894,5.248248822200026,0.05500000000000227,0.0550000000000031,True,False,252.01994565820928,260.9253969426492,8.905451284439891,False,1
1704,2012-10-08,257.67,260.83889149559394,3.1688914955939254,-3.1688914955939254,3.493804601489771,43.48,0.05750000000000227,0.007500000000003101,True,True,257.34508689410416,304.31889149559396,46.9738046014898,True,0
1705,2012-10-09,258.67,257.64307196953814,-1.0269280304618746,1.0269280304618746,3.4661290183451854,42.95,0.060000000000002274,0.010000000000003102,True,True,254.17694295119296,300.59307196953813,46.416129018345174,True,0
1706,2012-10-10,252.0,258.49231013868945,6.492310138689447,-6.492310138689447,3.4183245618666405,42.19,0.06250000000000228,0.012500000000003102,False,True,255.0739855768228,300.68231013868945,45.60832456186665,False,1
1707,2012-10-11,248.0,252.10169756407083,4.101697564070832,-4.101697564070832,7.101294528237247,37.08,0.015000000000002275,0.015000000000003103,True,True,245.00040303583359,289.1816975640708,44.18129452823723,True,0
1708,2012-10-12,243.18,248.015604855255,4.835604855254985,-4.835604855254985,6.695297591312965,36.7,0.017500000000002278,0.017500000000003103,True,True,241.32030726394203,284.715604855255,43.39529759131295,True,0
1709,2012-10-15,242.85,243.21648703960426,0.3664870396042659,-0.3664870396042659,6.307734359826526,13.725655545674073,0.02000000000000228,0.020000000000003106,True,True,236.90875267977773,256.94214258527836,20.033389905500627,True,0
1710,2012-10-16,244.87,242.71850650574066,-2.1514934942593413,2.1514934942593413,6.026140789719079,11.586417839457766,0.022500000000002282,0.022500000000003108,True,True,236.69236571602158,254.30492434519843,17.612558629176846,True,0
1711,2012-10-17,243.37,244.6400972444473,1.2700972444472995,-1.2700972444472995,5.491396381162531,9.482862958331168,0.025000000000002284,0.02500000000000311,True,True,239.14870086328477,254.12296020277847,14.974259339493699,True,0
1712,2012-10-18,247.77,243.26939818784774,-4.500601812152269,4.500601812152269,5.2671958537235355,8.855407630738071,0.027500000000002287,0.027500000000003112,True,True,238.0022023341242,252.1248058185858,14.122603484461592,True,0
1713,2012-10-19,245.16,247.45033235490158,2.2903323549015795,-2.2903323549015795,5.036240787092794,7.686476547247764,0.03000000000000229,0.030000000000003114,True,True,242.41409156780878,255.13680890214934,12.722717334340558,True,0
1714,2012-10-22,238.81,245.09763290134867,6.2876329013486725,-6.2876329013486725,4.889122137728307,7.309480326726231,0.03250000000000229,0.03250000000000312,False,True,240.20851076362038,252.4071132280749,12.198602464454524,False,1
1715,2012-10-23,231.05,238.90112317834553,7.851123178345517,-7.851123178345517,inf,7.071300597949119,-0.01499999999999771,0.03500000000000312,True,True,-inf,245.97242377629465,inf,True,0
1716,2012-10-24,235.88,231.19463347222958,-4.685366527770412,4.685366527770412,inf,6.600213493306498,-0.012499999999997709,0.03750000000000312,True,True,-inf,237.79484696553607,inf,True,0
1717,2012-10-25,230.92,235.55908751878206,4.639087518782077,-4.639087518782077,inf,6.423111110558381,-0.009999999999997709,0.04000000000000312,True,True,-inf,241.98219862934044,inf,True,0
1718,2012-10-26,228.6,230.94525316319994,2.345253163199942,-2.345253163199942,inf,6.171438483048803,-0.007499999999997708,0.042500000000003126,True,True,-inf,237.11669164624874,inf,True,0
1719,2012-10-31,236.32,228.5448069520164,-7.775193047983606,7.775193047983606,inf,5.97141547927032,-0.004999999999997708,0.04500000000000313,True,False,-inf,234.5162224312867,inf,False,1
1720,2012-11-01,234.23,235.87096896164257,1.640968961642585,-1.640968961642585,inf,inf,-0.002499999999997707,-0.0024999999999968728,True,True,-inf,inf,inf,True,0
1721,2012-11-02,234.01,234.1367028970551,0.12670289705511095,-0.12670289705511095,inf,inf,2.293304435241339e-15,3.127706427186183e-15,True,True,-inf,inf,inf,True,0
1722,2012-11-05,232.04,233.8698619935522,1.829861993552214,-1.829861993552214,12.728566661525036,45.55,0.002500000000002294,0.002500000000003128,True,True,221.14129533202717,279.4198619935522,58.27856666152505,True,0
1723,2012-11-06,235.41,231.96251164904294,-3.447488350957059,3.447488350957059,10.17138112416589,43.79,0.005000000000002294,0.005000000000003129,True,True,221.79113052487705,275.75251164904296,53.96138112416591,True,0
1724,2012-11-07,235.65,235.1298737833681,-0.5201262166318941,0.5201262166318941,8.82209149900882,43.48,0.007500000000002295,0.007500000000003129,True,True,226.3077822843593,278.60987378336813,52.30209149900884,True,0
1725,2012-11-08,232.22,235.47810866202153,3.2581086620215274,-3.2581086620215274,7.851123178345517,42.95,0.010000000000002295,0.01000000000000313,True,True,227.626985483676,278.42810866202154,50.801123178345534,True,0
1726,2012-11-09,226.26,232.19723342307807,5.937233423078084,-5.937233423078084,7.478864558471457,42.19,0.012500000000002296,0.01250000000000313,True,True,224.71836886460662,274.3872334230781,49.66886455847148,True,0
1727,2012-11-12,226.59,226.34185603345603,-0.24814396654397797,0.24814396654397797,7.178835412782433,37.08,0.015000000000002296,0.01500000000000313,True,True,219.1630206206736,263.42185603345604,44.258835412782446,True,0
1728,2012-11-13,225.12,226.44052989358298,1.3205298935829717,-1.3205298935829717,6.695297591312965,31.49753328109827,0.0175000000000023,0.01750000000000313,True,True,219.74523230227,257.93806317468125,38.192830872411236,True,0
1729,2012-11-14,226.5,225.02340013111214,-1.4765998688878597,1.4765998688878597,6.319158763857388,13.725655545674073,0.0200000000000023,0.020000000000003133,True,True,218.70424136725475,238.7490556767862,20.04481430953146,True,0
1730,2012-11-15,222.3,226.2983091175953,3.9983091175952836,-3.9983091175952836,6.241705172505334,11.586417839457766,0.022500000000002303,0.022500000000003136,True,True,220.05660394508996,237.88472695705306,17.8281230119631,True,0
1731,2012-11-16,221.31,222.30565694274037,0.9956569427403679,-0.9956569427403679,5.64943776497222,9.271350946718002,0.025000000000002305,0.025000000000003138,True,True,216.65621917776815,231.57700788945837,14.920788711690221,True,0
1732,2012-11-19,228.32,221.20753273725933,-7.112467262740665,7.112467262740665,5.40617863916691,8.855407630738071,0.027500000000002307,0.02750000000000314,True,True,215.80135409809242,230.06294036799738,14.261586269904967,True,0
1733,2012-11-20,230.0,227.89617531045448,-2.103824689545519,2.103824689545519,5.2353533948385795,7.775193047983606,0.03000000000000231,0.030000000000003142,True,True,222.6608219156159,235.6713683584381,13.010546442822175,True,0
1734,2012-11-21,233.84,229.7611286937093,-4.078871306290694,4.078871306290694,5.0009625159005395,7.309480326726231,0.03250000000000231,0.032500000000003144,True,True,224.76016617780877,237.07060902043554,12.31044284262677,True,0
1735,2012-11-23,239.89,233.53341744978752,-6.356582550212465,6.356582550212465,4.857190359396526,7.075858099101708,0.035000000000002314,0.03500000000000315,True,True,228.676227090391,240.60927554888923,11.933048458498234,True,0
1736,2012-11-26,240.39,239.49290587508395,-0.8970941249160376,0.8970941249160376,4.692270027240724,6.643232732744934,0.037500000000002316,0.03750000000000315,True,True,234.80063584784324,246.13613860782888,11.335502759985644,True,0
1737,2012-11-27,243.22,240.20111868590922,-3.018881314090777,3.018881314090777,4.530293486530809,6.542630751341889,0.04000000000000232,0.04000000000000315,True,True,235.6708251993784,246.7437494372511,11.072924237872684,True,0
1738,2012-11-28,242.45,242.95563993717573,0.5056399371757436,-0.5056399371757436,4.454095901180565,6.325784317175163,0.04250000000000232,0.04250000000000315,True,True,238.50154403599515,249.2814242543509,10.779880218355743,True,0
1739,2012-11-29,248.05,242.31738378545083,-5.732616214549182,5.732616214549182,4.28487787288131,6.076534422462814,0.04500000000000232,0.045000000000003156,True,True,238.03250591256952,248.39391820791366,10.361412295344138,True,0
1740,2012-11-30,250.38,247.68128764945212,-2.698712350547879,2.698712350547879,4.099397974815986,5.914256353834034,0.047500000000002325,0.04750000000000316,True,True,243.58188967463613,253.59554400328614,10.013654328650006,True,0
1741,2012-12-03,252.54,250.12467016696328,-2.415329833036708,2.415329833036708,3.997072011575071,5.732616214549182,0.05000000000000233,0.05000000000000316,True,True,246.12759815538823,255.85728638151247,9.729688226124239,True,0
1742,2012-12-04,249.94,252.29854210260828,2.3585421026082827,-2.3585421026082827,3.797377881746982,5.661814998372577,0.05250000000000233,0.05250000000000316,True,True,248.5011642208613,257.96035710098084,9.45919288011953,True,0
1743,2012-12-05,252.44,249.8778510106536,-2.5621489893464116,2.5621489893464116,3.7527917060897096,5.518581914708022,0.05500000000000233,0.055000000000003164,True,True,246.12505930456388,255.3964329253616,9.271373620797732,True,0
1744,2012-12-06,253.0,252.19445818828572,-0.8055418117142779,0.8055418117142779,3.6949094199352146,5.211383340147705,0.057500000000002334,0.05750000000000317,True,True,248.4995487683505,257.4058415284334,8.90629276008292,True,0
1745,2012-12-07,254.14,252.81868146581263,-1.3213185341873555,1.3213185341873555,3.49715015147774,5.085658914215628,0.060000000000002336,0.06000000000000317,True,True,249.3215313143349,257.90434038002826,8.582809065693368,True,0
1746,2012-12-10,253.1,253.94052658300205,0.8405265830020596,-0.8405265830020596,3.468445359754554,4.944946333592554,0.06250000000000233,0.06250000000000316,True,True,250.4720812232475,258.8854729165946,8.413391693347108,True,0
1747,2012-12-11,248.5,252.9816702657787,4.481670265778689,-4.481670265778689,3.4250883411622226,4.883688920952125,0.06500000000000233,0.06500000000000317,False,True,249.55658192461647,257.8653591867308,8.308777262114347,False,1
1748,2012-12-12,251.07,248.5179945047645,-2.5520054952355054,2.5520054952355054,6.695297591312965,4.790864037316226,0.017500000000002333,0.06750000000000317,True,True,241.82269691345152,253.3088585420807,11.48616162862919,True,0
1749,2012-12-13,251.11,250.82531286550923,-0.2846871344907811,0.2846871344907811,6.319158763857388,4.685366527770412,0.020000000000002335,0.07000000000000317,True,True,244.50615410165184,255.51067939327964,11.0045252916278,True,0
1750,2012-12-14,250.11,250.94761012980933,0.8376101298093204,-0.8376101298093204,6.098298994795698,4.636139467606782,0.022500000000002338,0.07250000000000317,True,True,244.84931113501364,255.5837495974161,10.734438462402466,True,0
1751,2012-12-17,249.81,249.99178462961925,0.18178462961924424,-0.18178462961924424,5.64943776497222,4.576335168637371,0.02500000000000234,0.07500000000000318,True,True,244.34234686464703,254.56811979825662,10.22577293360959,True,0
1752,2012-12-18,254.57,249.66734133076451,-4.902658669235478,4.902658669235478,5.399616352598684,4.4709080800327285,0.027500000000002342,0.07750000000000318,True,False,244.26772497816583,254.13824941079724,9.870524432631413,False,1
1753,2012-12-19,261.3,254.23302045904404,-7.06697954095597,7.06697954095597,5.0723320230081015,7.686476547247764,0.030000000000002344,0.030000000000003177,True,True,249.16068843603594,261.9194970062918,12.758808570255866,True,0
1754,2012-12-20,258.36,260.8793378203207,2.519337820320686,-2.519337820320686,5.0009625159005395,7.309480326726231,0.032500000000002346,0.03250000000000318,True,True,255.87837530442016,268.18881814704696,12.310442842626799,True,0
1755,2012-12-21,257.82,258.3003686097848,0.48036860978481855,-0.48036860978481855,4.835604855254985,7.071300597949119,0.03500000000000235,0.03500000000000318,True,True,253.46476375452983,265.37166920773393,11.906905453204104,True,0
1756,2012-12-24,257.3,257.6916140788021,0.39161407880209254,-0.39161407880209254,4.692270027240724,6.774356285789821,0.03750000000000235,0.037500000000003184,True,True,252.99934405156137,264.46597036459195,11.466626313030588,True,0
1757,2012-12-26,257.15,257.16537017493414,0.01537017493416215,-0.01537017493416215,4.504450182664215,6.542630751341889,0.04000000000000235,0.040000000000003186,True,True,252.66091999226992,263.70800092627604,11.047080934006118,True,0
1758,2012-12-27,248.28,257.00131187731074,8.72131187731074,-8.72131187731074,4.454095901180565,6.325784317175163,0.042500000000002355,0.04250000000000319,False,True,252.5472159761302,263.3270961944859,10.779880218355686,False,1
1759,2012-12-28,245.85,248.45221560390206,2.602215603902067,-2.602215603902067,inf,6.076534422462814,-0.004999999999997645,0.04500000000000319,True,True,-inf,254.5287500263649,inf,True,0
1760,2012-12-31,243.75,245.80211423461222,2.052114234612219,-2.052114234612219,inf,5.914256353834034,-0.0024999999999976447,0.04750000000000319,True,True,-inf,251.71637058844624,inf,True,0
1761,2013-01-02,256.08,243.67605666484826,-12.403943335151723,12.403943335151723,inf,5.732616214549182,2.355754480376504e-15,0.050000000000003195,True,False,-inf,249.40867287939744,inf,False,1
1762,2013-01-03,257.27,255.4528694207951,-1.8171305792048713,1.8171305792048713,12.728566661525036,45.55,0.0025000000000023562,0.002500000000003194,True,True,242.72430275927007,301.0028694207951,58.27856666152502,True,0
1763,2013-01-04,257.58,257.0392809472698,-0.5407190527301964,0.5407190527301964,10.17138112416589,43.79,0.005000000000002357,0.005000000000003195,True,True,246.8678998231039,300.8292809472698,53.96138112416591,True,0
1764,2013-01-07,262.97,257.4092251163109,-5.560774883689135,5.560774883689135,8.80797472763895,43.23,0.007500000000002357,0.007500000000003195,True,True,248.60125038867193,300.6392251163109,52.03797472763898,True,0
1765,2013-01-08,267.07,262.6100158091672,-4.459984190832813,4.459984190832813,8.25200881534488,42.95,0.010000000000002358,0.010000000000003196,True,True,254.3580069938223,305.56001580916717,51.20200881534487,True,0
1766,2013-01-09,268.17,266.7496389155871,-1.4203610844128889,1.4203610844128889,7.478864558471457,37.61,0.012500000000002358,0.012500000000003196,True,True,259.27077435711567,304.35963891558714,45.08886455847147,True,0
1767,2013-01-10,268.54,267.96595998045154,-0.5740400195484767,0.5740400195484767,7.178835412782433,37.04,0.015000000000002359,0.015000000000003197,True,True,260.78712456766914,305.00595998045156,44.218835412782425,True,0
1768,2013-01-11,265.1,268.36968611998077,3.269686119980747,-3.269686119980747,6.723469265502757,31.49753328109827,0.01750000000000236,0.017500000000003197,True,True,261.646216854478,299.86721940107907,38.221002546601085,True,0
1769,2013-01-14,268.0,265.07079071437556,-2.929209285624438,2.929209285624438,6.319158763857388,12.762369254078436,0.020000000000002363,0.020000000000003196,True,True,258.7516319505182,277.83315996845397,19.081528017935796,True,0
1770,2013-01-15,270.68,267.744172863031,-2.93582713696901,2.93582713696901,6.241705172505334,11.586417839457766,0.022500000000002365,0.022500000000003198,True,True,261.5024676905257,279.33059070248873,17.828123011963044,True,0
1771,2013-01-16,270.53,270.4195428899665,-0.11045711003345104,0.11045711003345104,5.64943776497222,9.271350946718002,0.025000000000002368,0.0250000000000032,True,True,264.7701051249943,279.6908938366845,14.920788711690193,True,0
1772,2013-01-17,271.5,270.37567563684735,-1.1243243631526525,1.1243243631526525,5.40617863916691,8.855407630738071,0.02750000000000237,0.027500000000003202,True,True,264.96949699768044,279.2310832675854,14.261586269904967,True,0
1773,2013-01-18,270.83,271.3105729560606,0.48057295606059824,-0.48057295606059824,5.0723320230081015,7.686476547247764,0.030000000000002372,0.030000000000003205,True,True,266.23824093305245,278.99704950330835,12.758808570255894,True,0
1774,2013-01-22,271.62,270.6987787695445,-0.921221230455501,0.921221230455501,5.0009625159005395,7.309480326726231,0.032500000000002374,0.03250000000000321,True,True,265.69781625364396,278.00825909627076,12.310442842626799,True,0
1775,2013-01-23,270.57,271.438280444503,0.8682804445030001,-0.8682804445030001,4.835604855254985,7.071300597949119,0.035000000000002376,0.03500000000000321,True,True,266.602675589248,278.5095810424521,11.906905453204104,True,0
1776,2013-01-24,269.37,270.4530142970503,1.0830142970502834,-1.0830142970502834,4.692270027240724,6.774356285789821,0.03750000000000238,0.03750000000000321,True,True,265.76074426980955,277.2273705828401,11.466626313030531,True,0
1777,2013-01-25,275.0,269.26207301530997,-5.737926984690034,5.737926984690034,4.504450182664215,6.542630751341889,0.04000000000000238,0.040000000000003214,True,True,264.7576228326458,275.80470376665187,11.04708093400609,True,0
1778,2013-01-28,283.78,274.638090524655,-9.14190947534496,9.14190947534496,4.454095901180565,6.325784317175163,0.04250000000000238,0.042500000000003216,True,False,270.18399462347446,280.96387484183015,10.779880218355686,False,1
1779,2013-01-29,275.35,283.2889075902929,7.938907590292899,-7.938907590292899,4.28487787288131,inf,0.045000000000002385,-0.004999999999996785,False,True,279.00402971741164,inf,inf,False,1
1780,2013-01-30,283.0,275.4840006440527,-7.515999355947315,7.515999355947315,inf,inf,-0.0024999999999976152,-0.0024999999999967843,True,True,-inf,inf,inf,True,0
1781,2013-01-31,271.04,282.57511699579123,11.535116995791213,-11.535116995791213,inf,inf,2.3852447794681098e-15,3.2161773244610004e-15,True,True,-inf,inf,inf,True,0
1782,2013-02-01,268.93,271.328378780986,2.398378780985979,-2.398378780985979,12.728566661525036,45.55,0.0025000000000023857,0.0025000000000032167,True,True,258.5998121194609,316.878378780986,58.278566661525076,True,0
1783,2013-02-04,262.78,268.8724083931471,6.092408393147139,-6.092408393147139,10.92408695002726,43.79,0.005000000000002386,0.005000000000003217,True,True,257.9483214431199,312.66240839314713,54.71408695002725,True,0
1784,2013-02-05,262.0,262.85668194118506,0.8566819411850588,-0.8566819411850588,8.82209149900882,43.23,0.007500000000002387,0.007500000000003218,True,True,254.03459044217624,306.0866819411851,52.05209149900884,True,0
1785,2013-02-06,265.16,261.87647317218045,-3.2835268278195713,3.2835268278195713,8.445680639693741,42.95,0.010000000000002387,0.010000000000003218,True,True,253.43079253248672,304.82647317218044,51.39568063969372,True,0
1786,2013-02-07,264.1,264.8817180110344,0.7817180110343998,-0.7817180110343998,7.611320153076839,37.61,0.012500000000002388,0.012500000000003219,True,True,257.27039785795756,302.49171801103444,45.221320153076874,True,0
1787,2013-02-08,261.4,263.97976111217304,2.5797611121730597,-2.5797611121730597,7.307635926972694,37.04,0.015000000000002388,0.015000000000003219,True,True,256.67212518520034,301.01976111217306,44.347635926972714,True,0
1788,2013-02-11,263.2,261.3457640767164,-1.854235923283568,1.854235923283568,6.734374582960811,17.431662177681503,0.01750000000000239,0.01750000000000322,True,True,254.6113894937556,278.77742625439794,24.166036760642328,True,0
1789,2013-02-12,259.19,262.9758057985828,3.785805798582828,-3.785805798582828,6.509623189394347,12.762369254078436,0.02000000000000239,0.020000000000003224,True,True,256.4661826091885,275.7381750526613,19.27199244347281,True,0
1790,2013-02-13,261.53,259.18257124708936,-2.3474287529106164,2.3474287529106164,6.2876329013486725,10.395946211211111,0.022500000000002393,0.022500000000003226,True,True,252.89493834574068,269.57851745830044,16.683579112559755,True,0
1791,2013-02-14,267.37,261.2850640687381,-6.084935931261896,6.084935931261896,6.026140789719079,9.271350946718002,0.025000000000002395,0.025000000000003228,True,True,255.25892327901903,270.5564150154561,15.297491736437053,True,0
1792,2013-02-15,267.63,266.98336136391487,-0.6466386360851288,0.6466386360851288,5.491396381162531,8.855407630738071,0.027500000000002398,0.02750000000000323,True,True,261.49196498275234,275.8387689946529,14.346804011900588,True,0
1793,2013-02-19,265.91,267.4556775171936,1.5456775171935533,-1.5456775171935533,5.364702549197887,7.775193047983606,0.0300000000000024,0.030000000000003232,True,True,262.0909749679957,275.23087056517716,13.139895597181464,True,0
1794,2013-02-20,270.2,265.8175731383787,-4.382426861621298,4.382426861621298,5.036240787092794,7.407676093026502,0.0325000000000024,0.032500000000003235,True,True,260.78133235128587,273.2252492314052,12.443916880119332,True,0
1795,2013-02-21,265.12,269.87917868878475,4.759178688784743,-4.759178688784743,4.889122137728307,7.112467262740665,0.035000000000002404,0.03500000000000324,True,True,264.99005655105645,276.9916459515254,12.001589400468959,True,0
1796,2013-02-22,266.62,265.15116958998857,-1.468830410011435,1.468830410011435,4.759178688784743,6.836116549953033,0.037500000000002406,0.03750000000000324,True,True,260.3919909012038,271.9872861399416,11.595295238737776,True,0
1797,2013-02-25,266.94,266.4096198182646,-0.5303801817353815,0.5303801817353815,4.639087518782077,6.556223870250761,0.04000000000000241,0.04000000000000324,True,True,261.7705322994825,272.9658436885154,11.195311389032895,True,0
1798,2013-02-26,260.89,266.7680222887985,5.8780222887984905,-5.8780222887984905,4.483608339694882,6.32626534488368,0.04250000000000241,0.042500000000003244,False,True,262.2844139491036,273.09428763368214,10.80987368457852,False,1
1799,2013-02-27,259.4,260.96218381255727,1.5621838125572935,-1.5621838125572935,inf,6.123168581259378,-0.00499999999999759,0.045000000000003246,True,True,-inf,267.08535239381666,inf,True,0
1800,2013-02-28,261.81,259.3056114558444,-2.5043885441555744,2.5043885441555744,inf,5.97141547927032,-0.0024999999999975892,0.04750000000000325,True,True,-inf,265.27702693511475,inf,True,0
1801,2013-03-01,263.27,261.55988709798515,-1.7101129020148278,1.7101129020148278,inf,5.792984155749423,2.411265631607762e-15,0.05000000000000325,True,True,-inf,267.3528712537346,inf,True,0
1802,2013-03-04,265.36,263.0514869463695,-2.30851305363052,2.30851305363052,12.728566661525036,5.7241876473548245,0.0025000000000024118,0.05250000000000325,True,True,250.32292028484446,268.7756745937243,18.45275430887986,True,0
1803,2013-03-05,274.0,265.1186657686148,-8.88133423138521,8.88133423138521,10.17138112416589,5.560774883689135,0.005000000000002412,0.055000000000003255,True,False,254.9472846444489,270.6794406523039,15.732156007855025,False,1
1804,2013-03-06,275.76,273.5034686095035,-2.256531390496491,2.256531390496491,8.82209149900882,43.23,0.007500000000002413,0.007500000000003254,True,True,264.6813771104947,316.7334686095035,52.05209149900884,True,0
1805,2013-03-07,274.1,275.5252806567825,1.4252806567824905,-1.4252806567824905,8.25200881534488,42.92,0.010000000000002413,0.010000000000003255,True,True,267.27327184143763,318.44528065678253,51.172008815344896,True,0
1806,2013-03-08,275.0,274.0037644107096,-0.9962355892903929,0.9962355892903929,7.611320153076839,37.61,0.012500000000002414,0.012500000000003255,True,True,266.39244425763275,311.6137644107096,45.221320153076874,True,0
1807,2013-03-11,273.43,274.81062437418313,1.3806243741831281,-1.3806243741831281,7.206149293916951,36.98,0.015000000000002414,0.015000000000003256,True,True,267.6044750802662,311.79062437418315,44.18614929391697,True,0
1808,2013-03-12,271.0,273.3311999712734,2.3311999712734064,-2.3311999712734064,6.734374582960811,17.431662177681503,0.017500000000002416,0.017500000000003256,True,True,266.5968253883126,290.7628621489549,24.166036760642328,True,0
1809,2013-03-13,275.24,270.9362397066066,-4.303760293393395,4.303760293393395,6.492310138689447,12.403943335151723,0.02000000000000242,0.020000000000003258,True,True,264.44392956791717,283.34018304175834,18.89625347384117,True,0
1810,2013-03-14,269.67,274.9223882482173,5.252388248217301,-5.252388248217301,6.2876329013486725,10.395946211211111,0.02250000000000242,0.02250000000000326,True,True,268.63475534686864,285.31833445942846,16.683579112559812,True,0
1811,2013-03-15,264.98,269.718648175528,4.738648175527999,-4.738648175527999,5.937233423078084,9.219771232147934,0.025000000000002423,0.025000000000003263,True,True,263.7814147524499,278.93841940767595,15.157004655226046,True,0
1812,2013-03-18,259.3,265.00611000769396,5.706110007693951,-5.706110007693951,5.545091823505189,8.88133423138521,0.027500000000002425,0.027500000000003265,False,True,259.4610181841888,273.8874442390792,14.426426054890385,False,1
1813,2013-03-19,258.4,259.35831504158506,0.958315041585081,-0.958315041585081,inf,7.775193047983606,-0.019999999999997575,0.030000000000003267,True,True,-inf,267.13350808956864,inf,True,0
1814,2013-03-20,258.05,258.2798593937486,0.22985939374859754,-0.22985939374859754,inf,7.44716251038102,-0.017499999999997573,0.03250000000000327,True,True,-inf,265.72702190412963,inf,True,0
1815,2013-03-21,256.11,257.9043137576814,1.7943137576813797,-1.7943137576813797,inf,7.112467262740665,-0.014999999999997573,0.03500000000000327,True,True,-inf,265.01678102042206,inf,True,0
1816,2013-03-22,254.55,256.02379981181565,1.4737998118156383,-1.4737998118156383,inf,6.836116549953033,-0.012499999999997572,0.037500000000003274,True,True,-inf,262.8599163617687,inf,True,0
1817,2013-03-25,258.58,254.4510789230513,-4.1289210769486715,4.1289210769486715,inf,6.556223870250761,-0.009999999999997572,0.040000000000003276,True,True,-inf,261.0073027933021,inf,True,0
1818,2013-03-26,257.05,258.2677770556768,1.2177770556767769,-1.2177770556767769,inf,6.32626534488368,-0.007499999999997571,0.04250000000000328,True,True,-inf,264.59404240056045,inf,True,0
1819,2013-03-27,258.75,256.94388069113285,-1.806119308867153,1.806119308867153,inf,6.123168581259378,-0.004999999999997571,0.04500000000000328,True,True,-inf,263.06704927239224,inf,True,0
1820,2013-03-28,265.82,258.52668858805316,-7.293311411946831,7.293311411946831,inf,5.97141547927032,-0.00249999999999757,0.04750000000000328,True,False,-inf,264.4981040673235,inf,False,1
1821,2013-04-01,266.98,265.38657535693966,-1.5934246430603594,1.5934246430603594,inf,inf,2.4303475898435067e-15,3.282096816548119e-15,True,True,-inf,inf,inf,True,0
1822,2013-04-02,262.4,266.7682866428716,4.368286642871624,-4.368286642871624,12.728566661525036,45.55,0.002500000000002431,0.0025000000000032826,True,True,254.03971998134656,312.3182866428716,58.27856666152505,True,0
1823,2013-04-03,262.12,262.4100077738699,0.2900077738698883,-0.2900077738698883,10.17138112416589,43.76,0.005000000000002431,0.005000000000003283,True,True,252.238626649704,306.1700077738699,53.93138112416588,True,0
1824,2013-04-04,259.23,261.9764909754755,2.746490975475467,-2.746490975475467,8.82209149900882,43.23,0.007500000000002432,0.0075000000000032836,True,True,253.15439947646666,305.2064909754755,52.05209149900884,True,0
1825,2013-04-05,255.72,259.1787166826172,3.458716682617222,-3.458716682617222,8.25200881534488,42.92,0.010000000000002432,0.010000000000003284,True,True,250.92670786727234,302.09871668261724,51.172008815344896,True,0
1826,2013-04-08,255.92,255.69479132638583,-0.22520867361416208,0.22520867361416208,7.611320153076839,37.61,0.012500000000002433,0.012500000000003285,True,True,248.083471173309,293.30479132638584,45.221320153076846,True,0
1827,2013-04-09,258.85,255.75665220009307,-3.093347799906951,3.093347799906951,7.206149293916951,36.98,0.015000000000002433,0.015000000000003285,True,True,248.55050290617612,292.7366522000931,44.18614929391697,True,0
1828,2013-04-10,261.78,258.5783366630822,-3.201663336917761,3.201663336917761,6.734374582960811,17.431662177681503,0.017500000000002434,0.017500000000003284,True,True,251.8439620801214,276.0099988407637,24.166036760642328,True,0
1829,2013-04-11,264.74,261.50466425562803,-3.23533574437198,3.23533574437198,6.492310138689447,12.403943335151723,0.020000000000002432,0.020000000000003286,True,True,255.01235411693858,273.90860759077975,18.89625347384117,True,0
1830,2013-04-12,270.12,264.46393824093195,-5.656061759068052,5.656061759068052,6.241705172505334,9.797875923551942,0.022500000000002435,0.022500000000003288,True,True,258.2222330684266,274.2618141644839,16.039581096057304,True,0
1831,2013-04-15,271.08,269.7531140587842,-1.326885941215778,1.326885941215778,5.937233423078084,9.219771232147934,0.025000000000002437,0.02500000000000329,True,True,263.8158806357061,278.97288529093214,15.157004655226046,True,0
1832,2013-04-16,269.31,270.87781844986495,1.5678184498649443,-1.5678184498649443,5.545091823505189,8.855407630738071,0.02750000000000244,0.027500000000003293,True,True,265.3327266263598,279.733226080603,14.400499454243231,True,0
1833,2013-04-17,270.8,269.21397339164486,-1.586026608355155,1.586026608355155,5.399616352598684,7.775193047983606,0.03000000000000244,0.030000000000003295,True,True,263.8143570390462,276.98916643962843,13.174809400582262,True,0
1834,2013-04-18,266.81,270.5854977033803,3.7754977033803243,-3.7754977033803243,5.0723320230081015,7.407676093026502,0.032500000000002444,0.0325000000000033,True,True,265.51316568037225,277.99317379640684,12.480008116034583,True,0
1835,2013-04-19,258.16,266.7955174214512,8.635517421451198,-8.635517421451198,4.91591818981945,7.112467262740665,0.035000000000002446,0.0350000000000033,False,True,261.8795992316318,273.9079846841919,12.028385452560087,False,1
1836,2013-04-22,259.35,258.31857287598126,-1.0314271240187622,1.0314271240187622,inf,6.870571202061143,-0.012499999999997555,0.0375000000000033,True,True,-inf,265.18914407804243,inf,True,0
1837,2013-04-23,264.5,259.15481498347134,-5.34518501652866,5.34518501652866,inf,6.556223870250761,-0.009999999999997554,0.040000000000003304,True,True,-inf,265.71103885372213,inf,True,0
1838,2013-04-24,269.5,264.1439394137409,-5.356060586259105,5.356060586259105,inf,6.32626534488368,-0.007499999999997554,0.042500000000003306,True,True,-inf,270.47020475862456,inf,True,0
1839,2013-04-25,271.53,269.14440490134604,-2.385595098653937,2.385595098653937,inf,6.123168581259378,-0.004999999999997553,0.04500000000000331,True,True,-inf,275.2675734826054,inf,True,0
1840,2013-04-26,269.97,271.28634716097366,1.3163471609736348,-1.3163471609736348,inf,5.97141547927032,-0.002499999999997553,0.04750000000000331,True,True,-inf,277.257762640244,inf,True,0
1841,2013-04-29,254.9,269.86254437409934,14.962544374099338,-14.962544374099338,inf,5.792984155749423,2.447694824603275e-15,0.05000000000000331,True,True,-inf,275.65552852984877,inf,True,0
1842,2013-04-30,249.37,255.27610438362981,5.90610438362981,-5.90610438362981,13.335334764741134,5.7241876473548245,0.002500000000002448,0.052500000000003315,True,True,241.94076961888868,261.0002920309846,19.05952241209593,True,0
1843,2013-05-01,253.9,249.42781161410304,-4.47218838589697,4.47218838589697,10.92408695002726,5.59665441533582,0.005000000000002449,0.05500000000000332,True,True,238.50372466407578,255.02446602943886,16.52074136536308,True,0
1844,2013-05-02,248.94,253.58861297306183,4.64861297306183,-4.64861297306183,9.092261705948445,5.518581914708022,0.007500000000002449,0.05750000000000332,True,True,244.49635126711337,259.1071948877699,14.61084362065651,True,0
1845,2013-05-03,256.14,248.94802675385662,-7.1919732461433625,7.1919732461433625,8.52262168284659,5.248248822200026,0.01000000000000245,0.06000000000000332,True,False,240.42540507101003,254.19627557605665,13.770870505046616,False,1
1846,2013-05-06,258.09,255.72154188244582,-2.3684581175541553,2.3684581175541553,7.642987594851675,37.34,0.01250000000000245,0.012500000000003321,True,True,248.07855428759416,293.0615418824458,44.982987594851636,True,0
1847,2013-05-07,256.31,257.8433665753412,1.5333665753411765,-1.5333665753411765,7.410330130523505,36.98,0.01500000000000245,0.015000000000003321,True,True,250.43303644481767,294.8233665753412,44.39033013052352,True,0
1848,2013-05-08,256.87,256.2089752945113,-0.6610247054887282,0.6610247054887282,6.842809183738666,14.960966199678893,0.01750000000000245,0.017500000000003322,True,True,249.3661661107726,271.1699414941902,21.803775383417587,True,0
1849,2013-05-09,258.73,256.691562524787,-2.0384374752130157,2.0384374752130157,6.663221430392326,12.403943335151723,0.020000000000002453,0.02000000000000332,True,True,250.02834109439468,269.0955058599387,19.06716476554405,True,0
1850,2013-05-10,260.88,258.49918093936196,-2.380819060638032,2.380819060638032,6.300506514521345,9.797875923551942,0.022500000000002456,0.022500000000003323,True,True,252.19867442484062,268.2970568629139,16.098382438073287,True,0
1851,2013-05-13,262.77,260.635671518117,-2.13432848188296,2.13432848188296,6.026140789719079,9.160111940275755,0.025000000000002458,0.025000000000003325,True,True,254.60953072839794,269.79578345839275,15.186252729994806,True,0
1852,2013-05-14,264.5,262.5344787446255,-1.9655212553744832,1.9655212553744832,5.8780222887984905,8.855407630738071,0.02750000000000246,0.027500000000003327,True,True,256.656456455827,271.3898863753636,14.733429919536547,True,0
1853,2013-05-15,267.07,264.2707695564063,-2.7992304435936717,2.7992304435936717,5.45012046181634,7.686476547247764,0.030000000000002462,0.03000000000000333,True,True,258.82064909458995,271.9572461036541,13.136597009064133,True,0
1854,2013-05-16,265.96,266.8104255422461,0.8504255422461142,-0.8504255422461142,5.252388248217301,7.309480326726231,0.032500000000002464,0.03250000000000333,True,True,261.5580372940288,274.1199058689723,12.561868574943503,True,0
1855,2013-05-17,265.83,265.8322306900394,0.0022306900394255536,-0.0022306900394255536,5.036240787092794,7.13556167303318,0.03500000000000247,0.035000000000003334,True,True,260.79598990294664,272.9677923630726,12.171802460125946,True,0
1856,2013-05-20,269.0,265.67388123276874,-3.3261187672312644,3.3261187672312644,4.877264473092055,6.870571202061143,0.03750000000000247,0.037500000000003336,True,True,260.7966167596767,272.54445243482985,11.74783567515317,True,0
1857,2013-05-21,268.74,268.721851561686,-0.01814843831402868,0.01814843831402868,4.747800207663346,6.556223870250761,0.04000000000000247,0.04000000000000334,True,True,263.97405135402266,275.2780754319367,11.30402407791405,True,0
1858,2013-05-22,267.39,268.58007041784975,1.1900704178497676,-1.1900704178497676,4.64861297306183,6.356582550212465,0.04250000000000247,0.04250000000000334,True,True,263.93145744478795,274.9366529680622,11.005195523274267,True,0
1859,2013-05-23,260.49,267.2761297217407,6.786129721740679,-6.786129721740679,4.504450182664215,6.123168581259378,0.045000000000002476,0.04500000000000334,False,True,262.77167953907644,273.3992983030001,10.627618763923635,False,1
1860,2013-05-24,259.85,260.5756744527149,0.725674452714884,-0.725674452714884,inf,5.97141547927032,-0.002499999999997525,0.047500000000003345,True,True,-inf,266.5470899319852,inf,True,0
1861,2013-05-28,266.48,259.72371573147655,-6.756284268523473,6.756284268523473,inf,5.792984155749423,2.4754504002189037e-15,0.05000000000000335,True,False,-inf,265.51669988722597,inf,False,1
1862,2013-05-29,265.46,266.07626975975467,0.6162697597546867,-0.6162697597546867,13.335334764741134,45.55,0.002500000000002476,0.0025000000000033468,True,True,252.74093499501353,311.6262697597547,58.885334764741145,True,0
1863,2013-05-30,265.71,265.31754036760725,-0.39245963239272896,0.39245963239272896,10.92408695002726,43.76,0.005000000000002476,0.005000000000003347,True,True,254.39345341758,309.07754036760724,54.68408695002725,True,0
1864,2013-05-31,266.0,265.54022228999395,-0.45977771000605117,0.45977771000605117,9.092261705948445,43.23,0.007500000000002477,0.007500000000003348,True,True,256.4479605840455,308.77022228999397,52.32226170594845,True,0
1865,2013-06-03,265.38,265.82570839709496,0.44570839709496113,-0.44570839709496113,8.52262168284659,42.92,0.010000000000002477,0.010000000000003348,True,True,257.30308671424837,308.745708397095,51.44262168284661,True,0
1866,2013-06-04,267.0,265.2385074233216,-1.7614925766783927,1.7614925766783927,7.642987594851675,37.34,0.012500000000002478,0.012500000000003349,True,True,257.59551982846995,302.57850742332164,44.98298759485169,True,0
1867,2013-06-05,265.81,266.77943998823076,0.9694399882307607,-0.9694399882307607,7.410330130523505,36.98,0.015000000000002478,0.01500000000000335,True,True,259.36910985770726,303.7594399882308,44.39033013052352,True,0
1868,2013-06-06,267.75,265.68582403891816,-2.064175961081844,2.064175961081844,6.842809183738666,14.960966199678893,0.01750000000000248,0.01750000000000335,True,True,258.8430148551795,280.6467902385971,21.803775383417587,True,0
1869,2013-06-07,269.74,267.51894393999305,-2.2210560600069584,2.2210560600069584,6.663221430392326,12.105808063873866,0.02000000000000248,0.02000000000000335,True,True,260.8557225096007,279.6247520038669,18.769029494266192,True,0
1870,2013-06-10,276.68,269.4995488261635,-7.180451173836502,7.180451173836502,6.300506514521345,9.482985308867427,0.022500000000002483,0.02250000000000335,True,True,263.1990423116422,278.98253413503096,15.783491823388772,True,0
1871,2013-06-11,276.0,276.2585069337593,0.2585069337592927,-0.2585069337592927,6.092408393147139,9.160111940275755,0.025000000000002486,0.025000000000003353,True,True,270.16609854061215,285.418618874035,15.252520333422865,True,0
1872,2013-06-12,276.6,275.8447139446412,-0.7552860553587948,0.7552860553587948,5.8780222887984905,8.43241410940513,0.027500000000002488,0.027500000000003355,True,True,269.96669165584274,284.27712805404633,14.310436398203592,True,0
1873,2013-06-13,271.5,276.4159810706713,4.915981070671307,-4.915981070671307,5.45012046181634,7.586408126159938,0.03000000000000249,0.030000000000003357,True,True,270.965860608855,284.00238919683125,13.03652858797625,True,0
1874,2013-06-14,275.0,271.51692884964604,-3.4830711503539646,3.4830711503539646,5.2671958537235355,7.309480326726231,0.03250000000000249,0.03250000000000336,True,True,266.2497329959225,278.8264091763723,12.576676180449795,True,0
1875,2013-06-17,276.35,274.71950843552224,-1.6304915644777793,1.6304915644777793,5.036240787092794,7.13556167303318,0.035000000000002494,0.03500000000000336,True,True,269.6832676484295,281.8550701085554,12.171802460125946,True,0
1876,2013-06-18,279.08,276.1290193116196,-2.9509806883804117,2.9509806883804117,4.889122137728307,6.870571202061143,0.0375000000000025,0.037500000000003364,True,True,271.2398971738913,282.9995905136807,11.759693339789408,True,0
1877,2013-06-19,281.26,278.81388635677024,-2.446113643229751,2.446113643229751,4.759178688784743,6.600213493306498,0.0400000000000025,0.040000000000003366,True,True,274.0547076679855,285.41409985007675,11.359392182091256,True,0
1878,2013-06-20,275.14,281.0112064014752,5.871206401475206,-5.871206401475206,4.692270027240724,6.423111110558381,0.0425000000000025,0.04250000000000337,False,True,276.31893637423445,287.43431751203354,11.11538113779909,False,1
1879,2013-06-21,274.57,275.19004667634766,0.6200466763476697,-0.6200466763476697,inf,6.171438483048803,-0.0049999999999974995,0.04500000000000337,True,True,-inf,281.36148515939647,inf,True,0
1880,2013-06-24,271.29,274.4400594436882,3.1500594436881784,-3.1500594436881784,inf,6.007588631611981,-0.002499999999997499,0.04750000000000337,True,True,-inf,280.4476480753002,inf,True,0
1881,2013-06-25,272.3,271.2446947669548,-1.0553052330452033,1.0553052330452033,inf,5.8725509439858286,2.501471252358556e-15,0.050000000000003375,True,True,-inf,277.11724571094067,inf,True,0
1882,2013-06-26,273.98,272.10593712002174,-1.8740628799782826,1.8740628799782826,13.335334764741134,5.732616214549182,0.002500000000002502,0.05250000000000338,True,True,258.77060235528063,277.8385533345709,19.067950979290288,True,0
1883,2013-06-27,279.18,273.75243595451,-5.427564045489987,5.427564045489987,10.92408695002726,5.656061759068052,0.0050000000000025024,0.05500000000000338,True,True,262.8283490044828,279.4084977135781,16.580148709095283,True,0
1884,2013-06-28,276.19,278.8225026910637,2.632502691063678,-2.632502691063678,8.82209149900882,5.518581914708022,0.007500000000002503,0.05750000000000338,True,True,270.00041119205486,284.3410846057717,14.340673413716843,True,0
1885,2013-07-01,279.0,276.12183347424457,-2.8781665257554323,2.8781665257554323,8.52262168284659,5.26363727038553,0.010000000000002503,0.060000000000003384,True,True,267.599211791398,281.3854707446301,13.786258953232107,True,0
1886,2013-07-02,281.04,278.73907577695945,-2.3009242230405675,2.3009242230405675,7.642987594851675,5.164802640276548,0.012500000000002504,0.06250000000000339,True,True,271.0960881821078,283.903878417236,12.80779023512821,True,0
1887,2013-07-03,282.0,280.79529912830475,-1.2047008716952519,1.2047008716952519,7.307635926972694,5.028411261116844,0.015000000000002504,0.06500000000000339,True,True,273.48766320133205,285.8237103894216,12.336047188089537,True,0
1888,2013-07-05,285.0,281.79637317492023,-3.203626825079766,3.203626825079766,6.786129721740679,4.903928498957427,0.017500000000002507,0.06750000000000339,True,True,275.01024345317956,286.7003016738777,11.69005822069812,True,0
1889,2013-07-08,286.42,284.7245662712514,-1.6954337287486396,1.6954337287486396,6.663221430392326,4.807493535271647,0.02000000000000251,0.07000000000000339,True,True,278.0613448408591,289.532059806523,11.470714965663944,True,0
1890,2013-07-09,291.0,286.1982030889718,-4.801796911028191,4.801796911028191,6.300506514521345,4.772458354725728,0.02250000000000251,0.0725000000000034,True,False,279.8976965744505,290.9706614436975,11.072964869247016,False,1
1891,2013-07-10,291.41,290.66701472233444,-0.7429852776655821,0.7429852776655821,6.026140789719079,9.14190947534496,0.025000000000002513,0.025000000000003395,True,True,284.64087393261536,299.8089241976794,15.16805026506404,True,0
1892,2013-07-11,294.99,291.2228283919538,-3.767171608046226,3.767171608046226,5.871206401475206,7.957321863981775,0.027500000000002515,0.027500000000003397,True,True,285.3516219904786,299.1801502559356,13.82852826545701,True,0
1893,2013-07-12,298.69,294.69644628753724,-3.993553712462756,3.993553712462756,5.491396381162531,7.586408126159938,0.030000000000002518,0.0300000000000034,True,True,289.2050499063747,302.2828544136972,13.077804507322469,True,0
1894,2013-07-15,307.27,298.38767760474013,-8.882322395259848,8.882322395259848,5.2671958537235355,7.293311411946831,0.03250000000000252,0.0325000000000034,True,False,293.1204817510166,305.68098901668696,12.560507265670367,False,1
1895,2013-07-16,307.3,306.79410817244286,-0.50589182755715,0.50589182755715,5.036240787092794,inf,0.03500000000000252,-0.0149999999999966,True,True,301.7578673853501,inf,inf,True,0
1896,2013-07-17,306.97,307.126427933964,0.15642793396398247,-0.15642793396398247,4.889122137728307,inf,0.037500000000002524,-0.012499999999996599,True,True,302.2373057962357,inf,inf,True,0
1897,2013-07-18,306.27,306.8221130587204,0.5521130587204084,-0.5521130587204084,4.831146649804751,inf,0.04000000000000253,-0.009999999999996598,True,True,301.99096640891565,inf,inf,True,0
1898,2013-07-19,304.39,306.1354202922421,1.7454202922421018,-1.7454202922421018,4.692270027240724,inf,0.04250000000000253,-0.007499999999996598,True,True,301.44315026500135,inf,inf,True,0
1899,2013-07-22,309.25,304.29701408462233,-4.952985915377667,4.952985915377667,4.530293486530809,inf,0.04500000000000253,-0.0049999999999965974,True,True,299.7667205980915,inf,inf,True,0
1900,2013-07-23,303.16,308.91873784173924,5.758737841739219,-5.758737841739219,4.454095901180565,inf,0.04750000000000253,-0.002499999999996597,False,True,304.4646419405587,inf,inf,False,1
1901,2013-07-24,303.02,303.2082083270762,0.18820832707621094,-0.18820832707621094,inf,inf,2.5326962749261384e-15,3.4035274598664955e-15,True,True,-inf,inf,inf,True,0
1902,2013-07-25,299.0,302.872074193088,3.8720741930879967,-3.8720741930879967,13.335334764741134,45.55,0.002500000000002533,0.002500000000003404,True,True,289.5367394283469,348.422074193088,58.88533476474112,True,0
1903,2013-07-26,299.55,298.9803964003935,-0.5696035996065234,0.5696035996065234,10.92408695002726,43.76,0.005000000000002534,0.0050000000000034045,True,True,288.05630945036626,342.7403964003935,54.68408695002722,True,0
1904,2013-07-29,311.07,299.3721624216497,-11.697837578350288,11.697837578350288,8.82209149900882,43.18,0.007500000000002534,0.007500000000003405,True,True,290.5500709226409,342.5521624216497,52.00209149900883,True,0
1905,2013-07-30,307.72,310.48828672085904,2.7682867208590096,-2.7682867208590096,8.445680639693741,42.84,0.010000000000002535,0.010000000000003405,True,True,302.0426060811653,353.32828672085907,51.285680639693794,True,0
1906,2013-07-31,303.91,307.6604049381326,3.75040493813259,-3.75040493813259,7.642987594851675,37.34,0.012500000000002535,0.012500000000003406,True,True,300.01741734328095,345.00040493813265,44.98298759485169,True,0
1907,2013-08-01,303.08,303.8909698900856,0.8109698900856301,-0.8109698900856301,7.307635926972694,36.7,0.015000000000002536,0.015000000000003406,True,True,296.5833339631129,340.5909698900856,44.00763592697268,True,0
1908,2013-08-02,304.63,302.9547154295449,-1.6752845704551191,1.6752845704551191,6.786129721740679,13.973324868287676,0.017500000000002534,0.01750000000000341,True,True,296.1685857078042,316.9280402978326,20.759454590028383,True,0
1909,2013-08-05,303.4,304.41352817144667,1.0135281714466942,-1.0135281714466942,6.509623189394347,12.046558395810933,0.020000000000002537,0.02000000000000341,True,True,297.9039049820523,316.4600865672576,18.556181585205252,True,0
1910,2013-08-06,300.51,303.2785601265058,2.768560126505804,-2.768560126505804,6.300506514521345,9.797875923551942,0.02250000000000254,0.022500000000003413,True,True,296.9780536119845,313.07643605005774,16.09838243807326,True,0
1911,2013-08-07,300.15,300.45252113642266,0.3025211364226834,-0.3025211364226834,6.026140789719079,9.160111940275755,0.02500000000000254,0.025000000000003415,True,True,294.4263803467036,309.61263307669844,15.186252729994862,True,0
1912,2013-08-08,298.52,300.00496928216324,1.484969282163263,-1.484969282163263,5.871206401475206,8.855407630738071,0.027500000000002543,0.027500000000003418,True,True,294.13376288068804,308.8603769129013,14.726614032213263,True,0
1913,2013-08-09,295.68,298.4149691841452,2.7349691841452,-2.7349691841452,5.491396381162531,7.686476547247764,0.030000000000002545,0.03000000000000342,True,True,292.9235728029827,306.10144573139297,13.177872928410295,True,0
1914,2013-08-12,295.79,295.6198541025405,-0.1701458974595198,0.1701458974595198,5.2671958537235355,7.309480326726231,0.03250000000000255,0.03250000000000342,True,True,290.35265824881697,302.92933442926676,12.576676180449795,True,0
1915,2013-08-13,295.88,295.6265539240672,-0.2534460759327999,0.2534460759327999,5.044237760288581,7.180451173836502,0.03500000000000255,0.035000000000003424,True,True,290.5823161637786,302.8070050979037,12.224688934125084,True,0
1916,2013-08-14,294.29,295.71145052782106,1.4214505278210368,-1.4214505278210368,4.91591818981945,7.06697954095597,0.03750000000000255,0.037500000000003426,True,True,290.79553233800164,302.778430068777,11.982897730775392,True,0
1917,2013-08-15,288.79,294.18143296754727,5.391432967547246,-5.391432967547246,4.831146649804751,6.643232732744934,0.040000000000002554,0.04000000000000343,False,True,289.35028631774253,300.8246657002922,11.474379382549671,False,1
1918,2013-08-16,286.55,288.8224334487957,2.2724334487957094,-2.2724334487957094,inf,6.423111110558381,-0.007499999999997446,0.04250000000000343,True,True,-inf,295.24554455935413,inf,True,0
1919,2013-08-19,285.19,286.4737923329508,1.2837923329507817,-1.2837923329507817,inf,6.171438483048803,-0.004999999999997446,0.04500000000000343,True,True,-inf,292.6452308159996,inf,True,0
1920,2013-08-20,285.88,285.0761237296778,-0.8038762703221778,0.8038762703221778,inf,6.007588631611981,-0.0024999999999974452,0.047500000000003435,True,True,-inf,291.0837123612898,inf,True,0
1921,2013-08-21,285.09,285.69132854253036,0.601328542530382,-0.601328542530382,inf,5.8725509439858286,2.555247680113837e-15,0.05000000000000344,True,True,-inf,291.56387948651616,inf,True,0
1922,2013-08-22,284.8,284.95036668162606,0.15036668162605338,-0.15036668162605338,13.335334764741134,5.732616214549182,0.0025000000000025557,0.05250000000000344,True,True,271.61503191688496,290.68298289617525,19.067950979290288,True,0
1923,2013-08-23,291.21,284.6452322537707,-6.564767746229279,6.564767746229279,10.92408695002726,5.656061759068052,0.005000000000002556,0.05500000000000344,True,False,273.72114530374347,290.30129401283875,16.580148709095283,False,1
1924,2013-08-26,290.43,290.8122267953684,0.3822267953684104,-0.3822267953684104,8.82209149900882,43.18,0.007500000000002557,0.007500000000003441,True,True,281.9901352963596,333.9922267953684,52.00209149900883,True,0
1925,2013-08-27,283.87,290.2789288471691,6.408928847169079,-6.408928847169079,8.445680639693741,42.84,0.010000000000002557,0.010000000000003442,True,True,281.8332482074753,333.11892884716906,51.28568063969374,True,0
1926,2013-08-28,280.36,283.9369926959771,3.576992695977083,-3.576992695977083,7.611320153076839,37.25,0.012500000000002558,0.012500000000003442,True,True,276.32567254290024,321.1869926959771,44.86132015307686,True,0
1927,2013-08-29,281.45,280.33149178996524,-1.1185082100347472,1.1185082100347472,7.307635926972694,36.7,0.015000000000002558,0.015000000000003443,True,True,273.02385586299255,317.03149178996523,44.00763592697268,True,0
1928,2013-08-30,284.59,281.25234141372704,-3.337658586272937,3.337658586272937,6.786129721740679,13.973324868287676,0.01750000000000256,0.017500000000003443,True,True,274.46621169198636,295.2256662820147,20.759454590028326,True,0
1929,2013-09-03,284.73,284.30817260278485,-0.4218273972151678,0.4218273972151678,6.509623189394347,12.046558395810933,0.020000000000002557,0.020000000000003446,True,True,277.7985494133905,296.35473099859576,18.556181585205252,True,0
1930,2013-09-04,288.33,284.5505734476087,-3.7794265523912713,3.7794265523912713,6.300506514521345,9.482985308867427,0.02250000000000256,0.022500000000003448,True,True,278.2500669330874,294.03355875647617,15.783491823388772,True,0
1931,2013-09-05,293.63,288.0338079500985,-5.596192049901504,5.596192049901504,6.026140789719079,9.14190947534496,0.025000000000002562,0.02500000000000345,True,True,282.0076671603794,297.17571742544345,15.16805026506404,True,0
1932,2013-09-06,295.33,293.26532397831824,-2.0646760216817484,2.0646760216817484,5.871206401475206,8.43241410940513,0.027500000000002564,0.027500000000003452,True,True,287.39411757684303,301.69773808772334,14.303620510880307,True,0
1933,2013-09-09,297.22,295.09095745463645,-2.129042545363575,2.129042545363575,5.545091823505189,7.686476547247764,0.030000000000002566,0.030000000000003454,True,True,289.5458656311313,302.7774340018842,13.231568370752939,True,0
1934,2013-09-10,300.55,296.98266214088363,-3.5673378591163782,3.5673378591163782,5.391432967547246,7.309480326726231,0.03250000000000257,0.03250000000000346,True,True,291.5912291733364,304.2921424676099,12.700913294273505,True,0
1935,2013-09-11,298.91,300.26159404184097,1.35159404184094,-1.35159404184094,5.0723320230081015,7.13556167303318,0.03500000000000257,0.03500000000000346,True,True,295.1892620188329,307.39715571487415,12.207893696041253,True,0
1936,2013-09-12,299.39,298.7940042674689,-0.5959957325310938,0.5959957325310938,4.915981070671307,6.870571202061143,0.03750000000000257,0.03750000000000346,True,True,293.8780231967976,305.66457546953006,11.786552272732479,True,0
1937,2013-09-13,300.14,299.20979935310476,-0.93020064689523,0.93020064689523,4.835604855254985,6.600213493306498,0.040000000000002575,0.04000000000000346,True,True,294.37419449784977,305.81001284641127,11.435818348561497,True,0
1938,2013-09-16,299.82,299.94584866444364,0.12584866444365161,-0.12584866444365161,4.737598771371339,6.423111110558381,0.04250000000000258,0.042500000000003466,True,True,295.2082498930723,306.36895977500205,11.160709881929733,True,0
1939,2013-09-17,297.63,299.662952735228,2.0329527352279797,-2.0329527352279797,4.543449545106583,6.171438483048803,0.04500000000000258,0.04500000000000347,True,True,295.1195031901214,305.8343912182768,10.714888028155372,True,0
1940,2013-09-18,304.06,297.54054675692794,-6.519453243072064,6.519453243072064,4.459220870252864,6.007588631611981,0.04750000000000258,0.04750000000000347,True,False,293.0813258866751,303.5481353885399,10.466809501864816,False,1
1941,2013-09-19,313.77,303.6685607821397,-10.101439217860275,10.101439217860275,4.353781422988106,inf,0.050000000000002584,3.469446951953614e-15,True,True,299.3147793591516,inf,inf,True,0
1942,2013-09-20,312.54,313.24582462767876,0.7058246276787372,-0.7058246276787372,4.128248268300425,45.55,0.052500000000002586,0.00250000000000347,True,True,309.11757635937835,358.79582462767877,49.67824826830042,True,0
1943,2013-09-23,314.01,312.395447003918,-1.6145529960820113,1.6145529960820113,4.031621894924172,43.76,0.05500000000000259,0.00500000000000347,True,True,308.3638251089938,356.15544700391797,47.79162189492416,True,0
1944,2013-09-24,312.43,313.79710361331524,1.367103613315237,-1.367103613315237,3.8720741930879967,43.18,0.05750000000000259,0.007500000000003471,True,True,309.92502942022725,356.97710361331525,47.052074193088,True,0
1945,2013-09-25,314.53,312.3172610702969,-2.2127389297030504,2.2127389297030504,3.785805798582828,42.84,0.06000000000000259,0.010000000000003471,True,True,308.5314552717141,355.15726107029695,46.62580579858286,True,0
1946,2013-09-26,313.9,314.2955128644934,0.39551286449341205,-0.39551286449341205,3.7359424233852394,37.25,0.0625000000000026,0.012500000000003472,True,True,310.5595704411081,351.5455128644934,40.98594242338527,True,0
1947,2013-09-27,316.92,313.75297577258294,-3.1670242274170732,3.1670242274170732,3.657202462239894,36.7,0.0650000000000026,0.015000000000003472,True,True,310.095773310343,350.45297577258293,40.35720246223991,True,0
1948,2013-09-30,313.41,316.65136128561676,3.2413612856167333,-3.2413612856167333,3.493804601489771,13.725655545674073,0.0675000000000026,0.01750000000000347,True,True,313.157556684127,330.3770168312908,17.21946014716383,True,0
1949,2013-10-01,314.22,313.36139372741656,-0.8586062725834722,0.8586062725834722,3.4661290183451854,12.046558395810933,0.0700000000000026,0.020000000000003473,True,True,309.8952647090714,325.40795212322746,15.512687414156062,True,0
1950,2013-10-02,318.04,314.03425168076194,-4.00574831923808,4.00574831923808,3.4183245618666405,9.797875923551942,0.0725000000000026,0.022500000000003476,True,True,310.6159271188953,323.8321276043139,13.216200485418597,True,0
1951,2013-10-03,320.39,317.73954039497346,-2.6504596050265263,2.6504596050265263,3.339243734758014,9.160111940275755,0.0750000000000026,0.025000000000003478,True,True,314.4002966602154,326.89965233524924,12.499355675033826,True,0
1952,2013-10-04,315.13,320.1357963755277,5.005796375527723,-5.005796375527723,3.309992749734903,8.855407630738071,0.07750000000000261,0.02750000000000348,False,True,316.8258036257928,328.9912040062658,12.165400380472988,False,1
1953,2013-10-07,315.24,315.14329626492685,-0.09670373507316299,0.09670373507316299,5.491396381162531,7.686476547247764,0.030000000000002608,0.030000000000003482,True,True,309.6518998837643,322.8297728121746,13.177872928410295,True,0
1954,2013-10-08,311.5,315.08356173183677,3.5835617318367667,-3.5835617318367667,5.364702549197887,7.309480326726231,0.03250000000000261,0.032500000000003484,True,True,309.7188591826389,322.39304205856297,12.674182875924089,True,0
1955,2013-10-09,303.42,311.46441711431436,8.044417114314342,-8.044417114314342,5.044237760288581,7.13556167303318,0.03500000000000261,0.03500000000000349,False,True,306.4201793540258,318.59997878734754,12.179799433321762,False,1
1956,2013-10-10,304.63,303.5385747160958,-1.0914252839041865,1.0914252839041865,inf,6.870571202061143,-0.012499999999997388,0.03750000000000349,True,True,-inf,310.4091459181569,inf,True,0
1957,2013-10-11,304.77,304.43755947137913,-0.3324405286208503,0.3324405286208503,inf,6.600213493306498,-0.009999999999997388,0.04000000000000349,True,True,-inf,311.03777296468564,inf,True,0
1958,2013-10-14,309.22,304.59451515897183,-4.625484841028197,4.625484841028197,inf,6.519453243072064,-0.007499999999997387,0.04250000000000349,True,True,-inf,311.1139684020439,inf,True,0
1959,2013-10-15,309.87,308.89568411401893,-0.9743158859810706,0.9743158859810706,inf,6.209960516189739,-0.004999999999997387,0.045000000000003496,True,True,-inf,315.10564463020864,inf,True,0
1960,2013-10-16,308.38,309.67016309563303,1.2901630956330337,-1.2901630956330337,inf,6.076534422462814,-0.0024999999999973863,0.0475000000000035,True,True,-inf,315.74669751809586,inf,True,0
1961,2013-10-17,307.07,308.2629970195791,1.1929970195790816,-1.1929970195790816,inf,5.885281025402918,2.6142282782970483e-15,0.0500000000000035,True,True,-inf,314.148278044982,inf,True,0
1962,2013-10-18,319.36,306.95117952563044,-12.408820474369577,12.408820474369577,13.335334764741134,5.737926984690034,0.0025000000000026147,0.0525000000000035,True,False,293.61584476088933,312.68910651032047,19.07326174943114,False,1
1963,2013-10-21,329.89,318.758599141928,-11.13140085807197,11.13140085807197,10.92408695002726,43.76,0.005000000000002615,0.005000000000003502,True,True,307.8345121919008,362.518599141928,54.68408695002722,True,0
1964,2013-10-22,327.72,329.33015576019915,1.6101557601991203,-1.6101557601991203,8.82209149900882,43.18,0.007500000000002616,0.007500000000003502,True,True,320.5080642611903,372.51015576019915,52.00209149900883,True,0
1965,2013-10-23,330.84,327.6037311965943,-3.2362688034056646,3.2362688034056646,8.445680639693741,42.84,0.010000000000002616,0.010000000000003503,True,True,319.15805055690055,370.4437311965943,51.28568063969374,True,0
1966,2013-10-24,329.63,330.57630921012577,0.9463092101257757,-0.9463092101257757,7.642987594851675,37.25,0.012500000000002617,0.012500000000003503,True,True,322.9333216152741,367.82630921012577,44.89298759485166,True,0
1967,2013-10-25,358.6,329.5020032729324,-29.097996727067596,29.097996727067596,7.307635926972694,36.7,0.015000000000002617,0.015000000000003504,True,True,322.19436734595973,366.2020032729324,44.00763592697268,True,0
1968,2013-10-28,359.92,357.4123972873961,-2.507602712603898,2.507602712603898,6.786129721740679,13.973324868287676,0.017500000000002618,0.017500000000003506,True,True,350.62626756565544,371.38572215568377,20.759454590028326,True,0
1969,2013-10-29,358.96,359.67146314671334,0.7114631467133563,-0.7114631467133563,6.509623189394347,12.105808063873866,0.02000000000000262,0.020000000000003508,True,True,353.161839957319,371.7772712105872,18.615431253268184,True,0
1970,2013-10-30,362.62,358.84508316337354,-3.77491683662646,3.77491683662646,6.300506514521345,10.395946211211111,0.022500000000002622,0.02250000000000351,True,True,352.54457664885217,369.2410293745846,16.696452725732456,True,0
1971,2013-10-31,361.73,362.3536615677683,0.6236615677682948,-0.6236615677682948,6.026140789719079,9.271350946718002,0.025000000000002624,0.025000000000003512,True,True,356.32752077804923,371.62501251448634,15.29749173643711,True,0
1972,2013-11-01,365.63,361.60974244929093,-4.020257550709061,4.020257550709061,5.871206401475206,8.882322395259848,0.027500000000002627,0.027500000000003515,True,True,355.7385360478157,370.4920648445508,14.753528796735054,True,0
1973,2013-11-04,360.12,365.3570849048918,5.237084904891788,-5.237084904891788,5.491396381162531,7.815822948360108,0.03000000000000263,0.030000000000003517,True,True,359.86568852372926,373.1729078532519,13.307219329522638,True,0
1974,2013-11-05,356.78,360.1554717823052,3.375471782305226,-3.375471782305226,5.364702549197887,7.44716251038102,0.03250000000000263,0.03250000000000352,True,True,354.7907692331073,367.6026342926862,12.811865059578906,True,0
1975,2013-11-06,360.45,356.7565457470035,-3.693454252996503,3.693454252996503,5.0723320230081015,7.1913533907224405,0.03500000000000263,0.03500000000000352,True,True,351.6842137239954,363.9478991377259,12.263685413730514,True,0
1976,2013-11-07,355.86,360.18463421594873,4.32463421594872,-4.32463421594872,5.0009625159005395,7.071300597949119,0.037500000000002635,0.037500000000003524,True,True,355.1836717000482,367.25593481389785,12.072263113849658,True,0
1977,2013-11-08,345.95,355.86020213890015,9.91020213890016,-9.91020213890016,4.857190359396526,6.756284268523473,0.04000000000000264,0.040000000000003526,False,True,351.0030117795036,362.6164864074236,11.613474627920027,False,1
1978,2013-11-11,350.59,346.1369997795708,-4.453000220429203,4.453000220429203,inf,6.546401169521516,-0.007499999999997363,0.04250000000000353,True,True,-inf,352.6834009490923,inf,True,0
1979,2013-11-12,352.99,350.29802310231133,-2.6919768976886758,2.6919768976886758,inf,6.32626534488368,-0.0049999999999973625,0.04500000000000353,True,True,-inf,356.624288447195,inf,True,0
1980,2013-11-13,347.4,352.742983917799,5.3429839177990175,-5.3429839177990175,inf,6.093196760254472,-0.002499999999997362,0.04750000000000353,True,True,-inf,358.83618067805344,inf,True,0
1981,2013-11-14,357.39,347.4284617123591,-9.961538287640906,9.961538287640906,inf,5.9647052015063835,2.6385144069607236e-15,0.050000000000003535,True,False,-inf,353.39316691386546,inf,False,1
1982,2013-11-15,367.63,356.90211126835834,-10.727888731641656,10.727888731641656,13.335334764741134,45.55,0.002500000000002639,0.002500000000003534,True,True,343.56677650361723,402.45211126835835,58.88533476474112,True,0
1983,2013-11-18,370.28,367.10304641141175,-3.176953588588219,3.176953588588219,10.92408695002726,43.76,0.0050000000000026395,0.005000000000003535,True,True,356.17895946138447,410.86304641141174,54.68408695002728,True,0
1984,2013-11-19,365.82,370.0215465478528,4.201546547852786,-4.201546547852786,9.092261705948445,43.18,0.00750000000000264,0.007500000000003535,True,True,360.92928484190435,413.2015465478528,52.27226170594844,True,0
1985,2013-11-20,367.56,365.8197156275382,-1.740284372461815,1.740284372461815,8.52262168284659,42.84,0.01000000000000264,0.010000000000003536,True,True,357.2970939446916,408.65971562753816,51.362621682846566,True,0
1986,2013-11-21,364.05,367.3701570239524,3.3201570239523903,-3.3201570239523903,7.851123178345517,37.25,0.012500000000002641,0.012500000000003536,True,True,359.5190338456069,404.6201570239524,45.10112317834552,True,0
1987,2013-11-22,370.0,364.01842320754423,-5.981576792455769,5.981576792455769,7.410330130523505,36.7,0.015000000000002641,0.015000000000003537,True,True,356.6080930770207,400.7184232075442,44.110330130523494,True,0
1988,2013-11-25,373.82,369.66241478172884,-4.1575852182711515,4.1575852182711515,6.842809183738666,13.973324868287676,0.017500000000002642,0.017500000000003537,True,True,362.8196055979902,383.6357396500165,20.816134052026314,True,0
1989,2013-11-26,377.61,373.5333100240206,-4.076689975979434,4.076689975979434,6.663221430392326,12.105808063873866,0.02000000000000264,0.020000000000003536,True,True,366.8700885936282,385.6391180878944,18.769029494266192,True,0
1990,2013-11-27,383.5,377.3344304750508,-6.1655695249492055,6.1655695249492055,6.307734359826526,10.727888731641656,0.022500000000002643,0.022500000000003538,True,True,371.02669611522424,388.06231920669245,17.03562309146821,True,0
1991,2013-11-29,389.1,383.1584154754721,-5.9415845245279115,5.9415845245279115,6.092408393147139,9.482985308867427,0.025000000000002645,0.02500000000000354,True,True,377.066007082325,392.64140078433957,15.575393702014594,True,0
1992,2013-12-02,399.0,388.76989659554135,-10.230103404458646,10.230103404458646,5.8780222887984905,9.14190947534496,0.027500000000002647,0.027500000000003542,True,False,382.89187430674286,397.9118060708863,15.01993176414345,False,1
1993,2013-12-03,390.11,398.5368781894614,8.426878189461377,-8.426878189461377,5.545091823505189,inf,0.03000000000000265,-0.019999999999996458,False,True,392.9917863659562,inf,inf,False,1
1994,2013-12-04,383.5,390.26131477680417,6.76131477680417,-6.76131477680417,inf,inf,-0.01749999999999735,-0.017499999999996456,True,True,-inf,inf,inf,True,0
1995,2013-12-05,386.65,383.61312814898076,-3.036871851019214,3.036871851019214,inf,inf,-0.01499999999999735,-0.014999999999996455,True,True,-inf,inf,inf,True,0
1996,2013-12-06,388.35,386.43333997775466,-1.9166600222453667,1.9166600222453667,inf,inf,-0.01249999999999735,-0.012499999999996455,True,True,-inf,inf,inf,True,0
1997,2013-12-09,388.21,388.15614369468403,-0.05385630531594643,0.05385630531594643,inf,inf,-0.00999999999999735,-0.009999999999996454,True,True,-inf,inf,inf,True,0
1998,2013-12-10,383.5,388.08220696583976,4.5822069658397595,-4.5822069658397595,inf,inf,-0.007499999999997349,-0.007499999999996454,True,True,-inf,inf,inf,True,0
1999,2013-12-11,387.71,383.525660046947,-4.184339953052984,4.184339953052984,inf,inf,-0.004999999999997349,-0.0049999999999964535,True,True,-inf,inf,inf,True,0
2000,2013-12-12,381.55,387.45151021077646,5.9015102107764505,-5.9015102107764505,inf,inf,-0.002499999999997348,-0.002499999999996453,True,True,-inf,inf,inf,True,0
2001,2013-12-13,384.62,381.61029551052974,-3.0097044894702663,3.0097044894702663,inf,inf,2.652392194768538e-15,3.5475095083725705e-15,True,True,-inf,inf,inf,True,0
2002,2013-12-16,385.5,384.39888680134936,-1.101113198650637,1.101113198650637,12.728566661525036,45.41,0.002500000000002653,0.002500000000003548,True,True,371.6703201398243,429.80888680134933,58.13856666152503,True,0
2003,2013-12-17,391.0,385.3288216030615,-5.671178396938501,5.671178396938501,10.17138112416589,43.55,0.005000000000002653,0.0050000000000035485,True,True,375.15744047889564,428.8788216030615,53.72138112416587,True,0
2004,2013-12-18,389.56,390.68175766513815,1.1217576651381478,-1.1217576651381478,8.82209149900882,43.05,0.007500000000002654,0.007500000000003549,True,True,381.85966616612933,433.73175766513816,51.87209149900883,True,0
2005,2013-12-19,394.36,389.46479308287394,-4.895206917126075,4.895206917126075,8.445680639693741,42.66,0.010000000000002654,0.01000000000000355,True,True,381.0191124431802,432.1247930828739,51.10568063969373,True,0
2006,2013-12-20,396.84,394.07467795212017,-2.765322047879806,2.765322047879806,7.851123178345517,37.08,0.012500000000002655,0.01250000000000355,True,True,386.22355477377465,431.15467795212015,44.9311231783455,True,0
2007,2013-12-23,403.69,396.6204037045952,-7.069596295404779,7.069596295404779,7.410330130523505,31.49753328109827,0.015000000000002655,0.01500000000000355,True,True,389.2100735740717,428.1179369856935,38.907863411621804,True,0
2008,2013-12-24,402.52,403.33428280439495,0.8142828043949635,-0.8142828043949635,6.842809183738666,13.725655545674073,0.017500000000002656,0.01750000000000355,True,True,396.4914736206563,417.05993835006905,20.568464729412767,True,0
2009,2013-12-26,401.79,402.4260720904092,0.6360720904091863,-0.6360720904091863,6.695297591312965,12.046558395810933,0.020000000000002655,0.02000000000000355,True,True,395.73077449909624,414.47263048622017,18.741855987123927,True,0
2010,2013-12-27,404.65,401.7000506223469,-2.94994937765307,2.94994937765307,6.319158763857388,10.395946211211111,0.022500000000002657,0.022500000000003552,True,True,395.3808918584895,412.09599683355805,16.715104975068527,True,0
2011,2013-12-30,399.41,404.43945517952,5.029455179519971,-5.029455179519971,6.098298994795698,9.482985308867427,0.02500000000000266,0.025000000000003554,True,True,398.3411561847243,413.92244048838745,15.581284303663153,True,0
2012,2013-12-31,394.58,399.4588406470669,4.878840647066909,-4.878840647066909,5.901579565597444,9.14190947534496,0.02750000000000266,0.027500000000003556,True,True,393.55726108146945,408.60075012241185,15.043489040942404,True,0
2013,2014-01-02,398.8,394.6288485228602,-4.1711514771398015,4.1711514771398015,5.706110007693951,8.43241410940513,0.030000000000002663,0.03000000000000356,True,True,388.92273851516626,403.0612626322653,14.138524117099053,True,0
2014,2014-01-03,398.29,398.5453408492787,0.2553408492786957,-0.2553408492786957,5.40617863916691,7.586408126159938,0.032500000000002666,0.03250000000000356,True,True,393.1391622101118,406.13174897543865,12.992586765326848,True,0
2015,2014-01-06,395.85,398.1719235236579,2.3219235236578584,-2.3219235236578584,5.2671958537235355,7.293311411946831,0.03500000000000267,0.03500000000000356,True,True,392.90472766993435,405.4652349356047,12.560507265670367,True,0
2016,2014-01-07,395.04,395.8069552031227,0.7669552031226772,-0.7669552031226772,5.044237760288581,7.112467262740665,0.03750000000000267,0.037500000000003565,True,True,390.7627174428341,402.91942246586336,12.156705023029247,True,0
2017,2014-01-08,398.47,394.9455192743369,-3.5244807256631248,3.5244807256631248,5.0009625159005395,6.870571202061143,0.04000000000000267,0.04000000000000357,True,True,389.94455675843636,401.816090476398,11.871533717961654,True,0
2018,2014-01-09,403.71,398.2296306101538,-5.480369389846203,5.480369389846203,4.877264473092055,6.600213493306498,0.042500000000002675,0.04250000000000357,True,True,393.3523661370617,404.8298441034603,11.477477966398567,True,0
2019,2014-01-10,402.53,403.4012089223404,0.8712089223404291,-0.8712089223404291,4.747800207663346,6.519453243072064,0.04500000000000268,0.04500000000000357,True,True,398.6534087146771,409.92066216541247,11.267253450735382,True,0
2020,2014-01-13,397.98,402.4338398087807,4.453839808780685,-4.453839808780685,4.639087518782077,6.209960516189739,0.04750000000000268,0.047500000000003574,True,True,397.79475228999866,408.64380032497047,10.849048034971815,True,0
2021,2014-01-14,392.13,398.00999881817523,5.879998818175238,-5.879998818175238,4.483608339694882,6.076534422462814,0.05000000000000268,0.050000000000003576,False,True,393.5263904784804,404.08653324063806,10.560142762157682,False,1
2022,2014-01-15,398.94,392.20540852051516,-6.734591479484834,6.734591479484834,12.728566661525036,5.9415845245279115,0.0025000000000026806,0.05250000000000358,True,False,379.47684185899016,398.1469930450431,18.67015118605292,False,1
2023,2014-01-16,393.68,398.596726398388,4.916726398387993,-4.916726398387993,10.17138112416589,43.55,0.005000000000002681,0.005000000000003578,True,True,388.4253452742221,442.146726398388,53.72138112416593,True,0
2024,2014-01-17,394.26,393.7064141370578,-0.5535858629422137,0.5535858629422137,8.82209149900882,43.05,0.007500000000002682,0.0075000000000035785,True,True,384.88432263804896,436.7564141370578,51.87209149900883,True,0
2025,2014-01-21,403.0,394.1221660783091,-8.877833921690922,8.877833921690922,8.445680639693741,42.66,0.010000000000002682,0.010000000000003579,True,True,385.6764854386153,436.78216607830905,51.10568063969373,True,0
2026,2014-01-22,408.0,402.5722763094203,-5.427723690579683,5.427723690579683,7.851123178345517,37.08,0.012500000000002683,0.01250000000000358,True,True,394.7211531310748,439.6522763094203,44.9311231783455,True,0
2027,2014-01-23,401.0,407.68303930704803,6.683039307048034,-6.683039307048034,7.410330130523505,31.49753328109827,0.015000000000002683,0.01500000000000358,True,True,400.27270917652453,439.18057258814633,38.907863411621804,True,0
2028,2014-01-24,398.16,401.0938405486573,2.9338405486572583,-2.9338405486572583,6.842809183738666,13.725655545674073,0.017500000000002684,0.017500000000003582,True,True,394.2510313649186,414.8194960943314,20.568464729412767,True,0
2029,2014-01-27,390.5,398.1487702464912,7.64877024649121,-7.64877024649121,6.695297591312965,12.046558395810933,0.020000000000002682,0.020000000000003584,False,True,391.45347265517825,410.1953286423021,18.74185598712387,False,1
2030,2014-01-28,387.4,390.62727381268473,3.227273812684757,-3.227273812684757,inf,10.395946211211111,-0.027499999999997318,0.022500000000003587,True,True,-inf,401.0232200238959,inf,True,0
2031,2014-01-29,392.16,387.38516464464755,-4.774835355352479,4.774835355352479,inf,9.482985308867427,-0.024999999999997316,0.02500000000000359,True,True,-inf,396.86814995351494,inf,True,0
2032,2014-01-30,393.77,391.86990858113205,-1.9000914188679303,1.9000914188679303,inf,9.14190947534496,-0.022499999999997314,0.02750000000000359,True,True,-inf,401.011818056477,inf,True,0
2033,2014-01-31,371.76,393.56327228429177,21.80327228429178,-21.80327228429178,inf,8.855407630738071,-0.01999999999999731,0.030000000000003593,True,True,-inf,402.4186799150298,inf,True,0
2034,2014-02-03,358.98,372.326056464727,13.346056464726985,-13.346056464726985,inf,7.586408126159938,-0.01749999999999731,0.032500000000003595,True,True,-inf,379.91246459088694,inf,True,0
2035,2014-02-04,349.59,359.30027419759784,9.710274197597869,-9.710274197597869,inf,7.293311411946831,-0.014999999999997309,0.0350000000000036,True,True,-inf,366.5935856095447,inf,True,0
2036,2014-02-05,346.0,349.74719066501024,3.747190665010237,-3.747190665010237,inf,7.112467262740665,-0.012499999999997308,0.0375000000000036,True,True,-inf,356.8596579277509,inf,True,0
2037,2014-02-06,347.4,345.9633531599664,-1.4366468400335748,1.4366468400335748,inf,6.870571202061143,-0.009999999999997308,0.0400000000000036,True,True,-inf,352.8339243620276,inf,True,0
2038,2014-02-07,358.98,347.19401314248023,-11.785986857519788,11.785986857519788,inf,6.643232732744934,-0.007499999999997307,0.042500000000003604,True,False,-inf,353.83724587522516,inf,False,1
2039,2014-02-10,361.61,358.4390531168808,-3.1709468831192,3.1709468831192,inf,inf,-0.004999999999997307,-0.004999999999996396,True,True,-inf,inf,inf,True,0
2040,2014-02-11,361.84,361.3318033210112,-0.5081966789887815,0.5081966789887815,inf,inf,-0.0024999999999973065,-0.0024999999999963957,True,True,-inf,inf,inf,True,0
2041,2014-02-12,356.43,361.6612421141603,5.231242114160295,-5.231242114160295,inf,inf,2.6940255581919814e-15,3.604755383079805e-15,True,True,-inf,inf,inf,True,0
2042,2014-02-13,347.7,356.4304234332586,8.730423433258636,-8.730423433258636,13.346056464726985,45.41,0.0025000000000026945,0.0025000000000036052,True,True,343.08436696853164,401.8404234332586,58.75605646472695,True,0
2043,2014-02-14,359.34,347.81078190166824,-11.52921809833174,11.52921809833174,11.088085541567068,43.55,0.005000000000002695,0.005000000000003606,True,True,336.72269636010117,391.36078190166825,54.63808554156708,True,0
2044,2014-02-18,355.28,358.82512060536857,3.545120605368595,-3.545120605368595,9.710274197597869,43.05,0.0075000000000026955,0.007500000000003606,True,True,349.1148464077707,401.8751206053686,52.76027419759788,True,0
2045,2014-02-19,352.64,355.20742099926105,2.56742099926106,-2.56742099926106,8.730423433258636,42.66,0.010000000000002696,0.010000000000003607,True,True,346.4769975660024,397.86742099926107,51.39042343325866,True,0
2046,2014-02-20,348.8,352.5659033622,3.7659033621999924,-3.7659033621999924,8.426878189461377,37.08,0.012500000000002696,0.012500000000003607,True,True,344.1390251727386,389.6459033622,45.50687818946136,True,0
2047,2014-02-21,352.44,348.75757365868213,-3.682426341317864,3.682426341317864,7.64877024649121,31.49753328109827,0.015000000000002697,0.015000000000003608,True,True,341.1088034121909,380.2551069397804,39.14630352758945,True,0
2048,2014-02-24,345.19,352.1646818146585,6.9746818146584815,-6.9746818146584815,7.410330130523505,13.725655545674073,0.017500000000002697,0.01750000000000361,True,True,344.754351684135,365.8903373603325,21.13598567619755,True,0
2049,2014-02-25,353.0,345.2369409775766,-7.76305902242342,7.76305902242342,6.9746818146584815,12.046558395810933,0.020000000000002696,0.020000000000003612,True,True,338.2622591629181,357.2834993733875,19.021240210469387,True,0
2050,2014-02-26,359.86,352.59414860717646,-7.265851392823549,7.265851392823549,6.695297591312965,10.727888731641656,0.0225000000000027,0.022500000000003614,True,True,345.8988510158635,363.3220373388181,17.42318632295462,True,0
2051,2014-02-27,357.22,359.4469899341941,2.22698993419408,-2.22698993419408,6.408928847169079,9.797875923551942,0.0250000000000027,0.025000000000003617,True,True,353.038061087025,369.24486585774605,16.20680477072102,True,0
2052,2014-02-28,360.6,357.11463410306936,-3.4853658969306593,3.4853658969306593,6.241705172505334,9.160111940275755,0.027500000000002703,0.02750000000000362,True,True,350.87292893056406,366.2747460433451,15.401817112781032,True,0
2053,2014-03-03,358.74,360.3307559982188,1.5907559982188104,-1.5907559982188104,5.90610438362981,8.877833921690922,0.030000000000002705,0.03000000000000362,True,True,354.42465161458904,369.20858991990974,14.783938305320703,True,0
2054,2014-03-04,363.9,358.6211729491684,-5.27882705083158,5.27882705083158,5.871206401475206,7.775193047983606,0.03250000000000271,0.03250000000000362,True,True,352.7499665476932,366.396365997152,13.646399449458784,True,0
2055,2014-03-05,364.13,363.57110363002846,-0.558896369971535,0.558896369971535,5.491396381162531,7.44716251038102,0.03500000000000271,0.035000000000003625,True,True,358.07970724886593,371.0182661404095,12.93855889154355,True,0
2056,2014-03-06,374.05,363.94119189318496,-10.108808106815047,10.108808106815047,5.3429839177990175,7.1913533907224405,0.03750000000000271,0.03750000000000363,True,False,358.59820797538595,371.1325452839074,12.534337308521458,False,1
2057,2014-03-07,374.58,373.5635764237099,-1.0164235762900944,1.0164235762900944,5.231242114160295,inf,0.040000000000002714,-0.009999999999996373,True,True,368.3323343095496,inf,inf,True,0
2058,2014-03-10,372.69,374.3751173875547,1.685117387554726,-1.685117387554726,5.011847665536521,inf,0.042500000000002716,-0.007499999999996372,True,True,369.36326972201823,inf,inf,True,0
2059,2014-03-11,370.99,372.5859378015725,1.5959378015725179,-1.5959378015725179,4.91591818981945,inf,0.04500000000000272,-0.004999999999996372,True,True,367.6700196117531,inf,inf,True,0
2060,2014-03-12,366.4,370.8850233705457,4.4850233705457185,-4.4850233705457185,4.835604855254985,inf,0.04750000000000272,-0.0024999999999963714,True,True,366.0494185152907,inf,inf,True,0
2061,2014-03-13,376.62,366.3837640640492,-10.236235935950788,10.236235935950788,4.692270027240724,inf,0.05000000000000272,3.6290415117434804e-15,True,True,361.6914940368085,inf,inf,True,0
2062,2014-03-14,372.8,376.1357438647295,3.3357438647294657,-3.3357438647294657,4.543449545106583,45.41,0.052500000000002725,0.0025000000000036295,True,True,371.5922943196229,421.5457438647295,49.953449545106594,True,0
2063,2014-03-17,375.72,372.73250698616084,-2.9874930138391846,2.9874930138391846,4.481670265778689,43.55,0.05500000000000273,0.00500000000000363,True,True,368.25083672038215,416.28250698616085,48.0316702657787,True,0
2064,2014-03-18,377.32,375.47123892577525,-1.8487610742247398,1.8487610742247398,4.384435860056229,43.05,0.05750000000000273,0.0075000000000036305,True,True,371.08680306571904,418.52123892577526,47.434435860056226,True,0
2065,2014-03-19,378.77,377.09828833523363,-1.6717116647663488,1.6717116647663488,4.28487787288131,42.66,0.06000000000000273,0.010000000000003631,True,True,372.8134104623523,419.7582883352336,46.94487787288131,True,0
2066,2014-03-20,370.64,378.5571963619483,7.9171963619482995,-7.9171963619482995,4.060829306802077,37.08,0.06250000000000273,0.012500000000003631,False,True,374.4963670551462,415.63719636194827,41.14082930680206,False,1
2067,2014-03-21,371.0,370.73216786295643,-0.2678321370435697,0.2678321370435697,7.851123178345517,31.49753328109827,0.015000000000002733,0.015000000000003632,True,True,362.8810446846109,402.22970114405473,39.348656459443816,True,0
2068,2014-03-24,360.09,370.8424875966559,10.752487596655897,-10.752487596655897,7.410330130523505,12.762369254078436,0.017500000000002736,0.01750000000000363,False,True,363.43215746613237,383.60485685073434,20.17269938460197,False,1
2069,2014-03-25,354.03,360.267931104631,6.237931104631002,-6.237931104631002,inf,11.785986857519788,-0.029999999999997265,0.020000000000003633,True,True,-inf,372.05391796215076,inf,True,0
2070,2014-03-26,357.13,354.07175454718544,-3.0582454528145604,3.0582454528145604,inf,10.727888731641656,-0.027499999999997263,0.022500000000003635,True,True,-inf,364.7996432788271,inf,True,0
2071,2014-03-27,343.15,356.87033565449457,13.72033565449459,-13.72033565449459,inf,10.101439217860275,-0.02499999999999726,0.025000000000003637,True,True,-inf,366.97177487235484,inf,True,0
2072,2014-03-28,340.05,343.4134001643125,3.363400164312509,-3.363400164312509,inf,9.271350946718002,-0.02249999999999726,0.02750000000000364,True,True,-inf,352.68475111103055,inf,True,0
2073,2014-03-31,342.4,339.99715257219333,-2.4028474278066483,2.4028474278066483,inf,8.88133423138521,-0.019999999999997256,0.030000000000003642,True,True,-inf,348.87848680357854,inf,True,0
2074,2014-04-01,338.09,342.1533157122663,4.063315712266331,-4.063315712266331,inf,7.815822948360108,-0.017499999999997254,0.032500000000003644,True,True,-inf,349.9691386606264,inf,True,0
2075,2014-04-02,345.99,338.0463306940461,-7.943669305953904,7.943669305953904,inf,7.515999355947315,-0.014999999999997253,0.035000000000003646,True,False,-inf,345.5623300499934,inf,False,1
2076,2014-04-03,341.82,345.5617717478407,3.741771747840687,-3.741771747840687,inf,inf,-0.012499999999997253,-0.012499999999996354,True,True,-inf,inf,inf,True,0
2077,2014-04-04,335.15,341.76413350541543,6.614133505415452,-6.614133505415452,inf,inf,-0.009999999999997252,-0.009999999999996354,True,True,-inf,inf,inf,True,0
2078,2014-04-07,320.99,335.1951060196935,14.205106019693517,-14.205106019693517,inf,inf,-0.007499999999997252,-0.007499999999996353,True,True,-inf,inf,inf,True,0
2079,2014-04-08,321.88,321.26458220219,-0.6154177978099824,0.6154177978099824,inf,inf,-0.0049999999999972514,-0.004999999999996353,True,True,-inf,inf,inf,True,0
2080,2014-04-09,328.47,321.6965790266101,-6.773420973389932,6.773420973389932,inf,inf,-0.002499999999997251,-0.0024999999999963524,True,True,-inf,inf,inf,True,0
2081,2014-04-10,330.6,328.0765408770633,-2.5234591229367425,2.5234591229367425,inf,inf,2.7495367094232392e-15,3.648123469979225e-15,True,True,-inf,inf,inf,True,0
2082,2014-04-11,314.0,330.33779006578817,16.33779006578817,-16.33779006578817,14.205106019693517,45.41,0.00250000000000275,0.0025000000000036486,False,True,316.13268404609465,375.7477900657882,59.61510601969354,False,1
2083,2014-04-14,317.67,314.33562100388053,-3.334378996119483,3.334378996119483,inf,43.55,-0.04499999999999725,0.005000000000003649,True,True,-inf,357.88562100388054,inf,True,0
2084,2014-04-15,316.7,317.41999790528126,0.719997905281275,-0.719997905281275,inf,43.05,-0.04249999999999725,0.00750000000000365,True,True,-inf,360.4699979052813,inf,True,0
2085,2014-04-16,321.17,316.5430901685435,-4.626909831456544,4.626909831456544,inf,42.66,-0.039999999999997246,0.01000000000000365,True,True,-inf,359.20309016854344,inf,True,0
2086,2014-04-17,319.76,320.84794333200404,1.0879433320040448,-1.0879433320040448,inf,37.04,-0.037499999999997244,0.01250000000000365,True,True,-inf,357.88794333200406,inf,True,0
2087,2014-04-21,323.97,319.61506972544396,-4.354930274556068,4.354930274556068,inf,29.097996727067596,-0.03499999999999724,0.015000000000003651,True,True,-inf,348.71306645251155,inf,True,0
2088,2014-04-22,332.0,323.6568137651829,-8.343186234817097,8.343186234817097,inf,12.762369254078436,-0.03249999999999724,0.01750000000000365,True,True,-inf,336.41918301926137,inf,True,0
2089,2014-04-23,333.06,331.54590335791937,-1.5140966420806308,1.5140966420806308,inf,11.785986857519788,-0.029999999999997237,0.020000000000003654,True,True,-inf,343.33189021543916,inf,True,0
2090,2014-04-24,329.67,332.82441538021624,3.1544153802162214,-3.1544153802162214,inf,10.395946211211111,-0.027499999999997235,0.022500000000003656,True,True,-inf,343.2203615914274,inf,True,0
2091,2014-04-25,316.25,329.59630106355,13.346301063550015,-13.346301063550015,inf,9.961538287640906,-0.024999999999997233,0.025000000000003658,True,True,-inf,339.5578393511909,inf,True,0
2092,2014-04-28,304.0,316.50141178875805,12.501411788758048,-12.501411788758048,inf,9.219771232147934,-0.02249999999999723,0.02750000000000366,True,True,-inf,325.721183020906,inf,True,0
2093,2014-04-29,296.44,304.22654286711565,7.7865428671156565,-7.7865428671156565,inf,8.88133423138521,-0.01999999999999723,0.030000000000003663,True,True,-inf,313.10787709850086,inf,True,0
2094,2014-04-30,298.1,296.51211232485923,-1.5878876751407915,1.5878876751407915,inf,7.943669305953904,-0.017499999999997226,0.032500000000003665,True,True,-inf,304.45578163081314,inf,True,0
2095,2014-05-01,304.13,297.88985914119314,-6.240140858806853,6.240140858806853,inf,7.586408126159938,-0.014999999999997226,0.03500000000000367,True,True,-inf,305.4762672673531,inf,True,0
2096,2014-05-02,310.42,303.7661455609568,-6.6538544390432435,6.6538544390432435,inf,7.293311411946831,-0.012499999999997225,0.03750000000000367,True,True,-inf,311.0594569729036,inf,True,0
2097,2014-05-05,306.37,310.0382132652748,3.668213265274801,-3.668213265274801,inf,7.13556167303318,-0.009999999999997225,0.04000000000000367,True,True,-inf,317.173774938308,inf,True,0
2098,2014-05-06,309.53,306.29907699499483,-3.2309230050051383,3.2309230050051383,inf,6.870571202061143,-0.007499999999997224,0.042500000000003674,True,True,-inf,313.16964819705595,inf,True,0
2099,2014-05-07,295.56,309.26520988503603,13.705209885036027,-13.705209885036027,inf,6.734591479484834,-0.004999999999997224,0.045000000000003676,True,True,-inf,315.99980136452086,inf,True,0
2100,2014-05-08,290.82,295.7963497353798,4.976349735379813,-4.976349735379813,inf,6.556223870250761,-0.002499999999997223,0.04750000000000368,True,True,-inf,302.3525736056306,inf,True,0
2101,2014-05-09,290.57,290.8145009410913,0.24450094109130305,-0.24450094109130305,inf,6.32626534488368,2.777292285038868e-15,0.05000000000000368,True,True,-inf,297.14076628597496,inf,True,0
2102,2014-05-12,294.3,290.41482016046916,-3.885179839530849,3.885179839530849,14.962544374099338,6.1655695249492055,0.0025000000000027778,0.05250000000000368,True,True,275.4522757863698,296.58038968541837,21.12811389904857,True,0
2103,2014-05-13,302.6,294.01522783265204,-8.584772167347978,8.584772167347978,13.346056464726985,6.007588631611981,0.005000000000002778,0.055000000000003685,True,False,280.66917136792506,300.022816464264,19.353645096338937,False,1
2104,2014-05-14,302.5,302.1660781291962,-0.3339218708038061,0.3339218708038061,11.535116995791213,43.05,0.007500000000002779,0.007500000000003684,True,True,290.630961133405,345.2160781291962,54.585116995791225,True,0
2105,2014-05-15,298.02,302.30943713520276,4.289437135202775,-4.289437135202775,9.91020213890016,42.19,0.01000000000000278,0.010000000000003685,True,True,292.3992349963026,344.49943713520275,52.10020213890016,True,0
2106,2014-05-16,292.8,297.9773635474715,5.1773635474714865,-5.1773635474714865,8.80797472763895,37.04,0.01250000000000278,0.012500000000003685,True,True,289.16938881983253,335.0173635474715,45.847974727638984,True,0
2107,2014-05-19,295.76,292.78985783624415,-2.9701421637558383,2.9701421637558383,8.445680639693741,29.097996727067596,0.01500000000000278,0.015000000000003686,True,True,284.3441771965504,321.88785456331175,37.54367736676136,True,0
2108,2014-05-20,297.1,295.5106048864879,-1.5893951135121256,1.5893951135121256,7.9171963619482995,12.762369254078436,0.01750000000000278,0.017500000000003686,True,True,287.5934085245396,308.27297414056636,20.679565616026764,True,0
2109,2014-05-21,302.21,296.8786641572665,-5.331335842733495,5.331335842733495,7.59001311200177,11.697837578350288,0.02000000000000278,0.02000000000000369,True,True,289.2886510452647,308.5765017356168,19.28785069035206,True,0
2110,2014-05-22,305.05,301.87835856636883,-3.17164143363118,3.17164143363118,7.178835412782433,10.395946211211111,0.02250000000000278,0.02250000000000369,True,True,294.69952315358637,312.2743047775799,17.574781623993545,True,0
2111,2014-05-23,305.46,304.77671390031605,-0.6832860996839258,0.6832860996839258,6.76131477680417,9.961538287640906,0.025000000000002784,0.025000000000003693,True,True,298.0153991235119,314.73825218795696,16.722853064445076,True,0
2112,2014-05-27,314.41,305.2638327571355,-9.146167242864522,9.146167242864522,6.614133505415452,9.160111940275755,0.027500000000002786,0.027500000000003695,True,True,298.64969925172005,314.42394469741123,15.774245445691179,True,0
2113,2014-05-28,309.5,313.9620981573074,4.462098157307423,-4.462098157307423,6.307734359826526,8.88133423138521,0.03000000000000279,0.030000000000003697,True,True,307.65436379748087,322.84343238869263,15.189068591211765,True,0
2114,2014-05-29,310.42,309.4463911365644,-0.9736088634356292,0.9736088634356292,6.098298994795698,8.343186234817097,0.03250000000000279,0.0325000000000037,True,True,303.3480921417687,317.7895773713815,14.441485229612795,True,0
2115,2014-05-30,314.43,310.2233918823212,-4.2066081176787975,4.2066081176787975,5.901579565597444,7.76305902242342,0.03500000000000279,0.0350000000000037,True,True,304.32181231672376,317.98645090474463,13.664638588020864,True,0
2116,2014-06-02,312.59,314.1278209327599,1.537820932759928,-1.537820932759928,5.706110007693951,7.309480326726231,0.037500000000002795,0.037500000000003704,True,True,308.42171092506595,321.43730125948616,13.01559033442021,True,0
2117,2014-06-03,305.75,312.4556039251356,6.70560392513562,-6.70560392513562,5.40617863916691,7.180451173836502,0.0400000000000028,0.040000000000003706,False,True,307.0494252859687,319.6360550989721,12.586629813003412,False,1
2118,2014-06-04,306.85,305.7767139318979,-1.0732860681021066,1.0732860681021066,inf,7.069596295404779,-0.007499999999997203,0.04250000000000371,True,True,-inf,312.8463102273027,inf,True,0
2119,2014-06-05,308.1,306.65541051305024,-1.4445894869497806,1.4445894869497806,inf,6.756284268523473,-0.004999999999997203,0.04500000000000371,True,True,-inf,313.4116947815737,inf,True,0
2120,2014-06-06,325.0,307.8815110783252,-17.118488921674782,17.118488921674782,inf,6.564767746229279,-0.0024999999999972024,0.04750000000000371,True,False,-inf,314.4462788245545,inf,False,1
2121,2014-06-09,331.57,324.30149142937745,-7.268508570622544,7.268508570622544,inf,inf,2.79810896675059e-15,3.712308238590367e-15,True,True,-inf,inf,inf,True,0
2122,2014-06-10,327.65,331.1540112170583,3.5040112170583484,-3.5040112170583484,14.962544374099338,45.41,0.0025000000000027986,0.002500000000003713,True,True,316.191466842959,376.56401121705835,60.372544374099334,True,0
2123,2014-06-11,336.0,327.5611160834905,-8.438883916509496,8.438883916509496,13.346056464726985,43.55,0.005000000000002799,0.005000000000003713,True,True,314.2150596187635,371.1111160834905,56.896056464726996,True,0
2124,2014-06-12,335.55,335.5781586000576,0.028158600057565764,-0.028158600057565764,11.535116995791213,43.05,0.0075000000000027996,0.007500000000003714,True,True,324.04304160426636,378.6281586000576,54.585116995791225,True,0
2125,2014-06-13,327.05,335.35806783924545,8.308067839245439,-8.308067839245439,9.91020213890016,42.19,0.0100000000000028,0.010000000000003714,True,True,325.4478657003453,377.54806783924545,52.10020213890016,True,0
2126,2014-06-16,324.86,327.1111676537402,2.251167653740197,-2.251167653740197,8.80797472763895,37.04,0.0125000000000028,0.012500000000003715,True,True,318.30319292610125,364.15116765374023,45.847974727638984,True,0
2127,2014-06-17,327.54,324.762178825051,-2.777821174948997,2.777821174948997,8.445680639693741,29.097996727067596,0.015000000000002801,0.015000000000003715,True,True,316.31649818535726,353.8601755521186,37.54367736676136,True,0
2128,2014-06-18,328.0,327.28399733340683,-0.7160026665931696,0.7160026665931696,7.9171963619482995,12.762369254078436,0.0175000000000028,0.017500000000003714,True,True,319.36680097145853,340.0463665874853,20.679565616026764,True,0
2129,2014-06-19,335.26,327.7944619144654,-7.465538085534604,7.465538085534604,7.611320153076839,11.785986857519788,0.0200000000000028,0.020000000000003716,True,True,320.1831417613885,339.5804487719852,19.39730701059665,True,0
2130,2014-06-20,327.76,334.86051111912855,7.100511119128555,-7.100511119128555,7.206149293916951,10.727888731641656,0.022500000000002802,0.02250000000000372,True,True,327.6543618252116,345.5883998507702,17.934038025558607,True,0
2131,2014-06-23,323.33,327.77260262318634,4.44260262318636,-4.44260262318636,6.786129721740679,9.961538287640906,0.025000000000002805,0.02500000000000372,True,True,320.98647290144567,337.73414091082725,16.747668009381584,True,0
2132,2014-06-24,327.54,323.2960912428298,-4.243908757170232,4.243908757170232,6.695297591312965,9.219771232147934,0.027500000000002807,0.027500000000003723,True,True,316.6007936515168,332.5158624749777,15.9150688234609,True,0
2133,2014-06-25,324.33,327.2459777044959,2.9159777044959014,-2.9159777044959014,6.492310138689447,8.882322395259848,0.03000000000000281,0.030000000000003725,True,True,320.75366756580644,336.12830009975573,15.374632533949296,True,0
2134,2014-06-26,328.49,324.226604832568,-4.263395167432009,4.263395167432009,6.241705172505334,8.43241410940513,0.03250000000000281,0.03250000000000373,True,True,317.98489966006264,332.65901894197316,14.67411928191052,True,0
2135,2014-06-27,325.88,328.1920568715499,2.312056871549885,-2.312056871549885,5.937233423078084,7.775193047983606,0.035000000000002814,0.03500000000000373,True,True,322.2548234484718,335.9672499195335,13.71242647106169,True,0
2136,2014-06-30,324.98,325.759922312464,0.7799223124640093,-0.7799223124640093,5.871206401475206,7.44716251038102,0.037500000000002816,0.03750000000000373,True,True,319.8887159109888,333.20708482284505,13.318368911856226,True,0
2137,2014-07-01,325.86,324.83001185228716,-1.0299881477128565,1.0299881477128565,5.491396381162531,7.265851392823549,0.04000000000000282,0.040000000000003734,True,True,319.3386154711246,332.0958632451107,12.75724777398608,True,0
2138,2014-07-02,333.2,325.6524642930228,-7.547535706977214,7.547535706977214,5.364702549197887,7.112467262740665,0.04250000000000282,0.042500000000003736,True,False,320.2877617438249,332.76493155576344,12.477169811938552,False,1
2139,2014-07-03,334.83,332.79357564923924,-2.03642435076074,2.03642435076074,5.231242114160295,inf,0.04500000000000282,-0.004999999999996264,True,True,327.56233353507895,inf,inf,True,0
2140,2014-07-07,337.5,334.57357361901643,-2.926426380983571,2.926426380983571,5.029455179519971,inf,0.047500000000002825,-0.002499999999996264,True,True,329.54411843949646,inf,inf,True,0
2141,2014-07-08,333.1,337.23040456602826,4.130404566028233,-4.130404566028233,4.915981070671307,inf,0.05000000000000283,3.7365943672540425e-15,True,True,332.31442349535695,inf,inf,True,0
2142,2014-07-09,324.71,333.0345930339077,8.324593033907718,-8.324593033907718,4.857190359396526,45.41,0.05250000000000283,0.002500000000003737,False,True,328.1774026745112,378.4445930339077,50.26719035939652,False,1
2143,2014-07-10,324.34,324.7797462801689,0.4397462801689471,-0.4397462801689471,13.346056464726985,43.55,0.005000000000002829,0.0050000000000037376,True,True,311.43368981544194,368.32974628016893,56.896056464726996,True,0
2144,2014-07-11,334.71,324.1915764066067,-10.518423593393265,10.518423593393265,11.088085541567068,42.95,0.007500000000002829,0.007500000000003738,True,True,313.10349086503965,367.1415764066067,54.03808554156706,True,0
2145,2014-07-14,347.03,334.2183337713885,-12.8116662286115,12.8116662286115,9.91020213890016,42.19,0.01000000000000283,0.010000000000003739,True,True,324.3081316324883,376.40833377138847,52.10020213890016,True,0
2146,2014-07-15,353.72,346.4469914816081,-7.273008518391919,7.273008518391919,8.80797472763895,37.04,0.01250000000000283,0.012500000000003739,True,True,337.63901675396914,383.48699148160813,45.847974727638984,True,0
2147,2014-07-16,355.62,353.3028798803127,-2.3171201196873312,2.3171201196873312,8.426878189461377,17.431662177681503,0.01500000000000283,0.01500000000000374,True,True,344.8760016908513,370.7345420579942,25.858540367142894,True,0
2148,2014-07-17,353.44,355.35824882160205,1.9182488216020488,-1.9182488216020488,7.938907590292899,12.8116662286115,0.017500000000002833,0.01750000000000374,True,True,347.41934123130915,368.16991505021355,20.7505738189044,True,0
2149,2014-07-18,354.4,353.3062659010682,-1.0937340989318045,1.0937340989318045,7.642987594851675,12.046558395810933,0.020000000000002835,0.020000000000003744,True,True,345.6632783062165,365.35282429687913,19.689545990662623,True,0
2150,2014-07-21,358.1,354.1915663860138,-3.908433613986233,3.908433613986233,7.206149293916951,10.727888731641656,0.022500000000002837,0.022500000000003746,True,True,346.98541709209684,364.91945511765545,17.934038025558607,True,0
2151,2014-07-22,355.25,357.8051795885742,2.5551795885742195,-2.5551795885742195,6.842809183738666,10.108808106815047,0.02500000000000284,0.02500000000000375,True,True,350.96237040483555,367.91398769538927,16.951617290553713,True,0
2152,2014-07-23,359.05,355.12901668043247,-3.92098331956754,3.92098331956754,6.695297591312965,9.271350946718002,0.02750000000000284,0.02750000000000375,True,True,348.4337190891195,364.40036762715044,15.966648538030938,True,0
2153,2014-07-24,359.98,358.76372414019306,-1.2162758598069559,1.2162758598069559,6.492310138689447,8.899052843011447,0.030000000000002844,0.030000000000003753,True,True,352.2714140015036,367.6627769832045,15.391362981700865,True,0
2154,2014-07-25,317.3,359.75373337730974,42.45373337730973,-42.45373337730973,6.2876329013486725,8.584772167347978,0.032500000000002846,0.032500000000003755,False,True,353.46610047596107,368.3385055446577,14.87240506869665,False,1
2155,2014-07-28,324.25,318.23782467150767,-6.012175328492333,6.012175328492333,inf,7.815822948360108,-0.014999999999997154,0.03500000000000376,True,True,-inf,326.0536476198678,inf,True,0
2156,2014-07-29,321.98,324.0159491306286,2.0359491306285804,-2.0359491306285804,inf,7.547535706977214,-0.012499999999997154,0.03750000000000376,True,True,-inf,331.5634848376058,inf,True,0
2157,2014-07-30,321.45,321.83726204313723,0.3872620431372411,-0.3872620431372411,inf,7.293311411946831,-0.009999999999997154,0.04000000000000376,True,True,-inf,329.13057345508406,inf,True,0
2158,2014-07-31,320.01,321.2875210465948,1.2775210465948135,-1.2775210465948135,inf,7.1913533907224405,-0.007499999999997153,0.042500000000003764,True,True,-inf,328.47887443731724,inf,True,0
2159,2014-08-01,313.69,319.8689220819677,6.178922081967698,-6.178922081967698,inf,7.069596295404779,-0.0049999999999971526,0.045000000000003766,True,True,-inf,326.9385183773725,inf,True,0
2160,2014-08-04,308.84,313.6965956310244,4.856595631024447,-4.856595631024447,inf,6.773420973389932,-0.002499999999997152,0.04750000000000377,True,True,-inf,320.47001660441435,inf,True,0
2161,2014-08-05,313.65,308.8203450903378,-4.8296549096621675,4.8296549096621675,inf,6.564767746229279,2.8484159475539172e-15,0.05000000000000377,True,True,-inf,315.3851128365671,inf,True,0
2162,2014-08-06,310.83,313.340655798881,2.5106557988810323,-2.5106557988810323,15.648951520661825,6.423111110558381,0.002500000000002849,0.05250000000000377,True,True,297.69170427821916,319.76376690943937,22.072062631220206,True,0
2163,2014-08-07,315.21,310.71435623824175,-4.495643761758231,4.495643761758231,13.346301063550015,6.209960516189739,0.005000000000002849,0.055000000000003775,True,True,297.36805517469173,316.9243167544315,19.556261579739783,True,0
2164,2014-08-08,311.94,314.904415053976,2.9644150539759835,-2.9644150539759835,11.535116995791213,6.076534422462814,0.00750000000000285,0.05750000000000378,True,True,303.36929805818477,320.9809494764388,17.61165141825404,True,0
2165,2014-08-11,318.48,311.83997772265474,-6.640022277345281,6.640022277345281,9.922509939345616,5.9647052015063835,0.01000000000000285,0.06000000000000378,True,False,301.9174677833091,317.8046829241611,15.887215140851993,False,1
2166,2014-08-12,318.89,318.1072368485861,-0.7827631514138602,0.7827631514138602,8.80797472763895,36.98,0.01250000000000285,0.012500000000003779,True,True,309.29926212094716,355.08723684858614,45.78797472763898,True,0
2167,2014-08-13,327.6,318.6719059551647,-8.928094044835348,8.928094044835348,8.445680639693741,17.431662177681503,0.015000000000002851,0.01500000000000378,True,True,310.2262253154709,336.1035681328462,25.87734281737528,True,0
2168,2014-08-14,327.8,327.14693606092953,-0.6530639390704778,0.6530639390704778,8.044417114314342,12.8116662286115,0.017500000000002854,0.01750000000000378,True,True,319.1025189466152,339.95860228954103,20.856083342925842,True,0
2169,2014-08-15,334.0,327.5816090645976,-6.418390935402385,6.418390935402385,7.642987594851675,11.785986857519788,0.020000000000002856,0.02000000000000378,True,True,319.93862146974595,339.3675959221174,19.42897445237145,True,0
2170,2014-08-18,335.48,333.62286420348136,-1.8571357965186621,1.8571357965186621,7.307635926972694,10.727888731641656,0.022500000000002858,0.02250000000000378,True,True,326.31522827650866,344.350752935123,18.03552465861435,True,0
2171,2014-08-19,334.87,335.230447621238,0.360447621237995,-0.360447621237995,6.842809183738666,10.101439217860275,0.02500000000000286,0.025000000000003783,True,True,328.38763843749933,345.3318868390983,16.94424840159894,True,0
2172,2014-08-20,334.68,334.69438207138984,0.014382071389832163,-0.014382071389832163,6.70560392513562,9.271350946718002,0.027500000000002862,0.027500000000003785,True,True,327.9887781462542,343.9657330181078,15.976954871853593,True,0
2173,2014-08-21,336.48,334.49695271869314,-1.983047281306881,1.983047281306881,6.492310138689447,8.899052843011447,0.030000000000002865,0.030000000000003788,True,True,328.0046425800037,343.39600556170456,15.391362981700865,True,0
2174,2014-08-22,332.99,336.23613980115675,3.246139801156744,-3.246139801156744,6.2876329013486725,8.584772167347978,0.03250000000000287,0.03250000000000379,True,True,329.9485068998081,344.82091196850473,14.87240506869665,True,0
2175,2014-08-25,333.21,332.8993681416899,-0.31063185831010287,0.31063185831010287,6.026140789719079,7.815822948360108,0.03500000000000287,0.03500000000000379,True,True,326.8732273519708,340.71519109005,13.841963738079187,True,0
2176,2014-08-26,337.0,333.02191845079165,-3.9780815492083548,3.9780815492083548,5.879998818175238,7.547535706977214,0.03750000000000287,0.037500000000003794,True,True,327.1419196326164,340.56945415776886,13.427534525152453,True,0
2177,2014-08-27,342.09,336.6950470331314,-5.394952966868573,5.394952966868573,5.545091823505189,7.293311411946831,0.040000000000002874,0.040000000000003796,True,True,331.1499552096262,343.98835844507823,12.838403235452006,True,0
2178,2014-08-28,340.0,341.7362353045383,1.7362353045382974,-1.7362353045382974,5.391432967547246,7.1913533907224405,0.042500000000002876,0.0425000000000038,True,True,336.34480233699105,348.92758869526074,12.582786358269686,True,0
2179,2014-08-29,341.76,339.85769247154576,-1.9023075284542301,1.9023075284542301,5.2353533948385795,7.069596295404779,0.04500000000000288,0.0450000000000038,True,True,334.6223390767072,346.92728876695054,12.304949690243348,True,0
2180,2014-09-02,339.98,341.52087114817937,1.540871148179349,-1.540871148179349,5.036240787092794,6.773420973389932,0.04750000000000288,0.0475000000000038,True,True,336.4846303610866,348.2942921215693,11.809661760482697,True,0
2181,2014-09-03,342.54,339.8370983240889,-2.7029016759111073,2.7029016759111073,4.916726398387993,6.600213493306498,0.05000000000000288,0.050000000000003805,True,True,334.9203719257009,346.4373118173954,11.516939891694506,True,0
2182,2014-09-04,343.69,342.27575708067786,-1.4142429193221346,1.4142429193221346,4.877264473092055,6.519453243072064,0.052500000000002885,0.05250000000000381,True,True,337.3984926075858,348.7952103237499,11.396717716164119,True,0
2183,2014-09-05,346.3,343.45715110690236,-2.8428488930976528,2.8428488930976528,4.747800207663346,6.240140858806853,0.05500000000000289,0.05500000000000381,True,True,338.709350899239,349.6972919657092,10.987941066470228,True,0
2184,2014-09-08,344.54,346.0265201146722,1.486520114672203,-1.486520114672203,4.639087518782077,6.093196760254472,0.05750000000000289,0.05750000000000381,True,True,341.3874325958901,352.11971687492667,10.732284279036548,True,0
2185,2014-09-09,341.61,344.39362054929603,2.7836205492960175,-2.7836205492960175,4.4850233705457185,5.97141547927032,0.06000000000000289,0.060000000000003814,True,True,339.9085971787503,350.36503602856635,10.456438849816038,True,0
2186,2014-09-10,334.3,341.50923958864263,7.2092395886426175,-7.2092395886426175,4.454095901180565,5.8725509439858286,0.06250000000000289,0.06250000000000382,False,True,337.0551436874621,347.38179053262843,10.326646845166351,False,1
2187,2014-09-11,329.94,334.33076628067494,4.390766280674939,-4.390766280674939,8.445680639693741,5.672034865333387,0.015000000000002886,0.06500000000000382,True,True,325.8850856409812,340.0028011460083,14.11771550502715,True,0
2188,2014-09-12,329.56,329.8945508382587,0.3345508382586786,-0.3345508382586786,7.938907590292899,5.59665441533582,0.017500000000002888,0.06750000000000382,True,True,321.9556432479658,335.4912052535945,13.53556200562872,True,0
2189,2014-09-15,330.91,329.39171031945295,-1.5182896805470705,1.5182896805470705,7.642987594851675,5.480369389846203,0.02000000000000289,0.07000000000000382,True,True,321.7487227246013,334.87207970929916,13.123356984697864,True,0
2190,2014-09-16,321.07,330.6813311334681,9.611331133468127,-9.611331133468127,7.2092395886426175,5.34518501652866,0.022500000000002893,0.07250000000000383,False,True,323.4720915448255,336.0265161499968,12.554424605171278,False,1
2191,2014-09-17,327.76,321.16661123971113,-6.59338876028886,6.59338876028886,inf,5.233284098262033,-0.024999999999997108,0.07500000000000383,True,False,-inf,326.39989533797313,inf,False,1
2192,2014-09-18,325.44,327.39123014939355,1.9512301493935524,-1.9512301493935524,inf,9.219771232147934,-0.022499999999997106,0.027500000000003827,True,True,-inf,336.6110013815415,inf,True,0
2193,2014-09-19,327.6,325.3068927359021,-2.2931072640978982,2.2931072640978982,inf,8.899052843011447,-0.019999999999997103,0.03000000000000383,True,True,-inf,334.20594557891354,inf,True,0
2194,2014-09-22,328.49,327.35084751366566,-1.1391524863343534,1.1391524863343534,inf,8.438883916509496,-0.0174999999999971,0.03250000000000383,True,True,-inf,335.78973143017515,inf,True,0
2195,2014-09-23,322.46,328.26963641578203,5.809636415782052,-5.809636415782052,inf,7.815822948360108,-0.0149999999999971,0.035000000000003834,True,True,-inf,336.08545936414214,inf,True,0
2196,2014-09-24,324.17,322.45052636230747,-1.7194736376925448,1.7194736376925448,inf,7.515999355947315,-0.0124999999999971,0.037500000000003836,True,True,-inf,329.9665257182548,inf,True,0
2197,2014-09-25,327.99,323.9434559197108,-4.046544080289209,4.046544080289209,inf,7.293311411946831,-0.0099999999999971,0.04000000000000384,True,True,-inf,331.23676733165763,inf,True,0
2198,2014-09-26,320.6,327.68153007163846,7.08153007163844,-7.08153007163844,inf,7.180451173836502,-0.007499999999997099,0.04250000000000384,True,True,-inf,334.86198124547496,inf,True,0
2199,2014-09-29,320.5,320.62570111689587,0.12570111689586838,-0.12570111689586838,inf,7.069596295404779,-0.004999999999997099,0.04500000000000384,True,True,-inf,327.69529741230065,inf,True,0
2200,2014-09-30,321.36,320.3338559971494,-1.0261440028506286,1.0261440028506286,inf,6.756284268523473,-0.0024999999999970983,0.047500000000003845,True,True,-inf,327.09014026567286,inf,True,0
2201,2014-10-01,322.04,321.1475603393956,-0.8924396606043956,0.8924396606043956,inf,6.59338876028886,2.9021923753091983e-15,0.05000000000000385,True,True,-inf,327.7409490996845,inf,True,0
2202,2014-10-02,316.92,321.83044771226236,4.910447712262339,-4.910447712262339,15.648951520661825,6.519453243072064,0.0025000000000029027,0.05250000000000385,True,True,306.18149619160056,328.3499009553344,22.16840476373386,True,0
2203,2014-10-03,320.36,316.8871098464998,-3.4728901535002024,3.4728901535002024,13.346056464726985,6.240140858806853,0.005000000000002903,0.05500000000000385,True,True,303.5410533817728,323.12725070530666,19.58619732353384,True,0
2204,2014-10-06,323.5,320.08117563499593,-3.4188243650040704,3.4188243650040704,11.535116995791213,6.093196760254472,0.007500000000002904,0.057500000000003854,True,True,308.5460586392047,326.17437239525043,17.628313756045713,True,0
2205,2014-10-07,319.43,323.2081635236493,3.7781635236493116,-3.7781635236493116,9.91020213890016,5.97141547927032,0.010000000000002904,0.060000000000003856,True,True,313.29796138474916,329.17957900291964,15.88161761817048,True,0
2206,2014-10-08,316.58,319.3588082113046,2.7788082113046357,-2.7788082113046357,8.82209149900882,5.8725509439858286,0.012500000000002905,0.06250000000000386,True,True,310.5367167122958,325.2313591552904,14.69464244299462,True,0
2207,2014-10-09,321.49,316.4919012460547,-4.998098753945328,4.998098753945328,8.445680639693741,5.672034865333387,0.015000000000002905,0.06500000000000386,True,True,308.0462206063609,322.16393611138807,14.11771550502715,True,0
2208,2014-10-10,314.02,321.16106133558054,7.141061335580559,-7.141061335580559,8.044417114314342,5.59665441533582,0.017500000000002906,0.06750000000000386,True,True,313.1166442212662,326.75771575091636,13.641071529650162,True,0
2209,2014-10-13,309.87,314.0495277850626,4.179527785062589,-4.179527785062589,7.642987594851675,5.480369389846203,0.020000000000002904,0.07000000000000386,True,True,306.40654019021093,319.5298971749088,13.123356984697864,True,0
2210,2014-10-14,308.0,309.8339667137373,1.8339667137373112,-1.8339667137373112,7.307635926972694,5.331335842733495,0.022500000000002907,0.07250000000000387,True,True,302.5263307867646,315.1653025564708,12.638971769706188,True,0
2211,2014-10-15,304.35,307.88689595723486,3.536895957234833,-3.536895957234833,7.100511119128555,5.233284098262033,0.02500000000000291,0.07500000000000387,True,True,300.7863848381063,313.1201800554969,12.333795217390616,True,0
2212,2014-10-16,293.83,304.2858537765707,10.455853776570734,-10.455853776570734,6.76131477680417,5.039359938571721,0.02750000000000291,0.07750000000000387,False,True,297.52453899976655,309.32521371514247,11.80067471537592,False,1
2213,2014-10-17,307.15,293.9757923137778,-13.17420768622219,13.17420768622219,inf,4.952985915377667,-0.01999999999999709,0.08000000000000387,True,False,-inf,298.92877822915545,inf,False,1
2214,2014-10-20,302.95,306.5778986884558,3.6278986884557867,-3.6278986884557867,inf,8.584772167347978,-0.017499999999997087,0.03250000000000387,True,True,-inf,315.16267085580375,inf,True,0
2215,2014-10-21,309.9,302.86838876140865,-7.031611238591324,7.031611238591324,inf,7.815822948360108,-0.014999999999997087,0.035000000000003875,True,True,-inf,310.68421170976876,inf,True,0
2216,2014-10-22,315.43,309.50470341359716,-5.925296586402851,5.925296586402851,inf,7.515999355947315,-0.012499999999997086,0.03750000000000388,True,True,-inf,317.02070276954447,inf,True,0
2217,2014-10-23,313.4,315.05621629285673,1.6562162928567545,-1.6562162928567545,inf,7.293311411946831,-0.009999999999997086,0.04000000000000388,True,True,-inf,322.34952770480356,inf,True,0
2218,2014-10-24,284.4,313.26785267240183,28.867852672401852,-28.867852672401852,inf,7.180451173836502,-0.007499999999997085,0.04250000000000388,True,True,-inf,320.44830384623833,inf,True,0
2219,2014-10-27,285.7,285.0935162037431,-0.6064837962568959,0.6064837962568959,inf,7.069596295404779,-0.004999999999997085,0.045000000000003884,True,True,-inf,292.16311249914787,inf,True,0
2220,2014-10-28,289.76,285.5803514134694,-4.179648586530618,4.179648586530618,inf,6.773420973389932,-0.0024999999999970844,0.047500000000003886,True,True,-inf,292.3537723868593,inf,True,0
2221,2014-10-29,299.11,289.45684196852847,-9.653158031471548,9.653158031471548,inf,6.600213493306498,2.9160701631170127e-15,0.05000000000000389,True,False,-inf,296.057055461835,inf,False,1
2222,2014-10-30,293.98,298.62421921424453,4.644219214244515,-4.644219214244515,16.33779006578817,45.41,0.0025000000000029166,0.002500000000003888,True,True,282.28642914845636,344.03421921424456,61.747790065788195,True,0
2223,2014-10-31,305.15,293.9255463750868,-11.224453624913167,11.224453624913167,13.346301063550015,43.5,0.005000000000002917,0.0050000000000038885,True,True,280.5792453115368,337.4255463750868,56.846301063550015,True,0
2224,2014-11-03,306.24,304.6297329898722,-1.6102670101278136,1.6102670101278136,12.198762425887196,42.95,0.0075000000000029175,0.007500000000003889,True,True,292.430970563985,347.5797329898722,55.148762425887185,True,0
2225,2014-11-04,303.99,305.9849564756612,1.9949564756611835,-1.9949564756611835,10.17138112416589,37.61,0.010000000000002918,0.01000000000000389,True,True,295.8135753514953,343.5949564756612,47.78138112416593,True,0
2226,2014-11-05,303.01,303.87665868895596,0.8666586889559653,-0.8666586889559653,9.482504891545119,36.98,0.012500000000002918,0.01250000000000389,True,True,294.3941537974108,340.856658688956,46.462504891545166,True,0
2227,2014-11-06,296.69,302.8696806099745,6.179680609974525,-6.179680609974525,8.635517421451198,17.118488921674782,0.015000000000002919,0.01500000000000389,True,True,294.2341631885233,319.9881695316493,25.75400634312598,True,0
2228,2014-11-07,297.82,296.7137886538904,-1.1062113461096033,1.1062113461096033,8.308067839245439,12.8116662286115,0.01750000000000292,0.01750000000000389,True,True,288.40572081464495,309.5254548825019,21.11973406785694,True,0
2229,2014-11-10,300.0,297.6307236249102,-2.3692763750897825,2.3692763750897825,7.7865428671156565,11.785986857519788,0.020000000000002918,0.02000000000000389,True,True,289.84418075779456,309.41671048243,19.572529724635444,True,0
2230,2014-11-11,305.94,299.7499215234282,-6.1900784765717844,6.1900784765717844,7.410330130523505,10.727888731641656,0.02250000000000292,0.022500000000003892,True,True,292.3395913929047,310.47781025506987,18.13821886216516,True,0
2231,2014-11-12,310.75,305.563734436584,-5.186265563415986,5.186265563415986,7.141061335580559,10.108808106815047,0.025000000000002923,0.025000000000003894,True,True,298.42267310100345,315.67254254339906,17.249869442395607,True,0
2232,2014-11-13,312.0,310.39456554322817,-1.6054344567718317,1.6054344567718317,6.786129721740679,9.482862958331168,0.027500000000002925,0.027500000000003896,True,True,303.6084358214875,319.87742850155934,16.268992680071847,True,0
2233,2014-11-14,317.12,311.760187131742,-5.359812868258018,5.359812868258018,6.695297591312965,9.14190947534496,0.030000000000002927,0.0300000000000039,True,True,305.064889540429,320.90209660708695,15.837207066657925,True,0
2234,2014-11-17,326.44,316.7693683676172,-9.670631632382822,9.670631632382822,6.408928847169079,8.855407630738071,0.03250000000000293,0.0325000000000039,True,False,310.3604395204481,325.62477599835523,15.264336477907136,False,1
2235,2014-11-18,323.99,325.9421809169004,1.9521809169003745,-1.9521809169003745,6.237931104631002,inf,0.03500000000000293,-0.0149999999999961,True,True,319.7042498122694,inf,inf,True,0
2236,2014-11-19,327.25,323.84426490116033,-3.4057350988396706,3.4057350988396706,6.026140789719079,inf,0.037500000000002934,-0.0124999999999961,True,True,317.81812411144125,inf,inf,True,0
2237,2014-11-20,324.0,326.9654168122223,2.9654168122223155,-2.9654168122223155,5.8780222887984905,inf,0.040000000000002936,-0.009999999999996099,True,True,321.0873945234238,inf,inf,True,0
2238,2014-11-21,335.42,323.89993381596884,-11.52006618403118,11.52006618403118,5.545091823505189,inf,0.04250000000000294,-0.007499999999996098,True,True,318.35484199246366,inf,inf,True,0
2239,2014-11-24,334.78,334.8739946946825,0.09399469468252164,-0.09399469468252164,5.391432967547246,inf,0.04500000000000294,-0.004999999999996098,True,True,329.48256172713525,inf,inf,True,0
2240,2014-11-25,335.27,334.5724778709523,-0.6975221290476838,0.6975221290476838,5.2353533948385795,inf,0.04750000000000294,-0.0024999999999960974,True,True,329.33712447611373,inf,inf,True,0
2241,2014-11-26,333.78,335.06208585479067,1.2820858547906937,-1.2820858547906937,5.029455179519971,inf,0.050000000000002945,3.903127820947816e-15,True,True,330.0326306752707,inf,inf,True,0
2242,2014-11-28,336.03,333.630931286665,-2.399068713334998,2.399068713334998,4.916726398387993,45.41,0.05250000000000295,0.0025000000000039036,True,True,328.714204888277,379.040931286665,50.32672639838802,True,0
2243,2014-12-01,338.12,335.7692036608539,-2.350796339146086,2.350796339146086,4.877264473092055,43.5,0.05500000000000295,0.005000000000003904,True,True,330.89193918776186,379.2692036608539,48.377264473092055,True,0
2244,2014-12-02,327.5,337.8529542557082,10.352954255708198,-10.352954255708198,4.759178688784743,42.95,0.05750000000000295,0.007500000000003905,False,True,333.09377556692345,380.8029542557082,47.70917868878473,False,1
2245,2014-12-03,325.73,327.62879144192055,1.8987914419205367,-1.8987914419205367,10.352954255708198,37.61,0.010000000000002951,0.010000000000003905,True,True,317.27583718621236,365.23879144192057,47.96295425570821,True,0
2246,2014-12-04,315.53,325.6248737953003,10.094873795300316,-10.094873795300316,9.482504891545119,36.7,0.012500000000002951,0.012500000000003906,False,True,316.14236890375514,362.3248737953003,46.182504891545136,False,1
2247,2014-12-05,316.8,315.6585124755415,-1.1414875244585119,1.1414875244585119,inf,17.118488921674782,-0.03499999999999705,0.015000000000003906,True,True,-inf,332.7770013972163,inf,True,0
2248,2014-12-08,311.57,316.5971144101935,5.027114410193519,-5.027114410193519,inf,12.762369254078436,-0.032499999999997045,0.017500000000003908,True,True,-inf,329.3594836642719,inf,True,0
2249,2014-12-09,302.99,311.54436997936557,8.55436997936556,-8.55436997936556,inf,11.785986857519788,-0.029999999999997043,0.02000000000000391,True,True,-inf,323.33035683688536,inf,True,0
2250,2014-12-10,312.0,303.08124767117624,-8.918752328823757,8.918752328823757,inf,11.13140085807197,-0.02749999999999704,0.022500000000003913,True,True,-inf,314.2126485292482,inf,True,0
2251,2014-12-11,307.89,311.55048532259735,3.660485322597367,-3.660485322597367,inf,10.108808106815047,-0.02499999999999704,0.025000000000003915,True,True,-inf,321.6592934294124,inf,True,0
2252,2014-12-12,303.99,307.8167651694555,3.8267651694554843,-3.8267651694554843,inf,9.653158031471548,-0.022499999999997036,0.027500000000003917,True,True,-inf,317.46992320092704,inf,True,0
2253,2014-12-15,308.87,303.94150626914364,-4.92849373085636,4.92849373085636,inf,9.146167242864522,-0.019999999999997034,0.03000000000000392,True,True,-inf,313.08767351200817,inf,True,0
2254,2014-12-16,304.35,308.542374926536,4.19237492653599,-4.19237492653599,inf,8.88133423138521,-0.017499999999997032,0.03250000000000392,True,True,-inf,317.4237091579212,inf,True,0
2255,2014-12-17,296.37,304.3002506630997,7.9302506630996845,-7.9302506630996845,inf,8.43241410940513,-0.014999999999997031,0.035000000000003924,True,True,-inf,312.7326647725048,inf,True,0
2256,2014-12-18,304.01,296.4541618892656,-7.555838110734385,7.555838110734385,inf,7.76305902242342,-0.01249999999999703,0.037500000000003926,True,True,-inf,304.217220911689,inf,True,0
2257,2014-12-19,296.91,303.60771559086635,6.6977155908663235,-6.6977155908663235,inf,7.465538085534604,-0.00999999999999703,0.04000000000000393,True,True,-inf,311.07325367640095,inf,True,0
2258,2014-12-22,301.94,296.94114575776086,-4.998854242239133,4.998854242239133,inf,7.273008518391919,-0.00749999999999703,0.04250000000000393,True,True,-inf,304.2141542761528,inf,True,0
2259,2014-12-23,306.98,301.61359103001854,-5.366408969981478,5.366408969981478,inf,7.13556167303318,-0.004999999999997029,0.04500000000000393,True,True,-inf,308.7491527030517,inf,True,0
2260,2014-12-24,306.38,306.62128320885677,0.24128320885677113,-0.24128320885677113,inf,7.031611238591324,-0.002499999999997029,0.047500000000003935,True,True,-inf,313.6528944474481,inf,True,0
2261,2014-12-26,305.0,306.2050453832875,1.2050453832874837,-1.2050453832874837,inf,6.734591479484834,2.9715813143482706e-15,0.05000000000000394,True,True,-inf,312.9396368627723,inf,True,0
2262,2014-12-29,307.85,304.86568121280544,-2.9843187871945815,2.9843187871945815,16.33779006578817,6.59338876028886,0.002500000000002972,0.05250000000000394,True,True,288.52789114701727,311.4590699730943,22.93117882607703,True,0
2263,2014-12-30,309.91,307.57925296680855,-2.3307470331914715,2.3307470331914715,13.346301063550015,6.423111110558381,0.0050000000000029726,0.05500000000000394,True,True,294.23295190325854,314.0023640773669,19.769412174108368,True,0
2264,2014-12-31,311.55,309.65251109811373,-1.8974889018862768,1.8974889018862768,12.198762425887196,6.209960516189739,0.007500000000002973,0.057500000000003944,True,True,297.45374867222654,315.86247161430344,18.408722942076906,True,0
2265,2015-01-02,312.58,311.3074729488867,-1.2725270511132862,1.2725270511132862,10.352954255708198,6.093196760254472,0.010000000000002974,0.060000000000003946,True,True,300.9545186931785,317.4006697091412,16.4461510159627,True,0
2266,2015-01-05,307.01,312.3578198047821,5.347819804782091,-5.347819804782091,9.611331133468127,5.97141547927032,0.012500000000002974,0.06250000000000394,True,True,302.74648867131395,318.3292352840524,15.582746612738447,True,0
2267,2015-01-06,302.24,307.00391740649985,4.763917406499843,-4.763917406499843,8.730423433258636,5.8725509439858286,0.015000000000002974,0.06500000000000394,True,True,298.2734939732412,312.87646835048565,14.602974377244436,True,0
2268,2015-01-07,297.5,302.22790813333967,4.7279081333396675,-4.7279081333396675,8.426878189461377,5.672034865333387,0.017500000000002975,0.06750000000000395,True,True,293.8010299438783,307.89994299867305,14.098913054794764,True,0
2269,2015-01-08,300.32,297.48622932208525,-2.8337706779147425,2.8337706779147425,7.9302506630996845,5.59665441533582,0.020000000000002974,0.07000000000000395,True,True,289.55597865898557,303.08288373742107,13.526905078435504,True,0
2270,2015-01-09,301.48,300.06445833110945,-1.4155416688905689,1.4155416688905689,7.611320153076839,5.480369389846203,0.022500000000002976,0.07250000000000395,True,True,292.4531381780326,305.54482772095565,13.091689542923064,True,0
2271,2015-01-12,297.56,301.25734770960435,3.697347709604344,-3.697347709604344,7.2092395886426175,5.356060586259105,0.025000000000002978,0.07500000000000395,True,True,294.04810812096173,306.61340829586345,12.565300174901722,True,0
2272,2015-01-13,297.48,297.5061474873658,0.026147487365790312,-0.026147487365790312,7.08153007163844,5.248248822200026,0.02750000000000298,0.07750000000000395,True,True,290.42461741572737,302.75439630956583,12.329778893838466,True,0
2273,2015-01-14,291.93,297.31786984909775,5.38786984909774,-5.38786984909774,6.723469265502757,5.146377664241015,0.030000000000002983,0.08000000000000396,True,True,290.59440058359496,302.46424751333876,11.869846929743801,True,0
2274,2015-01-15,294.0,291.93461980634294,-2.065380193657063,2.065380193657063,6.663221430392326,4.998098753945328,0.032500000000002985,0.08250000000000396,True,True,285.27139837595064,296.93271856028827,11.661320184337626,True,0
2275,2015-01-16,286.28,293.7747374289464,7.494737428946451,-7.494737428946451,6.307734359826526,4.913949003294476,0.03500000000000299,0.08500000000000396,False,True,287.46700306911987,298.6886864322409,11.22168336312103,False,1
2276,2015-01-20,292.59,286.35319798701744,-6.236802012982537,6.236802012982537,inf,4.851859135765238,-0.012499999999997014,0.08750000000000396,True,False,-inf,291.2050571227827,inf,False,1
2277,2015-01-21,289.64,292.2276178021368,2.5876178021368332,-2.5876178021368332,inf,7.44716251038102,-0.009999999999997013,0.04000000000000396,True,True,-inf,299.67478031251784,inf,True,0
2278,2015-01-22,300.0,289.5532091478098,-10.44679085219019,10.44679085219019,inf,7.268508570622544,-0.0074999999999970125,0.042500000000003965,True,False,-inf,296.82171771843235,inf,False,1
2279,2015-01-23,308.08,299.48135824708413,-8.598641752915853,8.598641752915853,inf,inf,-0.004999999999997012,-0.004999999999996035,True,True,-inf,inf,inf,True,0
2280,2015-01-26,311.82,307.614959332484,-4.205040667516016,4.205040667516016,inf,inf,-0.0024999999999970116,-0.002499999999996035,True,True,-inf,inf,inf,True,0
2281,2015-01-27,306.3,311.5030796531425,5.203079653142481,-5.203079653142481,inf,inf,2.9889285491080386e-15,3.965577866082981e-15,True,True,-inf,inf,inf,True,0
2282,2015-01-28,309.81,306.2884015090276,-3.5215984909723943,3.5215984909723943,16.33779006578817,45.41,0.0025000000000029894,0.002500000000003966,True,True,289.95061144323944,351.6984015090276,61.74779006578814,True,0
2283,2015-01-29,304.73,309.5217101038884,4.791710103888363,-4.791710103888363,13.346301063550015,43.5,0.00500000000000299,0.0050000000000039665,True,True,296.17540904033837,353.0217101038884,56.846301063550015,True,0
2284,2015-01-30,346.32,304.70792368124427,-41.612076318755726,41.612076318755726,11.535116995791213,42.95,0.00750000000000299,0.007500000000003967,True,True,293.17280668545305,347.65792368124426,54.4851169957912,True,0
2285,2015-02-02,350.05,344.62964833354613,-5.4203516664538824,5.4203516664538824,10.352954255708198,41.612076318755726,0.010000000000002991,0.010000000000003968,True,True,334.27669407783793,386.24172465230185,51.965030574463924,True,0
2286,2015-02-03,360.29,349.69083495333706,-10.59916504666296,10.59916504666296,9.611331133468127,36.98,0.012500000000002991,0.012500000000003968,True,True,340.07950381986893,386.6708349533371,46.591331133468145,True,0
2287,2015-02-04,358.38,359.75383623430497,1.3738362343049744,-1.3738362343049744,8.72131187731074,17.118488921674782,0.015000000000002992,0.015000000000003968,True,True,351.03252435699426,376.87232515597975,25.839800798985493,True,0
2288,2015-02-05,366.0,358.2508840481991,-7.7491159518008885,7.7491159518008885,8.324593033907718,12.762369254078436,0.017500000000002992,0.01750000000000397,True,True,349.9262910142914,371.0132533022776,21.086962287986182,True,0
2289,2015-02-06,374.87,365.53775270505133,-9.332247294948672,9.332247294948672,7.9302506630996845,11.785986857519788,0.020000000000002995,0.020000000000003973,True,True,357.60750204195165,377.3237395625711,19.716237520619472,True,0
2290,2015-02-09,371.0,374.3863387175728,3.386338717572812,-3.386338717572812,7.611320153076839,11.13140085807197,0.022500000000002997,0.022500000000003975,True,True,366.77501856449595,385.5177395756448,18.74272101114883,True,0
2291,2015-02-10,371.19,370.9294146545643,-0.2605853454356861,0.2605853454356861,7.2092395886426175,10.236235935950788,0.025000000000003,0.025000000000003977,True,True,363.7201750659217,381.1656505905151,17.445475524593405,True,0
2292,2015-02-11,371.23,370.96661305226996,-0.263386947730055,0.263386947730055,7.08153007163844,9.670631632382822,0.027500000000003,0.02750000000000398,True,True,363.8850829806315,380.6372446846528,16.752161704021262,True,0
2293,2015-02-12,375.1,371.0186308099975,-4.081369190002533,4.081369190002533,6.734374582960811,9.271350946718002,0.030000000000003003,0.030000000000003982,True,True,364.2842562270367,380.2899817567155,16.00572552967884,True,0
2294,2015-02-13,378.41,374.76374165342924,-3.6462583465707894,3.6462583465707894,6.663221430392326,8.918752328823757,0.032500000000003006,0.032500000000003984,True,True,368.10052022303694,383.682493982253,15.581973759216055,True,0
2295,2015-02-17,377.72,378.09853087692926,0.3785308769292328,-0.3785308769292328,6.307734359826526,8.598641752915853,0.03500000000000301,0.035000000000003986,True,True,371.79079651710276,386.6971726298451,14.90637611274235,True,0
2296,2015-02-18,375.42,377.5364924799656,2.1164924799655864,-2.1164924799655864,6.178922081967698,7.943669305953904,0.03750000000000301,0.03750000000000399,True,True,371.3575703979979,385.4801617859195,14.122591387921602,True,0
2297,2015-02-19,373.49,375.2812405073119,1.7912405073118975,-1.7912405073118975,5.90610438362981,7.686476547247764,0.04000000000000301,0.04000000000000399,True,True,369.37513612368207,382.96771705455967,13.592580930877602,True,0
2298,2015-02-20,378.62,373.3368339266417,-5.283166073358302,5.283166073358302,5.809636415782052,7.44716251038102,0.042500000000003015,0.04250000000000399,True,True,367.52719751085965,380.7839964370227,13.256798926163071,True,0
2299,2015-02-23,383.44,378.23877471832475,-5.201225281675249,5.201225281675249,5.45012046181634,7.265851392823549,0.04500000000000302,0.045000000000003995,True,True,372.7886542565084,385.5046261111483,12.715971854639918,True,0
2300,2015-02-24,378.65,383.0806897353645,4.430689735364524,-4.430689735364524,5.347819804782091,7.075858099101708,0.04750000000000302,0.047500000000004,True,True,377.7328699305824,390.1565478344662,12.4236779038838,True,0
2301,2015-02-25,377.27,378.59861565884484,1.3286156588448534,-1.3286156588448534,5.231242114160295,6.836116549953033,0.05000000000000302,0.050000000000004,True,True,373.36737354468454,385.43473220879787,12.067358664113328,True,0
2302,2015-02-26,384.07,377.09528861753273,-6.974711382467262,6.974711382467262,5.036240787092794,6.6538544390432435,0.05250000000000302,0.052500000000004,True,False,372.0590478304399,383.749143056576,11.690095226136066,False,1
2303,2015-02-27,384.0,383.63477321448954,-0.3652267855104583,0.3652267855104583,4.976349735379813,43.5,0.055000000000003026,0.005000000000004001,True,True,378.65842347910973,427.13477321448954,48.47634973537981,True,0
2304,2015-03-02,380.85,383.79902363328847,2.949023633288448,-2.949023633288448,4.878840647066909,42.95,0.05750000000000303,0.007500000000004002,True,True,378.92018298622156,426.74902363328846,47.8288406470669,True,0
2305,2015-03-03,383.95,380.73852828994256,-3.211471710057424,3.211471710057424,4.791710103888363,37.61,0.06000000000000303,0.010000000000004002,True,True,375.9468181860542,418.3485282899426,42.40171010388838,True,0
2306,2015-03-04,385.71,383.6329970402894,-2.077002959710569,2.077002959710569,4.7279081333396675,36.98,0.06250000000000303,0.012500000000004003,True,True,378.90508890694974,420.61299704028943,41.707908133339686,True,0
2307,2015-03-05,385.61,385.4442245165787,-0.16577548342132786,0.16577548342132786,4.5822069658397595,17.118488921674782,0.06500000000000303,0.015000000000004003,True,True,380.8620175507389,402.56271343825347,21.70069588751454,True,0
2308,2015-03-06,385.52,385.4024829934066,-0.11751700659340258,0.11751700659340258,4.483608339694882,12.762369254078436,0.06750000000000303,0.017500000000004005,True,True,380.91887465371167,398.164852247485,17.24597759377332,True,0
2309,2015-03-09,378.4,385.30978501366315,6.909785013663168,-6.909785013663168,4.44260262318636,11.697837578350288,0.07000000000000303,0.020000000000004008,False,True,380.8671823904768,397.00762259201343,16.14044020153665,False,1
2310,2015-03-10,377.45,378.41473242233985,0.9647324223398641,-0.9647324223398641,7.611320153076839,11.13140085807197,0.02250000000000303,0.02250000000000401,True,True,370.803412269263,389.5461332804118,18.74272101114883,True,0
2311,2015-03-11,370.61,377.259482517305,6.649482517304989,-6.649482517304989,7.2092395886426175,10.236235935950788,0.025000000000003034,0.025000000000004012,True,True,370.0502429286624,387.4957184532558,17.445475524593405,True,0
2312,2015-03-12,368.82,370.6153364712125,1.7953364712125222,-1.7953364712125222,7.08153007163844,9.670631632382822,0.027500000000003036,0.027500000000004014,True,True,363.5338063995741,380.28596810359534,16.752161704021262,True,0
2313,2015-03-13,371.52,368.6565827237773,-2.8634172762226626,2.8634172762226626,6.734374582960811,9.219771232147934,0.030000000000003038,0.030000000000004017,True,True,361.9222081408165,377.87635395592525,15.954145815108745,True,0
2314,2015-03-16,370.38,371.2194211843131,0.8394211843130961,-0.8394211843130961,6.663221430392326,8.899052843011447,0.03250000000000304,0.03250000000000402,True,True,364.55619975392074,380.1184740273245,15.562274273403773,True,0
2315,2015-03-17,371.11,370.20941516108695,-0.900584838913062,0.900584838913062,6.408928847169079,8.598641752915853,0.03500000000000304,0.03500000000000402,True,True,363.8004863139179,378.8080569140028,15.007570600084932,True,0
2316,2015-03-18,369.97,370.8738290754408,0.9038290754407967,-0.9038290754407967,6.237931104631002,7.943669305953904,0.037500000000003045,0.03750000000000402,True,True,364.6358979708098,378.8174983813947,14.181600410584906,True,0
2317,2015-03-19,373.87,369.79670201260944,-4.073297987390561,4.073297987390561,5.937233423078084,7.586408126159938,0.04000000000000305,0.040000000000004025,True,True,363.8594685895314,377.3831101387694,13.523641549237993,True,0
2318,2015-03-20,376.29,373.53071452258433,-2.7592854774156876,2.7592854774156876,5.871206401475206,7.407676093026502,0.04250000000000305,0.04250000000000403,True,True,367.6595081211091,380.93839061561084,13.278882494501715,True,0
2319,2015-03-23,378.07,376.00548037097565,-2.064519629024346,2.064519629024346,5.491396381162531,7.1919732461433625,0.04500000000000305,0.04500000000000403,True,True,370.5140839898131,383.197453617119,12.683369627305865,True,0
2320,2015-03-24,373.99,377.80372599361624,3.813725993616231,-3.813725993616231,5.364702549197887,7.071300597949119,0.047500000000003054,0.04750000000000403,True,True,372.43902344441835,384.87502659156536,12.436003147147005,True,0
2321,2015-03-25,375.17,373.9108083379434,-1.259191662056594,1.259191662056594,5.2353533948385795,6.836116549953033,0.050000000000003056,0.050000000000004034,True,True,368.67545494310485,380.74692488789645,12.071469944791602,True,0
2322,2015-03-26,369.59,374.91412564097703,5.3241256409770585,-5.3241256409770585,5.044237760288581,6.6538544390432435,0.05250000000000306,0.052500000000004036,False,True,369.86988788068845,381.5679800800203,11.698092199331825,False,1
2323,2015-03-27,367.11,369.5587400630933,2.4487400630932825,-2.4487400630932825,13.346301063550015,6.556223870250761,0.0050000000000030576,0.05500000000000404,True,True,356.2124389995433,376.11496393334403,19.90252493380075,True,0
2324,2015-03-30,371.87,366.9705288270618,-4.899471172938206,4.899471172938206,11.535116995791213,6.356582550212465,0.007500000000003058,0.05750000000000404,True,True,355.4354118312706,373.32711137727426,17.89169954600368,True,0
2325,2015-03-31,373.24,371.50116016864354,-1.7388398313564721,1.7388398313564721,10.17138112416589,6.1900784765717844,0.010000000000003059,0.06000000000000404,True,True,361.3297790444776,377.6912386452153,16.361459600737703,True,0
2326,2015-04-01,372.1,372.9906713923318,0.8906713923317966,-0.8906713923317966,9.482504891545119,6.076534422462814,0.012500000000003059,0.06250000000000404,True,True,363.50816650078673,379.06720581479465,15.559039314007919,True,0
2327,2015-04-02,370.5,371.926749536151,1.4267495361510214,-1.4267495361510214,8.72131187731074,5.9415845245279115,0.01500000000000306,0.06500000000000404,True,True,363.2054376588403,377.86833406067893,14.662896401838623,True,0
2328,2015-04-06,370.1,370.3384433205256,0.23844332052556183,-0.23844332052556183,8.324593033907718,5.7858225314715455,0.01750000000000306,0.06750000000000404,True,True,362.01385028661787,376.1242658519971,14.110415565379242,True,0
2329,2015-04-07,376.15,369.8995114668452,-6.250488533154794,6.250488533154794,7.9171963619482995,5.671178396938501,0.020000000000003064,0.07000000000000405,True,False,361.9823151048969,375.5706898637837,13.5883747588868,False,1
2330,2015-04-08,374.66,375.7411423834309,1.0811423834308584,-1.0811423834308584,7.59001311200177,10.727888731641656,0.022500000000003066,0.022500000000004045,True,True,368.1511292714291,386.46903111507254,18.317901843643426,True,0
2331,2015-04-09,380.66,374.50332896900994,-6.156671030990083,6.156671030990083,7.206149293916951,10.230103404458646,0.02500000000000307,0.025000000000004047,True,True,367.297179675093,384.7334323734686,17.436252698375597,True,0
2332,2015-04-10,384.31,380.2497023490058,-4.060297650994187,4.060297650994187,6.9746818146584815,9.653158031471548,0.02750000000000307,0.02750000000000405,True,True,373.27502053434733,389.90286038047736,16.62783984613003,True,0
2333,2015-04-13,383.53,383.986797280675,0.4567972806750049,-0.4567972806750049,6.734374582960811,9.219771232147934,0.030000000000003073,0.03000000000000405,True,True,377.25242269771417,393.2065685128229,15.954145815108745,True,0
2334,2015-04-14,383.51,383.3459603447944,-0.16403965520561314,0.16403965520561314,6.663221430392326,8.899052843011447,0.032500000000003075,0.03250000000000405,True,True,376.6827389144021,392.24501318780585,15.562274273403773,True,0
2335,2015-04-15,384.65,383.2953086553465,-1.3546913446534745,1.3546913446534745,6.319158763857388,8.584772167347978,0.03500000000000308,0.035000000000004056,True,True,376.9761498914891,391.8800808226945,14.903930931205366,True,0
2336,2015-04-16,383.69,384.3989021556409,0.7089021556408852,-0.7089021556408852,6.179680609974525,7.815822948360108,0.03750000000000308,0.03750000000000406,True,True,378.21922154566636,392.214725104001,13.995503558334633,True,0
2337,2015-04-17,382.63,383.5080409008867,0.8780409008867309,-0.8780409008867309,5.90610438362981,7.555838110734385,0.04000000000000308,0.04000000000000406,True,True,377.60193651725695,391.0638790116211,13.461942494364166,True,0
2338,2015-04-20,378.55,382.4484379042815,3.8984379042814794,-3.8984379042814794,5.809636415782052,7.309480326726231,0.042500000000003084,0.04250000000000406,True,True,376.63880148849944,389.7579182310077,13.119116742508254,True,0
2339,2015-04-21,391.31,378.4651665285841,-12.844833471415882,12.844833471415882,5.45012046181634,7.1913533907224405,0.045000000000003086,0.045000000000004065,True,False,373.0150460667678,385.65651991930656,12.641473852538752,False,1
2340,2015-04-22,391.91,390.6700143481127,-1.2399856518873094,1.2399856518873094,5.347819804782091,inf,0.04750000000000309,-0.002499999999995936,True,True,385.3221945433306,inf,inf,True,0
2341,2015-04-23,390.21,391.69213876119795,1.482138761197973,-1.482138761197973,5.2353533948385795,inf,0.05000000000000309,4.064457104213659e-15,True,True,386.4567853663594,inf,inf,True,0
2342,2015-04-24,439.0,390.04985025830405,-48.95014974169595,48.95014974169595,5.044237760288581,45.41,0.05250000000000309,0.002500000000004065,True,False,385.00561249801547,435.4598502583041,50.454237760288606,False,1
2343,2015-04-27,443.86,437.0986024728749,-6.761397527125098,6.761397527125098,5.0009625159005395,inf,0.055000000000003095,-0.04499999999999593,True,True,432.0976399569744,inf,inf,True,0
2344,2015-04-28,438.51,443.5586164827758,5.048616482775799,-5.048616482775799,4.889122137728307,inf,0.0575000000000031,-0.04249999999999593,False,True,438.6694943450475,inf,inf,False,1
2345,2015-04-29,426.75,438.46439202336666,11.714392023366656,-11.714392023366656,10.17138112416589,inf,0.010000000000003097,-0.03999999999999593,False,True,428.2930108992008,inf,inf,False,1
2346,2015-04-30,427.11,426.8944411995459,-0.21555880045411868,0.21555880045411868,inf,inf,-0.037499999999996904,-0.037499999999995925,True,True,-inf,inf,inf,True,0
2347,2015-05-01,423.82,426.876830414088,3.056830414087983,-3.056830414087983,inf,inf,-0.0349999999999969,-0.03499999999999592,True,True,-inf,inf,inf,True,0
2348,2015-05-04,424.8,423.70412426914606,-1.0958757308539475,1.0958757308539475,inf,inf,-0.0324999999999969,-0.03249999999999592,True,True,-inf,inf,inf,True,0
2349,2015-05-05,422.85,424.54886480633377,1.698864806333745,-1.698864806333745,inf,inf,-0.029999999999996897,-0.02999999999999592,True,True,-inf,inf,inf,True,0
2350,2015-05-06,421.43,422.6923195741785,1.2623195741784912,-1.2623195741784912,inf,inf,-0.027499999999996895,-0.027499999999995917,True,True,-inf,inf,inf,True,0
2351,2015-05-07,424.15,421.25421402417226,-2.895785975827721,2.895785975827721,inf,inf,-0.024999999999996893,-0.024999999999995914,True,True,-inf,inf,inf,True,0
2352,2015-05-08,430.75,423.84436522939467,-6.905634770605332,6.905634770605332,inf,inf,-0.02249999999999689,-0.022499999999995912,True,True,-inf,inf,inf,True,0
2353,2015-05-11,432.51,430.323785219354,-2.186214780645969,2.186214780645969,inf,inf,-0.01999999999999689,-0.01999999999999591,True,True,-inf,inf,inf,True,0
2354,2015-05-12,431.08,432.23885017959105,1.1588501795910702,-1.1588501795910702,inf,inf,-0.017499999999996886,-0.017499999999995908,True,True,-inf,inf,inf,True,0
2355,2015-05-13,429.98,430.9064961469837,0.926496146983709,-0.926496146983709,inf,inf,-0.014999999999996886,-0.014999999999995907,True,True,-inf,inf,inf,True,0
2356,2015-05-14,429.45,429.7947365070736,0.3447365070736055,-0.3447365070736055,inf,inf,-0.012499999999996885,-0.012499999999995907,True,True,-inf,inf,inf,True,0
2357,2015-05-15,428.0,429.24685642749444,1.2468564274944356,-1.2468564274944356,inf,inf,-0.009999999999996885,-0.009999999999995906,True,True,-inf,inf,inf,True,0
2358,2015-05-18,426.0,427.8255300505818,1.82553005058179,-1.82553005058179,inf,inf,-0.007499999999996884,-0.007499999999995906,True,True,-inf,inf,inf,True,0
2359,2015-05-19,424.87,425.84199914802525,0.9719991480252475,-0.9719991480252475,inf,inf,-0.004999999999996884,-0.004999999999995905,True,True,-inf,inf,inf,True,0
2360,2015-05-20,420.6,424.6844310346708,4.084431034670786,-4.084431034670786,inf,inf,-0.002499999999996883,-0.002499999999995905,True,True,-inf,inf,inf,True,0
2361,2015-05-21,428.0,420.51190798193306,-7.488092018066936,7.488092018066936,inf,inf,3.1172980863303223e-15,4.0956821267812415e-15,True,True,-inf,inf,inf,True,0
2362,2015-05-22,431.55,427.54400990159354,-4.005990098406471,4.005990098406471,16.33779006578817,45.55,0.002500000000003118,0.002500000000004096,True,True,411.20621983580537,473.09400990159355,61.88779006578818,True,0
2363,2015-05-26,426.2,431.2210705170652,5.021070517065198,-5.021070517065198,13.346301063550015,43.55,0.005000000000003118,0.005000000000004097,True,True,417.87476945351517,474.7710705170652,56.89630106355003,True,0
2364,2015-05-27,427.45,426.1470429841811,-1.3029570158188903,1.3029570158188903,11.714392023366656,42.95,0.007500000000003119,0.007500000000004097,True,True,414.43265096081444,469.0970429841811,54.664392023366645,True,0
2365,2015-05-28,429.71,427.1891632791795,-2.520836720820455,2.520836720820455,10.352954255708198,41.612076318755726,0.01000000000000312,0.010000000000004098,True,True,416.8362090234713,468.80123959793525,51.965030574463924,True,0
2366,2015-05-29,427.23,429.41884069135614,2.18884069135612,-2.18884069135612,9.611331133468127,36.98,0.01250000000000312,0.012500000000004098,True,True,419.807509557888,466.39884069135616,46.591331133468145,True,0
2367,2015-06-01,430.4,427.08738205176905,-3.3126179482309226,3.3126179482309226,8.72131187731074,17.118488921674782,0.01500000000000312,0.015000000000004099,True,True,418.3660701744583,444.20587097344384,25.83980079898555,True,0
2368,2015-06-02,430.07,430.0791656137915,0.009165613791481064,-0.009165613791481064,8.324593033907718,12.8116662286115,0.01750000000000312,0.0175000000000041,True,True,421.75457257988376,442.890831842403,21.136259262519218,True,0
2369,2015-06-03,434.4,429.86038161817316,-4.539618381826813,4.539618381826813,7.9171963619482995,11.785986857519788,0.02000000000000312,0.020000000000004098,True,True,421.94318525622487,441.64636847569295,19.703183219468087,True,0
2370,2015-06-04,434.4,434.0429593180737,-0.35704068192626437,0.35704068192626437,7.59001311200177,11.13140085807197,0.02250000000000312,0.0225000000000041,True,True,426.45294620607194,445.1743601761457,18.72141397007374,True,0
2371,2015-06-05,429.66,434.18064022397806,4.5206402239780346,-4.5206402239780346,7.206149293916951,10.236235935950788,0.025000000000003124,0.025000000000004102,True,True,426.9744909300611,444.41687615992885,17.44238522986774,True,0
2372,2015-06-08,425.62,429.5871992138589,3.967199213858919,-3.967199213858919,6.9746818146584815,9.670631632382822,0.027500000000003126,0.027500000000004104,True,True,422.61251739920044,439.25783084624175,16.645313447041303,True,0
2373,2015-06-09,422.96,425.52392616597695,2.563926165976966,-2.563926165976966,6.723469265502757,9.219771232147934,0.03000000000000313,0.030000000000004107,True,True,418.80045690047416,434.7436973981249,15.94324049765072,True,0
2374,2015-06-10,426.46,422.8205913401463,-3.6394086598537,3.6394086598537,6.649482517304989,8.899052843011447,0.03250000000000313,0.03250000000000411,True,True,416.1711088228413,431.7196441831577,15.548535360316407,True,0
2375,2015-06-11,432.29,426.12791345513375,-6.16208654486627,6.16208654486627,6.307734359826526,8.584772167347978,0.03500000000000313,0.03500000000000411,True,True,419.82017909530725,434.71268562248173,14.892506527174476,True,0
2376,2015-06-12,431.25,431.8855685578969,0.6355685578968746,-0.6355685578968746,6.178922081967698,7.815822948360108,0.037500000000003135,0.03750000000000411,True,True,425.7066464759292,439.701391506257,13.994745030327806,True,0
2377,2015-06-15,427.66,431.0616875644198,3.401687564419774,-3.401687564419774,5.901579565597444,7.555838110734385,0.04000000000000314,0.040000000000004116,True,True,425.16010799882235,438.6175256751542,13.45741767633183,True,0
2378,2015-06-16,424.15,427.5500915316419,3.4000915316419196,-3.4000915316419196,5.758737841739219,7.407676093026502,0.04250000000000314,0.04250000000000412,True,True,421.7913536899027,434.9577676246684,13.166413934765728,True,0
2379,2015-06-17,428.36,424.0370354941884,-4.322964505811626,4.322964505811626,5.40617863916691,7.1919732461433625,0.04500000000000314,0.04500000000000412,True,True,418.6308568550215,431.2290087403318,12.598151885310301,True,0
2380,2015-06-18,430.3,428.0057620530652,-2.2942379469347998,2.2942379469347998,5.3429839177990175,7.071300597949119,0.047500000000003144,0.04750000000000412,True,True,422.6627781352662,435.07706265101433,12.414284515748136,True,0
2381,2015-06-19,440.26,430.0172023763736,-10.242797623626416,10.242797623626416,5.231242114160295,6.870571202061143,0.050000000000003146,0.050000000000004124,True,False,424.7859602622133,436.8877735784347,12.10181331622141,False,1
2382,2015-06-22,437.0,439.7247695631684,2.7247695631684223,-2.7247695631684223,5.036240787092794,45.55,0.05250000000000315,0.002500000000004124,True,True,434.6885287760756,485.27476956316843,50.586240787092834,True,0
2383,2015-06-23,435.59,436.8808619068888,1.2908619068888356,-1.2908619068888356,5.0009625159005395,43.55,0.05500000000000315,0.005000000000004124,True,True,431.87989939098827,480.4308619068888,48.55096251590055,True,0
2384,2015-06-24,444.97,435.41204876607895,-9.557951233921074,9.557951233921074,4.889122137728307,42.95,0.05750000000000315,0.007500000000004125,True,True,430.52292662835066,478.36204876607894,47.83912213772828,True,0
2385,2015-06-25,438.07,444.45233882120186,6.38233882120187,-6.38233882120187,4.831146649804751,41.612076318755726,0.060000000000003155,0.010000000000004125,False,True,439.6211921713971,486.0644151399576,46.44322296856046,False,1
2386,2015-06-26,441.76,438.06365154093106,-3.696348459068929,3.696348459068929,9.611331133468127,36.98,0.012500000000003154,0.012500000000004126,True,True,428.45232040746293,475.0436515409311,46.591331133468145,True,0
2387,2015-06-29,434.98,441.4209903176206,6.44099031762056,-6.44099031762056,8.72131187731074,17.118488921674782,0.015000000000003155,0.015000000000004126,True,True,432.69967844030987,458.53947923929536,25.839800798985493,True,0
2388,2015-06-30,434.2,434.9714157532205,0.7714157532205377,-0.7714157532205377,8.324593033907718,12.8116662286115,0.017500000000003155,0.017500000000004127,True,True,426.6468227193128,447.783081981832,21.136259262519218,True,0
2389,2015-07-01,439.35,434.000724865991,-5.349275134009019,5.349275134009019,7.9171963619482995,11.785986857519788,0.020000000000003154,0.020000000000004126,True,True,426.0835285040427,445.7867117235108,19.703183219468087,True,0
2390,2015-07-02,437.0,438.96374216785784,1.9637421678578448,-1.9637421678578448,7.59001311200177,11.13140085807197,0.022500000000003156,0.022500000000004128,True,True,431.3737290558561,450.0951430259298,18.72141397007374,True,0
2391,2015-07-06,435.23,436.85222607668584,1.6222260766858199,-1.6222260766858199,7.206149293916951,10.242797623626416,0.02500000000000316,0.02500000000000413,True,True,429.6460767827689,447.09502370031225,17.448946917543367,True,0
2392,2015-07-07,435.68,435.0630629613675,-0.6169370386324999,0.6169370386324999,6.9746818146584815,9.797875923551942,0.02750000000000316,0.027500000000004132,True,True,428.088381146709,444.86093888491945,16.772557738210423,True,0
2393,2015-07-08,434.35,435.4428118814288,1.0928118814287586,-1.0928118814287586,6.723469265502757,9.332247294948672,0.030000000000003163,0.030000000000004134,True,True,428.71934261592605,444.77505917637745,16.0557165604514,True,0
2394,2015-07-09,434.9,434.16909425601654,-0.7309057439834419,0.7309057439834419,6.649482517304989,8.928094044835348,0.032500000000003165,0.03250000000000414,True,True,427.51961173871155,443.0971883008519,15.577576562140337,True,0
2395,2015-07-10,440.49,434.65939892780176,-5.830601072198249,5.830601072198249,6.38233882120187,8.855407630738071,0.03500000000000317,0.03500000000000414,True,True,428.2770601065999,443.5148065585398,15.237746451939927,True,0
2396,2015-07-13,448.29,440.08905741659675,-8.200942583403275,8.200942583403275,6.237931104631002,7.957321863981775,0.03750000000000317,0.03750000000000414,True,False,433.85112631196574,448.04637928057855,14.195252968612806,False,1
2397,2015-07-14,462.32,447.82008887214135,-14.499911127858638,14.499911127858638,5.937233423078084,inf,0.04000000000000317,-0.00999999999999586,True,True,441.8828554490633,inf,inf,True,0
2398,2015-07-15,463.04,461.6581061652565,-1.3818938347434937,1.3818938347434937,5.871206401475206,inf,0.042500000000003174,-0.007499999999995859,True,True,455.7868997637813,inf,inf,True,0
2399,2015-07-16,465.5,462.8024885118334,-2.697511488166583,2.697511488166583,5.491396381162531,inf,0.045000000000003176,-0.0049999999999958585,True,True,457.3110921306709,inf,inf,True,0
2400,2015-07-17,477.7,465.2042528112212,-12.495747188778807,12.495747188778807,5.364702549197887,inf,0.04750000000000318,-0.002499999999995858,True,True,459.8395502620233,inf,inf,True,0
2401,2015-07-20,492.57,477.1013133732379,-15.468686626762121,15.468686626762121,5.2353533948385795,inf,0.05000000000000318,4.142519660632615e-15,True,True,471.8659599783993,inf,inf,True,0
2402,2015-07-21,487.9,491.9047251256811,4.004725125681148,-4.004725125681148,5.044237760288581,45.41,0.05250000000000318,0.002500000000004143,True,True,486.86048736539254,537.3147251256811,50.45423776028855,True,0
2403,2015-07-22,485.99,487.8366178603069,1.8466178603068784,-1.8466178603068784,5.005796375527723,43.5,0.055000000000003185,0.0050000000000041435,True,True,482.83082148477916,531.3366178603069,48.50579637552772,True,0
2404,2015-07-23,491.66,485.8334292025121,-5.826570797487932,5.826570797487932,4.910447712262339,42.95,0.05750000000000319,0.007500000000004144,True,True,480.92298149024975,528.7834292025121,47.860447712262385,True,0
2405,2015-07-24,578.99,491.27269922654096,-87.71730077345904,87.71730077345904,4.835604855254985,37.61,0.06000000000000319,0.010000000000004144,True,False,486.437094371286,528.8826992265409,42.44560485525494,False,1
2406,2015-07-27,527.75,576.02861139679,48.278611396789984,-48.278611396789984,4.738648175527999,inf,0.06250000000000319,-0.037499999999995856,False,True,571.289963221262,inf,inf,False,1
2407,2015-07-28,536.0,529.3443441832051,-6.655655816794933,6.655655816794933,8.72131187731074,inf,0.015000000000003191,-0.034999999999995854,True,True,520.6230323058943,inf,inf,True,0
2408,2015-07-29,530.92,535.4781469879616,4.558146987961663,-4.558146987961663,8.324593033907718,inf,0.017500000000003194,-0.03249999999999585,True,True,527.1535539540539,inf,inf,True,0
2409,2015-07-30,527.65,530.9293197350647,3.279319735064746,-3.279319735064746,7.9171963619482995,inf,0.020000000000003196,-0.02999999999999585,True,True,523.0121233731164,inf,inf,True,0
2410,2015-07-31,539.09,527.5778807780486,-11.51211922195148,11.51211922195148,7.59001311200177,inf,0.022500000000003198,-0.027499999999995847,True,True,519.9878676660468,inf,inf,True,0
2411,2015-08-03,537.45,538.4488586594946,0.9988586594945446,-0.9988586594945446,7.206149293916951,inf,0.0250000000000032,-0.024999999999995845,True,True,531.2427093655776,inf,inf,True,0
2412,2015-08-04,529.69,537.3298330847958,7.639833084795782,-7.639833084795782,6.9746818146584815,inf,0.027500000000003202,-0.022499999999995843,False,True,530.3551512701374,inf,inf,False,1
2413,2015-08-05,538.8,529.7947525222639,-9.00524747773602,9.00524747773602,inf,inf,-0.019999999999996798,-0.01999999999999584,True,True,-inf,inf,inf,True,0
2414,2015-08-06,539.3,538.2483585725156,-1.0516414274843555,1.0516414274843555,inf,inf,-0.017499999999996796,-0.01749999999999584,True,True,-inf,inf,inf,True,0
2415,2015-08-07,529.16,539.0931714009697,9.93317140096974,-9.93317140096974,inf,inf,-0.014999999999996795,-0.014999999999995838,True,True,-inf,inf,inf,True,0
2416,2015-08-10,528.52,529.3567873351706,0.8367873351705839,-0.8367873351705839,inf,inf,-0.012499999999996795,-0.012499999999995837,True,True,-inf,inf,inf,True,0
2417,2015-08-11,523.65,528.3464557793023,4.696455779302369,-4.696455779302369,inf,inf,-0.009999999999996794,-0.009999999999995837,True,True,-inf,inf,inf,True,0
2418,2015-08-12,523.75,523.6382021095089,-0.11179789049106148,0.11179789049106148,inf,inf,-0.007499999999996794,-0.007499999999995836,True,True,-inf,inf,inf,True,0
2419,2015-08-13,527.37,523.5433971953825,-3.8266028046175506,3.8266028046175506,inf,inf,-0.0049999999999967935,-0.004999999999995836,True,True,-inf,inf,inf,True,0
2420,2015-08-14,528.25,527.027896906163,-1.2221030938369495,1.2221030938369495,inf,inf,-0.002499999999996793,-0.0024999999999958354,True,True,-inf,inf,inf,True,0
2421,2015-08-17,531.29,528.0163415805583,-3.273658419441631,3.273658419441631,inf,inf,3.2075037070811163e-15,4.165071065820314e-15,True,True,-inf,inf,inf,True,0
2422,2015-08-18,535.04,530.9727569223465,-4.067243077653416,4.067243077653416,16.33779006578817,45.55,0.002500000000003208,0.0025000000000041656,True,True,514.6349668565583,576.5227569223465,61.88779006578818,True,0
2423,2015-08-19,533.74,534.6973723720637,0.9573723720636735,-0.9573723720636735,13.346301063550015,43.55,0.0050000000000032085,0.005000000000004166,True,True,521.3510713085136,578.2473723720636,56.89630106355003,True,0
2424,2015-08-20,530.39,533.5942790862097,3.204279086209681,-3.204279086209681,11.714392023366656,42.95,0.007500000000003209,0.0075000000000041665,True,True,521.879887062843,576.5442790862097,54.66439202336676,True,0
2425,2015-08-21,507.36,530.3207978605463,22.960797860546336,-22.960797860546336,10.352954255708198,41.612076318755726,0.01000000000000321,0.010000000000004167,False,True,519.9678436048382,571.9328741793021,51.96503057446387,False,1
2426,2015-08-24,463.58,508.02299274458306,44.44299274458308,-44.44299274458308,inf,36.98,-0.03749999999999679,0.012500000000004167,True,True,-inf,545.002992744583,inf,True,0
2427,2015-08-25,487.49,464.8599415595236,-22.630058440476432,22.630058440476432,inf,17.118488921674782,-0.03499999999999679,0.015000000000004168,True,False,-inf,481.97843048119836,inf,False,1
2428,2015-08-26,484.02,486.33852310679345,2.3185231067934637,-2.3185231067934637,inf,inf,-0.03249999999999679,-0.03249999999999583,True,True,-inf,inf,inf,True,0
2429,2015-08-27,513.71,483.9205516028205,-29.789448397179513,29.789448397179513,inf,inf,-0.029999999999996786,-0.02999999999999583,True,True,-inf,inf,inf,True,0
2430,2015-08-28,517.5,512.2867590657448,-5.213240934255168,5.213240934255168,inf,inf,-0.027499999999996784,-0.027499999999995826,True,True,-inf,inf,inf,True,0
2431,2015-08-31,516.44,517.1782888569312,0.738288856931149,-0.738288856931149,inf,inf,-0.024999999999996782,-0.024999999999995824,True,True,-inf,inf,inf,True,0
2432,2015-09-01,499.14,516.2717152156326,17.131715215632653,-17.131715215632653,inf,inf,-0.02249999999999678,-0.022499999999995822,True,True,-inf,inf,inf,True,0
2433,2015-09-02,505.09,499.57968781223803,-5.51031218776194,5.51031218776194,inf,inf,-0.019999999999996777,-0.01999999999999582,True,True,-inf,inf,inf,True,0
2434,2015-09-03,514.5,504.6158878678049,-9.884112132195128,9.884112132195128,inf,inf,-0.017499999999996775,-0.017499999999995818,True,True,-inf,inf,inf,True,0
2435,2015-09-04,497.65,513.9167692434137,16.266769243413705,-16.266769243413705,inf,inf,-0.014999999999996775,-0.014999999999995817,True,True,-inf,inf,inf,True,0
2436,2015-09-08,508.69,498.08495834033084,-10.605041659669155,10.605041659669155,inf,inf,-0.012499999999996774,-0.012499999999995817,True,True,-inf,inf,inf,True,0
2437,2015-09-09,524.0,508.0140602168732,-15.98593978312681,15.98593978312681,inf,inf,-0.009999999999996774,-0.009999999999995816,True,True,-inf,inf,inf,True,0
2438,2015-09-10,515.15,523.1751161195627,8.025116119562767,-8.025116119562767,inf,inf,-0.007499999999996773,-0.007499999999995816,True,True,-inf,inf,inf,True,0
2439,2015-09-11,521.07,515.2804380095362,-5.789561990463881,5.789561990463881,inf,inf,-0.004999999999996773,-0.004999999999995815,True,True,-inf,inf,inf,True,0
2440,2015-09-14,529.44,520.617709997554,-8.822290002446039,8.822290002446039,inf,inf,-0.002499999999996772,-0.0024999999999958146,True,True,-inf,inf,inf,True,0
2441,2015-09-15,523.25,528.8936562369271,5.643656236927086,-5.643656236927086,inf,inf,3.228320388792838e-15,4.1858877475320355e-15,True,True,-inf,inf,inf,True,0
2442,2015-09-16,521.98,523.2803526263352,1.3003526263352114,-1.3003526263352114,21.80327228429178,45.55,0.002500000000003229,0.0025000000000041864,True,True,501.47708034204345,568.8303526263352,67.35327228429173,True,0
2443,2015-09-17,526.98,521.8171756615455,-5.16282433845447,5.16282433845447,14.962544374099338,43.55,0.005000000000003229,0.005000000000004187,True,True,506.8546312874462,565.3671756615455,58.51254437409932,True,0
2444,2015-09-18,534.62,526.567701239046,-8.052298760954045,8.052298760954045,13.335334764741134,42.95,0.00750000000000323,0.007500000000004187,True,True,513.2323664743049,569.517701239046,56.28533476474115,True,0
2445,2015-09-21,544.33,534.1038147361401,-10.226185263859975,10.226185263859975,11.088085541567068,41.612076318755726,0.01000000000000323,0.010000000000004188,True,True,523.0157291945729,575.7158910548958,52.70016186032285,True,0
2446,2015-09-22,539.71,543.7371135177095,4.027113517709495,-4.027113517709495,10.094873795300316,36.98,0.01250000000000323,0.012500000000004188,True,True,533.6422397224092,580.7171135177095,47.07487379530039,True,0
2447,2015-09-23,538.3,539.6842961265877,1.384296126587742,-1.384296126587742,9.482504891545119,22.630058440476432,0.015000000000003231,0.015000000000004189,True,True,530.2017912350426,562.3143545670641,32.11256333202152,True,0
2448,2015-09-24,530.55,538.1500203485499,7.600020348549947,-7.600020348549947,8.635517421451198,14.499911127858638,0.01750000000000323,0.01750000000000419,True,True,529.5145029270986,552.6499314764085,23.135428549309836,True,0
2449,2015-09-25,542.57,530.6435952188773,-11.926404781122756,11.926404781122756,8.308067839245439,12.762369254078436,0.02000000000000323,0.020000000000004188,True,True,522.3355273796319,543.4059644729557,21.07043709332379,True,0
2450,2015-09-28,520.02,541.881857017462,21.861857017462057,-21.861857017462057,7.851123178345517,11.785986857519788,0.022500000000003233,0.02250000000000419,False,True,534.0307338391165,553.6678438749818,19.637110035865362,False,1
2451,2015-09-29,506.0,520.6953095354022,14.695309535402203,-14.695309535402203,inf,11.224453624913167,-0.024999999999996768,0.025000000000004192,True,True,-inf,531.9197631603154,inf,True,0
2452,2015-09-30,505.44,506.3291415043578,0.8891415043577808,-0.8891415043577808,inf,10.44679085219019,-0.022499999999996766,0.027500000000004195,True,True,-inf,516.775932356548,inf,True,0
2453,2015-10-01,511.0,505.2394067257437,-5.76059327425628,5.76059327425628,inf,10.108808106815047,-0.019999999999996763,0.030000000000004197,True,True,-inf,515.3482148325588,inf,True,0
2454,2015-10-02,512.99,510.55506716325306,-2.4349328367469525,2.4349328367469525,inf,9.653158031471548,-0.01749999999999676,0.0325000000000042,True,True,-inf,520.2082251947246,inf,True,0
2455,2015-10-05,536.99,512.6859431865275,-24.30405681347247,24.30405681347247,inf,9.219771232147934,-0.01499999999999676,0.0350000000000042,True,False,-inf,521.9057144186754,inf,False,1
2456,2015-10-06,545.5,535.8073526935369,-9.692647306463073,9.692647306463073,inf,inf,-0.01249999999999676,-0.0124999999999958,True,True,-inf,inf,inf,True,0
2457,2015-10-07,541.79,544.955759115243,3.165759115243077,-3.165759115243077,inf,inf,-0.00999999999999676,-0.009999999999995799,True,True,-inf,inf,inf,True,0
2458,2015-10-08,536.71,541.7226683971912,5.012668397191192,-5.012668397191192,inf,inf,-0.007499999999996759,-0.007499999999995798,True,True,-inf,inf,inf,True,0
2459,2015-10-09,534.48,536.6952528169066,2.2152528169066272,-2.2152528169066272,inf,inf,-0.004999999999996759,-0.004999999999995798,True,True,-inf,inf,inf,True,0
2460,2015-10-12,539.96,534.3532302425469,-5.606769757453094,5.606769757453094,inf,inf,-0.0024999999999967583,-0.0024999999999957973,True,True,-inf,inf,inf,True,0
2461,2015-10-13,546.26,539.533072286581,-6.726927713418945,6.726927713418945,inf,inf,3.2421981766006525e-15,4.2032349822918036e-15,True,True,-inf,inf,inf,True,0
2462,2015-10-14,551.34,545.8016162410939,-5.538383758906093,5.538383758906093,21.861857017462057,45.55,0.0025000000000032427,0.0025000000000042037,True,True,523.9397592236319,591.3516162410939,67.41185701746201,True,0
2463,2015-10-15,547.75,550.9328376301193,3.182837630119252,-3.182837630119252,15.648951520661825,43.55,0.005000000000003243,0.005000000000004204,True,True,535.2838861094574,594.4828376301192,59.19895152066181,True,0
2464,2015-10-16,565.27,547.6789470600153,-17.591052939984706,17.591052939984706,13.346301063550015,42.95,0.007500000000003244,0.007500000000004205,True,True,534.3326459964653,590.6289470600153,56.296301063550004,True,0
2465,2015-10-19,570.76,564.3767195719452,-6.383280428054832,6.383280428054832,11.714392023366656,41.612076318755726,0.010000000000003244,0.010000000000004205,True,True,552.6623275485786,605.9887958907009,53.326468342122325,True,0
2466,2015-10-20,572.0,570.3465899135174,-1.6534100864826087,1.6534100864826087,10.352954255708198,36.98,0.012500000000003245,0.012500000000004206,True,True,559.9936356578091,607.3265899135174,47.33295425570827,True,0
2467,2015-10-21,563.87,571.7567815278562,7.886781527856215,-7.886781527856215,9.710274197597869,24.30405681347247,0.015000000000003245,0.015000000000004206,True,True,562.0465073302584,596.0608383413287,34.01433101107034,True,0
2468,2015-10-22,562.7,563.9838064921311,1.2838064921310206,-1.2838064921310206,8.72131187731074,14.960966199678893,0.017500000000003246,0.017500000000004207,True,True,555.2624946148203,578.9447726918099,23.682278076989633,True,0
2469,2015-10-23,617.68,562.5460676297919,-55.13393237020807,55.13393237020807,8.324593033907718,12.8116662286115,0.020000000000003244,0.02000000000000421,True,False,554.2214745958842,575.3577338584034,21.136259262519275,False,1
2470,2015-10-26,602.3,615.2766076180816,12.97660761808163,-12.97660761808163,7.9302506630996845,inf,0.022500000000003247,-0.02749999999999579,False,True,607.346356954982,inf,inf,False,1
2471,2015-10-27,608.6,602.6785156149508,-5.921484385049212,5.921484385049212,inf,inf,-0.024999999999996754,-0.02499999999999579,True,True,-inf,inf,inf,True,0
2472,2015-10-28,612.3,608.1876527749386,-4.112347225061399,4.112347225061399,inf,inf,-0.022499999999996752,-0.022499999999995787,True,True,-inf,inf,inf,True,0
2473,2015-10-29,617.7,611.9832539548175,-5.716746045182504,5.716746045182504,inf,inf,-0.01999999999999675,-0.019999999999995785,True,True,-inf,inf,inf,True,0
2474,2015-10-30,626.01,617.3211197098582,-8.68888029014181,8.68888029014181,inf,inf,-0.017499999999996747,-0.017499999999995783,True,True,-inf,inf,inf,True,0
2475,2015-11-02,627.13,625.5201626353241,-1.6098373646758546,1.6098373646758546,inf,inf,-0.014999999999996747,-0.014999999999995782,True,True,-inf,inf,inf,True,0
2476,2015-11-03,629.53,626.9308172090817,-2.599182790918235,2.599182790918235,inf,inf,-0.012499999999996746,-0.012499999999995782,True,True,-inf,inf,inf,True,0
2477,2015-11-04,627.76,629.2853524030186,1.5253524030185872,-1.5253524030185872,inf,inf,-0.009999999999996746,-0.009999999999995781,True,True,-inf,inf,inf,True,0
2478,2015-11-05,647.1,627.6799715983374,-19.42002840166265,19.42002840166265,inf,inf,-0.007499999999996745,-0.007499999999995781,True,True,-inf,inf,inf,True,0
2479,2015-11-06,655.0,646.1807789907884,-8.81922100921156,8.81922100921156,inf,inf,-0.004999999999996745,-0.00499999999999578,True,True,-inf,inf,inf,True,0
2480,2015-11-09,658.65,654.5507427679295,-4.099257232070499,4.099257232070499,inf,inf,-0.0024999999999967444,-0.00249999999999578,True,True,-inf,inf,inf,True,0
2481,2015-11-10,653.0,658.3837281696495,5.383728169649544,-5.383728169649544,inf,inf,3.256075964408467e-15,4.220582217051572e-15,True,True,-inf,inf,inf,True,0
2482,2015-11-11,663.25,653.0996877176474,-10.150312282352616,10.150312282352616,21.861857017462057,46.16,0.0025000000000032566,0.002500000000004221,True,True,631.2378307001853,699.2596877176474,68.02185701746203,True,0
2483,2015-11-12,673.0,662.7256258793462,-10.27437412065376,10.27437412065376,15.648951520661825,43.76,0.005000000000003257,0.0050000000000042216,True,True,647.0766743586844,706.4856258793462,59.408951520661844,True,0
2484,2015-11-13,663.57,672.5011016382196,8.931101638219502,-8.931101638219502,13.346301063550015,43.05,0.0075000000000032575,0.007500000000004222,True,True,659.1548005746695,715.5511016382195,56.39630106355003,True,0
2485,2015-11-16,640.92,663.8265622870344,22.90656228703449,-22.90656228703449,12.198762425887196,42.19,0.010000000000003258,0.010000000000004223,False,True,651.6277998611472,706.0165622870345,54.38876242588731,False,1
2486,2015-11-17,650.65,641.673669111491,-8.976330888508983,8.976330888508983,inf,36.98,-0.037499999999996744,0.012500000000004223,True,True,-inf,678.653669111491,inf,True,0
2487,2015-11-18,646.51,650.1487907295334,3.6387907295334116,-3.6387907295334116,inf,24.30405681347247,-0.03499999999999674,0.015000000000004223,True,True,-inf,674.4528475430059,inf,True,0
2488,2015-11-19,664.99,646.5299269449647,-18.46007305503531,18.46007305503531,inf,15.98593978312681,-0.03249999999999674,0.017500000000004224,True,False,-inf,662.5158667280915,inf,False,1
2489,2015-11-20,663.95,664.122444184257,0.1724441842569604,-0.1724441842569604,inf,inf,-0.029999999999996738,-0.029999999999995777,True,True,-inf,inf,inf,True,0
2490,2015-11-23,671.5,663.8610683880255,-7.638931611974499,7.638931611974499,inf,inf,-0.027499999999996735,-0.027499999999995778,True,True,-inf,inf,inf,True,0
2491,2015-11-24,674.14,671.0853379265719,-3.0546620734280623,3.0546620734280623,inf,inf,-0.024999999999996733,-0.024999999999995776,True,True,-inf,inf,inf,True,0
2492,2015-11-25,675.0,673.9228196423636,-1.0771803576363936,1.0771803576363936,inf,inf,-0.02249999999999673,-0.022499999999995773,True,True,-inf,inf,inf,True,0
2493,2015-11-27,680.8,674.8575503006548,-5.942449699345161,5.942449699345161,inf,inf,-0.01999999999999673,-0.01999999999999577,True,True,-inf,inf,inf,True,0
2494,2015-11-30,675.9,680.4652677432093,4.565267743209347,-4.565267743209347,inf,inf,-0.017499999999996727,-0.01749999999999577,True,True,-inf,inf,inf,True,0
2495,2015-12-01,673.75,675.9868521039584,2.2368521039584266,-2.2368521039584266,inf,inf,-0.014999999999996726,-0.014999999999995768,True,True,-inf,inf,inf,True,0
2496,2015-12-02,681.0,673.7281443684722,-7.271855631527842,7.271855631527842,inf,inf,-0.012499999999996726,-0.012499999999995768,True,True,-inf,inf,inf,True,0
2497,2015-12-03,679.44,680.605114019088,1.1651140190879232,-1.1651140190879232,inf,inf,-0.009999999999996725,-0.009999999999995767,True,True,-inf,inf,inf,True,0
2498,2015-12-04,666.0,679.3935439829462,13.393543982946198,-13.393543982946198,inf,inf,-0.0074999999999967246,-0.007499999999995767,True,True,-inf,inf,inf,True,0
2499,2015-12-07,674.74,666.4141162662944,-8.32588373370561,8.32588373370561,inf,inf,-0.004999999999996724,-0.0049999999999957665,True,True,-inf,inf,inf,True,0
2500,2015-12-08,663.13,674.2805361295258,11.15053612952579,-11.15053612952579,inf,inf,-0.0024999999999967236,-0.002499999999995766,True,True,-inf,inf,inf,True,0
2501,2015-12-09,678.0,663.4641103442289,-14.535889655771143,14.535889655771143,inf,inf,3.2768926461201886e-15,4.234460004859386e-15,True,True,-inf,inf,inf,True,0
2502,2015-12-10,665.59,677.2802460216994,11.690246021699409,-11.690246021699409,22.90656228703449,46.16,0.0025000000000032774,0.002500000000004235,True,True,654.373683734665,723.4402460216994,69.06656228703446,True,0
2503,2015-12-11,651.23,665.9641916148157,14.7341916148157,-14.7341916148157,16.266769243413705,43.76,0.005000000000003278,0.005000000000004235,True,True,649.697422371402,709.7241916148157,60.026769243413696,True,0
2504,2015-12-14,641.75,651.6692584013543,9.919258401354341,-9.919258401354341,13.72033565449459,43.05,0.007500000000003278,0.007500000000004236,True,True,637.9489227468598,694.7192584013543,56.77033565449449,True,0
2505,2015-12-15,665.03,641.9788276869057,-23.0511723130943,23.0511723130943,12.728566661525036,41.612076318755726,0.010000000000003279,0.010000000000004236,True,True,629.2502610253806,683.5909040056614,54.34064298028079,True,0
2506,2015-12-16,663.56,663.9386847538256,0.37868475382560973,-0.37868475382560973,11.15053612952579,36.98,0.01250000000000328,0.012500000000004237,True,True,652.7881486242998,700.9186847538256,48.13053612952581,True,0
2507,2015-12-17,680.0,663.46951526636,-16.530484733640037,16.530484733640037,10.17138112416589,24.30405681347247,0.01500000000000328,0.015000000000004237,True,True,653.298134142194,687.7735720798324,34.47543793763839,True,0
2508,2015-12-18,668.65,679.2051741715534,10.555174171553404,-10.555174171553404,9.710274197597869,17.431662177681503,0.01750000000000328,0.017500000000004238,False,True,669.4948999739555,696.6368363492348,27.14193637527933,False,1
2509,2015-12-21,668.5,668.9800361477786,0.4800361477786055,-0.4800361477786055,inf,14.499911127858638,-0.02999999999999672,0.020000000000004237,True,True,-inf,683.4799472756372,inf,True,0
2510,2015-12-22,666.83,668.3783246513636,1.5483246513636004,-1.5483246513636004,inf,12.762369254078436,-0.02749999999999672,0.02250000000000424,True,True,-inf,681.140693905442,inf,True,0
2511,2015-12-23,666.5,666.7654295653242,0.2654295653242116,-0.2654295653242116,inf,11.926404781122756,-0.02499999999999672,0.02500000000000424,True,True,-inf,678.691834346447,inf,True,0
2512,2015-12-24,663.35,666.3795375748085,3.0295375748085007,-3.0295375748085007,inf,11.224453624913167,-0.022499999999996717,0.027500000000004243,True,True,-inf,677.6039911997217,inf,True,0
2513,2015-12-28,665.56,663.3404526028879,-2.2195473971120236,2.2195473971120236,inf,10.44679085219019,-0.019999999999996715,0.030000000000004245,True,True,-inf,673.7872434550782,inf,True,0
2514,2015-12-29,677.98,665.3325738113342,-12.647426188665804,12.647426188665804,inf,10.226185263859975,-0.017499999999996713,0.03250000000000425,True,False,-inf,675.5587590751942,inf,False,1
2515,2015-12-30,691.89,677.3412482351705,-14.54875176482949,14.54875176482949,inf,inf,-0.014999999999996712,-0.014999999999995753,True,True,-inf,inf,inf,True,0
2516,2015-12-31,686.08,691.2059034587782,5.125903458778112,-5.125903458778112,inf,inf,-0.012499999999996712,-0.012499999999995752,True,True,-inf,inf,inf,True,0
2517,2016-01-04,656.29,686.1975895058232,29.90758950582324,-29.90758950582324,inf,inf,-0.009999999999996711,-0.009999999999995752,True,True,-inf,inf,inf,True,0
2518,2016-01-05,646.86,657.3308069850444,10.470806985044419,-10.470806985044419,inf,inf,-0.007499999999996711,-0.007499999999995751,True,True,-inf,inf,inf,True,0
2519,2016-01-06,622.0,647.0946702460058,25.094670246005762,-25.094670246005762,inf,inf,-0.00499999999999671,-0.004999999999995751,True,True,-inf,inf,inf,True,0
2520,2016-01-07,621.8,622.7826777858526,0.9826777858526157,-0.9826777858526157,inf,inf,-0.0024999999999967097,-0.0024999999999957504,True,True,-inf,inf,inf,True,0
2521,2016-01-08,619.66,621.6106316249968,1.950631624996845,-1.950631624996845,inf,inf,3.290770433928003e-15,4.250072516143177e-15,True,True,-inf,inf,inf,True,0
2522,2016-01-11,612.48,619.5553980622054,7.075398062205409,-7.075398062205409,25.094670246005762,46.16,0.0025000000000032913,0.0025000000000042506,True,True,594.4607278161997,665.7153980622054,71.25467024600573,True,0
2523,2016-01-12,625.25,612.5673297845914,-12.68267021540862,12.68267021540862,17.131715215632653,43.76,0.005000000000003292,0.005000000000004251,True,True,595.4356145689587,656.3273297845914,60.891715215632644,True,0
2524,2016-01-13,620.88,624.5454097288987,3.6654097288986804,-3.6654097288986804,14.695309535402203,43.05,0.007500000000003292,0.0075000000000042515,True,True,609.8501001934965,667.5954097288986,57.74530953540216,True,0
2525,2016-01-14,580.25,620.8702391132514,40.62023911325139,-40.62023911325139,13.335334764741134,41.612076318755726,0.010000000000003293,0.010000000000004252,False,True,607.5349043485103,662.4823154320071,54.94741108349683,False,1
2526,2016-01-15,572.24,581.5942700262704,9.354270026270342,-9.354270026270342,inf,36.98,-0.03749999999999671,0.012500000000004253,True,True,-inf,618.5742700262704,inf,True,0
2527,2016-01-19,577.09,572.3337443726389,-4.756255627361156,4.756255627361156,inf,24.30405681347247,-0.03499999999999671,0.015000000000004253,True,True,-inf,596.6378011861113,inf,True,0
2528,2016-01-20,564.36,576.6818975718218,12.32189757182175,-12.32189757182175,inf,17.118488921674782,-0.032499999999996705,0.017500000000004255,True,True,-inf,593.8003864934965,inf,True,0
2529,2016-01-21,573.58,564.624596494353,-8.955403505647041,8.955403505647041,inf,14.535889655771143,-0.029999999999996703,0.020000000000004257,True,True,-inf,579.1604861501241,inf,True,0
2530,2016-01-22,588.73,572.992749456754,-15.737250543245977,15.737250543245977,inf,12.8116662286115,-0.0274999999999967,0.02250000000000426,True,False,-inf,585.8044156853655,inf,False,1
2531,2016-01-25,597.99,587.9060228245577,-10.083977175442328,10.083977175442328,inf,inf,-0.0249999999999967,-0.02499999999999574,True,True,-inf,inf,inf,True,0
2532,2016-01-26,603.45,597.4078443356373,-6.042155664362781,6.042155664362781,inf,inf,-0.022499999999996696,-0.02249999999999574,True,True,-inf,inf,inf,True,0
2533,2016-01-27,601.99,603.0253784755248,1.0353784755247943,-1.0353784755247943,inf,inf,-0.019999999999996694,-0.019999999999995736,True,True,-inf,inf,inf,True,0
2534,2016-01-28,608.37,601.8351058677003,-6.534894132299655,6.534894132299655,inf,inf,-0.017499999999996692,-0.017499999999995734,True,True,-inf,inf,inf,True,0
2535,2016-01-29,571.98,607.9147563102615,35.93475631026149,-35.93475631026149,inf,inf,-0.014999999999996691,-0.014999999999995734,True,True,-inf,inf,inf,True,0
2536,2016-02-01,578.15,573.136970580477,-5.013029419522923,5.013029419522923,inf,inf,-0.01249999999999669,-0.012499999999995733,True,True,-inf,inf,inf,True,0
2537,2016-02-02,570.0,577.6840003754926,7.684000375492587,-7.684000375492587,inf,inf,-0.00999999999999669,-0.009999999999995733,True,True,-inf,inf,inf,True,0
2538,2016-02-03,553.5,570.0931815044285,16.593181504428458,-16.593181504428458,inf,inf,-0.00749999999999669,-0.007499999999995732,True,True,-inf,inf,inf,True,0
2539,2016-02-04,525.0,553.9020510523171,28.90205105231712,-28.90205105231712,inf,inf,-0.004999999999996689,-0.004999999999995732,True,True,-inf,inf,inf,True,0
2540,2016-02-05,529.28,525.81046124449,-3.469538755509916,3.469538755509916,inf,inf,-0.002499999999996689,-0.0024999999999957313,True,True,-inf,inf,inf,True,0
2541,2016-02-08,486.47,528.8534738044783,42.383473804478285,-42.383473804478285,inf,inf,3.3115871156397247e-15,4.269154474378922e-15,True,True,-inf,inf,inf,True,0
2542,2016-02-09,478.01,487.8290451925507,9.819045192550732,-9.819045192550732,34.7120327640111,46.16,0.002500000000003312,0.0025000000000042696,True,True,453.1170124285396,533.9890451925507,80.87203276401112,True,0
2543,2016-02-10,491.76,477.95332531885526,-13.806674681144727,13.806674681144727,22.90656228703449,43.76,0.0050000000000033126,0.00500000000000427,True,True,455.0467630318208,521.7133253188553,66.66656228703448,True,0
2544,2016-02-11,491.17,490.96299244661253,-0.20700755338748422,0.20700755338748422,16.266769243413705,42.95,0.007500000000003313,0.007500000000004271,True,True,474.6962232031988,533.9129924466125,59.216769243413694,True,0
2545,2016-02-12,510.7,490.96616838847785,-19.733831611522135,19.733831611522135,13.72033565449459,41.612076318755726,0.010000000000003314,0.010000000000004271,True,True,477.24583273398326,532.5782447072336,55.332411973250316,True,0
2546,2016-02-16,519.48,509.6878960829203,-9.792103917079714,9.792103917079714,12.97660761808163,36.98,0.012500000000003314,0.012500000000004272,True,True,496.7112884648387,546.6678960829203,49.95660761808159,True,0
2547,2016-02-17,528.74,518.9424110078801,-9.797588992119927,9.797588992119927,11.535116995791213,23.0511723130943,0.015000000000003315,0.015000000000004272,True,True,507.40729401208887,541.9935833209744,34.58628930888551,True,0
2548,2016-02-18,541.19,528.164324274026,-13.02567572597411,13.02567572597411,10.470806985044419,17.431662177681503,0.017500000000003315,0.017500000000004273,True,True,517.6935172889815,545.5959864517074,27.90246916272588,True,0
2549,2016-02-19,520.71,540.50074759269,19.790747592689968,-19.790747592689968,9.922509939345616,14.960966199678893,0.020000000000003314,0.02000000000000427,False,True,530.5782376533443,555.4617137923689,24.883476139024538,False,1
2550,2016-02-22,542.2,521.2518753472982,-20.948124652701836,20.948124652701836,inf,13.17420768622219,-0.027499999999996687,0.022500000000004274,True,False,-inf,534.4260830335204,inf,False,1
2551,2016-02-23,555.55,541.0402090721615,-14.50979092783848,14.50979092783848,inf,inf,-0.024999999999996685,-0.024999999999995727,True,True,-inf,inf,inf,True,0
2552,2016-02-24,545.75,554.846406960779,9.09640696077895,-9.09640696077895,inf,inf,-0.022499999999996682,-0.022499999999995725,True,True,-inf,inf,inf,True,0
2553,2016-02-25,555.52,545.9042423808742,-9.615757619125816,9.615757619125816,inf,inf,-0.01999999999999668,-0.019999999999995723,True,True,-inf,inf,inf,True,0
2554,2016-02-26,560.12,554.872428985494,-5.247571014505979,5.247571014505979,inf,inf,-0.017499999999996678,-0.01749999999999572,True,True,-inf,inf,inf,True,0
2555,2016-02-29,554.0,559.7212323221221,5.721232322122091,-5.721232322122091,inf,inf,-0.014999999999996677,-0.01499999999999572,True,True,-inf,inf,inf,True,0
2556,2016-03-01,556.29,553.999013945856,-2.290986054144014,2.290986054144014,inf,inf,-0.012499999999996677,-0.01249999999999572,True,True,-inf,inf,inf,True,0
2557,2016-03-02,581.75,555.9434879052538,-25.806512094746154,25.806512094746154,inf,inf,-0.009999999999996676,-0.009999999999995719,True,True,-inf,inf,inf,True,0
2558,2016-03-03,577.96,580.5170480591926,2.557048059192539,-2.557048059192539,inf,inf,-0.007499999999996676,-0.007499999999995718,True,True,-inf,inf,inf,True,0
2559,2016-03-04,581.07,577.915347486619,-3.154652513381052,3.154652513381052,inf,inf,-0.0049999999999966755,-0.004999999999995718,True,True,-inf,inf,inf,True,0
2560,2016-03-07,573.54,580.7049018978346,7.164901897834625,-7.164901897834625,inf,inf,-0.002499999999996675,-0.0024999999999957175,True,True,-inf,inf,inf,True,0
2561,2016-03-08,557.87,573.5948941807612,15.724894180761225,-15.724894180761225,inf,inf,3.3254649034475392e-15,4.283032262186737e-15,True,True,-inf,inf,inf,True,0
2562,2016-03-09,559.56,558.2036147095861,-1.3563852904138685,1.3563852904138685,34.7120327640111,46.16,0.002500000000003326,0.0025000000000042835,True,True,523.491581945575,604.363614709586,80.87203276401101,True,0
2563,2016-03-10,566.74,559.2189165371732,-7.521083462826823,7.521083462826823,22.90656228703449,43.76,0.0050000000000033264,0.005000000000004284,True,True,536.3123542501387,602.9789165371732,66.66656228703448,True,0
2564,2016-03-11,566.95,566.2213815419458,-0.7286184580542567,0.7286184580542567,16.33779006578817,42.95,0.007500000000003327,0.0075000000000042845,True,True,549.8835914761576,609.1713815419458,59.28779006578827,True,0
2565,2016-03-14,567.0,566.7104736876698,-0.28952631233016746,0.28952631233016746,14.695309535402203,41.612076318755726,0.010000000000003327,0.010000000000004285,True,True,552.0151641522676,608.3225500064256,56.30738585415793,True,0
2566,2016-03-15,571.0,566.7542426553193,-4.245757344680669,4.245757344680669,13.335334764741134,36.7,0.012500000000003328,0.012500000000004285,True,True,553.4189078905782,603.4542426553194,50.03533476474115,True,0
2567,2016-03-16,576.64,570.6026504659924,-6.037349534007603,6.037349534007603,11.714392023366656,24.30405681347247,0.015000000000003328,0.015000000000004286,True,True,558.8882584426258,594.9067072794649,36.01844883683907,True,0
2568,2016-03-17,569.51,576.1879314864906,6.677931486490593,-6.677931486490593,10.752487596655897,18.46007305503531,0.01750000000000333,0.017500000000004286,True,True,565.4354438898347,594.6480045415259,29.212560651691206,True,0
2569,2016-03-18,560.94,569.5479736412557,8.607973641255626,-8.607973641255626,9.93317140096974,15.468686626762121,0.020000000000003328,0.020000000000004285,True,True,559.6148022402859,585.0166602680179,25.40185802773192,True,0
2570,2016-03-21,548.91,561.0080140823641,12.098014082364102,-12.098014082364102,9.611331133468127,13.973324868287676,0.02250000000000333,0.022500000000004287,False,True,551.3966829488959,574.9813389506518,23.58465600175589,False,1
2571,2016-03-22,545.11,549.0988490047124,3.9888490047123923,-3.9888490047123923,inf,12.762369254078436,-0.02499999999999667,0.02500000000000429,True,True,-inf,561.8612182587908,inf,True,0
2572,2016-03-23,561.0,544.9807184958878,-16.0192815041122,16.0192815041122,inf,12.105808063873866,-0.02249999999999667,0.027500000000004292,True,False,-inf,557.0865265597616,inf,False,1
2573,2016-03-24,567.11,560.1308878755026,-6.979112124497419,6.979112124497419,inf,inf,-0.019999999999996666,-0.01999999999999571,True,True,-inf,inf,inf,True,0
2574,2016-03-28,584.4,566.6534318693972,-17.746568130602782,17.746568130602782,inf,inf,-0.017499999999996664,-0.017499999999995706,True,True,-inf,inf,inf,True,0
2575,2016-03-29,580.15,583.5075829852374,3.3575829852374,-3.3575829852374,inf,inf,-0.014999999999996664,-0.014999999999995706,True,True,-inf,inf,inf,True,0
2576,2016-03-30,596.71,580.1003967502744,-16.609603249725637,16.609603249725637,inf,inf,-0.012499999999996663,-0.012499999999995706,True,True,-inf,inf,inf,True,0
2577,2016-03-31,599.28,595.8243960527258,-3.4556039472741986,3.4556039472741986,inf,inf,-0.009999999999996663,-0.009999999999995705,True,True,-inf,inf,inf,True,0
2578,2016-04-01,590.49,598.9854067094905,8.495406709490453,-8.495406709490453,inf,inf,-0.007499999999996662,-0.0074999999999957045,True,True,-inf,inf,inf,True,0
2579,2016-04-04,599.0,590.5863908471972,-8.413609152802792,8.413609152802792,inf,inf,-0.004999999999996662,-0.004999999999995704,True,True,-inf,inf,inf,True,0
2580,2016-04-05,590.77,598.4176897490383,7.6476897490383635,-7.6476897490383635,inf,inf,-0.002499999999996661,-0.0024999999999957036,True,True,-inf,inf,inf,True,0
2581,2016-04-06,587.52,590.8603449167714,3.3403449167714143,-3.3403449167714143,inf,inf,3.3393426912553537e-15,4.296910049994551e-15,True,True,-inf,inf,inf,True,0
2582,2016-04-07,598.76,587.3832393188723,-11.376760681127735,11.376760681127735,34.7120327640111,46.16,0.00250000000000334,0.0025000000000042974,True,True,552.6712065548611,633.5432393188722,80.87203276401112,True,0
2583,2016-04-08,594.32,598.0817308213166,3.761730821316519,-3.761730821316519,22.90656228703449,43.76,0.00500000000000334,0.005000000000004298,True,True,575.1751685342821,641.8417308213166,66.66656228703448,True,0
2584,2016-04-11,596.14,594.2723933859734,-1.867606614026613,1.867606614026613,16.33779006578817,42.95,0.007500000000003341,0.007500000000004298,True,True,577.9346033201853,637.2223933859734,59.28779006578816,True,0
2585,2016-04-12,598.4,595.821114477281,-2.5788855227190197,2.5788855227190197,14.695309535402203,41.612076318755726,0.010000000000003341,0.010000000000004299,True,True,581.1258049418788,637.4331907960367,56.30738585415793,True,0
2586,2016-04-13,607.68,598.0779949400473,-9.602005059952603,9.602005059952603,13.335334764741134,36.7,0.012500000000003342,0.0125000000000043,True,True,584.7426601753062,634.7779949400474,50.03533476474115,True,0
2587,2016-04-14,615.07,607.0918132622047,-7.97818673779534,7.97818673779534,12.098014082364102,24.30405681347247,0.015000000000003342,0.0150000000000043,True,True,594.9937991798406,631.3958700756772,36.40207089583657,True,0
2588,2016-04-15,621.92,614.5744018401824,-7.345598159817541,7.345598159817541,10.752487596655897,17.746568130602782,0.017500000000003343,0.0175000000000043,True,True,603.8219142435265,632.3209699707852,28.49905572725868,True,0
2589,2016-04-18,625.35,621.445545427093,-3.9044545729070705,3.9044545729070705,10.094873795300316,16.0192815041122,0.02000000000000334,0.0200000000000043,True,True,611.3506716317927,637.4648269312052,26.11415529941246,True,0
2590,2016-04-19,637.14,625.0073795312469,-12.132620468753089,12.132620468753089,9.611331133468127,14.50979092783848,0.022500000000003344,0.0225000000000043,True,True,615.3960483977787,639.5171704590854,24.121122061306664,True,0
2591,2016-04-20,630.0,636.4753144271843,6.475314427184344,-6.475314427184344,8.82209149900882,13.02567572597411,0.025000000000003346,0.025000000000004304,True,True,627.6532229281755,649.5009901531585,21.84776722498293,True,0
2592,2016-04-21,631.0,630.0723831974334,-0.9276168025666038,0.9276168025666038,8.52262168284659,12.408820474369577,0.027500000000003348,0.027500000000004306,True,True,621.5497615145869,642.481203671803,20.93144215721611,True,0
2593,2016-04-22,624.47,630.7194551281124,6.249455128112345,-6.249455128112345,8.25200881534488,11.785986857519788,0.03000000000000335,0.030000000000004308,True,True,622.4674463127675,642.5054419856322,20.037995672864668,True,0
2594,2016-04-25,616.61,624.4902149028261,7.880214902826083,-7.880214902826083,7.851123178345517,11.224453624913167,0.03250000000000335,0.03250000000000431,False,True,616.6390917244805,635.7146685277393,19.07557680325874,False,1
2595,2016-04-26,626.17,616.6570835167859,-9.512916483214099,9.512916483214099,inf,10.44679085219019,-0.014999999999996648,0.03500000000000431,True,True,-inf,627.103874368976,inf,True,0
2596,2016-04-27,611.8,625.5546585375574,13.754658537557475,-13.754658537557475,inf,10.150312282352616,-0.012499999999996647,0.037500000000004315,True,True,-inf,635.70497081991,inf,True,0
2597,2016-04-28,615.54,612.1305834415801,-3.409416558419821,3.409416558419821,inf,9.797875923551942,-0.009999999999996647,0.04000000000000432,True,True,-inf,621.9284593651321,inf,True,0
2598,2016-04-29,666.0,615.1238981345731,-50.876101865426904,50.876101865426904,inf,9.602005059952603,-0.0074999999999966465,0.04250000000000432,True,False,-inf,624.7259031945257,inf,False,1
2599,2016-05-02,663.92,663.7980445336436,-0.12195546635632581,0.12195546635632581,inf,inf,-0.004999999999996646,-0.0049999999999956815,True,True,-inf,inf,inf,True,0
2600,2016-05-03,677.36,663.867526769431,-13.492473230568976,13.492473230568976,inf,inf,-0.0024999999999966455,-0.002499999999995681,True,True,-inf,inf,inf,True,0
2601,2016-05-04,662.59,676.6372640312243,14.047264031224245,-14.047264031224245,inf,inf,3.354955202539145e-15,4.31946145518225e-15,True,True,-inf,inf,inf,True,0
2602,2016-05-05,673.31,662.9722909160419,-10.337709083958089,10.337709083958089,34.7120327640111,46.47,0.0025000000000033554,0.00250000000000432,True,True,628.2602581520307,709.4422909160419,81.18203276401118,True,0
2603,2016-05-06,656.05,672.6513847413328,16.601384741332822,-16.601384741332822,21.861857017462057,43.76,0.005000000000003356,0.00500000000000432,True,True,650.7895277238707,716.4113847413328,65.62185701746205,True,0
2604,2016-05-09,673.95,656.525054766713,-17.424945233287076,17.424945233287076,16.593181504428458,43.05,0.007500000000003356,0.007500000000004321,True,True,639.9318732622845,699.5750547667129,59.64318150442841,True,0
2605,2016-05-10,694.0,672.9808275543886,-21.01917244561139,21.01917244561139,14.695309535402203,41.612076318755726,0.010000000000003357,0.010000000000004321,True,True,658.2855180189864,714.5929038731443,56.30738585415793,True,0
2606,2016-05-11,705.79,693.0712799017465,-12.71872009825347,12.71872009825347,13.393543982946198,36.98,0.012500000000003357,0.012500000000004322,True,True,679.6777359188003,730.0512799017465,50.37354398294622,True,0
2607,2016-05-12,717.38,705.2128482056344,-12.167151794365623,12.167151794365623,12.32189757182175,24.30405681347247,0.015000000000003358,0.015000000000004322,True,True,692.8909506338126,729.5169050191068,36.62595438529422,True,0
2608,2016-05-13,714.64,716.8009196348104,2.160919634810398,-2.160919634810398,11.15053612952579,19.42002840166265,0.01750000000000336,0.017500000000004325,True,True,705.6503835052846,736.220948036473,30.570564531188438,True,0
2609,2016-05-16,710.13,714.6084271270811,4.4784271270810905,-4.4784271270810905,10.352954255708198,16.609603249725637,0.020000000000003362,0.020000000000004327,True,True,704.2554728713728,731.2180303768067,26.962557505433892,True,0
2610,2016-05-17,709.9,710.1158588882424,0.21585888824245103,-0.21585888824245103,9.91020213890016,14.960966199678893,0.022500000000003365,0.02250000000000433,True,True,700.2056567493423,725.0768250879213,24.87116833857897,True,0
2611,2016-05-18,689.56,709.7159055840089,20.155905584008906,-20.155905584008906,9.092261705948445,13.725655545674073,0.025000000000003367,0.02500000000000433,False,True,700.6236438780604,723.4415611296829,22.817917251622475,False,1
2612,2016-05-19,691.88,690.1297553460471,-1.7502446539529046,1.7502446539529046,inf,12.762369254078436,-0.022499999999996634,0.027500000000004333,True,True,-inf,702.8921246001255,inf,True,0
2613,2016-05-20,701.05,691.5298772267505,-9.520122773249454,9.520122773249454,inf,12.167151794365623,-0.01999999999999663,0.030000000000004336,True,True,-inf,703.6970290211161,inf,True,0
2614,2016-05-23,704.25,700.5142050253521,-3.735794974647888,3.735794974647888,inf,11.697837578350288,-0.01749999999999663,0.03250000000000434,True,True,-inf,712.2120426037025,inf,True,0
2615,2016-05-24,698.01,703.9679788777827,5.957978877782693,-5.957978877782693,inf,11.13140085807197,-0.014999999999996629,0.03500000000000434,True,True,-inf,715.0993797358547,inf,True,0
2616,2016-05-25,708.0,698.0644590258793,-9.935540974120727,9.935540974120727,inf,10.337709083958089,-0.012499999999996628,0.03750000000000434,True,True,-inf,708.4021681098374,inf,True,0
2617,2016-05-26,708.33,707.410223825071,-0.9197761749290976,0.9197761749290976,inf,10.150312282352616,-0.009999999999996628,0.040000000000004345,True,True,-inf,717.5605361074236,inf,True,0
2618,2016-05-27,715.0,708.1617741717247,-6.838225828275313,6.838225828275313,inf,9.797875923551942,-0.007499999999996627,0.04250000000000435,True,True,-inf,717.9596500952766,inf,True,0
2619,2016-05-31,712.33,714.5637756781923,2.2337756781922735,-2.2337756781922735,inf,9.615757619125816,-0.004999999999996627,0.04500000000000435,True,True,-inf,724.1795332973181,inf,True,0
2620,2016-06-01,720.9,712.2694114515826,-8.630588548417336,8.630588548417336,inf,9.332247294948672,-0.0024999999999966264,0.04750000000000435,True,True,-inf,721.6016587465313,inf,True,0
2621,2016-06-02,720.97,720.3844228554638,-0.5855771445362734,0.5855771445362734,inf,8.976330888508983,3.3740371607748898e-15,0.05000000000000435,True,True,-inf,729.3607537439727,inf,True,0
2622,2016-06-03,726.74,720.8172177512453,-5.922782248754743,5.922782248754743,34.7120327640111,8.88133423138521,0.0025000000000033745,0.052500000000004356,True,True,686.1051849872342,729.6985519826305,43.59336699539631,True,0
2623,2016-06-06,726.5,726.3456645667509,-0.15433543324911625,0.15433543324911625,21.861857017462057,8.598641752915853,0.005000000000003375,0.05500000000000436,True,True,704.4838075492888,734.9443063196668,30.460498770377967,True,0
2624,2016-06-07,729.89,726.3544239889247,-3.53557601107525,3.53557601107525,16.601384741332822,8.32588373370561,0.0075000000000033755,0.05750000000000436,True,True,709.7530392475919,734.6803077226303,24.92726847503843,True,0
2625,2016-06-08,726.4,729.5882355336762,3.1882355336762203,-3.1882355336762203,14.7341916148157,7.775193047983606,0.010000000000003376,0.06000000000000436,True,True,714.8540439188605,737.3634285816598,22.509384662799334,True,0
2626,2016-06-09,723.1,726.3699960308525,3.2699960308524396,-3.2699960308524396,13.705209885036027,7.547535706977214,0.012500000000003376,0.06250000000000436,True,True,712.6647861458164,733.9175317378297,21.252745592013298,True,0
2627,2016-06-10,722.35,723.0372735904382,0.687273590438167,-0.687273590438167,12.501411788758048,7.407676093026502,0.015000000000003377,0.06500000000000436,True,True,710.5358618016801,730.4449496834646,19.909087881784558,True,0
2628,2016-06-13,714.01,722.1887147856012,8.178714785601187,-8.178714785601187,11.535116995791213,7.265851392823549,0.017500000000003377,0.06750000000000436,True,True,710.65359778981,729.4545661784248,18.80096838861482,True,0
2629,2016-06-14,712.33,714.1381848459412,1.8081848459411276,-1.8081848459411276,10.455853776570734,7.075858099101708,0.020000000000003376,0.07000000000000436,True,True,703.6823310693704,721.2140429450428,17.531711875672386,True,0
2630,2016-06-15,722.0,712.177958411729,-9.822041588270963,9.822041588270963,9.91020213890016,6.905634770605332,0.02250000000000338,0.07250000000000437,True,False,702.2677562728288,719.0835931823344,16.815836909505606,False,1
2631,2016-06-16,712.05,721.4387549618151,9.388754961815152,-9.388754961815152,9.09640696077895,13.725655545674073,0.02500000000000338,0.025000000000004366,False,True,712.3423480010362,735.1644105074892,22.822062506452994,False,1
2632,2016-06-17,718.19,712.2689719824205,-5.9210280175796015,5.9210280175796015,inf,12.71872009825347,-0.02249999999999662,0.027500000000004368,True,True,-inf,724.9876920806739,inf,True,0
2633,2016-06-20,713.5,717.7337392284315,4.233739228431546,-4.233739228431546,inf,12.167151794365623,-0.019999999999996618,0.03000000000000437,True,True,-inf,729.9008910227972,inf,True,0
2634,2016-06-21,715.72,713.5085788846902,-2.211421115309804,2.211421115309804,inf,11.586417839457766,-0.017499999999996615,0.03250000000000437,True,True,-inf,725.094996724148,inf,True,0
2635,2016-06-22,716.58,715.4286713369603,-1.1513286630397488,1.1513286630397488,inf,10.727888731641656,-0.014999999999996615,0.035000000000004375,True,True,-inf,726.156560068602,inf,True,0
2636,2016-06-23,715.5,716.3637314010012,0.863731401001246,-0.863731401001246,inf,10.337709083958089,-0.012499999999996615,0.03750000000000438,True,True,-inf,726.7014404849593,inf,True,0
2637,2016-06-24,693.0,715.3526279815962,22.352627981596243,-22.352627981596243,inf,10.108808106815047,-0.009999999999996614,0.04000000000000438,True,True,-inf,725.4614360884113,inf,True,0
2638,2016-06-27,692.01,693.6403279199861,1.6303279199861436,-1.6303279199861436,inf,9.797875923551942,-0.0074999999999966135,0.04250000000000438,True,True,-inf,703.4382038435381,inf,True,0
2639,2016-06-28,700.0,691.764964225969,-8.235035774030962,8.235035774030962,inf,9.615757619125816,-0.004999999999996613,0.045000000000004384,True,True,-inf,701.3807218450949,inf,True,0
2640,2016-06-29,715.75,699.4812888125666,-16.268711187433382,16.268711187433382,inf,9.332247294948672,-0.0024999999999966126,0.047500000000004386,True,False,-inf,708.8135361075153,inf,False,1
2641,2016-06-30,717.2,714.968780190119,-2.231219809881054,2.231219809881054,inf,inf,3.3879149485827043e-15,4.385380947269368e-15,True,True,-inf,inf,inf,True,0
2642,2016-07-01,717.32,716.9983386933308,-0.3216613066692844,0.3216613066692844,34.7120327640111,46.47,0.0025000000000033884,0.002500000000004386,True,True,682.2863059293197,763.4683386933308,81.18203276401107,True,0
2643,2016-07-05,722.8,717.1252319657336,-5.674768034266322,5.674768034266322,22.352627981596243,43.76,0.005000000000003389,0.005000000000004386,True,True,694.7726039841374,760.8852319657336,66.11262798159623,True,0
2644,2016-07-06,725.71,722.3987736150743,-3.3112263849257033,3.3112263849257033,17.131715215632653,43.05,0.007500000000003389,0.007500000000004387,True,True,705.2670583994417,765.4487736150743,60.18171521563261,True,0
2645,2016-07-07,739.33,725.4260828504118,-13.90391714958821,13.90391714958821,14.962544374099338,41.612076318755726,0.01000000000000339,0.010000000000004387,True,True,710.4635384763125,767.0381591691676,56.57462069285509,True,0
2646,2016-07-08,740.14,738.6351720167697,-1.504827983230257,1.504827983230257,13.705209885036027,36.7,0.01250000000000339,0.012500000000004388,True,True,724.9299621317336,775.3351720167698,50.40520988503613,True,0
2647,2016-07-11,750.0,739.9740427413478,-10.02595725865217,10.02595725865217,12.728566661525036,24.30405681347247,0.01500000000000339,0.015000000000004388,True,True,727.2454760798228,764.2780995548203,37.032623474997536,True,0
2648,2016-07-12,756.86,749.4536242492785,-7.406375750721509,7.406375750721509,11.535116995791213,18.46007305503531,0.01750000000000339,0.017500000000004387,True,True,737.9185072534873,767.9136973043138,29.995190050826523,True,0
2649,2016-07-13,746.76,756.4657638765958,9.705763876595825,-9.705763876595825,10.470806985044419,16.609603249725637,0.02000000000000339,0.02000000000000439,True,True,745.9949568915514,773.0753671263215,27.080410234770056,True,0
2650,2016-07-14,748.86,746.9917674927804,-1.868232507219659,1.868232507219659,9.919258401354341,14.960966199678893,0.022500000000003392,0.02250000000000439,True,True,737.072509091426,761.9527336924592,24.880224601033206,True,0
2651,2016-07-15,746.55,748.5752712539373,2.025271253937376,-2.025271253937376,9.388754961815152,13.806674681144727,0.025000000000003395,0.025000000000004394,True,True,739.1865162921222,762.3819459350821,23.19542964295988,True,0
2652,2016-07-18,735.49,746.4695821980896,10.979582198089588,-10.979582198089588,8.80797472763895,12.8116662286115,0.027500000000003397,0.027500000000004396,False,True,737.6616074704507,759.281248426701,21.61964095625035,False,1
2653,2016-07-19,732.5,735.716768897161,3.216768897161046,-3.216768897161046,inf,12.403943335151723,-0.019999999999996604,0.030000000000004398,True,True,-inf,748.1207122323128,inf,True,0
2654,2016-07-20,744.0,732.3898514945608,-11.610148505439156,11.610148505439156,inf,11.697837578350288,-0.0174999999999966,0.0325000000000044,True,True,-inf,744.0876890729112,inf,True,0
2655,2016-07-21,747.5,743.3674066751713,-4.13259332482869,4.13259332482869,inf,11.376760681127735,-0.014999999999996601,0.0350000000000044,True,True,-inf,754.744167356299,inf,True,0
2656,2016-07-22,747.79,747.2235236402797,-0.5664763597202409,0.5664763597202409,inf,10.44679085219019,-0.0124999999999966,0.037500000000004405,True,True,-inf,757.67031449247,inf,True,0
2657,2016-07-25,746.55,747.6115443391897,1.0615443391897088,-1.0615443391897088,inf,10.226185263859975,-0.0099999999999966,0.04000000000000441,True,True,-inf,757.8377296030496,inf,True,0
2658,2016-07-26,742.71,746.4184008837564,3.708400883756326,-3.708400883756326,inf,9.961538287640906,-0.0074999999999966,0.04250000000000441,True,True,-inf,756.3799391713973,inf,True,0
2659,2016-07-27,737.97,742.6686611825209,4.698661182520823,-4.698661182520823,inf,9.692647306463073,-0.004999999999996599,0.04500000000000441,True,True,-inf,752.3613084889839,inf,True,0
2660,2016-07-28,745.98,737.950073228482,-8.029926771518035,8.029926771518035,inf,9.512916483214099,-0.0024999999999965987,0.047500000000004414,True,True,-inf,747.4629897116961,inf,True,0
2661,2016-07-29,765.0,745.4753085186227,-19.524691481377317,19.524691481377317,inf,9.146167242864522,3.4017927363905187e-15,0.050000000000004416,True,False,-inf,754.6214757614872,inf,False,1
2662,2016-08-01,759.87,764.1246409946939,4.254640994693887,-4.254640994693887,34.7120327640111,46.47,0.0025000000000034023,0.0025000000000044154,True,True,729.4126082306827,810.5946409946939,81.18203276401118,True,0
2663,2016-08-02,763.81,759.9486925524025,-3.8613074475974827,3.8613074475974827,22.352627981596243,43.76,0.005000000000003403,0.005000000000004416,True,True,737.5960645708062,803.7086925524025,66.11262798159623,True,0
2664,2016-08-03,757.06,763.4756871673748,6.415687167374813,-6.415687167374813,17.131715215632653,43.05,0.007500000000003403,0.007500000000004416,True,True,746.3439719517421,806.5256871673747,60.18171521563261,True,0
2665,2016-08-04,753.7,757.1529294426838,3.4529294426837396,-3.4529294426837396,14.962544374099338,41.612076318755726,0.010000000000003404,0.010000000000004417,True,True,742.1903850685844,798.7650057614395,56.57462069285509,True,0
2666,2016-08-05,764.81,753.6288597582845,-11.181140241715411,11.181140241715411,13.705209885036027,36.7,0.012500000000003404,0.012500000000004417,True,True,739.9236498732485,790.3288597582846,50.40520988503613,True,0
2667,2016-08-08,766.81,764.2026509547568,-2.6073490452431543,2.6073490452431543,12.728566661525036,24.30405681347247,0.015000000000003405,0.015000000000004418,True,True,751.4740842932317,788.5067077682293,37.032623474997536,True,0
2668,2016-08-09,767.39,766.597019965232,-0.792980034767993,0.792980034767993,11.535116995791213,19.42002840166265,0.017500000000003405,0.01750000000000442,True,True,755.0619029694408,786.0170483668946,30.95514539745386,True,0
2669,2016-08-10,769.8,767.2047429231627,-2.5952570768372425,2.5952570768372425,10.470806985044419,16.609603249725637,0.020000000000003404,0.020000000000004417,True,True,756.7339359381183,783.8143461728883,27.080410234770056,True,0
2670,2016-08-11,769.94,769.542128945115,-0.3978710548850586,0.3978710548850586,9.919258401354341,14.960966199678893,0.022500000000003406,0.02250000000000442,True,True,759.6228705437607,784.5030951447939,24.880224601033206,True,0
2671,2016-08-12,768.46,769.7736313995496,1.3136313995495357,-1.3136313995495357,9.482504891545119,13.90391714958821,0.02500000000000341,0.02500000000000442,True,True,760.2911265080045,783.6775485491378,23.3864220411333,True,0
2672,2016-08-15,771.9,768.3467352372875,-3.5532647627125016,3.5532647627125016,8.80797472763895,12.8116662286115,0.02750000000000341,0.027500000000004424,True,True,759.5387605096486,781.158401465899,21.619640956250464,True,0
2673,2016-08-16,768.62,771.5963331708587,2.976333170858652,-2.976333170858652,8.495406709490453,12.403943335151723,0.030000000000003413,0.030000000000004426,True,True,763.1009264613682,784.0002765060103,20.89935004464212,True,0
2674,2016-08-17,764.41,768.5834510609527,4.173451060952743,-4.173451060952743,8.178714785601187,11.785986857519788,0.032500000000003415,0.03250000000000443,True,True,760.4047362753515,780.3694379184725,19.964701643120975,True,0
2675,2016-08-18,764.0,764.3848176738996,0.38481767389964716,-0.38481767389964716,7.880214902826083,11.376760681127735,0.03500000000000342,0.03500000000000443,True,True,756.5046027710736,775.7615783550274,19.256975583953817,True,0
2676,2016-08-19,761.9,763.826226280482,1.9262262804820693,-1.9262262804820693,7.639833084795782,10.518423593393265,0.03750000000000342,0.03750000000000443,True,True,756.1863931956863,774.3446498738754,18.158256678189105,True,0
2677,2016-08-22,757.5,761.7989152352361,4.298915235236109,-4.298915235236109,7.307635926972694,10.230103404458646,0.04000000000000342,0.040000000000004435,True,True,754.4912793082634,772.0290186396948,17.53773933143134,True,0
2678,2016-08-23,763.31,757.4768610231532,-5.833138976846726,5.833138976846726,7.101294528237247,10.02595725865217,0.042500000000003424,0.04250000000000444,True,True,750.375566494916,767.5028182818054,17.12725178688936,True,0
2679,2016-08-24,763.0,762.8942466312894,-0.10575336871056606,0.10575336871056606,6.786129721740679,9.792103917079714,0.045000000000003426,0.04500000000000444,True,True,756.1081169095487,772.6863505483691,16.578233638820393,True,0
2680,2016-08-25,756.0,762.8473917413448,6.847391741344836,-6.847391741344836,6.683039307048034,9.520122773249454,0.04750000000000343,0.04750000000000444,False,True,756.1643524342968,772.3675145145943,16.20316208029749,False,1
2681,2016-08-26,760.05,756.0773597820005,-3.9726402179994693,3.9726402179994693,inf,9.160111940275755,3.427813588530171e-15,0.050000000000004444,True,True,-inf,765.2374717222763,inf,True,0
2682,2016-08-29,768.72,759.689669853574,-9.030330146426081,9.030330146426081,34.7120327640111,8.928094044835348,0.0025000000000034283,0.052500000000004446,True,False,724.9776370895629,768.6177638984093,43.64012680884639,False,1
2683,2016-08-30,771.05,768.2200264536705,-2.8299735463294837,2.8299735463294837,22.352627981596243,43.76,0.005000000000003429,0.005000000000004445,True,True,745.8673984720742,811.9800264536705,66.11262798159623,True,0
2684,2016-08-31,766.6,770.8083034340113,4.208303434011327,-4.208303434011327,16.601384741332822,42.95,0.007500000000003429,0.007500000000004446,True,True,754.2069186926785,813.7583034340114,59.55138474133287,True,0
2685,2016-09-01,770.9,766.5942622142109,-4.30573778578912,4.30573778578912,14.962544374099338,41.612076318755726,0.01000000000000343,0.010000000000004446,True,True,751.6317178401115,808.2063385329666,56.57462069285509,True,0
2686,2016-09-02,774.11,770.5444449658793,-3.5655550341207345,3.5655550341207345,13.705209885036027,36.7,0.01250000000000343,0.012500000000004447,True,True,756.8392350808433,807.2444449658793,50.405209885036015,True,0
2687,2016-09-06,774.04,773.8226457908196,-0.21735420918037107,0.21735420918037107,12.501411788758048,23.0511723130943,0.01500000000000343,0.015000000000004447,True,True,761.3212340020616,796.8738181039139,35.55258410185229,True,0
2688,2016-09-07,789.53,773.8743469808588,-15.655653019141141,15.655653019141141,11.15053612952579,18.46007305503531,0.01750000000000343,0.01750000000000445,True,True,762.723810851333,792.3344200358941,29.6106091845611,True,0
2689,2016-09-08,783.89,788.7686924826745,4.8786924826745235,-4.8786924826745235,10.470806985044419,16.609603249725637,0.02000000000000343,0.02000000000000445,True,True,778.2978854976301,805.3782957324001,27.080410234770056,True,0
2690,2016-09-09,779.36,783.9786610099969,4.618661009996913,-4.618661009996913,9.919258401354341,15.468686626762121,0.022500000000003434,0.022500000000004454,True,True,774.0594026086426,799.4473476367591,25.38794502811652,True,0
2691,2016-09-12,757.35,779.3430180465087,21.993018046508723,-21.993018046508723,9.388754961815152,13.90391714958821,0.025000000000003436,0.025000000000004456,False,True,769.9542630846936,793.246935196097,23.292672111403363,False,1
2692,2016-09-13,768.77,757.9704220206545,-10.799577979345486,10.799577979345486,inf,12.8116662286115,-0.022499999999996564,0.02750000000000446,True,True,-inf,770.782088249266,inf,True,0
2693,2016-09-14,762.2,768.081413964343,5.881413964342983,-5.881413964342983,inf,12.408820474369577,-0.019999999999996562,0.03000000000000446,True,True,-inf,780.4902344387126,inf,True,0
2694,2016-09-15,762.0,762.2925792021065,0.2925792021064808,-0.2925792021064808,inf,11.785986857519788,-0.01749999999999656,0.03250000000000446,True,True,-inf,774.0785660596263,inf,True,0
2695,2016-09-16,773.28,761.7956663619951,-11.484333638004841,11.484333638004841,inf,11.376760681127735,-0.01499999999999656,0.035000000000004465,True,False,-inf,773.1724270431229,inf,False,1
2696,2016-09-19,779.97,772.6586842450502,-7.311315754949874,7.311315754949874,inf,inf,-0.012499999999996559,-0.012499999999995536,True,True,-inf,inf,inf,True,0
2697,2016-09-20,776.0,779.5657119831615,3.5657119831614636,-3.5657119831614636,inf,inf,-0.009999999999996559,-0.009999999999995535,True,True,-inf,inf,inf,True,0
2698,2016-09-21,783.25,775.9875289884674,-7.262471011532625,7.262471011532625,inf,inf,-0.007499999999996558,-0.0074999999999955345,True,True,-inf,inf,inf,True,0
2699,2016-09-22,794.27,782.7814030512405,-11.488596948759437,11.488596948759437,inf,inf,-0.0049999999999965575,-0.004999999999995534,True,True,-inf,inf,inf,True,0
2700,2016-09-23,803.13,793.696926173768,-9.433073826231976,9.433073826231976,inf,inf,-0.002499999999996557,-0.0024999999999955336,True,True,-inf,inf,inf,True,0
2701,2016-09-26,801.8,802.6604970897695,0.8604970897695239,-0.8604970897695239,inf,inf,3.443426099813962e-15,4.466912950640278e-15,True,True,-inf,inf,inf,True,0
2702,2016-09-27,801.85,801.7134268603699,-0.1365731396301726,0.1365731396301726,34.7120327640111,46.47,0.002500000000003444,0.0025000000000044674,True,True,767.0013940963588,848.1834268603699,81.18203276401107,True,0
2703,2016-09-28,818.0,801.6808588353435,-16.319141164656457,16.319141164656457,22.352627981596243,43.76,0.005000000000003444,0.005000000000004468,True,True,779.3282308537473,845.4408588353435,66.11262798159623,True,0
2704,2016-09-29,828.26,817.2276743640423,-11.032325635957704,11.032325635957704,17.131715215632653,42.95,0.007500000000003445,0.007500000000004468,True,True,800.0959591484096,860.1776743640423,60.0817152156327,True,0
2705,2016-09-30,832.61,827.7741554086953,-4.835844591304749,4.835844591304749,14.962544374099338,37.61,0.010000000000003445,0.010000000000004469,True,True,812.8116110345959,865.3841554086953,52.57254437409938,True,0
2706,2016-10-03,836.0,832.3388149843727,-3.661185015627325,3.661185015627325,13.72033565449459,36.7,0.012500000000003446,0.01250000000000447,True,True,818.618479329878,869.0388149843727,50.42033565449469,True,0
2707,2016-10-04,840.91,835.751218792243,-5.158781207756988,5.158781207756988,12.728566661525036,23.0511723130943,0.015000000000003446,0.01500000000000447,True,True,823.0226521307179,858.8023911053373,35.77973897461936,True,0
2708,2016-10-05,838.0,840.6047815366334,2.604781536633368,-2.604781536633368,11.535116995791213,18.46007305503531,0.017500000000003447,0.01750000000000447,True,True,829.0696645408422,859.0648545916687,29.995190050826523,True,0
2709,2016-10-06,843.7,837.99307498438,-5.706925015620072,5.706925015620072,10.470806985044419,16.530484733640037,0.020000000000003446,0.020000000000004473,True,True,827.5222679993356,854.52355971802,27.001291718684456,True,0
2710,2016-10-07,845.79,843.3469729404505,-2.443027059549422,2.443027059549422,9.922509939345616,15.655653019141141,0.022500000000003448,0.022500000000004475,True,True,833.4244630011049,859.0026259595917,25.578162958486814,True,0
2711,2016-10-10,843.25,845.6018158523445,2.3518158523445436,-2.3518158523445436,9.482504891545119,13.973324868287676,0.02500000000000345,0.025000000000004477,True,True,836.1193109607995,859.5751407206322,23.455829759832795,True,0
2712,2016-10-11,841.02,843.2236641359019,2.2036641359019313,-2.2036641359019313,8.80797472763895,12.844833471415882,0.027500000000003452,0.02750000000000448,True,True,834.415689408263,856.0684976073178,21.65280819905479,True,0
2713,2016-10-12,834.0,840.9649634374806,6.9649634374806055,-6.9649634374806055,8.495406709490453,12.408820474369577,0.030000000000003454,0.03000000000000448,True,True,832.4695567279902,853.3737839118502,20.90422718386003,True,0
2714,2016-10-13,829.0,834.1186059037383,5.118605903738285,-5.118605903738285,8.044417114314342,11.785986857519788,0.03250000000000346,0.032500000000004484,True,True,826.0741887894239,845.9045927612581,19.83040397183413,True,0
2715,2016-10-14,835.08,829.0218138975602,-6.05818610243989,6.05818610243989,7.880214902826083,11.51211922195148,0.03500000000000346,0.035000000000004486,True,True,821.1415989947341,840.5339331195116,19.392334124777562,True,0
2716,2016-10-17,821.5,834.6912615032608,13.191261503260762,-13.191261503260762,7.639833084795782,11.032325635957704,0.03750000000000346,0.03750000000000449,False,True,827.051428418465,845.7235871392185,18.672158720753487,False,1
2717,2016-10-18,822.11,821.8746393447984,-0.235360655201589,0.235360655201589,inf,10.395946211211111,-0.00999999999999654,0.04000000000000449,True,True,-inf,832.2705855560096,inf,True,0
2718,2016-10-19,820.4,821.8896417031706,1.489641703170605,-1.489641703170605,inf,10.150312282352616,-0.007499999999996539,0.04250000000000449,True,True,-inf,832.0399539855232,inf,True,0
2719,2016-10-20,813.99,820.3073193942979,6.317319394297897,-6.317319394297897,inf,9.884112132195128,-0.0049999999999965385,0.045000000000004495,True,True,-inf,830.191431526493,inf,True,0
2720,2016-10-21,809.36,814.0615781301832,4.701578130183179,-4.701578130183179,inf,9.653158031471548,-0.002499999999996538,0.0475000000000045,True,True,-inf,823.7147361616547,inf,True,0
2721,2016-10-24,824.95,809.3448543323334,-15.605145667666648,15.605145667666648,inf,9.482862958331168,3.462508058049707e-15,0.0500000000000045,True,False,-inf,818.8277172906646,inf,False,1
2722,2016-10-25,839.3,824.1783286231125,-15.121671376887434,15.121671376887434,34.7120327640111,46.47,0.002500000000003463,0.0025000000000044986,True,True,789.4662958591014,870.6483286231125,81.18203276401118,True,0
2723,2016-10-26,832.76,838.6518075876734,5.891807587673384,-5.891807587673384,22.352627981596243,43.76,0.0050000000000034635,0.005000000000004499,True,True,816.2991796060771,882.4118075876734,66.11262798159623,True,0
2724,2016-10-27,831.24,832.8958285011887,1.6558285011886937,-1.6558285011886937,17.131715215632653,42.95,0.007500000000003464,0.0075000000000045,True,True,815.764113285556,875.8458285011887,60.0817152156327,True,0
2725,2016-10-28,782.0,831.1255953527733,49.1255953527733,-49.1255953527733,14.962544374099338,37.61,0.010000000000003464,0.0100000000000045,False,True,816.1630509786739,868.7355953527733,52.57254437409938,False,1
2726,2016-10-31,781.03,783.6074296813316,2.577429681331637,-2.577429681331637,inf,36.7,-0.037499999999996536,0.0125000000000045,True,True,-inf,820.3074296813317,inf,True,0
2727,2016-11-01,799.0,780.7181507860004,-18.281849213999635,18.281849213999635,inf,23.0511723130943,-0.034999999999996534,0.015000000000004501,True,True,-inf,803.7693230990947,inf,True,0
2728,2016-11-02,783.93,798.1226025020585,14.192602502058548,-14.192602502058548,inf,18.46007305503531,-0.03249999999999653,0.0175000000000045,True,True,-inf,816.5826755570938,inf,True,0
2729,2016-11-03,765.05,784.3388359222242,19.28883592222428,-19.28883592222428,inf,16.609603249725637,-0.02999999999999653,0.0200000000000045,True,True,-inf,800.9484391719499,inf,True,0
2730,2016-11-04,762.79,765.5110898491063,2.7210898491063062,-2.7210898491063062,inf,15.655653019141141,-0.027499999999996527,0.022500000000004503,True,True,-inf,781.1667428682474,inf,True,0
2731,2016-11-07,771.64,762.6199807862963,-9.020019213703677,9.020019213703677,inf,14.50979092783848,-0.024999999999996525,0.025000000000004505,True,True,-inf,777.1297717141348,inf,True,0
2732,2016-11-08,784.97,771.0879225245071,-13.882077475492906,13.882077475492906,inf,13.17420768622219,-0.022499999999996523,0.027500000000004507,True,False,-inf,784.2621302107293,inf,False,1
2733,2016-11-09,764.0,784.2777876611818,20.277787661181833,-20.277787661181833,inf,inf,-0.01999999999999652,-0.019999999999995494,True,True,-inf,inf,inf,True,0
2734,2016-11-10,778.81,764.588439676511,-14.221560323488916,14.221560323488916,inf,inf,-0.01749999999999652,-0.01749999999999549,True,True,-inf,inf,inf,True,0
2735,2016-11-11,735.73,777.9923144528029,42.26231445280291,-42.26231445280291,inf,inf,-0.014999999999996518,-0.014999999999995491,True,True,-inf,inf,inf,True,0
2736,2016-11-14,745.51,737.1532229097218,-8.356777090278229,8.356777090278229,inf,inf,-0.012499999999996517,-0.01249999999999549,True,True,-inf,inf,inf,True,0
2737,2016-11-15,730.0,744.7750625272643,14.775062527264254,-14.775062527264254,inf,inf,-0.009999999999996517,-0.00999999999999549,True,True,-inf,inf,inf,True,0
2738,2016-11-16,739.88,730.3927151383549,-9.487284861645094,9.487284861645094,inf,inf,-0.007499999999996516,-0.0074999999999954894,True,True,-inf,inf,inf,True,0
2739,2016-11-17,749.32,739.1971871640327,-10.122812835967352,10.122812835967352,inf,inf,-0.004999999999996516,-0.004999999999995489,True,True,-inf,inf,inf,True,0
2740,2016-11-18,761.0,748.7486283479703,-12.251371652029661,12.251371652029661,inf,inf,-0.0024999999999965154,-0.0024999999999954885,True,True,-inf,inf,inf,True,0
2741,2016-11-21,766.0,760.3470393047061,-5.6529606952939275,5.6529606952939275,inf,inf,3.4850594632374055e-15,4.512015761015675e-15,True,True,-inf,inf,inf,True,0
2742,2016-11-22,788.17,765.6224901932535,-22.54750980674646,22.54750980674646,40.62023911325139,46.47,0.0025000000000034855,0.0025000000000045125,True,True,725.0022510800021,812.0924901932535,87.09023911325141,True,0
2743,2016-11-23,781.73,787.1044940950347,5.37449409503472,-5.37449409503472,22.960797860546336,43.76,0.005000000000003486,0.005000000000004513,True,True,764.1436962344884,830.8644940950347,66.72079786054633,True,0
2744,2016-11-25,786.5,781.8500866272367,-4.649913372763308,4.649913372763308,20.155905584008906,42.95,0.0075000000000034865,0.0075000000000045135,True,True,761.6941810432278,824.8000866272367,63.10590558400895,True,0
2745,2016-11-28,776.99,786.0772241804716,9.087224180471594,-9.087224180471594,16.33779006578817,37.61,0.010000000000003487,0.010000000000004514,True,True,769.7394341146835,823.6872241804716,53.947790065788126,True,0
2746,2016-11-29,768.0,777.1600218285846,9.160021828584604,-9.160021828584604,14.695309535402203,36.7,0.012500000000003487,0.012500000000004514,True,True,762.4647122931824,813.8600218285846,51.39530953540225,True,0
2747,2016-11-30,762.0,768.0882057229644,6.088205722964403,-6.088205722964403,13.393543982946198,22.630058440476432,0.015000000000003488,0.015000000000004515,True,True,754.6946617400182,790.7182641634408,36.02360242342263,True,0
2748,2016-12-01,752.41,761.9689807021059,9.558980702105941,-9.558980702105941,12.501411788758048,18.46007305503531,0.01750000000000349,0.017500000000004515,True,True,749.4675689133478,780.4290537571412,30.961484843793414,True,0
2749,2016-12-02,743.4,752.521615191631,9.121615191631008,-9.121615191631008,11.535116995791213,17.118488921674782,0.020000000000003487,0.020000000000004514,True,True,740.9864981958398,769.6401041133058,28.653605917466052,True,0
2750,2016-12-05,745.0,743.4681363819963,-1.5318636180037402,1.5318636180037402,10.470806985044419,15.737250543245977,0.02250000000000349,0.022500000000004516,True,True,732.9973293969518,759.2053869252422,26.208057528290396,True,0
2751,2016-12-06,763.99,744.6603357712121,-19.32966422878792,19.32966422878792,9.919258401354341,14.535889655771143,0.02500000000000349,0.02500000000000452,True,False,734.7410773698577,759.1962254269832,24.455148057125484,False,1
2752,2016-12-07,764.55,763.018934835956,-1.53106516404398,1.53106516404398,9.482504891545119,inf,0.027500000000003494,-0.022499999999995482,True,True,753.5364299444109,inf,inf,True,0
2753,2016-12-08,771.87,764.3716217011676,-7.498378298832449,7.498378298832449,9.087224180471594,inf,0.030000000000003496,-0.01999999999999548,True,True,755.284397520696,inf,inf,True,0
2754,2016-12-09,770.0,771.359812760642,1.359812760641944,-1.359812760641944,8.607973641255626,inf,0.0325000000000035,-0.017499999999995478,True,True,762.7518391193863,inf,inf,True,0
2755,2016-12-12,766.4,769.8730794149186,3.4730794149186295,-3.4730794149186295,8.308067839245439,inf,0.0350000000000035,-0.014999999999995477,True,True,761.5650115756732,inf,inf,True,0
2756,2016-12-13,764.96,766.3005253811681,1.3405253811680495,-1.3405253811680495,7.9171963619482995,inf,0.0375000000000035,-0.012499999999995477,True,True,758.3833290192198,inf,inf,True,0
2757,2016-12-14,778.25,764.7686660656329,-13.481333934367058,13.481333934367058,7.6476897490383635,inf,0.040000000000003505,-0.009999999999995476,True,True,757.1209763165946,inf,inf,True,0
2758,2016-12-15,766.28,777.4986728368218,11.218672836821838,-11.218672836821838,7.478864558471457,inf,0.04250000000000351,-0.0074999999999954756,False,True,770.0198082783504,inf,inf,False,1
2759,2016-12-16,765.0,766.5618411882632,1.5618411882632017,-1.5618411882632017,inf,inf,-0.004999999999996493,-0.004999999999995475,True,True,-inf,inf,inf,True,0
2760,2016-12-19,758.89,764.7688633456464,5.878863345646437,-5.878863345646437,inf,inf,-0.002499999999996493,-0.0024999999999954746,True,True,-inf,inf,inf,True,0
2761,2016-12-20,768.65,758.8833448716515,-9.766655128348475,9.766655128348475,inf,inf,3.507610868425104e-15,4.52589354882349e-15,True,True,-inf,inf,inf,True,0
2762,2016-12-21,770.0,768.0091951746447,-1.990804825355326,1.990804825355326,40.62023911325139,46.47,0.002500000000003508,0.0025000000000045264,True,True,727.3889560613933,814.4791951746447,87.09023911325141,True,0
2763,2016-12-22,768.12,769.753226794964,1.6332267949640027,-1.6332267949640027,22.960797860546336,43.76,0.005000000000003509,0.005000000000004527,True,True,746.7924289344177,813.513226794964,66.72079786054633,True,0
2764,2016-12-23,764.55,767.9638095169624,3.4138095169624876,-3.4138095169624876,20.155905584008906,42.95,0.007500000000003509,0.007500000000004527,True,True,747.8079039329535,810.9138095169625,63.10590558400895,True,0
2765,2016-12-27,763.4,764.4441317161214,1.0441317161214556,-1.0441317161214556,16.33779006578817,37.61,0.01000000000000351,0.010000000000004528,True,True,748.1063416503332,802.0541317161214,53.94779006578824,True,0
2766,2016-12-28,776.25,763.1922578086412,-13.057742191358784,13.057742191358784,14.695309535402203,36.7,0.01250000000000351,0.012500000000004528,True,True,748.496948273239,799.8922578086413,51.39530953540225,True,0
2767,2016-12-29,772.4,775.5089233665141,3.108923366514091,-3.108923366514091,13.393543982946198,22.630058440476432,0.01500000000000351,0.015000000000004529,True,True,762.1153793835679,798.1389818069905,36.02360242342263,True,0
2768,2016-12-30,766.47,772.3659357025234,5.8959357025233885,-5.8959357025233885,12.501411788758048,19.32966422878792,0.017500000000003513,0.01750000000000453,True,True,759.8645239137654,791.6955999313113,31.83107601754591,True,0
2769,2017-01-03,757.92,766.4476019984293,8.527601998429304,-8.527601998429304,11.218672836821838,17.118488921674782,0.020000000000003515,0.020000000000004528,True,True,755.2289291616074,783.566090920104,28.337161758496563,True,0
2770,2017-01-04,758.39,757.9850612411207,-0.4049387588793252,0.4049387588793252,10.470806985044419,15.737250543245977,0.022500000000003517,0.02250000000000453,True,True,747.5142542560762,773.7223117843666,26.208057528290396,True,0
2771,2017-01-05,761.55,758.0950153344454,-3.454984665554548,3.454984665554548,9.919258401354341,14.535889655771143,0.02500000000000352,0.025000000000004532,True,True,748.1757569330911,772.6309049902165,24.455148057125484,True,0
2772,2017-01-06,782.36,761.1859646521473,-21.174035347852737,21.174035347852737,9.482504891545119,13.806674681144727,0.02750000000000352,0.027500000000004535,True,False,751.7034597606022,774.992639333292,23.289179572689818,False,1
2773,2017-01-09,798.0,781.321164562202,-16.678835437798057,16.678835437798057,9.087224180471594,inf,0.030000000000003524,-0.019999999999995466,True,True,772.2339403817303,inf,inf,True,0
2774,2017-01-10,796.6,797.2522375420117,0.6522375420116759,-0.6522375420116759,8.607973641255626,inf,0.032500000000003526,-0.017499999999995464,True,True,788.6442639007561,inf,inf,True,0
2775,2017-01-11,793.66,796.4917059860292,2.831705986029192,-2.831705986029192,8.324593033907718,inf,0.03500000000000353,-0.014999999999995463,True,True,788.1671129521214,inf,inf,True,0
2776,2017-01-12,800.31,793.5419552422477,-6.76804475775225,6.76804475775225,7.9302506630996845,inf,0.03750000000000353,-0.012499999999995463,True,True,785.611704579148,inf,inf,True,0
2777,2017-01-13,814.32,799.818628198648,-14.501371801352093,14.501371801352093,7.64877024649121,inf,0.04000000000000353,-0.009999999999995462,True,True,792.1698579521567,inf,inf,True,0
2778,2017-01-17,815.7,813.5879805817833,-2.1120194182167324,2.1120194182167324,7.494737428946451,inf,0.042500000000003535,-0.007499999999995462,True,True,806.0932431528369,inf,inf,True,0
2779,2017-01-18,809.5,815.4878296527893,5.987829652789287,-5.987829652789287,7.164901897834625,inf,0.04500000000000354,-0.004999999999995461,True,True,808.3229277549547,inf,inf,True,0
2780,2017-01-19,810.0,809.525394539686,-0.47460546031402373,0.47460546031402373,6.9649634374806055,inf,0.04750000000000354,-0.0024999999999954607,True,True,802.5604311022054,inf,inf,True,0
2781,2017-01-20,815.28,809.7396167889913,-5.540383211008702,5.540383211008702,6.723469265502757,inf,0.05000000000000354,4.539771336631304e-15,True,True,803.0161475234885,inf,inf,True,0
2782,2017-01-23,806.8,814.8628122755807,8.062812275580768,-8.062812275580768,6.649482517304989,46.47,0.052500000000003544,0.0025000000000045403,False,True,808.2133297582757,861.3328122755807,53.11948251730507,False,1
2783,2017-01-24,822.0,806.9233643967443,-15.076635603255681,15.076635603255681,22.960797860546336,43.76,0.005000000000003543,0.005000000000004541,True,True,783.962566536198,850.6833643967443,66.72079786054633,True,0
2784,2017-01-25,825.79,821.1630476033365,-4.626952396663455,4.626952396663455,20.155905584008906,42.95,0.007500000000003544,0.007500000000004541,True,True,801.0071420193276,864.1130476033366,63.10590558400895,True,0
2785,2017-01-26,835.53,825.4913442049769,-10.038655795023033,10.038655795023033,16.33779006578817,37.61,0.010000000000003544,0.010000000000004542,True,True,809.1535541391888,863.101344204977,53.947790065788126,True,0
2786,2017-01-27,839.0,834.9639486523146,-4.036051347685429,4.036051347685429,14.695309535402203,36.7,0.012500000000003545,0.012500000000004542,True,True,820.2686391169124,871.6639486523146,51.39530953540225,True,0
2787,2017-01-30,833.0,838.7030618022078,5.703061802207799,-5.703061802207799,13.393543982946198,22.630058440476432,0.015000000000003545,0.015000000000004543,True,True,825.3095178192616,861.3331202426842,36.02360242342263,True,0
2788,2017-01-31,823.75,833.0378169624208,9.287816962420834,-9.287816962420834,12.501411788758048,19.42002840166265,0.017500000000003547,0.017500000000004543,True,True,820.5364051736628,852.4578453640835,31.92144019042064,True,0
2789,2017-02-01,829.21,823.8684035574069,-5.341596442593186,5.341596442593186,11.218672836821838,17.424945233287076,0.02000000000000355,0.020000000000004542,True,True,812.649730720585,841.2933487906939,28.643618070108914,True,0
2790,2017-02-02,836.59,828.7535401129288,-7.836459887071214,7.836459887071214,10.470806985044419,16.0192815041122,0.022500000000003552,0.022500000000004544,True,True,818.2827331278844,844.772821617041,26.49008848915662,True,0
2791,2017-02-03,806.72,836.1193193853583,29.39931938535824,-29.39931938535824,9.919258401354341,15.076635603255681,0.025000000000003554,0.025000000000004546,False,True,826.2000609840039,851.195954988614,24.995894004610022,False,1
2792,2017-02-06,809.8,807.6544899118178,-2.1455100881821636,2.1455100881821636,inf,14.221560323488916,-0.022499999999996446,0.02750000000000455,True,True,-inf,821.8760502353067,inf,True,0
2793,2017-02-07,809.31,809.3486883058995,0.038688305899540865,-0.038688305899540865,inf,13.481333934367058,-0.019999999999996444,0.03000000000000455,True,True,-inf,822.8300222402665,inf,True,0
2794,2017-02-08,812.69,809.1132865250435,-3.576713474956591,3.576713474956591,inf,12.71872009825347,-0.017499999999996442,0.03250000000000455,True,True,-inf,821.8320066232969,inf,True,0
2795,2017-02-09,821.6,812.3317599864463,-9.268240013553736,9.268240013553736,inf,12.167151794365623,-0.014999999999996442,0.035000000000004555,True,True,-inf,824.4989117808119,inf,True,0
2796,2017-02-10,823.82,821.0454618273191,-2.774538172680991,2.774538172680991,inf,11.610148505439156,-0.012499999999996441,0.03750000000000456,True,True,-inf,832.6556103327582,inf,True,0
2797,2017-02-13,831.62,823.547363983301,-8.072636016698993,8.072636016698993,inf,11.376760681127735,-0.00999999999999644,0.04000000000000456,True,True,-inf,834.9241246644287,inf,True,0
2798,2017-02-14,837.0,831.1107510119964,-5.889248988003601,5.889248988003601,inf,10.605041659669155,-0.00749999999999644,0.04250000000000456,True,True,-inf,841.7157926716656,inf,True,0
2799,2017-02-15,834.0,836.6092745332091,2.6092745332091454,-2.6092745332091454,inf,10.242797623626416,-0.00499999999999644,0.045000000000004564,True,True,-inf,846.8520721568356,inf,True,0
2800,2017-02-16,841.84,833.921786955389,-7.9182130446109795,7.9182130446109795,inf,10.101439217860275,-0.002499999999996439,0.047500000000004566,True,True,-inf,844.0232261732493,inf,True,0
2801,2017-02-17,842.0,841.3153286101036,-0.6846713898963799,0.6846713898963799,inf,9.797875923551942,3.561387296180385e-15,0.05000000000000457,True,True,-inf,851.1132045336556,inf,True,0
2802,2017-02-21,848.84,841.8135608504384,-7.026439149561611,7.026439149561611,35.93475631026149,9.615757619125816,0.002500000000003562,0.05250000000000457,True,True,805.8788045401769,851.4293184695642,45.55051392938731,True,0
2803,2017-02-22,856.95,848.3699803249351,-8.580019675064932,8.580019675064932,22.960797860546336,9.482862958331168,0.005000000000003562,0.05500000000000457,True,True,825.4091824643888,857.8528432832663,32.44366081887756,True,0
2804,2017-02-23,857.57,856.4614471611153,-1.1085528388847479,1.1085528388847479,20.155905584008906,9.146167242864522,0.007500000000003563,0.057500000000004575,True,True,836.3055415771064,865.6076144039798,29.302072826873427,True,0
2805,2017-02-24,844.69,857.3768798235579,12.686879823557888,-12.686879823557888,16.33779006578817,8.928094044835348,0.010000000000003563,0.06000000000000458,True,True,841.0390897577697,866.3049738683933,25.265884110623574,True,0
2806,2017-02-27,842.38,844.9765159310284,2.5965159310284207,-2.5965159310284207,14.695309535402203,8.822290002446039,0.012500000000003564,0.06250000000000458,True,True,830.2812063956262,853.7988059334745,23.51759953784824,True,0
2807,2017-02-28,851.45,842.2100302051767,-9.23996979482331,9.23996979482331,13.393543982946198,8.438883916509496,0.015000000000003564,0.06500000000000458,True,False,828.8164862222305,850.6489141216862,21.832427899455638,False,1
2808,2017-03-01,853.05,850.8828350738297,-2.167164926170244,2.167164926170244,12.686879823557888,19.32966422878792,0.017500000000003565,0.01750000000000458,True,True,838.1959552502718,870.2124993026176,32.01654405234581,True,0
2809,2017-03-02,853.08,852.8146659727119,-0.26533402728819055,0.26533402728819055,11.535116995791213,17.118488921674782,0.020000000000003564,0.020000000000004584,True,True,841.2795489769206,869.9331548943867,28.653605917466052,True,0
2810,2017-03-03,847.2,852.8779564564919,5.67795645649187,-5.67795645649187,10.555174171553404,15.98593978312681,0.022500000000003566,0.022500000000004586,True,True,842.3227822849385,868.8638962396187,26.541113954680213,True,0
2811,2017-03-06,845.23,847.214899091023,1.9848990910229531,-1.9848990910229531,9.922509939345616,14.960966199678893,0.025000000000003568,0.025000000000004588,True,True,837.2923891516773,862.1758652907018,24.883476139024538,True,0
2812,2017-03-07,845.48,845.0714390458458,-0.4085609541542681,0.4085609541542681,9.558980702105941,13.973324868287676,0.02750000000000357,0.02750000000000459,True,True,835.5124583437398,859.0447639141335,23.532305570393646,True,0
2813,2017-03-08,848.0,845.2490474492259,-2.750952550774059,2.750952550774059,9.09640696077895,13.17420768622219,0.030000000000003572,0.030000000000004592,True,True,836.152640488447,858.4232551354481,22.27061464700114,True,0
2814,2017-03-09,851.0,847.6902392179951,-3.3097607820049006,3.3097607820049006,8.72131187731074,12.68267021540862,0.032500000000003575,0.032500000000004595,True,True,838.9689273406843,860.3729094334037,21.40398209271939,True,0
2815,2017-03-10,857.0,850.6812432038934,-6.318756796106641,6.318756796106641,8.445680639693741,12.132620468753089,0.03500000000000358,0.0350000000000046,True,True,842.2355625641997,862.8138636726464,20.578301108446794,True,0
2816,2017-03-13,851.77,856.5703456868514,4.800345686851415,-4.800345686851415,8.044417114314342,11.586417839457766,0.03750000000000358,0.0375000000000046,True,True,848.525928572537,868.1567635263092,19.630834953772137,True,0
2817,2017-03-14,853.55,851.780234675156,-1.769765324844002,1.769765324844002,7.851123178345517,11.224453624913167,0.04000000000000358,0.0400000000000046,True,True,843.9291114968105,863.0046883000691,19.075576803258627,True,0
2818,2017-03-15,854.33,853.2507225897893,-1.0792774102106932,1.0792774102106932,7.611320153076839,10.59916504666296,0.042500000000003584,0.042500000000004604,True,True,845.6394024367125,863.8498876364523,18.210485199739765,True,0
2819,2017-03-16,855.3,854.0942013752438,-1.2057986247561985,1.2057986247561985,7.2092395886426175,10.236235935950788,0.045000000000003586,0.045000000000004606,True,True,846.8849617866011,864.3304373111946,17.445475524593462,True,0
2820,2017-03-17,853.49,855.0533170700412,1.5633170700411938,-1.5633170700411938,7.08153007163844,10.083977175442328,0.04750000000000359,0.04750000000000461,True,True,847.9717869984028,865.1372942454835,17.165507247080768,True,0
2821,2017-03-20,851.51,853.3493550065364,1.8393550065363797,-1.8393550065363797,6.76131477680417,9.797588992119927,0.05000000000000359,0.05000000000000461,True,True,846.5880402297322,863.1469439986563,16.558903768924097,True,0
2822,2017-03-21,858.84,851.3639541666805,-7.476045833319517,7.476045833319517,6.677931486490593,9.602005059952603,0.05250000000000359,0.05250000000000461,True,True,844.6860226801899,860.9659592266331,16.279936546443196,True,0
2823,2017-03-22,840.43,858.337007069328,17.907007069328074,-17.907007069328074,6.44099031762056,9.433073826231976,0.055000000000003595,0.055000000000004615,False,True,851.8960167517075,867.77008089556,15.874064143852479,False,1
2824,2017-03-23,848.2,840.9364674058066,-7.263532594193407,7.263532594193407,20.155905584008906,9.146167242864522,0.007500000000003594,0.05750000000000462,True,True,820.7805618217977,850.0826346486712,29.302072826873427,True,0
2825,2017-03-24,851.68,847.6102124183283,-4.069787581671676,4.069787581671676,16.593181504428458,8.928094044835348,0.010000000000003595,0.06000000000000462,True,True,831.0170309138998,856.5383064631636,25.521275549263805,True,0
2826,2017-03-27,838.07,851.3537639910605,13.283763991060482,-13.283763991060482,14.7341916148157,8.822290002446039,0.012500000000003595,0.06250000000000462,True,True,836.6195723762448,860.1760539935066,23.55648161726174,True,0
2827,2017-03-28,851.75,838.3782279600925,-13.371772039907455,13.371772039907455,13.705209885036027,8.438883916509496,0.015000000000003596,0.06500000000000462,True,False,824.6730180750565,846.817111876602,22.144093801545523,False,1
2828,2017-03-29,859.05,850.9444871246692,-8.10551287533076,8.10551287533076,12.97660761808163,19.32966422878792,0.017500000000003596,0.017500000000004623,True,True,837.9678795065876,870.2741513534571,32.30627184686955,True,0
2829,2017-03-30,874.95,858.5966588402501,-16.353341159749903,16.353341159749903,11.714392023366656,17.118488921674782,0.020000000000003598,0.020000000000004625,True,True,846.8822668168834,875.715147761925,28.832880945041552,True,0
2830,2017-03-31,877.0,874.149011511142,-2.850988488857979,2.850988488857979,10.92408695002726,16.0192815041122,0.0225000000000036,0.022500000000004627,True,True,863.2249245611148,890.1682930152542,26.94336845413943,True,0
2831,2017-04-03,888.0,876.7742797490805,-11.225720250919494,11.225720250919494,10.094873795300316,15.076635603255681,0.025000000000003603,0.02500000000000463,True,True,866.6794059537801,891.8509153523362,25.171509398556054,True,0
2832,2017-04-04,891.5,887.382391493803,-4.11760850619703,4.11760850619703,9.705763876595825,14.221560323488916,0.027500000000003605,0.027500000000004632,True,True,877.6766276172071,901.6039518172919,23.92732420008474,True,0
2833,2017-04-05,910.82,891.2113882948848,-19.60861170511521,19.60861170511521,9.160021828584604,13.481333934367058,0.030000000000003607,0.030000000000004634,True,False,882.0513664663002,904.6927222292519,22.64135576295166,False,1
2834,2017-04-06,913.8,909.8991702844075,-3.9008297155924083,3.9008297155924083,8.730423433258636,inf,0.03250000000000361,-0.017499999999995366,True,True,901.1687468511489,inf,inf,True,0
2835,2017-04-07,899.65,913.5833318438098,13.93333184380981,-13.93333184380981,8.495406709490453,inf,0.03500000000000361,-0.014999999999995366,False,True,905.0879251343193,inf,inf,False,1
2836,2017-04-10,899.63,900.0145038605264,0.3845038605263653,-0.3845038605263653,inf,inf,-0.012499999999996389,-0.012499999999995366,True,True,-inf,inf,inf,True,0
2837,2017-04-11,907.04,899.388200578973,-7.651799421026908,7.651799421026908,inf,inf,-0.009999999999996389,-0.009999999999995365,True,True,-inf,inf,inf,True,0
2838,2017-04-12,903.09,906.5667100832709,3.4767100832708593,-3.4767100832708593,inf,inf,-0.007499999999996388,-0.0074999999999953645,True,True,-inf,inf,inf,True,0
2839,2017-04-13,891.45,903.0799970600476,11.629997060047572,-11.629997060047572,inf,inf,-0.0049999999999963875,-0.004999999999995364,True,True,-inf,inf,inf,True,0
2840,2017-04-17,887.5,891.6838483123676,4.183848312367559,-4.183848312367559,inf,inf,-0.002499999999996387,-0.0024999999999953636,True,True,-inf,inf,inf,True,0
2841,2017-04-18,900.99,887.4074350091518,-13.582564990848255,13.582564990848255,inf,inf,3.613429000459689e-15,4.636915851286005e-15,True,True,-inf,inf,inf,True,0
2842,2017-04-19,907.84,900.2567456951274,-7.583254304872639,7.583254304872639,35.93475631026149,46.16,0.002500000000003614,0.0025000000000046374,True,True,864.3219893848659,946.4167456951274,82.09475631026146,True,0
2843,2017-04-20,899.7,907.4327424464458,7.732742446445741,-7.732742446445741,22.960797860546336,43.55,0.005000000000003614,0.005000000000004638,True,True,884.4719445858995,950.9827424464457,66.51079786054629,True,0
2844,2017-04-21,902.67,899.8401295386235,-2.8298704613764585,2.8298704613764585,20.155905584008906,42.95,0.007500000000003615,0.007500000000004638,True,True,879.6842239546146,942.7901295386235,63.10590558400895,True,0
2845,2017-04-24,908.68,902.3327857610881,-6.347214238911874,6.347214238911874,16.593181504428458,37.34,0.010000000000003615,0.010000000000004639,True,True,885.7396042566596,939.6727857610881,53.93318150442849,True,0
2846,2017-04-25,907.04,908.2663704661177,1.2263704661177144,-1.2263704661177144,14.7341916148157,31.49753328109827,0.012500000000003616,0.01250000000000464,True,True,893.532178851302,939.763903747216,46.231724895914,True,0
2847,2017-04-26,910.3,906.9308680942556,-3.369131905744325,3.369131905744325,13.72033565449459,22.54750980674646,0.015000000000003616,0.01500000000000464,True,True,893.210532439761,929.4783779010021,36.26784546124111,True,0
2848,2017-04-27,914.39,909.9773692086657,-4.412630791334323,4.412630791334323,13.191261503260762,19.42002840166265,0.017500000000003617,0.01750000000000464,True,True,896.7861077054049,929.3973976103283,32.61128990492341,True,0
2849,2017-04-28,948.83,914.0542616935774,-34.77573830642268,34.77573830642268,12.098014082364102,17.424945233287076,0.02000000000000362,0.02000000000000464,True,False,901.9562476112133,931.4792069268644,29.52295931565118,False,1
2850,2017-05-01,927.8,947.3324304919179,19.53243049191792,-19.53243049191792,10.979582198089588,inf,0.02250000000000362,-0.02749999999999536,False,True,936.3528482938283,inf,inf,False,1
2851,2017-05-02,946.64,928.5481743443376,-18.091825655662433,18.091825655662433,inf,inf,-0.02499999999999638,-0.02499999999999536,True,True,-inf,inf,inf,True,0
2852,2017-05-03,946.0,945.6515542524721,-0.34844574752787594,0.34844574752787594,inf,inf,-0.022499999999996377,-0.022499999999995357,True,True,-inf,inf,inf,True,0
2853,2017-05-04,944.75,945.9316503049591,1.1816503049591347,-1.1816503049591347,inf,inf,-0.019999999999996375,-0.019999999999995355,True,True,-inf,inf,inf,True,0
2854,2017-05-05,940.52,944.6302613304132,4.110261330413209,-4.110261330413209,inf,inf,-0.017499999999996373,-0.017499999999995353,True,True,-inf,inf,inf,True,0
2855,2017-05-08,940.95,940.5097893578046,-0.4402106421954386,0.4402106421954386,inf,inf,-0.014999999999996372,-0.014999999999995352,True,True,-inf,inf,inf,True,0
2856,2017-05-09,952.8,940.7456919802828,-12.054308019717155,12.054308019717155,inf,inf,-0.012499999999996372,-0.012499999999995352,True,True,-inf,inf,inf,True,0
2857,2017-05-10,953.5,952.1719682762161,-1.3280317237838517,1.3280317237838517,inf,inf,-0.009999999999996371,-0.009999999999995351,True,True,-inf,inf,inf,True,0
2858,2017-05-11,945.11,953.3543325136521,8.244332513652125,-8.244332513652125,inf,inf,-0.007499999999996371,-0.007499999999995351,True,True,-inf,inf,inf,True,0
2859,2017-05-12,954.5,945.269557999924,-9.230442000075982,9.230442000075982,inf,inf,-0.00499999999999637,-0.00499999999999535,True,True,-inf,inf,inf,True,0
2860,2017-05-15,958.73,953.9357585535071,-4.794241446492947,4.794241446492947,inf,inf,-0.0024999999999963697,-0.0024999999999953497,True,True,-inf,inf,inf,True,0
2861,2017-05-16,961.0,958.4375958530052,-2.5624041469948224,2.5624041469948224,inf,inf,3.630776235219457e-15,4.65079363909382e-15,True,True,-inf,inf,inf,True,0
2862,2017-05-17,954.7,960.7672276141216,6.067227614121521,-6.067227614121521,35.93475631026149,46.16,0.0025000000000036313,0.0025000000000046513,True,True,924.8324713038601,1006.9272276141215,82.09475631026146,True,0
2863,2017-05-18,944.8,954.7889510829445,9.988951082944595,-9.988951082944595,22.960797860546336,43.55,0.005000000000003632,0.005000000000004652,True,True,931.8281532223982,998.3389510829445,66.51079786054629,True,0
2864,2017-05-19,962.84,944.9882804684995,-17.85171953150052,17.85171953150052,20.155905584008906,42.95,0.007500000000003632,0.007500000000004652,True,True,924.8323748844906,987.9382804684996,63.10590558400895,True,0
2865,2017-05-22,964.0,961.9285748639617,-2.0714251360383287,2.0714251360383287,16.601384741332822,37.34,0.010000000000003633,0.010000000000004653,True,True,945.3271901226288,999.2685748639617,53.941384741332854,True,0
2866,2017-05-23,975.02,963.8581658422781,-11.161834157721842,11.161834157721842,14.775062527264254,34.77573830642268,0.012500000000003633,0.012500000000004653,True,True,949.0831033150139,998.6339041487008,49.550800833686935,True,0
2867,2017-05-24,976.0,974.4380731830472,-1.5619268169527913,1.5619268169527913,13.754658537557475,22.630058440476432,0.015000000000003634,0.015000000000004654,True,True,960.6834146454897,997.0681316235236,36.38471697803391,True,0
2868,2017-05-25,984.85,975.8509011987617,-8.999098801238347,8.999098801238347,13.191261503260762,19.42002840166265,0.017500000000003634,0.017500000000004654,True,True,962.6596396955009,995.2709296004243,32.61128990492341,True,0
2869,2017-05-26,995.0,984.3612564811219,-10.638743518878073,10.638743518878073,12.098014082364102,17.591052939984706,0.020000000000003633,0.020000000000004653,True,True,972.2632423987578,1001.9523094211066,29.68906702234881,True,0
2870,2017-05-30,996.51,994.4986244722494,-2.0113755277506016,2.0113755277506016,11.088085541567068,16.353341159749903,0.022500000000003635,0.022500000000004655,True,True,983.4105389306824,1010.8519656319993,27.441426701316914,True,0
2871,2017-05-31,1000.0,996.3547957240073,-3.6452042759926826,3.6452042759926826,10.352954255708198,15.605145667666648,0.025000000000003637,0.025000000000004657,True,True,986.0018414682991,1011.959941391674,25.958099923374903,True,0
2872,2017-06-01,998.59,999.7373996453323,1.147399645332257,-1.147399645332257,9.91020213890016,14.50979092783848,0.02750000000000364,0.02750000000000466,True,True,989.8271975064322,1014.2471905731708,24.419993066738584,True,0
2873,2017-06-02,998.99,998.5246107950411,-0.46538920495891034,0.46538920495891034,9.354270026270342,13.725655545674073,0.030000000000003642,0.030000000000004662,True,True,989.1703407687708,1012.2502663407151,23.079925571944386,True,0
2874,2017-06-05,1007.23,998.8347921885581,-8.395207811441878,8.395207811441878,8.931101638219502,13.02567572597411,0.032500000000003644,0.032500000000004664,True,True,989.9036905503386,1011.8604679145323,21.956777364193613,True,0
2875,2017-06-06,1012.0,1006.7799470659678,-5.220052934032196,5.220052934032196,8.55436997936556,12.495747188778807,0.035000000000003646,0.035000000000004666,True,True,998.2255770866022,1019.2756942547467,21.050117168144425,True,0
2876,2017-06-07,1005.95,1011.7200987912405,5.770098791240457,-5.770098791240457,8.308067839245439,12.054308019717155,0.03750000000000365,0.03750000000000467,True,True,1003.4120309519951,1023.7744068109577,20.362375858962537,True,0
2877,2017-06-08,1012.06,1006.0736344149601,-5.9863655850398345,5.9863655850398345,7.9302506630996845,11.52006618403118,0.04000000000000365,0.04000000000000467,True,True,998.1433837518605,1017.5937005989913,19.450316847130807,True,0
2878,2017-06-09,1012.5,1011.67187262739,-0.8281273726099698,0.8281273726099698,7.684000375492587,11.181140241715411,0.04250000000000365,0.04250000000000467,True,True,1003.9878722518974,1022.8530128691054,18.865140617208,True,0
2879,2017-06-12,967.0,1012.3793224838151,45.379322483815145,-45.379322483815145,7.59001311200177,10.605041659669155,0.045000000000003655,0.045000000000004675,False,True,1004.7893093718134,1022.9843641434843,18.195054771670925,False,1
2880,2017-06-13,977.99,968.5759417321336,-9.41405826786638,9.41405826786638,inf,10.242797623626416,-0.0024999999999963454,0.04750000000000468,True,True,-inf,978.81873935576,inf,True,0
2881,2017-06-14,988.59,977.232191403292,-11.357808596708082,11.357808596708082,inf,10.083977175442328,3.6550623638831325e-15,0.05000000000000468,True,False,-inf,987.3161685787343,inf,False,1
2882,2017-06-15,958.7,988.0526599515657,29.35265995156567,-29.35265995156567,40.62023911325139,46.16,0.0025000000000036555,0.002500000000004679,True,True,947.4324208383143,1034.2126599515657,86.78023911325135,True,0
2883,2017-06-16,996.0,959.7166447744364,-36.28335522556358,36.28335522556358,28.867852672401852,43.55,0.005000000000003656,0.0050000000000046795,True,True,930.8487921020346,1003.2666447744364,72.41785267240175,True,0
2884,2017-06-19,1017.0,994.2241642633563,-22.77583573664367,22.77583573664367,21.80327228429178,42.95,0.0075000000000036565,0.00750000000000468,True,True,972.4208919790645,1037.1741642633563,64.75327228429171,True,0
2885,2017-06-20,998.0,1016.138509608805,18.138509608804952,-18.138509608804952,17.907007069328074,37.34,0.010000000000003657,0.01000000000000468,False,True,998.2315025394769,1053.4785096088049,55.24700706932799,False,1
2886,2017-06-21,998.7,998.6570858707609,-0.042914129239193244,0.042914129239193244,inf,34.77573830642268,-0.03749999999999634,0.012500000000004681,True,True,-inf,1033.4328241771836,inf,True,0
2887,2017-06-22,1002.23,998.4767257675704,-3.7532742324295896,3.7532742324295896,inf,22.77583573664367,-0.03499999999999634,0.015000000000004681,True,True,-inf,1021.2525615042141,inf,True,0
2888,2017-06-23,1002.54,1001.9442475864316,-0.5957524135683343,0.5957524135683343,inf,19.60861170511521,-0.03249999999999634,0.017500000000004682,True,True,-inf,1021.5528592915468,inf,True,0
2889,2017-06-26,1008.5,1002.3894995406177,-6.110500459382251,6.110500459382251,inf,17.85171953150052,-0.029999999999996335,0.02000000000000468,True,True,-inf,1020.2412190721183,inf,True,0
2890,2017-06-27,990.69,1008.1196518914043,17.429651891404205,-17.429651891404205,inf,16.530484733640037,-0.027499999999996333,0.022500000000004683,True,True,-inf,1024.6501366250443,inf,True,0
2891,2017-06-28,978.55,991.2515558090408,12.701555809040883,-12.701555809040883,inf,15.655653019141141,-0.02499999999999633,0.025000000000004685,True,True,-inf,1006.907208828182,inf,True,0
2892,2017-06-29,979.0,978.8169494590638,-0.1830505409361649,0.1830505409361649,inf,14.535889655771143,-0.02249999999999633,0.027500000000004687,True,True,-inf,993.352839114835,inf,True,0
2893,2017-06-30,980.12,978.7797199558933,-1.3402800441067484,1.3402800441067484,inf,13.882077475492906,-0.019999999999996326,0.03000000000000469,True,True,-inf,992.6617974313862,inf,True,0
2894,2017-07-03,972.79,979.9034311373998,7.113431137399857,-7.113431137399857,inf,13.057742191358784,-0.017499999999996324,0.03250000000000469,True,True,-inf,992.9611733287586,inf,True,0
2895,2017-07-05,961.53,972.9039972054414,11.37399720544147,-11.37399720544147,inf,12.647426188665804,-0.014999999999996324,0.035000000000004694,True,True,-inf,985.5514233941072,inf,True,0
2896,2017-07-06,964.66,961.7681466143645,-2.8918533856354998,2.8918533856354998,inf,12.105808063873866,-0.012499999999996323,0.037500000000004696,True,True,-inf,973.8739546782383,inf,True,0
2897,2017-07-07,969.55,964.3188952951953,-5.231104704804693,5.231104704804693,inf,11.586417839457766,-0.009999999999996323,0.0400000000000047,True,True,-inf,975.905313134653,inf,True,0
2898,2017-07-10,985.0,969.1761964291362,-15.823803570863788,15.823803570863788,inf,11.225720250919494,-0.007499999999996322,0.0425000000000047,True,False,-inf,980.4019166800557,inf,False,1
2899,2017-07-11,993.0,984.2181222137996,-8.781877786200425,8.781877786200425,inf,inf,-0.004999999999996322,-0.0049999999999953,True,True,-inf,inf,inf,True,0
2900,2017-07-12,1000.65,992.5511455246345,-8.098854475365442,8.098854475365442,inf,inf,-0.002499999999996321,-0.0024999999999952994,True,True,-inf,inf,inf,True,0
2901,2017-07-13,1004.62,1000.2035029664011,-4.416497033598944,4.416497033598944,inf,inf,3.679348492546808e-15,4.701100619897147e-15,True,True,-inf,inf,inf,True,0
2902,2017-07-14,1002.4,1004.3224609703369,1.9224609703369424,-1.9224609703369424,40.62023911325139,46.16,0.00250000000000368,0.0025000000000047016,True,True,963.7022218570855,1050.482460970337,86.78023911325135,True,0
2903,2017-07-17,1004.69,1002.3360790501706,-2.353920949829444,2.353920949829444,28.867852672401852,43.55,0.00500000000000368,0.005000000000004702,True,True,973.4682263777688,1045.8860790501706,72.41785267240175,True,0
2904,2017-07-18,1006.0,1004.4325334761709,-1.5674665238291254,1.5674665238291254,21.80327228429178,42.95,0.007500000000003681,0.0075000000000047026,True,True,982.6292611918791,1047.382533476171,64.75327228429182,True,0
2905,2017-07-19,1025.0,1005.793046910072,-19.206953089927993,19.206953089927993,17.907007069328074,37.25,0.010000000000003681,0.010000000000004703,True,True,987.8860398407439,1043.043046910072,55.157007069328074,True,0
2906,2017-07-20,1031.59,1024.098170007675,-7.491829992324938,7.491829992324938,15.724894180761225,34.77573830642268,0.012500000000003682,0.012500000000004704,True,True,1008.3732758269138,1058.8739083140977,50.50063248718391,True,0
2907,2017-07-21,1021.28,1031.2382237037148,9.958223703714793,-9.958223703714793,14.192602502058548,22.77583573664367,0.015000000000003682,0.015000000000004704,True,True,1017.0456212016562,1054.0140594403583,36.968438238702106,True,0
2908,2017-07-24,1028.34,1021.5536142786335,-6.7863857213664005,6.7863857213664005,13.346301063550015,19.60861170511521,0.017500000000003683,0.017500000000004706,True,True,1008.2073132150836,1041.1622259837486,32.954912768665054,True,0
2909,2017-07-25,1038.05,1027.889751508985,-10.160248491014954,10.160248491014954,12.686879823557888,17.85171953150052,0.02000000000000368,0.02000000000000471,True,True,1015.2028716854271,1045.7414710404855,30.53859935505841,True,0
2910,2017-07-26,1043.2,1037.544806975145,-5.6551930248549525,5.6551930248549525,11.629997060047572,16.609603249725637,0.022500000000003684,0.02250000000000471,True,True,1025.9148099150975,1054.1544102248708,28.239600309773323,True,0
2911,2017-07-27,1069.55,1042.887742626998,-26.66225737300192,26.66225737300192,10.92408695002726,15.823803570863788,0.025000000000003686,0.025000000000004713,True,False,1031.9636556769708,1058.711546197862,26.747890520891133,False,1
2912,2017-07-28,1012.14,1068.402264437041,56.262264437040926,-56.262264437040926,9.988951082944595,inf,0.027500000000003688,-0.022499999999995288,False,True,1058.4133133540963,inf,inf,False,1
2913,2017-07-31,1019.05,1014.2903819385676,-4.75961806143232,4.75961806143232,inf,inf,-0.019999999999996312,-0.019999999999995285,True,True,-inf,inf,inf,True,0
2914,2017-08-01,996.11,1018.4742281111427,22.364228111142666,-22.364228111142666,inf,inf,-0.01749999999999631,-0.017499999999995283,True,True,-inf,inf,inf,True,0
2915,2017-08-02,1001.77,996.869459861562,-4.900540138438032,4.900540138438032,inf,inf,-0.01499999999999631,-0.014999999999995283,True,True,-inf,inf,inf,True,0
2916,2017-08-03,999.47,1001.2917330733317,1.821733073331643,-1.821733073331643,inf,inf,-0.01249999999999631,-0.012499999999995282,True,True,-inf,inf,inf,True,0
2917,2017-08-04,989.68,999.4014637380261,9.72146373802616,-9.72146373802616,inf,inf,-0.009999999999996309,-0.009999999999995282,True,True,-inf,inf,inf,True,0
2918,2017-08-07,990.65,989.8791479941738,-0.7708520058262138,0.7708520058262138,inf,inf,-0.007499999999996308,-0.007499999999995281,True,True,-inf,inf,inf,True,0
2919,2017-08-08,994.35,990.3912192733142,-3.958780726685859,3.958780726685859,inf,inf,-0.004999999999996308,-0.004999999999995281,True,True,-inf,inf,inf,True,0
2920,2017-08-09,982.6,994.0159972689803,11.415997268980277,-11.415997268980277,inf,inf,-0.0024999999999963073,-0.0024999999999952803,True,True,-inf,inf,inf,True,0
2921,2017-08-10,976.3,982.8881410444794,6.588141044479471,-6.588141044479471,inf,inf,3.693226280354622e-15,4.720182578132892e-15,True,True,-inf,inf,inf,True,0
2922,2017-08-11,960.0,976.3154817581234,16.315481758123383,-16.315481758123383,42.26231445280291,46.16,0.0025000000000036937,0.0025000000000047207,True,True,934.0531673053205,1022.4754817581234,88.42231445280288,True,0
2923,2017-08-14,978.41,960.417787621504,-17.992212378495992,17.992212378495992,28.90205105231712,43.55,0.005000000000003694,0.005000000000004721,True,True,931.5157365691869,1003.9677876215039,72.45205105231707,True,0
2924,2017-08-15,988.9,977.400305522119,-11.499694477881008,11.499694477881008,21.993018046508723,42.95,0.007500000000003695,0.007500000000004722,True,True,955.4072874756102,1020.350305522119,64.94301804650877,True,0
2925,2017-08-16,981.65,988.3338219598977,6.6838219598977275,-6.6838219598977275,19.28883592222428,37.25,0.010000000000003695,0.010000000000004722,True,True,969.0449860376734,1025.5838219598977,56.53883592222428,True,0
2926,2017-08-17,977.84,981.7716766305076,3.9316766305075816,-3.9316766305075816,16.33779006578817,34.77573830642268,0.012500000000003696,0.012500000000004723,True,True,965.4338865647194,1016.5474149369303,51.11352837221091,True,0
2927,2017-08-18,961.4,977.7669016984428,16.366901698442803,-16.366901698442803,14.7341916148157,23.0511723130943,0.015000000000003696,0.015000000000004723,False,True,963.0327100836271,1000.8180740115371,37.78536392791,False,1
2928,2017-08-21,957.57,961.8297837827578,4.259783782757722,-4.259783782757722,inf,19.60861170511521,-0.0324999999999963,0.017500000000004724,True,True,-inf,981.438395487873,inf,True,0
2929,2017-08-22,955.52,957.4526997405278,1.9326997405278235,-1.9326997405278235,inf,18.091825655662433,-0.0299999999999963,0.020000000000004722,True,True,-inf,975.5445253961902,inf,True,0
2930,2017-08-23,959.38,955.3663279652249,-4.013672034775141,4.013672034775141,inf,17.118488921674782,-0.027499999999996298,0.022500000000004725,True,True,-inf,972.4848168868996,inf,True,0
2931,2017-08-24,957.42,958.9944155693794,1.5744155693794255,-1.5744155693794255,inf,15.98593978312681,-0.024999999999996296,0.025000000000004727,True,True,-inf,974.9803553525062,inf,True,0
2932,2017-08-25,956.0,957.2859498955227,1.2859498955226627,-1.2859498955226627,inf,15.076635603255681,-0.022499999999996294,0.02750000000000473,True,True,-inf,972.3625854987783,inf,True,0
2933,2017-08-28,946.54,955.8247380007315,9.284738000731522,-9.284738000731522,inf,14.221560323488916,-0.01999999999999629,0.03000000000000473,True,True,-inf,970.0462983242204,inf,True,0
2934,2017-08-29,940.0,946.6826243372761,6.682624337276138,-6.682624337276138,inf,13.481333934367058,-0.01749999999999629,0.03250000000000473,True,True,-inf,960.1639582716432,inf,True,0
2935,2017-08-30,958.44,939.9959342460621,-18.444065753937934,18.444065753937934,inf,12.762369254078436,-0.014999999999996289,0.035000000000004736,True,False,-inf,952.7583035001405,inf,False,1
2936,2017-08-31,974.7,957.4397649992839,-17.260235000716193,17.260235000716193,inf,inf,-0.012499999999996288,-0.012499999999995265,True,True,-inf,inf,inf,True,0
2937,2017-09-01,984.2,973.8771696404718,-10.322830359528211,10.322830359528211,inf,inf,-0.009999999999996288,-0.009999999999995264,True,True,-inf,inf,inf,True,0
2938,2017-09-05,975.4,983.6549759323856,8.254975932385605,-8.254975932385605,inf,inf,-0.007499999999996287,-0.007499999999995264,True,True,-inf,inf,inf,True,0
2939,2017-09-06,968.32,975.5622074202839,7.242207420283876,-7.242207420283876,inf,inf,-0.004999999999996287,-0.0049999999999952634,True,True,-inf,inf,inf,True,0
2940,2017-09-07,974.0,968.3547070067557,-5.645292993244311,5.645292993244311,inf,inf,-0.0024999999999962864,-0.002499999999995263,True,True,-inf,inf,inf,True,0
2941,2017-09-08,979.1,973.5300045488102,-5.569995451189811,5.569995451189811,inf,inf,3.714042962066344e-15,4.73752981289266e-15,True,True,-inf,inf,inf,True,0
2942,2017-09-11,974.46,978.6928517832555,4.232851783255455,-4.232851783255455,42.26231445280291,46.16,0.0025000000000037145,0.002500000000004738,True,True,936.4305373304526,1024.8528517832556,88.422314452803,True,0
2943,2017-09-12,983.27,974.4387924408813,-8.831207559118639,8.831207559118639,28.90205105231712,43.55,0.005000000000003715,0.0050000000000047385,True,True,945.5367413885642,1017.9887924408813,72.45205105231707,True,0
2944,2017-09-13,983.97,982.6842550007722,-1.285744999227859,1.285744999227859,21.861857017462057,42.92,0.0075000000000037155,0.007500000000004739,True,True,960.8223979833101,1025.6042550007721,64.78185701746202,True,0
2945,2017-09-14,996.8,983.7503346323499,-13.04966536765005,13.04966536765005,19.28883592222428,37.25,0.010000000000003716,0.01000000000000474,True,True,964.4614987101256,1021.0003346323499,56.53883592222428,True,0
2946,2017-09-15,993.01,996.0744203209498,3.0644203209498073,-3.0644203209498073,16.366901698442803,34.77573830642268,0.012500000000003716,0.01250000000000474,True,True,979.707518622507,1030.8501586273724,51.14264000486537,True,0
2947,2017-09-18,990.4,992.9878967128917,2.587896712891734,-2.587896712891734,14.7341916148157,22.77583573664367,0.015000000000003717,0.01500000000000474,True,True,978.253705098076,1015.7637324495354,37.51002735145937,True,0
2948,2017-09-19,977.25,990.2796649290206,13.029664929020555,-13.029664929020555,13.72033565449459,19.60861170511521,0.017500000000003717,0.01750000000000474,True,True,976.5593292745259,1009.8882766341358,33.328947359609856,True,0
2949,2017-09-20,971.79,977.5435282126527,5.753528212652782,-5.753528212652782,13.191261503260762,18.281849213999635,0.020000000000003716,0.020000000000004743,True,True,964.352266709392,995.8253774266524,31.473110717260397,True,0
2950,2017-09-21,971.31,971.7416400835274,0.43164008352744077,-0.43164008352744077,12.198762425887196,17.260235000716193,0.02250000000000372,0.022500000000004745,True,True,959.5428776576402,989.0018750842436,29.458997426603332,True,0
2951,2017-09-22,961.01,971.0831318553506,10.073131855350653,-10.073131855350653,11.37399720544147,16.268711187433382,0.02500000000000372,0.025000000000004748,True,True,959.7091346499092,987.351843042784,27.64270839287485,True,0
2952,2017-09-25,949.31,961.1825763596607,11.872576359660798,-11.872576359660798,10.470806985044419,15.121671376887434,0.027500000000003723,0.02750000000000475,False,True,950.7117693746163,976.3042477365482,25.592478361931853,False,1
2953,2017-09-26,945.49,949.5004956039115,4.010495603911522,-4.010495603911522,inf,14.499911127858638,-0.019999999999996278,0.030000000000004752,True,True,-inf,964.0004067317702,inf,True,0
2954,2017-09-27,948.0,945.3592928799247,-2.6407071200752625,2.6407071200752625,inf,13.582564990848255,-0.017499999999996275,0.032500000000004754,True,True,-inf,958.941857870773,inf,True,0
2955,2017-09-28,951.86,947.6401365249586,-4.219863475041393,4.219863475041393,inf,12.844833471415882,-0.014999999999996275,0.035000000000004756,True,True,-inf,960.4849699963745,inf,True,0
2956,2017-09-29,960.11,951.4664552856024,-8.643544714397649,8.643544714397649,inf,12.408820474369577,-0.012499999999996275,0.03750000000000476,True,True,-inf,963.8752757599719,inf,True,0
2957,2017-10-02,964.0,959.5480701142121,-4.451929885787877,4.451929885787877,inf,11.926404781122756,-0.009999999999996274,0.04000000000000476,True,True,-inf,971.4744748953349,inf,True,0
2958,2017-10-03,958.0,963.6287996002077,5.628799600207685,-5.628799600207685,inf,11.51211922195148,-0.0074999999999962735,0.04250000000000476,True,True,-inf,975.1409188221592,inf,True,0
2959,2017-10-04,954.21,958.0065470328533,3.7965470328532547,-3.7965470328532547,inf,11.181140241715411,-0.004999999999996273,0.045000000000004765,True,True,-inf,969.1876872745687,inf,True,0
2960,2017-10-05,970.0,954.096313404263,-15.903686595736986,15.903686595736986,inf,10.605041659669155,-0.0024999999999962726,0.04750000000000477,True,False,-inf,964.7013550639322,inf,False,1
2961,2017-10-06,975.64,969.1127607633439,-6.527239236656101,6.527239236656101,inf,inf,3.7279207498741584e-15,4.767020111984266e-15,True,True,-inf,inf,inf,True,0
2962,2017-10-09,993.24,975.2243445587937,-18.015655441206263,18.015655441206263,42.26231445280291,46.16,0.0025000000000037284,0.0025000000000047675,True,True,932.9620301059908,1021.3843445587937,88.42231445280288,True,0
2963,2017-10-10,996.67,992.3234219427515,-4.346578057248507,4.346578057248507,28.90205105231712,43.55,0.005000000000003729,0.005000000000004768,True,True,963.4213708904343,1035.8734219427515,72.45205105231719,True,0
2964,2017-10-11,991.27,996.3641079873458,5.094107987345865,-5.094107987345865,21.861857017462057,42.92,0.007500000000003729,0.0075000000000047685,True,True,974.5022509698838,1039.2841079873458,64.78185701746202,True,0
2965,2017-10-12,996.81,991.2675929070009,-5.542407092999042,5.542407092999042,19.28883592222428,37.25,0.01000000000000373,0.010000000000004769,True,True,971.9787569847766,1028.517592907001,56.53883592222439,True,0
2966,2017-10-13,1007.0,996.3470899658208,-10.652910034179172,10.652910034179172,16.33779006578817,31.49753328109827,0.01250000000000373,0.01250000000000477,True,True,980.0092999000326,1027.8446232469191,47.835323346886526,True,0
2967,2017-10-16,1008.44,1006.3896807363445,-2.050319263655524,2.050319263655524,14.7341916148157,22.77583573664367,0.01500000000000373,0.01500000000000477,True,True,991.6554891215288,1029.1655164729882,37.51002735145937,True,0
2968,2017-10-17,1005.59,1008.1950506139784,2.605050613978392,-2.605050613978392,13.72033565449459,19.60861170511521,0.01750000000000373,0.01750000000000477,True,True,994.4747149594839,1027.8036623190937,33.328947359609856,True,0
2969,2017-10-18,1009.27,1005.4869112453781,-3.783088754621872,3.783088754621872,13.029664929020555,18.091825655662433,0.02000000000000373,0.02000000000000477,True,True,992.4572463163576,1023.5787369010405,31.121490584682988,True,0
2970,2017-10-19,990.0,1008.8952236941204,18.895223694120432,-18.895223694120432,12.198762425887196,17.424945233287076,0.022500000000003732,0.022500000000004773,False,True,996.6964612682332,1026.3201689274074,29.623707659174215,False,1
2971,2017-10-20,993.53,990.5402017408293,-2.9897982591706977,2.9897982591706977,inf,16.268711187433382,-0.024999999999996268,0.025000000000004775,True,True,-inf,1006.8089129282627,inf,True,0
2972,2017-10-23,986.73,993.0992212402666,6.369221240266597,-6.369221240266597,inf,15.605145667666648,-0.022499999999996266,0.027500000000004778,True,True,-inf,1008.7043669079333,inf,True,0
2973,2017-10-24,969.0,986.7749547201987,17.774954720198707,-17.774954720198707,inf,14.501371801352093,-0.019999999999996264,0.03000000000000478,True,True,-inf,1001.2763265215508,inf,True,0
2974,2017-10-25,978.0,969.4322651228831,-8.56773487711689,8.56773487711689,inf,13.725655545674073,-0.01749999999999626,0.03250000000000478,True,True,-inf,983.1579206685572,inf,True,0
2975,2017-10-26,980.33,977.3410495714484,-2.988950428551675,2.988950428551675,inf,13.02567572597411,-0.014999999999996261,0.035000000000004784,True,True,-inf,990.3667252974225,inf,True,0
2976,2017-10-27,1058.14,980.0208552927859,-78.11914470721422,78.11914470721422,inf,12.495747188778807,-0.01249999999999626,0.037500000000004786,True,False,-inf,992.5166024815646,inf,False,1
2977,2017-10-30,1095.01,1054.7383432939669,-40.27165670603313,40.27165670603313,inf,inf,-0.00999999999999626,-0.009999999999995214,True,True,-inf,inf,inf,True,0
2978,2017-10-31,1109.0,1093.6994287722798,-15.300571227720184,15.300571227720184,inf,inf,-0.00749999999999626,-0.007499999999995214,True,True,-inf,inf,inf,True,0
2979,2017-11-01,1105.4,1108.4669991284536,3.066999128453517,-3.066999128453517,inf,inf,-0.004999999999996259,-0.004999999999995213,True,True,-inf,inf,inf,True,0
2980,2017-11-02,1097.81,1105.4383889972469,7.62838899724693,-7.62838899724693,inf,inf,-0.0024999999999962587,-0.0024999999999952126,True,True,-inf,inf,inf,True,0
2981,2017-11-03,1091.15,1097.9215152388824,6.77151523888233,-6.77151523888233,inf,inf,3.741798537681973e-15,4.7878367936959876e-15,True,True,-inf,inf,inf,True,0
2982,2017-11-06,1109.15,1091.203321239562,-17.94667876043809,17.94667876043809,42.26231445280291,46.47,0.0025000000000037423,0.0025000000000047883,True,True,1048.941006786759,1137.673321239562,88.73231445280294,True,0
2983,2017-11-07,1124.74,1108.2777356041393,-16.462264395860757,16.462264395860757,28.90205105231712,43.76,0.005000000000003743,0.005000000000004789,True,True,1079.3756845518221,1152.0377356041392,72.66205105231711,True,0
2984,2017-11-08,1122.82,1124.0731861062663,1.253186106266412,-1.253186106266412,21.861857017462057,42.95,0.007500000000003743,0.007500000000004789,True,True,1102.2113290888042,1167.0231861062664,64.81185701746222,True,0
2985,2017-11-09,1125.96,1122.809059202806,-3.1509407971939254,3.1509407971939254,19.28883592222428,37.61,0.010000000000003744,0.01000000000000479,True,True,1103.5202232805818,1160.419059202806,56.89883592222418,True,0
2986,2017-11-10,1126.1,1125.691099235236,-0.4089007647639846,0.4089007647639846,16.593181504428458,36.28335522556358,0.012500000000003744,0.01250000000000479,True,True,1109.0979177308075,1161.9744544607995,52.87653672999204,True,0
2987,2017-11-13,1123.0,1125.9637462214462,2.963746221446172,-2.963746221446172,14.962544374099338,24.30405681347247,0.015000000000003745,0.01500000000000479,True,True,1111.001201847347,1150.2678030349186,39.26660118757172,True,0
2988,2017-11-14,1130.11,1122.9710614549074,-7.138938545092515,7.138938545092515,13.754658537557475,19.733831611522135,0.017500000000003745,0.01750000000000479,True,True,1109.21640291735,1142.7048930664296,33.48849014907955,True,0
2989,2017-11-15,1127.01,1129.6853272593862,2.675327259386222,-2.675327259386222,13.283763991060482,18.444065753937934,0.020000000000003744,0.02000000000000479,True,True,1116.4015632683258,1148.1293930133243,31.727829744998417,True,0
2990,2017-11-16,1130.16,1127.0094163988558,-3.1505836011442625,3.1505836011442625,12.32189757182175,17.591052939984706,0.022500000000003746,0.022500000000004794,True,True,1114.6875188270342,1144.6004693388404,29.91295051180623,True,0
2991,2017-11-17,1138.28,1129.8842152235807,-8.395784776419305,8.395784776419305,11.535116995791213,16.530484733640037,0.02500000000000375,0.025000000000004796,True,True,1118.3490982277895,1146.4146999572208,28.065601729431364,True,0
2992,2017-11-20,1129.77,1137.8451273183036,8.075127318303657,-8.075127318303657,10.752487596655897,15.823803570863788,0.02750000000000375,0.0275000000000048,True,True,1127.0926397216476,1153.6689308891673,26.576291167519685,True,0
2993,2017-11-21,1132.86,1129.9771074340335,-2.8828925659663582,2.8828925659663582,10.073131855350653,15.076635603255681,0.030000000000003753,0.0300000000000048,True,True,1119.903975578683,1145.0537430372892,25.14976745860622,True,0
2994,2017-11-22,1141.0,1132.5647905687915,-8.435209431208477,8.435209431208477,9.72146373802616,13.973324868287676,0.032500000000003755,0.0325000000000048,True,True,1122.8433268307654,1146.5381154370791,23.69478860631375,True,0
2995,2017-11-24,1160.7,1140.5628596409879,-20.137140359012164,20.137140359012164,9.354270026270342,13.481333934367058,0.03500000000000376,0.035000000000004805,True,False,1131.2085896147175,1154.044193575355,22.8356039606374,False,1
2996,2017-11-27,1202.66,1159.8570740592384,-42.802925940761725,42.802925940761725,8.931101638219502,inf,0.03750000000000376,-0.012499999999995196,True,True,1150.9259724210187,inf,inf,True,0
2997,2017-11-28,1204.88,1201.0560179912943,-3.823982008705798,3.823982008705798,8.55436997936556,inf,0.04000000000000376,-0.009999999999995195,True,True,1192.5016480119289,inf,inf,True,0
2998,2017-11-29,1194.8,1204.8910000553797,10.091000055379709,-10.091000055379709,8.254975932385605,inf,0.042500000000003764,-0.0074999999999951945,False,True,1196.636024122994,inf,inf,False,1
2999,2017-11-30,1167.1,1195.0974734824974,27.997473482497526,-27.997473482497526,inf,inf,-0.004999999999996237,-0.004999999999995194,True,True,-inf,inf,inf,True,0
3000,2017-12-01,1172.05,1167.969767550726,-4.080232449274035,4.080232449274035,inf,inf,-0.002499999999996236,-0.0024999999999951936,True,True,-inf,inf,inf,True,0
3001,2017-12-04,1173.85,1171.643021153453,-2.2069788465469173,2.2069788465469173,inf,inf,3.7643499428696714e-15,4.8069187519317325e-15,True,True,-inf,inf,inf,True,0
3002,2017-12-05,1128.26,1173.6857476595203,45.42574765952031,-45.42574765952031,42.26231445280291,46.47,0.002500000000003765,0.0025000000000048074,False,True,1131.4234332067174,1220.1557476595203,88.73231445280294,False,1
3003,2017-12-06,1137.99,1129.7849400716173,-8.205059928382752,8.205059928382752,inf,43.55,-0.04499999999999624,0.005000000000004808,True,True,-inf,1173.3349400716172,inf,True,0
3004,2017-12-07,1156.59,1137.30083276625,-19.289167233749822,19.289167233749822,inf,42.95,-0.042499999999996235,0.007500000000004808,True,True,-inf,1180.2508327662501,inf,True,0
3005,2017-12-08,1170.4,1155.7806127965011,-14.619387203498945,14.619387203498945,inf,37.61,-0.03999999999999623,0.010000000000004809,True,True,-inf,1193.390612796501,inf,True,0
3006,2017-12-11,1164.6,1169.8185239392512,5.218523939251327,-5.218523939251327,inf,36.7,-0.03749999999999623,0.01250000000000481,True,True,-inf,1206.5185239392513,inf,True,0
3007,2017-12-12,1166.51,1164.7326217885443,-1.777378211455698,1.777378211455698,inf,24.30405681347247,-0.03499999999999623,0.01500000000000481,True,True,-inf,1189.0366786020168,inf,True,0
3008,2017-12-13,1170.0,1166.287860617214,-3.712139382786063,3.712139382786063,inf,20.948124652701836,-0.032499999999996226,0.01750000000000481,True,True,-inf,1187.2359852699158,inf,True,0
3009,2017-12-14,1163.71,1169.746552628534,6.036552628533855,-6.036552628533855,inf,19.206953089927993,-0.029999999999996224,0.020000000000004813,True,True,-inf,1188.9535057184619,inf,True,0
3010,2017-12-15,1179.03,1163.8215472071452,-15.208452792854814,15.208452792854814,inf,17.94667876043809,-0.027499999999996222,0.022500000000004815,True,True,-inf,1181.7682259675832,inf,True,0
3011,2017-12-18,1187.37,1178.3062725525363,-9.063727447463634,9.063727447463634,inf,16.678835437798057,-0.02499999999999622,0.025000000000004817,True,True,-inf,1194.9851079903342,inf,True,0
3012,2017-12-19,1189.15,1186.992591859538,-2.1574081404621666,2.1574081404621666,inf,16.0192815041122,-0.022499999999996217,0.02750000000000482,True,True,-inf,1203.01187336365,inf,True,0
3013,2017-12-20,1190.5,1188.9968294460728,-1.503170553927248,1.503170553927248,inf,15.300571227720184,-0.019999999999996215,0.03000000000000482,True,True,-inf,1204.297400673793,inf,True,0
3014,2017-12-21,1175.9,1190.3408667035208,14.440866703520669,-14.440866703520669,inf,14.535889655771143,-0.017499999999996213,0.032500000000004824,True,True,-inf,1204.876756359292,inf,True,0
3015,2017-12-22,1172.08,1176.319429418815,4.239429418815007,-4.239429418815007,inf,13.806674681144727,-0.014999999999996213,0.035000000000004826,True,True,-inf,1190.1261040999598,inf,True,0
3016,2017-12-26,1168.36,1172.039014336131,3.679014336131104,-3.679014336131104,inf,13.04966536765005,-0.012499999999996212,0.03750000000000483,True,True,-inf,1185.088679703781,inf,True,0
3017,2017-12-27,1179.91,1168.3461796370748,-11.563820362925298,11.563820362925298,inf,12.647426188665804,-0.009999999999996212,0.04000000000000483,True,True,-inf,1180.9936058257406,inf,True,0
3018,2017-12-28,1189.0,1179.3310810042246,-9.668918995775357,9.668918995775357,inf,12.054308019717155,-0.007499999999996211,0.04250000000000483,True,True,-inf,1191.3853890239418,inf,True,0
3019,2017-12-29,1182.35,1188.5741884613885,6.224188461388621,-6.224188461388621,inf,11.563820362925298,-0.004999999999996211,0.045000000000004835,True,True,-inf,1200.1380088243138,inf,True,0
