step,timestamp,y,forecast,score_lower,score_upper,q_lower,q_upper,alpha_lower,alpha_upper,lower_tail_covered,upper_tail_covered,lower_bound,upper_bound,width,covered,miss
0,2006-01-03,47.47,1.0,-46.47,46.47,inf,inf,0.05,0.05,True,True,-inf,inf,inf,True,0
1,2006-01-04,47.48,1.0,-46.48,46.48,inf,inf,0.05,0.05,True,True,-inf,inf,inf,True,0
2,2006-01-05,47.16,1.0,-46.16,46.16,inf,inf,0.05,0.05,True,True,-inf,inf,inf,True,0
3,2006-01-06,47.97,1.0,-46.97,46.97,inf,inf,0.05,0.05,True,True,-inf,inf,inf,True,0
4,2006-01-09,46.55,1.0,-45.55,45.55,inf,inf,0.05,0.05,True,True,-inf,inf,inf,True,0
5,2006-01-10,46.41,1.0,-45.41,45.41,inf,inf,0.05,0.05,True,True,-inf,inf,inf,True,0
6,2006-01-11,45.65,1.0,-44.65,44.65,inf,inf,0.05,0.05,True,True,-inf,inf,inf,True,0
7,2006-01-12,44.79,1.0,-43.79,43.79,inf,inf,0.05,0.05,True,True,-inf,inf,inf,True,0
8,2006-01-13,44.48,1.0,-43.48,43.48,inf,inf,0.05,0.05,True,True,-inf,inf,inf,True,0
9,2006-01-17,43.95,1.0,-42.95,42.95,inf,inf,0.05,0.05,True,True,-inf,inf,inf,True,0
10,2006-01-18,43.19,1.0,-42.19,42.19,inf,inf,0.05,0.05,True,True,-inf,inf,inf,True,0
11,2006-01-19,44.5,1.0,-43.5,43.5,inf,inf,0.05,0.05,True,True,-inf,inf,inf,True,0
12,2006-01-20,44.23,1.0,-43.23,43.23,inf,inf,0.05,0.05,True,True,-inf,inf,inf,True,0
13,2006-01-23,44.18,1.0,-43.18,43.18,inf,inf,0.05,0.05,True,True,-inf,inf,inf,True,0
14,2006-01-24,43.66,1.0,-42.66,42.66,inf,inf,0.05,0.05,True,True,-inf,inf,inf,True,0
15,2006-01-25,44.05,1.0,-43.05,43.05,inf,inf,0.05,0.05,True,True,-inf,inf,inf,True,0
16,2006-01-26,43.95,1.0,-42.95,42.95,inf,inf,0.05,0.05,True,True,-inf,inf,inf,True,0
17,2006-01-27,44.55,1.0,-43.55,43.55,inf,inf,0.05,0.05,True,True,-inf,inf,inf,True,0
18,2006-01-30,45.41,1.0,-44.41,44.41,inf,inf,0.05,0.05,True,True,-inf,inf,inf,True,0
19,2006-01-31,44.76,1.0,-43.76,43.76,inf,inf,0.05,0.05,True,True,-inf,inf,inf,True,0
20,2006-02-01,43.92,1.0,-42.92,42.92,inf,inf,0.05,0.05,True,True,-inf,inf,inf,True,0
21,2006-02-02,43.84,1.0,-42.84,42.84,-42.66,46.48,0.05,0.05,True,True,43.66,47.48,3.8200000000000003,True,0
22,2006-02-03,37.7,1.0,-36.7,36.7,-42.669,46.479499999999994,0.05,0.05,False,True,43.669,47.479499999999994,3.8104999999999976,False,1
23,2006-02-06,38.34,1.0,-37.34,37.34,-42.236999999999995,46.479,0.05,0.05,False,True,43.236999999999995,47.479,4.242000000000004,False,1
24,2006-02-07,38.08,1.0,-37.08,37.08,-38.06750000000001,46.4785,0.05,0.05,False,True,39.06750000000001,47.4785,8.410999999999987,False,1
25,2006-02-08,37.7,1.0,-36.7,36.7,-37.132,46.477999999999994,0.05,0.05,False,True,38.132,47.477999999999994,9.345999999999997,False,1
26,2006-02-09,38.61,1.0,-37.61,37.61,-36.795,46.4775,0.05,0.05,True,True,37.795,47.4775,9.682499999999997,True,0
27,2006-02-10,37.98,1.0,-36.98,36.98,-36.814,46.477,0.05,0.05,True,True,37.814,47.477,9.662999999999997,True,0
28,2006-02-13,38.25,1.0,-37.25,37.25,-36.798,46.476499999999994,0.05,0.05,True,True,37.798,47.476499999999994,9.678499999999993,True,0
29,2006-02-14,38.04,1.0,-37.04,37.04,-36.812,46.476,0.05,0.05,True,True,37.812,47.476,9.664000000000001,True,0
30,2006-02-15,38.24,38.41325158199922,0.1732515819992173,-0.1732515819992173,-36.826,46.4755,0.05,0.05,False,True,75.23925158199921,84.88875158199922,9.649500000000003,False,1
31,2006-02-16,39.37,38.4783940862664,-0.8916059137335992,0.8916059137335992,-36.7,46.474999999999994,0.05,0.05,False,True,75.1783940862664,84.9533940862664,9.775000000000006,False,1
32,2006-02-17,38.93,39.63605891896633,0.7060589189663276,-0.7060589189663276,-20.586222661180148,46.4745,0.05,0.05,False,True,60.22228158014647,86.11055891896632,25.888277338819847,False,1
33,2006-02-21,39.01,39.40671010288421,0.3967101028842137,-0.3967101028842137,-0.4656629154404741,46.474,0.05,0.05,False,True,39.87237301832469,85.88071010288421,46.00833708455952,False,1
34,2006-02-22,38.31,39.1658330509893,0.8558330509892969,-0.8558330509892969,0.25146206430896556,46.4735,0.05,0.05,False,True,38.91437098668033,85.63933305098931,46.724962064308976,False,1
35,2006-02-23,38.62,38.60097568705054,-0.019024312949454725,0.019024312949454725,0.48951474770884695,46.473,0.05,0.05,True,True,38.1114609393417,85.07397568705053,46.96251474770884,True,0
36,2006-02-24,38.25,38.699826987387354,0.44982698738735394,-0.44982698738735394,0.47404730690474217,46.4725,0.05,0.05,True,True,38.22577968048261,85.17232698738735,46.94654730690474,True,0
37,2006-02-27,38.4,38.54064306953705,0.14064306953704886,-0.14064306953704886,0.5010733737031475,46.472,0.05,0.05,True,True,38.0395696958339,85.01264306953705,46.97307337370315,True,0
38,2006-02-28,37.79,38.52578044853799,0.7357804485379944,-0.7357804485379944,0.4882617771241996,46.4715,0.05,0.05,False,True,38.03751867141379,84.99728044853799,46.9597617771242,False,1
39,2006-03-01,37.45,38.05820505702436,0.6082050570243567,-0.6082050570243567,0.7090310719234942,46.471,0.05,0.05,True,True,37.34917398510086,84.52920505702436,47.180031071923494,True,0
40,2006-03-02,35.64,37.56268180081046,1.9226818008104587,-1.9226818008104587,0.7075449954449108,46.4705,0.05,0.05,False,True,36.85513680536555,84.03318180081047,47.17804499544492,False,1
41,2006-03-03,36.89,35.88084949876878,-1.0091505012312183,1.0091505012312183,0.7357804485379944,46.47,0.05,0.05,True,True,35.14506905023079,82.35084949876878,47.20578044853799,True,0
42,2006-03-06,37.32,36.621909902820796,-0.6980900971792039,0.6980900971792039,0.734294372059411,46.454499999999996,0.05,0.05,True,True,35.88761553076139,83.07640990282079,47.1887943720594,True,0
43,2006-03-07,36.71,37.671239303273495,0.9612393032734943,-0.9612393032734943,0.7328082955808277,46.439,0.05,0.05,False,True,36.93843100769267,84.11023930327349,47.17180829558082,False,1
44,2006-03-08,36.72,36.987953316213456,0.2679533162134575,-0.2679533162134575,0.8378251606216016,46.4235,0.05,0.05,True,True,36.15012815559186,83.41145331621345,47.261325160621595,True,0
45,2006-03-09,36.8,36.80084817152182,0.0008481715218238151,-0.0008481715218238151,0.831822530499036,46.407999999999994,0.05,0.05,True,True,35.96902564102278,83.20884817152182,47.23982253049904,True,0
46,2006-03-10,36.24,36.94303628270688,0.7030362827068757,-0.7030362827068757,0.8258199003764712,46.3925,0.05,0.05,True,True,36.117216382330405,83.33553628270687,47.218319900376464,True,0
47,2006-03-13,36.31,36.45017725873504,0.1401772587350365,-0.1401772587350365,0.8198172702539056,46.376999999999995,0.05,0.05,True,True,35.63035998848113,82.82717725873503,47.1968172702539,True,0
48,2006-03-14,36.04,36.37427076486977,0.33427076486977114,-0.33427076486977114,0.8138146401313409,46.3615,0.05,0.05,True,True,35.56045612473843,82.73577076486977,47.17531464013134,True,0
49,2006-03-15,36.95,36.20850946770649,-0.7414905322935113,0.7414905322935113,0.8078120100087752,46.346,0.05,0.05,True,True,35.40069745769772,82.55450946770648,47.153812010008764,True,0
50,2006-03-16,37.08,36.94918796305458,-0.13081203694542154,0.13081203694542154,0.8018093798862104,46.330499999999994,0.05,0.05,True,True,36.14737858316837,83.27968796305457,47.1323093798862,True,0
51,2006-03-17,36.88,37.30713026067453,0.42713026067453086,-0.42713026067453086,0.7958067497636456,46.315,0.05,0.05,True,True,36.511323510910884,83.62213026067454,47.110806749763654,True,0
52,2006-03-20,35.92,37.03716698169513,1.117166981695128,-1.117166981695128,0.78980411964108,46.299499999999995,0.05,0.05,False,True,36.24736286205405,83.33666698169512,47.08930411964107,False,1
53,2006-03-21,36.33,36.1201032923631,-0.20989670763690071,0.20989670763690071,0.8979955519029756,46.284,0.05,0.05,True,True,35.222107740460125,82.40410329236309,47.181995551902965,True,0
54,2006-03-22,36.0,36.29757538918925,0.2975753891892481,-0.2975753891892481,0.8927252392887653,46.268499999999996,0.05,0.05,True,True,35.40485014990048,82.56607538918925,47.16122523928877,True,0
55,2006-03-23,35.96,36.19647313704774,0.23647313704773865,-0.23647313704773865,0.8874549266745557,46.25299999999999,0.05,0.05,True,True,35.30901821037318,82.44947313704773,47.14045492667455,True,0
56,2006-03-24,35.72,36.03773742653546,0.31773742653545867,-0.31773742653545867,0.8821846140603462,46.2375,0.05,0.05,True,True,35.15555281247511,82.27523742653545,47.11968461406035,True,0
57,2006-03-27,35.5,35.84879365032934,0.3487936503293412,-0.3487936503293412,0.8769143014461359,46.221999999999994,0.05,0.05,True,True,34.971879348883206,82.07079365032934,47.09891430144613,True,0
58,2006-03-28,35.21,35.60092043904647,0.390920439046468,-0.390920439046468,0.8716439888319263,46.2065,0.05,0.05,True,True,34.72927645021454,81.80742043904647,47.078143988831926,True,0
59,2006-03-29,35.69,35.31713515249522,-0.3728648475047791,0.3728648475047791,0.866373676217716,46.190999999999995,0.05,0.05,True,True,34.4507614762775,81.50813515249521,47.057373676217715,True,0
60,2006-03-30,36.45,35.700410301478186,-0.7495896985218167,0.7495896985218167,0.8611033636035064,46.17549999999999,0.05,0.05,True,True,34.83930693787468,81.87591030147817,47.03660336360349,True,0
61,2006-03-31,36.68,36.52111224716598,-0.15888775283401912,0.15888775283401912,0.8558330509892969,46.16,0.05,0.05,True,True,35.665279196176684,82.68111224716597,47.015833050989286,True,0
62,2006-04-03,36.67,36.83729451415845,0.1672945141584492,-0.1672945141584492,0.8498304208667312,46.12949999999999,0.05,0.05,True,True,35.98746409329172,82.96679451415844,46.97933042086672,True,0
63,2006-04-04,36.14,36.78736237403666,0.6473623740366605,-0.6473623740366605,0.8438277907441665,46.099,0.05,0.05,True,True,35.9435345832925,82.88636237403665,46.942827790744154,True,0
64,2006-04-05,36.66,36.285072605776854,-0.3749273942231426,0.3749273942231426,0.8378251606216008,46.06849999999999,0.05,0.05,True,True,35.447247445155256,82.35357260577685,46.90632516062159,True,0
65,2006-04-06,37.2,36.63545331112288,-0.5645466888771224,0.5645466888771224,0.831822530499036,46.038,0.05,0.05,True,True,35.80363078062384,82.67345331112287,46.86982253049903,True,0
66,2006-04-07,38.55,37.28137253559436,-1.2686274644056397,1.2686274644056397,0.8258199003764712,46.00749999999999,0.05,0.05,True,True,36.455552635217884,83.28887253559435,46.833319900376466,True,0
67,2006-04-10,37.16,38.571366770963415,1.4113667709634186,-1.4113667709634186,0.8198172702539056,45.977,0.05,0.05,False,True,37.75154950070951,84.54836677096341,46.796817270253904,False,1
68,2006-04-11,36.61,37.53878687465152,0.9287868746515215,-0.9287868746515215,0.924347114974025,45.94649999999999,0.05,0.05,False,True,36.614439759677495,83.4852868746515,46.87084711497401,False,1
69,2006-04-12,35.91,36.64987237487255,0.7398723748725544,-0.7398723748725544,0.948258331824705,45.916,0.05,0.05,True,True,35.70161404304785,82.56587237487255,46.86425833182471,True,0
70,2006-04-13,35.95,36.01595874936027,0.06595874936027002,-0.06595874936027002,0.9466357103936065,45.88549999999999,0.05,0.05,True,True,35.069323038966665,81.90145874936027,46.83213571039361,True,0
71,2006-04-17,36.47,35.96992038222933,-0.5000796177706661,0.5000796177706661,0.9450130889625079,45.855,0.05,0.05,True,True,35.02490729326682,81.82492038222932,46.8000130889625,True,0
72,2006-04-18,35.39,36.51189003088416,1.1218900308841597,-1.1218900308841597,0.9433904675314093,45.8245,0.05,0.05,False,True,35.56849956335275,82.33639003088416,46.76789046753141,False,1
73,2006-04-19,36.12,35.6353654146277,-0.484634585372298,0.484634585372298,1.0236103746421463,45.79399999999999,0.05,0.05,True,True,34.61175503998555,81.42936541462768,46.81761037464213,True,0
74,2006-04-20,36.7,36.02280445922612,-0.6771955407738801,0.6771955407738801,1.0158139907210653,45.76349999999999,0.05,0.05,True,True,35.00699046850506,81.78630445922612,46.77931399072106,True,0
75,2006-04-21,36.62,36.77913283853928,0.15913283853928561,-0.15913283853928561,1.008017606799984,45.733,0.05,0.05,True,True,35.7711152317393,82.51213283853929,46.741017606799986,True,0
76,2006-04-24,36.12,36.75304547161565,0.6330454716156524,-0.6330454716156524,1.0002212228789027,45.7025,0.05,0.05,True,True,35.752824248736744,82.45554547161565,46.70272122287891,True,0
77,2006-04-25,35.59,36.249000469353255,0.6590004693532521,-0.6590004693532521,0.9924248389578214,45.672,0.05,0.05,True,True,35.25657563039543,81.92100046935326,46.66442483895783,True,0
78,2006-04-26,35.34,35.69209390188234,0.35209390188233414,-0.35209390188233414,0.984628455036738,45.64149999999999,0.05,0.05,True,True,34.707465446845596,81.33359390188232,46.62612845503673,True,0
79,2006-04-27,35.5,35.40708458811624,-0.09291541188375874,0.09291541188375874,0.9768320711156567,45.611,0.05,0.05,True,True,34.43025251700058,81.01808458811624,46.587832071115656,True,0
80,2006-04-28,35.77,35.543499011202286,-0.22650098879771718,0.22650098879771718,0.9690356871945756,45.580499999999994,0.05,0.05,True,True,34.57446332400771,81.12399901120227,46.54953568719456,True,0
81,2006-05-01,35.19,35.8322809977151,0.6422809977151047,-0.6422809977151047,0.9612393032734943,45.55,0.05,0.05,True,True,34.87104169444161,81.3822809977151,46.51123930327349,True,0
82,2006-05-02,34.64,35.34578427570186,0.7057842757018591,-0.7057842757018591,0.9596166818423957,45.543,0.05,0.05,True,True,34.38616759385946,80.88878427570185,46.50261668184239,True,0
83,2006-05-03,34.29,34.73457213666613,0.4445721366661317,-0.4445721366661317,0.9579940604112968,45.535999999999994,0.05,0.05,True,True,33.776578076254836,80.27057213666612,46.49399406041128,True,0
84,2006-05-04,34.62,34.36544376773439,-0.25455623226560675,0.25455623226560675,0.9563714389801982,45.528999999999996,0.05,0.05,True,True,33.40907232875419,79.89444376773439,46.485371438980195,True,0
85,2006-05-05,34.64,34.638612704461515,-0.001387295538485489,0.001387295538485489,0.9547488175490997,45.522,0.05,0.05,True,True,33.68386388691241,80.16061270446151,46.4767488175491,True,0
86,2006-05-08,34.99,34.73339679140576,-0.25660320859424246,0.25660320859424246,0.9531261961180011,45.515,0.05,0.05,True,True,33.78027059528776,80.24839679140575,46.46812619611799,True,0
87,2006-05-09,34.42,35.02969801917967,0.6096980191796675,-0.6096980191796675,0.9515035746869025,45.507999999999996,0.05,0.05,True,True,34.078194444492766,80.53769801917966,46.45950357468689,True,0
88,2006-05-10,34.68,34.57080965437498,-0.1091903456250165,0.1091903456250165,0.9498809532558036,45.501,0.05,0.05,True,True,33.620928701119176,80.07180965437499,46.45088095325581,True,0
89,2006-05-11,34.12,34.68347957423927,0.563479574239274,-0.563479574239274,0.948258331824705,45.49399999999999,0.05,0.05,True,True,33.73522124241457,80.17747957423927,46.4422583318247,True,0
90,2006-05-12,33.56,34.26506724934898,0.7050672493489785,-0.7050672493489785,0.9466357103936065,45.486999999999995,0.05,0.05,True,True,33.31843153895537,79.75206724934898,46.43363571039361,True,0
91,2006-05-15,32.55,33.64296599246585,1.0929659924658495,-1.0929659924658495,0.9450130889625079,45.48,0.05,0.05,False,True,32.697952903503335,79.12296599246585,46.425013088962515,False,1
92,2006-05-16,32.84,32.65729720302995,-0.1827027969700552,0.1827027969700552,1.0205163134100546,45.473,0.05,0.05,True,True,31.636780889619892,78.13029720302995,46.49351631341006,True,0
93,2006-05-17,32.45,32.7982072613131,0.34820726131309954,-0.34820726131309954,1.0139299789504352,45.465999999999994,0.05,0.05,True,True,31.784277282362666,78.26420726131309,46.47992997895042,True,0
94,2006-05-18,31.71,32.57225323200624,0.862253232006239,-0.862253232006239,1.007343644490818,45.458999999999996,0.05,0.05,True,True,31.564909587515423,78.03125323200624,46.46634364449081,True,0
95,2006-05-19,32.66,31.80180926420809,-0.8581907357919079,0.8581907357919079,1.0007573100312004,45.452,0.05,0.05,True,True,30.801051954176888,77.25380926420809,46.4527573100312,True,0
96,2006-05-22,33.96,32.56906172466342,-1.3909382753365804,1.3909382753365804,0.9941709755715831,45.44499999999999,0.05,0.05,True,True,31.574890749091836,78.0140617246634,46.43917097557157,True,0
97,2006-05-23,35.0,33.989811905924995,-1.010188094075005,1.010188094075005,0.9875846411119638,45.437999999999995,0.05,0.05,True,True,33.00222726481303,79.42781190592498,46.42558464111195,True,0
98,2006-05-24,33.41,35.13601490055353,1.7260149005535368,-1.7260149005535368,0.9809983066523464,45.431,0.05,0.05,False,True,34.15501659390119,80.56701490055353,46.41199830665234,False,1
99,2006-05-25,35.36,33.6406877834316,-1.7193122165683974,1.7193122165683974,1.0953860913887772,45.42399999999999,0.05,0.05,True,True,32.54530169204283,79.0646877834316,46.51938609138877,True,0
100,2006-05-26,35.66,35.07913105455782,-0.5808689454421767,0.5808689454421767,1.0941760419273132,45.416999999999994,0.05,0.05,True,True,33.98495501263051,80.49613105455782,46.511176041927314,True,0
101,2006-05-30,35.73,35.81587679006547,0.08587679006546978,-0.08587679006546978,1.0929659924658495,45.41,0.05,0.05,True,True,34.72291079759962,81.22587679006546,46.50296599246584,True,0
102,2006-05-31,34.74,35.79989291218529,1.0598929121852905,-1.0598929121852905,1.0929659924658495,45.41,0.05025,0.05025,True,True,34.70692691971944,81.2098929121853,46.50296599246585,True,0
103,2006-06-01,34.62,34.91404725242171,0.2940472524217128,-0.2940472524217128,1.0929659924658495,45.41,0.0505,0.0505,True,True,33.82108125995586,80.3240472524217,46.502965992465846,True,0
104,2006-06-02,34.68,34.65321174226028,-0.02678825773971738,0.02678825773971738,1.0929659924658495,45.41,0.05075,0.05075,True,True,33.56024574979443,80.06321174226028,46.502965992465846,True,0
105,2006-06-05,34.46,34.73302657361969,0.2730265736196884,-0.2730265736196884,1.0929659924658495,45.41,0.051000000000000004,0.051000000000000004,True,True,33.64006058115384,80.1430265736197,46.50296599246585,True,0
106,2006-06-06,33.58,34.5499136312409,0.9699136312408996,-0.9699136312408996,1.0929659924658495,45.41,0.051250000000000004,0.051250000000000004,True,True,33.45694763877505,79.9599136312409,46.502965992465846,True,0
107,2006-06-07,33.4,33.72466139377225,0.3246613937722529,-0.3246613937722529,1.0929659924658495,45.41,0.051500000000000004,0.051500000000000004,True,True,32.6316954013064,79.13466139377225,46.502965992465846,True,0
108,2006-06-08,33.55,33.44289360104929,-0.10710639895070528,0.10710639895070528,1.0929659924658495,45.41,0.051750000000000004,0.051750000000000004,True,True,32.34992760858344,78.85289360104929,46.502965992465846,True,0
109,2006-06-09,33.5,33.59113932253861,0.09113932253860924,-0.09113932253860924,1.0929659924658495,45.41,0.052000000000000005,0.052000000000000005,True,True,32.49817333007276,79.0011393225386,46.502965992465846,True,0
110,2006-06-12,34.0,33.57449655896196,-0.42550344103803894,0.42550344103803894,1.0929659924658495,45.41,0.052250000000000005,0.052250000000000005,True,True,32.48153056649611,78.98449655896195,46.50296599246584,True,0
111,2006-06-13,33.49,34.010460235715556,0.5204602357155537,-0.5204602357155537,1.0929659924658495,45.41,0.052500000000000005,0.052500000000000005,True,True,32.917494243249706,79.42046023571555,46.502965992465846,True,0
112,2006-06-14,33.5,33.62609101252737,0.1260910125273682,-0.1260910125273682,1.0929659924658495,45.41,0.052750000000000005,0.052750000000000005,True,True,32.53312502006152,79.03609101252736,46.502965992465846,True,0
113,2006-06-15,33.84,33.53703134017222,-0.3029686598277834,0.3029686598277834,1.0929659924658495,45.41,0.053000000000000005,0.053000000000000005,True,True,32.44406534770637,78.94703134017222,46.502965992465846,True,0
114,2006-06-16,34.88,33.86495008019631,-1.015049919803694,1.015049919803694,1.0598929121852905,44.65,0.053250000000000006,0.053250000000000006,True,True,32.80505716801102,78.51495008019631,45.709892912185296,True,0
115,2006-06-19,35.2,34.8536503697342,-0.3463496302658058,0.3463496302658058,1.0598929121852905,44.65,0.053500000000000006,0.053500000000000006,True,True,33.79375745754891,79.5036503697342,45.709892912185296,True,0
116,2006-06-20,35.01,35.271414373217816,0.2614143732178178,-0.2614143732178178,1.0598929121852905,44.65,0.053750000000000006,0.053750000000000006,True,True,34.211521461032525,79.92141437321781,45.70989291218529,True,0
117,2006-06-21,35.34,35.09656991836152,-0.24343008163848623,0.24343008163848623,1.0598929121852905,44.65,0.054000000000000006,0.054000000000000006,True,True,34.03667700617623,79.74656991836152,45.70989291218529,True,0
118,2006-06-22,36.55,35.355092872806686,-1.1949071271933107,1.1949071271933107,1.0598929121852905,44.65,0.05425000000000001,0.05425000000000001,True,True,34.295199960621396,80.00509287280669,45.70989291218529,True,0
119,2006-06-23,36.46,36.50517892236388,0.04517892236388121,-0.04517892236388121,1.0598929121852905,44.65,0.05450000000000001,0.05450000000000001,True,True,35.44528601017859,81.15517892236389,45.709892912185296,True,0
120,2006-06-26,36.55,36.56523411359629,0.015234113596292786,-0.015234113596292786,1.0598929121852905,44.65,0.05475000000000001,0.05475000000000001,True,True,35.505341201411,81.2152341135963,45.709892912185296,True,0
121,2006-06-27,36.72,36.5830322580369,-0.13696774196309747,0.13696774196309747,1.0598929121852905,44.65,0.05500000000000001,0.05500000000000001,True,True,35.52313934585161,81.2330322580369,45.70989291218529,True,0
122,2006-06-28,36.7,36.76317471508242,0.06317471508241823,-0.06317471508241823,1.0598929121852905,44.65,0.05525000000000001,0.05525000000000001,True,True,35.70328180289713,81.41317471508242,45.70989291218529,True,0
123,2006-06-29,36.82,36.74885308499364,-0.07114691500635928,0.07114691500635928,1.0598929121852905,44.65,0.05550000000000001,0.05550000000000001,True,True,35.68896017280835,81.39885308499365,45.709892912185296,True,0
124,2006-06-30,38.58,36.849992962893005,-1.7300070371069936,1.7300070371069936,1.0598929121852905,44.65,0.05575000000000001,0.05575000000000001,True,True,35.790100050707714,81.499992962893,45.70989291218529,True,0
125,2006-07-03,38.52,38.45924447957441,-0.06075552042559451,0.06075552042559451,1.0598929121852905,44.65,0.05600000000000001,0.05600000000000001,True,True,37.39935156738912,83.10924447957441,45.709892912185296,True,0
126,2006-07-05,38.28,38.624569621735425,0.34456962173542394,-0.34456962173542394,0.9699136312408996,44.41,0.05625000000000001,0.05625000000000001,True,True,37.654655990494525,83.03456962173541,45.37991363124089,True,0
127,2006-07-06,37.07,38.323561451474085,1.2535614514740843,-1.2535614514740843,0.9699136312408996,44.41,0.05650000000000001,0.05650000000000001,False,True,37.353647820233185,82.73356145147409,45.3799136312409,False,1
128,2006-07-07,36.71,37.19427304883096,0.484273048830957,-0.484273048830957,1.0929659924658495,44.41,0.05175000000000001,0.05675000000000001,True,True,36.10130705636511,81.60427304883095,45.50296599246584,True,0
129,2006-07-10,36.3,36.73256173687569,0.4325617368756909,-0.4325617368756909,1.0929659924658495,44.41,0.05200000000000001,0.05700000000000001,True,True,35.63959574440984,81.14256173687568,45.50296599246584,True,0
130,2006-07-11,35.74,36.35939341484365,0.6193934148436497,-0.6193934148436497,1.0929659924658495,44.41,0.05225000000000001,0.05725000000000001,True,True,35.2664274223778,80.76939341484365,45.502965992465846,True,0
131,2006-07-12,35.6,35.80986844191193,0.20986844191192944,-0.20986844191192944,1.0929659924658495,44.41,0.05250000000000001,0.05750000000000001,True,True,34.71690244944608,80.21986844191193,45.502965992465846,True,0
132,2006-07-13,34.33,35.63524027338917,1.305240273389174,-1.305240273389174,1.0929659924658495,44.41,0.05275000000000001,0.05775000000000001,False,True,34.54227428092332,80.04524027338917,45.502965992465846,False,1
133,2006-07-14,33.51,34.462794903058,0.952794903057999,-0.952794903057999,1.117166981695128,44.41,0.048000000000000015,0.05800000000000001,True,True,33.34562792136287,78.872794903058,45.527166981695125,True,0
134,2006-07-17,32.79,33.54195957575999,0.7519595757599902,-0.7519595757599902,1.117166981695128,44.41,0.048250000000000015,0.05825000000000001,True,True,32.42479259406486,77.95195957575999,45.527166981695125,True,0
135,2006-07-18,33.65,32.82988056506384,-0.82011943493616,0.82011943493616,1.117166981695128,44.41,0.048500000000000015,0.05850000000000001,True,True,31.71271358336871,77.23988056506383,45.52716698169512,True,0
136,2006-07-19,33.5,33.630518476760294,0.13051847676029382,-0.13051847676029382,1.117166981695128,44.41,0.048750000000000016,0.05875000000000001,True,True,32.513351495065166,78.0405184767603,45.52716698169513,True,0
137,2006-07-20,34.39,33.631340754339256,-0.7586592456607448,0.7586592456607448,1.117166981695128,43.79,0.049000000000000016,0.05900000000000001,True,True,32.51417377264413,77.42134075433925,44.90716698169513,True,0
138,2006-07-21,33.85,34.399949060042445,0.5499490600424437,-0.5499490600424437,1.117166981695128,43.79,0.049250000000000016,0.05925000000000001,True,True,33.28278207834732,78.18994906004244,44.90716698169512,True,0
139,2006-07-24,33.35,34.0115889875218,0.661588987521796,-0.661588987521796,1.117166981695128,43.79,0.049500000000000016,0.05950000000000001,True,True,32.89442200582667,77.8015889875218,44.90716698169513,True,0
140,2006-07-25,34.0,33.40604869751714,-0.5939513024828571,0.5939513024828571,1.117166981695128,43.79,0.049750000000000016,0.05975000000000001,True,True,32.288881715822015,77.19604869751714,44.90716698169513,True,0
141,2006-07-26,28.76,33.99535339483858,5.2353533948385795,-5.2353533948385795,1.0929659924658495,43.79,0.05000000000000002,0.06000000000000001,False,True,32.90238740237273,77.78535339483858,44.88296599246585,False,1
142,2006-07-27,26.45,29.391374614560583,2.9413746145605835,-2.9413746145605835,1.1218900308841597,43.79,0.04525000000000002,0.06025000000000001,False,True,28.269484583676423,73.18137461456058,44.91189003088416,False,1
143,2006-07-28,26.8,26.006529442666203,-0.7934705573337979,0.7934705573337979,1.305240273389174,43.79,0.04050000000000002,0.06050000000000001,True,True,24.70128916927703,69.7965294426662,45.095240273389166,True,0
144,2006-07-31,27.02,26.83328523545193,-0.18671476454807134,0.18671476454807134,1.305240273389174,43.79,0.04075000000000002,0.06075000000000001,True,True,25.528044962062754,70.62328523545193,45.09524027338918,True,0
145,2006-08-01,26.55,27.12848398921499,0.5784839892149876,-0.5784839892149876,1.305240273389174,43.79,0.04100000000000002,0.06100000000000001,True,True,25.823243715825814,70.91848398921499,45.09524027338918,True,0
146,2006-08-02,26.15,26.605435509121452,0.4554355091214539,-0.4554355091214539,1.305240273389174,43.79,0.04125000000000002,0.06125000000000001,True,True,25.30019523573228,70.39543550912146,45.09524027338918,True,0
147,2006-08-03,26.09,26.18808366017156,0.0980836601715609,-0.0980836601715609,1.2535614514740843,43.79,0.04150000000000002,0.06150000000000001,True,True,24.934522208697476,69.97808366017156,45.04356145147409,True,0
148,2006-08-04,26.94,26.146442737605774,-0.7935572623942271,0.7935572623942271,1.2535614514740843,43.76,0.04175000000000002,0.06175000000000001,True,True,24.89288128613169,69.90644273760577,45.01356145147408,True,0
149,2006-08-07,27.19,27.06648959194053,-0.12351040805947022,0.12351040805947022,1.2535614514740843,43.76,0.04200000000000002,0.06200000000000001,True,True,25.812928140466447,70.82648959194053,45.01356145147408,True,0
150,2006-08-08,26.8,27.43469881150622,0.6346988115062189,-0.6346988115062189,1.2535614514740843,43.76,0.042250000000000024,0.062250000000000014,True,True,26.181137360032135,71.19469881150621,45.013561451474075,True,0
151,2006-08-09,26.54,26.850870270801813,0.3108702708018143,-0.3108702708018143,1.2535614514740843,43.76,0.042500000000000024,0.06250000000000001,True,True,25.59730881932773,70.61087027080181,45.01356145147408,True,0
152,2006-08-10,26.2,26.58803682165518,0.38803682165518083,-0.38803682165518083,1.2535614514740843,43.76,0.042750000000000024,0.06275000000000001,True,True,25.334475370181096,70.34803682165517,45.013561451474075,True,0
153,2006-08-11,26.43,26.240398288425364,-0.18960171157463535,0.18960171157463535,1.2535614514740843,43.76,0.043000000000000024,0.06300000000000001,True,True,24.98683683695128,70.00039828842536,45.013561451474075,True,0
154,2006-08-14,26.22,26.503951335152546,0.28395133515254756,-0.28395133515254756,1.2535614514740843,43.76,0.043250000000000025,0.06325000000000001,True,True,25.250389883678462,70.26395133515254,45.013561451474075,True,0
155,2006-08-15,26.97,26.271589700712255,-0.6984102992877439,0.6984102992877439,1.2535614514740843,43.76,0.043500000000000025,0.06350000000000001,True,True,25.01802824923817,70.03158970071226,45.01356145147409,True,0
156,2006-08-16,27.97,27.180167576992098,-0.7898324230079012,0.7898324230079012,1.2535614514740843,43.76,0.043750000000000025,0.06375000000000001,True,True,25.926606125518013,70.9401675769921,45.01356145147408,True,0
157,2006-08-17,27.96,28.23445638671261,0.2744563867126075,-0.2744563867126075,1.2535614514740843,43.76,0.044000000000000025,0.06400000000000002,True,True,26.980894935238524,71.99445638671261,45.01356145147409,True,0
158,2006-08-18,29.09,28.147064857694925,-0.9429351423050747,0.9429351423050747,1.2535614514740843,43.55,0.044250000000000025,0.06425000000000002,True,True,26.89350340622084,71.69706485769493,44.80356145147408,True,0
159,2006-08-21,28.7,29.245125741575144,0.5451257415751449,-0.5451257415751449,1.1218900308841597,43.55,0.044500000000000026,0.06450000000000002,True,True,28.123235710690984,72.79512574157513,44.67189003088415,True,0
160,2006-08-22,28.14,28.782762987665386,0.6427629876653853,-0.6427629876653853,1.1218900308841597,43.55,0.044750000000000026,0.06475000000000002,True,True,27.660872956781226,72.33276298766538,44.67189003088415,True,0
161,2006-08-23,28.56,28.171295168332932,-0.3887048316670665,0.3887048316670665,1.1218900308841597,43.55,0.045000000000000026,0.06500000000000002,True,True,27.049405137448773,71.72129516833293,44.67189003088416,True,0
162,2006-08-24,28.24,28.647892710039674,0.4078927100396754,-0.4078927100396754,1.1218900308841597,43.55,0.045250000000000026,0.06525000000000002,True,True,27.526002679155514,72.19789271003967,44.67189003088416,True,0
163,2006-08-25,27.79,28.299578779054062,0.5095787790540633,-0.5095787790540633,1.1218900308841597,43.55,0.04550000000000003,0.06550000000000002,True,True,27.177688748169903,71.84957877905406,44.67189003088416,True,0
164,2006-08-28,28.4,27.916992338826702,-0.4830076611732963,0.4830076611732963,1.1218900308841597,43.55,0.04575000000000003,0.06575000000000002,True,True,26.795102307942543,71.4669923388267,44.67189003088416,True,0
165,2006-08-29,28.97,28.49631223022871,-0.47368776977128846,0.47368776977128846,1.1218900308841597,43.55,0.04600000000000003,0.06600000000000002,True,True,27.37442219934455,72.04631223022871,44.67189003088416,True,0
166,2006-08-30,29.57,29.08336956798179,-0.48663043201820955,0.48663043201820955,1.1218900308841597,43.55,0.04625000000000003,0.06625000000000002,True,True,27.96147953709763,72.63336956798179,44.67189003088416,True,0
167,2006-08-31,30.75,29.68714006364004,-1.0628599363599598,1.0628599363599598,1.1218900308841597,43.5,0.04650000000000003,0.06650000000000002,True,True,28.56525003275588,73.18714006364004,44.62189003088416,True,0
168,2006-09-01,30.85,30.918712380915665,0.06871238091566312,-0.06871238091566312,1.1218900308841597,43.5,0.04675000000000003,0.06675000000000002,True,True,29.796822350031505,74.41871238091566,44.62189003088416,True,0
169,2006-09-05,31.61,30.95195931206019,-0.6580406879398097,0.6580406879398097,1.1218900308841597,43.5,0.04700000000000003,0.06700000000000002,True,True,29.83006928117603,74.45195931206018,44.62189003088415,True,0
170,2006-09-06,31.76,31.731834006148876,-0.028165993851125393,0.028165993851125393,1.1218900308841597,43.5,0.04725000000000003,0.06725000000000002,True,True,30.609943975264716,75.23183400614887,44.62189003088416,True,0
171,2006-09-07,30.57,31.85763594814631,1.2876359481463098,-1.2876359481463098,1.117166981695128,43.5,0.04750000000000003,0.06750000000000002,False,True,30.740468966451182,75.35763594814631,44.61716698169513,False,1
172,2006-09-08,30.19,30.561364043574297,0.371364043574296,-0.371364043574296,1.2535614514740843,43.5,0.04275000000000003,0.06775000000000002,True,True,29.307802592100213,74.0613640435743,44.753561451474084,True,0
173,2006-09-11,30.23,30.20858152285174,-0.021418477148259285,0.021418477148259285,1.2535614514740843,43.5,0.04300000000000003,0.06800000000000002,True,True,28.955020071377657,73.70858152285174,44.753561451474084,True,0
174,2006-09-12,30.87,30.292606824256453,-0.5773931757435484,0.5773931757435484,1.2535614514740843,43.5,0.04325000000000003,0.06825000000000002,True,True,29.03904537278237,73.79260682425645,44.753561451474084,True,0
175,2006-09-13,31.73,30.983844092677334,-0.7461559073226667,0.7461559073226667,1.2535614514740843,43.5,0.04350000000000003,0.06850000000000002,True,True,29.73028264120325,74.48384409267733,44.753561451474084,True,0
176,2006-09-14,31.54,31.87228876456662,0.33228876456661993,-0.33228876456661993,1.2535614514740843,43.48,0.04375000000000003,0.06875000000000002,True,True,30.618727313092535,75.35228876456662,44.73356145147409,True,0
177,2006-09-15,31.9,31.60235106876437,-0.29764893123562786,0.29764893123562786,1.2535614514740843,43.48,0.04400000000000003,0.06900000000000002,True,True,30.348789617290286,75.08235106876437,44.73356145147408,True,0
178,2006-09-18,32.44,31.98294952042564,-0.45705047957435596,0.45705047957435596,1.2535614514740843,43.48,0.04425000000000003,0.06925000000000002,True,True,30.729388068951557,75.46294952042564,44.73356145147408,True,0
179,2006-09-19,32.24,32.54403425861738,0.3040342586173779,-0.3040342586173779,1.2535614514740843,43.48,0.04450000000000003,0.06950000000000002,True,True,31.290472807143296,76.02403425861738,44.73356145147408,True,0
180,2006-09-20,31.81,32.29119839168726,0.4811983916872613,-0.4811983916872613,1.1218900308841597,43.48,0.04475000000000003,0.06975000000000002,True,True,31.1693083608031,75.77119839168725,44.60189003088415,True,0
181,2006-09-21,32.24,31.833528257033585,-0.4064717429664171,0.4064717429664171,1.1218900308841597,43.48,0.04500000000000003,0.07000000000000002,True,True,30.711638226149425,75.31352825703358,44.60189003088416,True,0
182,2006-09-22,30.22,32.32151731624129,2.101517316241292,-2.101517316241292,1.1218900308841597,43.48,0.04525000000000003,0.07025000000000002,False,True,31.19962728535713,75.80151731624129,44.60189003088416,False,1
183,2006-09-25,31.05,30.16849283075591,-0.8815071692440917,0.8815071692440917,1.2876359481463098,43.48,0.040500000000000036,0.07050000000000002,True,True,28.8808568826096,73.64849283075591,44.767635948146314,True,0
184,2006-09-26,31.89,31.102013231452965,-0.7879867685470359,0.7879867685470359,1.2876359481463098,43.48,0.040750000000000036,0.07075000000000002,True,True,29.814377283306655,74.58201323145296,44.76763594814631,True,0
185,2006-09-27,32.28,32.0085266427174,-0.271473357282602,0.271473357282602,1.2876359481463098,43.23,0.041000000000000036,0.07100000000000002,True,True,30.72089069457109,75.2385266427174,44.517635948146314,True,0
186,2006-09-28,32.27,32.3724245247538,0.10242452475379338,-0.10242452475379338,1.2876359481463098,43.23,0.04125000000000004,0.07125000000000002,True,True,31.084788576607487,75.60242452475379,44.5176359481463,True,0
187,2006-09-29,32.01,32.33050155533755,0.3205015553375503,-0.3205015553375503,1.2876359481463098,43.23,0.04150000000000004,0.07150000000000002,True,True,31.04286560719124,75.56050155533754,44.5176359481463,True,0
188,2006-10-02,31.98,32.05136079688728,0.07136079688728003,-0.07136079688728003,1.2876359481463098,43.23,0.04175000000000004,0.07175000000000002,True,True,30.76372484874097,75.28136079688727,44.5176359481463,True,0
189,2006-10-03,30.9,32.03104975458249,1.1310497545824916,-1.1310497545824916,1.2876359481463098,43.23,0.04200000000000004,0.07200000000000002,True,True,30.74341380643618,75.26104975458249,44.51763594814631,True,0
190,2006-10-04,31.75,30.900327429247024,-0.8496725707529755,0.8496725707529755,1.2876359481463098,43.23,0.04225000000000004,0.07225000000000002,True,True,29.612691481100715,74.13032742924702,44.51763594814631,True,0
191,2006-10-05,32.68,31.83370691404741,-0.8462930859525883,0.8462930859525883,1.2535614514740843,43.23,0.04250000000000004,0.07250000000000002,True,True,30.580145462573327,75.0637069140474,44.483561451474074,True,0
192,2006-10-06,33.15,32.793723105322485,-0.35627689467751367,0.35627689467751367,1.2535614514740843,43.23,0.04275000000000004,0.07275000000000002,True,True,31.5401616538484,76.02372310532249,44.48356145147409,True,0
193,2006-10-09,32.49,33.236777951198135,0.7467779511981334,-0.7467779511981334,1.2535614514740843,43.18,0.04300000000000004,0.07300000000000002,True,True,31.98321649972405,76.41677795119813,44.43356145147408,True,0
194,2006-10-10,33.27,32.50736253578195,-0.7626374642180522,0.7626374642180522,1.2535614514740843,43.18,0.04325000000000004,0.07325000000000002,True,True,31.253801084307867,75.68736253578194,44.43356145147408,True,0
195,2006-10-11,32.61,33.35176719886929,0.7417671988692902,-0.7417671988692902,1.2535614514740843,43.18,0.04350000000000004,0.07350000000000002,True,True,32.098205747395205,76.53176719886929,44.433561451474084,True,0
196,2006-10-12,33.1,32.63861221844261,-0.46138778155739146,0.46138778155739146,1.2535614514740843,43.18,0.04375000000000004,0.07375000000000002,True,True,31.385050766968526,75.81861221844261,44.433561451474084,True,0
197,2006-10-13,33.35,33.15947148497636,-0.19052851502364376,0.19052851502364376,1.2535614514740843,43.18,0.04400000000000004,0.07400000000000002,True,True,31.905910033502273,76.33947148497636,44.433561451474084,True,0
198,2006-10-16,32.85,33.41270427769678,0.5627042776967812,-0.5627042776967812,1.2535614514740843,43.18,0.04425000000000004,0.07425000000000002,True,True,32.1591428262227,76.59270427769678,44.433561451474084,True,0
199,2006-10-17,32.2,32.87812912999045,0.6781291299904453,-0.6781291299904453,1.2535614514740843,43.18,0.04450000000000004,0.07450000000000002,True,True,31.624567678516364,76.05812912999045,44.433561451474084,True,0
200,2006-10-18,32.57,32.21584467598637,-0.35415532401363237,0.35415532401363237,1.2535614514740843,43.18,0.04475000000000004,0.07475000000000002,True,True,30.962283224512284,75.39584467598637,44.433561451474084,True,0
201,2006-10-19,32.17,32.631182527744976,0.4611825277449739,-0.4611825277449739,1.1310497545824916,43.05,0.04500000000000004,0.07500000000000002,True,True,31.500132773162484,75.68118252774497,44.18104975458248,True,0
202,2006-10-20,32.69,32.2089636636473,-0.4810363363526946,0.4810363363526946,1.1310497545824916,43.05,0.04525000000000004,0.07525000000000003,True,True,31.07791390906481,75.25896366364731,44.181049754582496,True,0
203,2006-10-23,32.47,32.7566867022846,0.286686702284598,-0.286686702284598,1.1310497545824916,43.05,0.04550000000000004,0.07550000000000003,True,True,31.625636947702105,75.8066867022846,44.18104975458249,True,0
204,2006-10-24,32.87,32.517961054283454,-0.3520389457165436,0.3520389457165436,1.1310497545824916,43.05,0.04575000000000004,0.07575000000000003,True,True,31.386911299700962,75.56796105428344,44.18104975458248,True,0
205,2006-10-25,37.3,32.93067750194552,-4.36932249805448,4.36932249805448,1.1310497545824916,43.05,0.04600000000000004,0.07600000000000003,True,True,31.799627747363026,75.98067750194551,44.18104975458248,True,0
206,2006-10-26,37.25,37.57079987602499,0.32079987602499216,-0.32079987602499216,1.1310497545824916,43.05,0.04625000000000004,0.07625000000000003,True,True,36.4397501214425,80.62079987602499,44.18104975458249,True,0
207,2006-10-27,38.15,37.295351890278205,-0.8546481097217935,0.8546481097217935,1.1310497545824916,43.05,0.04650000000000004,0.07650000000000003,True,True,36.16430213569571,80.34535189027821,44.181049754582496,True,0
208,2006-10-30,38.05,38.179662102572884,0.1296621025728868,-0.1296621025728868,1.1310497545824916,43.05,0.04675000000000004,0.07675000000000003,True,True,37.04861234799039,81.22966210257289,44.181049754582496,True,0
209,2006-10-31,38.22,38.0610348166372,-0.15896518336279541,0.15896518336279541,1.1310497545824916,42.95,0.04700000000000004,0.07700000000000003,True,True,36.92998506205471,81.0110348166372,44.081049754582494,True,0
210,2006-11-01,38.12,38.211722472041224,0.09172247204122641,-0.09172247204122641,1.1310497545824916,42.95,0.04725000000000004,0.07725000000000003,True,True,37.08067271745873,81.16172247204122,44.08104975458249,True,0
211,2006-11-02,37.33,38.108495195933465,0.7784951959334663,-0.7784951959334663,1.1310497545824916,42.95,0.04750000000000004,0.07750000000000003,True,True,36.97744544135097,81.05849519593346,44.08104975458249,True,0
212,2006-11-03,37.61,37.28740099463605,-0.3225990053639478,0.3225990053639478,1.1218900308841597,42.95,0.04775000000000004,0.07775000000000003,True,True,36.16551096375189,80.23740099463606,44.07189003088417,True,0
213,2006-11-06,37.64,37.593914603277774,-0.046085396722226335,0.046085396722226335,1.1218900308841597,42.95,0.04800000000000004,0.07800000000000003,True,True,36.472024572393615,80.54391460327778,44.07189003088417,True,0
214,2006-11-07,38.2,37.644008946106304,-0.555991053893699,0.555991053893699,1.1218900308841597,42.95,0.04825000000000004,0.07825000000000003,True,True,36.522118915222144,80.5940089461063,44.071890030884155,True,0
215,2006-11-08,38.58,38.214451755228716,-0.3655482447712828,0.3655482447712828,1.1218900308841597,42.95,0.04850000000000004,0.07850000000000003,True,True,37.092561724344556,81.16445175522873,44.07189003088417,True,0
216,2006-11-09,39.5,38.59781988594241,-0.9021801140575931,0.9021801140575931,1.1218900308841597,42.95,0.04875000000000004,0.07875000000000003,True,True,37.47592985505825,81.5478198859424,44.071890030884155,True,0
217,2006-11-10,38.79,39.52854902169354,0.7385490216935438,-0.7385490216935438,1.1218900308841597,42.95,0.049000000000000044,0.07900000000000003,True,True,38.40665899080938,82.47854902169354,44.071890030884155,True,0
218,2006-11-13,39.23,38.76621941538275,-0.4637805846172469,0.4637805846172469,1.1218900308841597,42.95,0.049250000000000044,0.07925000000000003,True,True,37.64432938449859,81.71621941538275,44.07189003088416,True,0
219,2006-11-14,40.11,39.20075238108613,-0.9092476189138665,0.9092476189138665,1.1218900308841597,42.95,0.049500000000000044,0.07950000000000003,True,True,38.07886235020197,82.15075238108614,44.07189003088416,True,0
220,2006-11-15,41.5,40.12886462466771,-1.3711353753322868,1.3711353753322868,1.1218900308841597,42.95,0.049750000000000044,0.07975000000000003,True,True,39.00697459378355,83.07886462466772,44.07189003088416,True,0
221,2006-11-16,42.44,41.54883521304061,-0.8911647869593864,0.8911647869593864,1.117166981695128,42.95,0.050000000000000044,0.08000000000000003,True,True,40.43166823134548,84.49883521304062,44.06716698169514,True,0
222,2006-11-17,42.55,42.47996599096595,-0.07003400903404611,0.07003400903404611,1.117166981695128,42.95,0.050250000000000045,0.08025000000000003,True,True,41.36279900927082,85.42996599096595,44.06716698169513,True,0
223,2006-11-20,42.35,42.52684097722017,0.17684097722016645,-0.17684097722016645,1.117166981695128,42.95,0.050500000000000045,0.08050000000000003,True,True,41.40967399552504,85.47684097722018,44.06716698169514,True,0
224,2006-11-21,42.55,42.28309034144142,-0.26690965855857485,0.26690965855857485,1.117166981695128,42.92,0.050750000000000045,0.08075000000000003,True,True,41.165923359746294,85.20309034144142,44.03716698169513,True,0
225,2006-11-22,42.5,42.49312431138659,-0.006875688613412478,0.006875688613412478,1.117166981695128,42.92,0.051000000000000045,0.08100000000000003,True,True,41.37595732969146,85.41312431138658,44.03716698169512,True,0
226,2006-11-24,42.56,42.44411260082453,-0.11588739917547031,0.11588739917547031,1.117166981695128,42.92,0.051250000000000046,0.08125000000000003,True,True,41.326945619129404,85.36411260082454,44.03716698169514,True,0
227,2006-11-27,42.18,42.50155830850846,0.32155830850845746,-0.32155830850845746,1.117166981695128,42.92,0.051500000000000046,0.08150000000000003,True,True,41.38439132681333,85.42155830850845,44.03716698169512,True,0
228,2006-11-28,40.75,42.10536543574708,1.355365435747082,-1.355365435747082,1.117166981695128,42.92,0.051750000000000046,0.08175000000000003,False,True,40.988198454051954,85.02536543574709,44.03716698169514,False,1
229,2006-11-29,40.48,40.61448724685596,0.13448724685596147,-0.13448724685596147,1.1310497545824916,42.92,0.04700000000000005,0.08200000000000003,True,True,39.48343749227347,83.53448724685596,44.05104975458249,True,0
230,2006-11-30,40.42,40.37659477759416,-0.04340522240584477,0.04340522240584477,1.1310497545824916,42.92,0.04725000000000005,0.08225000000000003,True,True,39.245545023011665,83.29659477759415,44.051049754582486,True,0
231,2006-12-01,40.26,40.36922415344882,0.10922415344882097,-0.10922415344882097,1.1310497545824916,42.92,0.04750000000000005,0.08250000000000003,True,True,39.23817439886633,83.28922415344883,44.0510497545825,True,0
232,2006-12-04,39.31,40.21272805084912,0.9027280508491202,-0.9027280508491202,1.1218900308841597,42.84,0.04775000000000005,0.08275000000000003,True,True,39.09083801996496,83.05272805084913,43.96189003088416,True,0
233,2006-12-05,39.13,39.22305179910834,0.09305179910833772,-0.09305179910833772,1.1218900308841597,42.84,0.04800000000000005,0.08300000000000003,True,True,38.10116176822418,82.06305179910834,43.961890030884156,True,0
234,2006-12-06,38.77,39.06357626649804,0.2935762664980359,-0.2935762664980359,1.1218900308841597,42.84,0.04825000000000005,0.08325000000000003,True,True,37.94168623561388,81.90357626649805,43.96189003088417,True,0
235,2006-12-07,38.93,38.724058502838915,-0.2059414971610849,0.2059414971610849,1.1218900308841597,42.84,0.04850000000000005,0.08350000000000003,True,True,37.602168471954755,81.56405850283892,43.96189003088416,True,0
236,2006-12-08,37.92,38.906442750884835,0.9864427508848337,-0.9864427508848337,1.1218900308841597,42.84,0.04875000000000005,0.08375000000000003,True,True,37.784552720000676,81.74644275088484,43.96189003088416,True,0
237,2006-12-11,38.22,37.860261671679375,-0.35973832832062413,0.35973832832062413,1.1218900308841597,42.84,0.04900000000000005,0.08400000000000003,True,True,36.738371640795215,80.70026167167939,43.96189003088417,True,0
238,2006-12-12,38.44,38.187256682773544,-0.2527433172264537,0.2527433172264537,1.1218900308841597,42.84,0.04925000000000005,0.08425000000000003,True,True,37.065366651889384,81.02725668277355,43.96189003088417,True,0
239,2006-12-13,38.61,38.450555106273704,-0.15944489372629533,0.15944489372629533,1.1218900308841597,42.66,0.04950000000000005,0.08450000000000003,True,True,37.328665075389544,81.1105551062737,43.78189003088415,True,0
240,2006-12-14,38.74,38.612509832180585,-0.1274901678194169,0.1274901678194169,1.1218900308841597,42.66,0.04975000000000005,0.08475000000000003,True,True,37.490619801296425,81.27250983218059,43.78189003088416,True,0
241,2006-12-15,39.38,38.73672118249259,-0.6432788175074151,0.6432788175074151,1.117166981695128,42.66,0.05000000000000005,0.08500000000000003,True,True,37.61955420079746,81.39672118249258,43.777166981695125,True,0
242,2006-12-18,40.2,39.39703768310083,-0.8029623168991762,0.8029623168991762,1.117166981695128,42.66,0.05025000000000005,0.08525000000000003,True,True,38.2798707014057,82.05703768310082,43.77716698169512,True,0
243,2006-12-19,38.78,40.23919037553908,1.4591903755390803,-1.4591903755390803,1.117166981695128,42.66,0.05050000000000005,0.08550000000000003,False,True,39.12202339384395,82.89919037553908,43.777166981695125,False,1
244,2006-12-20,39.43,38.71329018583297,-0.7167098141670323,0.7167098141670323,1.1310497545824916,42.66,0.045750000000000055,0.08575000000000003,True,True,37.582240431250476,81.37329018583296,43.79104975458248,True,0
245,2006-12-21,39.87,39.38464836405771,-0.4853516359422869,0.4853516359422869,1.1310497545824916,42.66,0.046000000000000055,0.08600000000000003,True,True,38.25359860947522,82.04464836405771,43.79104975458249,True,0
246,2006-12-22,39.98,39.8852767599111,-0.09472324008889643,0.09472324008889643,1.1310497545824916,42.19,0.046250000000000055,0.08625000000000003,True,True,38.75422700532861,82.0752767599111,43.321049754582496,True,0
247,2006-12-26,40.13,39.96981546544239,-0.16018453455761517,0.16018453455761517,1.1310497545824916,42.19,0.046500000000000055,0.08650000000000004,True,True,38.838765710859896,82.15981546544239,43.321049754582496,True,0
248,2006-12-27,39.86,40.1083412815196,0.24834128151960044,-0.24834128151960044,1.1310497545824916,42.19,0.046750000000000055,0.08675000000000004,True,True,38.97729152693711,82.2983412815196,43.32104975458249,True,0
249,2006-12-28,40.38,39.82123607967032,-0.5587639203296817,0.5587639203296817,1.1310497545824916,42.19,0.047000000000000056,0.08700000000000004,True,True,38.69018632508783,82.01123607967031,43.32104975458248,True,0
250,2006-12-29,40.06,40.358223405129,0.2982234051290007,-0.2982234051290007,1.1310497545824916,42.19,0.047250000000000056,0.08725000000000004,True,True,39.22717365054651,82.548223405129,43.32104975458248,True,0
251,2007-01-03,38.68,40.03026785471103,1.3502678547110278,-1.3502678547110278,1.1310497545824916,42.19,0.047500000000000056,0.08750000000000004,False,True,38.899218100128536,82.22026785471103,43.32104975458249,False,1
252,2007-01-04,38.59,38.58265634461537,-0.007343655384630665,0.007343655384630665,1.2876359481463098,37.61,0.04275000000000006,0.08775000000000004,True,True,37.29502039646906,76.19265634461537,38.89763594814631,True,0
253,2007-01-05,38.72,38.526590109765586,-0.19340989023441324,0.19340989023441324,1.2876359481463098,37.61,0.04300000000000006,0.08800000000000004,True,True,37.238954161619276,76.13659010976559,38.897635948146316,True,0
254,2007-01-08,38.22,38.70859589517656,0.48859589517655877,-0.48859589517655877,1.2876359481463098,37.61,0.04325000000000006,0.08825000000000004,True,True,37.42095994703025,76.31859589517656,38.89763594814631,True,0
255,2007-01-09,37.6,38.18891605553896,0.5889160555389594,-0.5889160555389594,1.2535614514740843,37.61,0.04350000000000006,0.08850000000000004,True,True,36.93535460406488,75.79891605553897,38.86356145147409,True,0
256,2007-01-10,37.49,37.54998992192828,0.05998992192827757,-0.05998992192827757,1.2535614514740843,37.61,0.04375000000000006,0.08875000000000004,True,True,36.296428470454195,75.15998992192829,38.86356145147409,True,0
257,2007-01-11,37.17,37.464763335269964,0.29476333526996257,-0.29476333526996257,1.2535614514740843,37.61,0.04400000000000006,0.08900000000000004,True,True,36.21120188379588,75.07476333526996,38.863561451474084,True,0
258,2007-01-12,37.36,37.15363721812572,-0.20636278187427592,0.20636278187427592,1.2535614514740843,37.61,0.04425000000000006,0.08925000000000004,True,True,35.90007576665164,74.76363721812572,38.863561451474084,True,0
259,2007-01-16,38.4,37.36195533109316,-1.038044668906842,1.038044668906842,1.2535614514740843,37.34,0.04450000000000006,0.08950000000000004,True,True,36.10839387961907,74.70195533109316,38.59356145147409,True,0
260,2007-01-17,38.7,38.452771942950505,-0.24722805704949735,0.24722805704949735,1.2535614514740843,37.34,0.04475000000000006,0.08975000000000004,True,True,37.19921049147642,75.79277194295051,38.59356145147409,True,0
261,2007-01-18,37.5,38.73488746404047,1.2348874640404688,-1.2348874640404688,1.2535614514740843,37.34,0.04500000000000006,0.09000000000000004,True,True,37.481326012566385,76.07488746404047,38.59356145147409,True,0
262,2007-01-19,36.69,37.44302117995031,0.7530211799503093,-0.7530211799503093,1.2535614514740843,37.34,0.04525000000000006,0.09025000000000004,True,True,36.18945972847622,74.78302117995031,38.59356145147409,True,0
263,2007-01-22,37.65,36.62469186175666,-1.0253081382433393,1.0253081382433393,1.2535614514740843,37.34,0.04550000000000006,0.09050000000000004,True,True,35.371130410282575,73.96469186175666,38.59356145147409,True,0
264,2007-01-23,36.9,37.686366235283984,0.7863662352839853,-0.7863662352839853,1.2348874640404688,37.34,0.04575000000000006,0.09075000000000004,True,True,36.451478771243515,75.02636623528399,38.57488746404047,True,0
265,2007-01-24,36.51,36.891429623862955,0.38142962386295665,-0.38142962386295665,1.2348874640404688,37.25,0.04600000000000006,0.09100000000000004,True,True,35.656542159822486,74.14142962386296,38.484887464040476,True,0
266,2007-01-25,38.08,36.487323477924875,-1.5926765220751236,1.5926765220751236,1.2348874640404688,37.25,0.04625000000000006,0.09125000000000004,True,True,35.252436013884406,73.73732347792487,38.48488746404047,True,0
267,2007-01-26,37.26,38.14830221134007,0.8883022113400685,-0.8883022113400685,1.2348874640404688,37.25,0.04650000000000006,0.09150000000000004,True,True,36.9134147472996,75.39830221134007,38.48488746404047,True,0
268,2007-01-29,36.7,37.25524752195469,0.5552475219546906,-0.5552475219546906,1.2348874640404688,37.25,0.04675000000000006,0.09175000000000004,True,True,36.020360057914225,74.50524752195469,38.48488746404046,True,0
269,2007-01-30,37.29,36.67424218493915,-0.6157578150608458,0.6157578150608458,1.2348874640404688,37.25,0.04700000000000006,0.09200000000000004,True,True,35.439354720898685,73.92424218493915,38.48488746404046,True,0
270,2007-01-31,36.95,37.31432647196912,0.3643264719691146,-0.3643264719691146,1.2348874640404688,37.25,0.04725000000000006,0.09225000000000004,True,True,36.07943900792865,74.56432647196911,38.48488746404046,True,0
271,2007-02-01,37.95,36.951139779385436,-0.9988602206145671,0.9988602206145671,1.2348874640404688,37.25,0.04750000000000006,0.09250000000000004,True,True,35.71625231534497,74.20113977938544,38.484887464040476,True,0
272,2007-02-02,37.23,37.98263931507313,0.7526393150731323,-0.7526393150731323,1.2348874640404688,37.08,0.04775000000000006,0.09275000000000004,True,True,36.74775185103266,75.06263931507313,38.31488746404047,True,0
273,2007-02-05,37.25,37.22239228538299,-0.02760771461701239,0.02760771461701239,1.1310497545824916,37.08,0.04800000000000006,0.09300000000000004,True,True,36.091342530800496,74.30239228538298,38.21104975458248,True,0
274,2007-02-06,37.2,37.24301330620449,0.04301330620448596,-0.04301330620448596,1.1310497545824916,37.08,0.048250000000000064,0.09325000000000004,True,True,36.111963551622,74.32301330620449,38.21104975458249,True,0
275,2007-02-07,38.49,37.2032193969852,-1.2867806030148046,1.2867806030148046,1.1310497545824916,37.08,0.048500000000000064,0.09350000000000004,True,True,36.072169642402706,74.2832193969852,38.2110497545825,True,0
276,2007-02-08,38.95,38.52813575822083,-0.4218642417791756,0.4218642417791756,1.1310497545824916,37.08,0.048750000000000064,0.09375000000000004,True,True,37.397086003638336,75.60813575822083,38.21104975458249,True,0
277,2007-02-09,39.19,38.972452687176094,-0.21754731282390338,0.21754731282390338,1.1310497545824916,37.08,0.049000000000000064,0.09400000000000004,True,True,37.8414029325936,76.0524526871761,38.2110497545825,True,0
278,2007-02-12,38.79,39.1866056339896,0.39660563398960136,-0.39660563398960136,1.1310497545824916,37.04,0.049250000000000065,0.09425000000000004,True,True,38.05555587940711,76.2266056339896,38.1710497545825,True,0
279,2007-02-13,38.85,38.761431864618594,-0.08856813538140784,0.08856813538140784,1.1310497545824916,37.04,0.049500000000000065,0.09450000000000004,True,True,37.6303821100361,75.80143186461859,38.17104975458249,True,0
280,2007-02-14,39.23,38.828804223306214,-0.4011957766937826,0.4011957766937826,1.1310497545824916,37.04,0.049750000000000065,0.09475000000000004,True,True,37.69775446872372,75.86880422330621,38.17104975458249,True,0
281,2007-02-15,40.14,39.22505363876048,-0.9149463612395223,0.9149463612395223,1.1218900308841597,37.04,0.050000000000000065,0.09500000000000004,True,True,38.10316360787632,76.26505363876048,38.16189003088416,True,0
282,2007-02-16,39.9,40.15192395641399,0.25192395641398946,-0.25192395641398946,1.1218900308841597,37.04,0.050250000000000065,0.09525000000000004,True,True,39.03003392552983,77.19192395641399,38.16189003088416,True,0
283,2007-02-20,40.13,39.87444033202931,-0.25555966797069374,0.25555966797069374,1.1218900308841597,37.04,0.050500000000000066,0.09550000000000004,True,True,38.75255030114515,76.9144403320293,38.16189003088415,True,0
284,2007-02-21,41.19,40.10280031173189,-1.0871996882681074,1.0871996882681074,1.1218900308841597,36.98,0.050750000000000066,0.09575000000000004,True,True,38.98091028084773,77.08280031173189,38.10189003088416,True,0
285,2007-02-22,41.4,41.18866297583224,-0.21133702416776146,0.21133702416776146,1.1218900308841597,36.98,0.051000000000000066,0.09600000000000004,True,True,40.06677294494808,78.16866297583223,38.10189003088416,True,0
286,2007-02-23,41.0,41.37778417348531,0.3777841734853098,-0.3777841734853098,1.1218900308841597,36.98,0.051250000000000066,0.09625000000000004,True,True,40.25589414260115,78.3577841734853,38.10189003088415,True,0
287,2007-02-26,40.86,40.94587179936826,0.08587179936826317,-0.08587179936826317,1.1218900308841597,36.98,0.05150000000000007,0.09650000000000004,True,True,39.8239817684841,77.92587179936825,38.10189003088415,True,0
288,2007-02-27,40.19,40.80717437976996,0.6171743797699634,-0.6171743797699634,1.1218900308841597,36.98,0.05175000000000007,0.09675000000000004,True,True,39.6852843488858,77.78717437976997,38.101890030884164,True,0
289,2007-02-28,38.91,40.12659019957189,1.2165901995718968,-1.2165901995718968,1.1218900308841597,36.98,0.05200000000000007,0.09700000000000004,False,True,39.004700168687734,77.10659019957188,38.10189003088415,False,1
290,2007-03-01,39.32,38.824056415234544,-0.4959435847654561,0.4959435847654561,1.2165901995718968,36.7,0.04725000000000007,0.09725000000000004,True,True,37.60746621566265,75.52405641523455,37.91659019957191,True,0
291,2007-03-02,38.32,39.29714650838123,0.9771465083812316,-0.9771465083812316,1.2165901995718968,36.7,0.04750000000000007,0.09750000000000004,True,True,38.080556308809335,75.99714650838123,37.9165901995719,True,0
292,2007-03-05,37.15,38.27675334616647,1.126753346166474,-1.126753346166474,1.2165901995718968,36.7,0.04775000000000007,0.09775000000000005,True,True,37.060163146594576,74.97675334616648,37.9165901995719,True,0
293,2007-03-06,37.69,37.08415518658501,-0.6058448134149899,0.6058448134149899,1.1310497545824916,36.7,0.04800000000000007,0.09800000000000005,True,True,35.953105432002516,73.78415518658501,37.831049754582494,True,0
294,2007-03-07,38.68,37.69821407760096,-0.9817859223990411,0.9817859223990411,1.1310497545824916,36.7,0.04825000000000007,0.09825000000000005,True,True,36.56716432301847,74.39821407760095,37.83104975458249,True,0
295,2007-03-08,38.77,38.718629912032085,-0.051370087967917755,0.051370087967917755,1.1310497545824916,36.7,0.04850000000000007,0.09850000000000005,True,True,37.587580157449594,75.41862991203209,37.831049754582494,True,0
296,2007-03-09,38.48,38.77152118283328,0.29152118283328576,-0.29152118283328576,1.1310497545824916,36.7,0.04875000000000007,0.09875000000000005,True,True,37.64047142825079,75.47152118283329,37.831049754582494,True,0
297,2007-03-12,38.64,38.45609071190305,-0.18390928809694884,0.18390928809694884,1.1310497545824916,36.7,0.04900000000000007,0.09900000000000005,True,True,37.32504095732056,75.15609071190306,37.8310497545825,True,0
298,2007-03-13,38.3,38.63154697635601,0.33154697635601593,-0.33154697635601593,1.1310497545824916,36.7,0.04925000000000007,0.09925000000000005,True,True,37.50049722177352,75.33154697635601,37.83104975458249,True,0
299,2007-03-14,37.76,38.2776432271234,0.5176432271234006,-0.5176432271234006,1.1310497545824916,36.7,0.04950000000000007,0.09950000000000005,True,True,37.14659347254091,74.9776432271234,37.83104975458249,True,0
300,2007-03-15,38.1,37.731724120679914,-0.36827587932008754,0.36827587932008754,1.1310497545824916,36.7,0.04975000000000007,0.09975000000000005,True,True,36.60067436609742,74.43172412067992,37.831049754582494,True,0
301,2007-03-16,37.72,38.104691975631034,0.38469197563103563,-0.38469197563103563,1.126753346166474,4.36932249805448,0.05000000000000007,0.10000000000000005,True,True,36.97793862946456,42.474014473685514,5.496075844220954,True,0
302,2007-03-19,38.0,37.70537282813194,-0.29462717186805776,0.29462717186805776,1.126753346166474,4.36932249805448,0.05025000000000007,0.10025000000000005,True,True,36.57861948196547,42.07469532618642,5.496075844220954,True,0
303,2007-03-20,38.53,38.004082095539715,-0.525917904460286,0.525917904460286,1.126753346166474,4.36932249805448,0.05050000000000007,0.10050000000000005,True,True,36.87732874937324,42.373404593594195,5.496075844220954,True,0
304,2007-03-21,38.55,38.545152293550736,-0.0048477064492615796,0.0048477064492615796,1.126753346166474,4.36932249805448,0.05075000000000007,0.10075000000000005,True,True,37.41839894738426,42.914474791605215,5.496075844220954,True,0
305,2007-03-22,39.48,38.54425540696507,-0.9357445930349257,0.9357445930349257,1.126753346166474,4.36932249805448,0.05100000000000007,0.10100000000000005,True,True,37.4175020607986,42.91357790501955,5.496075844220954,True,0
306,2007-03-23,39.56,39.49872633725374,-0.06127366274625956,0.06127366274625956,1.126753346166474,4.36932249805448,0.05125000000000007,0.10125000000000005,True,True,38.37197299108727,43.86804883530822,5.496075844220954,True,0
307,2007-03-26,38.98,39.54915403225021,0.5691540322502107,-0.5691540322502107,1.126753346166474,1.7300070371069936,0.051500000000000073,0.10150000000000005,True,True,38.42240068608373,41.2791610693572,2.8567603832734676,True,0
308,2007-03-27,38.82,38.93670445674593,0.11670445674592855,-0.11670445674592855,1.126753346166474,1.7300070371069936,0.051750000000000074,0.10175000000000005,True,True,37.809951110579455,40.66671149385292,2.8567603832734676,True,0
309,2007-03-28,39.09,38.79152914190746,-0.2984708580925428,0.2984708580925428,1.1218900308841597,1.7300070371069936,0.052000000000000074,0.10200000000000005,True,True,37.6696391110233,40.521536179014454,2.8518970679911533,True,0
310,2007-03-29,39.65,39.082083299545474,-0.5679167004545249,0.5679167004545249,1.1218900308841597,1.7300070371069936,0.052250000000000074,0.10225000000000005,True,True,37.960193268661314,40.81209033665247,2.8518970679911533,True,0
311,2007-03-30,39.75,39.65204121979418,-0.09795878020582194,0.09795878020582194,1.1218900308841597,1.7300070371069936,0.052500000000000074,0.10250000000000005,True,True,38.53015118891002,41.38204825690117,2.8518970679911533,True,0
312,2007-04-02,39.85,39.732433304963564,-0.11756669503643735,0.11756669503643735,1.1218900308841597,1.7300070371069936,0.052750000000000075,0.10275000000000005,True,True,38.610543274079404,41.46244034207056,2.8518970679911533,True,0
313,2007-04-03,40.42,39.82695838239686,-0.5930416176031414,0.5930416176031414,1.1218900308841597,1.7193122165683974,0.053000000000000075,0.10300000000000005,True,True,38.7050683515127,41.54627059896526,2.841202247452557,True,0
314,2007-04-04,41.22,40.41184745419347,-0.8081525458065286,0.8081525458065286,1.1218900308841597,1.7193122165683974,0.053250000000000075,0.10325000000000005,True,True,39.28995742330931,42.13115967076187,2.841202247452557,True,0
315,2007-04-05,41.57,41.218231953818375,-0.3517680461816255,0.3517680461816255,1.1218900308841597,1.7193122165683974,0.053500000000000075,0.10350000000000005,True,True,40.096341922934215,42.93754417038677,2.841202247452557,True,0
316,2007-04-09,41.72,41.487576610562854,-0.23242338943714458,0.23242338943714458,1.1218900308841597,1.7193122165683974,0.053750000000000075,0.10375000000000005,True,True,40.365686579678695,43.20688882713125,2.841202247452557,True,0
317,2007-04-10,41.57,41.67868941338791,0.10868941338790705,-0.10868941338790705,1.117166981695128,1.7193122165683974,0.054000000000000076,0.10400000000000005,True,True,40.56152243169278,43.398001629956305,2.8364791982635253,True,0
318,2007-04-11,41.73,41.5148278548136,-0.2151721451863935,0.2151721451863935,1.117166981695128,1.5926765220751236,0.054250000000000076,0.10425000000000005,True,True,40.397660873118475,43.10750437688873,2.7098435037702515,True,0
319,2007-04-12,41.73,41.68694893225513,-0.04305106774486944,0.04305106774486944,1.117166981695128,1.5926765220751236,0.054500000000000076,0.10450000000000005,True,True,40.56978195056,43.27962545433025,2.7098435037702515,True,0
320,2007-04-13,42.19,41.681002337870346,-0.5089976621296515,0.5089976621296515,1.117166981695128,1.5926765220751236,0.054750000000000076,0.10475000000000005,True,True,40.56383535617522,43.27367885994547,2.7098435037702515,True,0
321,2007-04-16,43.77,42.15702411830573,-1.6129758816942754,1.6129758816942754,1.117166981695128,1.5926765220751236,0.05500000000000008,0.10500000000000005,True,False,41.0398571366106,43.74970064038085,2.7098435037702515,False,1
322,2007-04-17,45.28,43.78314075525029,-1.4968592447497144,1.4968592447497144,1.117166981695128,1.7193122165683974,0.05525000000000008,0.10025000000000005,True,True,42.66597377355516,45.502452971818684,2.8364791982635253,True,0
323,2007-04-18,44.8,45.297234334947916,0.4972343349479189,-0.4972343349479189,1.117166981695128,1.7193122165683974,0.05550000000000008,0.10050000000000005,True,True,44.18006735325279,47.01654655151631,2.8364791982635253,True,0
324,2007-04-19,44.61,44.70511885759874,0.09511885759874161,-0.09511885759874161,1.0929659924658495,1.7193122165683974,0.05575000000000008,0.10075000000000005,True,True,43.61215286513289,46.42443107416714,2.812278209034247,True,0
325,2007-04-20,45.09,44.51661383226649,-0.5733861677335099,0.5733861677335099,1.0929659924658495,1.7193122165683974,0.05600000000000008,0.10100000000000005,True,True,43.423647839800644,46.23592604883489,2.812278209034247,True,0
326,2007-04-23,44.27,45.032645983794396,0.7626459837943926,-0.7626459837943926,1.0929659924658495,1.7193122165683974,0.05625000000000008,0.10125000000000005,True,True,43.939679991328546,46.75195820036279,2.812278209034247,True,0
327,2007-04-24,44.75,44.15481092830773,-0.5951890716922676,0.5951890716922676,1.0929659924658495,1.6129758816942754,0.05650000000000008,0.10150000000000005,True,True,43.06184493584188,45.76778681000201,2.705941874160125,True,0
328,2007-04-25,53.12,44.68758589059487,-8.43241410940513,8.43241410940513,1.0929659924658495,1.6129758816942754,0.05675000000000008,0.10175000000000005,True,False,43.59461989812902,46.30056177228914,2.705941874160125,False,1
329,2007-04-26,56.5,53.52829265436647,-2.971707345633533,2.971707345633533,1.0929659924658495,4.36932249805448,0.05700000000000008,0.09700000000000004,True,True,52.43532666190062,57.89761515242095,5.462288490520329,True,0
330,2007-04-27,61.24,56.540566200322274,-4.699433799677728,4.699433799677728,1.0929659924658495,4.36932249805448,0.05725000000000008,0.09725000000000004,True,False,55.447600207856425,60.909888698376754,5.462288490520329,False,1
331,2007-04-30,61.91,61.87155507142563,-0.03844492857436421,0.03844492857436421,1.0929659924658495,8.43241410940513,0.05750000000000008,0.09250000000000004,True,True,60.77858907895978,70.30396918083076,9.52538010187098,True,0
332,2007-05-01,61.12,62.085963712203196,0.9659637122031981,-0.9659637122031981,1.0598929121852905,8.43241410940513,0.05775000000000008,0.09275000000000004,True,True,61.026070800017905,70.51837782160833,9.49230702159042,True,0
333,2007-05-02,61.68,60.88142538274331,-0.7985746172566905,0.7985746172566905,1.0598929121852905,8.43241410940513,0.05800000000000008,0.09300000000000004,True,True,59.82153247055802,69.31383949214845,9.492307021590427,True,0
334,2007-05-03,61.08,61.5665067461793,0.4865067461793018,-0.4865067461793018,1.0598929121852905,4.699433799677728,0.05825000000000008,0.09325000000000004,True,True,60.50661383399401,66.26594054585703,5.759326711863025,True,0
335,2007-05-04,62.39,60.87619214760717,-1.51380785239283,1.51380785239283,1.0598929121852905,4.699433799677728,0.05850000000000008,0.09350000000000004,True,True,59.81629923542188,65.57562594728489,5.759326711863011,True,0
336,2007-05-07,62.43,62.402207600212236,-0.0277923997877636,0.0277923997877636,1.0598929121852905,4.699433799677728,0.05875000000000008,0.09375000000000004,True,True,61.342314688026946,67.10164139988996,5.759326711863011,True,0
337,2007-05-08,60.54,62.380700926830244,1.8407009268302446,-1.8407009268302446,1.0598929121852905,4.699433799677728,0.05900000000000008,0.09400000000000004,False,True,61.32080801464495,67.08013472650796,5.759326711863011,False,1
338,2007-05-09,62.0,60.16605565981328,-1.8339443401867186,1.8339443401867186,1.117166981695128,4.699433799677728,0.05425000000000008,0.09425000000000004,True,True,59.04888867811815,64.86548945949102,5.816600781372863,True,0
339,2007-05-10,62.44,61.97817648984064,-0.4618235101593555,0.4618235101593555,1.117166981695128,4.699433799677728,0.05450000000000008,0.09450000000000004,True,True,60.861009508145514,66.67761028951837,5.8166007813728555,True,0
340,2007-05-11,60.96,62.45532567849618,1.4953256784961795,-1.4953256784961795,1.117166981695128,4.36932249805448,0.05475000000000008,0.09475000000000004,False,True,61.33815869680105,66.82464817655065,5.486489479749601,False,1
341,2007-05-14,61.68,60.68658245121178,-0.9934175487882229,0.9934175487882229,1.126753346166474,4.36932249805448,0.050000000000000086,0.09500000000000004,True,True,59.5598291050453,65.05590494926625,5.496075844220947,True,0
342,2007-05-15,61.4,61.59971682144184,0.19971682144183944,-0.19971682144183944,1.126753346166474,4.36932249805448,0.050250000000000086,0.09525000000000004,True,True,60.472963475275364,65.96903931949632,5.496075844220954,True,0
343,2007-05-16,61.02,61.29124137189624,0.2712413718962381,-0.2712413718962381,1.126753346166474,4.36932249805448,0.050500000000000086,0.09550000000000004,True,True,60.16448802572977,65.66056386995072,5.496075844220954,True,0
344,2007-05-17,62.88,60.85910577428633,-2.0208942257136755,2.0208942257136755,1.126753346166474,4.36932249805448,0.05075000000000009,0.09575000000000004,True,True,59.73235242811985,65.2284282723408,5.496075844220954,True,0
345,2007-05-18,62.48,63.00078302709012,0.5207830270901255,-0.5207830270901255,1.126753346166474,2.971707345633533,0.05100000000000009,0.09600000000000004,True,True,61.87402968092365,65.97249037272366,4.098460691800007,True,0
346,2007-05-21,63.58,62.42913933689842,-1.1508606631015752,1.1508606631015752,1.126753346166474,2.971707345633533,0.05125000000000009,0.09625000000000004,True,True,61.30238599073195,65.40084668253195,4.0984606918,True,0
347,2007-05-22,68.48,63.57607150104258,-4.903928498957427,4.903928498957427,1.126753346166474,2.971707345633533,0.05150000000000009,0.09650000000000004,True,False,62.4493181548761,66.54777884667611,4.098460691800007,False,1
348,2007-05-23,69.21,66.48136627613354,-2.7286337238664515,2.7286337238664515,1.126753346166474,4.903928498957427,0.05175000000000009,0.09175000000000004,True,True,65.35461292996706,71.38529477509097,6.030681845123908,True,0
349,2007-05-24,69.04,69.22283042381888,0.1828304238188707,-0.1828304238188707,1.1218900308841597,4.699433799677728,0.05200000000000009,0.09200000000000004,True,True,68.10094039293472,73.9222642234966,5.82132383056188,True,0
350,2007-05-25,69.69,68.91257036445852,-0.7774296355414805,0.7774296355414805,1.1218900308841597,4.699433799677728,0.05225000000000009,0.09225000000000004,True,True,67.79068033357436,73.61200416413624,5.82132383056188,True,0
351,2007-05-29,68.43,69.62459904313674,1.1945990431367335,-1.1945990431367335,1.1218900308841597,4.699433799677728,0.05250000000000009,0.09250000000000004,False,True,68.50270901225258,74.32403284281446,5.82132383056188,False,1
352,2007-05-30,69.06,68.3029925238283,-0.757007476171708,0.757007476171708,1.1945990431367335,4.699433799677728,0.04775000000000009,0.09275000000000004,True,True,67.10839348069156,73.00242632350603,5.894032842814468,True,0
353,2007-05-31,70.68,68.95178020321512,-1.7282197967848845,1.7282197967848845,1.1945990431367335,4.699433799677728,0.04800000000000009,0.09300000000000004,True,True,67.75718116007839,73.65121400289286,5.894032842814468,True,0
354,2007-06-01,68.9,70.7596070674442,1.8596070674441876,-1.8596070674441876,1.1310497545824916,4.699433799677728,0.04825000000000009,0.09325000000000004,False,True,69.6285573128617,75.45904086712193,5.830483554260226,False,1
355,2007-06-04,68.25,68.75882555722329,0.5088255572232896,-0.5088255572232896,1.2348874640404688,4.36932249805448,0.043500000000000094,0.09350000000000004,True,True,67.52393809318282,73.12814805527776,5.6042099620949415,True,0
356,2007-06-05,71.1,68.10568108119176,-2.994318918808233,2.994318918808233,1.2348874640404688,4.36932249805448,0.043750000000000094,0.09375000000000004,True,True,66.87079361715129,72.47500357924625,5.604209962094956,True,0
357,2007-06-06,73.14,71.27728689030425,-1.862713109695747,1.862713109695747,1.2348874640404688,4.36932249805448,0.044000000000000095,0.09400000000000004,True,True,70.04239942626378,75.64660938835874,5.604209962094956,True,0
358,2007-06-07,72.57,72.26747169710826,-0.30252830289173005,0.30252830289173005,1.2348874640404688,4.36932249805448,0.044250000000000095,0.09425000000000004,True,True,71.0325842330678,76.63679419516274,5.6042099620949415,True,0
359,2007-06-08,72.47,72.43506377847436,-0.034936221525640576,0.034936221525640576,1.2348874640404688,4.36932249805448,0.044500000000000095,0.09450000000000004,True,True,71.20017631443389,76.80438627652885,5.604209962094956,True,0
360,2007-06-11,73.0,71.95881963843247,-1.0411803615675268,1.0411803615675268,1.2165901995718968,2.994318918808233,0.044750000000000095,0.09475000000000004,True,True,70.74222943886058,74.9531385572407,4.21090911838013,True,0
361,2007-06-12,70.44,72.93790064343492,2.4979006434349174,-2.4979006434349174,1.2165901995718968,2.994318918808233,0.045000000000000095,0.09500000000000004,False,True,71.72131044386302,75.93221956224315,4.21090911838013,False,1
362,2007-06-13,70.9,70.04977985716133,-0.8502201428386797,0.8502201428386797,1.2876359481463098,2.994318918808233,0.0402500000000001,0.09525000000000004,True,True,68.76214390901501,73.04409877596956,4.28195486695455,True,0
363,2007-06-14,70.9,70.76543293840926,-0.13456706159074372,0.13456706159074372,1.2876359481463098,2.994318918808233,0.0405000000000001,0.09550000000000004,True,True,69.47779699026296,73.7597518572175,4.2819548669545355,True,0
364,2007-06-15,72.85,70.48038474566494,-2.3696152543350593,2.3696152543350593,1.2876359481463098,2.994318918808233,0.0407500000000001,0.09575000000000004,True,True,69.19274879751862,73.47470366447317,4.28195486695455,True,0
365,2007-06-18,72.34,72.94857998987658,0.6085799898765742,-0.6085799898765742,1.2876359481463098,2.994318918808233,0.0410000000000001,0.09600000000000004,True,True,71.66094404173026,75.94289890868481,4.28195486695455,True,0
366,2007-06-19,71.55,72.20743538095276,0.6574353809527622,-0.6574353809527622,1.2535614514740843,2.971707345633533,0.0412500000000001,0.09625000000000004,True,True,70.95387392947868,75.17914272658629,4.225268797107617,True,0
367,2007-06-20,70.25,71.50377562679935,1.253775626799353,-1.253775626799353,1.2535614514740843,2.971707345633533,0.0415000000000001,0.09650000000000004,False,True,70.25021417532527,74.47548297243289,4.225268797107617,False,1
368,2007-06-21,69.16,69.97262289577513,0.8126228957751351,-0.8126228957751351,1.305240273389174,2.971707345633533,0.0367500000000001,0.09675000000000004,True,True,68.66738262238596,72.94433024140866,4.276947619022707,True,0
369,2007-06-22,69.55,68.99308319363504,-0.5569168063649528,0.5569168063649528,1.305240273389174,2.971707345633533,0.0370000000000001,0.09700000000000004,True,True,67.68784292024587,71.96479053926858,4.276947619022707,True,0
370,2007-06-25,69.35,69.55939830601827,0.20939830601827225,-0.20939830601827225,1.305240273389174,2.971707345633533,0.0372500000000001,0.09725000000000004,True,True,68.25415803262909,72.5311056516518,4.276947619022707,True,0
371,2007-06-26,68.53,69.3250965067269,0.7950965067268925,-0.7950965067268925,1.305240273389174,2.7286337238664515,0.0375000000000001,0.09750000000000004,True,True,68.01985623333772,72.05373023059335,4.0338739972556255,True,0
372,2007-06-27,66.96,68.4090355711589,1.4490355711589018,-1.4490355711589018,1.2876359481463098,2.7286337238664515,0.0377500000000001,0.09775000000000005,False,True,67.12139962301259,71.13766929502535,4.016269672012754,False,1
373,2007-06-28,68.46,66.71786839628069,-1.7421316037193009,1.7421316037193009,1.355365435747082,2.7286337238664515,0.033000000000000106,0.09800000000000005,True,True,65.36250296053362,69.44650212014714,4.083999159613526,True,0
374,2007-06-29,69.03,68.56312652418586,-0.46687347581413974,0.46687347581413974,1.355365435747082,2.7286337238664515,0.033250000000000106,0.09825000000000005,True,True,67.20776108843879,71.29176024805231,4.083999159613526,True,0
375,2007-07-02,68.81,69.10835119830635,0.2983511983063494,-0.2983511983063494,1.355365435747082,2.7286337238664515,0.033500000000000106,0.09850000000000005,True,True,67.75298576255926,71.8369849221728,4.0839991596135405,True,0
376,2007-07-03,70.04,68.77533814629541,-1.2646618537045953,1.2646618537045953,1.355365435747082,2.3696152543350593,0.033750000000000106,0.09875000000000005,True,True,67.41997271054834,71.14495340063047,3.724980690082134,True,0
377,2007-07-05,69.36,70.16411481070972,0.80411481070972,-0.80411481070972,1.355365435747082,2.3696152543350593,0.034000000000000107,0.09900000000000005,True,True,68.80874937496264,72.53373006504478,3.724980690082134,True,0
378,2007-07-06,68.75,69.29691794756039,0.546917947560388,-0.546917947560388,1.355365435747082,2.3696152543350593,0.03425000000000011,0.09925000000000005,True,True,67.94155251181331,71.66653320189545,3.724980690082134,True,0
379,2007-07-09,69.38,68.6423613370896,-0.737638662910399,0.737638662910399,1.3502678547110278,2.3696152543350593,0.03450000000000011,0.09950000000000005,True,True,67.29209348237856,71.01197659142466,3.719883109046094,True,0
380,2007-07-10,71.65,69.41760916158466,-2.2323908384153412,2.2323908384153412,1.3502678547110278,2.3696152543350593,0.03475000000000011,0.09975000000000005,True,True,68.06734130687363,71.78722441591972,3.719883109046094,True,0
381,2007-07-11,70.58,71.9549180216169,1.3749180216169066,-1.3749180216169066,1.3502678547110278,2.2323908384153412,0.03500000000000011,0.10000000000000005,False,True,70.60465016690588,74.18730886003225,3.582658693126362,False,1
382,2007-07-12,71.31,70.50664994265553,-0.8033500573444741,0.8033500573444741,1.4113667709634186,2.2323908384153412,0.030250000000000107,0.10025000000000005,True,True,69.0952831716921,72.73904078107087,3.643757609378767,True,0
383,2007-07-13,73.08,71.25848964147924,-1.8215103585207544,1.8215103585207544,1.4113667709634186,2.2323908384153412,0.030500000000000107,0.10050000000000005,True,True,69.84712287051582,73.49088047989459,3.643757609378767,True,0
384,2007-07-16,74.73,73.1838404063453,-1.546159593654707,1.546159593654707,1.4113667709634186,2.2323908384153412,0.030750000000000107,0.10075000000000005,True,True,71.77247363538189,75.41623124476064,3.6437576093787527,True,0
385,2007-07-17,74.39,74.9765325192327,0.5865325192327049,-0.5865325192327049,1.4113667709634186,2.2323908384153412,0.031000000000000107,0.10100000000000005,True,True,73.5651657482693,77.20892335764805,3.6437576093787527,True,0
386,2007-07-18,73.27,74.28311010722429,1.0131101072242927,-1.0131101072242927,1.3749180216169066,2.2323908384153412,0.031250000000000104,0.10125000000000005,True,True,72.90819208560738,76.51550094563963,3.607308860032248,True,0
387,2007-07-19,74.24,73.0095713655278,-1.2304286344721902,1.2304286344721902,1.3749180216169066,2.0208942257136755,0.031500000000000104,0.10150000000000005,True,True,71.6346533439109,75.03046559124148,3.395812247330582,True,0
388,2007-07-20,72.62,74.22086604846287,1.600866048462862,-1.600866048462862,1.3749180216169066,2.0208942257136755,0.031750000000000105,0.10175000000000005,False,True,72.84594802684596,76.24176027417654,3.395812247330582,False,1
389,2007-07-23,71.78,72.36623862024949,0.5862386202494889,-0.5862386202494889,1.4591903755390803,2.0208942257136755,0.027000000000000104,0.10200000000000005,True,True,70.90704824471041,74.38713284596317,3.4800846012527558,True,0
390,2007-07-24,71.04,71.66045104298662,0.6204510429866161,-0.6204510429866161,1.4591903755390803,2.0208942257136755,0.027250000000000104,0.10225000000000005,True,True,70.20126066744754,73.6813452687003,3.4800846012527558,True,0
391,2007-07-25,84.66,70.93434445432592,-13.725655545674073,13.725655545674073,1.4591903755390803,2.0208942257136755,0.027500000000000104,0.10250000000000005,True,False,69.47515407878684,72.9552386800396,3.4800846012527558,False,1
392,2007-07-26,85.02,86.03805218747978,1.0180521874797819,-1.0180521874797819,1.4591903755390803,2.3696152543350593,0.027750000000000104,0.09775000000000005,True,True,84.5788618119407,88.40766744181484,3.8288056298741395,True,0
393,2007-07-27,84.27,85.14368659456827,0.8736865945682695,-0.8736865945682695,1.4591903755390803,2.3696152543350593,0.028000000000000105,0.09800000000000005,True,True,83.68449621902919,87.51330184890332,3.8288056298741395,True,0
394,2007-07-30,83.0,84.11841013803317,1.1184101380331697,-1.1184101380331697,1.4490355711589018,2.3696152543350593,0.028250000000000105,0.09825000000000005,True,True,82.66937456687427,86.48802539236823,3.818650825493961,True,0
395,2007-07-31,83.7,82.4266252469071,-1.2733747530929094,1.2733747530929094,1.4490355711589018,2.3696152543350593,0.028500000000000105,0.09850000000000005,True,True,80.97758967574819,84.79624050124215,3.818650825493961,True,0
396,2007-08-01,78.1,83.64509182350518,5.545091823505189,-5.545091823505189,1.4490355711589018,2.2323908384153412,0.028750000000000105,0.09875000000000005,False,True,82.19605625234628,85.87748266192052,3.681426409574243,False,1
397,2007-08-02,77.86,77.50182045475076,-0.3581795452492429,0.3581795452492429,1.600866048462862,2.2323908384153412,0.024000000000000105,0.09900000000000005,True,True,75.9009544062879,79.7342112931661,3.8332568868782033,True,0
398,2007-08-03,79.54,77.66398157877114,-1.8760184212288635,1.8760184212288635,1.600866048462862,2.2323908384153412,0.024250000000000105,0.09925000000000005,True,True,76.06311553030828,79.89637241718648,3.8332568868782033,True,0
399,2007-08-06,77.06,79.58044427070416,2.5204442707041608,-2.5204442707041608,1.600866048462862,2.2323908384153412,0.024500000000000105,0.09950000000000005,False,True,77.9795782222413,81.8128351091195,3.8332568868782033,False,1
400,2007-08-07,78.55,76.74584733352005,-1.8041526664799505,1.8041526664799505,1.8596070674441876,2.2323908384153412,0.019750000000000104,0.09975000000000005,True,True,74.88624026607586,78.97823817193539,4.091997905859529,True,0
401,2007-08-08,79.77,78.8342149167507,-0.9357850832493,0.9357850832493,1.8407009268302446,2.0208942257136755,0.020000000000000104,0.10000000000000005,True,True,76.99351398992044,80.85510914246437,3.861595152543927,True,0
402,2007-08-09,76.4,79.15646807191673,2.7564680719167285,-2.7564680719167285,1.8407009268302446,2.0208942257136755,0.020250000000000105,0.10025000000000005,False,True,77.31576714508648,81.17736229763041,3.861595152543927,False,1
403,2007-08-10,73.15,76.01916044367191,2.869160443671902,-2.869160443671902,2.101517316241292,2.0208942257136755,0.015500000000000104,0.10050000000000005,False,True,73.91764312743061,78.04005466938558,4.122411541954975,False,1
404,2007-08-13,76.09,72.85035095368964,-3.2396490463103618,3.2396490463103618,2.7564680719167285,2.0208942257136755,0.010750000000000103,0.10075000000000005,True,False,70.09388288177291,74.87124517940332,4.777362297630404,False,1
405,2007-08-14,74.79,75.6624804058962,0.8724804058961979,-0.8724804058961979,2.7564680719167285,2.7286337238664515,0.011000000000000103,0.09600000000000004,True,True,72.90601233397948,78.39111412976266,5.48510179578318,True,0
406,2007-08-15,73.02,74.57462787461131,1.5546278746113131,-1.5546278746113131,2.7564680719167285,2.7286337238664515,0.011250000000000104,0.09625000000000004,True,True,71.81815980269458,77.30326159847776,5.48510179578318,True,0
407,2007-08-16,72.0,72.8706302872014,0.8706302872013936,-0.8706302872013936,2.7564680719167285,2.3696152543350593,0.011500000000000104,0.09650000000000004,True,True,70.11416221528467,75.24024554153645,5.126083326251788,True,0
408,2007-08-17,74.49,71.90161761012419,-2.588382389875804,2.588382389875804,2.7564680719167285,2.3696152543350593,0.011750000000000104,0.09675000000000004,True,False,69.14514953820746,74.27123286445925,5.126083326251788,False,1
409,2007-08-20,74.98,73.65122873714623,-1.3287712628537776,1.3287712628537776,2.7564680719167285,2.971707345633533,0.012000000000000104,0.09200000000000004,True,True,70.8947606652295,76.62293608277976,5.728175417550261,True,0
410,2007-08-21,74.21,74.89787181601743,0.6878718160174344,-0.6878718160174344,2.5204442707041608,2.971707345633533,0.012250000000000105,0.09225000000000004,True,True,72.37742754531327,77.86957916165096,5.4921516163376936,True,0
411,2007-08-22,78.24,74.13730703764202,-4.1026929623579775,4.1026929623579775,2.5204442707041608,2.971707345633533,0.012500000000000105,0.09250000000000004,True,False,71.61686276693786,77.10901438327555,5.4921516163376936,False,1
412,2007-08-23,78.94,78.61890815135581,-0.32109184864418694,0.32109184864418694,2.5204442707041608,3.2396490463103618,0.012750000000000105,0.08775000000000004,True,True,76.09846388065165,81.85855719766617,5.7600933170145225,True,0
413,2007-08-24,76.8,78.8882008639901,2.088200863990096,-2.088200863990096,2.5204442707041608,3.2396490463103618,0.013000000000000105,0.08800000000000004,True,True,76.36775659328593,82.12784991030045,5.7600933170145225,True,0
414,2007-08-27,80.56,76.73900975939421,-3.820990240605795,3.820990240605795,2.5204442707041608,3.2396490463103618,0.013250000000000105,0.08825000000000004,True,False,74.21856548869005,79.97865880570457,5.7600933170145225,False,1
415,2007-08-28,77.86,81.23239714451394,3.37239714451394,-3.37239714451394,2.5204442707041608,4.36932249805448,0.013500000000000106,0.08350000000000003,False,True,78.71195287380978,85.60171964256841,6.8897667687586335,False,1
416,2007-08-29,76.96,76.9704482503958,0.010448250395810987,-0.010448250395810987,2.9413746145605835,4.36932249805448,0.008750000000000105,0.08375000000000003,True,True,74.02907363583522,81.33977074845029,7.310697112615074,True,0
417,2007-08-30,78.4,77.06342324268883,-1.3365767573111782,1.3365767573111782,2.9413746145605835,4.36932249805448,0.009000000000000105,0.08400000000000003,True,True,74.12204862812824,81.43274574074331,7.310697112615074,True,0
418,2007-08-31,80.0,78.49779277456544,-1.5022072254345602,1.5022072254345602,2.9413746145605835,4.1026929623579775,0.009250000000000105,0.08425000000000003,True,True,75.55641816000485,82.60048573692342,7.0440675769185646,True,0
419,2007-09-04,79.9,79.82643164906342,-0.07356835093658276,0.07356835093658276,2.9413746145605835,4.1026929623579775,0.009500000000000106,0.08450000000000003,True,True,76.88505703450284,83.9291246114214,7.0440675769185646,True,0
420,2007-09-05,82.24,79.7727355930897,-2.4672644069102887,2.4672644069102887,2.869160443671902,4.1026929623579775,0.009750000000000106,0.08475000000000003,True,True,76.9035751494178,83.87542855544768,6.971853406029879,True,0
421,2007-09-06,84.5,82.49750782854001,-2.0024921714599913,2.0024921714599913,2.869160443671902,4.1026929623579775,0.010000000000000106,0.08500000000000003,True,True,79.6283473848681,86.60020079089799,6.971853406029879,True,0
422,2007-09-07,84.7,84.65223706284084,-0.04776293715916324,0.04776293715916324,2.869160443671902,4.1026929623579775,0.010250000000000106,0.08525000000000003,True,True,81.78307661916894,88.75493002519882,6.971853406029879,True,0
423,2007-09-10,84.93,83.37535994144261,-1.5546400585573963,1.5546400585573963,2.869160443671902,3.820990240605795,0.010500000000000106,0.08550000000000003,True,True,80.50619949777071,87.1963501820484,6.690150684277697,True,0
424,2007-09-11,84.17,84.84124231627531,0.6712423162753112,-0.6712423162753112,2.869160443671902,3.820990240605795,0.010750000000000107,0.08575000000000003,True,True,81.97208187260341,88.66223255688111,6.690150684277697,True,0
425,2007-09-12,86.07,84.21558398833368,-1.8544160116663164,1.8544160116663164,2.869160443671902,3.820990240605795,0.011000000000000107,0.08600000000000003,True,True,81.34642354466177,88.03657422893947,6.690150684277697,True,0
426,2007-09-13,87.95,86.10396666217085,-1.8460333378291551,1.8460333378291551,2.869160443671902,3.820990240605795,0.011250000000000107,0.08625000000000003,True,True,83.23480621849895,89.92495690277664,6.690150684277697,True,0
427,2007-09-14,86.41,88.05808863485657,1.6480886348565775,-1.6480886348565775,2.869160443671902,3.820990240605795,0.011500000000000107,0.08650000000000004,True,True,85.18892819118467,91.87907887546237,6.690150684277697,True,0
428,2007-09-17,86.98,86.17494925121058,-0.8050507487894265,0.8050507487894265,2.7564680719167285,3.2396490463103618,0.011750000000000108,0.08675000000000004,True,True,83.41848117929385,89.41459829752094,5.99611711822709,True,0
429,2007-09-18,87.38,87.03463480621305,-0.34536519378694663,0.34536519378694663,2.7564680719167285,3.2396490463103618,0.012000000000000108,0.08700000000000004,True,True,84.27816673429632,90.27428385252341,5.99611711822709,True,0
430,2007-09-19,89.52,87.32608727253655,-2.1939127274634416,2.1939127274634416,2.7564680719167285,3.2396490463103618,0.012250000000000108,0.08725000000000004,True,True,84.56961920061983,90.56573631884692,5.99611711822709,True,0
431,2007-09-20,88.9,89.5901647922319,0.6901647922318972,-0.6901647922318972,2.7564680719167285,3.2396490463103618,0.012500000000000108,0.08750000000000004,True,True,86.83369672031517,92.82981383854226,5.99611711822709,True,0
432,2007-09-21,90.29,88.8679355664024,-1.4220644335976118,1.4220644335976118,2.7564680719167285,3.2396490463103618,0.012750000000000108,0.08775000000000004,True,True,86.11146749448567,92.10758461271276,5.99611711822709,True,0
433,2007-09-24,91.3,90.29352211808286,-1.0064778819171352,1.0064778819171352,2.7564680719167285,2.994318918808233,0.013000000000000109,0.08800000000000004,True,True,87.53705404616613,93.2878410368911,5.750786990724961,True,0
434,2007-09-25,91.99,91.25623262724876,-0.733767372751231,0.733767372751231,2.7564680719167285,2.994318918808233,0.013250000000000109,0.08825000000000004,True,True,88.49976455533204,94.250551546057,5.750786990724961,True,0
435,2007-09-26,94.04,92.21750428132167,-1.82249571867834,1.82249571867834,2.7564680719167285,2.994318918808233,0.01350000000000011,0.08850000000000004,True,True,89.46103620940494,95.2118232001299,5.750786990724961,True,0
436,2007-09-27,94.07,94.42684760009287,0.35684760009287686,-0.35684760009287686,2.7564680719167285,2.994318918808233,0.01375000000000011,0.08875000000000004,True,True,91.67037952817614,97.4211665189011,5.750786990724961,True,0
437,2007-09-28,92.77,93.69447643469633,0.9244764346963308,-0.9244764346963308,2.5204442707041608,2.994318918808233,0.01400000000000011,0.08900000000000004,True,True,91.17403216399217,96.68879535350456,5.514763189512394,True,0
438,2007-10-01,93.42,92.24622009744968,-1.1737799025503222,1.1737799025503222,2.5204442707041608,2.971707345633533,0.01425000000000011,0.08925000000000004,True,True,89.72577582674552,95.21792744308321,5.4921516163376936,True,0
439,2007-10-02,93.86,93.70304077905537,-0.15695922094462844,0.15695922094462844,2.5204442707041608,2.971707345633533,0.01450000000000011,0.08950000000000004,True,True,91.18259650835121,96.6747481246889,5.4921516163376936,True,0
440,2007-10-03,92.19,93.42997282198093,1.2399728219809276,-1.2399728219809276,2.5204442707041608,2.971707345633533,0.01475000000000011,0.08975000000000004,True,True,90.90952855127676,96.40168016761446,5.4921516163376936,True,0
441,2007-10-04,92.55,91.96319921760451,-0.5868007823954855,0.5868007823954855,2.5204442707041608,2.971707345633533,0.01500000000000011,0.09000000000000004,True,True,89.44275494690035,94.93490656323804,5.4921516163376936,True,0
442,2007-10-05,93.55,92.49223694569146,-1.0577630543085377,1.0577630543085377,2.5204442707041608,2.971707345633533,0.01525000000000011,0.09025000000000004,True,True,89.9717926749873,95.46394429132499,5.4921516163376936,True,0
443,2007-10-08,94.22,93.89211864379425,-0.32788135620575076,0.32788135620575076,2.5204442707041608,2.7286337238664515,0.015500000000000111,0.09050000000000004,True,True,91.37167437309009,96.6207523676607,5.249077994570612,True,0
444,2007-10-09,96.59,94.44825444055937,-2.1417455594406363,2.1417455594406363,2.5204442707041608,2.7286337238664515,0.01575000000000011,0.09075000000000004,True,True,91.9278101698552,97.17688816442582,5.249077994570612,True,0
445,2007-10-10,95.5,96.59714222516934,1.0971422251693355,-1.0971422251693355,2.4979006434349174,2.7286337238664515,0.01600000000000011,0.09100000000000004,True,True,94.09924158173442,99.32577594903579,5.226534367301369,True,0
446,2007-10-11,95.33,95.5077265635665,0.17772656356649463,-0.17772656356649463,2.4979006434349174,2.7286337238664515,0.01625000000000011,0.09125000000000004,True,True,93.00982592013158,98.23636028743294,5.226534367301369,True,0
447,2007-10-12,89.42,94.43184766553652,5.011847665536521,-5.011847665536521,2.4979006434349174,2.7286337238664515,0.016500000000000112,0.09150000000000004,False,True,91.9339470221016,97.16048138940297,5.226534367301369,False,1
448,2007-10-15,91.8,89.14181516473583,-2.6581848352641657,2.6581848352641657,2.869160443671902,2.588382389875804,0.011750000000000111,0.09175000000000004,True,False,86.27265472106393,91.73019755461164,5.457542833547706,False,1
449,2007-10-16,88.69,91.90246711730437,3.212467117304371,-3.212467117304371,2.869160443671902,2.994318918808233,0.012000000000000111,0.08700000000000004,False,True,89.03330667363247,94.8967860361126,5.863479362480135,False,1
450,2007-10-17,91.9,88.4068605132436,-3.493139486756405,3.493139486756405,3.37239714451394,2.971707345633533,0.007250000000000111,0.08725000000000004,True,False,85.03446336872966,91.37856785887713,6.344104490147473,False,1
451,2007-10-18,89.37,91.92622677015486,2.5562267701548507,-2.5562267701548507,3.37239714451394,3.493139486756405,0.007500000000000112,0.08250000000000003,True,True,88.55382962564092,95.41936625691126,6.865536631270345,True,0
452,2007-10-19,89.93,89.20246051318708,-0.7275394868129297,0.7275394868129297,3.37239714451394,3.493139486756405,0.007750000000000112,0.08275000000000003,True,True,85.83006336867314,92.69559999994348,6.865536631270345,True,0
453,2007-10-22,89.25,90.05267688401213,0.8026768840121292,-0.8026768840121292,3.37239714451394,3.493139486756405,0.008000000000000111,0.08300000000000003,True,True,86.68027973949819,93.54581637076853,6.865536631270345,True,0
454,2007-10-23,95.28,88.6797865066935,-6.600213493306498,6.600213493306498,3.37239714451394,3.493139486756405,0.008250000000000111,0.08325000000000003,True,False,85.30738936217956,92.17292599344991,6.865536631270345,False,1
455,2007-10-24,90.87,95.56227002724073,4.692270027240724,-4.692270027240724,3.37239714451394,4.36932249805448,0.008500000000000112,0.07850000000000003,False,True,92.18987288272679,99.9315925252952,7.7417196425684125,False,1
456,2007-10-25,88.23,90.63815958120873,2.4081595812087215,-2.4081595812087215,5.2353533948385795,4.36932249805448,0.0037500000000001118,0.07875000000000003,True,True,85.40280618637014,95.00748207926321,9.60467589289307,True,0
457,2007-10-26,89.0,88.01704186051023,-0.9829581394897673,0.9829581394897673,5.2353533948385795,4.1026929623579775,0.004000000000000112,0.07900000000000003,True,True,82.78168846567165,92.11973482286821,9.33804635719656,True,0
458,2007-10-29,90.41,88.9259281762317,-1.4840718237683035,1.4840718237683035,5.2353533948385795,4.1026929623579775,0.004250000000000112,0.07925000000000003,True,True,83.69057478139311,93.02862113858967,9.33804635719656,True,0
459,2007-10-30,89.67,90.72383684264496,1.0538368426449551,-1.0538368426449551,5.011847665536521,4.1026929623579775,0.004500000000000112,0.07950000000000003,True,True,85.71198917710844,94.82652980500293,9.114540627894499,True,0
460,2007-10-31,88.05,89.0505055305335,1.000505530533502,-1.000505530533502,5.011847665536521,4.1026929623579775,0.004750000000000113,0.07975000000000003,True,True,84.03865786499698,93.15319849289148,9.114540627894499,True,0
461,2007-11-01,87.75,88.15877846138335,0.40877846138334917,-0.40877846138334917,5.011847665536521,4.1026929623579775,0.005000000000000113,0.08000000000000003,True,True,83.14693079584683,92.26147142374133,9.114540627894499,True,0
462,2007-11-02,87.97,87.86566201410079,-0.10433798589920684,0.10433798589920684,5.011847665536521,4.1026929623579775,0.005250000000000113,0.08025000000000003,True,True,82.85381434856427,91.96835497645877,9.114540627894499,True,0
463,2007-11-05,84.35,87.83298958391372,3.482989583913721,-3.482989583913721,5.011847665536521,3.820990240605795,0.005500000000000113,0.08050000000000003,True,True,82.8211419183772,91.65397982451951,8.832837906142316,True,0
464,2007-11-06,84.61,84.10007003581352,-0.5099299641864832,0.5099299641864832,5.011847665536521,3.820990240605795,0.0057500000000001135,0.08075000000000003,True,True,79.088222370277,87.92106027641931,8.832837906142316,True,0
465,2007-11-07,86.41,84.52222624988939,-1.887773750110611,1.887773750110611,5.011847665536521,3.820990240605795,0.006000000000000114,0.08100000000000003,True,True,79.51037858435286,88.34321649049518,8.832837906142316,True,0
466,2007-11-08,86.8,86.39816238670056,-0.4018376132994348,0.4018376132994348,5.011847665536521,3.820990240605795,0.006250000000000114,0.08125000000000003,True,True,81.38631472116404,90.21915262730636,8.832837906142316,True,0
467,2007-11-09,82.42,86.7220294479729,4.302029447972899,-4.302029447972899,4.692270027240724,3.820990240605795,0.006500000000000114,0.08150000000000003,True,True,82.02975942073218,90.5430196885787,8.513260267846519,True,0
468,2007-11-12,78.26,82.14740144596747,3.8874014459674697,-3.8874014459674697,4.692270027240724,3.493139486756405,0.006750000000000114,0.08175000000000003,True,True,77.45513141872675,85.64054093272388,8.18540951399713,True,0
469,2007-11-13,77.91,78.05420648949614,0.1442064894961419,-0.1442064894961419,4.692270027240724,3.493139486756405,0.007000000000000115,0.08200000000000003,True,True,73.36193646225541,81.54734597625254,8.18540951399713,True,0
470,2007-11-14,80.4,77.8897963252227,-2.5102036747773013,2.5102036747773013,4.692270027240724,3.493139486756405,0.007250000000000115,0.08225000000000003,True,True,73.19752629798198,81.38293581197911,8.18540951399713,True,0
471,2007-11-15,79.43,80.52108188810398,1.0910818881039717,-1.0910818881039717,4.692270027240724,3.493139486756405,0.007500000000000115,0.08250000000000003,True,True,75.82881186086325,84.01422137486038,8.18540951399713,True,0
472,2007-11-16,77.01,79.34172292359878,2.3317229235987753,-2.3317229235987753,4.692270027240724,3.493139486756405,0.007750000000000115,0.08275000000000003,True,True,74.64945289635806,82.83486241035519,8.18540951399713,True,0
473,2007-11-19,78.83,76.87533144359254,-1.954668556407455,1.954668556407455,4.692270027240724,3.2396490463103618,0.008000000000000115,0.08300000000000003,True,True,72.18306141635182,80.1149804899029,7.931919073551086,True,0
474,2007-11-20,79.86,78.93463581888162,-0.9253641811183826,0.9253641811183826,4.692270027240724,3.2396490463103618,0.008250000000000115,0.08325000000000003,True,True,74.24236579164089,82.17428486519198,7.931919073551086,True,0
475,2007-11-21,79.24,79.8691729471077,0.6291729471077048,-0.6291729471077048,4.302029447972899,3.2396490463103618,0.008500000000000115,0.08350000000000003,True,True,75.5671434991348,83.10882199341806,7.541678494283261,True,0
476,2007-11-23,80.11,79.17695111764704,-0.9330488823529635,0.9330488823529635,4.302029447972899,3.2396490463103618,0.008750000000000115,0.08375000000000003,True,True,74.87492166967414,82.4166001639574,7.541678494283261,True,0
477,2007-11-26,82.3,80.14823178327129,-2.151768216728712,2.151768216728712,4.302029447972899,3.2396490463103618,0.009000000000000116,0.08400000000000003,True,True,75.84620233529839,83.38788082958165,7.541678494283261,True,0
478,2007-11-27,82.92,82.39115113671565,-0.5288488632843524,0.5288488632843524,4.302029447972899,2.994318918808233,0.009250000000000116,0.08425000000000003,True,True,78.08912168874275,85.38547005552388,7.296348366781132,True,0
479,2007-11-28,87.55,82.91386053239322,-4.636139467606782,4.636139467606782,4.302029447972899,2.994318918808233,0.009500000000000116,0.08450000000000003,True,False,78.61183108442032,85.90817945120145,7.296348366781132,False,1
480,2007-11-29,89.89,88.2231052786516,-1.6668947213483989,1.6668947213483989,4.302029447972899,3.820990240605795,0.009750000000000116,0.07975000000000003,True,True,83.9210758306787,92.0440955192574,8.123019688578694,True,0
481,2007-11-30,90.56,90.15298266836342,-0.40701733163658105,0.40701733163658105,4.302029447972899,3.820990240605795,0.010000000000000116,0.08000000000000003,True,True,85.85095322039052,93.97397290896922,8.123019688578694,True,0
482,2007-12-03,90.03,90.6836459951483,0.6536459951482954,-0.6536459951482954,4.302029447972899,3.820990240605795,0.010250000000000117,0.08025000000000003,True,True,86.3816165471754,94.50463623575409,8.123019688578694,True,0
483,2007-12-04,90.04,89.90090775931009,-0.13909224068991932,0.13909224068991932,3.8874014459674697,3.820990240605795,0.010500000000000117,0.08050000000000003,True,True,86.01350631334262,93.72189799991588,7.708391686573265,True,0
484,2007-12-05,94.99,89.96158873888315,-5.028411261116844,5.028411261116844,3.8874014459674697,3.493139486756405,0.010750000000000117,0.08075000000000003,True,False,86.07418729291568,93.45472822563956,7.380540932723875,False,1
485,2007-12-06,93.28,94.55825133333686,1.2782513333368541,-1.2782513333368541,3.8874014459674697,4.636139467606782,0.011000000000000117,0.07600000000000003,True,True,90.67084988736939,99.19439080094364,8.523540913574251,True,0
486,2007-12-07,94.56,93.24130837273349,-1.3186916272665172,1.3186916272665172,3.8874014459674697,4.636139467606782,0.011250000000000118,0.07625000000000003,True,True,89.35390692676602,97.87744784034027,8.523540913574251,True,0
487,2007-12-10,94.31,94.95740296488073,0.647402964880726,-0.647402964880726,3.8874014459674697,4.36932249805448,0.011500000000000118,0.07650000000000003,True,True,91.07000151891326,99.3267254629352,8.256723944021942,True,0
488,2007-12-11,93.1,94.19220414845043,1.0922041484504348,-1.0922041484504348,3.8874014459674697,4.36932249805448,0.011750000000000118,0.07675000000000003,True,True,90.30480270248296,98.56152664650492,8.256723944021957,True,0
489,2007-12-12,92.84,92.95039850694332,0.11039850694331221,-0.11039850694331221,3.8874014459674697,4.36932249805448,0.012000000000000118,0.07700000000000003,True,True,89.06299706097585,97.3197210049978,8.256723944021957,True,0
490,2007-12-13,91.05,92.89634299241199,1.8463429924119907,-1.8463429924119907,3.8874014459674697,4.36932249805448,0.012250000000000118,0.07725000000000003,True,True,89.00894154644452,97.26566549046646,8.256723944021942,True,0
491,2007-12-14,90.77,91.21481617148306,0.44481617148306896,-0.44481617148306896,3.482989583913721,4.36932249805448,0.012500000000000119,0.07750000000000003,True,True,87.73182658756934,95.58413866953754,7.8523120819681935,True,0
492,2007-12-17,89.01,90.92980898548704,1.9198089854870375,-1.9198089854870375,3.482989583913721,4.1026929623579775,0.012750000000000119,0.07775000000000003,True,True,87.44681940157332,95.03250194784502,7.585682546271698,True,0
493,2007-12-18,85.83,88.88197312196009,3.0519731219600885,-3.0519731219600885,3.482989583913721,4.1026929623579775,0.013000000000000119,0.07800000000000003,True,True,85.39898353804637,92.98466608431806,7.585682546271698,True,0
494,2007-12-19,86.94,85.67148167078983,-1.268518329210167,1.268518329210167,3.482989583913721,4.1026929623579775,0.01325000000000012,0.07825000000000003,True,True,82.18849208687611,89.77417463314781,7.585682546271698,True,0
495,2007-12-20,90.14,86.95582305128183,-3.184176948718175,3.184176948718175,3.482989583913721,4.1026929623579775,0.01350000000000012,0.07850000000000003,True,True,83.4728334673681,91.0585160136398,7.585682546271698,True,0
496,2007-12-21,91.47,90.21317505680832,-1.256824943191674,1.256824943191674,3.482989583913721,4.1026929623579775,0.01375000000000012,0.07875000000000003,True,True,86.7301854728946,94.3158680191663,7.585682546271698,True,0
497,2007-12-24,91.05,91.61610410205301,0.5661041020530178,-0.5661041020530178,3.482989583913721,3.820990240605795,0.01400000000000012,0.07900000000000003,True,True,88.1331145181393,95.43709434265881,7.303979824519516,True,0
498,2007-12-26,91.48,91.08040463952192,-0.39959536047808797,0.39959536047808797,3.37239714451394,3.820990240605795,0.01425000000000012,0.07925000000000003,True,True,87.70800749500798,94.90139488012771,7.193387385119735,True,0
499,2007-12-27,92.67,91.41716287342575,-1.2528371265742493,1.2528371265742493,3.37239714451394,3.820990240605795,0.01450000000000012,0.07950000000000003,True,True,88.04476572891181,95.23815311403155,7.193387385119735,True,0
500,2007-12-28,95.27,92.63987542659228,-2.6301245734077128,2.6301245734077128,3.37239714451394,3.820990240605795,0.01475000000000012,0.07975000000000003,True,True,89.26747828207834,96.46086566719808,7.193387385119735,True,0
501,2007-12-31,93.81,95.41144528936651,1.6014452893665094,-1.6014452893665094,3.37239714451394,3.493139486756405,0.015000000000000121,0.08000000000000003,True,True,92.03904814485257,98.90458477612292,6.865536631270345,True,0
502,2008-01-02,95.35,93.73443956150248,-1.6155604384975106,1.6155604384975106,3.37239714451394,3.493139486756405,0.015250000000000121,0.08025000000000003,True,True,90.36204241698854,97.22757904825889,6.865536631270345,True,0
503,2008-01-03,96.06,95.22422589387945,-0.835774106120553,0.835774106120553,3.37239714451394,3.493139486756405,0.015500000000000121,0.08050000000000003,True,True,91.85182874936551,98.71736538063585,6.865536631270345,True,0
504,2008-01-04,93.26,96.00049783077309,2.74049783077308,-2.74049783077308,3.37239714451394,3.493139486756405,0.01575000000000012,0.08075000000000003,True,True,92.62810068625915,99.49363731752949,6.865536631270345,True,0
505,2008-01-07,88.62,93.02058123988502,4.400581239885014,-4.400581239885014,3.212467117304371,3.493139486756405,0.016000000000000122,0.08100000000000003,False,True,89.80811412258065,96.51372072664142,6.705606604060776,False,1
506,2008-01-08,87.55,88.41274689510065,0.8627468951006563,-0.8627468951006563,4.302029447972899,3.2396490463103618,0.011250000000000121,0.08125000000000003,True,True,84.11071744712775,91.65239594141102,7.541678494283261,True,0
507,2008-01-09,87.56,87.53908272793034,-0.020917272069667092,0.020917272069667092,4.302029447972899,3.2396490463103618,0.011500000000000121,0.08150000000000003,True,True,83.23705327995744,90.7787317742407,7.541678494283261,True,0
508,2008-01-10,83.98,87.5695050947564,3.5895050947563902,-3.5895050947563902,4.302029447972899,3.2396490463103618,0.011750000000000121,0.08175000000000003,True,True,83.2674756467835,90.80915414106676,7.541678494283261,True,0
509,2008-01-11,84.03,83.75322983875088,-0.276770161249118,0.276770161249118,3.8874014459674697,3.2396490463103618,0.012000000000000122,0.08200000000000003,True,True,79.86582839278341,86.99287888506124,7.1270504922778315,True,0
510,2008-01-14,82.18,84.05129231398668,1.8712923139866717,-1.8712923139866717,3.8874014459674697,3.2396490463103618,0.012250000000000122,0.08225000000000003,True,True,80.16389086801921,87.29094136029704,7.1270504922778315,True,0
511,2008-01-15,80.48,82.04676283247393,1.566762832473927,-1.566762832473927,3.8874014459674697,3.184176948718175,0.012500000000000122,0.08250000000000003,True,True,78.15936138650646,85.2309397811921,7.071578394685645,True,0
512,2008-01-16,79.58,80.36295317956677,0.7829531795667748,-0.7829531795667748,3.8874014459674697,3.184176948718175,0.012750000000000122,0.08275000000000003,True,True,76.4755517335993,83.54713012828495,7.071578394685645,True,0
513,2008-01-17,80.16,79.50556191308908,-0.6544380869109148,0.6544380869109148,3.8874014459674697,3.184176948718175,0.013000000000000123,0.08300000000000003,True,True,75.61816046712161,82.68973886180726,7.071578394685645,True,0
514,2008-01-18,79.93,80.17133290335535,0.2413329033553424,-0.2413329033553424,3.8874014459674697,3.184176948718175,0.013250000000000123,0.08325000000000003,True,True,76.28393145738788,83.35550985207352,7.071578394685645,True,0
515,2008-01-22,73.58,79.88050651452134,6.300506514521345,-6.300506514521345,3.8874014459674697,3.184176948718175,0.013500000000000123,0.08350000000000003,False,True,75.99310506855387,83.06468346323952,7.071578394685645,False,1
516,2008-01-23,75.6,73.16832756205237,-2.4316724379476256,2.4316724379476256,4.692270027240724,2.994318918808233,0.008750000000000122,0.08375000000000003,True,True,68.47605753481164,76.1626464808606,7.686588946048957,True,0
517,2008-01-24,74.53,75.72747522277177,1.1974752227717715,-1.1974752227717715,4.692270027240724,2.994318918808233,0.009000000000000122,0.08400000000000003,True,True,71.03520519553105,78.72179414158,7.686588946048957,True,0
518,2008-01-25,78.69,74.42579087450993,-4.264209125490069,4.264209125490069,4.692270027240724,2.994318918808233,0.009250000000000123,0.08425000000000003,True,False,69.7335208472692,77.42010979331816,7.686588946048957,False,1
519,2008-01-28,76.91,78.86815536019192,1.958155360191924,-1.958155360191924,4.692270027240724,3.493139486756405,0.009500000000000123,0.07950000000000003,True,True,74.1758853329512,82.36129484694833,8.18540951399713,True,0
520,2008-01-29,75.77,76.79391127803143,1.0239112780314343,-1.0239112780314343,4.400581239885014,3.493139486756405,0.009750000000000123,0.07975000000000003,True,True,72.39333003814642,80.28705076478784,7.893720726641419,True,0
521,2008-01-30,73.54,75.6807792648143,2.1407792648142987,-2.1407792648142987,4.400581239885014,3.493139486756405,0.010000000000000123,0.08000000000000003,True,True,71.28019802492929,79.17391875157071,7.893720726641419,True,0
522,2008-01-31,68.91,73.39360833969488,4.483608339694882,-4.483608339694882,4.400581239885014,3.493139486756405,0.010250000000000124,0.08025000000000003,False,True,68.99302709980986,76.88674782645128,7.893720726641419,False,1
523,2008-02-01,79.02,68.62405378878888,-10.395946211211111,10.395946211211111,5.2353533948385795,3.2396490463103618,0.005500000000000124,0.08050000000000003,True,False,63.3887003939503,71.86370283509925,8.475002441148945,False,1
524,2008-02-04,74.5,79.33114664980475,4.831146649804751,-4.831146649804751,5.011847665536521,4.264209125490069,0.005750000000000124,0.07575000000000003,True,True,74.31929898426823,83.59535577529482,9.27605679102659,True,0
525,2008-02-05,72.8,74.47727569605735,1.6772756960573503,-1.6772756960573503,5.011847665536521,4.264209125490069,0.006000000000000124,0.07600000000000003,True,True,69.46542803052083,78.74148482154742,9.27605679102659,True,0
526,2008-02-06,72.3,72.75993077343416,0.45993077343416644,-0.45993077343416644,5.011847665536521,4.1026929623579775,0.006250000000000124,0.07625000000000003,True,True,67.74808310789764,76.86262373579214,9.114540627894499,True,0
527,2008-02-07,67.37,72.25912213772831,4.889122137728307,-4.889122137728307,5.011847665536521,4.1026929623579775,0.006500000000000125,0.07650000000000003,True,True,67.24727447219179,76.36181510008629,9.114540627894499,True,0
528,2008-02-08,73.4,67.27683141874063,-6.123168581259378,6.123168581259378,5.011847665536521,4.1026929623579775,0.006750000000000125,0.07675000000000003,True,False,62.264983753204106,71.3795243810986,9.114540627894499,False,1
529,2008-02-11,73.14,73.32913002854622,0.18913002854621652,-0.18913002854621652,5.011847665536521,4.636139467606782,0.007000000000000125,0.07200000000000002,True,True,68.3172823630097,77.965269496153,9.647987133143303,True,0
530,2008-02-12,75.43,73.10220164584413,-2.327798354155874,2.327798354155874,5.011847665536521,4.636139467606782,0.007250000000000125,0.07225000000000002,True,True,68.09035398030761,77.73834111345091,9.647987133143303,True,0
531,2008-02-13,74.99,75.37315858500392,0.3831585850039261,-0.3831585850039261,5.011847665536521,4.636139467606782,0.0075000000000001255,0.07250000000000002,True,True,70.3613109194674,80.0092980526107,9.647987133143303,True,0
532,2008-02-14,77.73,74.96692936708726,-2.7630706329127435,2.7630706329127435,4.889122137728307,4.636139467606782,0.007750000000000126,0.07275000000000002,True,True,70.07780722935895,79.60306883469404,9.52526160533509,True,0
533,2008-02-15,75.0,77.6662265802286,2.666226580228596,-2.666226580228596,4.889122137728307,4.636139467606782,0.008000000000000125,0.07300000000000002,True,True,72.77710444250029,82.30236604783538,9.52526160533509,True,0
534,2008-02-19,73.54,75.01111749919778,1.4711174991977742,-1.4711174991977742,4.889122137728307,4.36932249805448,0.008250000000000125,0.07325000000000002,True,True,70.12199536146947,79.38043999725227,9.258444635782794,True,0
535,2008-02-20,71.9,73.48547063960683,1.5854706396068252,-1.5854706396068252,4.889122137728307,4.36932249805448,0.008500000000000126,0.07350000000000002,True,True,68.59634850187852,77.85479313766132,9.258444635782794,True,0
536,2008-02-21,73.94,71.85274375301668,-2.0872562469833156,2.0872562469833156,4.889122137728307,4.36932249805448,0.008750000000000126,0.07375000000000002,True,True,66.96362161528837,76.22206625107117,9.258444635782794,True,0
537,2008-02-22,70.54,73.86458345614663,3.3245834561466268,-3.3245834561466268,4.889122137728307,4.36932249805448,0.009000000000000126,0.07400000000000002,True,True,68.97546131841833,78.2339059542011,9.25844463578278,True,0
538,2008-02-25,72.35,70.5591446705023,-1.7908553294976883,1.7908553294976883,4.889122137728307,4.36932249805448,0.009250000000000126,0.07425000000000002,True,True,65.670022532774,74.92846716855678,9.25844463578278,True,0
539,2008-02-26,71.91,72.23485698253256,0.324856982532566,-0.324856982532566,4.831146649804751,4.264209125490069,0.009500000000000126,0.07450000000000002,True,True,67.40371033272781,76.49906610802263,9.09535577529482,True,0
540,2008-02-27,70.68,71.89950242911318,1.2195024291131773,-1.2195024291131773,4.831146649804751,4.264209125490069,0.009750000000000127,0.07475000000000002,True,True,67.06835577930843,76.16371155460325,9.09535577529482,True,0
541,2008-02-28,70.3,70.64984329191063,0.3498432919106307,-0.3498432919106307,4.831146649804751,4.264209125490069,0.010000000000000127,0.07500000000000002,True,True,65.81869664210588,74.9140524174007,9.09535577529482,True,0
542,2008-02-29,67.01,70.24777378249271,3.2377737824927095,-3.2377737824927095,4.831146649804751,4.264209125490069,0.010250000000000127,0.07525000000000003,True,True,65.41662713268796,74.51198290798278,9.09535577529482,True,0
543,2008-03-03,63.59,67.00832456186664,3.4183245618666405,-3.4183245618666405,4.831146649804751,4.264209125490069,0.010500000000000127,0.07550000000000003,True,True,62.17717791206189,71.27253368735671,9.09535577529482,True,0
544,2008-03-04,61.67,63.529858538793405,1.8598585387934037,-1.8598585387934037,4.831146649804751,4.1026929623579775,0.010750000000000128,0.07575000000000003,True,True,58.698711888988655,67.63255150115138,8.933839612162728,True,0
545,2008-03-05,65.66,61.58157914267396,-4.078420857326037,4.078420857326037,4.831146649804751,4.1026929623579775,0.011000000000000128,0.07600000000000003,True,True,56.75043249286921,65.68427210503194,8.933839612162728,True,0
546,2008-03-06,64.75,65.56684106408247,0.8168410640824675,-0.8168410640824675,4.692270027240724,4.1026929623579775,0.011250000000000128,0.07625000000000003,True,True,60.87457103684174,69.66953402644045,8.794962989598702,True,0
547,2008-03-07,62.2,64.77391538396851,2.5739153839685116,-2.5739153839685116,4.692270027240724,4.1026929623579775,0.011500000000000128,0.07650000000000003,True,True,60.08164535672779,68.87660834632649,8.794962989598702,True,0
548,2008-03-10,63.9,62.184756830929295,-1.7152431690707033,1.7152431690707033,4.692270027240724,4.1026929623579775,0.011750000000000128,0.07675000000000003,True,True,57.49248680368857,66.28744979328727,8.794962989598694,True,0
549,2008-03-11,65.95,63.83294659033099,-2.117053409669012,2.117053409669012,4.692270027240724,4.078420857326037,0.012000000000000129,0.07700000000000003,True,True,59.14067656309027,67.91136744765703,8.770690884566761,True,0
550,2008-03-12,66.77,65.89784015412714,-0.8721598458728579,0.8721598458728579,4.692270027240724,4.078420857326037,0.012250000000000129,0.07725000000000003,True,True,61.205570126886414,69.97626101145318,8.770690884566761,True,0
551,2008-03-13,65.11,66.73132515211257,1.6213251521125756,-1.6213251521125756,4.692270027240724,4.078420857326037,0.012500000000000129,0.07750000000000003,True,True,62.03905512487185,70.80974600943861,8.770690884566761,True,0
552,2008-03-14,68.61,65.08969200877031,-3.5203079912296857,3.5203079912296857,4.483608339694882,4.078420857326037,0.01275000000000013,0.07775000000000003,True,True,60.60608366907543,69.16811286609635,8.56202919702092,True,0
553,2008-03-17,65.72,68.52082416131421,2.8008241613142104,-2.8008241613142104,4.483608339694882,3.820990240605795,0.01300000000000013,0.07800000000000003,True,True,64.03721582161933,72.34181440192,8.304598580300677,True,0
554,2008-03-18,68.25,65.74954892171097,-2.500451078289032,2.500451078289032,4.483608339694882,3.820990240605795,0.01325000000000013,0.07825000000000003,True,True,61.265940582016086,69.57053916231676,8.304598580300677,True,0
555,2008-03-19,71.1,68.12687213033759,-2.973127869662406,2.973127869662406,4.483608339694882,3.820990240605795,0.01350000000000013,0.07850000000000003,True,True,63.643263790642706,71.94786237094338,8.304598580300677,True,0
556,2008-03-20,70.17,71.02040028131006,0.8504002813100584,-0.8504002813100584,4.483608339694882,3.820990240605795,0.01375000000000013,0.07875000000000003,True,True,66.53679194161518,74.84139052191586,8.304598580300677,True,0
557,2008-03-24,73.82,70.15666608211471,-3.663333917885282,3.663333917885282,4.483608339694882,3.820990240605795,0.01400000000000013,0.07900000000000003,True,True,65.67305774241983,73.9776563227205,8.304598580300677,True,0
558,2008-03-25,75.83,73.69040825554455,-2.139591744455444,2.139591744455444,4.483608339694882,3.663333917885282,0.01425000000000013,0.07925000000000003,True,True,69.20679991584967,77.35374217342984,8.146942257580164,True,0
559,2008-03-26,74.14,75.78072286013699,1.6407228601369894,-1.6407228601369894,4.400581239885014,3.663333917885282,0.01450000000000013,0.07950000000000003,True,True,71.38014162025198,79.44405677802227,8.063915157770296,True,0
560,2008-03-27,74.37,74.13548985131148,-0.23451014868852837,0.23451014868852837,4.400581239885014,3.663333917885282,0.014750000000000131,0.07975000000000003,True,True,69.73490861142646,77.79882376919676,8.063915157770296,True,0
561,2008-03-28,71.0,74.3100031131812,3.310003113181196,-3.310003113181196,4.400581239885014,3.663333917885282,0.015000000000000131,0.08000000000000003,True,True,69.90942187329618,77.97333703106648,8.063915157770296,True,0
562,2008-03-31,70.25,71.01797498220563,0.7679749822056294,-0.7679749822056294,4.400581239885014,3.5203079912296857,0.015250000000000132,0.08025000000000003,True,True,66.61739374232062,74.53828297343532,7.9208892311147,True,0
563,2008-04-01,72.99,70.19203216669659,-2.797967833303403,2.797967833303403,4.400581239885014,3.5203079912296857,0.015500000000000132,0.08050000000000003,True,True,65.79145092681158,73.71234015792628,7.9208892311147,True,0
564,2008-04-02,77.08,72.89001502902835,-4.189984970971651,4.189984970971651,4.400581239885014,3.5203079912296857,0.015750000000000132,0.08075000000000003,True,False,68.48943378914333,76.41032302025803,7.9208892311147,False,1
565,2008-04-03,75.15,76.98304606951571,1.833046069515703,-1.833046069515703,4.302029447972899,4.1026929623579775,0.016000000000000132,0.07600000000000003,True,True,72.68101662154281,81.08573903187369,8.404722410330876,True,0
566,2008-04-04,75.26,75.13685696680442,-0.12314303319558917,0.12314303319558917,4.302029447972899,4.078420857326037,0.016250000000000132,0.07625000000000003,True,True,70.83482751883152,79.21527782413045,8.380450305298936,True,0
567,2008-04-07,77.36,75.2099175524926,-2.150082447507401,2.150082447507401,4.302029447972899,4.078420857326037,0.016500000000000133,0.07650000000000003,True,True,70.9078881045197,79.28833840981864,8.380450305298936,True,0
568,2008-04-08,76.4,77.27754955273498,0.8775495527349761,-0.8775495527349761,4.302029447972899,4.078420857326037,0.016750000000000133,0.07675000000000003,True,True,72.97552010476208,81.35597041006102,8.380450305298936,True,0
569,2008-04-09,76.56,76.36767052013002,-0.19232947986998283,0.19232947986998283,4.302029447972899,4.078420857326037,0.017000000000000133,0.07700000000000003,True,True,72.06564107215712,80.44609137745606,8.380450305298936,True,0
570,2008-04-10,74.48,76.5112637921441,2.0312637921441024,-2.0312637921441024,4.302029447972899,4.078420857326037,0.017250000000000133,0.07725000000000003,True,True,72.20923434417121,80.58968464947014,8.380450305298936,True,0
571,2008-04-11,73.84,74.46932050307957,0.629320503079569,-0.629320503079569,4.302029447972899,3.820990240605795,0.017500000000000134,0.07750000000000003,True,True,70.16729105510667,78.29031074368537,8.123019688578694,True,0
572,2008-04-14,71.7,73.80457205052207,2.1045720505220658,-2.1045720505220658,3.8874014459674697,3.820990240605795,0.017750000000000134,0.07775000000000003,True,True,69.9171706045546,77.62556229112786,7.708391686573265,True,0
573,2008-04-15,72.97,71.68809833996349,-1.2819016600365103,1.2819016600365103,3.8874014459674697,3.820990240605795,0.018000000000000134,0.07800000000000003,True,True,67.80069689399602,75.50908858056928,7.708391686573265,True,0
574,2008-04-16,73.02,72.89867722562573,-0.12132277437426353,0.12132277437426353,3.8874014459674697,3.820990240605795,0.018250000000000134,0.07825000000000003,True,True,69.01127577965826,76.71966746623153,7.708391686573265,True,0
575,2008-04-17,74.18,72.97513051887523,-1.2048694811247742,1.2048694811247742,3.8874014459674697,3.663333917885282,0.018500000000000134,0.07850000000000003,True,True,69.08772907290776,76.63846443676051,7.550735363852752,True,0
576,2008-04-18,76.48,74.11325305391787,-2.366746946082131,2.366746946082131,3.8874014459674697,3.663333917885282,0.018750000000000135,0.07875000000000003,True,True,70.2258516079504,77.77658697180316,7.550735363852752,True,0
577,2008-04-21,80.03,76.39668026524718,-3.633319734752817,3.633319734752817,3.8874014459674697,3.663333917885282,0.019000000000000135,0.07900000000000003,True,True,72.50927881927971,80.06001418313247,7.550735363852752,True,0
578,2008-04-22,79.94,79.94273817934125,0.002738179341250202,-0.002738179341250202,3.5895050947563902,3.663333917885282,0.019250000000000135,0.07925000000000003,True,True,76.35323308458486,83.60607209722653,7.252839012641672,True,0
579,2008-04-23,80.3,79.90628150550832,-0.3937184944916794,0.3937184944916794,3.5895050947563902,3.663333917885282,0.019500000000000135,0.07950000000000003,True,True,76.31677641075193,83.5696154233936,7.252839012641672,True,0
580,2008-04-24,77.71,80.24719133290964,2.537191332909643,-2.537191332909643,3.5895050947563902,3.633319734752817,0.019750000000000136,0.07975000000000003,True,True,76.65768623815325,83.88051106766245,7.222824829509207,True,0
581,2008-04-25,77.81,77.69732941671104,-0.11267058328895985,0.11267058328895985,3.5895050947563902,3.633319734752817,0.020000000000000136,0.08000000000000003,True,True,74.10782432195465,81.33064915146386,7.222824829509207,True,0
582,2008-04-28,80.64,77.74936664073685,-2.8906333592631483,2.8906333592631483,3.5895050947563902,3.633319734752817,0.020250000000000136,0.08025000000000003,True,True,74.15986154598046,81.38268637548967,7.222824829509207,True,0
583,2008-04-29,81.42,80.55327708354564,-0.8667229164543642,0.8667229164543642,3.5895050947563902,3.633319734752817,0.020500000000000136,0.08050000000000003,True,True,76.96377198878925,84.18659681829845,7.222824829509207,True,0
584,2008-04-30,80.9,81.36700453332239,0.4670045333223811,-0.4670045333223811,3.482989583913721,3.5203079912296857,0.020750000000000136,0.08075000000000003,True,True,77.88401494940867,84.88731252455207,7.003297575143407,True,0
585,2008-05-01,78.4,80.8601045658625,2.460104565862494,-2.460104565862494,3.482989583913721,3.5203079912296857,0.021000000000000137,0.08100000000000003,True,True,77.37711498194878,84.38041255709219,7.003297575143407,True,0
586,2008-05-02,80.3,78.38190837849545,-1.9180916215045443,1.9180916215045443,3.482989583913721,3.5203079912296857,0.021250000000000137,0.08125000000000003,True,True,74.89891879458173,81.90221636972514,7.003297575143407,True,0
587,2008-05-05,77.27,80.22499697761846,2.954996977618464,-2.954996977618464,3.482989583913721,3.5203079912296857,0.021500000000000137,0.08150000000000003,True,True,76.74200739370474,83.74530496884815,7.003297575143407,True,0
588,2008-05-06,75.51,77.27419607535535,1.7641960753553434,-1.7641960753553434,3.482989583913721,3.5203079912296857,0.021750000000000137,0.08175000000000003,True,True,73.79120649144163,80.79450406658503,7.003297575143407,True,0
589,2008-05-07,75.26,75.48163450349966,0.22163450349965785,-0.22163450349965785,3.482989583913721,3.493139486756405,0.022000000000000138,0.08200000000000003,True,True,71.99864491958594,78.97477399025607,6.976129070670126,True,0
590,2008-05-08,73.73,75.21238287539434,1.482382875394336,-1.482382875394336,3.4183245618666405,3.493139486756405,0.022250000000000138,0.08225000000000003,True,True,71.7940583135277,78.70552236215075,6.911464048623046,True,0
591,2008-05-09,72.2,73.70301386940248,1.50301386940248,-1.50301386940248,3.4183245618666405,3.493139486756405,0.022500000000000138,0.08250000000000003,True,True,70.28468930753584,77.19615335615889,6.911464048623046,True,0
592,2008-05-12,73.0,72.16889113795865,-0.8311088620413472,0.8311088620413472,3.4183245618666405,3.493139486756405,0.022750000000000138,0.08275000000000003,True,True,68.75056657609201,75.66203062471506,6.911464048623046,True,0
593,2008-05-13,74.57,72.93928702626755,-1.630712973732443,1.630712973732443,3.4183245618666405,3.2396490463103618,0.02300000000000014,0.08300000000000003,True,True,69.52096246440091,76.17893607257791,6.657973608177002,True,0
594,2008-05-14,74.92,74.50376097136449,-0.4162390286355162,0.4162390286355162,3.4183245618666405,3.2396490463103618,0.02325000000000014,0.08325000000000003,True,True,71.08543640949785,77.74341001767485,6.657973608177002,True,0
595,2008-05-15,73.89,74.87070131052258,0.9807013105225764,-0.9807013105225764,3.4183245618666405,3.2396490463103618,0.02350000000000014,0.08350000000000003,True,True,71.45237674865594,78.11035035683294,6.657973608177002,True,0
596,2008-05-16,76.42,73.85646445131566,-2.5635355486843423,2.5635355486843423,3.37239714451394,3.2396490463103618,0.02375000000000014,0.08375000000000003,True,True,70.48406730680172,77.09611349762602,6.612046190824302,True,0
597,2008-05-19,79.01,76.33498975357264,-2.6750102464273624,2.6750102464273624,3.37239714451394,3.184176948718175,0.02400000000000014,0.08400000000000003,True,True,72.9625926090587,79.51916670229082,6.556574093232115,True,0
598,2008-05-20,82.17,78.93177849564404,-3.2382215043559626,3.2382215043559626,3.37239714451394,3.184176948718175,0.02425000000000014,0.08425000000000003,True,False,75.5593813511301,82.11595544436221,6.556574093232115,False,1
599,2008-05-21,80.37,82.1021892124647,1.7321892124646894,-1.7321892124646894,3.37239714451394,3.5203079912296857,0.02450000000000014,0.07950000000000003,True,True,78.72979206795075,85.62249720369438,6.8927051357436255,True,0
600,2008-05-22,78.68,80.34346051181515,1.6634605118151455,-1.6634605118151455,3.37239714451394,3.5203079912296857,0.02475000000000014,0.07975000000000003,True,True,76.97106336730121,83.86376850304484,6.8927051357436255,True,0
601,2008-05-23,78.55,78.64549597526896,0.09549597526896036,-0.09549597526896036,3.3245834561466268,3.493139486756405,0.02500000000000014,0.08000000000000003,True,True,75.32091251912233,82.13863546202536,6.817722942903032,True,0
602,2008-05-27,78.26,78.50142968933481,0.24142968933480802,-0.24142968933480802,3.3245834561466268,3.493139486756405,0.02525000000000014,0.08025000000000003,True,True,75.17684623318819,81.99456917609122,6.817722942903032,True,0
603,2008-05-28,80.73,78.21292743093088,-2.5170725690691285,2.5170725690691285,3.3245834561466268,3.493139486756405,0.02550000000000014,0.08050000000000003,True,True,74.88834397478425,81.70606691768728,6.817722942903032,True,0
604,2008-05-29,80.61,80.65682136484425,0.04682136484424859,-0.04682136484424859,3.3245834561466268,3.493139486756405,0.02575000000000014,0.08075000000000003,True,True,77.33223790869762,84.14996085160065,6.817722942903032,True,0
605,2008-05-30,80.58,80.5612552643877,-0.01874473561230161,0.01874473561230161,3.3245834561466268,3.493139486756405,0.02600000000000014,0.08100000000000003,True,True,77.23667180824107,84.0543947511441,6.817722942903032,True,0
606,2008-06-02,81.15,80.53057173623041,-0.619428263769592,0.619428263769592,3.3245834561466268,3.2396490463103618,0.02625000000000014,0.08125000000000003,True,True,77.20598828008379,83.77022078254078,6.5642325024569885,True,0
607,2008-06-03,80.71,81.09505370034705,0.38505370034705777,-0.38505370034705777,3.310003113181196,3.2396490463103618,0.02650000000000014,0.08150000000000003,True,True,77.78505058716586,84.33470274665741,6.549652159491558,True,0
608,2008-06-04,80.11,80.66449503558955,0.5544950355895537,-0.5544950355895537,3.310003113181196,3.2396490463103618,0.02675000000000014,0.08175000000000003,True,True,77.35449192240836,83.90414408189991,6.549652159491558,True,0
609,2008-06-05,82.11,80.06600166859842,-2.043998331401582,2.043998331401582,3.310003113181196,3.2396490463103618,0.027000000000000142,0.08200000000000003,True,True,76.75599855541722,83.30565071490878,6.549652159491558,True,0
610,2008-06-06,83.24,82.04115808296797,-1.198841917032027,1.198841917032027,3.310003113181196,3.2382215043559626,0.027250000000000142,0.08225000000000003,True,True,78.73115496978677,85.27937958732393,6.548224617537159,True,0
611,2008-06-09,81.19,83.17923055743846,1.9892305574384608,-1.9892305574384608,3.310003113181196,3.2382215043559626,0.027500000000000142,0.08250000000000003,True,True,79.86922744425726,86.41745206179442,6.548224617537159,True,0
612,2008-06-10,78.2,81.15815698503,2.9581569850300014,-2.9581569850300014,3.310003113181196,3.2382215043559626,0.027750000000000143,0.08275000000000003,True,True,77.84815387184881,84.39637848938597,6.548224617537159,True,0
613,2008-06-11,79.35,78.17875596722152,-1.1712440327784748,1.1712440327784748,3.2377737824927095,3.2382215043559626,0.028000000000000143,0.08300000000000003,True,True,74.94098218472881,81.41697747157748,6.475995286848672,True,0
614,2008-06-12,78.02,79.30155439400627,1.2815543940062781,-1.2815543940062781,3.2377737824927095,3.184176948718175,0.028250000000000143,0.08325000000000003,True,True,76.06378061151356,82.48573134272445,6.4219507312108846,True,0
615,2008-06-13,76.7,77.98027791618571,1.2802779161857103,-1.2802779161857103,3.2377737824927095,3.184176948718175,0.028500000000000143,0.08350000000000003,True,True,74.742504133693,81.16445486490389,6.4219507312108846,True,0
616,2008-06-16,78.42,76.66662453524029,-1.7533754647597135,1.7533754647597135,3.2377737824927095,3.184176948718175,0.028750000000000143,0.08375000000000003,True,True,73.42885075274758,79.85080148395846,6.4219507312108846,True,0
617,2008-06-17,83.15,78.35913596268378,-4.790864037316226,4.790864037316226,3.2377737824927095,3.184176948718175,0.029000000000000144,0.08400000000000003,True,False,75.12136218019107,81.54331291140196,6.4219507312108846,False,1
618,2008-06-18,82.0,83.05498505419092,1.0549850541909223,-1.0549850541909223,3.212467117304371,3.5203079912296857,0.029250000000000144,0.07925000000000003,True,True,79.84251793688655,86.57529304542061,6.732775108534057,True,0
619,2008-06-19,82.21,81.92757354213,-0.2824264578699882,0.2824264578699882,3.212467117304371,3.493139486756405,0.029500000000000144,0.07950000000000003,True,True,78.71510642482563,85.42071302888641,6.705606604060776,True,0
620,2008-06-20,83.1,82.16562208599444,-0.9343779140055517,0.9343779140055517,3.212467117304371,3.493139486756405,0.029750000000000144,0.07975000000000003,True,True,78.95315496869007,85.65876157275085,6.705606604060776,True,0
621,2008-06-23,81.3,83.0414149636088,1.741414963608804,-1.741414963608804,3.212467117304371,3.493139486756405,0.030000000000000145,0.08000000000000003,True,True,79.82894784630443,86.5345544503652,6.705606604060776,True,0
622,2008-06-24,79.55,81.26031526725187,1.7103152672518718,-1.7103152672518718,3.212467117304371,3.493139486756405,0.030250000000000145,0.08025000000000003,True,True,78.0478481499475,84.75345475400827,6.705606604060776,True,0
623,2008-06-25,80.45,79.52640182472028,-0.9235981752797215,0.9235981752797215,3.212467117304371,3.2396490463103618,0.030500000000000145,0.08050000000000003,True,True,76.31393470741591,82.76605087103064,6.452116163614733,True,0
624,2008-06-26,79.1,80.40592105429744,1.3059210542974427,-1.3059210542974427,3.0519731219600885,3.2396490463103618,0.030750000000000145,0.08075000000000003,True,True,77.35394793233735,83.6455701006078,6.29162216827045,True,0
625,2008-06-27,75.59,79.05612901834519,3.4661290183451854,-3.4661290183451854,3.0519731219600885,3.2396490463103618,0.031000000000000145,0.08100000000000003,False,True,76.0041558963851,82.29577806465555,6.29162216827045,False,1
626,2008-06-30,74.27,75.57682442226783,1.3068244222678373,-1.3068244222678373,3.3245834561466268,3.2396490463103618,0.026250000000000145,0.08125000000000003,True,True,72.2522409661212,78.8164734685782,6.5642325024569885,True,0
627,2008-07-01,72.24,74.25463074815366,2.014630748153664,-2.014630748153664,3.3245834561466268,3.2382215043559626,0.026500000000000145,0.08150000000000003,True,True,70.93004729200703,77.49285225250962,6.562804960502589,True,0
628,2008-07-02,74.16,72.20996263538223,-1.9500373646177707,1.9500373646177707,3.3245834561466268,3.2382215043559626,0.026750000000000145,0.08175000000000003,True,True,68.8853791792356,75.44818413973819,6.562804960502589,True,0
629,2008-07-03,72.51,74.11319494786152,1.6031949478615104,-1.6031949478615104,3.3245834561466268,3.2382215043559626,0.027000000000000145,0.08200000000000003,True,True,70.78861149171489,77.35141645221748,6.562804960502589,True,0
630,2008-07-07,72.37,72.46917456736911,0.09917456736910424,-0.09917456736910424,3.310003113181196,3.2382215043559626,0.027250000000000146,0.08225000000000003,True,True,69.15917145418791,75.70739607172507,6.548224617537159,True,0
631,2008-07-08,72.38,72.33367649530577,-0.046323504694228745,0.046323504694228745,3.310003113181196,3.2382215043559626,0.027500000000000146,0.08250000000000003,True,True,69.02367338212457,75.57189799966173,6.548224617537159,True,0
632,2008-07-09,74.56,72.33639018446924,-2.2236098155307644,2.2236098155307644,3.310003113181196,3.184176948718175,0.027750000000000146,0.08275000000000003,True,True,69.02638707128804,75.52056713318741,6.494180061899371,True,0
633,2008-07-10,70.7,74.49737788174698,3.797377881746982,-3.797377881746982,3.310003113181196,3.184176948718175,0.028000000000000146,0.08300000000000003,False,True,71.18737476856579,77.68155483046516,6.494180061899371,False,1
634,2008-07-11,69.4,70.68759473068536,1.2875947306853561,-1.2875947306853561,3.4661290183451854,3.184176948718175,0.023250000000000146,0.08325000000000003,True,True,67.22146571234018,73.87177167940354,6.65030596706336,True,0
635,2008-07-14,69.31,69.39124964001776,0.08124964001775936,-0.08124964001775936,3.4661290183451854,3.184176948718175,0.023500000000000146,0.08350000000000003,True,True,65.92512062167258,72.57542658873594,6.65030596706336,True,0
636,2008-07-15,65.87,69.27838175361603,3.408381753616027,-3.408381753616027,3.4183245618666405,2.994318918808233,0.023750000000000146,0.08375000000000003,True,True,65.86005719174939,72.27270067242426,6.412643480674873,True,0
637,2008-07-16,66.94,65.86396186962358,-1.0760381303764177,1.0760381303764177,3.4183245618666405,2.994318918808233,0.024000000000000146,0.08400000000000003,True,True,62.44563730775694,68.85828078843181,6.412643480674873,True,0
638,2008-07-17,71.2,66.90634251252887,-4.293657487471137,4.293657487471137,3.4183245618666405,2.994318918808233,0.024250000000000146,0.08425000000000003,True,False,63.488017950662226,69.9006614313371,6.412643480674873,False,1
639,2008-07-18,69.94,71.11203675251933,1.1720367525193325,-1.1720367525193325,3.4183245618666405,3.493139486756405,0.024500000000000147,0.07950000000000003,True,True,67.69371219065269,74.60517623927574,6.911464048623046,True,0
640,2008-07-21,69.52,69.86611345249358,0.34611345249358294,-0.34611345249358294,3.4183245618666405,3.493139486756405,0.024750000000000147,0.07975000000000003,True,True,66.44778889062694,73.35925293924998,6.911464048623046,True,0
641,2008-07-22,67.09,69.49833903570814,2.4083390357081385,-2.4083390357081385,3.408381753616027,3.2396490463103618,0.025000000000000147,0.08000000000000003,True,True,66.08995728209212,72.7379880820185,6.648030799926389,True,0
642,2008-07-23,67.46,67.08060951601894,-0.3793904839810551,0.3793904839810551,3.408381753616027,3.2396490463103618,0.025250000000000147,0.08025000000000003,True,True,63.67222776240291,70.3202585623293,6.648030799926389,True,0
643,2008-07-24,76.3,67.44459236926193,-8.855407630738071,8.855407630738071,3.408381753616027,3.2396490463103618,0.025500000000000148,0.08050000000000003,True,False,64.0362106156459,70.68424141557229,6.648030799926389,False,1
644,2008-07-25,79.63,76.16238850806262,-3.467611491937376,3.467611491937376,3.408381753616027,3.663333917885282,0.025750000000000148,0.07575000000000003,True,True,72.75400675444659,79.8257224259479,7.071715671501309,True,0
645,2008-07-28,77.09,79.40134713881804,2.3113471388180358,-2.3113471388180358,3.408381753616027,3.663333917885282,0.026000000000000148,0.07600000000000003,True,True,75.99296538520201,83.06468105670332,7.071715671501309,True,0
646,2008-07-29,76.49,76.95311738601688,0.46311738601689,-0.46311738601689,3.408381753616027,3.633319734752817,0.026250000000000148,0.07625000000000003,True,True,73.54473563240086,80.5864371207697,7.041701488368844,True,0
647,2008-07-30,78.36,76.50379953584739,-1.8562004641526073,1.8562004641526073,3.37239714451394,3.633319734752817,0.02650000000000015,0.07650000000000003,True,True,73.13140239133345,80.13711927060021,7.005716879266757,True,0
648,2008-07-31,76.75,78.32432733632528,1.5743273363252825,-1.5743273363252825,3.37239714451394,3.633319734752817,0.02675000000000015,0.07675000000000003,True,True,74.95193019181134,81.9576470710781,7.005716879266757,True,0
649,2008-08-01,76.36,76.64919502408722,0.28919502408722053,-0.28919502408722053,3.37239714451394,3.633319734752817,0.02700000000000015,0.07700000000000003,True,True,73.27679787957328,80.28251475884004,7.005716879266757,True,0
650,2008-08-04,75.99,76.35348457209354,0.36348457209354024,-0.36348457209354024,3.37239714451394,3.5203079912296857,0.02725000000000015,0.07725000000000003,True,True,72.9810874275796,79.87379256332322,6.8927051357436255,True,0
651,2008-08-05,76.92,75.95060288289841,-0.9693971171015932,0.9693971171015932,3.37239714451394,3.5203079912296857,0.02750000000000015,0.07750000000000003,True,True,72.57820573838447,79.4709108741281,6.8927051357436255,True,0
652,2008-08-06,78.55,76.87830301676416,-1.671696983235833,1.671696983235833,3.3245834561466268,3.5203079912296857,0.02775000000000015,0.07775000000000003,True,True,73.55371956061754,80.39861100799385,6.8448914473763125,True,0
653,2008-08-07,77.01,78.46996212590662,1.459962125906614,-1.459962125906614,3.3245834561466268,3.5203079912296857,0.02800000000000015,0.07800000000000003,True,True,75.14537866975999,81.9902701171363,6.8448914473763125,True,0
654,2008-08-08,76.78,76.91475606183731,0.13475606183730804,-0.13475606183730804,3.3245834561466268,3.493139486756405,0.02825000000000015,0.07825000000000003,True,True,73.59017260569068,80.40789554859371,6.817722942903032,True,0
655,2008-08-11,80.18,76.77250330098506,-3.407496699014942,3.407496699014942,3.3245834561466268,3.493139486756405,0.02850000000000015,0.07850000000000003,True,True,73.44791984483844,80.26564278774147,6.817722942903032,True,0
656,2008-08-12,87.32,80.12864660927755,-7.1913533907224405,7.1913533907224405,3.3245834561466268,3.493139486756405,0.02875000000000015,0.07875000000000003,True,False,76.80406315313093,83.62178609603396,6.817722942903032,False,1
657,2008-08-13,86.28,87.18957029134602,0.9095702913460144,-0.9095702913460144,3.310003113181196,3.820990240605795,0.02900000000000015,0.07400000000000002,True,True,83.87956717816482,91.01056053195181,7.130993353786991,True,0
658,2008-08-14,85.71,85.98638645624683,0.2763864562468399,-0.2763864562468399,3.310003113181196,3.820990240605795,0.02925000000000015,0.07425000000000002,True,True,82.67638334306564,89.80737669685263,7.130993353786991,True,0
659,2008-08-15,88.28,85.68483007899698,-2.59516992100302,2.59516992100302,3.310003113181196,3.663333917885282,0.02950000000000015,0.07450000000000002,True,True,82.37482696581579,89.34816399688226,6.973337031066478,True,0
660,2008-08-18,86.09,88.25401230046828,2.164012300468272,-2.164012300468272,3.310003113181196,3.663333917885282,0.02975000000000015,0.07475000000000002,True,True,84.94400918728708,91.91734621835356,6.973337031066478,True,0
661,2008-08-19,83.09,85.94620845814595,2.856208458145943,-2.856208458145943,3.310003113181196,3.663333917885282,0.03000000000000015,0.07500000000000002,True,True,82.63620534496475,89.60954237603123,6.973337031066478,True,0
662,2008-08-20,82.0,83.09402037060109,1.0940203706010863,-1.0940203706010863,3.310003113181196,3.663333917885282,0.030250000000000152,0.07525000000000003,True,True,79.78401725741989,86.75735428848637,6.973337031066478,True,0
663,2008-08-21,81.41,82.03700676662139,0.6270067666213919,-0.6270067666213919,3.2377737824927095,3.663333917885282,0.030500000000000152,0.07550000000000003,True,True,78.79923298412868,85.70034068450667,6.901107700377992,True,0
664,2008-08-22,84.27,81.38697296470332,-2.883027035296678,2.883027035296678,3.2377737824927095,3.633319734752817,0.030750000000000152,0.07575000000000003,True,True,78.14919918221061,85.02029269945614,6.8710935172455265,True,0
665,2008-08-25,84.63,84.24773153033931,-0.38226846966068706,0.38226846966068706,3.2377737824927095,3.633319734752817,0.031000000000000152,0.07600000000000003,True,True,81.0099577478466,87.88105126509213,6.8710935172455265,True,0
666,2008-08-26,82.74,84.47501661793261,1.7350166179326152,-1.7350166179326152,3.2377737824927095,3.633319734752817,0.03125000000000015,0.07625000000000003,True,True,81.2372428354399,88.10833635268543,6.8710935172455265,True,0
667,2008-08-27,81.44,82.66241143748873,1.2224114374887307,-1.2224114374887307,3.2377737824927095,3.633319734752817,0.03150000000000015,0.07650000000000003,True,True,79.42463765499602,86.29573117224155,6.8710935172455265,True,0
668,2008-08-28,82.21,81.4430754258743,-0.7669245741256958,0.7669245741256958,3.212467117304371,3.5203079912296857,0.03175000000000015,0.07675000000000003,True,True,78.23060830856993,84.96338341710398,6.732775108534057,True,0
669,2008-08-29,82.9,82.20529688535227,-0.6947031146477372,0.6947031146477372,3.212467117304371,3.5203079912296857,0.03200000000000015,0.07700000000000003,True,True,78.9928297680479,85.72560487658195,6.732775108534057,True,0
670,2008-09-02,83.16,82.8192933778901,-0.34070662210989155,0.34070662210989155,3.212467117304371,3.5203079912296857,0.032250000000000154,0.07725000000000003,True,True,79.60682626058573,86.33960136911979,6.732775108534057,True,0
671,2008-09-03,81.4,83.08010553727556,1.6801055372755513,-1.6801055372755513,3.212467117304371,3.5203079912296857,0.032500000000000154,0.07750000000000003,True,True,79.86763841997119,86.60041352850524,6.732775108534057,True,0
672,2008-09-04,80.6,81.3262018431192,0.726201843119199,-0.726201843119199,3.212467117304371,3.493139486756405,0.032750000000000154,0.07775000000000003,True,True,78.11373472581482,84.8193413298756,6.705606604060776,True,0
673,2008-09-05,77.34,80.60397308917032,3.263973089170321,-3.263973089170321,3.0519731219600885,3.493139486756405,0.033000000000000154,0.07800000000000003,False,True,77.55199996721024,84.09711257592673,6.545112608716494,False,1
674,2008-09-08,82.25,77.29355517960437,-4.956444820395632,4.956444820395632,3.310003113181196,3.493139486756405,0.028250000000000153,0.07825000000000003,True,False,73.98355206642317,80.78669466636077,6.803142599937601,False,1
675,2008-09-09,80.76,82.32458626981307,1.5645862698130628,-1.5645862698130628,3.310003113181196,3.820990240605795,0.028500000000000154,0.07350000000000002,True,True,79.01458315663187,86.14557651041886,7.130993353786991,True,0
676,2008-09-10,80.01,80.53417980450241,0.5241798045024098,-0.5241798045024098,3.310003113181196,3.820990240605795,0.028750000000000154,0.07375000000000002,True,True,77.22417669132122,84.35517004510821,7.130993353786991,True,0
677,2008-09-11,75.27,80.00759877137133,4.737598771371339,-4.737598771371339,3.310003113181196,3.663333917885282,0.029000000000000154,0.07400000000000002,False,True,76.69759565819014,83.67093268925662,6.973337031066478,False,1
678,2008-09-12,78.81,75.23981961198872,-3.5701803880112806,3.5701803880112806,3.4183245618666405,3.663333917885282,0.024250000000000153,0.07425000000000002,True,True,71.82149505012208,78.903153529874,7.081658479751923,True,0
679,2008-09-15,76.86,78.90327121592145,2.0432712159214503,-2.0432712159214503,3.4183245618666405,3.663333917885282,0.024500000000000154,0.07450000000000002,True,True,75.48494665405481,82.56660513380673,7.081658479751923,True,0
680,2008-09-16,76.8,76.71247017630027,-0.08752982369972528,0.08752982369972528,3.4183245618666405,3.663333917885282,0.024750000000000154,0.07475000000000002,True,True,73.29414561443363,80.37580409418555,7.081658479751923,True,0
681,2008-09-17,77.68,76.80834726127746,-0.8716527387225455,0.8716527387225455,3.408381753616027,3.633319734752817,0.025000000000000154,0.07500000000000002,True,True,73.39996550766143,80.44166699603028,7.041701488368844,True,0
682,2008-09-18,73.08,77.62344954510658,4.543449545106583,-4.543449545106583,3.408381753616027,3.633319734752817,0.025250000000000154,0.07525000000000003,False,True,74.21506779149055,81.2567692798594,7.041701488368844,False,1
683,2008-09-19,80.12,73.0441419008983,-7.075858099101708,7.075858099101708,3.797377881746982,3.633319734752817,0.020500000000000154,0.07550000000000003,True,False,69.24676401915131,76.67746163565111,7.430697616499799,False,1
684,2008-09-22,81.13,80.07059276589094,-1.0594072341090595,1.0594072341090595,3.5895050947563902,4.1026929623579775,0.020750000000000154,0.07075000000000002,True,True,76.48108767113455,84.17328572824891,7.692198057114368,True,0
685,2008-09-23,75.79,80.8262407870928,5.036240787092794,-5.036240787092794,3.5895050947563902,4.1026929623579775,0.021000000000000154,0.07100000000000002,False,True,77.23673569233641,84.92893374945078,7.692198057114368,False,1
686,2008-09-24,72.3,75.79380460148977,3.493804601489771,-3.493804601489771,4.400581239885014,4.1026929623579775,0.016250000000000153,0.07125000000000002,True,True,71.39322336160475,79.89649756384775,8.503274202242991,True,0
687,2008-09-25,70.66,72.50665177695437,1.8466517769543742,-1.8466517769543742,4.400581239885014,4.078420857326037,0.016500000000000153,0.07150000000000002,True,True,68.10607053706936,76.58507263428041,8.479002097211051,True,0
688,2008-09-26,69.52,70.76533468109129,1.2453346810912933,-1.2453346810912933,4.400581239885014,4.078420857326037,0.016750000000000154,0.07175000000000002,True,True,66.36475344120628,74.84375553841733,8.479002097211051,True,0
689,2008-09-29,68.41,69.55123847500042,1.1412384750004207,-1.1412384750004207,4.400581239885014,4.078420857326037,0.017000000000000154,0.07200000000000002,True,True,65.1506572351154,73.62965933232645,8.479002097211051,True,0
690,2008-09-30,65.84,68.42385937555899,2.583859375558987,-2.583859375558987,4.400581239885014,4.078420857326037,0.017250000000000154,0.07225000000000002,True,True,64.02327813567398,72.50228023288503,8.479002097211051,True,0
691,2008-10-01,71.78,65.86574364616597,-5.914256353834034,5.914256353834034,4.302029447972899,3.820990240605795,0.017500000000000154,0.07250000000000002,True,False,61.56371419819307,69.68673388677176,8.123019688578694,False,1
692,2008-10-02,67.63,71.75824826830042,4.128248268300425,-4.128248268300425,4.302029447972899,4.293657487471137,0.017750000000000155,0.06775000000000002,True,True,67.45621882032752,76.05190575577156,8.595686935444036,True,0
693,2008-10-03,69.42,67.48398058362214,-1.9360194163778601,1.9360194163778601,4.302029447972899,4.264209125490069,0.018000000000000155,0.06800000000000002,True,True,63.18195113564924,71.74818970911221,8.566238573462968,True,0
694,2008-10-06,64.06,69.45961635259869,5.399616352598684,-5.399616352598684,4.302029447972899,4.264209125490069,0.018250000000000155,0.06825000000000002,False,True,65.15758690462579,73.72382547808876,8.566238573462968,False,1
695,2008-10-07,65.79,64.14464591524236,-1.645354084757642,1.645354084757642,4.692270027240724,4.264209125490069,0.013500000000000154,0.06850000000000002,True,True,59.45237588800164,68.40885504073243,8.956479152730793,True,0
696,2008-10-08,55.64,65.81138112416589,10.17138112416589,-10.17138112416589,4.692270027240724,4.264209125490069,0.013750000000000154,0.06875000000000002,False,True,61.11911109692517,70.07559024965596,8.956479152730793,False,1
697,2008-10-09,61.97,56.005294798493615,-5.9647052015063835,5.9647052015063835,5.011847665536521,4.189984970971651,0.009000000000000154,0.06900000000000002,True,False,50.993447132957094,60.195279769465266,9.201832636508172,False,1
698,2008-10-10,52.99,61.43568063969374,8.445680639693741,-8.445680639693741,5.011847665536521,4.699433799677728,0.009250000000000154,0.06425000000000002,False,True,56.42383297415722,66.13511443937148,9.711281465214256,False,1
699,2008-10-13,58.96,54.01505366640745,-4.944946333592554,4.944946333592554,5.545091823505189,4.636139467606782,0.004500000000000154,0.06450000000000002,True,False,48.46996184290226,58.65119313401423,10.18123129111197,False,1
700,2008-10-14,63.5,57.714177468528455,-5.7858225314715455,5.7858225314715455,5.545091823505189,4.956444820395632,0.004750000000000154,0.05975000000000002,True,False,52.169085645023266,62.670622288924086,10.50153664390082,False,1
701,2008-10-15,54.46,63.26797472763895,8.80797472763895,-8.80797472763895,5.545091823505189,5.9647052015063835,0.0050000000000001545,0.05500000000000002,False,True,57.72288290413376,69.23267992914533,11.509797025011572,False,1
702,2008-10-16,46.4,55.492261705948444,9.092261705948445,-9.092261705948445,inf,5.9647052015063835,0.0002500000000001546,0.05525000000000002,True,True,-inf,61.45696690745483,inf,True,0
703,2008-10-17,48.83,47.025796884188736,-1.8042031158112621,1.8042031158112621,inf,5.9647052015063835,0.0005000000000001546,0.05550000000000002,True,True,-inf,52.99050208569512,inf,True,0
704,2008-10-20,52.17,48.72596738691979,-3.4440326130802106,3.4440326130802106,inf,5.914256353834034,0.0007500000000001546,0.05575000000000002,True,True,-inf,54.640223740753825,inf,True,0
705,2008-10-21,51.86,51.82111216888805,-0.03888783111194982,0.03888783111194982,inf,5.914256353834034,0.0010000000000001546,0.05600000000000002,True,True,-inf,57.735368522722084,inf,True,0
706,2008-10-22,50.05,51.79578711656471,1.7457871165647134,-1.7457871165647134,inf,5.914256353834034,0.0012500000000001546,0.05625000000000002,True,True,-inf,57.710043470398745,inf,True,0
707,2008-10-23,43.37,50.21280918373866,6.842809183738666,-6.842809183738666,9.092261705948445,5.914256353834034,0.0015000000000001546,0.05650000000000002,True,True,41.12054747779022,56.1270655375727,15.00651805978248,True,0
708,2008-10-24,44.75,43.910302699026495,-0.8396973009735049,0.8396973009735049,9.092261705948445,5.7858225314715455,0.0017500000000001546,0.05675000000000002,True,True,34.81804099307805,49.69612523049804,14.87808423741999,True,0
709,2008-10-27,49.0,44.85074899219987,-4.149251007800132,4.149251007800132,9.092261705948445,5.7858225314715455,0.0020000000000001544,0.05700000000000002,True,True,35.75848728625142,50.636571523671414,14.87808423741999,True,0
710,2008-10-28,51.5,48.612035322278096,-2.8879646777219037,2.8879646777219037,9.092261705948445,5.7858225314715455,0.0022500000000001547,0.05725000000000002,True,True,39.51977361632965,54.39785785374964,14.87808423741999,True,0
711,2008-10-29,55.53,51.11166434419931,-4.418335655800689,4.418335655800689,9.092261705948445,5.7858225314715455,0.002500000000000155,0.05750000000000002,True,True,42.01940263825087,56.89748687567086,14.87808423741999,True,0
712,2008-10-30,58.76,55.16283301557349,-3.597166984426508,3.597166984426508,9.092261705948445,5.028411261116844,0.002750000000000155,0.057750000000000024,True,True,46.070571309625045,60.191244276690334,14.120672967065289,True,0
713,2008-10-31,56.01,58.42424160487999,2.41424160487999,-2.41424160487999,8.80797472763895,5.028411261116844,0.0030000000000001553,0.058000000000000024,True,True,49.61626687724104,63.45265286599683,13.836385988755794,True,0
714,2008-11-03,56.35,56.057416380667945,-0.29258361933205634,0.29258361933205634,8.80797472763895,5.028411261116844,0.0032500000000001555,0.058250000000000024,True,True,47.249441653028995,61.08582764178479,13.836385988755794,True,0
715,2008-11-04,57.16,56.41429375281071,-0.7457062471892897,0.7457062471892897,8.80797472763895,5.028411261116844,0.0035000000000001558,0.058500000000000024,True,True,47.60631902517176,61.44270501392755,13.836385988755794,True,0
716,2008-11-05,57.47,57.08810770572116,-0.38189229427884186,0.38189229427884186,8.80797472763895,4.956444820395632,0.003750000000000156,0.058750000000000024,True,True,48.28013297808221,62.04455252611679,13.764419548034581,True,0
717,2008-11-06,49.8,57.41132015307684,7.611320153076839,-7.611320153076839,8.80797472763895,4.956444820395632,0.004000000000000156,0.059000000000000025,True,True,48.60334542543789,62.36776497347247,13.764419548034581,True,0
718,2008-11-07,47.76,50.24073317813129,2.4807331781312953,-2.4807331781312953,8.445680639693741,4.956444820395632,0.004250000000000156,0.059250000000000025,True,True,41.79505253843755,55.197177998526925,13.402125460089373,True,0
719,2008-11-10,49.98,48.14314130062916,-1.8368586993708362,1.8368586993708362,8.445680639693741,4.956444820395632,0.004500000000000157,0.059500000000000025,True,True,39.69746066093542,53.09958612102479,13.402125460089373,True,0
720,2008-11-11,47.1,49.9614638550281,2.8614638550280986,-2.8614638550280986,8.445680639693741,4.956444820395632,0.004750000000000157,0.059750000000000025,True,True,41.51578321533436,54.91790867542373,13.402125460089373,True,0
721,2008-11-12,43.99,47.195737250330026,3.2057372503300243,-3.2057372503300243,8.445680639693741,4.944946333592554,0.005000000000000157,0.060000000000000026,True,True,38.750056610636285,52.14068358392258,13.390626973286295,True,0
722,2008-11-13,41.4,44.29879123221425,2.8987912322142506,-2.8987912322142506,8.445680639693741,4.944946333592554,0.005250000000000157,0.060250000000000026,True,True,35.85311059252051,49.2437375658068,13.390626973286295,True,0
723,2008-11-14,43.61,41.66690196423057,-1.943098035769431,1.943098035769431,8.445680639693741,4.944946333592554,0.0055000000000001575,0.060500000000000026,True,True,33.22122132453683,46.61184829782312,13.390626973286295,True,0
724,2008-11-17,39.91,43.641454940495784,3.7314549404957873,-3.7314549404957873,7.611320153076839,4.944946333592554,0.005750000000000158,0.060750000000000026,True,True,36.030134787418945,48.58640127408834,12.556266486669394,True,0
725,2008-11-18,39.73,40.06848573619255,0.3384857361925526,-0.3384857361925526,7.611320153076839,4.903928498957427,0.006000000000000158,0.061000000000000026,True,True,32.45716558311571,44.97241423514998,12.515248652034266,True,0
726,2008-11-19,37.97,39.911285322957184,1.9412853229571851,-1.9412853229571851,7.611320153076839,4.903928498957427,0.006250000000000158,0.06125000000000003,True,True,32.299965169880345,44.81521382191461,12.515248652034266,True,0
727,2008-11-20,35.29,38.109046817317804,2.8190468173178047,-2.8190468173178047,7.611320153076839,4.903928498957427,0.006500000000000158,0.06150000000000003,True,True,30.497726664240965,43.01297531627523,12.515248652034266,True,0
728,2008-11-21,36.39,35.51295470652403,-0.8770452934759732,0.8770452934759732,7.611320153076839,4.903928498957427,0.006750000000000159,0.06175000000000003,True,True,27.901634553447188,40.416883205481454,12.515248652034266,True,0
729,2008-11-24,38.79,36.45938927978767,-2.330610720212327,2.330610720212327,6.842809183738666,4.790864037316226,0.007000000000000159,0.06200000000000003,True,True,29.616580096049006,41.2502533171039,11.633673221054892,True,0
730,2008-11-25,42.09,38.655763367287115,-3.4342366327128886,3.4342366327128886,6.842809183738666,4.790864037316226,0.007250000000000159,0.06225000000000003,True,True,31.81295418354845,43.44662740460334,11.633673221054892,True,0
731,2008-11-26,40.87,41.879435259920825,1.0094352599208278,-1.0094352599208278,6.842809183738666,4.790864037316226,0.007500000000000159,0.06250000000000003,True,True,35.03662607618216,46.67029929723705,11.633673221054892,True,0
732,2008-11-28,44.03,40.837469167565374,-3.1925308324346275,3.1925308324346275,6.842809183738666,4.790864037316226,0.0077500000000001595,0.06275000000000003,True,True,33.99465998382671,45.6283332048816,11.633673221054892,True,0
733,2008-12-01,42.0,43.9394418041256,1.9394418041256003,-1.9394418041256003,6.842809183738666,4.699433799677728,0.00800000000000016,0.06300000000000003,True,True,37.096632620386934,48.63887560380333,11.542242983416394,True,0
734,2008-12-02,41.39,42.0499750730929,0.6599750730929017,-0.6599750730929017,6.300506514521345,4.699433799677728,0.00825000000000016,0.06325000000000003,True,True,35.74946855857156,46.74940887277063,10.999940314199073,True,0
735,2008-12-03,40.16,41.51514713054351,1.3551471305435143,-1.3551471305435143,6.300506514521345,4.699433799677728,0.00850000000000016,0.06350000000000003,True,True,35.214640616022166,46.21458093022124,10.999940314199073,True,0
736,2008-12-04,45.94,40.275983768830045,-5.664016231169953,5.664016231169953,6.300506514521345,4.699433799677728,0.00875000000000016,0.06375000000000003,True,False,33.9754772543087,44.97541756850777,10.999940314199073,False,1
737,2008-12-05,45.89,45.663126888453306,-0.22687311154669487,0.22687311154669487,6.300506514521345,4.956444820395632,0.00900000000000016,0.05900000000000003,True,True,39.36262037393196,50.61957170884894,11.256951334916977,True,0
738,2008-12-08,49.15,45.73101034597652,-3.418989654023477,3.418989654023477,6.300506514521345,4.956444820395632,0.009250000000000161,0.05925000000000003,True,True,39.43050383145518,50.68745516637215,11.256951334916977,True,0
739,2008-12-09,49.81,48.98377578506882,-0.8262242149311803,0.8262242149311803,5.545091823505189,4.956444820395632,0.009500000000000161,0.05950000000000003,True,True,43.43868396156363,53.940220605464454,10.50153664390082,True,0
740,2008-12-10,51.46,49.72442189984706,-1.7355781001529422,1.7355781001529422,5.545091823505189,4.944946333592554,0.009750000000000161,0.05975000000000003,True,True,44.17933007634187,54.66936823343961,10.490038157097743,True,0
741,2008-12-11,49.33,51.3695937505731,2.039593750573104,-2.039593750573104,5.545091823505189,4.944946333592554,0.010000000000000162,0.06000000000000003,True,True,45.824501927067914,56.31454008416566,10.490038157097743,True,0
742,2008-12-12,47.52,49.431490787628654,1.9114907876286509,-1.9114907876286509,5.545091823505189,4.944946333592554,0.010250000000000162,0.06025000000000003,True,True,43.886398964123465,54.37643712122121,10.490038157097743,True,0
743,2008-12-15,50.65,47.67092477983387,-2.9790752201661306,2.9790752201661306,5.545091823505189,4.944946333592554,0.010500000000000162,0.06050000000000003,True,True,42.12583295632868,52.61587111342642,10.490038157097743,True,0
744,2008-12-16,49.62,50.52417823663216,0.9041782366321627,-0.9041782366321627,5.545091823505189,4.903928498957427,0.010750000000000162,0.06075000000000003,True,True,44.97908641312697,55.42810673558959,10.449020322462616,True,0
745,2008-12-17,52.26,49.62686331602737,-2.63313668397263,2.63313668397263,5.399616352598684,4.903928498957427,0.011000000000000162,0.06100000000000003,True,True,44.227246963428684,54.530791814984795,10.303544851556111,True,0
746,2008-12-18,53.0,52.12866953746252,-0.8713304625374789,0.8713304625374789,5.399616352598684,4.903928498957427,0.011250000000000163,0.061250000000000034,True,True,46.72905318486384,57.03259803641995,10.303544851556111,True,0
747,2008-12-19,51.59,52.913850097434825,1.3238500974348213,-1.3238500974348213,5.399616352598684,4.903928498957427,0.011500000000000163,0.061500000000000034,True,True,47.51423374483614,57.81777859639225,10.303544851556111,True,0
748,2008-12-22,51.6,51.663354441769705,0.06335444176970384,-0.06335444176970384,5.399616352598684,4.790864037316226,0.011750000000000163,0.061750000000000034,True,True,46.26373808917102,56.45421847908593,10.19048038991491,True,0
749,2008-12-23,50.12,51.63332239145467,1.5133223914546718,-1.5133223914546718,5.399616352598684,4.790864037316226,0.012000000000000163,0.062000000000000034,True,True,46.233706038855985,56.424186428770895,10.19048038991491,True,0
750,2008-12-24,51.66,50.21563831278628,-1.4443616872137142,1.4443616872137142,5.2353533948385795,4.790864037316226,0.012250000000000164,0.062250000000000034,True,True,44.9802849179477,55.00650235010251,10.026217432154809,True,0
751,2008-12-26,53.79,51.60435667035546,-2.1856433296445417,2.1856433296445417,5.2353533948385795,4.790864037316226,0.012500000000000164,0.06250000000000003,True,True,46.369003275516874,56.39522070767168,10.026217432154809,True,0
752,2008-12-29,51.43,53.636621096407566,2.2066210964075665,-2.2066210964075665,5.2353533948385795,4.699433799677728,0.012750000000000164,0.06275000000000003,True,True,48.40126770156898,58.336054896085294,9.93478719451631,True,0
753,2008-12-30,49.51,51.53001928377803,2.0200192837780335,-2.0200192837780335,5.2353533948385795,4.699433799677728,0.013000000000000164,0.06300000000000003,True,True,46.29466588893945,56.22945308345576,9.93478719451631,True,0
754,2008-12-31,50.74,49.681452487313386,-1.0585475126866157,1.0585475126866157,5.2353533948385795,4.699433799677728,0.013250000000000164,0.06325000000000003,True,True,44.44609909247481,54.380886286991114,9.934787194516304,True,0
755,2009-01-02,51.35,50.72502296017885,-0.6249770398211538,0.6249770398211538,5.036240787092794,4.699433799677728,0.013500000000000165,0.06350000000000003,True,True,45.688782173086054,55.424456759856575,9.735674586770521,True,0
756,2009-01-05,55.73,51.29335662217816,-4.436643377821838,4.436643377821838,5.036240787092794,4.636139467606782,0.013750000000000165,0.06375000000000003,True,True,46.257115835085365,55.92949608978494,9.672380254699576,True,0
757,2009-01-06,54.55,55.45430143282736,0.90430143282736,-0.90430143282736,5.036240787092794,4.636139467606782,0.014000000000000165,0.06400000000000003,True,True,50.41806064573456,60.09044090043414,9.672380254699576,True,0
758,2009-01-07,56.29,54.51546123848147,-1.774538761518528,1.774538761518528,5.036240787092794,4.636139467606782,0.014250000000000165,0.06425000000000003,True,True,49.47922045138868,59.15160070608825,9.672380254699576,True,0
759,2009-01-08,54.99,56.200754735035474,1.2107547350354722,-1.2107547350354722,5.036240787092794,4.636139467606782,0.014500000000000166,0.06450000000000003,True,True,51.16451394794268,60.836894202642256,9.672380254699576,True,0
760,2009-01-09,56.92,55.02837320072927,-1.8916267992707319,1.8916267992707319,5.011847665536521,4.436643377821838,0.014750000000000166,0.06475000000000003,True,True,50.01652553519275,59.46501657855111,9.44849104335836,True,0
761,2009-01-12,54.12,56.814060746798056,2.6940607467980584,-2.6940607467980584,5.011847665536521,4.436643377821838,0.015000000000000166,0.06500000000000003,True,True,51.802213081261534,61.250704124619894,9.44849104335836,True,0
762,2009-01-13,50.96,54.25556220789584,3.2955622078958413,-3.2955622078958413,5.011847665536521,4.436643377821838,0.015250000000000166,0.06525000000000003,True,True,49.24371454235932,58.69220558571768,9.44849104335836,True,0
763,2009-01-14,50.1,51.19558558870164,1.0955855887016384,-1.0955855887016384,5.011847665536521,4.436643377821838,0.015500000000000166,0.06550000000000003,True,True,46.18373792316512,55.63222896652348,9.44849104335836,True,0
764,2009-01-15,48.56,50.21319166413128,1.6531916641312776,-1.6531916641312776,4.889122137728307,4.418335655800689,0.015750000000000167,0.06575000000000003,True,True,45.32406952640297,54.63152731993197,9.307457793528997,True,0
765,2009-01-16,51.8,48.67531677100374,-3.124683228996254,3.124683228996254,4.889122137728307,4.418335655800689,0.016000000000000167,0.06600000000000003,True,True,43.786194633275436,53.09365242680443,9.307457793528997,True,0
766,2009-01-20,50.75,51.640413986648035,0.890413986648035,-0.890413986648035,4.889122137728307,4.418335655800689,0.016250000000000167,0.06625000000000003,True,True,46.75129184891973,56.058749642448724,9.307457793528997,True,0
767,2009-01-21,49.31,50.771258184630724,1.4612581846307222,-1.4612581846307222,4.889122137728307,4.418335655800689,0.016500000000000167,0.06650000000000003,True,True,45.88213604690242,55.189593840431414,9.307457793528997,True,0
768,2009-01-22,49.42,49.42710218866549,0.007102188665491838,-0.007102188665491838,4.889122137728307,4.36932249805448,0.016750000000000168,0.06675000000000003,True,True,44.537980050937186,53.79642468671997,9.258444635782787,True,0
769,2009-01-23,48.9,49.45448310889723,0.5544831088972302,-0.5544831088972302,4.831146649804751,4.36932249805448,0.017000000000000168,0.06700000000000003,True,True,44.62333645909248,53.82380560695171,9.20046914785923,True,0
770,2009-01-26,50.18,48.94588829745215,-1.2341117025478496,1.2341117025478496,4.831146649804751,4.36932249805448,0.017250000000000168,0.06725000000000003,True,True,44.1147416476474,53.31521079550663,9.20046914785923,True,0
771,2009-01-27,49.3,50.126115807333235,0.8261158073332382,-0.8261158073332382,4.831146649804751,4.36932249805448,0.017500000000000168,0.06750000000000003,True,True,45.294969157528485,54.495438305387715,9.20046914785923,True,0
772,2009-01-28,49.72,49.34599307081663,-0.3740069291833663,0.3740069291833663,4.831146649804751,4.293657487471137,0.01775000000000017,0.06775000000000003,True,True,44.51484642101188,53.63965055828777,9.124804137275888,True,0
773,2009-01-29,49.96,49.72448091322711,-0.23551908677288935,0.23551908677288935,4.831146649804751,4.293657487471137,0.01800000000000017,0.06800000000000003,True,True,44.89333426342236,54.01813840069825,9.124804137275888,True,0
774,2009-01-30,57.36,49.9523239069735,-7.407676093026502,7.407676093026502,4.737598771371339,4.293657487471137,0.01825000000000017,0.06825000000000003,True,False,45.21472513560216,54.245981394444634,9.031256258842475,False,1
775,2009-02-02,58.57,56.87984887542519,-1.690151124574811,1.690151124574811,4.737598771371339,4.636139467606782,0.01850000000000017,0.06350000000000003,True,True,52.14225010405385,61.51598834303197,9.37373823897812,True,0
776,2009-02-03,60.87,58.3615321814671,-2.5084678185328997,2.5084678185328997,4.737598771371339,4.636139467606782,0.01875000000000017,0.06375000000000003,True,True,53.62393341009576,62.99767164907388,9.37373823897812,True,0
777,2009-02-04,63.38,60.70539243061094,-2.6746075693890603,2.6746075693890603,4.737598771371339,4.636139467606782,0.01900000000000017,0.06400000000000003,True,True,55.967793659239604,65.34153189821772,9.37373823897812,True,0
778,2009-02-05,61.15,63.190199002561336,2.0401990025613372,-2.0401990025613372,4.737598771371339,4.636139467606782,0.01925000000000017,0.06425000000000003,True,True,58.45260023119,67.82633847016811,9.373738238978113,True,0
779,2009-02-06,63.18,61.210715482430146,-1.9692845175698537,1.9692845175698537,4.692270027240724,4.436643377821838,0.01950000000000017,0.06450000000000003,True,True,56.51844545518942,65.64735886025198,9.128913405062562,True,0
780,2009-02-09,66.56,63.047305840887404,-3.5126941591125984,3.5126941591125984,4.692270027240724,4.436643377821838,0.01975000000000017,0.06475000000000003,True,True,58.35503581364668,67.48394921870924,9.128913405062562,True,0
781,2009-02-10,66.15,66.30491176391764,0.15491176391763872,-0.15491176391763872,4.692270027240724,4.436643377821838,0.02000000000000017,0.06500000000000003,True,True,61.61264173667692,70.74155514173948,9.128913405062562,True,0
782,2009-02-11,63.1,66.08417688715174,2.9841768871517402,-2.9841768871517402,4.692270027240724,4.436643377821838,0.02025000000000017,0.06525000000000003,True,True,61.39190685991102,70.52082026497358,9.128913405062562,True,0
783,2009-02-12,63.25,63.219237061851736,-0.03076293814826414,0.03076293814826414,4.543449545106583,4.418335655800689,0.02050000000000017,0.06550000000000003,True,True,58.67578751674515,67.63757271765243,8.96178520090728,True,0
784,2009-02-13,63.97,63.239325824928585,-0.7306741750714139,0.7306741750714139,4.543449545106583,4.418335655800689,0.02075000000000017,0.06575000000000003,True,True,58.695876279822,67.65766148072927,8.961785200907272,True,0
785,2009-02-17,61.67,63.88733873000539,2.2173387300053875,-2.2173387300053875,4.543449545106583,4.418335655800689,0.02100000000000017,0.06600000000000003,True,True,59.343889184898806,68.30567438580607,8.961785200907265,True,0
786,2009-02-18,62.27,61.745162936759186,-0.5248370632408168,0.5248370632408168,4.543449545106583,4.36932249805448,0.02125000000000017,0.06625000000000003,True,True,57.2017133916526,66.11448543481367,8.91277204316107,True,0
787,2009-02-19,62.84,62.232381282266786,-0.6076187177332173,0.6076187177332173,4.543449545106583,4.36932249805448,0.021500000000000172,0.06650000000000003,True,True,57.6889317371602,66.60170378032126,8.912772043161056,True,0
788,2009-02-20,61.07,62.76354271483305,1.6935427148330504,-1.6935427148330504,4.483608339694882,4.36932249805448,0.021750000000000172,0.06675000000000003,True,True,58.27993437513817,67.13286521288754,8.85293083774937,True,0
789,2009-02-23,64.16,61.12357509698818,-3.036424903011813,3.036424903011813,4.483608339694882,4.36932249805448,0.022000000000000172,0.06700000000000003,True,True,56.6399667572933,65.49289759504266,8.852930837749362,True,0
790,2009-02-24,61.97,63.969442844725755,1.9994428447257562,-1.9994428447257562,4.483608339694882,4.293657487471137,0.022250000000000172,0.06725000000000003,True,True,59.48583450503087,68.2631003321969,8.777265827166026,True,0
791,2009-02-25,64.9,62.01726799697579,-2.8827320030242163,2.8827320030242163,4.483608339694882,4.293657487471137,0.022500000000000173,0.06750000000000003,True,True,57.53365965728091,66.31092548444693,8.777265827166019,True,0
792,2009-02-26,64.12,64.70425187156266,0.5842518715626568,-0.5842518715626568,4.483608339694882,4.293657487471137,0.022750000000000173,0.06775000000000003,True,True,60.22064353186778,68.9979093590338,8.777265827166019,True,0
793,2009-02-27,61.26,64.09171313936228,2.831713139362286,-2.831713139362286,4.400581239885014,4.293657487471137,0.023000000000000173,0.06800000000000003,True,True,59.69113189947727,68.38537062683342,8.69423872735615,True,0
794,2009-03-02,63.94,61.39780532147036,-2.54219467852964,2.54219467852964,4.400581239885014,4.264209125490069,0.023250000000000173,0.06825000000000003,True,True,56.997224081585344,65.66201444696043,8.664790365375083,True,0
795,2009-03-03,62.75,63.772144592378346,1.0221445923783463,-1.0221445923783463,4.400581239885014,4.264209125490069,0.023500000000000174,0.06850000000000003,True,True,59.37156335249333,68.03635371786842,8.66479036537509,True,0
796,2009-03-04,62.8,62.75082454006623,-0.04917545993376393,0.04917545993376393,4.400581239885014,4.264209125490069,0.023750000000000174,0.06875000000000003,True,True,58.35024330018122,67.0150336655563,8.664790365375083,True,0
797,2009-03-05,64.12,62.77324650990321,-1.3467534900967948,1.3467534900967948,4.302029447972899,4.264209125490069,0.024000000000000174,0.06900000000000003,True,True,58.47121706193031,67.03745563539329,8.566238573462975,True,0
798,2009-03-06,65.2,63.995929811525144,-1.2040701884748586,1.2040701884748586,4.302029447972899,4.189984970971651,0.024250000000000174,0.06925000000000003,True,True,59.693900363552245,68.1859147824968,8.49201441894455,True,0
799,2009-03-09,62.2,65.07032461880812,2.8703246188081124,-2.8703246188081124,4.302029447972899,4.189984970971651,0.024500000000000174,0.06950000000000003,True,True,60.768295170835216,69.26030958977977,8.49201441894455,True,0
800,2009-03-10,62.49,62.32820586201441,-0.16179413798559494,0.16179413798559494,4.302029447972899,4.189984970971651,0.024750000000000175,0.06975000000000003,True,True,58.02617641404151,66.51819083298605,8.492014418944542,True,0
801,2009-03-11,66.24,62.475317031659024,-3.7646829683409706,3.7646829683409706,4.128248268300425,4.149251007800132,0.025000000000000175,0.07000000000000003,True,True,58.3470687633586,66.62456803945915,8.27749927610055,True,0
802,2009-03-12,68.35,65.94952746182143,-2.400472538178562,2.400472538178562,4.128248268300425,4.149251007800132,0.025250000000000175,0.07025000000000003,True,True,61.82127919352101,70.09877846962156,8.277499276100556,True,0
803,2009-03-13,69.64,68.10018195097787,-1.5398180490221307,1.5398180490221307,4.128248268300425,4.149251007800132,0.025500000000000175,0.07050000000000003,True,True,63.971933682677445,72.249432958778,8.277499276100556,True,0
804,2009-03-16,68.56,69.46652697203862,0.9065269720386198,-0.9065269720386198,4.128248268300425,4.149251007800132,0.025750000000000176,0.07075000000000004,True,True,65.3382787037382,73.61577797983875,8.277499276100556,True,0
805,2009-03-17,67.37,68.54042227647803,1.1704222764780212,-1.1704222764780212,4.128248268300425,4.1026929623579775,0.026000000000000176,0.07100000000000004,True,True,64.4121740081776,72.643115238836,8.230941230658402,True,0
806,2009-03-18,70.97,67.39683321544891,-3.5731667845510913,3.5731667845510913,3.8874014459674697,4.1026929623579775,0.026250000000000176,0.07125000000000004,True,True,63.50943176948144,71.49952617780689,7.990094408325447,True,0
807,2009-03-19,71.4,70.70222463526622,-0.6977753647337863,0.6977753647337863,3.8874014459674697,4.1026929623579775,0.026500000000000176,0.07150000000000004,True,True,66.81482318929875,74.8049175976242,7.990094408325447,True,0
808,2009-03-20,70.39,71.24021933905533,0.8502193390553288,-0.8502193390553288,3.8874014459674697,4.1026929623579775,0.026750000000000176,0.07175000000000004,True,True,67.35281789308786,75.3429123014133,7.990094408325447,True,0
809,2009-03-23,71.36,70.37164429526932,-0.9883557047306795,0.9883557047306795,3.8874014459674697,4.078420857326037,0.027000000000000177,0.07200000000000004,True,True,66.48424284930185,74.45006515259536,7.965822303293507,True,0
810,2009-03-24,74.85,71.24715504199256,-3.602844958007438,3.602844958007438,3.797377881746982,4.078420857326037,0.027250000000000177,0.07225000000000004,True,True,67.44977716024557,75.3255758993186,7.875798739073019,True,0
811,2009-03-25,73.09,74.53888187521628,1.4488818752162729,-1.4488818752162729,3.797377881746982,4.078420857326037,0.027500000000000177,0.07250000000000004,True,True,70.7415039934693,78.61730273254231,7.875798739073019,True,0
812,2009-03-26,73.47,73.04907894815801,-0.4209210518419866,0.4209210518419866,3.797377881746982,3.820990240605795,0.027750000000000177,0.07275000000000004,True,True,69.25170106641103,76.87006918876381,7.618368122352777,True,0
813,2009-03-27,71.61,73.39760377287638,1.7876037728763805,-1.7876037728763805,3.797377881746982,3.820990240605795,0.028000000000000178,0.07300000000000004,True,True,69.6002258911294,77.21859401348217,7.618368122352777,True,0
814,2009-03-30,70.4,71.63799015194006,1.2379901519400534,-1.2379901519400534,3.797377881746982,3.820990240605795,0.028250000000000178,0.07325000000000004,True,True,67.84061227019308,75.45898039254585,7.618368122352777,True,0
815,2009-03-31,72.61,70.43233935840128,-2.1776606415987203,2.1776606415987203,3.7314549404957873,3.820990240605795,0.028500000000000178,0.07350000000000004,True,True,66.70088441790548,74.25332959900707,7.552445181101589,True,0
816,2009-04-01,73.02,72.4223094252182,-0.5976905747817938,0.5976905747817938,3.7314549404957873,3.7646829683409706,0.028750000000000178,0.07375000000000004,True,True,68.69085448472242,76.18699239355917,7.496137908836744,True,0
817,2009-04-02,73.63,72.87545341823733,-0.7545465817626678,0.7545465817626678,3.7314549404957873,3.7646829683409706,0.02900000000000018,0.07400000000000004,True,True,69.14399847774155,76.64013638657829,7.496137908836744,True,0
818,2009-04-03,76.42,73.50518995235863,-2.9148100476413674,2.9148100476413674,3.7314549404957873,3.7646829683409706,0.02925000000000018,0.07425000000000004,True,True,69.77373501186284,77.26987292069961,7.496137908836772,True,0
819,2009-04-06,77.26,76.15090995439981,-1.1090900456001975,1.1090900456001975,3.5895050947563902,3.7646829683409706,0.02950000000000018,0.07450000000000004,True,True,72.56140485964342,79.91559292274079,7.354188063097368,True,0
820,2009-04-07,76.97,77.06578670178999,0.09578670178999005,-0.09578670178999005,3.5895050947563902,3.663333917885282,0.02975000000000018,0.07475000000000004,True,True,73.4762816070336,80.72912061967527,7.252839012641672,True,0
821,2009-04-08,75.93,76.87841081472985,0.94841081472984,-0.94841081472984,3.5895050947563902,3.663333917885282,0.03000000000000018,0.07500000000000004,True,True,73.28890571997346,80.54174473261513,7.252839012641672,True,0
822,2009-04-09,77.51,75.90528423454955,-1.6047157654504502,1.6047157654504502,3.5895050947563902,3.663333917885282,0.03025000000000018,0.07525000000000004,True,True,72.31577913979316,79.56861815243484,7.252839012641672,True,0
823,2009-04-13,79.84,77.34090097577717,-2.4990990242228293,2.4990990242228293,3.493804601489771,3.633319734752817,0.03050000000000018,0.07550000000000004,True,True,73.8470963742874,80.97422071052999,7.127124336242588,True,0
824,2009-04-14,78.0,79.5707546102048,1.5707546102048013,-1.5707546102048013,3.493804601489771,3.633319734752817,0.03075000000000018,0.07575000000000004,True,True,76.07695000871503,83.20407434495762,7.127124336242588,True,0
825,2009-04-15,75.5,77.96598896846947,2.4659889684694747,-2.4659889684694747,3.493804601489771,3.633319734752817,0.03100000000000018,0.07600000000000004,True,True,74.4721843669797,81.59930870322229,7.127124336242588,True,0
826,2009-04-16,75.33,75.58867543661906,0.25867543661905756,-0.25867543661905756,3.493804601489771,3.633319734752817,0.03125000000000018,0.07625000000000004,True,True,72.09487083512929,79.22199517137187,7.127124336242588,True,0
827,2009-04-17,76.78,75.30111788645878,-1.4788821135412178,1.4788821135412178,3.482989583913721,3.602844958007438,0.03150000000000018,0.07650000000000004,True,True,71.81812830254506,78.90396284446622,7.085834541921159,True,0
828,2009-04-20,78.44,76.60762859520887,-1.8323714047911324,1.8323714047911324,3.482989583913721,3.602844958007438,0.03175000000000018,0.07675000000000004,True,True,73.12463901129514,80.2104735532163,7.085834541921159,True,0
829,2009-04-21,77.33,78.2163990658036,0.8863990658036016,-0.8863990658036016,3.482989583913721,3.602844958007438,0.03200000000000018,0.07700000000000004,True,True,74.73340948188988,81.81924402381104,7.085834541921159,True,0
830,2009-04-22,78.17,77.26552807286063,-0.9044719271393689,0.9044719271393689,3.482989583913721,3.597166984426508,0.03225000000000018,0.07725000000000004,True,True,73.78253848894691,80.86269505728714,7.080156568340229,True,0
831,2009-04-23,81.33,78.04789849360002,-3.2821015063999823,3.2821015063999823,3.482989583913721,3.597166984426508,0.03250000000000018,0.07750000000000004,True,True,74.5649089096863,81.64506547802652,7.080156568340229,True,0
832,2009-04-24,82.03,81.02114659444156,-1.0088534055584404,1.0088534055584404,3.4661290183451854,3.597166984426508,0.03275000000000018,0.07775000000000004,True,True,77.55501757609638,84.61831357886807,7.063296002771693,True,0
833,2009-04-27,83.88,81.81379282654636,-2.066207173453634,2.066207173453634,3.4661290183451854,3.597166984426508,0.03300000000000018,0.07800000000000004,True,True,78.34766380820118,85.41095981097287,7.063296002771693,True,0
834,2009-04-28,82.68,83.6462731328202,0.9662731328201914,-0.9662731328201914,3.4661290183451854,3.5731667845510913,0.03325000000000018,0.07825000000000004,True,True,80.18014411447501,87.21943991737129,7.039295802896277,True,0
835,2009-04-29,82.99,82.60031456939541,-0.3896854306045867,0.3896854306045867,3.4661290183451854,3.5731667845510913,0.03350000000000018,0.07850000000000004,True,True,79.13418555105022,86.1734813539465,7.039295802896277,True,0
836,2009-04-30,80.93,82.8851383845152,1.9551383845151946,-1.9551383845151946,3.4183245618666405,3.5731667845510913,0.03375000000000018,0.07875000000000004,True,True,79.46681382264856,86.45830516906629,6.991491346417732,True,0
837,2009-05-01,80.38,80.93483769305033,0.5548376930503309,-0.5548376930503309,3.4183245618666405,3.5701803880112806,0.03400000000000018,0.07900000000000004,True,True,77.51651313118369,84.5050180810616,6.988504949877921,True,0
838,2009-05-04,80.26,80.34756558463376,0.08756558463375086,-0.08756558463375086,3.4183245618666405,3.5701803880112806,0.03425000000000018,0.07925000000000004,True,True,76.92924102276712,83.91774597264504,6.988504949877921,True,0
839,2009-05-05,81.01,80.17517668728155,-0.8348233127184557,0.8348233127184557,3.4183245618666405,3.5701803880112806,0.03450000000000018,0.07950000000000004,True,True,76.75685212541491,83.74535707529283,6.988504949877921,True,0
840,2009-05-06,82.88,80.86531040864986,-2.014689591350134,2.014689591350134,3.408381753616027,3.5701803880112806,0.034750000000000184,0.07975000000000004,True,True,77.45692865503383,84.43549079666114,6.978562141627307,True,0
841,2009-05-07,82.73,82.64828924704571,-0.08171075295429375,0.08171075295429375,3.408381753616027,3.5203079912296857,0.035000000000000184,0.08000000000000004,True,True,79.23990749342968,86.1685972382754,6.9286897448457125,True,0
842,2009-05-08,79.69,82.59203502412879,2.902035024128793,-2.902035024128793,3.408381753616027,3.5203079912296857,0.035250000000000184,0.08025000000000004,True,True,79.18365327051276,86.11234301535848,6.9286897448457125,True,0
843,2009-05-11,76.8,79.76117159755995,2.9611715975599537,-2.9611715975599537,3.408381753616027,3.5203079912296857,0.035500000000000184,0.08050000000000004,True,True,76.35278984394392,83.28147958878964,6.9286897448457125,True,0
844,2009-05-12,78.7,76.92338680579853,-1.7766131942014738,1.7766131942014738,3.37239714451394,3.5126941591125984,0.035750000000000184,0.08075000000000004,True,True,73.55098966128459,80.43608096491113,6.885091303626538,True,0
845,2009-05-13,76.25,78.55803908208557,2.308039082085571,-2.308039082085571,3.37239714451394,3.5126941591125984,0.036000000000000185,0.08100000000000004,True,True,75.18564193757163,82.07073324119817,6.885091303626538,True,0
846,2009-05-14,73.79,76.26089315088637,2.4708931508863685,-2.4708931508863685,3.37239714451394,3.5126941591125984,0.036250000000000185,0.08125000000000004,True,True,72.88849600637243,79.77358730999897,6.885091303626538,True,0
847,2009-05-15,74.54,73.89363153856263,-0.6463684614373761,0.6463684614373761,3.37239714451394,3.5126941591125984,0.036500000000000185,0.08150000000000004,True,True,70.52123439404869,77.40632569767523,6.885091303626538,True,0
848,2009-05-18,73.96,74.46837300868394,0.5083730086839466,-0.5083730086839466,3.3245834561466268,3.493139486756405,0.036750000000000185,0.08175000000000004,True,True,71.14378955253731,77.96151249544035,6.817722942903032,True,0
849,2009-05-19,75.43,73.89775985898694,-1.5322401410130624,1.5322401410130624,3.3245834561466268,3.493139486756405,0.037000000000000186,0.08200000000000005,True,True,70.57317640284032,77.39089934574335,6.817722942903032,True,0
850,2009-05-20,78.5,75.27512077870223,-3.224879221297769,3.224879221297769,3.3245834561466268,3.493139486756405,0.037250000000000186,0.08225000000000005,True,True,71.9505373225556,78.76826026545864,6.817722942903032,True,0
851,2009-05-21,76.75,78.20028054854859,1.4502805485485908,-1.4502805485485908,3.3245834561466268,3.467611491937376,0.037500000000000186,0.08250000000000005,True,True,74.87569709240196,81.66789204048597,6.792194948084003,True,0
852,2009-05-22,76.1,76.69216306832979,0.5921630683297963,-0.5921630683297963,3.310003113181196,3.467611491937376,0.037750000000000186,0.08275000000000005,True,True,73.3821599551486,80.15977456026717,6.777614605118572,True,0
853,2009-05-26,75.03,76.08665042810664,1.0566504281066358,-1.0566504281066358,3.310003113181196,3.467611491937376,0.038000000000000186,0.08300000000000005,True,True,72.77664731492544,79.55426192004401,6.777614605118572,True,0
854,2009-05-27,78.51,75.02006193499365,-3.4899380650063563,3.4899380650063563,3.310003113181196,3.4440326130802106,0.03825000000000019,0.08325000000000005,True,False,71.71005882181245,78.46409454807386,6.754035726261407,False,1
855,2009-05-28,77.7,78.2395247067973,0.5395247067972946,-0.5395247067972946,3.310003113181196,3.5203079912296857,0.03850000000000019,0.07850000000000004,True,True,74.9295215936161,81.75983269802698,6.830311104410882,True,0
856,2009-05-29,77.72,77.57717169797263,-0.14282830202736818,0.14282830202736818,3.2955622078958413,3.5203079912296857,0.03875000000000019,0.07875000000000004,True,True,74.28160949007679,81.09747968920232,6.815870199125527,True,0
857,2009-06-01,78.21,77.64441075939322,-0.5655892406067693,0.5655892406067693,3.2955622078958413,3.5203079912296857,0.03900000000000019,0.07900000000000004,True,True,74.34884855149738,81.16471875062291,6.815870199125527,True,0
858,2009-06-02,82.42,78.08835615994144,-4.331643840058561,4.331643840058561,3.2955622078958413,3.5203079912296857,0.03925000000000019,0.07925000000000004,True,False,74.7927939520456,81.60866415117113,6.815870199125527,False,1
859,2009-06-03,83.31,82.05848665483555,-1.2515133451644544,1.2515133451644544,3.2955622078958413,3.633319734752817,0.03950000000000019,0.07450000000000004,True,True,78.7629244469397,85.69180638958836,6.928881942648658,True,0
860,2009-06-04,85.42,83.05584859163407,-2.3641514083659274,2.3641514083659274,3.263973089170321,3.602844958007438,0.03975000000000019,0.07475000000000004,True,True,79.79187550246375,86.65869354964151,6.866818047177759,True,0
861,2009-06-05,86.29,85.16739764325743,-1.1226023567425756,1.1226023567425756,3.263973089170321,3.602844958007438,0.04000000000000019,0.07500000000000004,True,True,81.90342455408711,88.77024260126487,6.866818047177759,True,0
862,2009-06-08,86.75,86.08027206993904,-0.669727930060958,0.669727930060958,3.263973089170321,3.602844958007438,0.04025000000000019,0.07525000000000004,True,True,82.81629898076872,89.68311702794648,6.866818047177759,True,0
863,2009-06-09,86.93,86.58767157443704,-0.34232842556296816,0.34232842556296816,3.263973089170321,3.597166984426508,0.04050000000000019,0.07550000000000004,True,True,83.32369848526672,90.18483855886355,6.861140073596829,True,0
864,2009-06-10,87.58,86.79109742650269,-0.7889025734973103,0.7889025734973103,3.2377737824927095,3.597166984426508,0.04075000000000019,0.07575000000000004,True,True,83.55332364400998,90.3882644109292,6.8349407669192175,True,0
865,2009-06-11,86.3,87.41937863761092,1.1193786376109216,-1.1193786376109216,3.2377737824927095,3.597166984426508,0.04100000000000019,0.07600000000000004,True,True,84.18160485511821,91.01654562203743,6.8349407669192175,True,0
866,2009-06-12,85.03,86.23915178527558,1.20915178527558,-1.20915178527558,3.2377737824927095,3.597166984426508,0.04125000000000019,0.07625000000000004,True,True,83.00137800278287,89.83631876970209,6.8349407669192175,True,0
867,2009-06-15,82.83,85.00950546477156,2.179505464771566,-2.179505464771566,3.2377737824927095,3.5731667845510913,0.04150000000000019,0.07650000000000004,True,True,81.77173168227885,88.58267224932266,6.810940567043801,True,0
868,2009-06-16,83.7,82.86362385349072,-0.8363761465092807,0.8363761465092807,3.212467117304371,3.5731667845510913,0.04175000000000019,0.07675000000000004,True,True,79.65115673618635,86.43679063804181,6.785633901855462,True,0
869,2009-06-17,82.5,83.58525354654554,1.0852535465455446,-1.0852535465455446,3.212467117304371,3.5731667845510913,0.04200000000000019,0.07700000000000004,True,True,80.37278642924117,87.15842033109664,6.785633901855462,True,0
870,2009-06-18,82.81,82.44208396819771,-0.36791603180229515,0.36791603180229515,3.212467117304371,3.5701803880112806,0.04225000000000019,0.07725000000000004,True,True,79.22961685089334,86.01226435620899,6.782647505315651,True,0
871,2009-06-19,82.15,82.70889935370998,0.5588993537099753,-0.5588993537099753,3.212467117304371,3.5701803880112806,0.04250000000000019,0.07750000000000004,True,True,79.49643223640561,86.27907974172126,6.782647505315651,True,0
872,2009-06-22,82.41,82.0751675864919,-0.3348324135080958,0.3348324135080958,3.2057372503300243,3.5701803880112806,0.04275000000000019,0.07775000000000004,True,True,78.86943033616188,85.64534797450318,6.775917638341298,True,0
873,2009-06-23,78.97,82.30287353280035,3.332873532800349,-3.332873532800349,3.2057372503300243,3.5203079912296857,0.04300000000000019,0.07800000000000004,False,True,79.09713628247033,85.82318152403003,6.726045241559703,False,1
874,2009-06-24,78.0,79.05526719244028,1.055267192440283,-1.055267192440283,3.310003113181196,3.5203079912296857,0.038250000000000194,0.07825000000000004,True,True,75.74526407925909,82.57557518366997,6.830311104410882,True,0
875,2009-06-25,79.1,78.0233586506953,-1.076641349304694,1.076641349304694,3.310003113181196,3.5203079912296857,0.038500000000000194,0.07850000000000004,True,True,74.7133555375141,81.54366664192499,6.830311104410882,True,0
876,2009-06-26,81.9,78.96444620252683,-2.935553797473176,2.935553797473176,3.310003113181196,3.5203079912296857,0.038750000000000194,0.07875000000000004,True,True,75.65444308934563,82.48475419375652,6.830311104410882,True,0
877,2009-06-29,83.87,81.6206432183674,-2.2493567816325992,2.2493567816325992,3.2955622078958413,3.5126941591125984,0.039000000000000194,0.07900000000000004,True,True,78.32508101047156,85.13333737748,6.80825636700844,True,0
878,2009-06-30,83.62,83.59849779366365,-0.021502206336350582,0.021502206336350582,3.2955622078958413,3.5126941591125984,0.039250000000000194,0.07925000000000004,True,True,80.30293558576781,87.11119195277625,6.80825636700844,True,0
879,2009-07-01,84.42,83.48588618266449,-0.9341138173355148,0.9341138173355148,3.2955622078958413,3.5126941591125984,0.039500000000000195,0.07950000000000004,True,True,80.19032397476865,86.99858034177709,6.80825636700844,True,0
880,2009-07-02,81.11,84.27111150284574,3.161111502845742,-3.161111502845742,3.2955622078958413,3.493139486756405,0.039750000000000195,0.07975000000000004,True,True,80.9755492949499,87.76425098960215,6.7887016946522465,True,0
881,2009-07-06,78.45,81.16731753294884,2.71731753294884,-2.71731753294884,3.263973089170321,3.493139486756405,0.040000000000000195,0.08000000000000004,True,True,77.90334444377852,84.66045701970525,6.757112575926726,True,0
882,2009-07-07,78.53,78.55376626387566,0.0237662638756575,-0.0237662638756575,3.263973089170321,3.493139486756405,0.040250000000000195,0.08025000000000004,True,True,75.28979317470534,82.04690575063206,6.757112575926726,True,0
883,2009-07-08,76.46,78.4839634193259,2.0239634193259093,-2.0239634193259093,3.263973089170321,3.4899380650063563,0.040500000000000196,0.08050000000000004,True,True,75.21999033015558,81.97390148433226,6.753911154176677,True,0
884,2009-07-09,78.25,76.47983638270489,-1.7701636172951112,1.7701636172951112,3.263973089170321,3.4899380650063563,0.040750000000000196,0.08075000000000004,True,True,73.21586329353457,79.96977444771125,6.753911154176677,True,0
885,2009-07-10,77.52,78.10258579539256,0.5825857953925606,-0.5825857953925606,3.2377737824927095,3.4899380650063563,0.041000000000000196,0.08100000000000004,True,True,74.86481201289985,81.59252386039891,6.727711847499066,True,0
886,2009-07-13,78.07,77.4378863803992,-0.632113619600787,0.632113619600787,3.2377737824927095,3.4899380650063563,0.041250000000000196,0.08125000000000004,True,True,74.2001125979065,80.92782444540556,6.727711847499066,True,0
887,2009-07-14,81.48,77.96419792077668,-3.51580207922332,3.51580207922332,3.2377737824927095,3.467611491937376,0.041500000000000196,0.08150000000000004,True,False,74.72642413828397,81.43180941271406,6.7053852744300855,False,1
888,2009-07-15,83.0,81.18571271801517,-1.8142872819848321,1.8142872819848321,3.212467117304371,3.5203079912296857,0.0417500000000002,0.07675000000000004,True,True,77.9732456007108,84.70602070924485,6.732775108534057,True,0
889,2009-07-16,84.42,82.75035613658281,-1.6696438634171926,1.6696438634171926,3.212467117304371,3.5203079912296857,0.0420000000000002,0.07700000000000004,True,True,79.53788901927844,86.2706641278125,6.732775108534057,True,0
890,2009-07-17,85.8,84.20895835426676,-1.5910416457332417,1.5910416457332417,3.212467117304371,3.5203079912296857,0.0422500000000002,0.07725000000000004,True,True,80.99649123696238,87.72926634549644,6.732775108534057,True,0
891,2009-07-20,86.27,85.58971412924318,-0.6802858707568191,0.6802858707568191,3.212467117304371,3.5203079912296857,0.0425000000000002,0.07750000000000004,True,True,82.3772470119388,89.11002212047286,6.732775108534057,True,0
892,2009-07-21,88.52,86.10635771142927,-2.4136422885707276,2.4136422885707276,3.2057372503300243,3.51580207922332,0.0427500000000002,0.07775000000000004,True,True,82.90062046109924,89.62215979065259,6.721539329553352,True,0
893,2009-07-22,88.65,88.27465505409751,-0.3753449459024978,0.3753449459024978,3.2057372503300243,3.51580207922332,0.0430000000000002,0.07800000000000004,True,True,85.06891780376748,91.79045713332083,6.721539329553352,True,0
894,2009-07-23,89.84,88.48356799549548,-1.3564320045045264,1.3564320045045264,3.2057372503300243,3.51580207922332,0.0432500000000002,0.07825000000000004,True,True,85.27783074516546,91.9993700747188,6.721539329553337,True,0
895,2009-07-24,87.6,89.65216779862529,2.052167798625291,-2.052167798625291,3.2057372503300243,3.5126941591125984,0.0435000000000002,0.07850000000000004,True,True,86.44643054829527,93.16486195773788,6.718431409442616,True,0
896,2009-07-27,86.24,87.57397257650591,1.3339725765059143,-1.3339725765059143,3.161111502845742,3.5126941591125984,0.0437500000000002,0.07875000000000004,True,True,84.41286107366017,91.08666673561851,6.67380566195834,True,0
897,2009-07-28,83.84,86.22754130383012,2.387541303830119,-2.387541303830119,3.161111502845742,3.5126941591125984,0.0440000000000002,0.07900000000000004,True,True,83.06642980098438,89.74023546294272,6.67380566195834,True,0
898,2009-07-29,84.47,83.86943728928743,-0.6005627107125662,0.6005627107125662,3.161111502845742,3.493139486756405,0.0442500000000002,0.07925000000000004,True,True,80.70832578644169,87.36257677604384,6.654250989602147,True,0
899,2009-07-30,85.64,84.36530220014744,-1.2746977998525608,1.2746977998525608,3.161111502845742,3.493139486756405,0.0445000000000002,0.07950000000000004,True,True,81.2041906973017,87.85844168690384,6.654250989602147,True,0
900,2009-07-31,85.76,85.45770560100205,-0.30229439899795807,0.30229439899795807,3.0519731219600885,3.493139486756405,0.0447500000000002,0.07975000000000004,True,True,82.40573247904196,88.95084508775845,6.545112608716494,True,0
901,2009-08-03,86.56,85.62169462170849,-0.938305378291517,0.938305378291517,3.0519731219600885,3.4899380650063563,0.0450000000000002,0.08000000000000004,True,True,82.5697214997484,89.11163268671484,6.541911186966445,True,0
902,2009-08-04,87.48,86.40237667523967,-1.0776233247603386,1.0776233247603386,3.0519731219600885,3.4899380650063563,0.0452500000000002,0.08025000000000004,True,True,83.35040355327958,89.89231474024602,6.541911186966445,True,0
903,2009-08-05,85.64,87.30311972885032,1.6631197288503188,-1.6631197288503188,2.9841768871517402,3.4899380650063563,0.0455000000000002,0.08050000000000004,True,True,84.31894284169857,90.79305779385668,6.474114952158104,True,0
904,2009-08-06,84.31,85.60376170157879,1.293761701578788,-1.293761701578788,2.9841768871517402,3.4899380650063563,0.0457500000000002,0.08075000000000004,True,True,82.61958481442704,89.09369976658515,6.474114952158104,True,0
905,2009-08-07,84.1,84.29569106665924,0.19569106665925062,-0.19569106665925062,2.9841768871517402,3.467611491937376,0.0460000000000002,0.08100000000000004,True,True,81.3115141795075,87.76330255859662,6.451788379089123,True,0
906,2009-08-10,85.01,84.02378165207755,-0.9862183479224598,0.9862183479224598,2.9841768871517402,3.467611491937376,0.0462500000000002,0.08125000000000004,True,True,81.0396047649258,87.49139314401492,6.451788379089123,True,0
907,2009-08-11,83.64,84.85787102514513,1.2178710251451292,-1.2178710251451292,2.9611715975599537,3.467611491937376,0.0465000000000002,0.08150000000000004,True,True,81.89669942758518,88.3254825170825,6.42878308949733,True,0
908,2009-08-12,83.42,83.58712486585587,0.16712486585586817,-0.16712486585586817,2.9611715975599537,3.4440326130802106,0.0467500000000002,0.08175000000000004,True,True,80.62595326829592,87.03115747893608,6.405204210640164,True,0
909,2009-08-13,85.72,83.34785190015357,-2.3721480998464273,2.3721480998464273,2.9611715975599537,3.4440326130802106,0.0470000000000002,0.08200000000000005,True,True,80.38668030259362,86.79188451323378,6.405204210640164,True,0
910,2009-08-14,84.11,85.4959118830714,1.385911883071401,-1.385911883071401,2.9611715975599537,3.4440326130802106,0.0472500000000002,0.08225000000000005,True,True,82.53474028551145,88.93994449615161,6.405204210640164,True,0
911,2009-08-17,81.16,84.0452516272478,2.885251627247797,-2.885251627247797,2.9581569850300014,3.4342366327128886,0.0475000000000002,0.08250000000000005,True,True,81.08709464221779,87.47948825996068,6.392393617742883,True,0
912,2009-08-18,81.41,81.23341463531213,-0.17658536468786679,0.17658536468786679,2.9581569850300014,3.4342366327128886,0.0477500000000002,0.08275000000000005,True,True,78.27525765028213,84.66765126802503,6.392393617742897,True,0
913,2009-08-19,80.91,81.3507809334937,0.4407809334936985,-0.4407809334936985,2.9581569850300014,3.4342366327128886,0.0480000000000002,0.08300000000000005,True,True,78.3926239484637,84.78501756620659,6.392393617742897,True,0
914,2009-08-20,82.98,80.83445787870025,-2.145542121299755,2.145542121299755,2.954996977618464,3.418989654023477,0.0482500000000002,0.08325000000000005,True,True,77.87946090108179,84.25344753272373,6.373986631641941,True,0
915,2009-08-21,84.78,82.78179926963149,-1.9982007303685094,1.9982007303685094,2.954996977618464,3.418989654023477,0.0485000000000002,0.08350000000000005,True,True,79.82680229201303,86.20078892365497,6.373986631641941,True,0
916,2009-08-24,85.17,84.5447715900881,-0.6252284099118981,0.6252284099118981,2.954996977618464,3.418989654023477,0.0487500000000002,0.08375000000000005,True,True,81.58977461246964,87.96376124411158,6.373986631641941,True,0
917,2009-08-25,84.66,85.00983650021577,0.3498365002157726,-0.3498365002157726,2.954996977618464,3.418989654023477,0.0490000000000002,0.08400000000000005,True,True,82.0548395225973,88.42882615423925,6.373986631641941,True,0
918,2009-08-26,84.1,84.57055155261077,0.47055155261077175,-0.47055155261077175,2.9413746145605835,3.407496699014942,0.0492500000000002,0.08425000000000005,True,True,81.62917693805018,87.97804825162571,6.348871313575529,True,0
919,2009-08-27,84.01,84.03039911185516,0.02039911185515564,-0.02039911185515564,2.9413746145605835,3.407496699014942,0.049500000000000204,0.08450000000000005,True,True,81.08902449729457,87.4378958108701,6.348871313575529,True,0
920,2009-08-28,84.78,83.91879494125305,-0.8612050587469469,0.8612050587469469,2.9413746145605835,3.407496699014942,0.049750000000000204,0.08475000000000005,True,True,80.97742032669247,87.326291640268,6.348871313575529,True,0
921,2009-08-31,81.93,84.63610922305061,2.7061092230506034,-2.7061092230506034,2.902035024128793,3.2821015063999823,0.050000000000000204,0.08500000000000005,True,True,81.73407419892182,87.91821072945059,6.184136530528775,True,0
922,2009-09-01,80.74,81.95695040975319,1.2169504097531956,-1.2169504097531956,2.902035024128793,3.2821015063999823,0.050250000000000204,0.08525000000000005,True,True,79.0549153856244,85.23905191615317,6.184136530528775,True,0
923,2009-09-02,79.04,80.75170413382116,1.7117041338211578,-1.7117041338211578,2.902035024128793,3.2821015063999823,0.050500000000000204,0.08550000000000005,True,True,77.84966910969237,84.03380564022115,6.184136530528775,True,0
924,2009-09-03,78.39,79.05250156373499,0.6625015637349918,-0.6625015637349918,2.902035024128793,3.2396490463103618,0.050750000000000205,0.08575000000000005,True,True,76.1504665396062,82.29215061004535,6.141684070439155,True,0
925,2009-09-04,78.27,78.36300350245237,0.0930035024523761,-0.0930035024523761,2.8987912322142506,3.2396490463103618,0.051000000000000205,0.08600000000000005,True,True,75.46421227023812,81.60265254876273,6.138440278524612,True,0
926,2009-09-08,79.86,78.20122300957023,-1.6587769904297716,1.6587769904297716,2.8987912322142506,3.2396490463103618,0.051250000000000205,0.08625000000000005,True,True,75.30243177735598,81.44087205588059,6.138440278524612,True,0
927,2009-09-09,80.6,79.69379231364101,-0.9062076863589823,0.9062076863589823,2.8987912322142506,3.2382215043559626,0.051500000000000205,0.08650000000000005,True,True,76.79500108142676,82.93201381799697,6.137012736570213,True,0
928,2009-09-10,82.33,80.44390787030126,-1.8860921296987385,1.8860921296987385,2.8987912322142506,3.2382215043559626,0.051750000000000206,0.08675000000000005,True,True,77.54511663808701,83.68212937465722,6.137012736570213,True,0
929,2009-09-11,84.44,82.1348811469201,-2.305118853079904,2.305118853079904,2.885251627247797,3.2382215043559626,0.052000000000000206,0.08700000000000005,True,True,79.2496295196723,85.37310265127606,6.12347313160376,True,0
930,2009-09-14,83.81,84.2042392471173,0.39423924711729796,-0.39423924711729796,2.885251627247797,3.224879221297769,0.052250000000000206,0.08725000000000005,True,True,81.3189876198695,87.42911846841507,6.110130848545566,True,0
931,2009-09-15,84.17,83.70167171815883,-0.4683282818411669,0.4683282818411669,2.885251627247797,3.224879221297769,0.052500000000000206,0.08750000000000005,True,True,80.81642009091104,86.9265509394566,6.110130848545566,True,0
932,2009-09-16,85.91,84.05812254858024,-1.8518774514197531,1.8518774514197531,2.8703246188081124,3.224879221297769,0.052750000000000206,0.08775000000000005,True,True,81.18779792977213,87.28300176987801,6.0952038401058815,True,0
933,2009-09-17,90.75,85.71064006142828,-5.039359938571721,5.039359938571721,2.8703246188081124,3.1925308324346275,0.05300000000000021,0.08800000000000005,True,False,82.84031544262017,88.9031708938629,6.06285545124274,False,1
934,2009-09-18,90.74,90.36608994974087,-0.37391005025912705,0.37391005025912705,2.8703246188081124,3.418989654023477,0.05325000000000021,0.08325000000000005,True,True,87.49576533093276,93.78507960376434,6.289314272831589,True,0
935,2009-09-21,89.69,90.53750990063506,0.8475099006350604,-0.8475099006350604,2.8703246188081124,3.418989654023477,0.05350000000000021,0.08350000000000005,True,True,87.66718528182695,93.95649955465854,6.289314272831589,True,0
936,2009-09-22,91.46,89.61749827374182,-1.8425017262581775,1.8425017262581775,2.869160443671902,3.407496699014942,0.05375000000000021,0.08375000000000005,True,True,86.74833783006991,93.02499497275676,6.276657142686844,True,0
937,2009-09-23,92.82,91.26945349488659,-1.5505465051134024,1.5505465051134024,2.869160443671902,3.407496699014942,0.05400000000000021,0.08400000000000005,True,True,88.40029305121469,94.67695019390153,6.276657142686844,True,0
938,2009-09-24,92.0,92.59838768178207,0.5983876817820715,-0.5983876817820715,2.869160443671902,3.407496699014942,0.05425000000000021,0.08425000000000005,True,True,89.72922723811017,96.00588438079701,6.276657142686844,True,0
939,2009-09-25,91.44,91.88892901530596,0.4489290153059642,-0.4489290153059642,2.8614638550280986,3.2821015063999823,0.05450000000000021,0.08450000000000005,True,True,89.02746516027787,95.17103052170594,6.143565361428074,True,0
940,2009-09-28,91.04,91.35504195676981,0.31504195676980373,-0.31504195676980373,2.8614638550280986,3.2821015063999823,0.05475000000000021,0.08475000000000005,True,True,88.49357810174172,94.63714346316979,6.143565361428074,True,0
941,2009-09-29,91.96,90.944556862741,-1.0154431372589983,1.0154431372589983,2.8614638550280986,3.2821015063999823,0.05500000000000021,0.08500000000000005,True,True,88.0830930077129,94.22665836914098,6.143565361428074,True,0
942,2009-09-30,92.26,91.79885843590505,-0.46114156409495877,0.46114156409495877,2.8614638550280986,3.2396490463103618,0.05525000000000021,0.08525000000000005,True,True,88.93739458087694,95.03850748221541,6.1011129013384675,True,0
943,2009-10-01,92.5,92.10469426662551,-0.39530573337448516,0.39530573337448516,2.856208458145943,3.2396490463103618,0.05550000000000021,0.08550000000000005,True,True,89.24848580847957,95.34434331293588,6.095857504456305,True,0
944,2009-10-02,90.05,92.35773918175975,2.3077391817597572,-2.3077391817597572,2.856208458145943,3.2396490463103618,0.05575000000000021,0.08575000000000005,True,True,89.50153072361381,95.59738822807012,6.095857504456305,True,0
945,2009-10-05,90.25,90.0378792386603,-0.2121207613397047,0.2121207613397047,2.856208458145943,3.2382215043559626,0.05600000000000021,0.08600000000000005,True,True,87.18167078051435,93.27610074301626,6.094429962501906,True,0
946,2009-10-06,89.33,90.16162621024456,0.8316262102445648,-0.8316262102445648,2.831713139362286,3.2382215043559626,0.05625000000000021,0.08625000000000005,True,True,87.32991307088227,93.39984771460053,6.0699346437182555,True,0
947,2009-10-07,91.5,89.25148550592363,-2.2485144940763746,2.2485144940763746,2.831713139362286,3.2382215043559626,0.05650000000000021,0.08650000000000005,True,True,86.41977236656135,92.48970701027959,6.069934643718241,True,0
948,2009-10-08,94.8,91.29048374342185,-3.509516256578152,3.509516256578152,2.831713139362286,3.224879221297769,0.05675000000000021,0.08675000000000005,True,False,88.45877060405957,94.51536296471961,6.056592360660048,False,1
949,2009-10-09,95.0,94.47700619914006,-0.5229938008599362,0.5229938008599362,2.8190468173178047,3.4342366327128886,0.05700000000000021,0.08200000000000005,True,True,91.65795938182225,97.91124283185295,6.253283450030693,True,0
950,2009-10-12,96.17,94.80291808208382,-1.367081917916181,1.367081917916181,2.8190468173178047,3.418989654023477,0.05725000000000021,0.08225000000000005,True,True,91.98387126476601,98.2219077361073,6.238036471341289,True,0
951,2009-10-13,93.83,95.97988720153593,2.1498872015359325,-2.1498872015359325,2.8190468173178047,3.418989654023477,0.05750000000000021,0.08250000000000005,True,True,93.16084038421812,99.39887685555941,6.238036471341289,True,0
952,2009-10-14,96.22,93.78880184666569,-2.431198153334307,2.431198153334307,2.8190468173178047,3.418989654023477,0.05775000000000021,0.08275000000000005,True,True,90.96975502934788,97.20779150068917,6.238036471341289,True,0
953,2009-10-15,95.13,96.01335385103488,0.8833538510348831,-0.8833538510348831,2.8008241613142104,3.407496699014942,0.05800000000000021,0.08300000000000005,True,True,93.21252968972067,99.42085055004982,6.208320860329152,True,0
954,2009-10-16,95.3,95.01175440952744,-0.28824559047255605,0.28824559047255605,2.8008241613142104,3.407496699014942,0.05825000000000021,0.08325000000000005,True,True,92.21093024821323,98.41925110854238,6.208320860329152,True,0
955,2009-10-19,95.35,95.17885202119965,-0.1711479788003487,0.1711479788003487,2.8008241613142104,3.407496699014942,0.05850000000000021,0.08350000000000005,True,True,92.37802785988544,98.58634872021459,6.208320860329152,True,0
956,2009-10-20,95.91,95.21454898251035,-0.6954510174896456,0.6954510174896456,2.7564680719167285,3.407496699014942,0.05875000000000021,0.08375000000000005,True,True,92.45808091059362,98.6220456815253,6.1639647709316705,True,0
957,2009-10-21,95.27,95.75167863721705,0.4816786372170583,-0.4816786372170583,2.7564680719167285,3.2821015063999823,0.05900000000000021,0.08400000000000005,True,True,92.99521056530033,99.03378014361704,6.038569578316711,True,0
958,2009-10-22,93.66,95.16111573141774,1.501115731417741,-1.501115731417741,2.7564680719167285,3.2821015063999823,0.05925000000000021,0.08425000000000005,True,True,92.40464765950101,98.44321723781772,6.038569578316711,True,0
959,2009-10-23,111.05,93.6183378223185,-17.431662177681503,17.431662177681503,2.74049783077308,3.2821015063999823,0.05950000000000021,0.08450000000000005,True,False,90.87783999154541,96.90043932871848,6.022599337173062,False,1
960,2009-10-26,119.21,109.99022876785206,-9.219771232147934,9.219771232147934,2.74049783077308,3.467611491937376,0.05975000000000021,0.07975000000000004,True,False,107.24973093707898,113.45784025978944,6.208109322710456,False,1
961,2009-10-27,122.93,118.36625878896446,-4.563741211035548,4.563741211035548,2.74049783077308,3.51580207922332,0.06000000000000021,0.07500000000000004,True,False,115.62576095819138,121.88206086818778,6.2562999099964,False,1
962,2009-10-28,121.57,122.53752916254781,0.9675291625478195,-0.9675291625478195,2.74049783077308,3.633319734752817,0.06025000000000021,0.07025000000000003,True,True,119.79703133177473,126.17084889730063,6.373817565525897,True,0
963,2009-10-29,123.9,121.41275248748883,-2.487247512511175,2.487247512511175,2.71731753294884,3.633319734752817,0.06050000000000021,0.07050000000000003,True,True,118.69543495453999,125.04607222224165,6.350637267701657,True,0
964,2009-10-30,121.97,123.68240416487855,1.7124041648785493,-1.7124041648785493,2.71731753294884,3.602844958007438,0.060750000000000214,0.07075000000000004,True,True,120.96508663192971,127.28524912288599,6.320162490956278,True,0
965,2009-11-02,118.66,121.85384583102004,3.1938458310200417,-3.1938458310200417,2.71731753294884,3.602844958007438,0.061000000000000214,0.07100000000000004,False,True,119.1365282980712,125.45669078902748,6.320162490956278,False,1
966,2009-11-03,117.67,118.63812479152323,0.9681247915232234,-0.9681247915232234,2.831713139362286,3.602844958007438,0.056250000000000216,0.07125000000000004,True,True,115.80641165216093,122.24096974953066,6.434558097369731,True,0
967,2009-11-04,119.0,117.58528537436528,-1.4147146256347156,1.4147146256347156,2.831713139362286,3.597166984426508,0.05650000000000022,0.07150000000000004,True,True,114.75357223500299,121.18245235879179,6.428880123788801,True,0
968,2009-11-05,117.46,118.80924612304668,1.349246123046683,-1.349246123046683,2.831713139362286,3.597166984426508,0.05675000000000022,0.07175000000000004,True,True,115.9775329836844,122.40641310747318,6.428880123788787,True,0
969,2009-11-06,123.0,117.33818500162742,-5.661814998372577,5.661814998372577,2.8190468173178047,3.597166984426508,0.05700000000000022,0.07200000000000004,True,False,114.51913818430961,120.93535198605393,6.41621380174432,False,1
970,2009-11-09,127.11,122.6663011980609,-4.443698801939092,4.443698801939092,2.8190468173178047,3.820990240605795,0.05725000000000022,0.06725000000000003,True,False,119.8472543807431,126.4872914386667,6.640037057923607,False,1
971,2009-11-10,126.8,126.74574064453607,-0.054259355463926795,0.054259355463926795,2.8190468173178047,4.293657487471137,0.05750000000000022,0.06250000000000003,True,True,123.92669382721826,131.0393981320072,7.1127043047889345,True,0
972,2009-11-11,131.08,126.60909191996728,-4.4709080800327285,4.4709080800327285,2.8008241613142104,4.293657487471137,0.05775000000000022,0.06275000000000003,True,False,123.80826775865307,130.90274940743842,7.094481648785347,False,1
973,2009-11-12,129.98,130.79588165097417,0.8158816509741769,-0.8158816509741769,2.8008241613142104,4.443698801939092,0.05800000000000022,0.05800000000000003,True,True,127.99505748965996,135.23958045291326,7.244522963253303,True,0
974,2009-11-13,131.16,129.82447204806033,-1.3355279519396674,1.3355279519396674,2.8008241613142104,4.443698801939092,0.05825000000000022,0.05825000000000003,True,True,127.02364788674612,134.26817084999942,7.244522963253303,True,0
975,2009-11-16,132.12,130.99273002577723,-1.12726997422277,1.12726997422277,2.8008241613142104,4.443698801939092,0.05850000000000022,0.05850000000000003,True,True,128.19190586446302,135.43642882771633,7.244522963253303,True,0
976,2009-11-17,131.4,131.9362061232778,0.5362061232777933,-0.5362061232777933,2.7564680719167285,4.436643377821838,0.05875000000000022,0.05875000000000003,True,True,129.17973805136108,136.37284950109964,7.193111449738552,True,0
977,2009-11-18,130.9,131.27501881189983,0.375018811899821,-0.375018811899821,2.7564680719167285,4.436643377821838,0.05900000000000022,0.05900000000000003,True,True,128.51855073998308,135.71166218972166,7.193111449738581,True,0
978,2009-11-19,130.54,130.78594233699192,0.2459423369919307,-0.2459423369919307,2.7564680719167285,4.436643377821838,0.05925000000000022,0.05925000000000003,True,True,128.02947426507518,135.22258571481376,7.193111449738581,True,0
979,2009-11-20,127.76,130.4179093927555,2.657909392755485,-2.657909392755485,2.74049783077308,4.418335655800689,0.05950000000000022,0.05950000000000003,True,True,127.67741156198241,134.83624504855618,7.158833486573769,True,0
980,2009-11-23,131.05,127.71213099014751,-3.337869009852497,3.337869009852497,2.74049783077308,4.418335655800689,0.05975000000000022,0.05975000000000003,True,True,124.97163315937443,132.13046664594822,7.1588334865737835,True,0
981,2009-11-24,133.57,130.82815321057157,-2.741846789428422,2.741846789428422,2.74049783077308,4.418335655800689,0.06000000000000022,0.06000000000000003,True,True,128.0876553797985,135.24648886637226,7.158833486573769,True,0
982,2009-11-25,133.31,133.30839535891948,-0.0016046410805188316,0.0016046410805188316,2.71731753294884,4.36932249805448,0.06025000000000022,0.06025000000000003,True,True,130.59107782597064,137.67771785697397,7.086640031003327,True,0
983,2009-11-27,130.3,133.15455184590195,2.8545518459019377,-2.8545518459019377,2.71731753294884,4.36932249805448,0.06050000000000022,0.06050000000000003,False,True,130.4372343129531,137.52387434395644,7.086640031003327,False,1
984,2009-11-30,132.19,130.26481728972826,-1.9251827102717414,1.9251827102717414,2.8545518459019377,4.36932249805448,0.05575000000000022,0.06075000000000003,True,True,127.41026544382632,134.63413978778274,7.223874343956425,True,0
985,2009-12-01,136.94,132.02605099670552,-4.913949003294476,4.913949003294476,2.831713139362286,4.331643840058561,0.05600000000000022,0.06100000000000003,True,False,129.19433785734324,136.3576948367641,7.163356979420854,False,1
986,2009-12-02,139.15,136.62406673470113,-2.5259332652988746,2.5259332652988746,2.831713139362286,4.563741211035548,0.05625000000000022,0.056250000000000036,True,True,133.79235359533885,141.18780794573667,7.395454350397813,True,0
987,2009-12-03,143.62,138.89227909066943,-4.727720909330571,4.727720909330571,2.831713139362286,4.563741211035548,0.056500000000000224,0.056500000000000036,True,False,136.06056595130715,143.456020301705,7.395454350397841,False,1
988,2009-12-04,143.42,143.3373424555961,-0.08265754440390083,0.08265754440390083,2.8190468173178047,4.903928498957427,0.056750000000000224,0.05175000000000004,True,True,140.5182956382783,148.2412709545535,7.72297531627521,True,0
989,2009-12-07,138.0,143.26719585372354,5.2671958537235355,-5.2671958537235355,2.8190468173178047,4.903928498957427,0.057000000000000224,0.05200000000000004,False,True,140.44814903640574,148.17112435268098,7.722975316275239,False,1
990,2009-12-08,134.3,138.0565483725394,3.7565483725393847,-3.7565483725393847,2.8703246188081124,4.903928498957427,0.05225000000000023,0.05225000000000004,False,True,135.18622375373127,142.96047687149684,7.774253117765568,False,1
991,2009-12-09,134.6,134.35085918365198,-0.24914081634801732,0.24914081634801732,2.954996977618464,4.903928498957427,0.04750000000000023,0.05250000000000004,True,True,131.3958622060335,139.2547876826094,7.858925476575877,True,0
992,2009-12-10,132.41,134.50576120195333,2.095761201953337,-2.095761201953337,2.954996977618464,4.790864037316226,0.04775000000000023,0.05275000000000004,True,True,131.55076422433487,139.29662523926956,7.74586101493469,True,0
993,2009-12-11,136.07,132.33834782233336,-3.731652177666632,3.731652177666632,2.954996977618464,4.790864037316226,0.04800000000000023,0.05300000000000004,True,True,129.3833508447149,137.1292118596496,7.74586101493469,True,0
994,2009-12-14,132.5,135.8485030667323,3.3485030667322917,-3.3485030667322917,2.954996977618464,4.790864037316226,0.04825000000000023,0.05325000000000004,False,True,132.89350608911383,140.63936710404852,7.74586101493469,False,1
995,2009-12-15,130.76,132.43532586759105,1.6753258675910558,-1.6753258675910558,3.161111502845742,4.727720909330571,0.04350000000000023,0.05350000000000004,True,True,129.27421436474532,137.16304677692162,7.888832412176299,True,0
996,2009-12-16,130.93,130.71949713671597,-0.21050286328403445,0.21050286328403445,3.161111502845742,4.727720909330571,0.04375000000000023,0.05375000000000004,True,True,127.55838563387023,135.44721804604654,7.888832412176313,True,0
997,2009-12-17,129.36,130.80625616940992,1.4462561694099065,-1.4462561694099065,3.161111502845742,4.727720909330571,0.04400000000000023,0.05400000000000004,True,True,127.64514466656418,135.5339770787405,7.888832412176313,True,0
998,2009-12-18,127.91,129.26666491887232,1.356664918872326,-1.356664918872326,3.0519731219600885,4.699433799677728,0.044250000000000234,0.05425000000000004,True,True,126.21469179691223,133.96609871855006,7.751406921637823,True,0
999,2009-12-21,130.48,127.83165803554887,-2.64834196445112,2.64834196445112,3.0519731219600885,4.699433799677728,0.044500000000000234,0.05450000000000004,True,True,124.77968491358878,132.5310918352266,7.751406921637809,True,0
1000,2009-12-22,133.76,130.27318900254704,-3.486810997452949,3.486810997452949,3.0519731219600885,4.699433799677728,0.044750000000000234,0.05475000000000004,True,True,127.22121588058695,134.97262280222478,7.751406921637823,True,0
1001,2009-12-23,134.8,133.48347527078,-1.3165247292200206,1.3165247292200206,2.9841768871517402,4.636139467606782,0.045000000000000234,0.05500000000000004,True,True,130.49929838362826,138.11961473838676,7.620316354758501,True,0
1002,2009-12-24,139.2,134.5910697390381,-4.608930260961898,4.608930260961898,2.9841768871517402,4.636139467606782,0.045250000000000234,0.05525000000000004,True,True,131.60689285188636,139.2272092066449,7.620316354758529,True,0
1003,2009-12-28,139.75,138.92068193824082,-0.8293180617591815,0.8293180617591815,2.9841768871517402,4.636139467606782,0.045500000000000235,0.05550000000000004,True,True,135.93650505108909,143.5568214058476,7.620316354758501,True,0
1004,2009-12-29,141.29,139.55664334524212,-1.7333566547578698,1.7333566547578698,2.9841768871517402,4.636139467606782,0.045750000000000235,0.05575000000000004,True,True,136.5724664580904,144.19278281284892,7.620316354758529,True,0
1005,2009-12-30,138.4,141.11649542350452,2.7164954235045116,-2.7164954235045116,2.9611715975599537,4.608930260961898,0.046000000000000235,0.05600000000000004,True,True,138.15532382594455,145.72542568446642,7.570101858521866,True,0
1006,2009-12-31,137.09,138.34841621856035,1.2584162185603418,-1.2584162185603418,2.9611715975599537,4.608930260961898,0.046250000000000235,0.05625000000000004,True,True,135.38724462100038,142.95734647952224,7.570101858521866,True,0
1007,2010-01-04,136.25,137.03629987122525,0.7862998712252534,-0.7862998712252534,2.9611715975599537,4.608930260961898,0.046500000000000236,0.05650000000000004,True,True,134.0751282736653,141.64523013218715,7.570101858521838,True,0
1008,2010-01-05,133.43,136.16115608169287,2.731156081692859,-2.731156081692859,2.9581569850300014,4.563741211035548,0.046750000000000236,0.05675000000000004,True,True,133.20299909666286,140.72489729272843,7.521898196065564,True,0
1009,2010-01-06,134.6,133.3910966613693,-1.208903338630705,1.208903338630705,2.9581569850300014,4.563741211035548,0.047000000000000236,0.057000000000000044,True,True,130.4329396763393,137.95483787240482,7.521898196065536,True,0
1010,2010-01-07,132.01,134.4611574280894,2.4511574280894024,-2.4511574280894024,2.9581569850300014,4.563741211035548,0.047250000000000236,0.057250000000000044,True,True,131.5030004430594,139.02489863912496,7.521898196065564,True,0
1011,2010-01-08,130.56,131.94047149390587,1.3804714939058726,-1.3804714939058726,2.9581569850300014,4.4709080800327285,0.047500000000000236,0.057500000000000044,True,True,128.98231450887587,136.4113795739386,7.42906506506273,True,0
1012,2010-01-11,132.62,130.49332851894252,-2.1266714810574854,2.1266714810574854,2.954996977618464,4.4709080800327285,0.04775000000000024,0.057750000000000044,True,True,127.53833154132406,134.96423659897525,7.4259050576511925,True,0
1013,2010-01-12,128.99,132.43374304799647,3.4437430479964632,-3.4437430479964632,2.954996977618464,4.4709080800327285,0.04800000000000024,0.058000000000000045,False,True,129.478746070378,136.9046511280292,7.4259050576511925,False,1
1014,2010-01-13,127.9,128.9406276024902,1.04062760249019,-1.04062760249019,3.1938458310200417,4.443698801939092,0.04325000000000024,0.058250000000000045,True,True,125.74678177147015,133.3843264044293,7.637544632959134,True,0
1015,2010-01-14,129.14,127.83146680911614,-1.3085331908838498,1.3085331908838498,3.161111502845742,4.443698801939092,0.04350000000000024,0.058500000000000045,True,True,124.6703553062704,132.27516561105523,7.604810304784834,True,0
1016,2010-01-15,129.18,128.97163718587984,-0.20836281412016433,0.20836281412016433,3.161111502845742,4.443698801939092,0.04375000000000024,0.058750000000000045,True,True,125.8105256830341,133.41533598781893,7.604810304784834,True,0
1017,2010-01-19,126.2,129.0234860486588,2.8234860486588076,-2.8234860486588076,3.161111502845742,4.443698801939092,0.04400000000000024,0.059000000000000045,True,True,125.86237454581307,133.4671848505979,7.604810304784834,True,0
1018,2010-01-20,127.13,126.15007586926386,-0.979924130736137,0.979924130736137,3.0519731219600885,4.436643377821838,0.04425000000000024,0.059250000000000046,True,True,123.09810274730377,130.58671924708568,7.488616499781912,True,0
1019,2010-01-21,127.26,126.99220578412417,-0.2677942158758384,0.2677942158758384,3.0519731219600885,4.436643377821838,0.04450000000000024,0.059500000000000046,True,True,123.94023266216408,131.428849161946,7.4886164997819264,True,0
1020,2010-01-22,125.6,127.10285439753197,1.5028543975319764,-1.5028543975319764,3.0519731219600885,4.436643377821838,0.04475000000000024,0.059750000000000046,True,True,124.05088127557188,131.53949777535382,7.488616499781941,True,0
1021,2010-01-25,122.1,125.50832800976704,3.4083280097670468,-3.4083280097670468,3.0519731219600885,4.418335655800689,0.04500000000000024,0.060000000000000046,False,True,122.45635488780695,129.92666366556773,7.470308777760778,False,1
1022,2010-01-26,120.56,122.08350536202748,1.5235053620274783,-1.5235053620274783,3.2377737824927095,4.418335655800689,0.040250000000000244,0.06025000000000005,True,True,118.84573157953477,126.50184101782817,7.656109438293399,True,0
1023,2010-01-27,121.03,120.50262979738687,-0.5273702026131275,0.5273702026131275,3.2377737824927095,4.418335655800689,0.040500000000000244,0.06050000000000005,True,True,117.26485601489416,124.92096545318756,7.656109438293399,True,0
1024,2010-01-28,124.43,120.88926553804772,-3.540734461952283,3.540734461952283,3.2377737824927095,4.36932249805448,0.040750000000000244,0.06075000000000005,True,True,117.65149175555501,125.2585880361022,7.607096280547182,True,0
1025,2010-01-29,129.77,124.17334558466419,-5.59665441533582,5.59665441533582,3.2377737824927095,4.36932249805448,0.041000000000000245,0.06100000000000005,True,False,120.93557180217148,128.54266808271868,7.607096280547196,False,1
1026,2010-02-01,123.18,129.42170517250534,6.241705172505334,-6.241705172505334,3.212467117304371,4.608930260961898,0.041250000000000245,0.05625000000000005,False,True,126.20923805520097,134.03063543346724,7.821397378266269,False,1
1027,2010-02-02,118.79,123.17443586005624,4.384435860056229,-4.384435860056229,3.332873532800349,4.608930260961898,0.03650000000000025,0.05650000000000005,False,True,119.84156232725589,127.78336612101813,7.941803793762247,False,1
1028,2010-02-03,117.12,118.8660083096329,1.7460083096328987,-1.7460083096328987,3.4437430479964632,4.563741211035548,0.03175000000000025,0.05675000000000005,True,True,115.42226526163644,123.42974952066845,8.007484259032012,True,0
1029,2010-02-04,118.64,117.08424786744861,-1.5557521325513903,1.5557521325513903,3.4437430479964632,4.563741211035548,0.03200000000000025,0.05700000000000005,True,True,113.64050481945215,121.64798907848416,8.007484259032012,True,0
1030,2010-02-05,115.88,118.47501407333397,2.595014073333971,-2.595014073333971,3.4183245618666405,4.563741211035548,0.03225000000000025,0.05725000000000005,True,True,115.05668951146733,123.03875528436951,7.982065772902189,True,0
1031,2010-02-08,119.38,115.8001753183766,-3.5798246816233927,3.5798246816233927,3.4183245618666405,4.4709080800327285,0.03250000000000025,0.05750000000000005,True,True,112.38185075650996,120.27108339840933,7.889232641899369,True,0
1032,2010-02-09,118.2,119.16546454462109,0.965464544621085,-0.965464544621085,3.4183245618666405,4.4709080800327285,0.03275000000000025,0.05775000000000005,True,True,115.74713998275445,123.63637262465382,7.889232641899369,True,0
1033,2010-02-10,118.0,118.0474649410355,0.04746494103549992,-0.04746494103549992,3.408381753616027,4.4709080800327285,0.03300000000000025,0.05800000000000005,True,True,114.63908318741947,122.51837302106823,7.879289833648755,True,0
1034,2010-02-11,117.21,117.87974234791673,0.6697423479167384,-0.6697423479167384,3.408381753616027,4.443698801939092,0.03325000000000025,0.05825000000000005,True,True,114.4713605943007,122.32344114985582,7.852080555555119,True,0
1035,2010-02-12,118.99,117.09562174942195,-1.8943782505780433,1.8943782505780433,3.408381753616027,4.443698801939092,0.03350000000000025,0.05850000000000005,True,True,113.68723999580592,121.53932055136104,7.852080555555119,True,0
1036,2010-02-16,120.06,118.80281201134682,-1.257187988653186,1.257187988653186,3.408381753616027,4.443698801939092,0.03375000000000025,0.05875000000000005,True,True,115.39443025773079,123.24651081328591,7.852080555555119,True,0
1037,2010-02-17,117.08,119.86030399778058,2.780303997780578,-2.780303997780578,3.4083280097670468,4.436643377821838,0.03400000000000025,0.05900000000000005,True,True,116.45197598801353,124.29694737560241,7.844971387588885,True,0
1038,2010-02-18,115.84,117.01664085082172,1.1766408508217125,-1.1766408508217125,3.4083280097670468,4.436643377821838,0.03425000000000025,0.05925000000000005,True,True,113.60831284105467,121.45328422864355,7.844971387588885,True,0
1039,2010-02-19,117.91,115.77824294599758,-2.1317570540024207,2.1317570540024207,3.4083280097670468,4.436643377821838,0.03450000000000025,0.05950000000000005,True,True,112.36991493623053,120.21488632381941,7.844971387588885,True,0
1040,2010-02-22,117.37,117.72222056572318,0.3522205657231723,-0.3522205657231723,3.37239714451394,4.418335655800689,0.03475000000000025,0.05975000000000005,True,True,114.34982342120924,122.14055622152387,7.790732800314629,True,0
1041,2010-02-23,118.01,117.21734000752419,-0.7926599924758193,0.7926599924758193,3.37239714451394,4.418335655800689,0.03500000000000025,0.06000000000000005,True,True,113.84494286301025,121.63567566332488,7.790732800314629,True,0
1042,2010-02-24,117.96,117.85728003986866,-0.10271996013133844,0.10271996013133844,3.37239714451394,4.418335655800689,0.03525000000000025,0.060250000000000054,True,True,114.48488289535472,122.27561569566934,7.790732800314629,True,0
1043,2010-02-25,118.17,117.81249213089882,-0.35750786910118393,0.35750786910118393,3.37239714451394,4.36932249805448,0.035500000000000254,0.060500000000000054,True,True,114.44009498638488,122.1818146289533,7.741719642568427,True,0
1044,2010-02-26,117.88,118.02415586008881,0.14415586008881576,-0.14415586008881576,3.3485030667322917,4.36932249805448,0.035750000000000254,0.060750000000000054,True,True,114.67565279335652,122.39347835814328,7.717825564786764,True,0
1045,2010-03-01,118.85,117.74646997393573,-1.1035300260642629,1.1035300260642629,3.3485030667322917,4.36932249805448,0.036000000000000254,0.061000000000000054,True,True,114.39796690720344,122.1157924719902,7.717825564786764,True,0
1046,2010-03-02,125.01,118.68373465511633,-6.32626534488368,6.32626534488368,3.3485030667322917,4.331643840058561,0.036250000000000254,0.061250000000000054,True,False,115.33523158838403,123.01537849517489,7.680146906790853,False,1
1047,2010-03-03,125.4,124.65832596826634,-0.7416740317336661,0.7416740317336661,3.332873532800349,4.563741211035548,0.036500000000000254,0.05650000000000006,True,True,121.32545243546599,129.2220671793019,7.896614743835897,True,0
1048,2010-03-04,125.96,125.15646339970205,-0.8035366002979458,0.8035366002979458,3.332873532800349,4.563741211035548,0.036750000000000255,0.05675000000000006,True,True,121.8235898669017,129.7202046107376,7.896614743835897,True,0
1049,2010-03-05,129.13,125.7958115749172,-3.3341884250828002,3.3341884250828002,3.332873532800349,4.563741211035548,0.037000000000000255,0.05700000000000006,True,True,122.46293804211685,130.35955278595276,7.8966147438359116,True,0
1050,2010-03-08,128.3,128.88317531231982,0.5831753123198098,-0.5831753123198098,3.3245834561466268,4.4709080800327285,0.037250000000000255,0.05725000000000006,True,True,125.5585918561732,133.35408339235255,7.795491536179355,True,0
1051,2010-03-09,129.59,128.1403955797498,-1.4496044202502105,1.4496044202502105,3.3245834561466268,4.4709080800327285,0.037500000000000255,0.05750000000000006,True,True,124.81581212360317,132.61130365978252,7.795491536179355,True,0
1052,2010-03-10,129.11,129.42144302263043,0.3114430226304137,-0.3114430226304137,3.3245834561466268,4.4709080800327285,0.037750000000000256,0.05775000000000006,True,True,126.0968595664838,133.89235110266316,7.795491536179355,True,0
1053,2010-03-11,130.45,128.96703160805782,-1.4829683919421655,1.4829683919421655,3.3245834561466268,4.443698801939092,0.038000000000000256,0.05800000000000006,True,True,125.6424481519112,133.41073040999692,7.768282258085719,True,0
1054,2010-03-12,134.2,130.27565484929576,-3.9243451507042266,3.9243451507042266,3.310003113181196,4.443698801939092,0.038250000000000256,0.05825000000000006,True,True,126.96565173611457,134.71935365123485,7.753701915120288,True,0
1055,2010-03-15,131.7,133.92762286849975,2.2276228684997648,-2.2276228684997648,3.310003113181196,4.443698801939092,0.038500000000000256,0.05850000000000006,True,True,130.61761975531857,138.37132167043885,7.753701915120274,True,0
1056,2010-03-16,131.24,131.58689283834408,0.34689283834407547,-0.34689283834407547,3.310003113181196,4.443698801939092,0.038750000000000256,0.05875000000000006,True,True,128.2768897251629,136.03059164028318,7.753701915120274,True,0
1057,2010-03-17,132.41,131.15020201826601,-1.259797981733982,1.259797981733982,3.2955622078958413,4.436643377821838,0.03900000000000026,0.05900000000000006,True,True,127.85463981037017,135.58684539608785,7.732205585717679,True,0
1058,2010-03-18,131.02,132.2425242809806,1.2225242809805934,-1.2225242809805934,3.2955622078958413,4.436643377821838,0.03925000000000026,0.05925000000000006,True,True,128.94696207308476,136.67916765880244,7.732205585717679,True,0
1059,2010-03-19,133.71,130.90847017645925,-2.8015298235407613,2.8015298235407613,3.2955622078958413,4.436643377821838,0.03950000000000026,0.05950000000000006,True,True,127.6129079685634,135.34511355428108,7.732205585717679,True,0
1060,2010-03-22,130.2,133.5080653814755,3.308065381475501,-3.308065381475501,3.263973089170321,4.418335655800689,0.03975000000000026,0.05975000000000006,False,True,130.24409229230517,137.92640103727618,7.68230874497101,False,1
1061,2010-03-23,130.89,130.13548092639866,-0.7545190736013296,0.7545190736013296,3.3485030667322917,4.418335655800689,0.03500000000000026,0.06000000000000006,True,True,126.78697785966637,134.55381658219935,7.766838722532981,True,0
1062,2010-03-24,128.64,130.777159361459,2.1371593614590267,-2.1371593614590267,3.3485030667322917,4.418335655800689,0.03525000000000026,0.06025000000000006,True,True,127.42865629472672,135.1954950172597,7.766838722532981,True,0
1063,2010-03-25,129.14,128.56345259501393,-0.5765474049860586,0.5765474049860586,3.3485030667322917,4.36932249805448,0.03550000000000026,0.06050000000000006,True,True,125.21494952828164,132.93277509306841,7.717825564786779,True,0
1064,2010-03-26,134.9,129.0147189745971,-5.885281025402918,5.885281025402918,3.332873532800349,4.36932249805448,0.03575000000000026,0.06075000000000006,True,False,125.68184544179674,133.38404147265157,7.702196030854836,False,1
1065,2010-03-29,135.37,134.5689608647571,-0.8010391352429167,0.8010391352429167,3.332873532800349,4.608930260961898,0.03600000000000026,0.056000000000000064,True,True,131.23608733195675,139.177891125719,7.941803793762233,True,0
1066,2010-03-30,135.74,135.13793820757377,-0.602061792426241,0.602061792426241,3.332873532800349,4.608930260961898,0.03625000000000026,0.056250000000000064,True,True,131.8050646747734,139.74686846853567,7.941803793762261,True,0
1067,2010-03-31,136.0,135.58725424151302,-0.41274575848697737,0.41274575848697737,3.332873532800349,4.563741211035548,0.03650000000000026,0.056500000000000064,True,True,132.2543807087127,140.15099545254856,7.896614743835869,True,0
1068,2010-04-01,134.425,135.85249729043576,1.4274972904357526,-1.4274972904357526,3.3245834561466268,4.563741211035548,0.03675000000000026,0.056750000000000064,True,True,132.52791383428914,140.4162385014713,7.888324667182161,True,0
1069,2010-04-05,132.85,134.335857622786,1.4858576227859999,-1.4858576227859999,3.3245834561466268,4.563741211035548,0.03700000000000026,0.057000000000000065,True,True,131.01127416663937,138.89959883382153,7.888324667182161,True,0
1070,2010-04-06,131.23,132.78436556320926,1.5543655632092737,-1.5543655632092737,3.3245834561466268,4.4709080800327285,0.03725000000000026,0.057250000000000065,True,True,129.45978210706264,137.255273643242,7.795491536179355,True,0
1071,2010-04-07,135.96,131.16439866438432,-4.795601335615686,4.795601335615686,3.310003113181196,4.4709080800327285,0.03750000000000026,0.057500000000000065,True,False,127.85439555120313,135.63530674441705,7.7809111932139245,False,1
1072,2010-04-08,134.71,135.6955275938894,0.985527593889401,-0.985527593889401,3.310003113181196,4.790864037316226,0.03775000000000026,0.05275000000000007,True,True,132.38552448070823,140.48639163120563,8.100867150497407,True,0
1073,2010-04-09,140.72,134.5485615169512,-6.171438483048803,6.171438483048803,3.310003113181196,4.790864037316226,0.03800000000000026,0.05300000000000007,True,False,131.23855840377,139.33942555426742,8.100867150497407,False,1
1074,2010-04-12,140.0,140.4064755398269,0.4064755398269142,-0.4064755398269142,3.308065381475501,5.028411261116844,0.03825000000000026,0.04825000000000007,True,True,137.0984101583514,145.43488680094376,8.336476642592345,True,0
1075,2010-04-13,141.23,139.81617471417053,-1.4138252858294607,1.4138252858294607,3.308065381475501,4.956444820395632,0.03850000000000026,0.04850000000000007,True,True,136.50810933269503,144.77261953456616,8.264510201871133,True,0
1076,2010-04-14,140.34,141.06951476287227,0.7295147628722702,-0.7295147628722702,3.308065381475501,4.956444820395632,0.03875000000000026,0.04875000000000007,True,True,137.76144938139677,146.0259595832679,8.264510201871133,True,0
1077,2010-04-15,144.55,140.22425962259285,-4.325740377407158,4.325740377407158,3.308065381475501,4.956444820395632,0.039000000000000264,0.04900000000000007,True,True,136.91619424111735,145.18070444298849,8.264510201871133,True,0
1078,2010-04-16,144.88,144.29558538350537,-0.5844146164946267,0.5844146164946267,3.2955622078958413,4.944946333592554,0.039250000000000264,0.04925000000000007,True,True,141.00002317560953,149.24053171709792,8.240508541488396,True,0
1079,2010-04-19,142.35,144.69389696622744,2.3438969662274474,-2.3438969662274474,3.2955622078958413,4.944946333592554,0.039500000000000264,0.04950000000000007,True,True,141.3983347583316,149.63884329982,8.240508541488396,True,0
1080,2010-04-20,143.83,142.30152971888322,-1.528470281116796,1.528470281116796,3.2955622078958413,4.944946333592554,0.039750000000000264,0.04975000000000007,True,True,139.00596751098738,147.24647605247577,8.240508541488396,True,0
1081,2010-04-21,145.17,143.68726224221174,-1.482737757788243,1.482737757788243,3.263973089170321,4.913949003294476,0.040000000000000265,0.05000000000000007,True,True,140.42328915304142,148.60121124550622,8.177922092464797,True,0
1082,2010-04-22,147.01,144.98354373840593,-2.0264562615940633,2.0264562615940633,3.263973089170321,4.913949003294476,0.040250000000000265,0.05025000000000007,True,True,141.7195706492356,149.8974927417004,8.177922092464797,True,0
1083,2010-04-23,145.38,146.81185776421503,1.4318577642150387,-1.4318577642150387,3.263973089170321,4.913949003294476,0.040500000000000265,0.05050000000000007,True,True,143.5478846750447,151.7258067675095,8.177922092464797,True,0
1084,2010-04-26,143.2,145.28806151608734,2.0880615160873504,-2.0880615160873504,3.2377737824927095,4.913949003294476,0.040750000000000265,0.05075000000000007,True,True,142.05028773359464,150.20201051938182,8.151722785787172,True,0
1085,2010-04-27,145.55,143.16576995903074,-2.384230040969271,2.384230040969271,3.2377737824927095,4.903928498957427,0.041000000000000265,0.05100000000000007,True,True,139.92799617653804,148.06969845798818,8.141702281450137,True,0
1086,2010-04-28,142.59,145.37754525604436,2.7875452560443534,-2.7875452560443534,3.2377737824927095,4.903928498957427,0.041250000000000266,0.05125000000000007,True,True,142.13977147355166,150.2814737550018,8.141702281450137,True,0
1087,2010-04-29,140.09,142.5319978230654,2.4419978230654067,-2.4419978230654067,3.212467117304371,4.903928498957427,0.041500000000000266,0.051500000000000073,True,True,139.31953070576105,147.43592632202285,8.116395616261798,True,0
1088,2010-04-30,141.4,140.07932087254272,-1.3206791274572822,1.3206791274572822,3.212467117304371,4.795601335615686,0.041750000000000266,0.051750000000000074,True,True,136.86685375523837,144.8749222081584,8.008068452920043,True,0
1089,2010-05-03,137.2,141.26082930680207,4.060829306802077,-4.060829306802077,3.212467117304371,4.795601335615686,0.042000000000000266,0.052000000000000074,False,True,138.0483621894977,146.05643064241775,8.008068452920043,False,1
1090,2010-05-04,135.62,137.1900089800585,1.5700089800585033,-1.5700089800585033,3.3245834561466268,4.795601335615686,0.03725000000000027,0.052250000000000074,True,True,133.86542552391188,141.9856103156742,8.120184791762313,True,0
1091,2010-05-05,128.0,135.59001311200177,7.59001311200177,-7.59001311200177,3.3245834561466268,4.790864037316226,0.03750000000000027,0.052500000000000074,False,True,132.26542965585514,140.380877149318,8.115447493462852,False,1
1092,2010-05-06,130.0,128.11849077773718,-1.881509222262821,1.881509222262821,3.4183245618666405,4.790864037316226,0.03275000000000027,0.052750000000000075,True,True,124.70016621587054,132.9093548150534,8.209188599182866,True,0
1093,2010-05-07,127.97,129.88036828756586,1.9103682875658592,-1.9103682875658592,3.408381753616027,4.790864037316226,0.03300000000000027,0.053000000000000075,True,True,126.47198653394983,134.67123232488208,8.199245790932252,True,0
1094,2010-05-10,129.73,127.88088360303801,-1.8491163969619748,1.8491163969619748,3.408381753616027,4.727720909330571,0.03325000000000027,0.053250000000000075,True,True,124.47250184942199,132.60860451236857,8.136102662946584,True,0
1095,2010-05-11,129.95,129.55556476859698,-0.3944352314030084,0.3944352314030084,3.408381753616027,4.727720909330571,0.03350000000000027,0.053500000000000075,True,True,126.14718301498095,134.28328567792755,8.136102662946598,True,0
1096,2010-05-12,131.41,129.78915602014075,-1.620843979859245,1.620843979859245,3.408381753616027,4.727720909330571,0.03375000000000027,0.053750000000000075,True,True,126.38077426652472,134.51687692947132,8.136102662946598,True,0
1097,2010-05-13,133.93,131.22328740028078,-2.706712599719225,2.706712599719225,3.4083280097670468,4.699433799677728,0.03400000000000027,0.054000000000000076,True,True,127.81495939051374,135.92272119995852,8.107761809444781,True,0
1098,2010-05-14,130.36,133.69557919186312,3.335579191863104,-3.335579191863104,3.4083280097670468,4.699433799677728,0.03425000000000027,0.054250000000000076,True,True,130.28725118209607,138.39501299154085,8.107761809444781,True,0
1099,2010-05-17,128.24,130.3177608995424,2.0777608995423975,-2.0777608995423975,3.4083280097670468,4.699433799677728,0.034500000000000274,0.054500000000000076,True,True,126.90943288977536,135.01719469922014,8.107761809444781,True,0
1100,2010-05-18,130.14,128.21071057161723,-1.9292894283827593,1.9292894283827593,3.37239714451394,4.636139467606782,0.034750000000000274,0.054750000000000076,True,True,124.83831342710329,132.84685003922402,8.008536612120736,True,0
1101,2010-05-19,125.51,129.96409590118057,4.454095901180565,-4.454095901180565,3.37239714451394,4.636139467606782,0.035000000000000274,0.05500000000000008,False,True,126.59169875666663,134.60023536878737,8.008536612120736,False,1
1102,2010-05-20,122.64,125.51092298819646,2.8709229881964546,-2.8709229881964546,3.482989583913721,4.636139467606782,0.030250000000000273,0.05525000000000008,True,True,122.02793340428273,130.14706245580322,8.119129051520488,True,0
1103,2010-05-21,117.9,122.64780020766335,4.747800207663346,-4.747800207663346,3.482989583913721,4.608930260961898,0.030500000000000273,0.05550000000000008,False,True,119.16481062374963,127.25673046862525,8.091919844875619,False,1
1104,2010-05-24,122.57,117.94499712607595,-4.625002873924046,4.625002873924046,3.8874014459674697,4.608930260961898,0.025750000000000273,0.05575000000000008,True,False,114.05759568010848,122.55392738703785,8.496331706929368,False,1
1105,2010-05-25,118.54,122.3264608305419,3.7864608305418983,-3.7864608305418983,3.8874014459674697,4.795601335615686,0.026000000000000273,0.05100000000000008,True,True,118.43905938457443,127.12206216615759,8.683002781583156,True,0
1106,2010-05-26,125.05,118.50736924865811,-6.542630751341889,6.542630751341889,3.797377881746982,4.795601335615686,0.026250000000000273,0.05125000000000008,True,False,114.70999136691113,123.3029705842738,8.592979217362668,False,1
1107,2010-05-27,124.98,124.70380462134632,-0.27619537865368216,0.27619537865368216,3.797377881746982,5.039359938571721,0.026500000000000273,0.04650000000000008,True,True,120.90642673959934,129.74316455991806,8.836737820318717,True,0
1108,2010-05-28,126.07,124.80054332076284,-1.2694566792371518,1.2694566792371518,3.797377881746982,5.039359938571721,0.026750000000000274,0.04675000000000008,True,True,121.00316543901586,129.83990325933456,8.836737820318703,True,0
1109,2010-06-01,124.97,125.89619160979959,0.9261916097995879,-0.9261916097995879,3.797377881746982,5.028411261116844,0.027000000000000274,0.04700000000000008,True,True,122.0988137280526,130.92460287091643,8.825789142863826,True,0
1110,2010-06-02,124.02,124.86822694550429,0.8482269455042939,-0.8482269455042939,3.7864608305418983,5.028411261116844,0.027250000000000274,0.047250000000000084,True,True,121.08176611496239,129.89663820662113,8.814872091658742,True,0
1111,2010-06-03,126.25,123.92806548950068,-2.321934510499318,2.321934510499318,3.7864608305418983,5.028411261116844,0.027500000000000274,0.047500000000000084,True,True,120.14160465895878,128.95647675061753,8.814872091658742,True,0
1112,2010-06-04,126.33,126.0407925929928,-0.28920740700719705,0.28920740700719705,3.7864608305418983,4.956444820395632,0.027750000000000274,0.047750000000000084,True,True,122.2543317624509,130.99723741338843,8.74290565093753,True,0
1113,2010-06-07,125.84,126.17722244965611,0.33722244965611026,-0.33722244965611026,3.7565483725393847,4.956444820395632,0.028000000000000275,0.048000000000000084,True,True,122.42067407711673,131.13366727005175,8.712993192935016,True,0
1114,2010-06-08,122.0,125.72320236824542,3.723202368245424,-3.723202368245424,3.7565483725393847,4.956444820395632,0.028250000000000275,0.048250000000000084,True,True,121.96665399570604,130.67964718864107,8.71299319293503,True,0
1115,2010-06-09,120.31,122.00812954216244,1.6981295421624338,-1.6981295421624338,3.7565483725393847,4.944946333592554,0.028500000000000275,0.048500000000000085,True,True,118.25158116962305,126.95307587575499,8.701494706131939,True,0
1116,2010-06-10,120.0,120.2654323397353,0.26543233973529823,-0.26543233973529823,3.7314549404957873,4.944946333592554,0.028750000000000275,0.048750000000000085,True,True,116.53397739923952,125.21037867332785,8.676401274088335,True,0
1117,2010-06-11,121.39,119.89312954305842,-1.4968704569415792,1.4968704569415792,3.7314549404957873,4.944946333592554,0.029000000000000276,0.049000000000000085,True,True,116.16167460256264,124.83807587665098,8.676401274088335,True,0
1118,2010-06-14,124.24,121.21213788719155,-3.0278621128084495,3.0278621128084495,3.7314549404957873,4.913949003294476,0.029250000000000276,0.049250000000000085,True,True,117.48068294669577,126.12608689048602,8.645403943790257,True,0
1119,2010-06-15,123.2,123.99541276461265,0.7954127646126494,-0.7954127646126494,3.7314549404957873,4.913949003294476,0.029500000000000276,0.049500000000000086,True,True,120.26395782411686,128.90936176790711,8.645403943790257,True,0
1120,2010-06-16,125.39,123.08489200232732,-2.3051079976726783,2.3051079976726783,3.723202368245424,4.913949003294476,0.029750000000000276,0.049750000000000086,True,True,119.3616896340819,127.9988410056218,8.6371513715399,True,0
1121,2010-06-17,126.74,125.1850976484458,-1.5549023515541904,1.5549023515541904,3.723202368245424,4.903928498957427,0.030000000000000276,0.050000000000000086,True,True,121.46189528020038,130.08902614740322,8.627130867202837,True,0
1122,2010-06-18,126.48,126.54268566759384,0.06268566759383987,-0.06268566759383987,3.723202368245424,4.903928498957427,0.030250000000000277,0.050250000000000086,True,True,122.81948329934842,131.44661416655129,8.627130867202865,True,0
1123,2010-06-21,126.79,126.34632504985596,-0.4436749501440431,0.4436749501440431,3.5895050947563902,4.903928498957427,0.030500000000000277,0.050500000000000086,True,True,122.75681995509957,131.2502535488134,8.493433593713817,True,0
1124,2010-06-22,122.65,126.64707201157508,3.997072011575071,-3.997072011575071,3.5895050947563902,4.903928498957427,0.030750000000000277,0.05075000000000009,False,True,123.05756691681869,131.5510005105325,8.493433593713817,False,1
1125,2010-06-23,122.11,122.66186667294214,0.5518666729421398,-0.5518666729421398,3.8874014459674697,4.795601335615686,0.026000000000000276,0.05100000000000009,True,True,118.77446522697467,127.45746800855783,8.683002781583156,True,0
1126,2010-06-24,120.61,122.02600595593546,1.4160059559354607,-1.4160059559354607,3.8874014459674697,4.795601335615686,0.026250000000000277,0.05125000000000009,True,True,118.13860450996799,126.82160729155115,8.683002781583156,True,0
1127,2010-06-25,118.14,120.53736221063285,2.397362210632849,-2.397362210632849,3.8874014459674697,4.795601335615686,0.026500000000000277,0.05150000000000009,True,True,116.64996076466538,125.33296354624854,8.683002781583156,True,0
1128,2010-06-28,118.85,118.10885551133902,-0.7411444886609786,0.7411444886609786,3.797377881746982,4.790864037316226,0.026750000000000277,0.05175000000000009,True,True,114.31147762959203,122.89971954865524,8.588241919063208,True,0
1129,2010-06-29,116.26,118.71398642305465,2.453986423054644,-2.453986423054644,3.797377881746982,4.790864037316226,0.027000000000000277,0.05200000000000009,True,True,114.91660854130767,123.50485046037087,8.588241919063208,True,0
1130,2010-06-30,108.58,116.22298759485167,7.642987594851675,-7.642987594851675,3.797377881746982,4.790864037316226,0.027250000000000277,0.05225000000000009,False,True,112.42560971310469,121.0138516321679,8.588241919063208,False,1
1131,2010-07-01,108.9,108.73370920875035,-0.16629079124965074,0.16629079124965074,4.384435860056229,4.727720909330571,0.022500000000000277,0.05250000000000009,True,True,104.34927334869413,113.46143011808093,9.1121567693868,True,0
1132,2010-07-02,110.92,108.82269152207608,-2.0973084779239173,2.0973084779239173,4.384435860056229,4.727720909330571,0.022750000000000277,0.05275000000000009,True,True,104.43825566201986,113.55041243140666,9.1121567693868,True,0
1133,2010-07-06,110.65,110.73357628059134,0.08357628059133049,-0.08357628059133049,4.302029447972899,4.727720909330571,0.023000000000000277,0.05300000000000009,True,True,106.43154683261844,115.46129718992191,9.02975035730347,True,0
1134,2010-07-07,109.84,110.52985222511401,0.6898522251140093,-0.6898522251140093,4.302029447972899,4.699433799677728,0.023250000000000277,0.05325000000000009,True,True,106.22782277714111,115.22928602479175,9.001463247650634,True,0
1135,2010-07-08,115.02,109.75636272961447,-5.26363727038553,5.26363727038553,4.302029447972899,4.699433799677728,0.023500000000000278,0.05350000000000009,True,False,105.45433328164157,114.4557965292922,9.001463247650634,False,1
1136,2010-07-09,116.55,114.72373196556168,-1.8262680344383142,1.8262680344383142,4.302029447972899,4.944946333592554,0.023750000000000278,0.04875000000000009,True,True,110.42170251758878,119.66867829915424,9.246975781565453,True,0
1137,2010-07-12,117.81,116.33362703505577,-1.4763729649442325,1.4763729649442325,4.128248268300425,4.944946333592554,0.024000000000000278,0.04900000000000009,True,True,112.20537876675535,121.27857336864832,9.073194601892979,True,0
1138,2010-07-13,120.69,117.63121029318366,-3.0587897068163414,3.0587897068163414,4.128248268300425,4.944946333592554,0.02425000000000028,0.04925000000000009,True,True,113.50296202488323,122.57615662677621,9.073194601892979,True,0
1139,2010-07-14,123.03,120.45537508453586,-2.574624915464142,2.574624915464142,4.128248268300425,4.913949003294476,0.02450000000000028,0.04950000000000009,True,True,116.32712681623543,125.36932408783034,9.042197271594901,True,0
1140,2010-07-15,120.13,122.80126855443149,2.6712685544314922,-2.6712685544314922,4.060829306802077,4.913949003294476,0.02475000000000028,0.04975000000000009,True,True,118.74043924762941,127.71521755772596,8.974778310096553,True,0
1141,2010-07-16,121.28,120.0805706282804,-1.199429371719603,1.199429371719603,4.060829306802077,4.903928498957427,0.02500000000000028,0.05000000000000009,True,True,116.01974132147832,124.98449912723783,8.964757805759504,True,0
1142,2010-07-19,118.38,121.13244453298284,2.7524445329828495,-2.7524445329828495,4.060829306802077,4.903928498957427,0.02525000000000028,0.05025000000000009,True,True,117.07161522618077,126.03637303194027,8.964757805759504,True,0
1143,2010-07-20,120.61,118.34306825624823,-2.266931743751769,2.266931743751769,3.997072011575071,4.903928498957427,0.02550000000000028,0.05050000000000009,True,True,114.34599624467316,123.24699675520566,8.901000510532498,True,0
1144,2010-07-21,120.62,120.4238406147663,-0.1961593852336989,0.1961593852336989,3.997072011575071,4.795601335615686,0.02575000000000028,0.050750000000000094,True,True,116.42676860319123,125.21944195038199,8.792673347190757,True,0
1145,2010-07-22,118.71,120.47715780343093,1.7671578034309334,-1.7671578034309334,3.997072011575071,4.795601335615686,0.02600000000000028,0.051000000000000094,True,True,116.48008579185586,125.27275913904661,8.792673347190757,True,0
1146,2010-07-23,105.92,118.64856666152504,12.728566661525036,-12.728566661525036,3.8874014459674697,4.795601335615686,0.02625000000000028,0.051250000000000094,False,True,114.76116521555757,123.44416799714072,8.683002781583156,False,1
1147,2010-07-26,118.26,106.21344160418907,-12.046558395810933,12.046558395810933,4.454095901180565,4.790864037316226,0.02150000000000028,0.051500000000000094,True,False,101.7593457030085,111.0043056415053,9.244959938496791,False,1
1148,2010-07-27,118.43,117.68678412907973,-0.743215870920281,0.743215870920281,4.454095901180565,5.039359938571721,0.02175000000000028,0.0467500000000001,True,True,113.23268822789916,122.72614406765145,9.493455839752286,True,0
1149,2010-07-28,117.0,118.17886168055426,1.178861680554263,-1.178861680554263,4.400581239885014,5.039359938571721,0.02200000000000028,0.0470000000000001,True,True,113.77828044066925,123.21822161912598,9.439941178456735,True,0
1150,2010-07-29,117.99,116.9348374841401,-1.055162515859891,1.055162515859891,4.400581239885014,5.028411261116844,0.02225000000000028,0.0472500000000001,True,True,112.53425624425509,121.96324874525695,9.428992501001858,True,0
1151,2010-07-30,115.53,117.83671486363917,2.306714863639172,-2.306714863639172,4.400581239885014,5.028411261116844,0.02250000000000028,0.0475000000000001,True,True,113.43613362375416,122.86512612475602,9.428992501001858,True,0
1152,2010-08-02,119.15,115.50304117666104,-3.646958823338963,3.646958823338963,4.384435860056229,5.028411261116844,0.02275000000000028,0.0477500000000001,True,True,111.11860531660481,120.53145243777789,9.412847121173073,True,0
1153,2010-08-03,120.0,118.88816572360328,-1.1118342763967206,1.1118342763967206,4.384435860056229,4.956444820395632,0.02300000000000028,0.0480000000000001,True,True,114.50372986354705,123.84461054399891,9.34088068045186,True,0
1154,2010-08-04,123.06,119.79957846958433,-3.2604215304156696,3.2604215304156696,4.384435860056229,4.956444820395632,0.02325000000000028,0.0482500000000001,True,True,115.4151426095281,124.75602328997996,9.34088068045186,True,0
1155,2010-08-05,126.77,122.7877798721776,-3.9822201278224014,3.9822201278224014,4.302029447972899,4.956444820395632,0.02350000000000028,0.0485000000000001,True,True,118.4857504242047,127.74422469257323,9.25847426836853,True,0
1156,2010-08-06,126.72,126.44751612617866,-0.27248387382134354,0.27248387382134354,4.302029447972899,4.944946333592554,0.02375000000000028,0.0487500000000001,True,True,122.14548667820576,131.3924624597712,9.246975781565439,True,0
1157,2010-08-09,128.46,126.55416216179691,-1.905837838203098,1.905837838203098,4.302029447972899,4.944946333592554,0.02400000000000028,0.0490000000000001,True,True,122.25213271382401,131.49910849538946,9.246975781565453,True,0
1158,2010-08-10,127.95,128.25038416630517,0.3003841663051645,-0.3003841663051645,4.128248268300425,4.944946333592554,0.024250000000000282,0.0492500000000001,True,True,124.12213589800474,133.19533049989772,9.073194601892979,True,0
1159,2010-08-11,128.1,127.82130549887339,-0.27869450112660843,0.27869450112660843,4.128248268300425,4.913949003294476,0.024500000000000282,0.0495000000000001,True,True,123.69305723057296,132.73525450216786,9.042197271594901,True,0
1160,2010-08-12,123.76,127.96255205036302,4.2025520503630105,-4.2025520503630105,4.128248268300425,4.913949003294476,0.024750000000000282,0.0497500000000001,False,True,123.83430378206259,132.87650105365748,9.042197271594887,False,1
1161,2010-08-13,126.06,123.80770586316295,-2.252294136837051,2.252294136837051,4.483608339694882,4.903928498957427,0.02000000000000028,0.0500000000000001,True,True,119.32409752346807,128.71163436212038,9.38753683865231,True,0
1162,2010-08-16,123.61,125.86308059485584,2.253080594855845,-2.253080594855845,4.483608339694882,4.903928498957427,0.02025000000000028,0.0502500000000001,True,True,121.37947225516096,130.76700909381327,9.38753683865231,True,0
1163,2010-08-17,127.34,123.56573403258331,-3.774265967416696,3.774265967416696,4.483608339694882,4.903928498957427,0.020500000000000282,0.0505000000000001,True,True,119.08212569288843,128.46966253154073,9.38753683865231,True,0
1164,2010-08-18,129.25,127.05864344527706,-2.191356554722944,2.191356554722944,4.454095901180565,4.795601335615686,0.020750000000000282,0.0507500000000001,True,True,122.60454754409649,131.85424478089274,9.249697236796251,True,0
1165,2010-08-19,129.22,129.00145208184995,-0.21854791815005115,0.21854791815005115,4.454095901180565,4.795601335615686,0.021000000000000282,0.0510000000000001,True,True,124.54735618066938,133.79705341746563,9.249697236796251,True,0
1166,2010-08-20,127.2,129.07080922128029,1.8708092212802825,-1.8708092212802825,4.454095901180565,4.795601335615686,0.021250000000000283,0.0512500000000001,True,True,124.61671332009972,133.86641055689597,9.249697236796251,True,0
1167,2010-08-23,127.86,127.15267092395993,-0.7073290760400681,0.7073290760400681,4.400581239885014,4.790864037316226,0.021500000000000283,0.0515000000000001,True,True,122.75208968407492,131.94353496127616,9.19144527720124,True,0
1168,2010-08-24,125.41,127.71252228974792,2.3025222897479267,-2.3025222897479267,4.400581239885014,4.790864037316226,0.021750000000000283,0.0517500000000001,True,True,123.31194104986291,132.50338632706416,9.191445277201254,True,0
1169,2010-08-25,123.85,125.3779547257658,1.5279547257658095,-1.5279547257658095,4.400581239885014,4.790864037316226,0.022000000000000283,0.0520000000000001,True,True,120.97737348588079,130.16881876308202,9.191445277201225,True,0
1170,2010-08-26,127.15,123.80425563719652,-3.3457443628034866,3.3457443628034866,4.384435860056229,4.727720909330571,0.022250000000000283,0.0522500000000001,True,True,119.41981977714029,128.5319765465271,9.1121567693868,True,0
1171,2010-08-27,125.46,126.88401933746412,1.4240193374641308,-1.4240193374641308,4.384435860056229,4.727720909330571,0.022500000000000284,0.0525000000000001,True,True,122.4995834774079,131.61174024679468,9.112156769386786,True,0
1172,2010-08-30,126.03,125.37536450454249,-0.6546354954575122,0.6546354954575122,4.384435860056229,4.727720909330571,0.022750000000000284,0.0527500000000001,True,True,120.99092864448626,130.10308541387306,9.1121567693868,True,0
1173,2010-08-31,122.85,125.88586525415691,3.035865254156917,-3.035865254156917,4.384435860056229,4.699433799677728,0.023000000000000284,0.0530000000000001,True,True,121.50142939410068,130.58529905383463,9.08386965973395,True,0
1174,2010-09-01,126.36,122.85437312113261,-3.505626878867389,3.505626878867389,4.302029447972899,4.699433799677728,0.023250000000000284,0.0532500000000001,True,True,118.55234367315971,127.55380692081033,9.00146324765062,True,0
1175,2010-09-02,132.17,126.09346557753717,-6.076534422462814,6.076534422462814,4.302029447972899,4.699433799677728,0.023500000000000285,0.0535000000000001,True,False,121.79143612956427,130.7928993772149,9.00146324765062,False,1
1176,2010-09-03,136.89,131.74362233575897,-5.146377664241015,5.146377664241015,4.302029447972899,4.944946333592554,0.023750000000000285,0.048750000000000106,True,False,127.44159288778607,136.68856866935153,9.246975781565453,False,1
1177,2010-09-07,137.56,136.5023395278635,-1.0576604721364902,1.0576604721364902,4.2025520503630105,5.661814998372577,0.024000000000000285,0.04400000000000011,True,True,132.2997874775005,142.16415452623608,9.864367048735573,True,0
1178,2010-09-08,137.93,137.35699159303115,-0.573008406968853,0.573008406968853,4.2025520503630105,5.59665441533582,0.024250000000000285,0.04425000000000011,True,True,133.15443954266814,142.95364600836697,9.79920646569883,True,0
1179,2010-09-09,140.39,137.7698309324039,-2.6201690675960947,2.6201690675960947,4.2025520503630105,5.59665441533582,0.024500000000000285,0.04450000000000011,True,True,133.56727888204088,143.3664853477397,9.79920646569883,True,0
1180,2010-09-10,140.75,140.14369931988568,-0.606300680114316,0.606300680114316,4.128248268300425,5.59665441533582,0.024750000000000286,0.04475000000000011,True,True,136.01545105158527,145.7403537352215,9.72490268363623,True,0
1181,2010-09-13,144.07,140.57731533816263,-3.492684661837359,3.492684661837359,4.128248268300425,5.26363727038553,0.025000000000000286,0.04500000000000011,True,True,136.44906706986222,145.84095260854815,9.391885538685926,True,0
1182,2010-09-14,144.5,143.78791717493363,-0.7120828250663749,0.7120828250663749,4.128248268300425,5.26363727038553,0.025250000000000286,0.04525000000000011,True,True,139.65966890663321,149.05155444531914,9.391885538685926,True,0
1183,2010-09-15,144.88,144.31975237193288,-0.5602476280671169,0.5602476280671169,4.060829306802077,5.26363727038553,0.025500000000000286,0.04550000000000011,True,True,140.2589230651308,149.58338964231842,9.324466577187621,True,0
1184,2010-09-16,145.4,144.72190569137572,-0.6780943086242814,0.6780943086242814,4.060829306802077,5.146377664241015,0.025750000000000287,0.04575000000000011,True,True,140.66107638457365,149.86828335561674,9.207206971043092,True,0
1185,2010-09-17,148.9,145.23665590620473,-3.663344093795274,3.663344093795274,4.060829306802077,5.146377664241015,0.026000000000000287,0.04600000000000011,True,True,141.17582659940265,150.38303357044575,9.207206971043092,True,0
1186,2010-09-20,148.7,148.61169610156946,-0.08830389843052444,0.08830389843052444,3.997072011575071,5.146377664241015,0.026250000000000287,0.04625000000000011,True,True,144.61462408999438,153.75807376581048,9.1434496758161,True,0
1187,2010-09-21,150.76,148.5469578189601,-2.2130421810398957,2.2130421810398957,3.997072011575071,5.039359938571721,0.026500000000000287,0.04650000000000011,True,True,144.549885807385,153.58631775753182,9.036431950146806,True,0
1188,2010-09-22,149.84,150.53856492901977,0.6985649290197671,-0.6985649290197671,3.997072011575071,5.039359938571721,0.026750000000000287,0.04675000000000011,True,True,146.5414929174447,155.5779248675915,9.036431950146778,True,0
1189,2010-09-23,151.2,149.72793928116033,-1.472060718839657,1.472060718839657,3.8874014459674697,5.039359938571721,0.027000000000000288,0.04700000000000011,True,True,145.84053783519286,154.76729921973205,8.92676138453919,True,0
1190,2010-09-24,155.43,151.01276816459884,-4.417231835401168,4.417231835401168,3.8874014459674697,5.028411261116844,0.027250000000000288,0.04725000000000011,True,True,147.12536671863137,156.04117942571568,8.915812707084314,True,0
1191,2010-09-27,160.22,155.1101457941615,-5.109854205838502,5.109854205838502,3.8874014459674697,5.028411261116844,0.027500000000000288,0.04750000000000011,True,False,151.22274434819403,160.13855705527834,8.915812707084314,False,1
1192,2010-09-28,159.84,159.86597625661705,0.02597625661704228,-0.02597625661704228,3.797377881746982,5.664016231169953,0.02775000000000029,0.042750000000000114,True,True,156.06859837487008,165.529992487787,9.461394112916935,True,0
1193,2010-09-29,159.03,159.69672146056936,0.666721460569363,-0.666721460569363,3.797377881746982,5.661814998372577,0.02800000000000029,0.043000000000000115,True,True,155.89934357882237,165.35853645894196,9.459192880119588,True,0
1194,2010-09-30,160.01,158.93616894664828,-1.0738310533517108,1.0738310533517108,3.797377881746982,5.661814998372577,0.02825000000000029,0.043250000000000115,True,True,155.13879106490128,164.59798394502087,9.459192880119588,True,0
1195,2010-10-01,157.08,159.84705730220222,2.767057302202204,-2.767057302202204,3.7864608305418983,5.661814998372577,0.02850000000000029,0.043500000000000115,True,True,156.06059647166032,165.5088723005748,9.44827582891449,True,0
1196,2010-10-04,153.95,157.0611787260207,3.111178726020711,-3.111178726020711,3.7864608305418983,5.59665441533582,0.02875000000000029,0.043750000000000115,True,True,153.2747178954788,162.65783314135652,9.383115245877718,True,0
1197,2010-10-05,157.08,153.9591008292055,-3.1208991707945017,3.1208991707945017,3.7864608305418983,5.59665441533582,0.02900000000000029,0.044000000000000115,True,True,150.1726399986636,159.55575524454133,9.383115245877718,True,0
1198,2010-10-06,160.6,156.84032257955403,-3.7596774204459678,3.7596774204459678,3.7565483725393847,5.59665441533582,0.02925000000000029,0.044250000000000116,True,True,153.08377420701464,162.43697699488985,9.353202787875205,True,0
1199,2010-10-07,156.51,160.30477242954032,3.7947724295403304,-3.7947724295403304,3.7565483725393847,5.26363727038553,0.02950000000000029,0.044500000000000116,False,True,156.54822405700094,165.56840969992584,9.0201856429249,False,1
1200,2010-10-08,155.18,156.5176032139495,1.3376032139495067,-1.3376032139495067,4.128248268300425,5.26363727038553,0.02475000000000029,0.044750000000000116,True,True,152.38935494564907,161.78124048433506,9.391885538685983,True,0
1201,2010-10-11,154.89,155.13166520010915,0.2416652001091677,-0.2416652001091677,4.060829306802077,5.146377664241015,0.02500000000000029,0.045000000000000116,True,True,151.07083589330708,160.27804286435017,9.207206971043092,True,0
1202,2010-10-12,152.51,154.77854762993024,2.2685476299302536,-2.2685476299302536,4.060829306802077,5.146377664241015,0.02525000000000029,0.045250000000000117,True,True,150.71771832312817,159.92492529417126,9.207206971043092,True,0
1203,2010-10-13,156.69,152.47318986821423,-4.216810131785763,4.216810131785763,4.060829306802077,5.146377664241015,0.02550000000000029,0.04550000000000012,True,True,148.41236056141216,157.61956753245525,9.207206971043092,True,0
1204,2010-10-14,155.16,156.40232086014964,1.242320860149647,-1.242320860149647,4.060829306802077,5.109854205838502,0.02575000000000029,0.04575000000000012,True,True,152.34149155334757,161.51217506598815,9.17068351264058,True,0
1205,2010-10-15,158.42,155.05834455056873,-3.361655449431254,3.361655449431254,3.997072011575071,5.109854205838502,0.02600000000000029,0.04600000000000012,True,True,151.06127253899365,160.16819875640724,9.106926217413587,True,0
1206,2010-10-18,165.0,158.16388345004697,-6.836116549953033,6.836116549953033,3.997072011575071,5.109854205838502,0.02625000000000029,0.04625000000000012,True,False,154.16681143847188,163.27373765588547,9.106926217413587,False,1
1207,2010-10-19,160.68,164.57733791573168,3.8973379157316685,-3.8973379157316685,3.997072011575071,5.7858225314715455,0.02650000000000029,0.04150000000000012,True,True,160.5802659041566,170.36316044720323,9.782894543046638,True,0
1208,2010-10-20,158.78,160.67825392562204,1.8982539256220434,-1.8982539256220434,3.8973379157316685,5.7858225314715455,0.02675000000000029,0.04175000000000012,True,True,156.78091600989038,166.4640764570936,9.683160447203221,True,0
1209,2010-10-21,162.67,158.76288023486717,-3.907119765132819,3.907119765132819,3.8973379157316685,5.7858225314715455,0.02700000000000029,0.04200000000000012,True,True,154.8655423191355,164.54870276633872,9.683160447203221,True,0
1210,2010-10-22,162.45,162.39753617792832,-0.05246382207167244,0.05246382207167244,3.8973379157316685,5.664016231169953,0.02725000000000029,0.04225000000000012,True,True,158.50019826219665,168.06155240909828,9.561354146901635,True,0
1211,2010-10-25,171.57,162.298649053282,-9.271350946718002,9.271350946718002,3.8874014459674697,5.664016231169953,0.02750000000000029,0.04250000000000012,True,False,158.41124760731452,167.96266528445193,9.551417677137408,False,1
1212,2010-10-26,167.57,171.06715015147773,3.49715015147774,-3.49715015147774,3.8874014459674697,6.171438483048803,0.027750000000000292,0.037750000000000124,True,True,167.17974870551026,177.23858863452654,10.058839929016273,True,0
1213,2010-10-27,168.91,167.54832357211762,-1.3616764278823723,1.3616764278823723,3.8874014459674697,6.123168581259378,0.028000000000000292,0.038000000000000124,True,True,163.66092212615015,173.67149215337702,10.010570027226862,True,0
1214,2010-10-28,168.31,168.7646507912095,0.45465079120950236,-0.45465079120950236,3.797377881746982,6.123168581259378,0.028250000000000292,0.038250000000000124,True,True,164.9672729094625,174.88781937246887,9.92054646300636,True,0
1215,2010-10-29,165.8,168.20736661384407,2.4073666138440615,-2.4073666138440615,3.797377881746982,6.123168581259378,0.028500000000000292,0.038500000000000124,True,True,164.40998873209708,174.33053519510344,9.92054646300636,True,0
1216,2010-11-01,164.45,165.788828491728,1.3388284917280089,-1.3388284917280089,3.797377881746982,6.076534422462814,0.028750000000000293,0.038750000000000125,True,True,161.99145060998103,171.86536291419083,9.873912304209796,True,0
1217,2010-11-02,163.75,164.40136674038587,0.6513667403858676,-0.6513667403858676,3.7947724295403304,6.076534422462814,0.029000000000000293,0.039000000000000125,True,True,160.60659431084554,170.4779011628487,9.871306852003158,True,0
1218,2010-11-03,165.4,163.66425560609903,-1.7357443939009727,1.7357443939009727,3.7947724295403304,6.076534422462814,0.029250000000000293,0.039250000000000125,True,True,159.8694831765587,169.74079002856183,9.87130685200313,True,0
1219,2010-11-04,169.86,165.2110744368564,-4.648925563143621,4.648925563143621,3.7947724295403304,5.9647052015063835,0.029500000000000293,0.039500000000000125,True,True,161.41630200731606,171.17577963836277,9.759477631046707,True,0
1220,2010-11-05,169.35,169.53774302861606,0.18774302861606884,-0.18774302861606884,3.7864608305418983,5.9647052015063835,0.029750000000000294,0.039750000000000126,True,True,165.75128219807416,175.50244823012244,9.751166032048275,True,0
1221,2010-11-08,170.84,169.21968325420144,-1.6203167457985614,1.6203167457985614,3.7864608305418983,5.9647052015063835,0.030000000000000294,0.040000000000000126,True,True,165.43322242365954,175.18438845570782,9.751166032048275,True,0
1222,2010-11-09,172.67,170.66444651062778,-2.005553489372204,2.005553489372204,3.7864608305418983,5.914256353834034,0.030250000000000294,0.040250000000000126,True,True,166.87798568008589,176.57870286446183,9.700717184375947,True,0
1223,2010-11-10,170.59,172.4678581949794,1.8778581949794102,-1.8778581949794102,3.7565483725393847,5.914256353834034,0.030500000000000294,0.040500000000000126,True,True,168.71130982244003,178.38211454881343,9.670804726373404,True,0
1224,2010-11-11,171.0,170.5484273665997,-0.4515726334003034,0.4515726334003034,3.7565483725393847,5.914256353834034,0.030750000000000294,0.040750000000000126,True,True,166.7918789940603,176.46268372043374,9.670804726373433,True,0
1225,2010-11-12,170.12,170.88240752300263,0.7624075230026222,-0.7624075230026222,3.7565483725393847,5.885281025402918,0.031000000000000295,0.04100000000000013,True,True,167.12585915046324,176.76768854840554,9.641829397942303,True,0
1226,2010-11-15,165.16,170.03726447309205,4.877264473092055,-4.877264473092055,3.7314549404957873,5.885281025402918,0.03125000000000029,0.04125000000000013,False,True,166.30580953259627,175.92254549849497,9.616735965898698,False,1
1227,2010-11-16,158.74,165.24962318939436,6.509623189394347,-6.509623189394347,3.997072011575071,5.885281025402918,0.02650000000000029,0.04150000000000013,False,True,161.25255117781927,171.13490421479727,9.882353036978003,False,1
1228,2010-11-17,157.84,158.9021961657761,1.0621961657761005,-1.0621961657761005,4.454095901180565,5.7858225314715455,0.02175000000000029,0.04175000000000013,True,True,154.44810026459555,164.68801869724766,10.239918432652104,True,0
1229,2010-11-18,160.74,157.78765091291436,-2.9523490870856506,2.9523490870856506,4.400581239885014,5.7858225314715455,0.02200000000000029,0.04200000000000013,True,True,153.38706967302934,163.5734734443859,10.186403771356566,True,0
1230,2010-11-19,163.95,160.4961984448468,-3.453801555153177,3.453801555153177,4.400581239885014,5.7858225314715455,0.02225000000000029,0.04225000000000013,True,True,156.0956172049618,166.28202097631836,10.186403771356566,True,0
1231,2010-11-22,165.1,163.66708082078375,-1.432919179216242,1.432919179216242,4.400581239885014,5.664016231169953,0.02250000000000029,0.04250000000000013,True,True,159.26649958089874,169.3310970519537,10.064597471054952,True,0
1232,2010-11-23,168.61,164.9021106181323,-3.707889381867716,3.707889381867716,4.384435860056229,5.664016231169953,0.02275000000000029,0.04275000000000013,True,True,160.51767475807605,170.56612684930224,10.048452091226181,True,0
1233,2010-11-24,171.53,168.3348720096778,-3.1951279903221916,3.1951279903221916,4.384435860056229,5.664016231169953,0.02300000000000029,0.04300000000000013,True,True,163.95043614962157,173.99888824084775,10.048452091226181,True,0
1234,2010-11-26,177.36,171.26680323974554,-6.093196760254472,6.093196760254472,4.384435860056229,5.661814998372577,0.02325000000000029,0.04325000000000013,True,False,166.8823673796893,176.92861823811813,10.046250858428834,False,1
1235,2010-11-29,179.99,176.99362676923954,-2.9963732307604687,2.9963732307604687,4.384435860056229,6.093196760254472,0.02350000000000029,0.03850000000000013,True,True,172.60919090918333,183.086823529494,10.477632620310686,True,0
1236,2010-11-30,176.95,179.74230688165065,2.79230688165066,-2.79230688165066,4.302029447972899,6.093196760254472,0.02375000000000029,0.03875000000000013,True,True,175.44027743367775,185.83550364190512,10.39522620822737,True,0
1237,2010-12-01,179.16,176.94180830971104,-2.218191690288961,2.218191690288961,4.302029447972899,6.076534422462814,0.024000000000000292,0.03900000000000013,True,True,172.63977886173814,183.01834273217383,10.378563870435698,True,0
1238,2010-12-02,176.86,178.98513237935182,2.125132379351811,-2.125132379351811,4.302029447972899,6.076534422462814,0.024250000000000292,0.03925000000000013,True,True,174.68310293137893,185.06166680181462,10.378563870435698,True,0
1239,2010-12-03,175.5,176.82633489036215,1.3263348903621477,-1.3263348903621477,4.2025520503630105,6.076534422462814,0.024500000000000292,0.03950000000000013,True,True,172.62378283999914,182.90286931282498,10.279086472825838,True,0
1240,2010-12-06,175.52,175.45532452034715,-0.06467547965286258,0.06467547965286258,4.2025520503630105,5.9647052015063835,0.024750000000000293,0.03975000000000013,True,True,171.25277246998414,181.42002972185352,10.167257251869387,True,0
1241,2010-12-07,180.5,175.41434108578437,-5.085658914215628,5.085658914215628,4.128248268300425,5.9647052015063835,0.025000000000000293,0.04000000000000013,True,True,171.28609281748396,181.37904628729075,10.092953469806787,True,0
1242,2010-12-08,177.49,180.19309302693793,2.703093026937921,-2.703093026937921,4.128248268300425,5.9647052015063835,0.025250000000000293,0.04025000000000013,True,True,176.0648447586375,186.1577982284443,10.092953469806815,True,0
1243,2010-12-09,177.77,177.4663368034141,-0.3036631965859158,0.3036631965859158,4.128248268300425,5.914256353834034,0.025500000000000293,0.04050000000000013,True,True,173.33808853511368,183.38059315724814,10.042504622134459,True,0
1244,2010-12-10,174.88,177.66854934421747,2.788549344217472,-2.788549344217472,4.060829306802077,5.914256353834034,0.025750000000000293,0.04075000000000013,True,True,173.6077200374154,183.58280569805152,9.975085660636125,True,0
1245,2010-12-13,176.33,174.8783944935801,-1.4516055064199236,1.4516055064199236,4.060829306802077,5.885281025402918,0.026000000000000294,0.041000000000000134,True,True,170.817565186778,180.763675518983,9.946110332204995,True,0
1246,2010-12-14,174.28,176.1765840014258,1.8965840014257935,-1.8965840014257935,4.060829306802077,5.885281025402918,0.026250000000000294,0.041250000000000134,True,True,172.11575469462372,182.0618650268287,9.946110332204995,True,0
1247,2010-12-15,173.72,174.23684126094915,0.5168412609491497,-0.5168412609491497,3.997072011575071,5.885281025402918,0.026500000000000294,0.041500000000000134,True,True,170.2397692493741,180.12212228635207,9.882353036977975,True,0
1248,2010-12-16,175.58,173.637805932097,-1.9421940679030172,1.9421940679030172,3.997072011575071,5.7858225314715455,0.026750000000000294,0.041750000000000134,True,True,169.64073392052194,179.42362846356855,9.78289454304661,True,0
1249,2010-12-17,178.41,175.39302259847355,-3.0169774015264466,3.0169774015264466,3.997072011575071,5.7858225314715455,0.027000000000000295,0.042000000000000134,True,True,171.3959505868985,181.1788451299451,9.78289454304661,True,0
1250,2010-12-20,179.27,178.17195902168905,-1.0980409783109621,1.0980409783109621,3.8973379157316685,5.7858225314715455,0.027250000000000295,0.042250000000000135,True,True,174.27462110595738,183.9577815531606,9.683160447203221,True,0
1251,2010-12-21,183.88,179.10754164527427,-4.772458354725728,4.772458354725728,3.8973379157316685,5.664016231169953,0.027500000000000295,0.042500000000000135,True,True,175.2102037295426,184.7715578764442,9.561354146901607,True,0
1252,2010-12-22,185.0,183.58566103701625,-1.4143389629837486,1.4143389629837486,3.8973379157316685,5.664016231169953,0.027750000000000295,0.042750000000000135,True,True,179.68832312128458,189.2496772681862,9.561354146901607,True,0
1253,2010-12-23,184.34,184.82715888675523,0.4871588867552248,-0.4871588867552248,3.8874014459674697,5.664016231169953,0.028000000000000295,0.043000000000000135,True,True,180.93975744078776,190.4911751179252,9.551417677137437,True,0
1254,2010-12-27,181.9,184.25903104668686,2.3590310466868516,-2.3590310466868516,3.8874014459674697,5.661814998372577,0.028250000000000296,0.043250000000000136,True,True,180.3716296007194,189.92084604505942,9.549216444340033,True,0
1255,2010-12-28,182.1,181.89559995340147,-0.20440004659852207,0.20440004659852207,3.8874014459674697,5.661814998372577,0.028500000000000296,0.043500000000000136,True,True,178.008198507434,187.55741495177404,9.549216444340033,True,0
1256,2010-12-29,181.8,182.00166617836098,0.20166617836096634,-0.20166617836096634,3.797377881746982,5.661814998372577,0.028750000000000296,0.043750000000000136,True,True,178.20428829661398,187.66348117673357,9.459192880119588,True,0
1257,2010-12-30,183.92,181.7045735188265,-2.2154264811734947,2.2154264811734947,3.797377881746982,5.59665441533582,0.029000000000000296,0.044000000000000136,True,True,177.9071956370795,187.3012279341623,9.394032297082816,True,0
1258,2010-12-31,181.96,183.73395471041098,1.773954710410976,-1.773954710410976,3.797377881746982,5.59665441533582,0.029250000000000297,0.044250000000000136,True,True,179.936576828664,189.3306091257468,9.394032297082816,True,0
1259,2011-01-03,181.37,181.9189806776785,0.548980677678486,-0.548980677678486,3.7947724295403304,5.59665441533582,0.029500000000000297,0.04450000000000014,True,True,178.12420824813816,187.5156350930143,9.39142684487615,True,0
1260,2011-01-04,186.15,181.29814086423477,-4.851859135765238,4.851859135765238,3.7947724295403304,5.26363727038553,0.029750000000000297,0.04475000000000014,True,True,177.50336843469444,186.56177813462028,9.058409699925846,True,0
1261,2011-01-05,184.1,185.86023018939366,1.760230189393667,-1.760230189393667,3.7947724295403304,5.26363727038553,0.030000000000000297,0.04500000000000014,True,True,182.06545775985333,191.1238674597792,9.058409699925875,True,0
1262,2011-01-06,186.5,184.0486660907988,-2.451333909201196,2.451333909201196,3.7864608305418983,5.146377664241015,0.030250000000000297,0.04525000000000014,True,True,180.2622052602569,189.19504375503982,8.932838494782914,True,0
1263,2011-01-07,187.88,186.31624170215628,-1.5637582978437194,1.5637582978437194,3.7864608305418983,5.146377664241015,0.030500000000000298,0.04550000000000014,True,True,182.52978087161438,191.4626193663973,8.932838494782914,True,0
1264,2011-01-10,185.04,187.71260292745265,2.672602927452658,-2.672602927452658,3.7864608305418983,5.146377664241015,0.030750000000000298,0.04575000000000014,True,True,183.92614209691075,192.85898059169367,8.932838494782914,True,0
1265,2011-01-11,185.42,185.04389206132637,-0.3761079386736128,0.3761079386736128,3.7565483725393847,5.109854205838502,0.031000000000000298,0.04600000000000014,True,True,181.287343688787,190.15374626716488,8.866402578377887,True,0
1266,2011-01-12,185.36,185.321353168484,-0.038646831516018665,0.038646831516018665,3.7565483725393847,5.109854205838502,0.0312500000000003,0.04625000000000014,True,True,181.5648047959446,190.4312073743225,8.866402578377887,True,0
1267,2011-01-13,183.6,185.2583157242946,1.6583157242945958,-1.6583157242945958,3.7565483725393847,5.109854205838502,0.0315000000000003,0.04650000000000014,True,True,181.5017673517552,190.3681699301331,8.866402578377887,True,0
1268,2011-01-14,185.5,183.5663415918,-1.9336584081999888,1.9336584081999888,3.7314549404957873,5.085658914215628,0.0317500000000003,0.04675000000000014,True,True,179.83488665130423,188.65200050601564,8.817113854711408,True,0
1269,2011-01-18,188.66,185.331773254665,-3.3282267453350016,3.3282267453350016,3.7314549404957873,5.085658914215628,0.0320000000000003,0.04700000000000014,True,True,181.60031831416921,190.41743216888062,8.817113854711408,True,0
1270,2011-01-19,190.9,188.42181879272601,-2.478181207273991,2.478181207273991,3.7314549404957873,5.085658914215628,0.0322500000000003,0.04725000000000014,True,True,184.69036385223023,193.50747770694164,8.817113854711408,True,0
1271,2011-01-20,185.29,190.6961786391669,5.40617863916691,-5.40617863916691,3.723202368245424,5.039359938571721,0.0325000000000003,0.04750000000000014,False,True,186.9729762709215,195.73553857773862,8.76256230681713,False,1
1272,2011-01-21,183.0,185.39682552496717,2.39682552496717,-2.39682552496717,3.8973379157316685,5.039359938571721,0.0277500000000003,0.04775000000000014,True,True,181.4994876092355,190.4361854635389,8.93669785430339,True,0
1273,2011-01-24,177.95,183.0223320230081,5.0723320230081015,-5.0723320230081015,3.8973379157316685,5.028411261116844,0.0280000000000003,0.04800000000000014,False,True,179.12499410727642,188.05074328412493,8.925749176848512,False,1
1274,2011-01-25,175.5,178.04664350450872,2.5466435045087223,-2.5466435045087223,4.400581239885014,5.028411261116844,0.023250000000000298,0.04825000000000014,True,True,173.6460622646237,183.07505476562557,9.428992501001858,True,0
1275,2011-01-26,177.51,175.5062135477102,-2.003786452289802,2.003786452289802,4.400581239885014,5.028411261116844,0.0235000000000003,0.04850000000000014,True,True,171.10563230782518,180.53462480882703,9.428992501001858,True,0
1276,2011-01-27,177.48,177.32839705330355,-0.1516029466964426,0.1516029466964426,4.384435860056229,4.956444820395632,0.0237500000000003,0.04875000000000014,True,True,172.94396119324733,182.28484187369918,9.340880680451846,True,0
1277,2011-01-28,171.45,177.35157956559743,5.901579565597444,-5.901579565597444,4.384435860056229,4.956444820395632,0.0240000000000003,0.04900000000000014,False,True,172.96714370554122,182.30802438599306,9.340880680451846,False,1
1278,2011-01-31,170.16,171.56144306804956,1.4014430680495593,-1.4014430680495593,4.747800207663346,4.956444820395632,0.019250000000000298,0.04925000000000014,True,True,166.8136428603862,176.5178878884452,9.704245028058978,True,0
1279,2011-02-01,170.52,170.1239142710871,-0.39608572891290805,0.39608572891290805,4.747800207663346,4.944946333592554,0.0195000000000003,0.04950000000000014,True,True,165.37611406342376,175.06886060467966,9.6927465412559,True,0
1280,2011-02-02,171.42,170.3896955330099,-1.0303044669900885,1.0303044669900885,4.737598771371339,4.944946333592554,0.0197500000000003,0.04975000000000014,True,True,165.65209676163857,175.33464186660245,9.682545104963879,True,0
1281,2011-02-03,173.5,171.25823634890622,-2.241763651093777,2.241763651093777,4.737598771371339,4.913949003294476,0.0200000000000003,0.05000000000000014,True,True,166.5206375775349,176.1721853522007,9.6515477746658,True,0
1282,2011-02-04,174.0,173.28960466108578,-0.7103953389142248,0.7103953389142248,4.737598771371339,4.913949003294476,0.0202500000000003,0.05025000000000014,True,True,168.55200588971445,178.20355366438025,9.6515477746658,True,0
1283,2011-02-07,176.15,173.8448256203584,-2.3051743796416133,2.3051743796416133,4.692270027240724,4.913949003294476,0.0205000000000003,0.05050000000000014,True,True,169.15255559311765,178.75877462365287,9.606219030535215,True,0
1284,2011-02-08,176.66,175.94214458047108,-0.7178554195289166,0.7178554195289166,4.692270027240724,4.903928498957427,0.0207500000000003,0.05075000000000014,True,True,171.24987455323037,180.8460730794285,9.596198526198123,True,0
1285,2011-02-09,183.15,176.50676726725507,-6.643232732744934,6.643232732744934,4.692270027240724,4.903928498957427,0.0210000000000003,0.05100000000000014,True,False,171.81449724001436,181.41069576621248,9.596198526198123,False,1
1286,2011-02-10,184.39,182.77626334433583,-1.6137366556641553,1.6137366556641553,4.543449545106583,5.109854205838502,0.0212500000000003,0.046250000000000145,True,True,178.23281379922923,187.88611755017433,9.6533037509451,True,0
1287,2011-02-11,185.56,184.19075552921765,-1.3692444707823483,1.3692444707823483,4.543449545106583,5.109854205838502,0.0215000000000003,0.046500000000000145,True,True,179.64730598411109,189.30060973505616,9.65330375094507,True,0
1288,2011-02-14,189.25,185.39857689857405,-3.851423101425951,3.851423101425951,4.543449545106583,5.085658914215628,0.0217500000000003,0.046750000000000146,True,True,180.85512735346748,190.48423581278968,9.629108459322197,True,0
1289,2011-02-15,188.73,188.99565511822343,0.26565511822343524,-0.26565511822343524,4.483608339694882,5.085658914215628,0.0220000000000003,0.047000000000000146,True,True,184.51204677852854,194.08131403243905,9.56926725391051,True,0
1290,2011-02-16,189.77,188.62483280153242,-1.1451671984675897,1.1451671984675897,4.483608339694882,5.085658914215628,0.0222500000000003,0.047250000000000146,True,True,184.14122446183754,193.71049171574805,9.56926725391051,True,0
1291,2011-02-17,185.77,189.63043732806085,3.86043732806084,-3.86043732806084,4.454095901180565,5.039359938571721,0.0225000000000003,0.047500000000000146,True,True,185.1763414268803,194.66979726663257,9.493455839752272,True,0
1292,2011-02-18,187.54,185.80953655464154,-1.7304634453584526,1.7304634453584526,4.454095901180565,5.039359938571721,0.0227500000000003,0.047750000000000146,True,True,181.35544065346096,190.84889649321326,9.4934558397523,True,0
1293,2011-02-22,183.68,187.3867631442644,3.706763144264386,-3.706763144264386,4.454095901180565,5.028411261116844,0.0230000000000003,0.04800000000000015,True,True,182.9326672430838,192.41517440538124,9.482507162297424,True,0
1294,2011-02-23,180.25,183.70829844104662,3.4582984410466224,-3.4582984410466224,4.400581239885014,5.028411261116844,0.0232500000000003,0.04825000000000015,True,True,179.3077172011616,188.73670970216347,9.428992501001858,True,0
1295,2011-02-24,176.86,180.28508834116224,3.4250883411622226,-3.4250883411622226,4.400581239885014,5.028411261116844,0.023500000000000302,0.04850000000000015,True,True,175.88450710127722,185.31349960227908,9.428992501001858,True,0
1296,2011-02-25,178.95,176.8846962092573,-2.065303790742689,2.065303790742689,4.400581239885014,4.956444820395632,0.023750000000000302,0.04875000000000015,True,True,172.48411496937229,181.84114102965293,9.357026060280646,True,0
1297,2011-02-28,173.91,178.76719035939652,4.857190359396526,-4.857190359396526,4.384435860056229,4.956444820395632,0.024000000000000302,0.04900000000000015,False,True,174.3827544993403,183.72363517979215,9.340880680451846,False,1
1298,2011-03-01,173.53,173.96970921267774,0.4397092126777409,-0.4397092126777409,4.831146649804751,4.956444820395632,0.0192500000000003,0.04925000000000015,True,True,169.138562562873,178.92615403307337,9.787591470200368,True,0
1299,2011-03-02,169.09,173.4437814229881,4.353781422988106,-4.353781422988106,4.747800207663346,4.944946333592554,0.019500000000000302,0.04950000000000015,True,True,168.69598121532476,178.38872775658066,9.6927465412559,True,0
1300,2011-03-03,173.71,169.13366483136264,-4.576335168637371,4.576335168637371,4.747800207663346,4.944946333592554,0.019750000000000302,0.04975000000000015,True,True,164.3858646236993,174.0786111649552,9.6927465412559,True,0
1301,2011-03-04,172.62,173.42007892482144,0.8000789248214346,-0.8000789248214346,4.737598771371339,4.913949003294476,0.020000000000000302,0.05000000000000015,True,True,168.68248015345011,178.33402792811592,9.6515477746658,True,0
1302,2011-03-07,171.92,172.51842626215247,0.5984262621524863,-0.5984262621524863,4.737598771371339,4.913949003294476,0.020250000000000302,0.05025000000000015,True,True,167.78082749078112,177.43237526544695,9.65154777466583,True,0
1303,2011-03-08,169.39,171.8261452905011,2.4361452905011163,-2.4361452905011163,4.737598771371339,4.913949003294476,0.020500000000000303,0.05050000000000015,True,True,167.08854651912975,176.74009429379558,9.65154777466583,True,0
1304,2011-03-09,166.67,169.36419073041301,2.694190730413027,-2.694190730413027,4.692270027240724,4.903928498957427,0.020750000000000303,0.05075000000000015,True,True,164.6719207031723,174.26811922937043,9.596198526198123,True,0
1305,2011-03-10,167.07,166.656662374438,-0.4133376255619794,0.4133376255619794,4.692270027240724,4.903928498957427,0.021000000000000303,0.05100000000000015,True,True,161.9643923471973,171.56059087339543,9.596198526198123,True,0
1306,2011-03-11,165.5,166.93669193491013,1.4366919349101295,-1.4366919349101295,4.692270027240724,4.903928498957427,0.021250000000000303,0.05125000000000015,True,True,162.2444219076694,171.84062043386757,9.59619852619818,True,0
1307,2011-03-14,166.6,165.43067882100001,-1.1693211789999793,1.1693211789999793,4.543449545106583,4.851859135765238,0.021500000000000304,0.05150000000000015,True,True,160.88722927589345,170.28253795676525,9.395308680871807,True,0
1308,2011-03-15,161.39,166.43423776028857,5.044237760288581,-5.044237760288581,4.543449545106583,4.851859135765238,0.021750000000000304,0.05175000000000015,False,True,161.890788215182,171.2860968960538,9.395308680871807,False,1
1309,2011-03-16,164.7,161.45810640492428,-3.241893595075709,3.241893595075709,4.889122137728307,4.795601335615686,0.017000000000000303,0.05200000000000015,True,True,156.56898426719596,166.25370774053997,9.684723473344008,True,0
1310,2011-03-17,165.91,164.45604880075052,-1.4539511992494738,1.4539511992494738,4.889122137728307,4.795601335615686,0.017250000000000303,0.05225000000000015,True,True,159.56692666302223,169.2516501363662,9.684723473343979,True,0
1311,2011-03-18,161.19,165.7202934865308,4.530293486530809,-4.530293486530809,4.889122137728307,4.795601335615686,0.017500000000000304,0.05250000000000015,True,True,160.8311713488025,170.5158948221465,9.684723473343979,True,0
1312,2011-03-21,163.37,161.24120977757812,-2.128790222421884,2.128790222421884,4.877264473092055,4.790864037316226,0.017750000000000304,0.05275000000000015,True,True,156.36394530448607,166.03207381489435,9.66812851040828,True,0
1313,2011-03-22,164.07,163.17217874445626,-0.8978212555437324,0.8978212555437324,4.877264473092055,4.790864037316226,0.018000000000000304,0.05300000000000015,True,True,158.2949142713642,167.9630427817725,9.66812851040828,True,0
1314,2011-03-23,162.3,163.90342823965912,1.6034282396591095,-1.6034282396591095,4.877264473092055,4.790864037316226,0.018250000000000304,0.05325000000000015,True,True,159.02616376656707,168.69429227697535,9.66812851040828,True,0
1315,2011-03-24,168.21,162.2385845207297,-5.97141547927032,5.97141547927032,4.857190359396526,4.772458354725728,0.018500000000000304,0.05350000000000015,True,False,157.38139416133316,167.01104287545542,9.629648714122254,False,1
1316,2011-03-25,171.64,167.84595907256949,-3.794040927430501,3.794040927430501,4.857190359396526,4.956444820395632,0.018750000000000305,0.048750000000000154,True,True,162.98876871317296,172.80240389296512,9.813635179792158,True,0
1317,2011-03-28,171.8,171.34704518846942,-0.4529548115305886,0.4529548115305886,4.831146649804751,4.956444820395632,0.019000000000000305,0.049000000000000155,True,True,166.51589853866466,176.30349000886505,9.787591470200397,True,0
1318,2011-03-29,170.73,171.65129780579824,0.9212978057982468,-0.9212978057982468,4.831146649804751,4.956444820395632,0.019250000000000305,0.049250000000000155,True,True,166.82015115599347,176.60774262619387,9.787591470200397,True,0
1319,2011-03-30,177.78,170.64443832696682,-7.13556167303318,7.13556167303318,4.831146649804751,4.944946333592554,0.019500000000000305,0.049500000000000155,True,False,165.81329167716206,175.58938466055938,9.77609298339732,False,1
1320,2011-03-31,179.31,177.37287589438048,-1.9371241056195174,1.9371241056195174,4.747800207663346,5.26363727038553,0.019750000000000306,0.04475000000000016,True,True,172.62507568671714,182.63651316476603,10.01143747804889,True,0
1321,2011-04-01,181.58,179.09290710121442,-2.4870928987855905,2.4870928987855905,4.747800207663346,5.26363727038553,0.020000000000000306,0.04500000000000016,True,True,174.34510689355108,184.35654437159997,10.01143747804889,True,0
1322,2011-04-04,180.89,181.36208843266544,0.4720884326654584,-0.4720884326654584,4.747800207663346,5.26363727038553,0.020250000000000306,0.04525000000000016,True,True,176.6142882250021,186.625725703051,10.01143747804889,True,0
1323,2011-04-05,182.1,180.78650057473715,-1.3134994252628474,1.3134994252628474,4.737598771371339,5.146377664241015,0.020500000000000306,0.04550000000000016,True,True,176.04890180336582,185.93287823897816,9.88397643561234,True,0
1324,2011-04-06,186.15,181.93423741091945,-4.215762589080555,4.215762589080555,4.737598771371339,5.146377664241015,0.020750000000000306,0.04575000000000016,True,True,177.1966386395481,187.08061507516047,9.883976435612368,True,0
1325,2011-04-07,182.78,185.86590482024445,3.0859048202444512,-3.0859048202444512,4.737598771371339,5.146377664241015,0.021000000000000307,0.04600000000000016,True,True,181.12830604887313,191.01228248448547,9.88397643561234,True,0
1326,2011-04-08,185.26,182.77640204481608,-2.4835979551839102,2.4835979551839102,4.692270027240724,5.109854205838502,0.021250000000000307,0.04625000000000016,True,True,178.08413201757537,187.88625625065458,9.802124233079212,True,0
1327,2011-04-11,184.86,185.05605310367656,0.19605310367654738,-0.19605310367654738,4.692270027240724,5.109854205838502,0.021500000000000307,0.04650000000000016,True,True,180.36378307643582,190.16590730951506,9.80212423307924,True,0
1328,2011-04-12,183.06,184.74794991724062,1.6879499172406156,-1.6879499172406156,4.692270027240724,5.085658914215628,0.021750000000000307,0.04675000000000016,True,True,180.0556798899999,189.83360883145625,9.777928941456338,True,0
1329,2011-04-13,180.83,183.01379311748641,2.1837931174864025,-2.1837931174864025,4.543449545106583,5.085658914215628,0.022000000000000308,0.04700000000000016,True,True,178.47034357237982,188.09945203170204,9.629108459322225,True,0
1330,2011-04-14,181.39,180.80409432904796,-0.5859056709520303,0.5859056709520303,4.543449545106583,5.085658914215628,0.022250000000000308,0.04725000000000016,True,True,176.26064478394136,185.88975324326358,9.629108459322225,True,0
1331,2011-04-15,181.0,181.25516952750104,0.25516952750103883,-0.25516952750103883,4.543449545106583,5.039359938571721,0.022500000000000308,0.04750000000000016,True,True,176.71171998239447,186.29452946607276,9.58280948367829,True,0
1332,2011-04-18,178.38,180.89136971459703,2.5113697145970377,-2.5113697145970377,4.530293486530809,5.039359938571721,0.022750000000000308,0.04775000000000016,True,True,176.36107622806622,185.93072965316875,9.56965342510253,True,0
1333,2011-04-19,178.35,178.36176691943476,0.011766919434762713,-0.011766919434762713,4.530293486530809,5.039359938571721,0.02300000000000031,0.04800000000000016,True,True,173.83147343290395,183.40112685800648,9.56965342510253,True,0
1334,2011-04-20,181.62,178.23789944336195,-3.3821005566380506,3.3821005566380506,4.530293486530809,5.028411261116844,0.02325000000000031,0.04825000000000016,True,True,173.70760595683115,183.2663107044788,9.558704747647653,True,0
1335,2011-04-21,184.56,181.3662695970614,-3.1937304029385984,3.1937304029385984,4.483608339694882,5.028411261116844,0.02350000000000031,0.04850000000000016,True,True,176.88266125736652,186.39468085817825,9.512019600811726,True,0
1336,2011-04-25,185.65,184.3078775485294,-1.3421224514706012,1.3421224514706012,4.483608339694882,4.956444820395632,0.02375000000000031,0.04875000000000016,True,True,179.82426920883452,189.26432236892504,9.440053160090514,True,0
1337,2011-04-26,186.27,185.47532028767014,-0.7946797123298666,0.7946797123298666,4.454095901180565,4.956444820395632,0.02400000000000031,0.04900000000000016,True,True,181.02122438648956,190.43176510806578,9.410540721576211,True,0
1338,2011-04-27,183.2,186.1227796433801,2.9227796433801245,-2.9227796433801245,4.454095901180565,4.956444820395632,0.02425000000000031,0.04925000000000016,True,True,181.66868374219956,191.07922446377574,9.410540721576183,True,0
1339,2011-04-28,195.96,183.19763074592157,-12.762369254078436,12.762369254078436,4.454095901180565,4.944946333592554,0.02450000000000031,0.04950000000000016,True,False,178.74353484474102,188.14257707951413,9.399042234773106,False,1
1340,2011-04-29,194.38,195.32924180728224,0.9492418072822488,-0.9492418072822488,4.400581239885014,5.59665441533582,0.02475000000000031,0.044750000000000165,True,True,190.92866056739723,200.92589622261806,9.997235655220834,True,0
1341,2011-05-02,196.57,194.28042323912908,-2.289576760870915,2.289576760870915,4.400581239885014,5.26363727038553,0.02500000000000031,0.045000000000000165,True,True,189.87984199924406,199.54406050951462,9.664218510270558,True,0
1342,2011-05-03,201.0,196.37870105970495,-4.621298940295048,4.621298940295048,4.400581239885014,5.26363727038553,0.02525000000000031,0.045250000000000165,True,True,191.97811981981994,201.64233833009047,9.66421851027053,True,0
1343,2011-05-04,198.25,200.70823844843645,2.458238448436447,-2.458238448436447,4.384435860056229,5.146377664241015,0.02550000000000031,0.045500000000000165,True,True,196.3238025883802,205.85461611267746,9.530813524297258,True,0
1344,2011-05-05,198.66,198.2411578570251,-0.41884214297490985,0.41884214297490985,4.384435860056229,5.146377664241015,0.02575000000000031,0.045750000000000166,True,True,193.85672199696887,203.3875355212661,9.53081352429723,True,0
1345,2011-05-06,199.1,198.5497371136458,-0.5502628863542043,0.5502628863542043,4.384435860056229,5.146377664241015,0.02600000000000031,0.046000000000000166,True,True,194.16530125358958,203.6961147778868,9.53081352429723,True,0
1346,2011-05-09,198.34,198.9768763023788,0.6368763023787949,-0.6368763023787949,4.353781422988106,5.109854205838502,0.02625000000000031,0.046250000000000166,True,True,194.6230948793907,204.0867305082173,9.463635628826609,True,0
1347,2011-05-10,201.94,198.26481023114138,-3.6751897688586155,3.6751897688586155,4.353781422988106,5.109854205838502,0.02650000000000031,0.046500000000000166,True,True,193.91102880815328,203.37466443697988,9.463635628826609,True,0
1348,2011-05-11,203.12,201.69367448169336,-1.4263255183066406,1.4263255183066406,4.302029447972899,5.109854205838502,0.02675000000000031,0.046750000000000166,True,True,197.39164503372047,206.80352868753187,9.411883653811401,True,0
1349,2011-05-12,204.22,202.95936990332612,-1.2606300966738786,1.2606300966738786,4.302029447972899,5.085658914215628,0.027000000000000312,0.04700000000000017,True,True,198.65734045535322,208.04502881754175,9.387688362188527,True,0
1350,2011-05-13,205.7,204.07402211723974,-1.6259778827602531,1.6259778827602531,4.302029447972899,5.085658914215628,0.027250000000000312,0.04725000000000017,True,True,199.77199266926684,209.15968103145536,9.387688362188527,True,0
1351,2011-05-16,200.54,205.54096251590053,5.0009625159005395,-5.0009625159005395,4.2025520503630105,5.039359938571721,0.027500000000000312,0.04750000000000017,False,True,201.33841046553752,210.58032245447225,9.241911988934731,False,1
1352,2011-05-17,191.82,200.6420914990088,8.82209149900882,-8.82209149900882,4.543449545106583,5.039359938571721,0.02275000000000031,0.04775000000000017,False,True,196.09864195390224,205.68145143758053,9.58280948367829,False,1
1353,2011-05-18,194.13,192.06756337769767,-2.0624366223023287,2.0624366223023287,4.889122137728307,5.039359938571721,0.01800000000000031,0.04800000000000017,True,True,187.17844123996935,197.1069233162694,9.928482076300043,True,0
1354,2011-05-19,198.33,193.9596870041364,-4.3703129958636,4.3703129958636,4.889122137728307,5.028411261116844,0.01825000000000031,0.04825000000000017,True,True,189.07056486640812,198.98809826525326,9.917533398845137,True,0
1355,2011-05-20,197.95,198.038928780978,0.08892878097802281,-0.08892878097802281,4.877264473092055,5.028411261116844,0.01850000000000031,0.04850000000000017,True,True,193.16166430788596,203.06734004209486,9.905675734208899,True,0
1356,2011-05-23,195.56,197.83602796090454,2.2760279609045426,-2.2760279609045426,4.877264473092055,4.956444820395632,0.01875000000000031,0.04875000000000017,True,True,192.9587634878125,202.79247278130018,9.833709293487686,True,0
1357,2011-05-24,197.0,195.54717272094123,-1.4528272790587664,1.4528272790587664,4.877264473092055,4.956444820395632,0.019000000000000312,0.04900000000000017,True,True,190.66990824784918,200.50361754133687,9.833709293487686,True,0
1358,2011-05-25,193.57,196.84476284435246,3.274762844352466,-3.274762844352466,4.857190359396526,4.956444820395632,0.019250000000000312,0.04925000000000017,True,True,191.98757248495593,201.8012076647481,9.813635179792158,True,0
1359,2011-05-26,191.24,193.5871762491954,2.3471762491953996,-2.3471762491953996,4.857190359396526,4.944946333592554,0.019500000000000312,0.04950000000000017,True,True,188.72998588979888,198.53212258278796,9.80213669298908,True,0
1360,2011-05-27,194.76,191.23451224545565,-3.5254877545443435,3.5254877545443435,4.857190359396526,4.944946333592554,0.019750000000000312,0.04975000000000017,True,True,186.37732188605912,196.1794585790482,9.80213669298908,True,0
1361,2011-05-31,195.94,194.51586489398392,-1.424135106016081,1.424135106016081,4.831146649804751,4.913949003294476,0.020000000000000313,0.05000000000000017,True,True,189.68471824417918,199.4298138972784,9.745095653099213,True,0
1362,2011-06-01,196.06,195.7608321768334,-0.29916782316661283,0.29916782316661283,4.831146649804751,4.913949003294476,0.020250000000000313,0.05025000000000017,True,True,190.92968552702865,200.67478118012787,9.745095653099213,True,0
1363,2011-06-02,192.28,195.9372024622399,3.657202462239894,-3.657202462239894,4.831146649804751,4.913949003294476,0.020500000000000313,0.05050000000000017,True,True,191.10605581243516,200.85115146553437,9.745095653099213,True,0
1364,2011-06-03,191.23,192.31532219374157,1.0853221937415753,-1.0853221937415753,4.747800207663346,4.903928498957427,0.020750000000000313,0.05075000000000017,True,True,187.56752198607822,197.219250692699,9.651728706620787,True,0
1365,2011-06-06,188.66,191.17604268741317,2.516042687413176,-2.516042687413176,4.747800207663346,4.903928498957427,0.021000000000000314,0.05100000000000017,True,True,186.42824247974983,196.07997118637059,9.651728706620759,True,0
1366,2011-06-07,185.72,188.6489253720846,2.928925372084592,-2.928925372084592,4.737598771371339,4.903928498957427,0.021250000000000314,0.05125000000000017,True,True,183.91132660071327,193.55285387104203,9.641527270328766,True,0
1367,2011-06-08,187.45,185.72817366848966,-1.7218263315103286,1.7218263315103286,4.737598771371339,4.851859135765238,0.021500000000000314,0.05150000000000017,True,True,180.99057489711834,190.5800328042549,9.589457907136563,True,0
1368,2011-06-09,189.74,187.27501719722034,-2.464982802779673,2.464982802779673,4.737598771371339,4.851859135765238,0.021750000000000314,0.05175000000000017,True,True,182.537418425849,192.12687633298557,9.589457907136563,True,0
1369,2011-06-10,189.25,189.51875990954755,0.2687599095475548,-0.2687599095475548,4.692270027240724,4.795601335615686,0.022000000000000314,0.05200000000000017,True,True,184.82648988230682,194.31436124516324,9.487871362856424,True,0
1370,2011-06-13,186.81,189.13751834812896,2.3275183481289616,-2.3275183481289616,4.692270027240724,4.795601335615686,0.022250000000000315,0.05225000000000017,True,True,184.44524832088825,193.93311968374465,9.487871362856396,True,0
1371,2011-06-14,188.99,186.788695826604,-2.201304173396011,2.201304173396011,4.692270027240724,4.795601335615686,0.022500000000000315,0.05250000000000017,True,True,182.09642579936326,191.58429716221968,9.487871362856424,True,0
1372,2011-06-15,188.04,188.79579232730214,0.7557923273021458,-0.7557923273021458,4.543449545106583,4.790864037316226,0.022750000000000315,0.05275000000000017,True,True,184.25234278219557,193.58665636461836,9.334313582422794,True,0
1373,2011-06-16,185.74,187.94534320576435,2.2053432057643363,-2.2053432057643363,4.543449545106583,4.790864037316226,0.023000000000000315,0.05300000000000017,True,True,183.40189366065778,192.73620724308057,9.334313582422794,True,0
1374,2011-06-17,186.51,185.71515432822176,-0.7948456717782335,0.7948456717782335,4.543449545106583,4.772458354725728,0.023250000000000316,0.05325000000000017,True,True,181.17170478311516,190.48761268294749,9.315907899832325,True,0
1375,2011-06-20,185.96,186.3703047898115,0.4103047898115051,-0.4103047898115051,4.530293486530809,4.772458354725728,0.023500000000000316,0.05350000000000017,True,True,181.8400113032807,191.14276314453724,9.302751841256537,True,0
1376,2011-06-21,188.3,185.85554969439792,-2.444450305602089,2.444450305602089,4.530293486530809,4.772458354725728,0.023750000000000316,0.05375000000000017,True,True,181.3252562078671,190.62800804912365,9.302751841256537,True,0
1377,2011-06-22,193.96,188.08744905601418,-5.8725509439858286,5.8725509439858286,4.483608339694882,4.727720909330571,0.024000000000000316,0.05400000000000017,True,False,183.6038407163193,192.81516996534475,9.211329249025454,False,1
1378,2011-06-23,189.5,193.599397974816,4.099397974815986,-4.099397974815986,4.483608339694882,4.956444820395632,0.024250000000000316,0.049250000000000176,True,True,189.1157896351211,198.55584279521162,9.440053160090514,True,0
1379,2011-06-24,193.88,189.52522816868267,-4.354771831317322,4.354771831317322,4.483608339694882,4.944946333592554,0.024500000000000317,0.049500000000000176,True,True,185.0416198289878,194.47017450227523,9.428554673287437,True,0
1380,2011-06-27,194.5,193.60652542376948,-0.893474576230517,0.893474576230517,4.454095901180565,4.944946333592554,0.024750000000000317,0.049750000000000176,True,True,189.15242952258893,198.55147175736204,9.399042234773106,True,0
1381,2011-06-28,201.92,194.33359187384005,-7.586408126159938,7.586408126159938,4.454095901180565,4.913949003294476,0.025000000000000317,0.050000000000000176,True,False,189.87949597265947,199.24754087713453,9.368044904475056,False,1
1382,2011-06-29,202.67,201.49919006757892,-1.170809932421065,1.170809932421065,4.454095901180565,5.26363727038553,0.025250000000000317,0.04525000000000018,True,True,197.04509416639837,206.76282733796444,9.717733171566067,True,0
1383,2011-06-30,200.78,202.4941053024413,1.714105302441311,-1.714105302441311,4.400581239885014,5.26363727038553,0.025500000000000318,0.04550000000000018,True,True,198.0935240625563,207.75774257282683,9.66421851027053,True,0
1384,2011-07-01,205.55,200.74250646472836,-4.807493535271647,4.807493535271647,4.400581239885014,5.146377664241015,0.025750000000000318,0.04575000000000018,True,True,196.34192522484335,205.88888412896938,9.54695890412603,True,0
1385,2011-07-05,208.76,205.2578380337531,-3.502161966246888,3.502161966246888,4.400581239885014,5.146377664241015,0.026000000000000318,0.04600000000000018,True,True,200.8572567938681,210.40421569799412,9.54695890412603,True,0
1386,2011-07-06,212.12,208.5024251019332,-3.617574898066806,3.617574898066806,4.384435860056229,5.109854205838502,0.026250000000000318,0.04625000000000018,True,True,204.11798924187696,213.6122793077717,9.494290065894745,True,0
1387,2011-07-07,215.09,211.87127614116224,-3.2187238588377625,3.2187238588377625,4.384435860056229,5.109854205838502,0.02650000000000032,0.04650000000000018,True,True,207.48684028110603,216.98113034700074,9.494290065894717,True,0
1388,2011-07-08,214.3,214.8622985084626,0.5622985084625896,-0.5622985084625896,4.353781422988106,5.109854205838502,0.02675000000000032,0.04675000000000018,True,True,210.5085170854745,219.9721527143011,9.463635628826609,True,0
1389,2011-07-11,216.74,214.22511646122737,-2.5148835387726365,2.5148835387726365,4.353781422988106,5.085658914215628,0.02700000000000032,0.04700000000000018,True,True,209.87133503823927,219.310775375443,9.439440337203735,True,0
1390,2011-07-12,214.64,216.55634879324018,1.9163487932401893,-1.9163487932401893,4.353781422988106,5.085658914215628,0.02725000000000032,0.04725000000000018,True,True,212.20256737025207,221.6420077074558,9.439440337203735,True,0
1391,2011-07-13,214.7,214.62080350690465,-0.07919649309533838,0.07919649309533838,4.302029447972899,5.039359938571721,0.02750000000000032,0.04750000000000018,True,True,210.31877405893175,219.66016344547637,9.34138938654462,True,0
1392,2011-07-14,213.58,214.61478248204685,1.034782482046836,-1.034782482046836,4.302029447972899,5.039359938571721,0.02775000000000032,0.04775000000000018,True,True,210.31275303407395,219.65414242061857,9.34138938654462,True,0
1393,2011-07-15,213.08,213.53010456634854,0.4501045663485286,-0.4501045663485286,4.302029447972899,5.039359938571721,0.02800000000000032,0.04800000000000018,True,True,209.22807511837564,218.56946450492026,9.34138938654462,True,0
1394,2011-07-18,212.53,213.0094266754542,0.47942667545419226,-0.47942667545419226,4.2025520503630105,5.028411261116844,0.02825000000000032,0.04825000000000018,True,True,208.80687462509118,218.03783793657104,9.230963311479854,True,0
1395,2011-07-19,213.77,212.4574028178198,-1.3125971821802125,1.3125971821802125,4.2025520503630105,5.028411261116844,0.02850000000000032,0.04850000000000018,True,True,208.2548507674568,217.48581407893664,9.230963311479854,True,0
1396,2011-07-20,220.05,213.62688888944163,-6.423111110558381,6.423111110558381,4.128248268300425,4.956444820395632,0.02875000000000032,0.04875000000000018,True,False,209.4986406211412,218.58333370983726,9.08469308869607,False,1
1397,2011-07-21,216.74,219.70197614208783,2.9619761420878206,-2.9619761420878206,4.128248268300425,5.661814998372577,0.02900000000000032,0.044000000000000185,True,True,215.5737278737874,225.36379114046042,9.79006326667303,True,0
1398,2011-07-22,213.86,216.75244205939126,2.892442059391243,-2.892442059391243,4.128248268300425,5.661814998372577,0.02925000000000032,0.044250000000000185,True,True,212.62419379109082,222.41425705776385,9.79006326667303,True,0
1399,2011-07-25,215.49,213.89616331969577,-1.5938366803042356,1.5938366803042356,4.099397974815986,5.59665441533582,0.02950000000000032,0.044500000000000185,True,True,209.7967653448798,219.4928177350316,9.696052390151806,True,0
1400,2011-07-26,214.99,215.3448642182534,0.35486421825339676,-0.35486421825339676,4.099397974815986,5.59665441533582,0.02975000000000032,0.044750000000000185,True,True,211.24546624343742,220.94151863358923,9.696052390151806,True,0
1401,2011-07-27,224.39,214.90701469113256,-9.482985308867427,9.482985308867427,4.060829306802077,5.26363727038553,0.03000000000000032,0.045000000000000186,True,False,210.84618538433048,220.1706519615181,9.324466577187621,False,1
1402,2011-07-28,223.27,223.92307749948702,0.6530774994870114,-0.6530774994870114,4.060829306802077,5.9647052015063835,0.030250000000000322,0.04025000000000019,True,True,219.86224819268494,229.8877827009934,10.025534508308453,True,0
1403,2011-07-29,221.29,223.18696708684442,1.8969670868444268,-1.8969670868444268,4.060829306802077,5.9647052015063835,0.030500000000000322,0.04050000000000019,True,True,219.12613778004234,229.1516722883508,10.025534508308453,True,0
1404,2011-08-01,225.0,221.29106584913578,-3.7089341508642235,3.7089341508642235,3.997072011575071,5.914256353834034,0.030750000000000322,0.04075000000000019,True,True,217.29399383756072,227.2053222029698,9.911328365409076,True,0
1405,2011-08-02,220.32,224.77922087025286,4.459220870252864,-4.459220870252864,3.997072011575071,5.914256353834034,0.031000000000000322,0.04100000000000019,False,True,220.78214885867777,230.6934772240869,9.911328365409133,False,1
1406,2011-08-03,209.48,220.40408695002725,10.92408695002726,-10.92408695002726,4.400581239885014,5.914256353834034,0.02625000000000032,0.04125000000000019,False,True,216.00350571014224,226.3183433038613,10.314837593719062,False,1
1407,2011-08-04,206.73,209.82519509193028,3.095195091930293,-3.095195091930293,4.737598771371339,5.885281025402918,0.02150000000000032,0.04150000000000019,True,True,205.08759632055893,215.7104761173332,10.62287979677427,True,0
1408,2011-08-05,204.67,206.78511475348068,2.1151147534806967,-2.1151147534806967,4.737598771371339,5.885281025402918,0.02175000000000032,0.04175000000000019,True,True,202.04751598210936,212.6703957788836,10.622879796774242,True,0
1409,2011-08-08,196.4,204.65200881534489,8.25200881534488,-8.25200881534488,4.737598771371339,5.8725509439858286,0.02200000000000032,0.04200000000000019,False,True,199.91441004397353,210.5245597593307,10.610149715357181,False,1
1410,2011-08-09,196.7,196.60425114541547,-0.09574885458451377,0.09574885458451377,5.011847665536521,5.8725509439858286,0.01725000000000032,0.04225000000000019,True,True,191.59240347987895,202.4768020894013,10.88439860952235,True,0
1411,2011-08-10,200.76,196.60413234028928,-4.155867659710708,4.155867659710708,5.011847665536521,5.8725509439858286,0.01750000000000032,0.04250000000000019,True,True,191.59228467475276,202.4766832842751,10.88439860952235,True,0
1412,2011-08-11,197.01,200.48152523239995,3.471525232399955,-3.471525232399955,5.0009625159005395,5.7858225314715455,0.01775000000000032,0.04275000000000019,True,True,195.4805627164994,206.2673477638715,10.786785047372092,True,0
1413,2011-08-12,200.28,197.01513091355582,-3.264869086444179,3.264869086444179,5.0009625159005395,5.7858225314715455,0.01800000000000032,0.04300000000000019,True,True,192.01416839765528,202.80095344502737,10.786785047372092,True,0
1414,2011-08-15,202.06,200.05077073917596,-2.0092292608240427,2.0092292608240427,5.0009625159005395,5.664016231169953,0.01825000000000032,0.04325000000000019,True,True,195.04980822327542,205.71478697034593,10.664978747070506,True,0
1415,2011-08-16,201.14,201.8564154191896,0.7164154191896159,-0.7164154191896159,4.889122137728307,5.664016231169953,0.018500000000000322,0.04350000000000019,True,True,196.9672932814613,207.52043165035957,10.55313836889826,True,0
1416,2011-08-17,198.53,201.05003267293722,2.5200326729372193,-2.5200326729372193,4.889122137728307,5.664016231169953,0.018750000000000322,0.04375000000000019,True,True,196.16091053520893,206.7140489041072,10.55313836889826,True,0
1417,2011-08-18,191.21,198.5176359269727,7.307635926972694,-7.307635926972694,4.889122137728307,5.661814998372577,0.019000000000000322,0.04400000000000019,False,True,193.62851378924438,204.1794509253453,10.550937136100913,False,1
1418,2011-08-19,180.29,191.37808554156706,11.088085541567068,-11.088085541567068,5.2671958537235355,5.661814998372577,0.014250000000000321,0.04425000000000019,False,True,186.11088968784352,197.03990053993965,10.929010852096127,False,1
1419,2011-08-22,182.83,180.58289744474337,-2.247102555256646,2.247102555256646,6.842809183738666,5.59665441533582,0.00950000000000032,0.04450000000000019,True,True,173.7400882610047,186.1795518600792,12.439463599074486,True,0
1420,2011-08-23,178.92,182.65594242338523,3.7359424233852394,-3.7359424233852394,6.842809183738666,5.59665441533582,0.009750000000000321,0.04475000000000019,True,True,175.81313323964656,188.25259683872105,12.439463599074486,True,0
1421,2011-08-24,193.89,178.9290338003211,-14.960966199678893,14.960966199678893,6.509623189394347,5.59665441533582,0.010000000000000321,0.04500000000000019,True,False,172.41941061092675,184.5256882156569,12.106277604730167,False,1
1422,2011-08-25,194.41,193.16618119430842,-1.2438188056915749,1.2438188056915749,6.509623189394347,5.9647052015063835,0.010250000000000321,0.040250000000000195,True,True,186.65655800491407,199.1308863958148,12.474328390900723,True,0
1423,2011-08-26,191.24,194.21791959771048,2.9779195977104678,-2.9779195977104678,6.509623189394347,5.9647052015063835,0.010500000000000322,0.040500000000000196,True,True,187.70829640831613,200.18262479921685,12.474328390900723,True,0
1424,2011-08-29,202.82,191.23358216054223,-11.586417839457766,11.586417839457766,6.300506514521345,5.9647052015063835,0.010750000000000322,0.040750000000000196,True,False,184.93307564602088,197.1982873620486,12.265211716027721,False,1
1425,2011-08-30,205.78,202.23954154007023,-3.5404584599297664,3.5404584599297664,6.300506514521345,6.423111110558381,0.011000000000000322,0.0360000000000002,True,True,195.9390350255489,208.66265265062862,12.723617625079726,True,0
1426,2011-08-31,212.27,205.4956437142102,-6.774356285789821,6.774356285789821,6.241705172505334,6.423111110558381,0.011250000000000322,0.0362500000000002,True,False,199.25393854170485,211.91875482476857,12.664816283063715,False,1
1427,2011-09-01,215.28,211.8952164988181,-3.3847835011819143,3.3847835011819143,6.241705172505334,7.1913533907224405,0.011500000000000322,0.0315000000000002,True,True,205.65351132631275,219.08656988954053,13.433058563227775,True,0
1428,2011-09-02,208.94,215.0382989947957,6.098298994795698,-6.098298994795698,6.241705172505334,7.13556167303318,0.011750000000000323,0.0317500000000002,True,True,208.79659382229036,222.17386066782888,13.377266845538514,True,0
1429,2011-09-06,204.77,209.05487787288132,4.28487787288131,-4.28487787288131,6.098298994795698,7.13556167303318,0.012000000000000323,0.0320000000000002,True,True,202.95657887808562,216.1904395459145,13.233860667828878,True,0
1430,2011-09-07,218.8,204.82667513171234,-13.973324868287676,13.973324868287676,6.098298994795698,7.075858099101708,0.012250000000000323,0.0322500000000002,True,False,198.72837613691664,211.90253323081404,13.174157093897406,False,1
1431,2011-09-08,218.3,218.14917775476547,-0.15082224523453647,0.15082224523453647,6.098298994795698,9.271350946718002,0.012500000000000323,0.0275000000000002,True,True,212.05087875996978,227.42052870148348,15.3696499415137,True,0
1432,2011-09-09,215.05,218.14027332832654,3.090273328326532,-3.090273328326532,5.901579565597444,9.271350946718002,0.012750000000000324,0.0277500000000002,True,True,212.2386937627291,227.41162427504455,15.172930512315446,True,0
1433,2011-09-12,208.75,215.0691587638574,6.319158763857388,-6.319158763857388,5.901579565597444,9.219771232147934,0.013000000000000324,0.028000000000000202,False,True,209.16757919825994,224.28892999600532,15.121350797745379,False,1
1434,2011-09-13,217.79,208.89094715698855,-8.899052843011447,8.899052843011447,7.59001311200177,9.219771232147934,0.008250000000000323,0.028250000000000202,True,True,201.30093404498678,218.11071838913648,16.809784344149705,True,0
1435,2011-09-14,220.22,217.3560250170972,-2.863974982902789,2.863974982902789,7.307635926972694,9.219771232147934,0.008500000000000323,0.028500000000000202,True,True,210.04838909012452,226.57579624924514,16.527407159120628,True,0
1436,2011-09-15,223.99,219.95799262255844,-4.032007377441573,4.032007377441573,7.307635926972694,8.899052843011447,0.008750000000000323,0.028750000000000202,True,True,212.65035669558574,228.85704546556988,16.20668876998414,True,0
1437,2011-09-16,227.57,223.7264205713081,-3.8435794286918963,3.8435794286918963,7.307635926972694,8.899052843011447,0.009000000000000324,0.029000000000000203,True,True,216.4187846443354,232.62547341431954,16.20668876998414,True,0
1438,2011-09-19,237.11,227.31212407644807,-9.797875923551942,9.797875923551942,6.842809183738666,8.855407630738071,0.009250000000000324,0.029250000000000203,True,False,220.4693148927094,236.16753170718613,15.698216814476723,False,1
1439,2011-09-20,240.8,236.63609365840784,-4.163906341592167,4.163906341592167,6.842809183738666,12.046558395810933,0.009500000000000324,0.024500000000000202,True,True,229.79328447466918,248.68265205421878,18.8893675795496,True,0
1440,2011-09-21,234.51,240.53614078971907,6.026140789719079,-6.026140789719079,6.509623189394347,12.046558395810933,0.009750000000000324,0.024750000000000202,True,True,234.02651760032472,252.58269918553,18.55618158520528,True,0
1441,2011-09-22,224.72,234.64250993934562,9.922509939345616,-9.922509939345616,6.509623189394347,11.586417839457766,0.010000000000000325,0.025000000000000203,False,True,228.13288674995127,246.22892777880338,18.096041028852113,False,1
1442,2011-09-23,220.51,225.0144501826642,4.504450182664215,-4.504450182664215,8.80797472763895,11.586417839457766,0.005250000000000325,0.025250000000000203,True,True,216.20647545502527,236.60086802212197,20.394392567096702,True,0
1443,2011-09-26,227.48,220.60942879793885,-6.870571202061143,6.870571202061143,8.80797472763895,11.586417839457766,0.005500000000000325,0.025500000000000203,True,True,211.80145407029988,232.1958466373966,20.39439256709673,True,0
1444,2011-09-27,234.22,227.14869940205088,-7.071300597949119,7.071300597949119,8.445680639693741,10.395946211211111,0.005750000000000325,0.025750000000000203,True,True,218.70301876235715,237.544645613262,18.841626850904845,True,0
1445,2011-09-28,226.35,233.82886455847145,7.478864558471457,-7.478864558471457,8.445680639693741,10.395946211211111,0.006000000000000325,0.026000000000000204,True,True,225.38318391877772,244.22481076968256,18.841626850904845,True,0
1446,2011-09-29,234.17,226.48352345275222,-7.686476547247764,7.686476547247764,8.25200881534488,10.395946211211111,0.006250000000000326,0.026250000000000204,True,True,218.23151463740734,236.87946966396333,18.64795502655599,True,0
1447,2011-09-30,218.19,233.83895152066182,15.648951520661825,-15.648951520661825,8.25200881534488,9.797875923551942,0.006500000000000326,0.026500000000000204,False,True,225.58694270531694,243.63682744421376,18.04988473889682,False,1
1448,2011-10-03,217.01,218.64979492767807,1.639794927678082,-1.639794927678082,11.088085541567068,9.797875923551942,0.001750000000000326,0.026750000000000204,True,True,207.561709386111,228.44767085123001,20.88596146511901,True,0
1449,2011-10-04,209.62,217.0303301305235,7.410330130523505,-7.410330130523505,11.088085541567068,9.482985308867427,0.002000000000000326,0.027000000000000204,True,True,205.94224458895644,226.51331543939094,20.571070850434495,True,0
1450,2011-10-05,212.53,209.78536589673809,-2.744634103261916,2.744634103261916,10.92408695002726,9.482985308867427,0.0022500000000003264,0.027250000000000205,True,True,198.86127894671083,219.2683512056055,20.407072258894686,True,0
1451,2011-10-06,220.28,212.32267813601823,-7.957321863981775,7.957321863981775,10.92408695002726,9.482985308867427,0.0025000000000003266,0.027500000000000205,True,True,201.39859118599097,221.80566344488565,20.407072258894686,True,0
1452,2011-10-07,222.48,219.84415930938454,-2.635840690615453,2.635840690615453,10.92408695002726,9.271350946718002,0.002750000000000327,0.027750000000000205,True,True,208.92007235935728,229.11551025610254,20.19543789674526,True,0
1453,2011-10-10,226.23,222.2459516699884,-3.9840483300116034,3.9840483300116034,10.17138112416589,9.271350946718002,0.003000000000000327,0.028000000000000205,True,True,212.0745705458225,231.5173026167064,19.442732070883892,True,0
1454,2011-10-11,230.6,225.96818725990738,-4.631812740092613,4.631812740092613,10.17138112416589,9.219771232147934,0.0032500000000003273,0.028250000000000206,True,True,215.7968061357415,235.18795849205532,19.391152356313825,True,0
1455,2011-10-12,236.64,230.31421568282482,-6.325784317175163,6.325784317175163,9.922509939345616,9.219771232147934,0.0035000000000003275,0.028500000000000206,True,True,220.3917057434792,239.53398691497276,19.14228117149355,True,0
1456,2011-10-13,237.0,236.29850871706768,-0.7014912829323237,0.7014912829323237,9.922509939345616,9.219771232147934,0.0037500000000003277,0.028750000000000206,True,True,226.37599877772206,245.5182799492156,19.14228117149355,True,0
1457,2011-10-14,240.87,236.8720465516955,-3.9979534483045143,3.9979534483045143,9.922509939345616,8.899052843011447,0.004000000000000328,0.029000000000000206,True,True,226.94953661234987,245.77109939470694,18.821562782357063,True,0
1458,2011-10-17,244.29,240.6357092847242,-3.654290715275806,3.654290715275806,9.092261705948445,8.899052843011447,0.004250000000000328,0.029250000000000206,True,True,231.54344757877573,249.53476212773563,17.991314548959906,True,0
1459,2011-10-18,242.31,244.06711987823923,1.757119878239223,-1.757119878239223,9.092261705948445,8.855407630738071,0.004500000000000328,0.029500000000000207,True,True,234.9748581722908,252.92252750897728,17.947669336686488,True,0
1460,2011-10-19,240.67,242.28972362943927,1.619723629439278,-1.619723629439278,9.092261705948445,8.855407630738071,0.004750000000000329,0.029750000000000207,True,True,233.19746192349083,251.14513126017732,17.947669336686488,True,0
1461,2011-10-20,232.13,240.6526216828466,8.52262168284659,-8.52262168284659,8.82209149900882,8.855407630738071,0.005000000000000329,0.030000000000000207,True,True,231.83053018383777,249.50802931358464,17.677499129746877,True,0
1462,2011-10-21,236.91,232.34931124876655,-4.560688751233442,4.560688751233442,8.82209149900882,8.43241410940513,0.005250000000000329,0.030250000000000207,True,True,223.52721974975773,240.78172535817168,17.25450560841395,True,0
1463,2011-10-24,236.02,236.66138193467208,0.6413819346720686,-0.6413819346720686,8.80797472763895,8.43241410940513,0.005500000000000329,0.030500000000000208,True,True,227.85340720703311,245.0937960440772,17.240388837044094,True,0
1464,2011-10-25,238.59,235.94184418566726,-2.648155814332739,2.648155814332739,8.80797472763895,8.43241410940513,0.0057500000000003295,0.030750000000000208,True,True,227.1338694580283,244.3742582950724,17.240388837044094,True,0
1465,2011-10-26,203.69,238.4020327640111,34.7120327640111,-34.7120327640111,8.80797472763895,7.957321863981775,0.00600000000000033,0.031000000000000208,False,True,229.59405803637213,246.35935462799287,16.76529659162074,False,1
1466,2011-10-27,204.26,204.81928273818826,0.5592827381882728,-0.5592827381882728,15.648951520661825,7.957321863981775,0.0012500000000003298,0.03125000000000021,True,True,189.17033121752644,212.77660460217004,23.6062733846436,True,0
1467,2011-10-28,206.53,204.1867942200022,-2.3432057799977883,2.3432057799977883,12.728566661525036,7.686476547247764,0.0015000000000003298,0.03150000000000021,True,True,191.45822755847718,211.87327076724998,20.4150432087728,True,0
1468,2011-10-31,215.79,206.30713704166882,-9.482862958331168,9.482862958331168,12.728566661525036,7.686476547247764,0.0017500000000003299,0.03175000000000021,True,False,193.5785703801438,213.9936135889166,20.4150432087728,False,1
1469,2011-11-01,208.11,215.28883541278245,7.178835412782433,-7.178835412782433,12.728566661525036,9.482985308867427,0.0020000000000003296,0.027000000000000208,True,True,202.5602687512574,224.77182072164987,22.211551970392463,True,0
1470,2011-11-02,215.55,208.24051967327378,-7.309480326726231,7.309480326726231,11.088085541567068,9.482862958331168,0.00225000000000033,0.027250000000000208,True,True,197.1524341317067,217.72338263160495,20.570948499898236,True,0
1471,2011-11-03,216.3,215.13937594653675,-1.1606240534632661,1.1606240534632661,11.088085541567068,9.482862958331168,0.00250000000000033,0.02750000000000021,True,True,204.05129040496968,224.6222389048679,20.570948499898236,True,0
1472,2011-11-04,217.65,216.11845136390542,-1.531548636094584,1.531548636094584,10.92408695002726,9.482862958331168,0.0027500000000003303,0.02775000000000021,True,True,205.19436441387816,225.6013143222366,20.406949908358428,True,0
1473,2011-11-07,216.84,217.46723429130702,0.627234291307019,-0.627234291307019,10.92408695002726,9.271350946718002,0.0030000000000003305,0.02800000000000021,True,True,206.54314734127976,226.73858523802502,20.19543789674526,True,0
1474,2011-11-08,219.2,216.74234378092586,-2.4576562190741242,2.4576562190741242,10.92408695002726,9.271350946718002,0.0032500000000003307,0.02825000000000021,True,True,205.8182568308986,226.01369472764387,20.19543789674526,True,0
1475,2011-11-09,214.95,218.98162189492416,4.031621894924172,-4.031621894924172,10.17138112416589,9.219771232147934,0.003500000000000331,0.02850000000000021,True,True,208.81024077075827,228.2013931270721,19.391152356313825,True,0
1476,2011-11-10,213.5,214.9865663977715,1.4865663977714973,-1.4865663977714973,10.17138112416589,9.219771232147934,0.003750000000000331,0.02875000000000021,True,True,204.8151852736056,224.20633762991943,19.391152356313825,True,0
1477,2011-11-11,212.52,213.44212960129474,0.9221296012947278,-0.9221296012947278,10.17138112416589,9.219771232147934,0.004000000000000331,0.02900000000000021,True,True,203.27074847712885,222.66190083344267,19.391152356313825,True,0
1478,2011-11-14,215.65,212.43404786039497,-3.2159521396050366,3.2159521396050366,9.922509939345616,8.899052843011447,0.004250000000000332,0.02925000000000021,True,True,202.51153792104935,221.33310070340642,18.821562782357063,True,0
1479,2011-11-15,218.0,215.39699120051657,-2.6030087994834332,2.6030087994834332,9.922509939345616,8.899052843011447,0.004500000000000332,0.02950000000000021,True,True,205.47448126117095,224.296044043528,18.821562782357063,True,0
1480,2011-11-16,216.27,217.76812673277374,1.498126732773727,-1.498126732773727,9.092261705948445,8.855407630738071,0.004750000000000332,0.02975000000000021,True,True,208.6758650268253,226.6235343635118,17.947669336686488,True,0
1481,2011-11-17,212.51,216.2049094199352,3.6949094199352146,-3.6949094199352146,9.092261705948445,8.855407630738071,0.005000000000000332,0.03000000000000021,True,True,207.11264771398675,225.0603170506733,17.947669336686545,True,0
1482,2011-11-18,205.33,212.53614929391696,7.206149293916951,-7.206149293916951,9.092261705948445,8.855407630738071,0.0052500000000003325,0.03025000000000021,True,True,203.4438875879685,221.39155692465505,17.947669336686545,True,0
1483,2011-11-21,193.29,205.4887624258872,12.198762425887196,-12.198762425887196,8.82209149900882,8.43241410940513,0.005500000000000333,0.03050000000000021,False,True,196.66667092687837,213.92117653529232,17.25450560841395,False,1
1484,2011-11-22,186.95,193.61322143039231,6.663221430392326,-6.663221430392326,15.648951520661825,8.43241410940513,0.0007500000000003329,0.03075000000000021,True,True,177.9642699097305,202.04563553979744,24.081365630066955,True,0
1485,2011-11-23,193.06,187.05241136838802,-6.007588631611981,6.007588631611981,15.648951520661825,7.957321863981775,0.0010000000000003329,0.03100000000000021,True,True,171.4034598477262,195.0097332323698,23.6062733846436,True,0
1486,2011-11-25,190.41,192.70679217359015,2.2967921735901484,-2.2967921735901484,15.648951520661825,7.957321863981775,0.0012500000000003329,0.03125000000000021,True,True,177.05784065292832,200.66411403757192,23.6062733846436,True,0
1487,2011-11-28,191.65,190.35874199399788,-1.2912580060021241,1.2912580060021241,12.728566661525036,7.957321863981775,0.0015000000000003329,0.03150000000000021,True,True,177.63017533247285,198.31606385797966,20.68588852550681,True,0
1488,2011-11-29,194.78,191.47136805543315,-3.308631944566855,3.308631944566855,12.728566661525036,7.686476547247764,0.0017500000000003329,0.03175000000000021,True,True,178.7428013939081,199.1578446026809,20.4150432087728,True,0
1489,2011-11-30,194.76,194.52088151309925,-0.23911848690073612,0.23911848690073612,12.728566661525036,7.686476547247764,0.002000000000000333,0.03200000000000021,True,True,181.79231485157422,202.20735806034702,20.4150432087728,True,0
1490,2011-12-01,191.85,194.61628757880692,2.7662875788069243,-2.7662875788069243,12.198762425887196,7.586408126159938,0.0022500000000003333,0.03225000000000021,True,True,182.41752515291972,202.20269570496686,19.785170552047134,True,0
1491,2011-12-02,197.07,191.82175117779997,-5.248248822200026,5.248248822200026,12.198762425887196,7.586408126159938,0.0025000000000003336,0.03250000000000021,True,True,179.62298875191277,199.4081593039599,19.785170552047134,True,0
1492,2011-12-05,198.86,196.7388484770217,-2.121151522978323,2.121151522978323,11.088085541567068,7.586408126159938,0.0027500000000003338,0.03275000000000021,True,True,185.65076293545462,204.32525660318163,18.674493667727006,True,0
1493,2011-12-06,195.98,198.6409137643399,2.6609137643399094,-2.6609137643399094,11.088085541567068,7.407676093026502,0.003000000000000334,0.03300000000000021,True,True,187.55282822277283,206.0485898573664,18.495761634593578,True,0
1494,2011-12-07,191.03,195.94591818981945,4.91591818981945,-4.91591818981945,11.088085541567068,7.407676093026502,0.0032500000000003342,0.03325000000000021,True,True,184.85783264825238,203.35359428284596,18.495761634593578,True,0
1495,2011-12-08,193.57,191.08501472418325,-2.48498527581674,2.48498527581674,10.92408695002726,7.309480326726231,0.0035000000000003344,0.03350000000000021,True,True,180.160927774156,198.39449505090948,18.23356727675349,True,0
1496,2011-12-09,191.21,193.3514989834855,2.1414989834854907,-2.1414989834854907,10.92408695002726,7.309480326726231,0.0037500000000003347,0.03375000000000021,True,True,182.42741203345824,200.66097931021173,18.23356727675349,True,0
1497,2011-12-12,190.03,191.1547674001241,1.1247674001240853,-1.1247674001240853,10.92408695002726,7.309480326726231,0.004000000000000335,0.03400000000000021,True,True,180.23068045009683,198.46424772685032,18.23356727675349,True,0
1498,2011-12-13,188.56,189.9448202303578,1.3848202303578034,-1.3848202303578034,10.17138112416589,7.1913533907224405,0.004250000000000335,0.03425000000000021,True,True,179.77343910619192,197.13617362108025,17.36273451488833,True,0
1499,2011-12-14,179.0,188.48250489154512,9.482504891545119,-9.482504891545119,10.17138112416589,7.1913533907224405,0.004500000000000335,0.03450000000000021,True,True,178.31112376737923,195.67385828226756,17.36273451488833,True,0
1500,2011-12-15,182.05,179.2199979542131,-2.830002045786898,2.830002045786898,9.922509939345616,7.13556167303318,0.0047500000000003356,0.03475000000000021,True,True,169.2974880148675,186.3555596272463,17.058071612378797,True,0
1501,2011-12-16,182.42,181.824346631637,-0.5956533683629743,0.5956533683629743,9.922509939345616,7.13556167303318,0.005000000000000336,0.03500000000000021,True,True,171.9018366922914,188.9599083046702,17.058071612378797,True,0
1502,2011-12-19,182.0,182.26297471116234,0.26297471116234306,-0.26297471116234306,9.922509939345616,7.13556167303318,0.005250000000000336,0.03525000000000021,True,True,172.34046477181673,189.39853638419552,17.058071612378797,True,0
1503,2011-12-20,182.69,181.8809479628423,-0.8090520371576986,0.8090520371576986,9.482504891545119,7.075858099101708,0.005500000000000336,0.03550000000000021,True,True,172.39844307129718,188.956806061944,16.558362990646827,True,0
1504,2011-12-21,181.92,182.5306414844708,0.6106414844708183,-0.6106414844708183,9.482504891545119,7.075858099101708,0.0057500000000003364,0.03575000000000021,True,True,173.0481365929257,189.60649958357251,16.558362990646827,True,0
1505,2011-12-22,175.09,181.81346926550276,6.723469265502757,-6.723469265502757,9.092261705948445,7.071300597949119,0.006000000000000337,0.03600000000000021,True,True,172.72120755955433,188.88476986345188,16.16356230389755,True,0
1506,2011-12-23,179.22,175.2163438842416,-4.003656115758389,4.003656115758389,9.092261705948445,7.071300597949119,0.006250000000000337,0.03625000000000021,True,True,166.12408217829318,182.28764448219073,16.16356230389755,True,0
1507,2011-12-27,177.73,178.9470946168908,1.2170946168908188,-1.2170946168908188,9.092261705948445,7.071300597949119,0.006500000000000337,0.03650000000000021,True,True,169.85483291094238,186.01839521483993,16.16356230389755,True,0
1508,2011-12-28,176.39,177.6441989268018,1.2541989268018199,-1.2541989268018199,8.82209149900882,6.870571202061143,0.006750000000000337,0.03675000000000021,True,True,168.822107427793,184.51477012886295,15.692662701069963,True,0
1509,2011-12-29,169.62,176.31529759131297,6.695297591312965,-6.695297591312965,8.82209149900882,6.870571202061143,0.0070000000000003375,0.03700000000000021,True,True,167.49320609230415,183.1858687933741,15.692662701069963,True,0
1510,2011-12-30,173.36,169.75249009831745,-3.607509901682562,3.607509901682562,8.82209149900882,6.836116549953033,0.007250000000000338,0.037250000000000213,True,True,160.93039859930863,176.58860664827048,15.658208048961853,True,0
1511,2012-01-03,175.89,173.1029728215253,-2.7870271784746876,2.7870271784746876,8.80797472763895,6.836116549953033,0.007500000000000338,0.037500000000000214,True,True,164.29499809388636,179.93908937147833,15.644091277591968,True,0
1512,2012-01-04,179.21,175.6482441561146,-3.5617558438854076,3.5617558438854076,8.80797472763895,6.774356285789821,0.007750000000000338,0.037750000000000214,True,True,166.84026942847566,182.42260044190442,15.582331013428757,True,0
1513,2012-01-05,175.94,178.94057858300238,3.0005785830023797,-3.0005785830023797,8.52262168284659,6.774356285789821,0.008000000000000338,0.038000000000000214,True,True,170.4179569001558,185.7149348687922,15.296977968636412,True,0
1514,2012-01-06,178.07,175.9250881523757,-2.144911847624286,2.144911847624286,8.52262168284659,6.774356285789821,0.008250000000000339,0.038250000000000214,True,True,167.40246646952912,182.69944443816553,15.296977968636412,True,0
1515,2012-01-09,182.76,177.864614876962,-4.895385123037983,4.895385123037983,8.52262168284659,6.643232732744934,0.008500000000000339,0.038500000000000215,True,True,169.34199319411542,184.50784760970694,15.165854415591525,True,0
1516,2012-01-10,181.1,182.43413123680702,1.3341312368070248,-1.3341312368070248,8.445680639693741,6.643232732744934,0.008750000000000339,0.038750000000000215,True,True,173.98845059711329,189.07736396955195,15.088913372438668,True,0
1517,2012-01-11,179.64,181.01474337479488,1.374743374794889,-1.374743374794889,8.445680639693741,6.600213493306498,0.00900000000000034,0.039000000000000215,True,True,172.56906273510114,187.6149568681014,15.045894133000246,True,0
1518,2012-01-12,179.42,179.56992105084714,0.1499210508471549,-0.1499210508471549,8.25200881534488,6.600213493306498,0.00925000000000034,0.039250000000000215,True,True,171.31791223550226,186.17013454415365,14.852222308651392,True,0
1519,2012-01-13,175.81,179.3014475464464,3.491447546446409,-3.491447546446409,8.25200881534488,6.600213493306498,0.00950000000000034,0.039500000000000215,True,True,171.04943873110153,185.90166103975292,14.852222308651392,True,0
1520,2012-01-17,180.15,175.81948598529428,-4.330514014705727,4.330514014705727,8.25200881534488,6.542630751341889,0.00975000000000034,0.039750000000000216,True,True,167.5674771699494,182.36211673663615,14.794639566686755,True,0
1521,2012-01-18,181.94,179.8579482765648,-2.0820517234351996,2.0820517234351996,7.642987594851675,6.542630751341889,0.01000000000000034,0.040000000000000216,True,True,172.21496068171314,186.4005790279067,14.185618346193564,True,0
1522,2012-01-19,190.88,181.71988805972424,-9.160111940275755,9.160111940275755,7.642987594851675,6.423111110558381,0.01025000000000034,0.040250000000000216,True,False,174.07690046487255,188.14299917028262,14.06609870541007,False,1
1523,2012-01-20,190.71,190.3830690748229,-0.3269309251770949,0.3269309251770949,7.642987594851675,7.075858099101708,0.01050000000000034,0.03550000000000022,True,True,182.74008147997125,197.45892717392462,14.71884569395337,True,0
1524,2012-01-23,190.79,190.55315383117966,-0.23684616882033538,0.23684616882033538,7.611320153076839,7.075858099101708,0.010750000000000341,0.03575000000000022,True,True,182.94183367810282,197.62901193028137,14.68717825217854,True,0
1525,2012-01-24,185.0,190.64943776497222,5.64943776497222,-5.64943776497222,7.611320153076839,7.075858099101708,0.011000000000000341,0.03600000000000022,True,True,183.0381176118954,197.72529586407393,14.68717825217854,True,0
1526,2012-01-25,186.99,185.08413134815555,-1.9058686518444574,1.9058686518444574,7.59001311200177,7.071300597949119,0.011250000000000341,0.03625000000000022,True,True,177.49411823615378,192.15543194610467,14.661313709950889,True,0
1527,2012-01-26,189.3,186.79141649926123,-2.50858350073878,2.50858350073878,7.59001311200177,7.071300597949119,0.011500000000000342,0.03650000000000022,True,True,179.20140338725946,193.86271709721035,14.661313709950889,True,0
1528,2012-01-27,193.09,189.06647725250178,-4.02352274749822,4.02352274749822,7.59001311200177,6.870571202061143,0.011750000000000342,0.03675000000000022,True,True,181.4764641405,195.93704845456293,14.460584314062913,True,0
1529,2012-01-30,193.68,192.7969504272696,-0.883049572730414,0.883049572730414,7.478864558471457,6.870571202061143,0.012000000000000342,0.03700000000000022,True,True,185.31808586879814,199.66752162933074,14.3494357605326,True,0
1530,2012-01-31,194.0,193.50753838556722,-0.49246161443278424,0.49246161443278424,7.478864558471457,6.870571202061143,0.012250000000000342,0.03725000000000022,True,True,186.02867382709576,200.37810958762836,14.3494357605326,True,0
1531,2012-02-01,173.81,193.84708160858716,20.037081608587158,-20.037081608587158,7.410330130523505,6.836116549953033,0.012500000000000342,0.03750000000000022,False,True,186.43675147806366,200.6831981585402,14.246446680476538,False,1
1532,2012-02-02,179.65,174.41671590173797,-5.233284098262033,5.233284098262033,8.82209149900882,6.836116549953033,0.0077500000000003426,0.03775000000000022,True,True,165.59462440272915,181.252832451691,15.658208048961853,True,0
1533,2012-02-03,182.83,179.3332091712613,-3.4967908287387104,3.4967908287387104,8.80797472763895,6.774356285789821,0.008000000000000342,0.03800000000000022,True,True,170.52523444362237,186.10756545705112,15.582331013428757,True,0
1534,2012-02-06,186.28,182.53708207994995,-3.742917920050047,3.742917920050047,8.80797472763895,6.774356285789821,0.008250000000000342,0.03825000000000022,True,True,173.72910735231102,189.31143836573978,15.582331013428757,True,0
1535,2012-02-07,182.65,185.98924373475802,3.339243734758014,-3.339243734758014,8.52262168284659,6.643232732744934,0.008500000000000342,0.03850000000000022,True,True,177.46662205191143,192.63247646750295,15.165854415591525,True,0
1536,2012-02-08,184.95,182.64590445809023,-2.30409554190976,2.30409554190976,8.52262168284659,6.643232732744934,0.008750000000000343,0.03875000000000022,True,True,174.12328277524364,189.28913719083516,15.165854415591525,True,0
1537,2012-02-09,184.5,184.73465568541846,0.23465568541845983,-0.23465568541845983,8.52262168284659,6.643232732744934,0.009000000000000343,0.03900000000000022,True,True,176.21203400257187,191.3778884181634,15.165854415591525,True,0
1538,2012-02-10,183.42,184.3727056548526,0.9527056548526218,-0.9527056548526218,8.445680639693741,6.600213493306498,0.009250000000000343,0.03925000000000022,True,True,175.92702501515888,190.97291914815912,15.045894133000246,True,0
1539,2012-02-13,187.17,183.33036951910333,-3.839630480896659,3.839630480896659,8.445680639693741,6.600213493306498,0.009500000000000343,0.03950000000000022,True,True,174.8846888794096,189.93058301240984,15.045894133000246,True,0
1540,2012-02-14,191.08,186.8827674614079,-4.197232538592118,4.197232538592118,8.25200881534488,6.542630751341889,0.009750000000000343,0.03975000000000022,True,True,178.63075864606301,193.42539821274977,14.794639566686755,True,0
1541,2012-02-15,191.29,190.76410077444189,-0.5258992255581063,0.5258992255581063,8.25200881534488,6.542630751341889,0.010000000000000344,0.04000000000000022,True,True,182.512091959097,197.3067315257838,14.794639566686783,True,0
1542,2012-02-16,177.79,191.12533476474113,13.335334764741134,-13.335334764741134,8.25200881534488,6.423111110558381,0.010250000000000344,0.04025000000000022,False,True,182.87332594939625,197.5484458752995,14.67511992590326,False,1
1543,2012-02-17,180.09,178.18485080432373,-1.9051491956762732,1.9051491956762732,10.17138112416589,6.423111110558381,0.005500000000000344,0.04050000000000022,True,True,168.01346968015784,184.6079619148821,16.59449223472427,True,0
1544,2012-02-21,182.65,179.93235662917803,-2.7176433708219747,2.7176433708219747,10.17138112416589,6.423111110558381,0.005750000000000344,0.040750000000000224,True,True,169.76097550501214,186.3554677397364,16.59449223472427,True,0
1545,2012-02-22,181.95,182.39484060003537,0.44484060003537707,-0.44484060003537707,9.922509939345616,6.32626534488368,0.0060000000000003445,0.041000000000000224,True,True,172.47233066068975,188.72110594491903,16.248775284229282,True,0
1546,2012-02-23,179.64,181.8282399545109,2.1882399545109195,-2.1882399545109195,9.922509939345616,6.32626534488368,0.006250000000000345,0.041250000000000224,True,True,171.9057300151653,188.1545052993946,16.24877528422931,True,0
1547,2012-02-24,179.7,179.60558013169606,-0.09441986830393034,0.09441986830393034,9.482504891545119,6.325784317175163,0.006500000000000345,0.041500000000000224,True,True,170.12307524015094,185.93136444887122,15.808289208720282,True,0
1548,2012-02-27,177.54,179.57921862359603,2.0392186235960423,-2.0392186235960423,9.482504891545119,6.325784317175163,0.006750000000000345,0.041750000000000224,True,True,170.09671373205092,185.9050029407712,15.808289208720282,True,0
1549,2012-02-28,178.9,177.49631573977382,-1.4036842602261856,1.4036842602261856,9.482504891545119,6.171438483048803,0.007000000000000345,0.042000000000000225,True,True,168.0138108482287,183.66775422282262,15.653943374593922,True,0
1550,2012-02-29,183.89,178.72519735972344,-5.164802640276548,5.164802640276548,9.092261705948445,6.171438483048803,0.007250000000000346,0.042250000000000225,True,True,169.632935653775,184.89663584277224,15.263700188997234,True,0
1551,2012-03-01,179.89,183.53845560118089,3.648455601180899,-3.648455601180899,9.092261705948445,6.171438483048803,0.007500000000000346,0.042500000000000225,True,True,174.44619389523245,189.7098940842297,15.263700188997234,True,0
1552,2012-03-02,179.48,179.88798409447264,0.4079840944726527,-0.4079840944726527,8.82209149900882,6.123168581259378,0.007750000000000346,0.042750000000000225,True,True,171.06589259546382,186.01115267573203,14.945260080268213,True,0
1553,2012-03-05,179.0,179.39067493108985,0.39067493108984763,-0.39067493108984763,8.82209149900882,6.123168581259378,0.008000000000000345,0.043000000000000226,True,True,170.56858343208103,185.51384351234924,14.945260080268213,True,0
1554,2012-03-06,178.68,178.89038647156283,0.21038647156282764,-0.21038647156282764,8.82209149900882,6.093196760254472,0.008250000000000346,0.043250000000000226,True,True,170.068294972554,184.9835832318173,14.915288259263292,True,0
1555,2012-03-07,182.65,178.56454290264807,-4.085457097351934,4.085457097351934,8.80797472763895,6.093196760254472,0.008500000000000346,0.043500000000000226,True,True,169.75656817500914,184.65773966290254,14.901171487893407,True,0
1556,2012-03-08,184.17,182.3518866611601,-1.8181133388398791,1.8181133388398791,8.80797472763895,6.076534422462814,0.008750000000000346,0.043750000000000226,True,True,173.54391193352114,188.42842108362294,14.884509150101792,True,0
1557,2012-03-09,186.79,183.9446933817839,-2.8453066182160853,2.8453066182160853,8.52262168284659,6.076534422462814,0.009000000000000346,0.044000000000000226,True,True,175.42207169893732,190.02122780424673,14.599156105309419,True,0
1558,2012-03-12,184.13,186.53470001420487,2.4047000142048773,-2.4047000142048773,8.52262168284659,6.076534422462814,0.009250000000000346,0.04425000000000023,True,True,178.01207833135828,192.6112344366677,14.599156105309419,True,0
1559,2012-03-13,183.92,184.08653142496544,0.1665314249654557,-0.1665314249654557,8.52262168284659,6.007588631611981,0.009500000000000347,0.04450000000000023,True,True,175.56390974211885,190.09412005657742,14.530210314458571,True,0
1560,2012-03-14,183.65,183.8106892022374,0.1606892022373927,-0.1606892022373927,8.445680639693741,6.007588631611981,0.009750000000000347,0.04475000000000023,True,True,175.36500856254366,189.81827783384938,14.453269271305714,True,0
1561,2012-03-15,182.02,183.52751677127964,1.5075167712796258,-1.5075167712796258,8.445680639693741,5.97141547927032,0.010000000000000347,0.04500000000000023,True,True,175.0818361315859,189.49893225054996,14.417096118964054,True,0
1562,2012-03-16,183.28,181.9547000743798,-1.3252999256202145,1.3252999256202145,8.25200881534488,5.97141547927032,0.010250000000000347,0.04525000000000023,True,True,173.7026912590349,187.9261155536501,14.2234242946152,True,0
1563,2012-03-19,183.45,183.1038910347609,-0.34610896523909673,0.34610896523909673,8.25200881534488,5.9647052015063835,0.010500000000000348,0.04550000000000023,True,True,174.851882219416,189.06859623626727,14.216714016851256,True,0
1564,2012-03-20,184.88,183.30003265807696,-1.5799673419230373,1.5799673419230373,8.25200881534488,5.9647052015063835,0.010750000000000348,0.04575000000000023,True,True,175.04802384273208,189.26473785958333,14.216714016851256,True,0
1565,2012-03-21,192.5,184.6841770516399,-7.815822948360108,7.815822948360108,7.642987594851675,5.9647052015063835,0.011000000000000348,0.04600000000000023,True,False,177.04118945678823,190.64888225314627,13.607692796358037,False,1
1566,2012-03-22,190.54,192.03193188454117,1.4919318845411738,-1.4919318845411738,7.642987594851675,6.32626534488368,0.011250000000000348,0.04125000000000023,True,True,184.3889442896895,198.35819722942483,13.969252939735327,True,0
1567,2012-03-23,192.01,190.43143260945934,-1.5785673905406554,1.5785673905406554,7.611320153076839,6.32626534488368,0.011500000000000348,0.04150000000000023,True,True,182.8201124563825,196.75769795434303,13.937585497960526,True,0
1568,2012-03-26,196.48,191.82205370245606,-4.65794629754393,4.65794629754393,7.611320153076839,6.325784317175163,0.011750000000000349,0.04175000000000023,True,True,184.21073354937923,198.14783801963122,13.937104470251995,True,0
1569,2012-03-27,203.59,196.14283748961898,-7.44716251038102,7.44716251038102,7.611320153076839,6.325784317175163,0.012000000000000349,0.04200000000000023,True,False,188.53151733654215,202.46862180679415,13.937104470251995,False,1
1570,2012-03-28,206.14,203.12365389854907,-3.016346101450921,3.016346101450921,7.59001311200177,6.870571202061143,0.01225000000000035,0.037250000000000234,True,True,195.5336407865473,209.9942251006102,14.460584314062913,True,0
1571,2012-03-29,201.28,205.8488240985049,4.568824098504905,-4.568824098504905,7.59001311200177,6.870571202061143,0.01250000000000035,0.037500000000000235,True,True,198.25881098650314,212.71939530056605,14.460584314062913,True,0
1572,2012-03-30,205.02,201.31485508646654,-3.7051449135334735,3.7051449135334735,7.478864558471457,6.836116549953033,0.01275000000000035,0.037750000000000235,True,True,193.83599052799508,208.15097163641957,14.31498110842449,True,0
1573,2012-04-02,198.02,204.75437458296082,6.734374582960811,-6.734374582960811,7.478864558471457,6.836116549953033,0.01300000000000035,0.038000000000000235,True,True,197.27551002448936,211.59049113291385,14.31498110842449,True,0
1574,2012-04-03,198.24,198.13975369195092,-0.10024630804909407,0.10024630804909407,7.478864558471457,6.774356285789821,0.01325000000000035,0.038250000000000235,True,True,190.66088913347946,204.91410997774074,14.253220844261278,True,0
1575,2012-04-04,196.95,198.12926117048792,1.1792611704879334,-1.1792611704879334,7.410330130523505,6.774356285789821,0.01350000000000035,0.038500000000000235,True,True,190.71893103996442,204.90361745627774,14.184686416313326,True,0
1576,2012-04-05,193.55,196.85999274973491,3.309992749734903,-3.309992749734903,7.410330130523505,6.643232732744934,0.01375000000000035,0.038750000000000236,True,True,189.4496626192114,203.50322548247985,14.05356286326844,True,0
1577,2012-04-09,192.02,193.5552893762428,1.5352893762427868,-1.5352893762427868,7.307635926972694,6.643232732744934,0.01400000000000035,0.039000000000000236,True,True,186.2476534492701,200.19852210898773,13.950868659717628,True,0
1578,2012-04-10,192.75,191.96168897980846,-0.7883110201915429,0.7883110201915429,7.307635926972694,6.643232732744934,0.014250000000000351,0.039250000000000236,True,True,184.65405305283576,198.6049217125534,13.950868659717628,True,0
1579,2012-04-11,189.63,192.58884980887473,2.9588498088747315,-2.9588498088747315,7.307635926972694,6.600213493306498,0.014500000000000351,0.039500000000000236,True,True,185.28121388190203,199.18906330218124,13.907849420279206,True,0
1580,2012-04-12,188.06,189.6145176092057,1.5545176092057034,-1.5545176092057034,7.206149293916951,6.600213493306498,0.014750000000000351,0.03975000000000024,True,True,182.40836831528875,196.2147311025122,13.806362787223435,True,0
1581,2012-04-13,189.9,188.0037726735861,-1.8962273264139071,1.8962273264139071,7.206149293916951,6.542630751341889,0.015000000000000352,0.04000000000000024,True,True,180.79762337966915,194.54640342492797,13.748780045258826,True,0
1582,2012-04-16,189.01,189.69495741238063,0.6849574123806406,-0.6849574123806406,7.178835412782433,6.542630751341889,0.015250000000000352,0.04025000000000024,True,True,182.5161219995982,196.23758816372253,13.721466164124337,True,0
1583,2012-04-17,187.21,188.8979901966897,1.6879901966896966,-1.6879901966896966,7.178835412782433,6.423111110558381,0.015500000000000352,0.04050000000000024,True,True,181.71915478390727,195.32110130724809,13.601946523340814,True,0
1584,2012-04-18,188.82,187.1517083166546,-1.6682916833453874,1.6682916833453874,7.178835412782433,6.423111110558381,0.01575000000000035,0.04075000000000024,True,True,179.97287290387217,193.574819427213,13.601946523340814,True,0
1585,2012-04-19,192.93,188.62656431672892,-4.30343568327109,4.30343568327109,6.842809183738666,6.423111110558381,0.01600000000000035,0.04100000000000024,True,True,181.78375513299025,195.0496754272873,13.265920294297047,True,0
1586,2012-04-20,192.34,192.610410268843,0.27041026884299413,-0.27041026884299413,6.842809183738666,6.32626534488368,0.01625000000000035,0.04125000000000024,True,True,185.76760108510433,198.93667561372666,13.169074528622332,True,0
1587,2012-04-23,188.99,192.19975576350032,3.2097557635003113,-3.2097557635003113,6.734374582960811,6.32626534488368,0.01650000000000035,0.04150000000000024,True,True,185.4653811805395,198.526021108384,13.060639927844477,True,0
1588,2012-04-24,188.68,188.9918020765401,0.31180207654008996,-0.31180207654008996,6.734374582960811,6.325784317175163,0.01675000000000035,0.04175000000000024,True,True,182.25742749357929,195.31758639371526,13.060158900135974,True,0
1589,2012-04-25,191.67,188.57596841664557,-3.094031583354422,3.094031583354422,6.734374582960811,6.325784317175163,0.01700000000000035,0.04200000000000024,True,True,181.84159383368475,194.90175273382073,13.060158900135974,True,0
1590,2012-04-26,193.57,191.4098112998714,-2.1601887001286,2.1601887001286,6.723469265502757,6.171438483048803,0.017250000000000352,0.04225000000000024,True,True,184.68634203436864,197.5812497829202,12.89490774855156,True,0
1591,2012-04-27,224.83,193.33246671890174,-31.49753328109827,31.49753328109827,6.723469265502757,6.171438483048803,0.017500000000000352,0.04250000000000024,True,False,186.60899745339898,199.50390520195054,12.89490774855156,False,1
1592,2012-04-30,223.95,223.33695118955535,-0.6130488104446385,0.6130488104446385,6.695297591312965,6.836116549953033,0.017750000000000352,0.03775000000000024,True,True,216.64165359824239,230.17306773950838,13.531414141265998,True,0
1593,2012-05-01,229.4,223.67581235264518,-5.7241876473548245,5.7241876473548245,6.695297591312965,6.836116549953033,0.018000000000000353,0.03800000000000024,True,True,216.98051476133222,230.5119289025982,13.531414141265998,True,0
1594,2012-05-02,227.82,229.0367840690424,1.2167840690424043,-1.2167840690424043,6.663221430392326,6.836116549953033,0.018250000000000353,0.03825000000000024,True,True,222.37356263865007,235.87290061899543,13.49933798034536,True,0
1595,2012-05-03,229.74,227.72277275558886,-2.0172272444111456,2.0172272444111456,6.663221430392326,6.774356285789821,0.018500000000000353,0.03850000000000024,True,True,221.05955132519654,234.49712904137868,13.437577716182147,True,0
1596,2012-05-04,227.8,229.51921655925042,1.7192165592504125,-1.7192165592504125,6.663221430392326,6.774356285789821,0.018750000000000353,0.03875000000000024,True,True,222.8559951288581,236.29357284504025,13.437577716182147,True,0
1597,2012-05-07,222.36,227.7247025491979,5.364702549197887,-5.364702549197887,6.509623189394347,6.643232732744934,0.019000000000000353,0.03900000000000024,True,True,221.21507935980355,234.36793528194283,13.152855922139281,True,0
1598,2012-05-08,223.15,222.4263346492315,-0.7236653507684991,0.7236653507684991,6.509623189394347,6.643232732744934,0.019250000000000354,0.03925000000000024,True,True,215.91671145983716,229.06956738197644,13.152855922139281,True,0
1599,2012-05-09,220.59,222.9802059058333,2.390205905833284,-2.390205905833284,6.319158763857388,6.600213493306498,0.019500000000000354,0.03950000000000024,True,True,216.6610471419759,229.58041939913977,12.919372257163872,True,0
1600,2012-05-10,223.91,220.53926214560235,-3.370737854397646,3.370737854397646,6.319158763857388,6.600213493306498,0.019750000000000354,0.039750000000000243,True,True,214.22010338174496,227.13947563890883,12.919372257163872,True,0
1601,2012-05-11,225.95,223.63257305135573,-2.317426948644254,2.317426948644254,6.300506514521345,6.542630751341889,0.020000000000000354,0.040000000000000244,True,True,217.3320665368344,230.17520380269764,12.843137265863248,True,0
1602,2012-05-14,225.6,225.71336815570695,0.1133681557069508,-0.1133681557069508,6.300506514521345,6.542630751341889,0.020250000000000355,0.040250000000000244,True,True,219.4128616411856,232.25599890704882,12.84313726586322,True,0
1603,2012-05-15,226.5,225.46070447152567,-1.0392955284743266,1.0392955284743266,6.300506514521345,6.542630751341889,0.020500000000000355,0.040500000000000244,True,True,219.16019795700433,232.00333522286758,12.843137265863248,True,0
1604,2012-05-16,225.0,226.31590897959137,1.31590897959137,-1.31590897959137,6.241705172505334,6.423111110558381,0.020750000000000355,0.040750000000000244,True,True,220.07420380708604,232.73902009014975,12.664816283063715,True,0
1605,2012-05-17,225.05,224.90810515439262,-0.1418948456073963,0.1418948456073963,6.241705172505334,6.423111110558381,0.021000000000000355,0.041000000000000245,True,True,218.66639998188728,231.331216264951,12.664816283063715,True,0
1606,2012-05-18,219.41,224.90139638116253,5.491396381162531,-5.491396381162531,6.098298994795698,6.32626534488368,0.021250000000000355,0.041250000000000245,True,True,218.80309738636683,231.22766172604622,12.424564339679392,True,0
1607,2012-05-21,214.03,219.48012046181634,5.45012046181634,-5.45012046181634,6.098298994795698,6.32626534488368,0.021500000000000356,0.041500000000000245,True,True,213.38182146702064,225.8063858067,12.424564339679364,True,0
1608,2012-05-22,218.31,214.09663746050802,-4.213362539491982,4.213362539491982,6.098298994795698,6.325784317175163,0.021750000000000356,0.041750000000000245,True,True,207.99833846571232,220.42242177768318,12.424083311970861,True,0
1609,2012-05-23,214.71,218.0004619009296,3.2904619009295857,-3.2904619009295857,6.026140789719079,6.325784317175163,0.022000000000000356,0.042000000000000245,True,True,211.97432111121051,224.32624621810476,12.351925106894242,True,0
1610,2012-05-24,216.98,214.69374727976617,-2.2862527202338185,2.2862527202338185,6.026140789719079,6.325784317175163,0.022250000000000356,0.042250000000000246,True,True,208.6676064900471,221.01953159694133,12.351925106894242,True,0
1611,2012-05-25,214.99,216.74491015987965,1.7549101598796426,-1.7549101598796426,5.901579565597444,6.171438483048803,0.022500000000000357,0.042500000000000246,True,True,210.8433305942822,222.91634864292845,12.073018048646247,True,0
1612,2012-05-29,214.3,214.91514678112108,0.6151467811210694,-0.6151467811210694,5.901579565597444,6.171438483048803,0.022750000000000357,0.042750000000000246,True,True,209.01356721552364,221.08658526416988,12.073018048646247,True,0
1613,2012-05-30,212.14,214.1804034353775,2.0404034353775273,-2.0404034353775273,5.64943776497222,6.123168581259378,0.023000000000000357,0.043000000000000246,True,True,208.5309656704053,220.3035720166369,11.772606346231612,True,0
1614,2012-05-31,209.48,212.07666207945246,2.5966620794524715,-2.5966620794524715,5.64943776497222,6.123168581259378,0.023250000000000357,0.04325000000000025,True,True,206.42722431448024,218.19983066071183,11.772606346231584,True,0
1615,2012-06-01,208.44,209.43864418461115,0.9986441846111518,-0.9986441846111518,5.64943776497222,6.093196760254472,0.023500000000000357,0.04350000000000025,True,True,203.78920641963893,215.53184094486562,11.742634525226691,True,0
1616,2012-06-04,207.4,208.33579974166972,0.9357997416697117,-0.9357997416697117,5.545091823505189,6.093196760254472,0.023750000000000358,0.04375000000000025,True,True,202.79070791816451,214.4289965019242,11.638288583759675,True,0
1617,2012-06-05,213.85,207.29377612974923,-6.556223870250761,6.556223870250761,5.545091823505189,6.076534422462814,0.024000000000000358,0.04400000000000025,True,False,201.74868430624406,213.37031055221206,11.621626245968002,False,1
1618,2012-06-06,214.63,213.4413589324937,-1.1886410675062962,1.1886410675062962,5.491396381162531,6.600213493306498,0.024250000000000358,0.03925000000000025,True,True,207.94996255133117,220.0415724258002,12.091609874469043,True,0
1619,2012-06-07,219.65,214.4386166598523,-5.211383340147705,5.211383340147705,5.491396381162531,6.600213493306498,0.02450000000000036,0.03950000000000025,True,True,208.94722027868977,221.0388301531588,12.091609874469043,True,0
1620,2012-06-08,218.61,219.29740734665626,0.6874073466562436,-0.6874073466562436,5.45012046181634,6.556223870250761,0.02475000000000036,0.03975000000000025,True,True,213.84728688483992,225.85363121690702,12.006344332067101,True,0
1621,2012-06-11,217.49,218.49493194508904,1.0049319450890266,-1.0049319450890266,5.45012046181634,6.556223870250761,0.02500000000000036,0.04000000000000025,True,True,213.0448114832727,225.0511558153398,12.006344332067101,True,0
1622,2012-06-12,217.65,217.38451744373512,-0.26548255626488526,0.26548255626488526,5.45012046181634,6.542630751341889,0.02525000000000036,0.04025000000000025,True,True,211.93439698191878,223.927148195077,11.992751213158215,True,0
1623,2012-06-13,215.52,217.49405623127097,1.9740562312709642,-1.9740562312709642,5.40617863916691,6.542630751341889,0.02550000000000036,0.04050000000000025,True,True,212.08787759210406,224.03668698261288,11.948809390508814,True,0
1624,2012-06-14,215.26,215.45312087853742,0.1931208785374281,-0.1931208785374281,5.40617863916691,6.423111110558381,0.02575000000000036,0.04075000000000025,True,True,210.0469422393705,221.8762319890958,11.829289749725291,True,0
1625,2012-06-15,215.29,215.12196927036837,-0.16803072963162435,0.16803072963162435,5.399616352598684,6.423111110558381,0.02600000000000036,0.04100000000000025,True,True,209.72235291776968,221.54508038092675,11.822727463157065,True,0
1626,2012-06-18,217.28,215.13853754304478,-2.1414624569552245,2.1414624569552245,5.399616352598684,6.32626534488368,0.02625000000000036,0.04125000000000025,True,True,209.7389211904461,221.46480288792844,11.72588169748235,True,0
1627,2012-06-19,223.26,217.05003948381025,-6.209960516189739,6.209960516189739,5.364702549197887,6.32626534488368,0.02650000000000036,0.04150000000000025,True,True,211.68533693461237,223.37630482869395,11.69096789408158,True,0
1628,2012-06-20,224.51,222.86765631922242,-1.6423436807775715,1.6423436807775715,5.364702549197887,6.32626534488368,0.02675000000000036,0.04175000000000025,True,True,217.50295377002453,229.19392166410609,11.690967894081552,True,0
1629,2012-06-21,223.84,224.30309370580792,0.4630937058079212,-0.4630937058079212,5.364702549197887,6.325784317175163,0.02700000000000036,0.04200000000000025,True,True,218.93839115661004,230.6288780229831,11.69048686637305,True,0
1630,2012-06-22,221.83,223.7136699019705,1.8836699019704781,-1.8836699019704781,5.2671958537235355,6.325784317175163,0.02725000000000036,0.04225000000000025,True,True,218.44647404824696,230.03945421914565,11.592980170898699,True,0
1631,2012-06-25,220.3,221.75804776912452,1.458047769124505,-1.458047769124505,5.2671958537235355,6.209960516189739,0.02750000000000036,0.04250000000000025,True,True,216.49085191540098,227.96800828531426,11.477156369913274,True,0
1632,2012-06-26,221.45,220.21073248789563,-1.2392675121043624,1.2392675121043624,5.2353533948385795,6.209960516189739,0.02775000000000036,0.04275000000000025,True,True,214.97537909305706,226.42069300408536,11.445313911028308,True,0
1633,2012-06-27,225.01,221.25520382387592,-3.7547961761240742,3.7547961761240742,5.2353533948385795,6.171438483048803,0.02800000000000036,0.04300000000000025,True,True,216.01985042903735,227.42664230692472,11.406791877887372,True,0
1634,2012-06-28,223.92,224.7165837084053,0.7965837084053078,-0.7965837084053078,5.0723320230081015,6.171438483048803,0.02825000000000036,0.043250000000000254,True,True,219.6442516853972,230.8880221914541,11.243770506056904,True,0
1635,2012-06-29,224.7,223.80690964664933,-0.893090353350658,0.893090353350658,5.0723320230081015,6.123168581259378,0.028500000000000362,0.043500000000000254,True,True,218.73457762364123,229.93007822790872,11.195500604267494,True,0
1636,2012-07-02,229.3,224.51930687510688,-4.7806931248931335,4.7806931248931335,5.044237760288581,6.123168581259378,0.028750000000000362,0.043750000000000254,True,True,219.4750691148183,230.64247545636624,11.167406341547945,True,0
1637,2012-07-03,229.14,228.96568506485346,-0.1743149351465263,0.1743149351465263,5.044237760288581,6.123168581259378,0.029000000000000362,0.044000000000000254,True,True,223.92144730456488,235.08885364611285,11.167406341547974,True,0
1638,2012-07-05,228.62,228.98921077393226,0.3692107739322523,-0.3692107739322523,5.044237760288581,6.093196760254472,0.029250000000000363,0.044250000000000254,True,True,223.94497301364368,235.08240753418673,11.137434520543053,True,0
1639,2012-07-06,226.35,228.48944263035304,2.139442630353045,-2.139442630353045,5.036240787092794,6.093196760254472,0.029500000000000363,0.044500000000000255,True,True,223.45320184326025,234.5826393906075,11.129437547347266,True,0
1640,2012-07-09,225.0,226.28785690018853,1.2878569001885296,-1.2878569001885296,5.036240787092794,6.076534422462814,0.029750000000000363,0.044750000000000255,True,True,221.25161611309574,232.36439132265133,11.112775209555593,True,0
1641,2012-07-10,226.25,224.90413632208356,-1.3458636779164408,1.3458636779164408,5.011847665536521,6.076534422462814,0.030000000000000363,0.045000000000000255,True,True,219.89228865654704,230.9806707445464,11.08838208799935,True,0
1642,2012-07-11,218.95,226.05129452823724,7.101294528237247,-7.101294528237247,5.011847665536521,6.007588631611981,0.030250000000000363,0.045250000000000255,False,True,221.03944686270071,232.05888315984922,11.019436297148502,False,1
1643,2012-07-12,216.61,219.07951919367056,2.46951919367055,-2.46951919367055,5.45012046181634,6.007588631611981,0.025500000000000363,0.045500000000000256,True,True,213.62939873185422,225.08710782528254,11.45770909342832,True,0
1644,2012-07-13,215.63,216.5583298140019,0.9283298140018985,-0.9283298140018985,5.40617863916691,5.97141547927032,0.025750000000000363,0.045750000000000256,True,True,211.15215117483498,222.5297452932722,11.37759411843723,True,0
1645,2012-07-16,216.6,215.5198911972356,-1.0801088027643857,1.0801088027643857,5.40617863916691,5.97141547927032,0.026000000000000363,0.046000000000000256,True,True,210.1137125580687,221.49130667650593,11.37759411843723,True,0
1646,2012-07-17,217.45,216.41234836389293,-1.0376516361070571,1.0376516361070571,5.399616352598684,5.9647052015063835,0.026250000000000363,0.046250000000000256,True,True,211.01273201129425,222.3770535653993,11.36432155410506,True,0
1647,2012-07-18,216.15,217.26468077779666,1.11468077779665,-1.11468077779665,5.399616352598684,5.9647052015063835,0.026500000000000364,0.046500000000000256,True,True,211.86506442519797,223.22938597930303,11.36432155410506,True,0
1648,2012-07-19,220.73,216.04879424734528,-4.681205752654705,4.681205752654705,5.364702549197887,5.9647052015063835,0.026750000000000364,0.04675000000000026,True,True,210.6840916981474,222.01349944885166,11.329407750704263,True,0
1649,2012-07-20,225.36,220.39913807223232,-4.960861927767695,4.960861927767695,5.364702549197887,5.914256353834034,0.027000000000000364,0.04700000000000026,True,True,215.03443552303443,226.31339442606634,11.278958903031906,True,0
1650,2012-07-23,224.72,225.02091960300473,0.3009196030047292,-0.3009196030047292,5.364702549197887,5.914256353834034,0.027250000000000364,0.04725000000000026,True,True,219.65621705380684,230.93517595683875,11.278958903031906,True,0
1651,2012-07-24,226.27,224.58703259019515,-1.68296740980486,1.68296740980486,5.2671958537235355,5.885281025402918,0.027500000000000364,0.04750000000000026,True,True,219.31983673647161,230.47231361559807,11.152476879126453,True,0
1652,2012-07-25,222.0,226.05833270322677,4.0583327032267675,-4.0583327032267675,5.2671958537235355,5.885281025402918,0.027750000000000365,0.04775000000000026,True,True,220.79113684950323,231.94361372862969,11.152476879126453,True,0
1653,2012-07-26,220.0,222.01098232595834,2.010982325958338,-2.010982325958338,5.2353533948385795,5.8725509439858286,0.028000000000000365,0.04800000000000026,True,True,216.77562893111977,227.88353326994417,11.107904338824397,True,0
1654,2012-07-27,225.25,219.9302261232985,-5.319773876701504,5.319773876701504,5.2353533948385795,5.8725509439858286,0.028250000000000365,0.04825000000000026,True,True,214.69487272845993,225.80277706728432,11.107904338824397,True,0
1655,2012-07-30,237.0,224.89419193612613,-12.105808063873866,12.105808063873866,5.0723320230081015,5.7858225314715455,0.028500000000000365,0.04850000000000026,True,False,219.82185991311803,230.6800144675977,10.858154554479654,False,1
1656,2012-07-31,235.1,236.37923368142958,1.279233681429588,-1.279233681429588,5.0723320230081015,6.123168581259378,0.028750000000000366,0.04375000000000026,True,True,231.30690165842148,242.50240226268897,11.195500604267494,True,0
1657,2012-08-01,234.14,234.9977123136195,0.8577123136195155,-0.8577123136195155,5.044237760288581,6.123168581259378,0.029000000000000366,0.04400000000000026,True,True,229.95347455333092,241.1208808948789,11.167406341547974,True,0
1658,2012-08-02,230.56,234.02844535975456,3.468445359754554,-3.468445359754554,5.044237760288581,6.093196760254472,0.029250000000000366,0.04425000000000026,True,True,228.98420759946598,240.12164212000903,11.137434520543053,True,0
1659,2012-08-03,234.03,230.54511241278854,-3.4848875872114604,3.4848875872114604,5.044237760288581,6.093196760254472,0.029500000000000366,0.04450000000000026,True,True,225.50087465249996,236.638309173043,11.137434520543053,True,0
1660,2012-08-06,235.56,233.75074310520208,-1.809256894797926,1.809256894797926,5.036240787092794,6.076534422462814,0.029750000000000366,0.04475000000000026,True,True,228.71450231810928,239.82727752766488,11.112775209555593,True,0
1661,2012-08-07,234.13,235.341783249407,1.2117832494070058,-1.2117832494070058,5.036240787092794,6.076534422462814,0.030000000000000367,0.04500000000000026,True,True,230.3055424623142,241.41831767186983,11.112775209555622,True,0
1662,2012-08-08,235.29,234.02919504172064,-1.2608049582793512,1.2608049582793512,5.011847665536521,6.007588631611981,0.030250000000000367,0.04525000000000026,True,True,229.01734737618412,240.03678367333262,11.019436297148502,True,0
1663,2012-08-09,233.93,235.09629588765074,1.1662958876507332,-1.1662958876507332,5.011847665536521,6.007588631611981,0.030500000000000367,0.04550000000000026,True,True,230.08444822211422,241.10388451926272,11.019436297148502,True,0
1664,2012-08-10,233.08,233.82733692138967,0.7473369213896603,-0.7473369213896603,5.0009625159005395,5.97141547927032,0.030750000000000367,0.04575000000000026,True,True,228.82637440548913,239.79875240066,10.97237799517086,True,0
1665,2012-08-13,232.23,232.96297407763345,0.7329740776334575,-0.7329740776334575,5.0009625159005395,5.97141547927032,0.031000000000000368,0.04600000000000026,True,True,227.9620115617329,238.93438955690377,10.97237799517086,True,0
1666,2012-08-14,234.71,232.11178886284355,-2.5982111371564542,2.5982111371564542,4.91591818981945,5.9647052015063835,0.03125000000000037,0.04625000000000026,True,True,227.1958706730241,238.07649406434993,10.880623391325827,True,0
1667,2012-08-15,232.26,234.46375832506052,2.2037583250605337,-2.2037583250605337,4.91591818981945,5.9647052015063835,0.03150000000000037,0.04650000000000026,True,True,229.54784013524107,240.4284635265669,10.880623391325827,True,0
1668,2012-08-16,237.72,232.19605056930732,-5.5239494306926815,5.5239494306926815,4.91591818981945,5.9647052015063835,0.03175000000000037,0.046750000000000264,True,True,227.28013237948787,238.1607557708137,10.880623391325827,True,0
1669,2012-08-17,240.6,237.35935837325914,-3.240641626740853,3.240641626740853,4.889122137728307,5.914256353834034,0.03200000000000037,0.047000000000000264,True,True,232.47023623553082,243.27361472709316,10.803378491562341,True,0
1670,2012-08-20,241.37,240.32563297107708,-1.0443670289229203,1.0443670289229203,4.889122137728307,5.914256353834034,0.03225000000000037,0.047250000000000264,True,True,235.4365108333488,246.23988932491113,10.803378491562341,True,0
1671,2012-08-21,240.88,241.1832147893522,0.3032147893522108,-0.3032147893522108,4.877264473092055,5.885281025402918,0.03250000000000037,0.047500000000000264,True,True,236.30595031626015,247.06849581475512,10.762545498494973,True,0
1672,2012-08-22,239.4,240.74571791333744,1.3457179133374382,-1.3457179133374382,4.877264473092055,5.885281025402918,0.03275000000000037,0.047750000000000264,True,True,235.8684534402454,246.63099893874036,10.762545498494973,True,0
1673,2012-08-23,242.14,239.3057157170387,-2.8342842829612778,2.8342842829612778,4.857190359396526,5.8725509439858286,0.03300000000000037,0.048000000000000265,True,True,234.44852535764218,245.17826666102454,10.729741303382355,True,0
1674,2012-08-24,241.68,241.88567513624702,0.2056751362470095,-0.2056751362470095,4.857190359396526,5.8725509439858286,0.03325000000000037,0.048250000000000265,True,True,237.0284847768505,247.75822608023284,10.729741303382355,True,0
1675,2012-08-27,245.79,241.54061893449392,-4.249381065506071,4.249381065506071,4.831146649804751,5.7858225314715455,0.03350000000000037,0.048500000000000265,True,True,236.70947228468918,247.32644146596547,10.61696918127629,True,0
1676,2012-08-28,243.97,245.4808217596911,1.5108217596911118,-1.5108217596911118,4.831146649804751,5.7858225314715455,0.03375000000000037,0.048750000000000265,True,True,240.64967510988635,251.26664429116266,10.616969181276318,True,0
1677,2012-08-29,246.78,243.88114088923535,-2.898859110764647,2.898859110764647,4.831146649804751,5.7241876473548245,0.03400000000000037,0.049000000000000266,True,True,239.0499942394306,249.60532853659018,10.55533429715959,True,0
1678,2012-08-30,246.99,246.52371030812455,-0.46628969187545977,0.46628969187545977,4.747800207663346,5.7241876473548245,0.03425000000000037,0.049250000000000266,True,True,241.7759101004612,252.24789795547937,10.47198785501817,True,0
1679,2012-08-31,248.07,246.82659152107104,-1.2434084789289557,1.2434084789289557,4.747800207663346,5.664016231169953,0.03450000000000037,0.049500000000000266,True,True,242.0787913134077,252.49060775224098,10.411816438833284,True,0
1680,2012-09-04,248.27,247.8778220028899,-0.39217799711011025,0.39217799711011025,4.737598771371339,5.664016231169953,0.03475000000000037,0.049750000000000266,True,True,243.14022323151858,253.54183823405987,10.401615002541291,True,0
1681,2012-09-05,247.61,248.11040216762504,0.5004021676250261,-0.5004021676250261,4.737598771371339,5.661814998372577,0.03500000000000037,0.050000000000000266,True,True,243.3728033962537,253.77221716599763,10.399413769743944,True,0
1682,2012-09-06,248.23,247.48482759305514,-0.745172406944846,0.745172406944846,4.692270027240724,5.661814998372577,0.03525000000000037,0.05025000000000027,True,True,242.79255756581443,253.14664259142774,10.354085025613301,True,0
1683,2012-09-07,253.85,248.05701584425057,-5.792984155749423,5.792984155749423,4.692270027240724,5.661814998372577,0.03550000000000037,0.05050000000000027,True,False,243.36474581700986,253.71883084262316,10.354085025613301,False,1
1684,2012-09-10,259.0,253.48141808529198,-5.518581914708022,5.518581914708022,4.568824098504905,5.97141547927032,0.03575000000000037,0.04575000000000027,True,True,248.91259398678707,259.4528335645623,10.540239577775225,True,0
1685,2012-09-11,257.6,258.64493029385073,1.0449302938507117,-1.0449302938507117,4.568824098504905,5.9647052015063835,0.03600000000000037,0.04600000000000027,True,True,254.07610619534583,264.6096354953571,10.533529300011281,True,0
1686,2012-09-12,256.5,257.4976458076387,0.9976458076387189,-0.9976458076387189,4.543449545106583,5.9647052015063835,0.03625000000000037,0.04625000000000027,True,True,252.95419626253215,263.4623510091451,10.508154746612945,True,0
1687,2012-09-13,254.94,256.3975872208837,1.4575872208836813,-1.4575872208836813,4.543449545106583,5.914256353834034,0.03650000000000037,0.04650000000000027,True,True,251.8541376757771,262.3118435747177,10.457705898940617,True,0
1688,2012-09-14,261.4,254.85359883047846,-6.546401169521516,6.546401169521516,4.543449545106583,5.914256353834034,0.03675000000000037,0.04675000000000027,True,False,250.3101492853719,260.7678551843125,10.457705898940617,False,1
1689,2012-09-17,261.25,261.00699196547816,-0.24300803452183573,0.24300803452183573,4.530293486530809,6.325784317175163,0.03700000000000037,0.04200000000000027,True,True,256.47669847894736,267.3327762826533,10.856077803705944,True,0
1690,2012-09-18,258.48,261.0980600143732,2.6180600143731567,-2.6180600143731567,4.530293486530809,6.209960516189739,0.03725000000000037,0.04225000000000027,True,True,256.56776652784237,267.3080205305629,10.740254002720519,True,0
1691,2012-09-19,259.45,258.4397214841691,-1.010278515830862,1.010278515830862,4.504450182664215,6.209960516189739,0.03750000000000037,0.042500000000000274,True,True,253.9352713015049,264.6496820003589,10.714410698853982,True,0
1692,2012-09-20,260.03,259.27243105782804,-0.7575689421719289,0.7575689421719289,4.504450182664215,6.171438483048803,0.037750000000000374,0.042750000000000274,True,True,254.76798087516383,265.44386954087685,10.675888665713018,True,0
1693,2012-09-21,261.74,259.8596750972776,-1.880324902722407,1.880324902722407,4.483608339694882,6.171438483048803,0.038000000000000374,0.043000000000000274,True,True,255.37606675758272,266.0311135803264,10.655046822743685,True,0
1694,2012-09-24,255.22,261.5277343598265,6.307734359826526,-6.307734359826526,4.483608339694882,6.123168581259378,0.038250000000000374,0.043250000000000274,False,True,257.04412602013167,267.6509029410859,10.606776920954246,False,1
1695,2012-09-25,256.33,255.31606088224436,-1.0139391177556263,1.0139391177556263,4.857190359396526,6.123168581259378,0.03350000000000038,0.043500000000000275,True,True,250.45887052284783,261.43922946350375,10.980358940655918,True,0
1696,2012-09-26,252.4,256.1527917060897,3.7527917060897096,-3.7527917060897096,4.831146649804751,6.093196760254472,0.03375000000000038,0.043750000000000275,True,True,251.32164505628498,262.2459884663442,10.924343410059237,True,0
1697,2012-09-27,250.54,252.398631946614,1.8586319466139969,-1.8586319466139969,4.831146649804751,6.093196760254472,0.03400000000000038,0.044000000000000275,True,True,247.56748529680925,258.49182870686843,10.92434341005918,True,0
1698,2012-09-28,256.14,250.4679651346666,-5.672034865333387,5.672034865333387,4.747800207663346,6.076534422462814,0.03425000000000038,0.044250000000000275,True,True,245.72016492700325,256.5444995571294,10.824334630126174,True,0
1699,2012-10-01,255.4,255.77639100181676,0.37639100181675644,-0.37639100181675644,4.747800207663346,6.076534422462814,0.03450000000000038,0.044500000000000275,True,True,251.02859079415342,261.8529254242796,10.824334630126174,True,0
1700,2012-10-02,252.8,255.2674080545404,2.4674080545403854,-2.4674080545403854,4.737598771371339,6.007588631611981,0.03475000000000038,0.044750000000000276,True,True,250.52980928316907,261.27499668615235,10.745187402983277,True,0
1701,2012-10-03,251.21,252.7516498921242,1.541649892124184,-1.541649892124184,4.737598771371339,6.007588631611981,0.03500000000000038,0.045000000000000276,True,True,248.01405112075287,258.75923852373614,10.745187402983277,True,0
1702,2012-10-04,256.01,251.12631107904787,-4.883688920952125,4.883688920952125,4.737598771371339,6.007588631611981,0.03525000000000038,0.045250000000000276,True,True,246.38871230767654,257.1338997106599,10.745187402983333,True,0
1703,2012-10-05,261.2,255.67714812044917,-5.522851879550814,5.522851879550814,4.692270027240724,5.97141547927032,0.03550000000000038,0.045500000000000276,True,True,250.98487809320847,261.6485635997195,10.663685506511058,True,0
1704,2012-10-08,257.67,260.83889149559394,3.1688914955939254,-3.1688914955939254,4.692270027240724,5.97141547927032,0.03575000000000038,0.04575000000000028,True,True,256.1466214683532,266.81030697486426,10.663685506511058,True,0
1705,2012-10-09,258.67,257.64307196953814,-1.0269280304618746,1.0269280304618746,4.568824098504905,5.9647052015063835,0.03600000000000038,0.04600000000000028,True,True,253.07424787103324,263.6077771710445,10.533529300011281,True,0
1706,2012-10-10,252.0,258.49231013868945,6.492310138689447,-6.492310138689447,4.568824098504905,5.9647052015063835,0.03625000000000038,0.04625000000000028,False,True,253.92348604018454,264.4570153401958,10.533529300011281,False,1
1707,2012-10-11,248.0,252.10169756407083,4.101697564070832,-4.101697564070832,5.0009625159005395,5.914256353834034,0.03150000000000038,0.04650000000000028,True,True,247.1007350481703,258.0159539179049,10.915218869734588,True,0
1708,2012-10-12,243.18,248.015604855255,4.835604855254985,-4.835604855254985,4.91591818981945,5.914256353834034,0.03175000000000038,0.04675000000000028,True,True,243.09968666543554,253.92986120908904,10.830174543653499,True,0
1709,2012-10-15,242.85,243.21648703960426,0.3664870396042659,-0.3664870396042659,4.91591818981945,5.885281025402918,0.03200000000000038,0.04700000000000028,True,True,238.3005688497848,249.10176806500718,10.801199215222368,True,0
1710,2012-10-16,244.87,242.71850650574066,-2.1514934942593413,2.1514934942593413,4.889122137728307,5.885281025402918,0.03225000000000038,0.04725000000000028,True,True,237.82938436801237,248.60378753114358,10.774403163131211,True,0
1711,2012-10-17,243.37,244.6400972444473,1.2700972444472995,-1.2700972444472995,4.889122137728307,5.8725509439858286,0.03250000000000038,0.04750000000000028,True,True,239.750975106719,250.51264818843313,10.761673081714122,True,0
1712,2012-10-18,247.77,243.26939818784774,-4.500601812152269,4.500601812152269,4.877264473092055,5.8725509439858286,0.03275000000000038,0.04775000000000028,True,True,238.3921337147557,249.14194913183357,10.749815417077883,True,0
1713,2012-10-19,245.16,247.45033235490158,2.2903323549015795,-2.2903323549015795,4.877264473092055,5.792984155749423,0.03300000000000038,0.04800000000000028,True,True,242.57306788180952,253.243316510651,10.670248628841478,True,0
1714,2012-10-22,238.81,245.09763290134867,6.2876329013486725,-6.2876329013486725,4.877264473092055,5.792984155749423,0.03325000000000038,0.04825000000000028,False,True,240.22036842825662,250.8906170570981,10.670248628841478,False,1
1715,2012-10-23,231.05,238.90112317834553,7.851123178345517,-7.851123178345517,5.2671958537235355,5.7858225314715455,0.028500000000000383,0.04850000000000028,False,True,233.633927324622,244.68694570981708,11.053018385195088,False,1
1716,2012-10-24,235.88,231.19463347222958,-4.685366527770412,4.685366527770412,6.026140789719079,5.7858225314715455,0.023750000000000382,0.04875000000000028,True,True,225.1684926825105,236.98045600370114,11.811963321190632,True,0
1717,2012-10-25,230.92,235.55908751878206,4.639087518782077,-4.639087518782077,5.901579565597444,5.7241876473548245,0.024000000000000382,0.04900000000000028,True,True,229.65750795318462,241.2832751661369,11.625767212952269,True,0
1718,2012-10-26,228.6,230.94525316319994,2.345253163199942,-2.345253163199942,5.901579565597444,5.7241876473548245,0.024250000000000382,0.04925000000000028,True,True,225.0436735976025,236.66944081055476,11.625767212952269,True,0
1719,2012-10-31,236.32,228.5448069520164,-7.775193047983606,7.775193047983606,5.64943776497222,5.672034865333387,0.024500000000000383,0.04950000000000028,True,False,222.89536918704417,234.21684181734977,11.321472630305607,False,1
1720,2012-11-01,234.23,235.87096896164257,1.640968961642585,-1.640968961642585,5.64943776497222,6.076534422462814,0.024750000000000383,0.04475000000000028,True,True,230.22153119667036,241.9475033841054,11.725972187435048,True,0
1721,2012-11-02,234.01,234.1367028970551,0.12670289705511095,-0.12670289705511095,5.545091823505189,6.007588631611981,0.025000000000000383,0.04500000000000028,True,True,228.59161107354993,240.14429152866708,11.552680455117155,True,0
1722,2012-11-05,232.04,233.8698619935522,1.829861993552214,-1.829861993552214,5.545091823505189,6.007588631611981,0.025250000000000383,0.04525000000000028,True,True,228.32477017004703,239.8774506251642,11.552680455117155,True,0
1723,2012-11-06,235.41,231.96251164904294,-3.447488350957059,3.447488350957059,5.545091823505189,5.97141547927032,0.025500000000000383,0.04550000000000028,True,True,226.41741982553776,237.93392712831326,11.516507302775494,True,0
1724,2012-11-07,235.65,235.1298737833681,-0.5201262166318941,0.5201262166318941,5.491396381162531,5.97141547927032,0.025750000000000384,0.045750000000000283,True,True,229.63847740220558,241.10128926263843,11.46281186043285,True,0
1725,2012-11-08,232.22,235.47810866202153,3.2581086620215274,-3.2581086620215274,5.491396381162531,5.9647052015063835,0.026000000000000384,0.046000000000000284,True,True,229.986712280859,241.4428138635279,11.456101582668907,True,0
1726,2012-11-09,226.26,232.19723342307807,5.937233423078084,-5.937233423078084,5.45012046181634,5.9647052015063835,0.026250000000000384,0.046250000000000284,False,True,226.74711296126173,238.16193862458445,11.414825663322716,False,1
1727,2012-11-12,226.59,226.34185603345603,-0.24814396654397797,0.24814396654397797,6.2876329013486725,5.914256353834034,0.021500000000000383,0.046500000000000284,True,True,220.05422313210735,232.25611238729005,12.201889255182692,True,0
1728,2012-11-13,225.12,226.44052989358298,1.3205298935829717,-1.3205298935829717,6.2876329013486725,5.914256353834034,0.021750000000000384,0.046750000000000284,True,True,220.1528969922343,232.354786247417,12.201889255182692,True,0
1729,2012-11-14,226.5,225.02340013111214,-1.4765998688878597,1.4765998688878597,6.241705172505334,5.885281025402918,0.022000000000000384,0.047000000000000285,True,True,218.7816949586068,230.90868115651506,12.126986197908252,True,0
1730,2012-11-15,222.3,226.2983091175953,3.9983091175952836,-3.9983091175952836,6.241705172505334,5.885281025402918,0.022250000000000384,0.047250000000000285,True,True,220.05660394508996,232.1835901429982,12.126986197908252,True,0
1731,2012-11-16,221.31,222.30565694274037,0.9956569427403679,-0.9956569427403679,6.241705172505334,5.8725509439858286,0.022500000000000384,0.047500000000000285,True,True,216.06395177023504,228.1782078867262,12.114256116491163,True,0
1732,2012-11-19,228.32,221.20753273725933,-7.112467262740665,7.112467262740665,6.098298994795698,5.8725509439858286,0.022750000000000384,0.047750000000000285,True,False,215.10923374246363,227.08008368124516,11.970849938781527,False,1
1733,2012-11-20,230.0,227.89617531045448,-2.103824689545519,2.103824689545519,6.098298994795698,6.171438483048803,0.023000000000000385,0.04300000000000029,True,True,221.79787631565878,234.06761379350328,12.269737477844501,True,0
1734,2012-11-21,233.84,229.7611286937093,-4.078871306290694,4.078871306290694,6.026140789719079,6.171438483048803,0.023250000000000385,0.04325000000000029,True,True,223.73498790399023,235.9325671767581,12.197579272767882,True,0
1735,2012-11-23,239.89,233.53341744978752,-6.356582550212465,6.356582550212465,6.026140789719079,6.123168581259378,0.023500000000000385,0.04350000000000029,True,False,227.50727666006844,239.6565860310469,12.149309370978472,False,1
1736,2012-11-26,240.39,239.49290587508395,-0.8970941249160376,0.8970941249160376,5.937233423078084,6.556223870250761,0.023750000000000385,0.03875000000000029,True,True,233.55567245200587,246.0491297453347,12.493457293328845,True,0
1737,2012-11-27,243.22,240.20111868590922,-3.018881314090777,3.018881314090777,5.937233423078084,6.556223870250761,0.024000000000000386,0.03900000000000029,True,True,234.26388526283114,246.75734255615998,12.493457293328845,True,0
1738,2012-11-28,242.45,242.95563993717573,0.5056399371757436,-0.5056399371757436,5.901579565597444,6.546401169521516,0.024250000000000386,0.03925000000000029,True,True,237.0540603715783,249.50204110669725,12.44798073511896,True,0
1739,2012-11-29,248.05,242.31738378545083,-5.732616214549182,5.732616214549182,5.901579565597444,6.546401169521516,0.024500000000000386,0.03950000000000029,True,True,236.41580421985338,248.86378495497235,12.44798073511896,True,0
1740,2012-11-30,250.38,247.68128764945212,-2.698712350547879,2.698712350547879,5.64943776497222,6.542630751341889,0.024750000000000386,0.03975000000000029,True,True,242.0318498844799,254.223918400794,12.192068516314094,True,0
1741,2012-12-03,252.54,250.12467016696328,-2.415329833036708,2.415329833036708,5.64943776497222,6.542630751341889,0.025000000000000386,0.04000000000000029,True,True,244.47523240199106,256.66730091830516,12.192068516314094,True,0
1742,2012-12-04,249.94,252.29854210260828,2.3585421026082827,-2.3585421026082827,5.64943776497222,6.423111110558381,0.025250000000000387,0.04025000000000029,True,True,246.64910433763606,258.72165321316663,12.072548875530572,True,0
1743,2012-12-05,252.44,249.8778510106536,-2.5621489893464116,2.5621489893464116,5.545091823505189,6.423111110558381,0.025500000000000387,0.04050000000000029,True,True,244.33275918714838,256.30096212121197,11.968202934063584,True,0
1744,2012-12-06,253.0,252.19445818828572,-0.8055418117142779,0.8055418117142779,5.545091823505189,6.356582550212465,0.025750000000000387,0.04075000000000029,True,True,246.64936636478052,258.55104073849816,11.90167437371764,True,0
1745,2012-12-07,254.14,252.81868146581263,-1.3213185341873555,1.3213185341873555,5.491396381162531,6.356582550212465,0.026000000000000387,0.04100000000000029,True,True,247.3272850846501,259.1752640160251,11.847978931374996,True,0
1746,2012-12-10,253.1,253.94052658300205,0.8405265830020596,-0.8405265830020596,5.491396381162531,6.356582550212465,0.026250000000000388,0.04125000000000029,True,True,248.44913020183952,260.2971091332145,11.847978931374996,True,0
1747,2012-12-11,248.5,252.9816702657787,4.481670265778689,-4.481670265778689,5.45012046181634,6.32626534488368,0.026500000000000388,0.041500000000000294,True,True,247.53154980396235,259.30793561066235,11.776385806700006,True,0
1748,2012-12-12,251.07,248.5179945047645,-2.5520054952355054,2.5520054952355054,5.45012046181634,6.32626534488368,0.026750000000000388,0.041750000000000294,True,True,243.06787404294815,254.84425984964815,11.776385806700006,True,0
1749,2012-12-13,251.11,250.82531286550923,-0.2846871344907811,0.2846871344907811,5.40617863916691,6.325784317175163,0.02700000000000039,0.042000000000000294,True,True,245.41913422634232,257.1510971826844,11.731962956342073,True,0
1750,2012-12-14,250.11,250.94761012980933,0.8376101298093204,-0.8376101298093204,5.40617863916691,6.325784317175163,0.02725000000000039,0.042250000000000294,True,True,245.54143149064242,257.2733944469845,11.731962956342102,True,0
1751,2012-12-17,249.81,249.99178462961925,0.18178462961924424,-0.18178462961924424,5.399616352598684,6.209960516189739,0.02750000000000039,0.042500000000000294,True,True,244.59216827702056,256.201745145809,11.609576868788452,True,0
1752,2012-12-18,254.57,249.66734133076451,-4.902658669235478,4.902658669235478,5.399616352598684,6.209960516189739,0.02775000000000039,0.042750000000000295,True,True,244.26772497816583,255.87730184695425,11.609576868788423,True,0
1753,2012-12-19,261.3,254.23302045904404,-7.06697954095597,7.06697954095597,5.364702549197887,6.171438483048803,0.02800000000000039,0.043000000000000295,True,False,248.86831790984616,260.40445894209284,11.53614103224669,False,1
1754,2012-12-20,258.36,260.8793378203207,2.519337820320686,-2.519337820320686,5.364702549197887,6.600213493306498,0.02825000000000039,0.0382500000000003,True,True,255.5146352711228,267.4795513136272,11.964916042504399,True,0
1755,2012-12-21,257.82,258.3003686097848,0.48036860978481855,-0.48036860978481855,5.364702549197887,6.600213493306498,0.02850000000000039,0.0385000000000003,True,True,252.93566606058693,264.9005821030913,11.964916042504399,True,0
1756,2012-12-24,257.3,257.6916140788021,0.39161407880209254,-0.39161407880209254,5.2671958537235355,6.556223870250761,0.02875000000000039,0.0387500000000003,True,True,252.42441822507857,264.24783794905284,11.823419723974268,True,0
1757,2012-12-26,257.15,257.16537017493414,0.01537017493416215,-0.01537017493416215,5.2671958537235355,6.556223870250761,0.02900000000000039,0.0390000000000003,True,True,251.8981743212106,263.72159404518493,11.823419723974325,True,0
1758,2012-12-27,248.28,257.00131187731074,8.72131187731074,-8.72131187731074,5.2353533948385795,6.556223870250761,0.02925000000000039,0.0392500000000003,False,True,251.76595848247217,263.5575357475615,11.791577265089302,False,1
1759,2012-12-28,245.85,248.45221560390206,2.602215603902067,-2.602215603902067,5.901579565597444,6.546401169521516,0.02450000000000039,0.0395000000000003,True,True,242.55063603830462,254.99861677342358,12.44798073511896,True,0
1760,2012-12-31,243.75,245.80211423461222,2.052114234612219,-2.052114234612219,5.901579565597444,6.546401169521516,0.02475000000000039,0.0397500000000003,True,True,239.90053466901477,252.34851540413374,12.44798073511896,True,0
1761,2013-01-02,256.08,243.67605666484826,-12.403943335151723,12.403943335151723,5.64943776497222,6.542630751341889,0.02500000000000039,0.0400000000000003,True,False,238.02661889987604,250.21868741619016,12.192068516314123,False,1
1762,2013-01-03,257.27,255.4528694207951,-1.8171305792048713,1.8171305792048713,5.64943776497222,7.071300597949119,0.02525000000000039,0.0352500000000003,True,True,249.8034316558229,262.52417001874426,12.720738362921367,True,0
1763,2013-01-04,257.58,257.0392809472698,-0.5407190527301964,0.5407190527301964,5.64943776497222,7.071300597949119,0.02550000000000039,0.0355000000000003,True,True,251.38984318229757,264.1105815452189,12.720738362921338,True,0
1764,2013-01-07,262.97,257.4092251163109,-5.560774883689135,5.560774883689135,5.545091823505189,7.06697954095597,0.02575000000000039,0.0357500000000003,True,True,251.86413329280572,264.47620465726686,12.612071364461144,True,0
1765,2013-01-08,267.07,262.6100158091672,-4.459984190832813,4.459984190832813,5.545091823505189,7.06697954095597,0.02600000000000039,0.0360000000000003,True,True,257.064923985662,269.67699535012315,12.612071364461144,True,0
1766,2013-01-09,268.17,266.7496389155871,-1.4203610844128889,1.4203610844128889,5.491396381162531,7.06697954095597,0.02625000000000039,0.0362500000000003,True,True,261.2582425344246,273.8166184565431,12.5583759221185,True,0
1767,2013-01-10,268.54,267.96595998045154,-0.5740400195484767,0.5740400195484767,5.491396381162531,6.870571202061143,0.02650000000000039,0.0365000000000003,True,True,262.474563599289,274.83653118251266,12.361967583223645,True,0
1768,2013-01-11,265.1,268.36968611998077,3.269686119980747,-3.269686119980747,5.45012046181634,6.870571202061143,0.02675000000000039,0.0367500000000003,True,True,262.9195656581644,275.2402573220419,12.320691663877483,True,0
1769,2013-01-14,268.0,265.07079071437556,-2.929209285624438,2.929209285624438,5.45012046181634,6.836116549953033,0.027000000000000392,0.037000000000000303,True,True,259.6206702525592,271.9069072643286,12.286237011769401,True,0
1770,2013-01-15,270.68,267.744172863031,-2.93582713696901,2.93582713696901,5.40617863916691,6.836116549953033,0.027250000000000392,0.037250000000000304,True,True,262.3379942238641,274.58028941298403,12.242295189119943,True,0
1771,2013-01-16,270.53,270.4195428899665,-0.11045711003345104,0.11045711003345104,5.40617863916691,6.774356285789821,0.027500000000000392,0.037500000000000304,True,True,265.0133642507996,277.1938991757563,12.180534924956703,True,0
1772,2013-01-17,271.5,270.37567563684735,-1.1243243631526525,1.1243243631526525,5.399616352598684,6.774356285789821,0.027750000000000392,0.037750000000000304,True,True,264.97605928424866,277.15003192263714,12.173972638388477,True,0
1773,2013-01-18,270.83,271.3105729560606,0.48057295606059824,-0.48057295606059824,5.399616352598684,6.643232732744934,0.028000000000000393,0.038000000000000304,True,True,265.9109566034619,277.9538056888055,12.042849085343619,True,0
1774,2013-01-22,271.62,270.6987787695445,-0.921221230455501,0.921221230455501,5.364702549197887,6.643232732744934,0.028250000000000393,0.038250000000000305,True,True,265.3340762203466,277.34201150228944,12.007935281942821,True,0
1775,2013-01-23,270.57,271.438280444503,0.8682804445030001,-0.8682804445030001,5.364702549197887,6.600213493306498,0.028500000000000393,0.038500000000000305,True,True,266.0735778953051,278.0384939378095,11.964916042504399,True,0
1776,2013-01-24,269.37,270.4530142970503,1.0830142970502834,-1.0830142970502834,5.2671958537235355,6.600213493306498,0.028750000000000393,0.038750000000000305,True,True,265.18581844332675,277.0532277903568,11.867409347030048,True,0
1777,2013-01-25,275.0,269.26207301530997,-5.737926984690034,5.737926984690034,5.2671958537235355,6.556223870250761,0.029000000000000394,0.039000000000000305,True,True,263.99487716158643,275.8182968855607,11.823419723974268,True,0
1778,2013-01-28,283.78,274.638090524655,-9.14190947534496,9.14190947534496,5.2671958537235355,6.556223870250761,0.029250000000000394,0.039250000000000305,True,False,269.3708946709315,281.19431439490575,11.823419723974268,False,1
1779,2013-01-29,275.35,283.2889075902929,7.938907590292899,-7.938907590292899,5.2353533948385795,7.112467262740665,0.029500000000000394,0.03450000000000031,False,True,278.05355419545435,290.4013748530336,12.347820657579234,False,1
1780,2013-01-30,283.0,275.4840006440527,-7.515999355947315,7.515999355947315,5.901579565597444,7.112467262740665,0.024750000000000393,0.03475000000000031,True,False,269.58242107845524,282.59646790679335,13.01404682833811,False,1
1781,2013-01-31,271.04,282.57511699579123,11.535116995791213,-11.535116995791213,5.901579565597444,7.775193047983606,0.025000000000000393,0.030000000000000308,False,True,276.6735374301938,290.3503100437748,13.676772613581022,False,1
1782,2013-02-01,268.93,271.328378780986,2.398378780985979,-2.398378780985979,6.492310138689447,7.775193047983606,0.020250000000000393,0.030250000000000308,True,True,264.83606864229654,279.1035718289696,14.267503186673082,True,0
1783,2013-02-04,262.78,268.8724083931471,6.092408393147139,-6.092408393147139,6.492310138689447,7.686476547247764,0.020500000000000393,0.030500000000000308,True,True,262.38009825445766,276.5588849403949,14.178786685937212,True,0
1784,2013-02-05,262.0,262.85668194118506,0.8566819411850588,-0.8566819411850588,6.492310138689447,7.686476547247764,0.020750000000000393,0.03075000000000031,True,True,256.3643718024956,270.5431584884328,14.178786685937212,True,0
1785,2013-02-06,265.16,261.87647317218045,-3.2835268278195713,3.2835268278195713,6.319158763857388,7.586408126159938,0.021000000000000393,0.03100000000000031,True,True,255.55731440832307,269.4628812983404,13.905566890017326,True,0
1786,2013-02-07,264.1,264.8817180110344,0.7817180110343998,-0.7817180110343998,6.319158763857388,7.586408126159938,0.021250000000000394,0.031250000000000305,True,True,258.56255924717703,272.46812613719436,13.905566890017326,True,0
1787,2013-02-08,261.4,263.97976111217304,2.5797611121730597,-2.5797611121730597,6.307734359826526,7.515999355947315,0.021500000000000394,0.031500000000000306,True,True,257.6720267523465,271.49576046812035,13.82373371577387,True,0
1788,2013-02-11,263.2,261.3457640767164,-1.854235923283568,1.854235923283568,6.307734359826526,7.515999355947315,0.021750000000000394,0.031750000000000306,True,True,255.0380297168899,268.86176343266374,13.823733715773841,True,0
1789,2013-02-12,259.19,262.9758057985828,3.785805798582828,-3.785805798582828,6.300506514521345,7.44716251038102,0.022000000000000394,0.032000000000000306,True,True,256.67529928406145,270.42296830896385,13.747669024902393,True,0
1790,2013-02-13,261.53,259.18257124708936,-2.3474287529106164,2.3474287529106164,6.300506514521345,7.44716251038102,0.022250000000000394,0.032250000000000306,True,True,252.882064732568,266.6297337574704,13.747669024902365,True,0
1791,2013-02-14,267.37,261.2850640687381,-6.084935931261896,6.084935931261896,6.2876329013486725,7.407676093026502,0.022500000000000395,0.032500000000000306,True,True,254.99743116738944,268.6927401617646,13.695308994375182,True,0
1792,2013-02-15,267.63,266.98336136391487,-0.6466386360851288,0.6466386360851288,6.2876329013486725,7.407676093026502,0.022750000000000395,0.03275000000000031,True,True,260.6957284625662,274.3910374569414,13.695308994375182,True,0
1793,2013-02-19,265.91,267.4556775171936,1.5456775171935533,-1.5456775171935533,6.241705172505334,7.309480326726231,0.023000000000000395,0.03300000000000031,True,True,261.2139723446883,274.76515784391984,13.551185499231565,True,0
1794,2013-02-20,270.2,265.8175731383787,-4.382426861621298,4.382426861621298,6.241705172505334,7.309480326726231,0.023250000000000395,0.03325000000000031,True,True,259.5758679658734,273.12705346510495,13.551185499231565,True,0
1795,2013-02-21,265.12,269.87917868878475,4.759178688784743,-4.759178688784743,6.098298994795698,7.1913533907224405,0.023500000000000396,0.03350000000000031,True,True,263.78087969398905,277.0705320795072,13.289652385518139,True,0
1796,2013-02-22,266.62,265.15116958998857,-1.468830410011435,1.468830410011435,6.098298994795698,7.1913533907224405,0.023750000000000396,0.03375000000000031,True,True,259.05287059519287,272.342522980711,13.289652385518139,True,0
1797,2013-02-25,266.94,266.4096198182646,-0.5303801817353815,0.5303801817353815,6.092408393147139,7.13556167303318,0.024000000000000396,0.03400000000000031,True,True,260.3172114251175,273.5451814912978,13.227970066180319,True,0
1798,2013-02-26,260.89,266.7680222887985,5.8780222887984905,-5.8780222887984905,6.092408393147139,7.13556167303318,0.024250000000000396,0.03425000000000031,True,True,260.67561389565134,273.90358396183166,13.227970066180319,True,0
1799,2013-02-27,259.4,260.96218381255727,1.5621838125572935,-1.5621838125572935,6.026140789719079,7.112467262740665,0.024500000000000396,0.03450000000000031,True,True,254.9360430228382,268.07465107529794,13.138608052459745,True,0
1800,2013-02-28,261.81,259.3056114558444,-2.5043885441555744,2.5043885441555744,6.026140789719079,7.112467262740665,0.024750000000000397,0.03475000000000031,True,True,253.27947066612535,266.4180787185851,13.138608052459745,True,0
1801,2013-03-01,263.27,261.55988709798515,-1.7101129020148278,1.7101129020148278,5.937233423078084,7.075858099101708,0.025000000000000397,0.03500000000000031,True,True,255.62265367490707,268.63574519708686,13.013091522179792,True,0
1802,2013-03-04,265.36,263.0514869463695,-2.30851305363052,2.30851305363052,5.937233423078084,7.075858099101708,0.025250000000000397,0.03525000000000031,True,True,257.1142535232914,270.1273450454712,13.01309152217982,True,0
1803,2013-03-05,274.0,265.1186657686148,-8.88133423138521,8.88133423138521,5.937233423078084,7.075858099101708,0.025500000000000397,0.03550000000000031,True,False,259.1814323455367,272.1945238677165,13.01309152217982,False,1
1804,2013-03-06,275.76,273.5034686095035,-2.256531390496491,2.256531390496491,5.901579565597444,7.686476547247764,0.025750000000000398,0.03075000000000031,True,True,267.60188904390606,281.18994515675126,13.588056112845209,True,0
1805,2013-03-07,274.1,275.5252806567825,1.4252806567824905,-1.4252806567824905,5.901579565597444,7.686476547247764,0.026000000000000398,0.03100000000000031,True,True,269.62370109118507,283.2117572040303,13.588056112845209,True,0
1806,2013-03-08,275.0,274.0037644107096,-0.9962355892903929,0.9962355892903929,5.8780222887984905,7.586408126159938,0.026250000000000398,0.031250000000000305,True,True,268.1257421219111,281.59017253686955,13.464430414958429,True,0
1807,2013-03-11,273.43,274.81062437418313,1.3806243741831281,-1.3806243741831281,5.8780222887984905,7.586408126159938,0.026500000000000398,0.031500000000000306,True,True,268.93260208538464,282.3970325003431,13.464430414958429,True,0
1808,2013-03-12,271.0,273.3311999712734,2.3311999712734064,-2.3311999712734064,5.64943776497222,7.515999355947315,0.0267500000000004,0.031750000000000306,True,True,267.6817622063012,280.8471993272207,13.165437120919535,True,0
1809,2013-03-13,275.24,270.9362397066066,-4.303760293393395,4.303760293393395,5.64943776497222,7.515999355947315,0.0270000000000004,0.032000000000000306,True,True,265.2868019416344,278.45223906255393,13.165437120919535,True,0
1810,2013-03-14,269.67,274.9223882482173,5.252388248217301,-5.252388248217301,5.545091823505189,7.44716251038102,0.0272500000000004,0.032250000000000306,True,True,269.37729642471214,282.36955075859834,12.992254333886194,True,0
1811,2013-03-15,264.98,269.718648175528,4.738648175527999,-4.738648175527999,5.545091823505189,7.44716251038102,0.0275000000000004,0.032500000000000306,True,True,264.17355635202284,277.16581068590904,12.992254333886194,True,0
1812,2013-03-18,259.3,265.00611000769396,5.706110007693951,-5.706110007693951,5.491396381162531,7.407676093026502,0.0277500000000004,0.03275000000000031,False,True,259.51471362653143,272.4137861007205,12.89907247418904,False,1
1813,2013-03-19,258.4,259.35831504158506,0.958315041585081,-0.958315041585081,6.241705172505334,7.407676093026502,0.0230000000000004,0.03300000000000031,True,True,253.11660986907972,266.76599113461157,13.649381265531844,True,0
1814,2013-03-20,258.05,258.2798593937486,0.22985939374859754,-0.22985939374859754,6.098298994795698,7.309480326726231,0.0232500000000004,0.03325000000000031,True,True,252.1815603989529,265.58933972047487,13.407779321521957,True,0
1815,2013-03-21,256.11,257.9043137576814,1.7943137576813797,-1.7943137576813797,6.098298994795698,7.309480326726231,0.0235000000000004,0.03350000000000031,True,True,251.8060147628857,265.2137940844076,13.4077793215219,True,0
1816,2013-03-22,254.55,256.02379981181565,1.4737998118156383,-1.4737998118156383,6.092408393147139,7.1913533907224405,0.0237500000000004,0.03375000000000031,True,True,249.9313914186685,263.2151532025381,13.28376178386958,True,0
1817,2013-03-25,258.58,254.4510789230513,-4.1289210769486715,4.1289210769486715,6.092408393147139,7.1913533907224405,0.0240000000000004,0.03400000000000031,True,True,248.35867052990417,261.6424323137737,13.28376178386955,True,0
1818,2013-03-26,257.05,258.2677770556768,1.2177770556767769,-1.2177770556767769,6.026140789719079,7.13556167303318,0.0242500000000004,0.03425000000000031,True,True,252.2416362659577,265.40333872870997,13.16170246275226,True,0
1819,2013-03-27,258.75,256.94388069113285,-1.806119308867153,1.806119308867153,6.026140789719079,7.13556167303318,0.0245000000000004,0.03450000000000031,True,True,250.91773990141377,264.079442364166,13.16170246275226,True,0
1820,2013-03-28,265.82,258.52668858805316,-7.293311411946831,7.293311411946831,5.937233423078084,7.112467262740665,0.0247500000000004,0.03475000000000031,True,False,252.58945516497508,265.6391558507938,13.049700685818749,False,1
1821,2013-04-01,266.98,265.38657535693966,-1.5934246430603594,1.5934246430603594,5.937233423078084,7.775193047983606,0.0250000000000004,0.030000000000000308,True,True,259.44934193386155,273.16176840492324,13.71242647106169,True,0
1822,2013-04-02,262.4,266.7682866428716,4.368286642871624,-4.368286642871624,5.937233423078084,7.686476547247764,0.0252500000000004,0.030250000000000308,True,True,260.8310532197935,274.45476319011937,13.623709970325876,True,0
1823,2013-04-03,262.12,262.4100077738699,0.2900077738698883,-0.2900077738698883,5.901579565597444,7.686476547247764,0.0255000000000004,0.030500000000000308,True,True,256.50842820827245,270.09648432111766,13.588056112845209,True,0
1824,2013-04-04,259.23,261.9764909754755,2.746490975475467,-2.746490975475467,5.901579565597444,7.586408126159938,0.0257500000000004,0.03075000000000031,True,True,256.07491140987804,269.5628991016354,13.487987691757382,True,0
1825,2013-04-05,255.72,259.1787166826172,3.458716682617222,-3.458716682617222,5.8780222887984905,7.586408126159938,0.0260000000000004,0.03100000000000031,True,True,253.30069439381873,266.76512480877716,13.464430414958429,True,0
1826,2013-04-08,255.92,255.69479132638583,-0.22520867361416208,0.22520867361416208,5.8780222887984905,7.515999355947315,0.0262500000000004,0.031250000000000305,True,True,249.81676903758733,263.21079068233314,13.394021644745806,True,0
1827,2013-04-09,258.85,255.75665220009307,-3.093347799906951,3.093347799906951,5.706110007693951,7.515999355947315,0.0265000000000004,0.031500000000000306,True,True,250.05054219239912,263.2726515560404,13.222109363641266,True,0
1828,2013-04-10,261.78,258.5783366630822,-3.201663336917761,3.201663336917761,5.706110007693951,7.44716251038102,0.026750000000000402,0.031750000000000306,True,True,252.87222665538826,266.02549917346323,13.15327251807497,True,0
1829,2013-04-11,264.74,261.50466425562803,-3.23533574437198,3.23533574437198,5.64943776497222,7.44716251038102,0.027000000000000402,0.032000000000000306,True,True,255.8552264906558,268.95182676600905,13.09660027535324,True,0
1830,2013-04-12,270.12,264.46393824093195,-5.656061759068052,5.656061759068052,5.64943776497222,7.44716251038102,0.027250000000000402,0.032250000000000306,True,True,258.81450047595973,271.911100751313,13.09660027535324,True,0
1831,2013-04-15,271.08,269.7531140587842,-1.326885941215778,1.326885941215778,5.545091823505189,7.407676093026502,0.027500000000000403,0.032500000000000306,True,True,264.20802223527903,277.1607901518107,12.952767916531684,True,0
1832,2013-04-16,269.31,270.87781844986495,1.5678184498649443,-1.5678184498649443,5.545091823505189,7.407676093026502,0.027750000000000403,0.03275000000000031,True,True,265.3327266263598,278.28549454289146,12.952767916531684,True,0
1833,2013-04-17,270.8,269.21397339164486,-1.586026608355155,1.586026608355155,5.491396381162531,7.309480326726231,0.028000000000000403,0.03300000000000031,True,True,263.7225770104823,276.5234537183711,12.80087670788879,True,0
1834,2013-04-18,266.81,270.5854977033803,3.7754977033803243,-3.7754977033803243,5.491396381162531,7.309480326726231,0.028250000000000403,0.03325000000000031,True,True,265.0941013222178,277.8949780301066,12.80087670788879,True,0
1835,2013-04-19,258.16,266.7955174214512,8.635517421451198,-8.635517421451198,5.45012046181634,7.293311411946831,0.028500000000000403,0.03350000000000031,False,True,261.34539695963485,274.08882883339805,12.7434318737632,False,1
1836,2013-04-22,259.35,258.31857287598126,-1.0314271240187622,1.0314271240187622,6.098298994795698,7.293311411946831,0.023750000000000403,0.03375000000000031,True,True,252.22027388118556,265.6118842879281,13.39161040674253,True,0
1837,2013-04-23,264.5,259.15481498347134,-5.34518501652866,5.34518501652866,6.092408393147139,7.1913533907224405,0.024000000000000403,0.03400000000000031,True,True,253.0624065903242,266.3461683741938,13.28376178386958,True,0
1838,2013-04-24,269.5,264.1439394137409,-5.356060586259105,5.356060586259105,6.092408393147139,7.1913533907224405,0.024250000000000403,0.03425000000000031,True,True,258.05153102059376,271.33529280446334,13.28376178386958,True,0
1839,2013-04-25,271.53,269.14440490134604,-2.385595098653937,2.385595098653937,6.026140789719079,7.13556167303318,0.024500000000000403,0.03450000000000031,True,True,263.11826411162696,276.2799665743792,13.16170246275226,True,0
1840,2013-04-26,269.97,271.28634716097366,1.3163471609736348,-1.3163471609736348,6.026140789719079,7.13556167303318,0.024750000000000404,0.03475000000000031,True,True,265.2602063712546,278.42190883400684,13.16170246275226,True,0
1841,2013-04-29,254.9,269.86254437409934,14.962544374099338,-14.962544374099338,5.937233423078084,7.112467262740665,0.025000000000000404,0.03500000000000031,False,True,263.9253109510213,276.97501163684,13.04970068581872,False,1
1842,2013-04-30,249.37,255.27610438362981,5.90610438362981,-5.90610438362981,6.509623189394347,7.112467262740665,0.020250000000000403,0.03525000000000031,True,True,248.76648119423547,262.38857164637045,13.622090452134984,True,0
1843,2013-05-01,253.9,249.42781161410304,-4.47218838589697,4.47218838589697,6.509623189394347,7.075858099101708,0.020500000000000403,0.03550000000000031,True,True,242.9181884247087,256.5036697132048,13.585481288496084,True,0
1844,2013-05-02,248.94,253.58861297306183,4.64861297306183,-4.64861297306183,6.492310138689447,7.075858099101708,0.020750000000000404,0.03575000000000031,True,True,247.09630283437238,260.66447107216356,13.568168237791184,True,0
1845,2013-05-03,256.14,248.94802675385662,-7.1919732461433625,7.1919732461433625,6.492310138689447,7.071300597949119,0.021000000000000404,0.03600000000000031,True,False,242.45571661516718,256.0193273518057,13.563610736638537,False,1
1846,2013-05-06,258.09,255.72154188244582,-2.3684581175541553,2.3684581175541553,6.319158763857388,7.515999355947315,0.021250000000000404,0.03125000000000031,True,True,249.40238311858843,263.23754123839313,13.835158119804703,True,0
1847,2013-05-07,256.31,257.8433665753412,1.5333665753411765,-1.5333665753411765,6.319158763857388,7.44716251038102,0.021500000000000404,0.03150000000000031,True,True,251.5242078114838,265.2905290857222,13.766321274238408,True,0
1848,2013-05-08,256.87,256.2089752945113,-0.6610247054887282,0.6610247054887282,6.307734359826526,7.44716251038102,0.021750000000000404,0.03175000000000031,True,True,249.90124093468475,263.6561378048923,13.754896870207546,True,0
1849,2013-05-09,258.73,256.691562524787,-2.0384374752130157,2.0384374752130157,6.307734359826526,7.407676093026502,0.022000000000000405,0.03200000000000031,True,True,250.38382816496048,264.0992386178135,13.715410452853035,True,0
1850,2013-05-10,260.88,258.49918093936196,-2.380819060638032,2.380819060638032,6.300506514521345,7.407676093026502,0.022250000000000405,0.03225000000000031,True,True,252.19867442484062,265.9068570323885,13.708182607547855,True,0
1851,2013-05-13,262.77,260.635671518117,-2.13432848188296,2.13432848188296,6.300506514521345,7.309480326726231,0.022500000000000405,0.03250000000000031,True,True,254.33516500359568,267.9451518448433,13.609986841247604,True,0
1852,2013-05-14,264.5,262.5344787446255,-1.9655212553744832,1.9655212553744832,6.2876329013486725,7.309480326726231,0.022750000000000405,0.032750000000000314,True,True,256.24684584327684,269.8439590713517,13.597113228074875,True,0
1853,2013-05-15,267.07,264.2707695564063,-2.7992304435936717,2.7992304435936717,6.2876329013486725,7.293311411946831,0.023000000000000406,0.033000000000000314,True,True,257.98313665505765,271.56408096835315,13.580944313295504,True,0
1854,2013-05-16,265.96,266.8104255422461,0.8504255422461142,-0.8504255422461142,6.241705172505334,7.293311411946831,0.023250000000000406,0.033250000000000314,True,True,260.56872036974073,274.1037369541929,13.535016584452194,True,0
1855,2013-05-17,265.83,265.8322306900394,0.0022306900394255536,-0.0022306900394255536,6.241705172505334,7.1919732461433625,0.023500000000000406,0.033500000000000314,True,True,259.59052551753405,273.02420393618274,13.433678418648697,True,0
1856,2013-05-20,269.0,265.67388123276874,-3.3261187672312644,3.3261187672312644,6.098298994795698,7.1919732461433625,0.023750000000000406,0.033750000000000314,True,True,259.57558223797304,272.86585447891207,13.290272240939032,True,0
1857,2013-05-21,268.74,268.721851561686,-0.01814843831402868,0.01814843831402868,6.098298994795698,7.1913533907224405,0.024000000000000406,0.034000000000000315,True,True,262.6235525668903,275.9132049524084,13.289652385518139,True,0
1858,2013-05-22,267.39,268.58007041784975,1.1900704178497676,-1.1900704178497676,6.092408393147139,7.1913533907224405,0.024250000000000407,0.034250000000000315,True,True,262.4876620247026,275.7714238085722,13.28376178386958,True,0
1859,2013-05-23,260.49,267.2761297217407,6.786129721740679,-6.786129721740679,6.092408393147139,7.13556167303318,0.024500000000000407,0.034500000000000315,False,True,261.18372132859355,274.41169139477387,13.227970066180319,False,1
1860,2013-05-24,259.85,260.5756744527149,0.725674452714884,-0.725674452714884,6.695297591312965,7.13556167303318,0.019750000000000406,0.034750000000000315,True,True,253.88037686140194,267.7112361257481,13.830859264346145,True,0
1861,2013-05-28,266.48,259.72371573147655,-6.756284268523473,6.756284268523473,6.663221430392326,7.112467262740665,0.020000000000000406,0.035000000000000316,True,True,253.06049430108422,266.8361829942172,13.775688693132992,True,0
1862,2013-05-29,265.46,266.07626975975467,0.6162697597546867,-0.6162697597546867,6.663221430392326,7.112467262740665,0.020250000000000407,0.035250000000000316,True,True,259.41304832936237,273.18873702249533,13.775688693132963,True,0
1863,2013-05-30,265.71,265.31754036760725,-0.39245963239272896,0.39245963239272896,6.509623189394347,7.075858099101708,0.020500000000000407,0.035500000000000316,True,True,258.8079171782129,272.39339846670896,13.585481288496055,True,0
1864,2013-05-31,266.0,265.54022228999395,-0.45977771000605117,0.45977771000605117,6.509623189394347,7.075858099101708,0.020750000000000407,0.035750000000000316,True,True,259.0305991005996,272.61608038909566,13.585481288496055,True,0
1865,2013-06-03,265.38,265.82570839709496,0.44570839709496113,-0.44570839709496113,6.492310138689447,7.071300597949119,0.021000000000000407,0.036000000000000316,True,True,259.3333982584055,272.8970089950441,13.563610736638566,True,0
1866,2013-06-04,267.0,265.2385074233216,-1.7614925766783927,1.7614925766783927,6.492310138689447,7.071300597949119,0.021250000000000407,0.03625000000000032,True,True,258.74619728463216,272.3098080212707,13.563610736638566,True,0
1867,2013-06-05,265.81,266.77943998823076,0.9694399882307607,-0.9694399882307607,6.319158763857388,7.06697954095597,0.021500000000000408,0.03650000000000032,True,True,260.4602812243734,273.84641952918673,13.386138304813358,True,0
1868,2013-06-06,267.75,265.68582403891816,-2.064175961081844,2.064175961081844,6.319158763857388,7.06697954095597,0.021750000000000408,0.03675000000000032,True,True,259.36666527506077,272.7528035798741,13.386138304813358,True,0
1869,2013-06-07,269.74,267.51894393999305,-2.2210560600069584,2.2210560600069584,6.307734359826526,6.870571202061143,0.022000000000000408,0.03700000000000032,True,True,261.2112095801665,274.38951514205417,13.178305561887669,True,0
1870,2013-06-10,276.68,269.4995488261635,-7.180451173836502,7.180451173836502,6.307734359826526,6.870571202061143,0.02225000000000041,0.03725000000000032,True,False,263.19181446633695,276.3701200282246,13.178305561887669,False,1
1871,2013-06-11,276.0,276.2585069337593,0.2585069337592927,-0.2585069337592927,6.300506514521345,7.309480326726231,0.02250000000000041,0.03250000000000032,True,True,269.9580004192379,283.56798726048555,13.609986841247633,True,0
1872,2013-06-12,276.6,275.8447139446412,-0.7552860553587948,0.7552860553587948,6.300506514521345,7.293311411946831,0.02275000000000041,0.03275000000000032,True,True,269.54420743011985,283.13802535658806,13.593817926468205,True,0
1873,2013-06-13,271.5,276.4159810706713,4.915981070671307,-4.915981070671307,6.2876329013486725,7.293311411946831,0.02300000000000041,0.03300000000000032,True,True,270.12834816932263,283.70929248261814,13.580944313295504,True,0
1874,2013-06-14,275.0,271.51692884964604,-3.4830711503539646,3.4830711503539646,6.2876329013486725,7.1919732461433625,0.02325000000000041,0.03325000000000032,True,True,265.22929594829736,278.7089020957894,13.479606147492063,True,0
1875,2013-06-17,276.35,274.71950843552224,-1.6304915644777793,1.6304915644777793,6.241705172505334,7.1919732461433625,0.02350000000000041,0.03350000000000032,True,True,268.4778032630169,281.9114816816656,13.433678418648697,True,0
1876,2013-06-18,279.08,276.1290193116196,-2.9509806883804117,2.9509806883804117,6.241705172505334,7.1913533907224405,0.02375000000000041,0.03375000000000032,True,True,269.8873141391142,283.320372702342,13.433058563227803,True,0
1877,2013-06-19,281.26,278.81388635677024,-2.446113643229751,2.446113643229751,6.098298994795698,7.1913533907224405,0.02400000000000041,0.03400000000000032,True,True,272.71558736197454,286.0052397474927,13.289652385518139,True,0
1878,2013-06-20,275.14,281.0112064014752,5.871206401475206,-5.871206401475206,6.098298994795698,7.180451173836502,0.02425000000000041,0.03425000000000032,True,True,274.9129074066795,288.1916575753117,13.2787501686322,True,0
1879,2013-06-21,274.57,275.19004667634766,0.6200466763476697,-0.6200466763476697,6.092408393147139,7.180451173836502,0.02450000000000041,0.03450000000000032,True,True,269.0976382832005,282.37049785018417,13.272859566983641,True,0
1880,2013-06-24,271.29,274.4400594436882,3.1500594436881784,-3.1500594436881784,6.092408393147139,7.13556167303318,0.02475000000000041,0.03475000000000032,True,True,268.34765105054106,281.5756211167214,13.227970066180319,True,0
1881,2013-06-25,272.3,271.2446947669548,-1.0553052330452033,1.0553052330452033,6.026140789719079,7.13556167303318,0.02500000000000041,0.03500000000000032,True,True,265.21855397723573,278.380256439988,13.16170246275226,True,0
1882,2013-06-26,273.98,272.10593712002174,-1.8740628799782826,1.8740628799782826,6.026140789719079,7.112467262740665,0.02525000000000041,0.03525000000000032,True,True,266.07979633030266,279.2184043827624,13.138608052459745,True,0
1883,2013-06-27,279.18,273.75243595451,-5.427564045489987,5.427564045489987,6.026140789719079,7.112467262740665,0.02550000000000041,0.03550000000000032,True,True,267.72629516479094,280.8649032172507,13.138608052459745,True,0
1884,2013-06-28,276.19,278.8225026910637,2.632502691063678,-2.632502691063678,5.937233423078084,7.075858099101708,0.02575000000000041,0.03575000000000032,True,True,272.88526926798556,285.8983607901654,13.01309152217982,True,0
1885,2013-07-01,279.0,276.12183347424457,-2.8781665257554323,2.8781665257554323,5.937233423078084,7.075858099101708,0.02600000000000041,0.03600000000000032,True,True,270.1846000511665,283.1976915733463,13.013091522179764,True,0
1886,2013-07-02,281.04,278.73907577695945,-2.3009242230405675,2.3009242230405675,5.90610438362981,7.071300597949119,0.026250000000000412,0.036250000000000324,True,True,272.8329713933297,285.81037637490857,12.9774049815789,True,0
1887,2013-07-03,282.0,280.79529912830475,-1.2047008716952519,1.2047008716952519,5.90610438362981,7.071300597949119,0.026500000000000412,0.036500000000000324,True,True,274.8891947446749,287.86659972625387,12.977404981578957,True,0
1888,2013-07-05,285.0,281.79637317492023,-3.203626825079766,3.203626825079766,5.901579565597444,7.06697954095597,0.026750000000000412,0.036750000000000324,True,True,275.8947936093228,288.8633527158762,12.968559106553414,True,0
1889,2013-07-08,286.42,284.7245662712514,-1.6954337287486396,1.6954337287486396,5.901579565597444,7.06697954095597,0.027000000000000413,0.037000000000000324,True,True,278.82298670565393,291.79154581220735,12.968559106553414,True,0
1890,2013-07-09,291.0,286.1982030889718,-4.801796911028191,4.801796911028191,5.8780222887984905,6.870571202061143,0.027250000000000413,0.037250000000000325,True,True,280.3201808001733,293.0687742910329,12.748593490859605,True,0
1891,2013-07-10,291.41,290.66701472233444,-0.7429852776655821,0.7429852776655821,5.8780222887984905,6.870571202061143,0.027500000000000413,0.037500000000000325,True,True,284.78899243353595,297.53758592439556,12.748593490859605,True,0
1892,2013-07-11,294.99,291.2228283919538,-3.767171608046226,3.767171608046226,5.871206401475206,6.836116549953033,0.027750000000000413,0.037750000000000325,True,True,285.3516219904786,298.0589449419068,12.707322951428239,True,0
1893,2013-07-12,298.69,294.69644628753724,-3.993553712462756,3.993553712462756,5.871206401475206,6.836116549953033,0.028000000000000413,0.038000000000000325,True,True,288.82523988606204,301.5325628374903,12.707322951428239,True,0
1894,2013-07-15,307.27,298.38767760474013,-8.882322395259848,8.882322395259848,5.706110007693951,6.774356285789821,0.028250000000000414,0.038250000000000325,True,False,292.6815675970462,305.16203389053,12.4804662934838,False,1
1895,2013-07-16,307.3,306.79410817244286,-0.50589182755715,0.50589182755715,5.706110007693951,7.1919732461433625,0.028500000000000414,0.03350000000000033,True,True,301.0879981647489,313.9860814185862,12.898083253837285,True,0
1896,2013-07-17,306.97,307.126427933964,0.15642793396398247,-0.15642793396398247,5.64943776497222,7.1919732461433625,0.028750000000000414,0.03375000000000033,True,True,301.4769901689918,314.31840118010734,12.841411011115554,True,0
1897,2013-07-18,306.27,306.8221130587204,0.5521130587204084,-0.5521130587204084,5.64943776497222,7.1913533907224405,0.029000000000000414,0.03400000000000033,True,True,301.17267529374817,314.01346644944283,12.84079115569466,True,0
1898,2013-07-19,304.39,306.1354202922421,1.7454202922421018,-1.7454202922421018,5.545091823505189,7.1913533907224405,0.029250000000000415,0.03425000000000033,True,True,300.5903284687369,313.32677368296453,12.736445214227615,True,0
1899,2013-07-22,309.25,304.29701408462233,-4.952985915377667,4.952985915377667,5.545091823505189,7.180451173836502,0.029500000000000415,0.03450000000000033,True,True,298.75192226111716,311.47746525845884,12.725542997341677,True,0
1900,2013-07-23,303.16,308.91873784173924,5.758737841739219,-5.758737841739219,5.491396381162531,7.180451173836502,0.029750000000000415,0.03475000000000033,False,True,303.4273414605767,316.09918901557575,12.671847554999033,False,1
1901,2013-07-24,303.02,303.2082083270762,0.18820832707621094,-0.18820832707621094,6.026140789719079,7.13556167303318,0.025000000000000414,0.03500000000000033,True,True,297.1820675373571,310.3437700001094,13.16170246275226,True,0
1902,2013-07-25,299.0,302.872074193088,3.8720741930879967,-3.8720741930879967,5.937233423078084,7.112467262740665,0.025250000000000414,0.03525000000000033,True,True,296.93484077000994,309.98454145582866,13.04970068581872,True,0
1903,2013-07-26,299.55,298.9803964003935,-0.5696035996065234,0.5696035996065234,5.937233423078084,7.112467262740665,0.025500000000000415,0.03550000000000033,True,True,293.04316297731543,306.09286366313415,13.04970068581872,True,0
1904,2013-07-29,311.07,299.3721624216497,-11.697837578350288,11.697837578350288,5.90610438362981,7.075858099101708,0.025750000000000415,0.03575000000000033,True,False,293.4660580380199,306.4480205207514,12.98196248273149,False,1
1905,2013-07-30,307.72,310.48828672085904,2.7682867208590096,-2.7682867208590096,5.90610438362981,7.515999355947315,0.026000000000000415,0.03100000000000033,True,True,304.58218233722926,318.00428607680635,13.422103739577096,True,0
1906,2013-07-31,303.91,307.6604049381326,3.75040493813259,-3.75040493813259,5.901579565597444,7.515999355947315,0.026250000000000415,0.031250000000000326,True,True,301.75882537253517,315.17640429407993,13.41757892154476,True,0
1907,2013-08-01,303.08,303.8909698900856,0.8109698900856301,-0.8109698900856301,5.901579565597444,7.44716251038102,0.026500000000000416,0.031500000000000326,True,True,297.98939032448817,311.33813240046663,13.348742075978464,True,0
1908,2013-08-02,304.63,302.9547154295449,-1.6752845704551191,1.6752845704551191,5.8780222887984905,7.44716251038102,0.026750000000000416,0.03175000000000033,True,True,297.0766931407464,310.4018779399259,13.32518479917951,True,0
1909,2013-08-05,303.4,304.41352817144667,1.0135281714466942,-1.0135281714466942,5.8780222887984905,7.407676093026502,0.027000000000000416,0.03200000000000033,True,True,298.5355058826482,311.8212042644732,13.285698381825,True,0
1910,2013-08-06,300.51,303.2785601265058,2.768560126505804,-2.768560126505804,5.871206401475206,7.407676093026502,0.027250000000000416,0.03225000000000033,True,True,297.4073537250306,310.6862362195323,13.278882494501715,True,0
1911,2013-08-07,300.15,300.45252113642266,0.3025211364226834,-0.3025211364226834,5.871206401475206,7.309480326726231,0.027500000000000416,0.03250000000000033,True,True,294.58131473494745,307.76200146314886,13.180686728201408,True,0
1912,2013-08-08,298.52,300.00496928216324,1.484969282163263,-1.484969282163263,5.758737841739219,7.309480326726231,0.027750000000000417,0.03275000000000033,True,True,294.246231440424,307.3144496088895,13.068218168465478,True,0
1913,2013-08-09,295.68,298.4149691841452,2.7349691841452,-2.7349691841452,5.758737841739219,7.293311411946831,0.028000000000000417,0.03300000000000033,True,True,292.656231342406,305.70828059609204,13.05204925368605,True,0
1914,2013-08-12,295.79,295.6198541025405,-0.1701458974595198,0.1701458974595198,5.706110007693951,7.293311411946831,0.028250000000000417,0.03325000000000033,True,True,289.91374409484655,302.91316551448733,12.999421419640782,True,0
1915,2013-08-13,295.88,295.6265539240672,-0.2534460759327999,0.2534460759327999,5.706110007693951,7.1919732461433625,0.028500000000000417,0.03350000000000033,True,True,289.92044391637324,302.8185271702106,12.898083253837342,True,0
1916,2013-08-14,294.29,295.71145052782106,1.4214505278210368,-1.4214505278210368,5.64943776497222,7.1919732461433625,0.028750000000000418,0.03375000000000033,True,True,290.06201276284884,302.9034237739644,12.841411011115554,True,0
1917,2013-08-15,288.79,294.18143296754727,5.391432967547246,-5.391432967547246,5.64943776497222,7.1913533907224405,0.029000000000000418,0.03400000000000033,True,True,288.53199520257505,301.3727863582697,12.84079115569466,True,0
1918,2013-08-16,286.55,288.8224334487957,2.2724334487957094,-2.2724334487957094,5.545091823505189,7.1913533907224405,0.029250000000000418,0.03425000000000033,True,True,283.27734162529055,296.01378683951816,12.736445214227615,True,0
1919,2013-08-19,285.19,286.4737923329508,1.2837923329507817,-1.2837923329507817,5.545091823505189,7.180451173836502,0.029500000000000418,0.03450000000000033,True,True,280.9287005094456,293.6542435067873,12.725542997341677,True,0
1920,2013-08-20,285.88,285.0761237296778,-0.8038762703221778,0.8038762703221778,5.491396381162531,7.180451173836502,0.02975000000000042,0.03475000000000033,True,True,279.5847273485153,292.2565749035143,12.671847554999033,True,0
1921,2013-08-21,285.09,285.69132854253036,0.601328542530382,-0.601328542530382,5.491396381162531,7.13556167303318,0.03000000000000042,0.03500000000000033,True,True,280.1999321613678,292.82689021556354,12.626958054195711,True,0
1922,2013-08-22,284.8,284.95036668162606,0.15036668162605338,-0.15036668162605338,5.45012046181634,7.13556167303318,0.03025000000000042,0.03525000000000033,True,True,279.5002462198097,292.08592835465925,12.585682134849549,True,0
1923,2013-08-23,291.21,284.6452322537707,-6.564767746229279,6.564767746229279,5.45012046181634,7.112467262740665,0.03050000000000042,0.03550000000000033,True,True,279.19511179195433,291.75769951651137,12.562587724557034,True,0
1924,2013-08-26,290.43,290.8122267953684,0.3822267953684104,-0.3822267953684104,5.40617863916691,7.112467262740665,0.03075000000000042,0.03575000000000033,True,True,285.4060481562015,297.9246940581091,12.518645901907576,True,0
1925,2013-08-27,283.87,290.2789288471691,6.408928847169079,-6.408928847169079,5.40617863916691,7.075858099101708,0.03100000000000042,0.03600000000000033,False,True,284.8727502080022,297.3547869462708,12.482036738268619,False,1
1926,2013-08-28,280.36,283.9369926959771,3.576992695977083,-3.576992695977083,5.90610438362981,7.075858099101708,0.02625000000000042,0.03625000000000033,True,True,278.0308883123473,291.0128507950788,12.98196248273149,True,0
1927,2013-08-29,281.45,280.33149178996524,-1.1185082100347472,1.1185082100347472,5.901579565597444,7.071300597949119,0.02650000000000042,0.03650000000000033,True,True,274.4299122243678,287.40279238791436,12.972880163546563,True,0
1928,2013-08-30,284.59,281.25234141372704,-3.337658586272937,3.337658586272937,5.901579565597444,7.071300597949119,0.02675000000000042,0.03675000000000033,True,True,275.3507618481296,288.32364201167616,12.972880163546563,True,0
1929,2013-09-03,284.73,284.30817260278485,-0.4218273972151678,0.4218273972151678,5.8780222887984905,7.06697954095597,0.02700000000000042,0.03700000000000033,True,True,278.43015031398636,291.3751521437408,12.94500182975446,True,0
1930,2013-09-04,288.33,284.5505734476087,-3.7794265523912713,3.7794265523912713,5.8780222887984905,7.06697954095597,0.02725000000000042,0.03725000000000033,True,True,278.6725511588102,291.6175529885647,12.94500182975446,True,0
1931,2013-09-05,293.63,288.0338079500985,-5.596192049901504,5.596192049901504,5.871206401475206,6.870571202061143,0.02750000000000042,0.03750000000000033,True,True,282.1626015486233,294.90437915215966,12.741777603536377,True,0
1932,2013-09-06,295.33,293.26532397831824,-2.0646760216817484,2.0646760216817484,5.871206401475206,6.870571202061143,0.02775000000000042,0.03775000000000033,True,True,287.39411757684303,300.1358951803794,12.741777603536377,True,0
1933,2013-09-09,297.22,295.09095745463645,-2.129042545363575,2.129042545363575,5.758737841739219,6.836116549953033,0.02800000000000042,0.03800000000000033,True,True,289.33221961289723,301.9270740045895,12.594854391692252,True,0
1934,2013-09-10,300.55,296.98266214088363,-3.5673378591163782,3.5673378591163782,5.758737841739219,6.836116549953033,0.02825000000000042,0.03825000000000033,True,True,291.2239242991444,303.81877869083667,12.594854391692252,True,0
1935,2013-09-11,298.91,300.26159404184097,1.35159404184094,-1.35159404184094,5.706110007693951,6.774356285789821,0.02850000000000042,0.03850000000000033,True,True,294.555484034147,307.03595032763076,12.480466293483744,True,0
1936,2013-09-12,299.39,298.7940042674689,-0.5959957325310938,0.5959957325310938,5.706110007693951,6.774356285789821,0.02875000000000042,0.03875000000000033,True,True,293.08789425977494,305.5683605532587,12.480466293483744,True,0
1937,2013-09-13,300.14,299.20979935310476,-0.93020064689523,0.93020064689523,5.64943776497222,6.756284268523473,0.02900000000000042,0.03900000000000033,True,True,293.56036158813254,305.96608362162823,12.405722033495692,True,0
1938,2013-09-16,299.82,299.94584866444364,0.12584866444365161,-0.12584866444365161,5.64943776497222,6.643232732744934,0.02925000000000042,0.03925000000000033,True,True,294.2964108994714,306.5890813971886,12.292670497717154,True,0
1939,2013-09-17,297.63,299.662952735228,2.0329527352279797,-2.0329527352279797,5.545091823505189,6.643232732744934,0.02950000000000042,0.03950000000000033,True,True,294.1178609117228,306.3061854679729,12.188324556250109,True,0
1940,2013-09-18,304.06,297.54054675692794,-6.519453243072064,6.519453243072064,5.545091823505189,6.600213493306498,0.029750000000000422,0.039750000000000334,True,True,291.99545493342276,304.14076025023445,12.145305316811687,True,0
1941,2013-09-19,313.77,303.6685607821397,-10.101439217860275,10.101439217860275,5.491396381162531,6.600213493306498,0.030000000000000422,0.040000000000000334,True,False,298.1771644009772,310.2687742754462,12.091609874469043,False,1
1942,2013-09-20,312.54,313.24582462767876,0.7058246276787372,-0.7058246276787372,5.491396381162531,7.13556167303318,0.030250000000000422,0.03525000000000034,True,True,307.7544282465162,320.38138630071194,12.626958054195711,True,0
1943,2013-09-23,314.01,312.395447003918,-1.6145529960820113,1.6145529960820113,5.45012046181634,7.13556167303318,0.030500000000000423,0.03550000000000034,True,True,306.9453265421016,319.53100867695116,12.585682134849549,True,0
1944,2013-09-24,312.43,313.79710361331524,1.367103613315237,-1.367103613315237,5.45012046181634,7.112467262740665,0.030750000000000423,0.03575000000000034,True,True,308.3469831514989,320.9095708760559,12.562587724557034,True,0
1945,2013-09-25,314.53,312.3172610702969,-2.2127389297030504,2.2127389297030504,5.40617863916691,7.112467262740665,0.031000000000000423,0.03600000000000034,True,True,306.91108243113,319.4297283330376,12.518645901907576,True,0
1946,2013-09-26,313.9,314.2955128644934,0.39551286449341205,-0.39551286449341205,5.40617863916691,7.075858099101708,0.03125000000000042,0.03625000000000034,True,True,308.8893342253265,321.3713709635951,12.482036738268619,True,0
1947,2013-09-27,316.92,313.75297577258294,-3.1670242274170732,3.1670242274170732,5.399616352598684,7.071300597949119,0.031500000000000423,0.03650000000000034,True,True,308.35335941998426,320.82427637053206,12.470916950547803,True,0
1948,2013-09-30,313.41,316.65136128561676,3.2413612856167333,-3.2413612856167333,5.399616352598684,7.071300597949119,0.031750000000000424,0.03675000000000034,True,True,311.2517449330181,323.7226618835659,12.470916950547803,True,0
1949,2013-10-01,314.22,313.36139372741656,-0.8586062725834722,0.8586062725834722,5.391432967547246,7.06697954095597,0.032000000000000424,0.03700000000000034,True,True,307.9699607598693,320.4283732683725,12.458412508503216,True,0
1950,2013-10-02,318.04,314.03425168076194,-4.00574831923808,4.00574831923808,5.391432967547246,7.06697954095597,0.032250000000000424,0.03725000000000034,True,True,308.6428187132147,321.1012312217179,12.458412508503216,True,0
1951,2013-10-03,320.39,317.73954039497346,-2.6504596050265263,2.6504596050265263,5.364702549197887,6.870571202061143,0.032500000000000424,0.03750000000000034,True,True,312.3748378457756,324.6101115970346,12.235273751259001,True,0
1952,2013-10-04,315.13,320.1357963755277,5.005796375527723,-5.005796375527723,5.364702549197887,6.870571202061143,0.032750000000000425,0.03775000000000034,True,True,314.77109382632983,327.0063675775889,12.235273751259058,True,0
1953,2013-10-07,315.24,315.14329626492685,-0.09670373507316299,0.09670373507316299,5.2671958537235355,6.836116549953033,0.033000000000000425,0.03800000000000034,True,True,309.8761004112033,321.9794128148799,12.103312403676568,True,0
1954,2013-10-08,311.5,315.08356173183677,3.5835617318367667,-3.5835617318367667,5.2671958537235355,6.836116549953033,0.033250000000000425,0.03825000000000034,True,True,309.81636587811323,321.9196782817898,12.103312403676568,True,0
1955,2013-10-09,303.42,311.46441711431436,8.044417114314342,-8.044417114314342,5.252388248217301,6.774356285789821,0.033500000000000425,0.03850000000000034,False,True,306.21202886609706,318.23877340010415,12.026744534007094,False,1
1956,2013-10-10,304.63,303.5385747160958,-1.0914252839041865,1.0914252839041865,5.706110007693951,6.774356285789821,0.028750000000000425,0.03875000000000034,True,True,297.83246470840186,310.31293100188566,12.4804662934838,True,0
1957,2013-10-11,304.77,304.43755947137913,-0.3324405286208503,0.3324405286208503,5.706110007693951,6.756284268523473,0.029000000000000425,0.03900000000000034,True,True,298.7314494636852,311.1938437399026,12.462394276217424,True,0
1958,2013-10-14,309.22,304.59451515897183,-4.625484841028197,4.625484841028197,5.64943776497222,6.756284268523473,0.029250000000000425,0.03925000000000034,True,True,298.9450773939996,311.3507994274953,12.405722033495692,True,0
1959,2013-10-15,309.87,308.89568411401893,-0.9743158859810706,0.9743158859810706,5.64943776497222,6.643232732744934,0.029500000000000425,0.03950000000000034,True,True,303.2462463490467,315.53891684676387,12.292670497717154,True,0
1960,2013-10-16,308.38,309.67016309563303,1.2901630956330337,-1.2901630956330337,5.545091823505189,6.643232732744934,0.029750000000000425,0.03975000000000034,True,True,304.12507127212785,316.31339582837796,12.188324556250109,True,0
1961,2013-10-17,307.07,308.2629970195791,1.1929970195790816,-1.1929970195790816,5.545091823505189,6.600213493306498,0.030000000000000426,0.04000000000000034,True,True,302.7179051960739,314.8632105128856,12.145305316811687,True,0
1962,2013-10-18,319.36,306.95117952563044,-12.408820474369577,12.408820474369577,5.491396381162531,6.600213493306498,0.030250000000000426,0.04025000000000034,True,False,301.4597831444679,313.55139301893695,12.091609874469043,False,1
1963,2013-10-21,329.89,318.758599141928,-11.13140085807197,11.13140085807197,5.491396381162531,7.13556167303318,0.030500000000000426,0.035500000000000344,True,False,313.2672027607655,325.8941608149612,12.626958054195711,False,1
1964,2013-10-22,327.72,329.33015576019915,1.6101557601991203,-1.6101557601991203,5.45012046181634,7.686476547247764,0.030750000000000426,0.030750000000000343,True,True,323.88003529838284,337.0166323074469,13.136597009064076,True,0
1965,2013-10-23,330.84,327.6037311965943,-3.2362688034056646,3.2362688034056646,5.45012046181634,7.686476547247764,0.031000000000000427,0.031000000000000343,True,True,322.153610734778,335.2902077438421,13.136597009064076,True,0
1966,2013-10-24,329.63,330.57630921012577,0.9463092101257757,-0.9463092101257757,5.40617863916691,7.586408126159938,0.03125000000000042,0.03125000000000034,True,True,325.17013057095886,338.1627173362857,12.992586765326848,True,0
1967,2013-10-25,358.6,329.5020032729324,-29.097996727067596,29.097996727067596,5.40617863916691,7.586408126159938,0.031500000000000423,0.03150000000000034,True,False,324.0958246337655,337.08841139909237,12.992586765326848,False,1
1968,2013-10-28,359.92,357.4123972873961,-2.507602712603898,2.507602712603898,5.399616352598684,9.14190947534496,0.031750000000000424,0.02675000000000034,True,True,352.01278093479743,366.5543067627411,14.541525827943644,True,0
1969,2013-10-29,358.96,359.67146314671334,0.7114631467133563,-0.7114631467133563,5.399616352598684,8.899052843011447,0.032000000000000424,0.02700000000000034,True,True,354.27184679411465,368.57051598972475,14.298669195610103,True,0
1970,2013-10-30,362.62,358.84508316337354,-3.77491683662646,3.77491683662646,5.391432967547246,8.899052843011447,0.032250000000000424,0.02725000000000034,True,True,353.4536501958263,367.744136006385,14.290485810558721,True,0
1971,2013-10-31,361.73,362.3536615677683,0.6236615677682948,-0.6236615677682948,5.364702549197887,8.882322395259848,0.032500000000000424,0.02750000000000034,True,True,356.9889590185704,371.23598396302816,14.247024944457735,True,0
1972,2013-11-01,365.63,361.60974244929093,-4.020257550709061,4.020257550709061,5.364702549197887,8.882322395259848,0.032750000000000425,0.02775000000000034,True,True,356.24503990009305,370.4920648445508,14.247024944457735,True,0
1973,2013-11-04,360.12,365.3570849048918,5.237084904891788,-5.237084904891788,5.2671958537235355,8.88133423138521,0.033000000000000425,0.02800000000000034,True,True,360.08988905116826,374.238419136277,14.148530085108746,True,0
1974,2013-11-05,356.78,360.1554717823052,3.375471782305226,-3.375471782305226,5.2671958537235355,8.88133423138521,0.033250000000000425,0.02825000000000034,True,True,354.88827592858166,369.0368060136904,14.148530085108746,True,0
1975,2013-11-06,360.45,356.7565457470035,-3.693454252996503,3.693454252996503,5.252388248217301,8.855407630738071,0.033500000000000425,0.02850000000000034,True,True,351.5041574987862,365.61195337774154,14.107795878955358,True,0
1976,2013-11-07,355.86,360.18463421594873,4.32463421594872,-4.32463421594872,5.252388248217301,8.855407630738071,0.033750000000000425,0.02875000000000034,True,True,354.93224596773143,369.0400418466868,14.107795878955358,True,0
1977,2013-11-08,345.95,355.86020213890015,9.91020213890016,-9.91020213890016,5.237084904891788,8.43241410940513,0.034000000000000426,0.02900000000000034,False,True,350.62311723400836,364.2926162483053,13.669499014296946,False,1
1978,2013-11-11,350.59,346.1369997795708,-4.453000220429203,4.453000220429203,5.706110007693951,8.43241410940513,0.029250000000000425,0.02925000000000034,True,True,340.4308897718768,354.5694138889759,14.138524117099053,True,0
1979,2013-11-12,352.99,350.29802310231133,-2.6919768976886758,2.6919768976886758,5.64943776497222,7.957321863981775,0.029500000000000425,0.029500000000000342,True,True,344.6485853373391,358.25534496629314,13.606759628954023,True,0
1980,2013-11-13,347.4,352.742983917799,5.3429839177990175,-5.3429839177990175,5.64943776497222,7.957321863981775,0.029750000000000425,0.029750000000000342,True,True,347.0935461528268,360.7003057817808,13.606759628954023,True,0
1981,2013-11-14,357.39,347.4284617123591,-9.961538287640906,9.961538287640906,5.545091823505189,7.815822948360108,0.030000000000000426,0.030000000000000342,True,False,341.8833698888539,355.2442846607192,13.360914771865282,False,1
1982,2013-11-15,367.63,356.90211126835834,-10.727888731641656,10.727888731641656,5.545091823505189,9.271350946718002,0.030250000000000426,0.02525000000000034,True,False,351.35701944485317,366.17346221507637,14.816442770223205,False,1
1983,2013-11-18,370.28,367.10304641141175,-3.176953588588219,3.176953588588219,5.491396381162531,12.046558395810933,0.030500000000000426,0.02050000000000034,True,True,361.6116500302492,379.14960480722266,17.537954776973436,True,0
1984,2013-11-19,365.82,370.0215465478528,4.201546547852786,-4.201546547852786,5.491396381162531,11.697837578350288,0.030750000000000426,0.02075000000000034,True,True,364.53015016669025,381.71938412620307,17.18923395951282,True,0
1985,2013-11-20,367.56,365.8197156275382,-1.740284372461815,1.740284372461815,5.45012046181634,11.697837578350288,0.031000000000000427,0.02100000000000034,True,True,360.3695951657219,377.5175532058885,17.1479580401666,True,0
1986,2013-11-21,364.05,367.3701570239524,3.3201570239523903,-3.3201570239523903,5.40617863916691,11.586417839457766,0.03125000000000042,0.02125000000000034,True,True,361.9639783847855,378.9565748634102,16.992596478624705,True,0
1987,2013-11-22,370.0,364.01842320754423,-5.981576792455769,5.981576792455769,5.40617863916691,11.586417839457766,0.031500000000000423,0.021500000000000342,True,True,358.6122445683773,375.60484104700197,16.992596478624648,True,0
1988,2013-11-25,373.82,369.66241478172884,-4.1575852182711515,4.1575852182711515,5.399616352598684,11.13140085807197,0.031750000000000424,0.021750000000000342,True,True,364.26279842913016,380.7938156398008,16.531017210670655,True,0
1989,2013-11-26,377.61,373.5333100240206,-4.076689975979434,4.076689975979434,5.399616352598684,11.13140085807197,0.032000000000000424,0.022000000000000342,True,True,368.1336936714219,384.66471088209255,16.531017210670655,True,0
1990,2013-11-27,383.5,377.3344304750508,-6.1655695249492055,6.1655695249492055,5.391432967547246,10.727888731641656,0.032250000000000424,0.022250000000000342,True,True,371.94299750750355,388.06231920669245,16.1193216991889,True,0
1991,2013-11-29,389.1,383.1584154754721,-5.9415845245279115,5.9415845245279115,5.391432967547246,10.727888731641656,0.032500000000000424,0.022500000000000343,True,True,377.76698250792487,393.88630420711377,16.1193216991889,True,0
1992,2013-12-02,399.0,388.76989659554135,-10.230103404458646,10.230103404458646,5.364702549197887,10.395946211211111,0.032750000000000425,0.022750000000000343,True,True,383.40519404634347,399.1658428067525,15.760648760409026,True,0
1993,2013-12-03,390.11,398.5368781894614,8.426878189461377,-8.426878189461377,5.364702549197887,10.395946211211111,0.033000000000000425,0.023000000000000343,False,True,393.1721756402635,408.93282440067253,15.760648760409026,False,1
1994,2013-12-04,383.5,390.26131477680417,6.76131477680417,-6.76131477680417,5.871206401475206,10.230103404458646,0.028250000000000424,0.023250000000000343,False,True,384.39010837532896,400.4914181812628,16.10130980593385,False,1
1995,2013-12-05,386.65,383.61312814898076,-3.036871851019214,3.036871851019214,6.307734359826526,10.230103404458646,0.023500000000000423,0.023500000000000344,True,True,377.3053937891542,393.8432315534394,16.5378377642852,True,0
1996,2013-12-06,388.35,386.43333997775466,-1.9166600222453667,1.9166600222453667,6.300506514521345,10.101439217860275,0.023750000000000424,0.023750000000000344,True,True,380.1328334632333,396.53477919561493,16.401945732381648,True,0
1997,2013-12-09,388.21,388.15614369468403,-0.05385630531594643,0.05385630531594643,6.300506514521345,10.101439217860275,0.024000000000000424,0.024000000000000344,True,True,381.8556371801627,398.2575829125443,16.40194573238159,True,0
1998,2013-12-10,383.5,388.08220696583976,4.5822069658397595,-4.5822069658397595,6.2876329013486725,9.961538287640906,0.024250000000000424,0.024250000000000344,True,True,381.7945740644911,398.04374525348067,16.24917118898958,True,0
1999,2013-12-11,387.71,383.525660046947,-4.184339953052984,4.184339953052984,6.2876329013486725,9.961538287640906,0.024500000000000424,0.024500000000000344,True,True,377.2380271455983,393.4871983345879,16.24917118898958,True,0
2000,2013-12-12,381.55,387.45151021077646,5.9015102107764505,-5.9015102107764505,6.241705172505334,9.797875923551942,0.024750000000000424,0.024750000000000345,True,True,381.20980503827116,397.2493861343284,16.039581096057248,True,0
2001,2013-12-13,384.62,381.61029551052974,-3.0097044894702663,3.0097044894702663,6.098298994795698,9.482985308867427,0.025000000000000425,0.025000000000000345,True,True,375.51199651573404,391.09328081939714,15.581284303663097,True,0
2002,2013-12-16,385.5,384.39888680134936,-1.101113198650637,1.101113198650637,6.098298994795698,9.482985308867427,0.025250000000000425,0.025250000000000345,True,True,378.30058780655366,393.8818721102168,15.581284303663153,True,0
2003,2013-12-17,391.0,385.3288216030615,-5.671178396938501,5.671178396938501,6.092408393147139,9.482862958331168,0.025500000000000425,0.025500000000000345,True,True,379.23641320991436,394.81168456139267,15.575271351478307,True,0
2004,2013-12-18,389.56,390.68175766513815,1.1217576651381478,-1.1217576651381478,6.092408393147139,9.482862958331168,0.025750000000000425,0.025750000000000346,True,True,384.589349271991,400.1646206234693,15.575271351478307,True,0
2005,2013-12-19,394.36,389.46479308287394,-4.895206917126075,4.895206917126075,6.026140789719079,9.271350946718002,0.026000000000000426,0.026000000000000346,True,True,383.43865229315486,398.73614402959197,15.29749173643711,True,0
2006,2013-12-20,396.84,394.07467795212017,-2.765322047879806,2.765322047879806,6.026140789719079,9.271350946718002,0.026250000000000426,0.026250000000000346,True,True,388.0485371624011,403.3460288988382,15.29749173643711,True,0
2007,2013-12-23,403.69,396.6204037045952,-7.069596295404779,7.069596295404779,5.937233423078084,9.219771232147934,0.026500000000000426,0.026500000000000346,True,True,390.68317028151716,405.84017493674315,15.15700465522599,True,0
2008,2013-12-24,402.52,403.33428280439495,0.8142828043949635,-0.8142828043949635,5.937233423078084,9.219771232147934,0.026750000000000426,0.026750000000000346,True,True,397.39704938131683,412.5540540365429,15.157004655226046,True,0
2009,2013-12-26,401.79,402.4260720904092,0.6360720904091863,-0.6360720904091863,5.90610438362981,9.160111940275755,0.027000000000000426,0.027000000000000347,True,True,396.5199677067794,411.586184030685,15.066216323905564,True,0
2010,2013-12-27,404.65,401.7000506223469,-2.94994937765307,2.94994937765307,5.90610438362981,9.160111940275755,0.027250000000000427,0.027250000000000347,True,True,395.7939462387171,410.8601625626227,15.066216323905564,True,0
2011,2013-12-30,399.41,404.43945517952,5.029455179519971,-5.029455179519971,5.901579565597444,9.14190947534496,0.027500000000000427,0.027500000000000347,True,True,398.53787561392255,413.58136465486496,15.043489040942404,True,0
2012,2013-12-31,394.58,399.4588406470669,4.878840647066909,-4.878840647066909,5.901579565597444,9.14190947534496,0.027750000000000427,0.027750000000000347,True,True,393.55726108146945,408.60075012241185,15.043489040942404,True,0
2013,2014-01-02,398.8,394.6288485228602,-4.1711514771398015,4.1711514771398015,5.9015102107764505,8.899052843011447,0.028000000000000427,0.028000000000000348,True,True,388.72733831208376,403.5279013658717,14.800563053787926,True,0
2014,2014-01-03,398.29,398.5453408492787,0.2553408492786957,-0.2553408492786957,5.9015102107764505,8.899052843011447,0.028250000000000428,0.028250000000000348,True,True,392.64383063850227,407.4443936922902,14.800563053787926,True,0
2015,2014-01-06,395.85,398.1719235236579,2.3219235236578584,-2.3219235236578584,5.8780222887984905,8.882322395259848,0.028500000000000428,0.028500000000000348,True,True,392.2939012348594,407.05424591891773,14.760344684058339,True,0
2016,2014-01-07,395.04,395.8069552031227,0.7669552031226772,-0.7669552031226772,5.8780222887984905,8.882322395259848,0.028750000000000428,0.028750000000000348,True,True,389.9289329143242,404.68927759838255,14.760344684058339,True,0
2017,2014-01-08,398.47,394.9455192743369,-3.5244807256631248,3.5244807256631248,5.871206401475206,8.88133423138521,0.029000000000000428,0.02900000000000035,True,True,389.0743128728617,403.8268535057221,14.752540632860416,True,0
2018,2014-01-09,403.71,398.2296306101538,-5.480369389846203,5.480369389846203,5.871206401475206,8.88133423138521,0.02925000000000043,0.02925000000000035,True,True,392.35842420867857,407.110964841539,14.752540632860416,True,0
2019,2014-01-10,402.53,403.4012089223404,0.8712089223404291,-0.8712089223404291,5.758737841739219,8.855407630738071,0.02950000000000043,0.02950000000000035,True,True,397.6424710806012,412.25661655307846,14.614145472477276,True,0
2020,2014-01-13,397.98,402.4338398087807,4.453839808780685,-4.453839808780685,5.706110007693951,8.43241410940513,0.02975000000000043,0.02975000000000035,True,True,396.72772980108675,410.86625391818586,14.13852411709911,True,0
2021,2014-01-14,392.13,398.00999881817523,5.879998818175238,-5.879998818175238,5.706110007693951,8.43241410940513,0.03000000000000043,0.03000000000000035,False,True,392.3038888104813,406.44241292758034,14.138524117099053,False,1
2022,2014-01-15,398.94,392.20540852051516,-6.734591479484834,6.734591479484834,6.092408393147139,7.957321863981775,0.02525000000000043,0.03025000000000035,True,True,386.113000127368,400.16273038449697,14.049730257128942,True,0
2023,2014-01-16,393.68,398.596726398388,4.916726398387993,-4.916726398387993,6.092408393147139,7.957321863981775,0.02550000000000043,0.03050000000000035,True,True,392.50431800524086,406.55404826236975,14.049730257128886,True,0
2024,2014-01-17,394.26,393.7064141370578,-0.5535858629422137,0.5535858629422137,6.026140789719079,7.815822948360108,0.02575000000000043,0.03075000000000035,True,True,387.6802733473387,401.5222370854179,13.841963738079187,True,0
2025,2014-01-21,403.0,394.1221660783091,-8.877833921690922,8.877833921690922,6.026140789719079,7.815822948360108,0.02600000000000043,0.03100000000000035,True,False,388.09602528859,401.9379890266692,13.841963738079187,False,1
2026,2014-01-22,408.0,402.5722763094203,-5.427723690579683,5.427723690579683,5.937233423078084,9.219771232147934,0.02625000000000043,0.02625000000000035,True,True,396.63504288634226,411.79204754156825,15.15700465522599,True,0
2027,2014-01-23,401.0,407.68303930704803,6.683039307048034,-6.683039307048034,5.937233423078084,9.219771232147934,0.02650000000000043,0.02650000000000035,False,True,401.74580588397,416.90281053919597,15.15700465522599,False,1
2028,2014-01-24,398.16,401.0938405486573,2.9338405486572583,-2.9338405486572583,6.492310138689447,9.160111940275755,0.02175000000000043,0.02675000000000035,True,True,394.60153040996784,410.253952488933,15.652422078965174,True,0
2029,2014-01-27,390.5,398.1487702464912,7.64877024649121,-7.64877024649121,6.492310138689447,9.160111940275755,0.02200000000000043,0.02700000000000035,False,True,391.65646010780176,407.30888218676694,15.652422078965174,False,1
2030,2014-01-28,387.4,390.62727381268473,3.227273812684757,-3.227273812684757,7.101294528237247,9.14190947534496,0.017250000000000428,0.02725000000000035,True,True,383.5259792844475,399.7691832880297,16.243204003582207,True,0
2031,2014-01-29,392.16,387.38516464464755,-4.774835355352479,4.774835355352479,7.101294528237247,9.14190947534496,0.01750000000000043,0.02750000000000035,True,True,380.2838701164103,396.5270741199925,16.243204003582207,True,0
2032,2014-01-30,393.77,391.86990858113205,-1.9000914188679303,1.9000914188679303,6.842809183738666,8.899052843011447,0.01775000000000043,0.02775000000000035,True,True,385.0270993973934,400.7689614241435,15.741862026750141,True,0
2033,2014-01-31,371.76,393.56327228429177,21.80327228429178,-21.80327228429178,6.842809183738666,8.899052843011447,0.01800000000000043,0.02800000000000035,False,True,386.7204631005531,402.4623251273032,15.741862026750084,False,1
2034,2014-02-03,358.98,372.326056464727,13.346056464726985,-13.346056464726985,7.851123178345517,8.882322395259848,0.013250000000000428,0.02825000000000035,False,True,364.4749332863815,381.20837885998685,16.733445573605366,False,1
2035,2014-02-04,349.59,359.30027419759784,9.710274197597869,-9.710274197597869,8.82209149900882,8.882322395259848,0.008500000000000427,0.02850000000000035,False,True,350.478182698589,368.1825965928577,17.70441389426867,False,1
2036,2014-02-05,346.0,349.74719066501024,3.747190665010237,-3.747190665010237,12.728566661525036,8.88133423138521,0.0037500000000004275,0.02875000000000035,True,True,337.01862400348523,358.62852489639545,21.60990089291022,True,0
2037,2014-02-06,347.4,345.9633531599664,-1.4366468400335748,1.4366468400335748,12.198762425887196,8.877833921690922,0.004000000000000428,0.029000000000000352,True,True,333.7645907340792,354.8411870816573,21.076596347578118,True,0
2038,2014-02-07,358.98,347.19401314248023,-11.785986857519788,11.785986857519788,12.198762425887196,8.877833921690922,0.004250000000000428,0.029250000000000352,True,False,334.99525071659303,356.07184706417115,21.076596347578118,False,1
2039,2014-02-10,361.61,358.4390531168808,-3.1709468831192,3.1709468831192,11.535116995791213,9.961538287640906,0.004500000000000428,0.02450000000000035,True,True,346.9039361210896,368.4005914045217,21.49665528343212,True,0
2040,2014-02-11,361.84,361.3318033210112,-0.5081966789887815,0.5081966789887815,11.535116995791213,9.797875923551942,0.004750000000000428,0.02475000000000035,True,True,349.79668632522,371.12967924456314,21.332992919343155,True,0
2041,2014-02-12,356.43,361.6612421141603,5.231242114160295,-5.231242114160295,11.088085541567068,9.482985308867427,0.005000000000000429,0.025000000000000352,True,True,350.57315657259323,371.1442274230277,20.571070850434467,True,0
2042,2014-02-13,347.7,356.4304234332586,8.730423433258636,-8.730423433258636,11.088085541567068,9.482985308867427,0.005250000000000429,0.025250000000000352,True,True,345.34233789169156,365.9134087421261,20.571070850434523,True,0
2043,2014-02-14,359.34,347.81078190166824,-11.52921809833174,11.52921809833174,10.92408695002726,9.482862958331168,0.005500000000000429,0.025500000000000352,True,False,336.88669495164095,357.2936448599994,20.406949908358456,False,1
2044,2014-02-18,355.28,358.82512060536857,3.545120605368595,-3.545120605368595,10.92408695002726,11.697837578350288,0.005750000000000429,0.02075000000000035,True,True,347.9010336553413,370.52295818371886,22.621924528377576,True,0
2045,2014-02-19,352.64,355.20742099926105,2.56742099926106,-2.56742099926106,10.17138112416589,11.697837578350288,0.0060000000000004295,0.02100000000000035,True,True,345.0360398750952,366.90525857761133,21.86921870251615,True,0
2046,2014-02-20,348.8,352.5659033622,3.7659033621999924,-3.7659033621999924,10.17138112416589,11.586417839457766,0.00625000000000043,0.021250000000000352,True,True,342.39452223803414,364.15232120165774,21.7577989636236,True,0
2047,2014-02-21,352.44,348.75757365868213,-3.682426341317864,3.682426341317864,9.922509939345616,11.586417839457766,0.00650000000000043,0.021500000000000352,True,True,338.8350637193365,360.34399149813987,21.508927778803354,True,0
2048,2014-02-24,345.19,352.1646818146585,6.9746818146584815,-6.9746818146584815,9.922509939345616,11.52921809833174,0.00675000000000043,0.021750000000000352,True,True,342.24217187531286,363.6938999129902,21.451728037677356,True,0
2049,2014-02-25,353.0,345.2369409775766,-7.76305902242342,7.76305902242342,9.91020213890016,11.13140085807197,0.00700000000000043,0.022000000000000353,True,True,335.3267388386764,356.36834183564855,21.04160299697213,True,0
2050,2014-02-26,359.86,352.59414860717646,-7.265851392823549,7.265851392823549,9.91020213890016,11.13140085807197,0.007250000000000431,0.022250000000000353,True,True,342.6839464682763,363.72554946524843,21.04160299697213,True,0
2051,2014-02-27,357.22,359.4469899341941,2.22698993419408,-2.22698993419408,9.710274197597869,10.727888731641656,0.007500000000000431,0.022500000000000353,True,True,349.73671573659624,370.17487866583576,20.438162929239525,True,0
2052,2014-02-28,360.6,357.11463410306936,-3.4853658969306593,3.4853658969306593,9.710274197597869,10.727888731641656,0.007750000000000431,0.022750000000000353,True,True,347.4043599054715,367.842522834711,20.438162929239525,True,0
2053,2014-03-03,358.74,360.3307559982188,1.5907559982188104,-1.5907559982188104,9.482504891545119,10.395946211211111,0.00800000000000043,0.023000000000000353,True,True,350.84825110667373,370.72670220942996,19.87845110275623,True,0
2054,2014-03-04,363.9,358.6211729491684,-5.27882705083158,5.27882705083158,9.482504891545119,10.395946211211111,0.00825000000000043,0.023250000000000354,True,True,349.13866805762325,369.0171191603795,19.87845110275623,True,0
2055,2014-03-05,364.13,363.57110363002846,-0.558896369971535,0.558896369971535,9.092261705948445,10.230103404458646,0.00850000000000043,0.023500000000000354,True,True,354.47884192408003,373.8012070344871,19.322365110407077,True,0
2056,2014-03-06,374.05,363.94119189318496,-10.108808106815047,10.108808106815047,9.092261705948445,10.230103404458646,0.008750000000000431,0.023750000000000354,True,True,354.84893018723653,374.1712952976436,19.322365110407077,True,0
2057,2014-03-07,374.58,373.5635764237099,-1.0164235762900944,1.0164235762900944,8.82209149900882,10.108808106815047,0.009000000000000431,0.024000000000000354,True,True,364.74148492470107,383.67238453052494,18.930899605823868,True,0
2058,2014-03-10,372.69,374.3751173875547,1.685117387554726,-1.685117387554726,8.80797472763895,10.108808106815047,0.009250000000000431,0.024250000000000355,True,True,365.56714265991576,384.48392549436977,18.91678283445401,True,0
2059,2014-03-11,370.99,372.5859378015725,1.5959378015725179,-1.5959378015725179,8.80797472763895,10.101439217860275,0.009500000000000432,0.024500000000000355,True,True,363.77796307393356,382.6873770194328,18.90941394549924,True,0
2060,2014-03-12,366.4,370.8850233705457,4.4850233705457185,-4.4850233705457185,8.730423433258636,10.101439217860275,0.009750000000000432,0.024750000000000355,True,True,362.15459993728706,380.98646258840597,18.83186265111891,True,0
2061,2014-03-13,376.62,366.3837640640492,-10.236235935950788,10.236235935950788,8.730423433258636,9.961538287640906,0.010000000000000432,0.025000000000000355,True,False,357.6533406307906,376.3453023516901,18.691961720899542,False,1
2062,2014-03-14,372.8,376.1357438647295,3.3357438647294657,-3.3357438647294657,8.72131187731074,11.785986857519788,0.010250000000000432,0.020250000000000355,True,True,367.41443198741877,387.92173072224926,20.5072987348305,True,0
2063,2014-03-17,375.72,372.73250698616084,-2.9874930138391846,2.9874930138391846,8.72131187731074,11.697837578350288,0.010500000000000433,0.020500000000000355,True,True,364.0111951088501,384.43034456451113,20.419149455661056,True,0
2064,2014-03-18,377.32,375.47123892577525,-1.8487610742247398,1.8487610742247398,8.635517421451198,11.697837578350288,0.010750000000000433,0.020750000000000355,True,True,366.83572150432406,387.16907650412554,20.333354999801486,True,0
2065,2014-03-19,378.77,377.09828833523363,-1.6717116647663488,1.6717116647663488,8.635517421451198,11.586417839457766,0.011000000000000433,0.021000000000000355,True,True,368.46277091378244,388.6847061746914,20.221935260908992,True,0
2066,2014-03-20,370.64,378.5571963619483,7.9171963619482995,-7.9171963619482995,8.52262168284659,11.586417839457766,0.011250000000000433,0.021250000000000355,True,True,370.0345746791017,390.1436142014061,20.109039522304386,True,0
2067,2014-03-21,371.0,370.73216786295643,-0.2678321370435697,0.2678321370435697,8.52262168284659,11.52921809833174,0.011500000000000433,0.021500000000000356,True,True,362.20954618010984,382.26138596128817,20.05183978117833,True,0
2068,2014-03-24,360.09,370.8424875966559,10.752487596655897,-10.752487596655897,8.445680639693741,11.52921809833174,0.011750000000000434,0.021750000000000356,False,True,362.3968069569621,382.3717056949876,19.9748987380255,False,1
2069,2014-03-25,354.03,360.267931104631,6.237931104631002,-6.237931104631002,9.922509939345616,11.13140085807197,0.007000000000000434,0.022000000000000356,True,True,350.34542116528536,371.39933196270295,21.053910797417586,True,0
2070,2014-03-26,357.13,354.07175454718544,-3.0582454528145604,3.0582454528145604,9.91020213890016,10.727888731641656,0.007250000000000434,0.022250000000000356,True,True,344.1615524082853,364.7996432788271,20.638090870541816,True,0
2071,2014-03-27,343.15,356.87033565449457,13.72033565449459,-13.72033565449459,9.91020213890016,10.727888731641656,0.007500000000000434,0.022500000000000357,False,True,346.9601335155944,367.5982243861362,20.638090870541816,False,1
2072,2014-03-28,340.05,343.4134001643125,3.363400164312509,-3.363400164312509,13.72033565449459,10.395946211211111,0.0027500000000004344,0.022750000000000357,True,True,329.69306450981793,353.80934637552366,24.11628186570573,True,0
2073,2014-03-31,342.4,339.99715257219333,-2.4028474278066483,2.4028474278066483,13.346056464726985,10.395946211211111,0.0030000000000004346,0.023000000000000357,True,True,326.65109610746634,350.3930987834044,23.742002675938068,True,0
2074,2014-04-01,338.09,342.1533157122663,4.063315712266331,-4.063315712266331,13.346056464726985,10.236235935950788,0.003250000000000435,0.023250000000000357,True,True,328.8072592475393,352.3895516482171,23.582292400677773,True,0
2075,2014-04-02,345.99,338.0463306940461,-7.943669305953904,7.943669305953904,13.335334764741134,10.236235935950788,0.003500000000000435,0.023500000000000357,True,True,324.710995929305,348.2825666299969,23.571570700691893,True,0
2076,2014-04-03,341.82,345.5617717478407,3.741771747840687,-3.741771747840687,13.335334764741134,10.230103404458646,0.0037500000000004353,0.023750000000000358,True,True,332.2264369830996,355.7918751522993,23.56543816919975,True,0
2077,2014-04-04,335.15,341.76413350541543,6.614133505415452,-6.614133505415452,12.728566661525036,10.230103404458646,0.0040000000000004355,0.024000000000000358,True,True,329.03556684389036,351.9942369098741,22.95867006598371,True,0
2078,2014-04-07,320.99,335.1951060196935,14.205106019693517,-14.205106019693517,12.728566661525036,10.108808106815047,0.004250000000000436,0.024250000000000358,False,True,322.46653935816846,345.3039141265086,22.837374768340112,False,1
2079,2014-04-08,321.88,321.26458220219,-0.6154177978099824,0.6154177978099824,inf,10.108808106815047,-0.0004999999999995642,0.02450000000000036,True,True,-inf,331.37339030900506,inf,True,0
2080,2014-04-09,328.47,321.6965790266101,-6.773420973389932,6.773420973389932,inf,10.101439217860275,-0.00024999999999956416,0.02475000000000036,True,True,-inf,331.79801824447037,inf,True,0
2081,2014-04-10,330.6,328.0765408770633,-2.5234591229367425,2.5234591229367425,inf,9.961538287640906,4.358492733391728e-16,0.02500000000000036,True,True,-inf,338.0380791647042,inf,True,0
2082,2014-04-11,314.0,330.33779006578817,16.33779006578817,-16.33779006578817,inf,9.961538287640906,0.00025000000000043585,0.02525000000000036,True,True,-inf,340.2993283534291,inf,True,0
2083,2014-04-14,317.67,314.33562100388053,-3.334378996119483,3.334378996119483,21.80327228429178,9.797875923551942,0.0005000000000004359,0.02550000000000036,True,True,292.53234871958875,324.1334969274325,31.60114820784372,True,0
2084,2014-04-15,316.7,317.41999790528126,0.719997905281275,-0.719997905281275,21.80327228429178,9.797875923551942,0.0007500000000004359,0.02575000000000036,True,True,295.6167256209895,327.2178738288332,31.60114820784372,True,0
2085,2014-04-16,321.17,316.5430901685435,-4.626909831456544,4.626909831456544,20.037081608587158,9.482985308867427,0.0010000000000004359,0.02600000000000036,True,True,296.5060085599563,326.0260754774109,29.520066917454642,True,0
2086,2014-04-17,319.76,320.84794333200404,1.0879433320040448,-1.0879433320040448,20.037081608587158,9.482985308867427,0.0012500000000004359,0.02625000000000036,True,True,300.8108617234169,330.33092864087143,29.52006691745453,True,0
2087,2014-04-21,323.97,319.61506972544396,-4.354930274556068,4.354930274556068,16.33779006578817,9.482862958331168,0.0015000000000004359,0.02650000000000036,True,True,303.2772796596558,329.0979326837751,25.820653024119338,True,0
2088,2014-04-22,332.0,323.6568137651829,-8.343186234817097,8.343186234817097,16.33779006578817,9.482862958331168,0.0017500000000004359,0.02675000000000036,True,True,307.31902369939473,333.13967672351407,25.820653024119338,True,0
2089,2014-04-23,333.06,331.54590335791937,-1.5140966420806308,1.5140966420806308,15.648951520661825,9.271350946718002,0.002000000000000436,0.02700000000000036,True,True,315.8969518372576,340.81725430463734,24.92030246737977,True,0
2090,2014-04-24,329.67,332.82441538021624,3.1544153802162214,-3.1544153802162214,15.648951520661825,9.271350946718002,0.0022500000000004357,0.02725000000000036,True,True,317.1754638595544,342.09576632693427,24.920302467379884,True,0
2091,2014-04-25,316.25,329.59630106355,13.346301063550015,-13.346301063550015,14.962544374099338,9.219771232147934,0.002500000000000436,0.02750000000000036,True,True,314.6337566894507,338.81607229569795,24.182315606247244,True,0
2092,2014-04-28,304.0,316.50141178875805,12.501411788758048,-12.501411788758048,14.962544374099338,9.160111940275755,0.002750000000000436,0.02775000000000036,True,True,301.53886741465874,325.6615237290338,24.122656314375035,True,0
2093,2014-04-29,296.44,304.22654286711565,7.7865428671156565,-7.7865428671156565,14.205106019693517,9.160111940275755,0.0030000000000004363,0.02800000000000036,True,True,290.02143684742214,313.38665480739144,23.3652179599693,True,0
2094,2014-04-30,298.1,296.51211232485923,-1.5878876751407915,1.5878876751407915,14.205106019693517,9.14190947534496,0.0032500000000004366,0.02825000000000036,True,True,282.3070063051657,305.6540218002042,23.347015495038477,True,0
2095,2014-05-01,304.13,297.88985914119314,-6.240140858806853,6.240140858806853,13.72033565449459,9.14190947534496,0.003500000000000437,0.028500000000000362,True,True,284.16952348669855,307.0317686165381,22.86224512983955,True,0
2096,2014-05-02,310.42,303.7661455609568,-6.6538544390432435,6.6538544390432435,13.72033565449459,8.899052843011447,0.003750000000000437,0.028750000000000362,True,True,290.0458099064622,312.66519840396825,22.619388497506066,True,0
2097,2014-05-05,306.37,310.0382132652748,3.668213265274801,-3.668213265274801,13.346301063550015,8.899052843011447,0.004000000000000437,0.029000000000000362,True,True,296.6919122017248,318.9372661082863,22.24535390656149,True,0
2098,2014-05-06,309.53,306.29907699499483,-3.2309230050051383,3.2309230050051383,13.346301063550015,8.882322395259848,0.0042500000000004375,0.029250000000000363,True,True,292.9527759314448,315.1813993902547,22.228623458809864,True,0
2099,2014-05-07,295.56,309.26520988503603,13.705209885036027,-13.705209885036027,13.346056464726985,8.882322395259848,0.004500000000000438,0.029500000000000363,False,True,295.91915342030904,318.1475322802959,22.228378859986833,False,1
2100,2014-05-08,290.82,295.7963497353798,4.976349735379813,-4.976349735379813,inf,8.88133423138521,-0.0002499999999995622,0.029750000000000363,True,True,-inf,304.677683966765,inf,True,0
2101,2014-05-09,290.57,290.8145009410913,0.24450094109130305,-0.24450094109130305,inf,8.877833921690922,4.378008372496467e-16,0.030000000000000363,True,True,-inf,299.6923348627822,inf,True,0
2102,2014-05-12,294.3,290.41482016046916,-3.885179839530849,3.885179839530849,inf,8.877833921690922,0.0002500000000004378,0.030250000000000363,True,True,-inf,299.2926540821601,inf,True,0
2103,2014-05-13,302.6,294.01522783265204,-8.584772167347978,8.584772167347978,21.80327228429178,8.855407630738071,0.0005000000000004378,0.030500000000000364,True,True,272.21195554836027,302.8706354633901,30.658679915029836,True,0
2104,2014-05-14,302.5,302.1660781291962,-0.3339218708038061,0.3339218708038061,21.80327228429178,8.855407630738071,0.0007500000000004378,0.030750000000000364,True,True,280.3628058449044,311.02148575993425,30.658679915029836,True,0
2105,2014-05-15,298.02,302.30943713520276,4.289437135202775,-4.289437135202775,20.037081608587158,8.584772167347978,0.0010000000000004378,0.031000000000000364,True,True,282.27235552661557,310.89420930255073,28.621853775935165,True,0
2106,2014-05-16,292.8,297.9773635474715,5.1773635474714865,-5.1773635474714865,20.037081608587158,8.584772167347978,0.0012500000000004378,0.03125000000000036,True,True,277.94028193888437,306.5621357148195,28.621853775935108,True,0
2107,2014-05-19,295.76,292.78985783624415,-2.9701421637558383,2.9701421637558383,16.33779006578817,8.43241410940513,0.0015000000000004378,0.03150000000000036,True,True,276.452067770456,301.22227194564925,24.77020417519327,True,0
2108,2014-05-20,297.1,295.5106048864879,-1.5893951135121256,1.5893951135121256,16.33779006578817,8.43241410940513,0.0017500000000004378,0.03175000000000036,True,True,279.1728148206997,303.943018995893,24.77020417519327,True,0
2109,2014-05-21,302.21,296.8786641572665,-5.331335842733495,5.331335842733495,15.648951520661825,8.343186234817097,0.002000000000000438,0.03200000000000036,True,True,281.22971263660463,305.2218503920836,23.99213775547895,True,0
2110,2014-05-22,305.05,301.87835856636883,-3.17164143363118,3.17164143363118,15.648951520661825,7.957321863981775,0.0022500000000004383,0.03225000000000036,True,True,286.22940704570703,309.83568043035064,23.6062733846436,True,0
2111,2014-05-23,305.46,304.77671390031605,-0.6832860996839258,0.6832860996839258,14.962544374099338,7.957321863981775,0.0025000000000004385,0.03250000000000036,True,True,289.8141695262167,312.7340357642978,22.919866238081113,True,0
2112,2014-05-27,314.41,305.2638327571355,-9.146167242864522,9.146167242864522,14.962544374099338,7.943669305953904,0.0027500000000004387,0.03275000000000036,True,False,290.3012883830362,313.2075020630894,22.906213680053213,False,1
2113,2014-05-28,309.5,313.9620981573074,4.462098157307423,-4.462098157307423,14.205106019693517,9.146167242864522,0.003000000000000439,0.02800000000000036,True,True,299.7569921376139,323.10826540017194,23.35127326255804,True,0
2114,2014-05-29,310.42,309.4463911365644,-0.9736088634356292,0.9736088634356292,14.205106019693517,9.146167242864522,0.003250000000000439,0.02825000000000036,True,True,295.24128511687087,318.5925583794289,23.35127326255804,True,0
2115,2014-05-30,314.43,310.2233918823212,-4.2066081176787975,4.2066081176787975,13.72033565449459,9.14190947534496,0.0035000000000004394,0.028500000000000362,True,True,296.5030562278266,319.36530135766617,22.86224512983955,True,0
2116,2014-06-02,312.59,314.1278209327599,1.537820932759928,-1.537820932759928,13.72033565449459,9.14190947534496,0.0037500000000004396,0.028750000000000362,True,True,300.4074852782653,323.26973040810486,22.86224512983955,True,0
2117,2014-06-03,305.75,312.4556039251356,6.70560392513562,-6.70560392513562,13.705209885036027,8.899052843011447,0.00400000000000044,0.029000000000000362,True,True,298.7503940400996,321.35465676814704,22.604262728047445,True,0
2118,2014-06-04,306.85,305.7767139318979,-1.0732860681021066,1.0732860681021066,13.705209885036027,8.899052843011447,0.00425000000000044,0.029250000000000363,True,True,292.0715040468619,314.67576677490933,22.604262728047445,True,0
2119,2014-06-05,308.1,306.65541051305024,-1.4445894869497806,1.4445894869497806,13.346301063550015,8.882322395259848,0.00450000000000044,0.029500000000000363,True,True,293.3091094495002,315.5377329083101,22.228623458809864,True,0
2120,2014-06-06,325.0,307.8815110783252,-17.118488921674782,17.118488921674782,13.346056464726985,8.88133423138521,0.0047500000000004405,0.029750000000000363,True,False,294.53545461359823,316.7628453097104,22.227390696112195,False,1
2121,2014-06-09,331.57,324.30149142937745,-7.268508570622544,7.268508570622544,13.346056464726985,9.961538287640906,0.005000000000000441,0.025000000000000362,True,True,310.95543496465046,334.26302971701836,23.30759475236789,True,0
2122,2014-06-10,327.65,331.1540112170583,3.5040112170583484,-3.5040112170583484,13.335334764741134,9.961538287640906,0.005250000000000441,0.025250000000000362,True,True,317.81867645231716,341.11554950469923,23.296873052382068,True,0
2123,2014-06-11,336.0,327.5611160834905,-8.438883916509496,8.438883916509496,13.335334764741134,9.797875923551942,0.005500000000000441,0.025500000000000363,True,True,314.22578131874934,337.35899200704245,23.133210688293104,True,0
2124,2014-06-12,335.55,335.5781586000576,0.028158600057565764,-0.028158600057565764,12.728566661525036,9.797875923551942,0.005750000000000441,0.025750000000000363,True,True,322.8495919385325,345.3760345236095,22.526442585077007,True,0
2125,2014-06-13,327.05,335.35806783924545,8.308067839245439,-8.308067839245439,12.728566661525036,9.482985308867427,0.006000000000000442,0.026000000000000363,True,True,322.6295011777204,344.8410531481129,22.21155197039252,True,0
2126,2014-06-16,324.86,327.1111676537402,2.251167653740197,-2.251167653740197,12.501411788758048,9.482985308867427,0.006250000000000442,0.026250000000000363,True,True,314.60975586498216,336.5941529626076,21.984397097625447,True,0
2127,2014-06-17,327.54,324.762178825051,-2.777821174948997,2.777821174948997,12.501411788758048,9.482862958331168,0.006500000000000442,0.026500000000000364,True,True,312.260767036293,334.2450417833822,21.984274747089216,True,0
2128,2014-06-18,328.0,327.28399733340683,-0.7160026665931696,0.7160026665931696,12.198762425887196,9.482862958331168,0.006750000000000442,0.026750000000000364,True,True,315.08523490751963,336.766860291738,21.681625384218364,True,0
2129,2014-06-19,335.26,327.7944619144654,-7.465538085534604,7.465538085534604,12.198762425887196,9.271350946718002,0.0070000000000004425,0.027000000000000364,True,True,315.5956994885782,337.0658128611834,21.470113372605226,True,0
2130,2014-06-20,327.76,334.86051111912855,7.100511119128555,-7.100511119128555,11.535116995791213,9.219771232147934,0.007250000000000443,0.027250000000000364,True,True,323.32539412333733,344.0802823512765,20.754888227939148,True,0
2131,2014-06-23,323.33,327.77260262318634,4.44260262318636,-4.44260262318636,11.535116995791213,9.219771232147934,0.007500000000000443,0.027500000000000364,True,True,316.23748562739513,336.9923738553343,20.754888227939148,True,0
2132,2014-06-24,327.54,323.2960912428298,-4.243908757170232,4.243908757170232,11.088085541567068,9.160111940275755,0.007750000000000443,0.027750000000000365,True,True,312.2080057012627,332.4562031831056,20.24819748184285,True,0
2133,2014-06-25,324.33,327.2459777044959,2.9159777044959014,-2.9159777044959014,10.92408695002726,9.160111940275755,0.008000000000000443,0.028000000000000365,True,True,316.32189075446865,336.40608964477167,20.084198890303014,True,0
2134,2014-06-26,328.49,324.226604832568,-4.263395167432009,4.263395167432009,10.92408695002726,9.146167242864522,0.008250000000000443,0.028250000000000365,True,True,313.30251788254077,333.3727720754325,20.070254192891753,True,0
2135,2014-06-27,325.88,328.1920568715499,2.312056871549885,-2.312056871549885,10.752487596655897,9.146167242864522,0.008500000000000443,0.028500000000000365,True,True,317.439569274894,337.3382241144144,19.898654839520418,True,0
2136,2014-06-30,324.98,325.759922312464,0.7799223124640093,-0.7799223124640093,10.752487596655897,9.14190947534496,0.008750000000000443,0.028750000000000366,True,True,315.00743471580813,334.901831787809,19.894397072000856,True,0
2137,2014-07-01,325.86,324.83001185228716,-1.0299881477128565,1.0299881477128565,10.17138112416589,9.14190947534496,0.009000000000000443,0.029000000000000366,True,True,314.65863072812124,333.9719213276321,19.31329059951088,True,0
2138,2014-07-02,333.2,325.6524642930228,-7.547535706977214,7.547535706977214,10.17138112416589,8.899052843011447,0.009250000000000444,0.029250000000000366,True,True,315.4810831688569,334.55151713603425,19.070433967177337,True,0
2139,2014-07-03,334.83,332.79357564923924,-2.03642435076074,2.03642435076074,9.922509939345616,8.882322395259848,0.009500000000000444,0.029500000000000366,True,True,322.8710657098936,341.6758980444991,18.804832334605464,True,0
2140,2014-07-07,337.5,334.57357361901643,-2.926426380983571,2.926426380983571,9.922509939345616,8.882322395259848,0.009750000000000444,0.029750000000000366,True,True,324.6510636796708,343.4558960142763,18.804832334605464,True,0
2141,2014-07-08,333.1,337.23040456602826,4.130404566028233,-4.130404566028233,9.91020213890016,8.88133423138521,0.010000000000000444,0.030000000000000367,True,True,327.3202024271281,346.11173879741347,18.79153637028537,True,0
2142,2014-07-09,324.71,333.0345930339077,8.324593033907718,-8.324593033907718,9.91020213890016,8.88133423138521,0.010250000000000445,0.030250000000000367,True,True,323.12439089500754,341.9159272652929,18.79153637028537,True,0
2143,2014-07-10,324.34,324.7797462801689,0.4397462801689471,-0.4397462801689471,9.710274197597869,8.877833921690922,0.010500000000000445,0.030500000000000367,True,True,315.06947208257105,333.65758020185984,18.58810811928879,True,0
2144,2014-07-11,334.71,324.1915764066067,-10.518423593393265,10.518423593393265,9.482504891545119,8.877833921690922,0.010750000000000445,0.030750000000000367,True,False,314.7090715150616,333.06941032829764,18.360338813236012,False,1
2145,2014-07-14,347.03,334.2183337713885,-12.8116662286115,12.8116662286115,9.482504891545119,9.797875923551942,0.011000000000000445,0.026000000000000367,True,False,324.7358288798433,344.0162096949404,19.28038081509709,False,1
2146,2014-07-15,353.72,346.4469914816081,-7.273008518391919,7.273008518391919,9.092261705948445,11.586417839457766,0.011250000000000445,0.021250000000000366,True,True,337.3547297756597,358.03340932106585,20.67867954540617,True,0
2147,2014-07-16,355.62,353.3028798803127,-2.3171201196873312,2.3171201196873312,9.092261705948445,11.52921809833174,0.011500000000000446,0.021500000000000366,True,True,344.21061817436424,364.8320979786444,20.62147980428017,True,0
2148,2014-07-17,353.44,355.35824882160205,1.9182488216020488,-1.9182488216020488,8.82209149900882,11.52921809833174,0.011750000000000446,0.021750000000000366,True,True,346.5361573225932,366.8874669199338,20.35130959734056,True,0
2149,2014-07-18,354.4,353.3062659010682,-1.0937340989318045,1.0937340989318045,8.82209149900882,11.13140085807197,0.012000000000000446,0.022000000000000366,True,True,344.48417440205935,364.43766675914014,19.95349235708079,True,0
2150,2014-07-21,358.1,354.1915663860138,-3.908433613986233,3.908433613986233,8.80797472763895,11.13140085807197,0.012250000000000446,0.022250000000000367,True,True,345.3835916583748,365.32296724408576,19.939375585710934,True,0
2151,2014-07-22,355.25,357.8051795885742,2.5551795885742195,-2.5551795885742195,8.80797472763895,10.727888731641656,0.012500000000000447,0.022500000000000367,True,True,348.99720486093526,368.5330683202159,19.53586345928062,True,0
2152,2014-07-23,359.05,355.12901668043247,-3.92098331956754,3.92098331956754,8.730423433258636,10.727888731641656,0.012750000000000447,0.022750000000000367,True,True,346.39859324717384,365.8569054120741,19.458312164900292,True,0
2153,2014-07-24,359.98,358.76372414019306,-1.2162758598069559,1.2162758598069559,8.730423433258636,10.518423593393265,0.013000000000000447,0.023000000000000367,True,True,350.0333007069344,369.2821477335863,19.2488470266519,True,0
2154,2014-07-25,317.3,359.75373337730974,42.45373337730973,-42.45373337730973,8.72131187731074,10.395946211211111,0.013250000000000447,0.023250000000000368,False,True,351.03242149999903,370.1496795885208,19.117258088521794,False,1
2155,2014-07-28,324.25,318.23782467150767,-6.012175328492333,6.012175328492333,10.92408695002726,10.395946211211111,0.008500000000000448,0.023500000000000368,True,True,307.3137377214804,328.63377088271875,21.32003316123837,True,0
2156,2014-07-29,321.98,324.0159491306286,2.0359491306285804,-2.0359491306285804,10.92408695002726,10.236235935950788,0.008750000000000448,0.023750000000000368,True,True,313.0918621806013,334.2521850665794,21.160322885978076,True,0
2157,2014-07-30,321.45,321.83726204313723,0.3872620431372411,-0.3872620431372411,10.752487596655897,10.236235935950788,0.009000000000000449,0.024000000000000368,True,True,311.08477444648133,332.073497979088,20.988723532606684,True,0
2158,2014-07-31,320.01,321.2875210465948,1.2775210465948135,-1.2775210465948135,10.752487596655897,10.230103404458646,0.009250000000000449,0.02425000000000037,True,True,310.5350334499389,331.51762445105345,20.982591001114542,True,0
2159,2014-08-01,313.69,319.8689220819677,6.178922081967698,-6.178922081967698,10.17138112416589,10.230103404458646,0.009500000000000449,0.02450000000000037,True,True,309.69754095780183,330.09902548642634,20.401484528624508,True,0
2160,2014-08-04,308.84,313.6965956310244,4.856595631024447,-4.856595631024447,9.922509939345616,10.108808106815047,0.00975000000000045,0.02475000000000037,True,True,303.7740856916788,323.80540373783947,20.031318046160663,True,0
2161,2014-08-05,313.65,308.8203450903378,-4.8296549096621675,4.8296549096621675,9.922509939345616,10.101439217860275,0.01000000000000045,0.02500000000000037,True,True,298.8978351509922,318.9217843081981,20.02394915720589,True,0
2162,2014-08-06,310.83,313.340655798881,2.5106557988810323,-2.5106557988810323,9.91020213890016,10.101439217860275,0.01025000000000045,0.02525000000000037,True,True,303.43045365998086,323.4420950167413,20.011641356760435,True,0
2163,2014-08-07,315.21,310.71435623824175,-4.495643761758231,4.495643761758231,9.91020213890016,9.961538287640906,0.01050000000000045,0.02550000000000037,True,True,300.8041540993416,320.67589452588265,19.871740426541066,True,0
2164,2014-08-08,311.94,314.904415053976,2.9644150539759835,-2.9644150539759835,9.710274197597869,9.961538287640906,0.01075000000000045,0.02575000000000037,True,True,305.1941408563781,324.8659533416169,19.671812485238775,True,0
2165,2014-08-11,318.48,311.83997772265474,-6.640022277345281,6.640022277345281,9.710274197597869,9.797875923551942,0.01100000000000045,0.02600000000000037,True,True,302.12970352505687,321.6378536462067,19.50815012114981,True,0
2166,2014-08-12,318.89,318.1072368485861,-0.7827631514138602,0.7827631514138602,9.482504891545119,9.797875923551942,0.01125000000000045,0.02625000000000037,True,True,308.62473195704104,327.90511277213807,19.280380815097033,True,0
2167,2014-08-13,327.6,318.6719059551647,-8.928094044835348,8.928094044835348,9.482504891545119,9.482985308867427,0.01150000000000045,0.02650000000000037,True,True,309.1894010636196,328.15489126403213,18.965490200412546,True,0
2168,2014-08-14,327.8,327.14693606092953,-0.6530639390704778,0.6530639390704778,9.092261705948445,9.482985308867427,0.011750000000000451,0.02675000000000037,True,True,318.0546743549811,336.629921369797,18.575247014815886,True,0
2169,2014-08-15,334.0,327.5816090645976,-6.418390935402385,6.418390935402385,8.82209149900882,9.482862958331168,0.012000000000000451,0.02700000000000037,True,True,318.7595175655888,337.0644720229288,18.30495445733999,True,0
2170,2014-08-18,335.48,333.62286420348136,-1.8571357965186621,1.8571357965186621,8.82209149900882,9.271350946718002,0.012250000000000451,0.02725000000000037,True,True,324.80077270447254,342.89421515019933,18.093442445726794,True,0
2171,2014-08-19,334.87,335.230447621238,0.360447621237995,-0.360447621237995,8.80797472763895,9.271350946718002,0.012500000000000452,0.02750000000000037,True,True,326.42247289359904,344.50179856795603,18.079325674356994,True,0
2172,2014-08-20,334.68,334.69438207138984,0.014382071389832163,-0.014382071389832163,8.80797472763895,9.219771232147934,0.012750000000000452,0.02775000000000037,True,True,325.8864073437509,343.9141533035378,18.0277459597869,True,0
2173,2014-08-21,336.48,334.49695271869314,-1.983047281306881,1.983047281306881,8.730423433258636,9.219771232147934,0.013000000000000452,0.028000000000000372,True,True,325.7665292854345,343.7167239508411,17.95019466540657,True,0
2174,2014-08-22,332.99,336.23613980115675,3.246139801156744,-3.246139801156744,8.730423433258636,9.160111940275755,0.013250000000000452,0.028250000000000372,True,True,327.5057163678981,345.3962517414325,17.890535373534362,True,0
2175,2014-08-25,333.21,332.8993681416899,-0.31063185831010287,0.31063185831010287,8.72131187731074,9.160111940275755,0.013500000000000453,0.028500000000000372,True,True,324.17805626437917,342.0594800819656,17.881423817586438,True,0
2176,2014-08-26,337.0,333.02191845079165,-3.9780815492083548,3.9780815492083548,8.72131187731074,9.146167242864522,0.013750000000000453,0.028750000000000372,True,True,324.3006065734809,342.16808569365617,17.86747912017529,True,0
2177,2014-08-27,342.09,336.6950470331314,-5.394952966868573,5.394952966868573,8.635517421451198,9.14190947534496,0.014000000000000453,0.029000000000000373,True,True,328.0595296116802,345.83695650847636,17.777426896796158,True,0
2178,2014-08-28,340.0,341.7362353045383,1.7362353045382974,-1.7362353045382974,8.52262168284659,9.14190947534496,0.014250000000000453,0.029250000000000373,True,True,333.2136136216917,350.87814477988326,17.66453115819155,True,0
2179,2014-08-29,341.76,339.85769247154576,-1.9023075284542301,1.9023075284542301,8.52262168284659,8.928094044835348,0.014500000000000453,0.029500000000000373,True,True,331.33507078869917,348.7857865163811,17.45071572768194,True,0
2180,2014-09-02,339.98,341.52087114817937,1.540871148179349,-1.540871148179349,8.445680639693741,8.928094044835348,0.014750000000000454,0.029750000000000373,True,True,333.0751905084856,350.4489651930147,17.37377468452911,True,0
2181,2014-09-03,342.54,339.8370983240889,-2.7029016759111073,2.7029016759111073,8.445680639693741,8.899052843011447,0.015000000000000454,0.030000000000000374,True,True,331.39141768439515,348.7361511671004,17.344733482705237,True,0
2182,2014-09-04,343.69,342.27575708067786,-1.4142429193221346,1.4142429193221346,8.426878189461377,8.899052843011447,0.015250000000000454,0.030250000000000374,True,True,333.8488788912165,351.1748099236893,17.325931032472795,True,0
2183,2014-09-05,346.3,343.45715110690236,-2.8428488930976528,2.8428488930976528,8.426878189461377,8.882322395259848,0.015500000000000454,0.030500000000000374,True,True,335.030272917441,352.3394735021622,17.309200584721225,True,0
2184,2014-09-08,344.54,346.0265201146722,1.486520114672203,-1.486520114672203,8.324593033907718,8.88133423138521,0.015750000000000455,0.030750000000000374,True,True,337.7019270807645,354.90785434605743,17.205927265292928,True,0
2185,2014-09-09,341.61,344.39362054929603,2.7836205492960175,-2.7836205492960175,8.324593033907718,8.88133423138521,0.016000000000000455,0.031000000000000374,True,True,336.0690275153883,353.27495478068124,17.205927265292928,True,0
2186,2014-09-10,334.3,341.50923958864263,7.2092395886426175,-7.2092395886426175,8.308067839245439,8.877833921690922,0.016250000000000455,0.031250000000000375,True,True,333.2011717493972,350.38707351033355,17.18590176093636,True,0
2187,2014-09-11,329.94,334.33076628067494,4.390766280674939,-4.390766280674939,8.25200881534488,8.877833921690922,0.016500000000000455,0.031500000000000375,True,True,326.07875746533006,343.20860020236586,17.1298427370358,True,0
2188,2014-09-12,329.56,329.8945508382587,0.3345508382586786,-0.3345508382586786,8.25200881534488,8.855407630738071,0.016750000000000455,0.031750000000000375,True,True,321.6425420229138,338.74995846899674,17.107416446082937,True,0
2189,2014-09-15,330.91,329.39171031945295,-1.5182896805470705,1.5182896805470705,8.044417114314342,8.584772167347978,0.017000000000000456,0.032000000000000375,True,True,321.3472932051386,337.97648248680093,16.62918928166232,True,0
2190,2014-09-16,321.07,330.6813311334681,9.611331133468127,-9.611331133468127,8.044417114314342,8.584772167347978,0.017250000000000456,0.032250000000000376,False,True,322.6369140191538,339.2661033008161,16.62918928166232,False,1
2191,2014-09-17,327.76,321.16661123971113,-6.59338876028886,6.59338876028886,8.82209149900882,8.438883916509496,0.012500000000000455,0.032500000000000376,True,True,312.3445197407023,329.6054951562206,17.260975415518317,True,0
2192,2014-09-18,325.44,327.39123014939355,1.9512301493935524,-1.9512301493935524,8.82209149900882,8.438883916509496,0.012750000000000455,0.032750000000000376,True,True,318.56913865038473,335.83011406590305,17.260975415518317,True,0
2193,2014-09-19,327.6,325.3068927359021,-2.2931072640978982,2.2931072640978982,8.80797472763895,8.43241410940513,0.013000000000000456,0.033000000000000376,True,True,316.49891800826316,333.7393068453073,17.240388837044122,True,0
2194,2014-09-22,328.49,327.35084751366566,-1.1391524863343534,1.1391524863343534,8.730423433258636,8.43241410940513,0.013250000000000456,0.033250000000000376,True,True,318.620424080407,335.78326162307076,17.162837542663738,True,0
2195,2014-09-23,322.46,328.26963641578203,5.809636415782052,-5.809636415782052,8.730423433258636,8.343186234817097,0.013500000000000456,0.03350000000000038,True,True,319.5392129825234,336.6128226505991,17.073609668075733,True,0
2196,2014-09-24,324.17,322.45052636230747,-1.7194736376925448,1.7194736376925448,8.72131187731074,7.957321863981775,0.013750000000000456,0.03375000000000038,True,True,313.72921448499676,330.4078482262893,16.678633741292515,True,0
2197,2014-09-25,327.99,323.9434559197108,-4.046544080289209,4.046544080289209,8.72131187731074,7.957321863981775,0.014000000000000457,0.03400000000000038,True,True,315.22214404240003,331.90077778369255,16.678633741292515,True,0
2198,2014-09-26,320.6,327.68153007163846,7.08153007163844,-7.08153007163844,8.635517421451198,7.943669305953904,0.014250000000000457,0.03425000000000038,True,True,319.04601265018727,335.62519937759237,16.5791867274051,True,0
2199,2014-09-29,320.5,320.62570111689587,0.12570111689586838,-0.12570111689586838,8.635517421451198,7.943669305953904,0.014500000000000457,0.03450000000000038,True,True,311.99018369544467,328.5693704228498,16.5791867274051,True,0
2200,2014-09-30,321.36,320.3338559971494,-1.0261440028506286,1.0261440028506286,8.52262168284659,7.815822948360108,0.014750000000000457,0.03475000000000038,True,True,311.8112343143028,328.1496789455095,16.3384446312067,True,0
2201,2014-10-01,322.04,321.1475603393956,-0.8924396606043956,0.8924396606043956,8.445680639693741,7.775193047983606,0.015000000000000457,0.03500000000000038,True,True,312.70187969970186,328.9227533873792,16.22087368767734,True,0
2202,2014-10-02,316.92,321.83044771226236,4.910447712262339,-4.910447712262339,8.445680639693741,7.775193047983606,0.015250000000000458,0.03525000000000038,True,True,313.3847670725686,329.60564076024593,16.22087368767734,True,0
2203,2014-10-03,320.36,316.8871098464998,-3.4728901535002024,3.4728901535002024,8.426878189461377,7.76305902242342,0.015500000000000458,0.03550000000000038,True,True,308.46023165703843,324.65016886892323,16.189937211884796,True,0
2204,2014-10-06,323.5,320.08117563499593,-3.4188243650040704,3.4188243650040704,8.426878189461377,7.76305902242342,0.015750000000000458,0.03575000000000038,True,True,311.65429744553455,327.84423465741935,16.189937211884796,True,0
2205,2014-10-07,319.43,323.2081635236493,3.7781635236493116,-3.7781635236493116,8.324593033907718,7.686476547247764,0.01600000000000046,0.03600000000000038,True,True,314.8835704897416,330.8946400708971,16.011069581155482,True,0
2206,2014-10-08,316.58,319.3588082113046,2.7788082113046357,-2.7788082113046357,8.324593033907718,7.686476547247764,0.01625000000000046,0.03625000000000038,True,True,311.0342151773969,327.0452847585524,16.011069581155482,True,0
2207,2014-10-09,321.49,316.4919012460547,-4.998098753945328,4.998098753945328,8.308067839245439,7.586408126159938,0.01650000000000046,0.03650000000000038,True,True,308.18383340680924,324.0783093722146,15.894475965405377,True,0
2208,2014-10-10,314.02,321.16106133558054,7.141061335580559,-7.141061335580559,8.308067839245439,7.547535706977214,0.01675000000000046,0.03675000000000038,True,True,312.8529934963351,328.70859704255776,15.855603546222653,True,0
2209,2014-10-13,309.87,314.0495277850626,4.179527785062589,-4.179527785062589,8.25200881534488,7.547535706977214,0.01700000000000046,0.03700000000000038,True,True,305.7975189697177,321.5970634920398,15.799544522322094,True,0
2210,2014-10-14,308.0,309.8339667137373,1.8339667137373112,-1.8339667137373112,8.044417114314342,7.515999355947315,0.01725000000000046,0.03725000000000038,True,True,301.78954959942297,317.3499660696846,15.560416470261657,True,0
2211,2014-10-15,304.35,307.88689595723486,3.536895957234833,-3.536895957234833,8.044417114314342,7.515999355947315,0.01750000000000046,0.03750000000000038,True,True,299.8424788429205,315.40289531318217,15.560416470261657,True,0
2212,2014-10-16,293.83,304.2858537765707,10.455853776570734,-10.455853776570734,7.938907590292899,7.465538085534604,0.01775000000000046,0.03775000000000038,False,True,296.3469461862778,311.7513918621053,15.404445675827503,False,1
2213,2014-10-17,307.15,293.9757923137778,-13.17420768622219,13.17420768622219,8.82209149900882,7.44716251038102,0.013000000000000459,0.03800000000000038,True,False,285.15370081476897,301.4229548241588,16.26925400938984,False,1
2214,2014-10-20,302.95,306.5778986884558,3.6278986884557867,-3.6278986884557867,8.80797472763895,8.43241410940513,0.01325000000000046,0.03325000000000038,True,True,297.7699239608168,315.01031279786093,17.240388837044122,True,0
2215,2014-10-21,309.9,302.86838876140865,-7.031611238591324,7.031611238591324,8.80797472763895,8.343186234817097,0.01350000000000046,0.033500000000000384,True,True,294.0604140337697,311.21157499622575,17.15116096245606,True,0
2216,2014-10-22,315.43,309.50470341359716,-5.925296586402851,5.925296586402851,8.730423433258636,8.343186234817097,0.01375000000000046,0.033750000000000384,True,True,300.7742799803385,317.84788964841425,17.073609668075733,True,0
2217,2014-10-23,313.4,315.05621629285673,1.6562162928567545,-1.6562162928567545,8.72131187731074,7.957321863981775,0.01400000000000046,0.034000000000000384,True,True,306.334904415546,323.01353815683854,16.678633741292515,True,0
2218,2014-10-24,284.4,313.26785267240183,28.867852672401852,-28.867852672401852,8.72131187731074,7.957321863981775,0.01425000000000046,0.034250000000000384,False,True,304.5465407950911,321.22517453638363,16.678633741292515,False,1
2219,2014-10-27,285.7,285.0935162037431,-0.6064837962568959,0.6064837962568959,10.455853776570734,7.943669305953904,0.00950000000000046,0.034500000000000385,True,True,274.63766242717236,293.037185509697,18.399523082524638,True,0
2220,2014-10-28,289.76,285.5803514134694,-4.179648586530618,4.179648586530618,10.455853776570734,7.815822948360108,0.00975000000000046,0.034750000000000385,True,True,275.12449763689864,293.3961743618295,18.271676724930842,True,0
2221,2014-10-29,299.11,289.45684196852847,-9.653158031471548,9.653158031471548,10.17138112416589,7.815822948360108,0.01000000000000046,0.035000000000000385,True,False,279.28546084436255,297.2726649168886,17.987204072526026,False,1
2222,2014-10-30,293.98,298.62421921424453,4.644219214244515,-4.644219214244515,10.17138112416589,8.899052843011447,0.01025000000000046,0.030250000000000384,True,True,288.45283809007867,307.523272057256,19.070433967177337,True,0
2223,2014-10-31,305.15,293.9255463750868,-11.224453624913167,11.224453624913167,9.922509939345616,8.899052843011447,0.01050000000000046,0.030500000000000384,True,False,284.0030364357412,302.82459921809823,18.821562782357034,False,1
2224,2014-11-03,306.24,304.6297329898722,-1.6102670101278136,1.6102670101278136,9.922509939345616,9.961538287640906,0.01075000000000046,0.025750000000000384,True,True,294.7072230505266,314.5912712775131,19.884048226986522,True,0
2225,2014-11-04,303.99,305.9849564756612,1.9949564756611835,-1.9949564756611835,9.91020213890016,9.961538287640906,0.01100000000000046,0.026000000000000384,True,True,296.07475433676103,315.9464947633021,19.871740426541066,True,0
2226,2014-11-05,303.01,303.87665868895596,0.8666586889559653,-0.8666586889559653,9.710274197597869,9.797875923551942,0.011250000000000461,0.026250000000000384,True,True,294.1663844913581,313.6745346125079,19.50815012114981,True,0
2227,2014-11-06,296.69,302.8696806099745,6.179680609974525,-6.179680609974525,9.710274197597869,9.797875923551942,0.011500000000000461,0.026500000000000384,True,True,293.15940641237665,312.66755653352647,19.50815012114981,True,0
2228,2014-11-07,297.82,296.7137886538904,-1.1062113461096033,1.1062113461096033,9.611331133468127,9.653158031471548,0.011750000000000461,0.026750000000000385,True,True,287.10245752042226,306.36694668536194,19.264489164939675,True,0
2229,2014-11-10,300.0,297.6307236249102,-2.3692763750897825,2.3692763750897825,9.611331133468127,9.482985308867427,0.012000000000000462,0.027000000000000385,True,True,288.0193924914421,307.1137089337776,19.094316442335526,True,0
2230,2014-11-11,305.94,299.7499215234282,-6.1900784765717844,6.1900784765717844,9.482504891545119,9.482985308867427,0.012250000000000462,0.027250000000000385,True,True,290.26741663188307,309.2329068322956,18.965490200412546,True,0
2231,2014-11-12,310.75,305.563734436584,-5.186265563415986,5.186265563415986,9.482504891545119,9.482862958331168,0.012500000000000462,0.027500000000000385,True,True,296.0812295450389,315.0465973949152,18.96536784987626,True,0
2232,2014-11-13,312.0,310.39456554322817,-1.6054344567718317,1.6054344567718317,9.092261705948445,9.482862958331168,0.012750000000000462,0.027750000000000385,True,True,301.30230383727974,319.87742850155934,18.5751246642796,True,0
2233,2014-11-14,317.12,311.760187131742,-5.359812868258018,5.359812868258018,8.82209149900882,9.271350946718002,0.013000000000000463,0.028000000000000386,True,True,302.93809563273317,321.03153807846,18.09344244572685,True,0
2234,2014-11-17,326.44,316.7693683676172,-9.670631632382822,9.670631632382822,8.82209149900882,9.219771232147934,0.013250000000000463,0.028250000000000386,True,False,307.94727686860836,325.9891395997651,18.041862731156755,False,1
2235,2014-11-18,323.99,325.9421809169004,1.9521809169003745,-1.9521809169003745,8.80797472763895,10.395946211211111,0.013500000000000463,0.023500000000000385,True,True,317.1342061892614,336.3381271281115,19.203920938850104,True,0
2236,2014-11-19,327.25,323.84426490116033,-3.4057350988396706,3.4057350988396706,8.80797472763895,10.236235935950788,0.013750000000000463,0.023750000000000385,True,True,315.03629017352137,334.0805008371111,19.04421066358975,True,0
2237,2014-11-20,324.0,326.9654168122223,2.9654168122223155,-2.9654168122223155,8.730423433258636,10.236235935950788,0.014000000000000463,0.024000000000000386,True,True,318.2349933789637,337.2016527481731,18.966659369209424,True,0
2238,2014-11-21,335.42,323.89993381596884,-11.52006618403118,11.52006618403118,8.730423433258636,10.230103404458646,0.014250000000000464,0.024250000000000386,True,False,315.1695103827102,334.1300372204275,18.960526837717282,False,1
2239,2014-11-24,334.78,334.8739946946825,0.09399469468252164,-0.09399469468252164,8.72131187731074,12.046558395810933,0.014500000000000464,0.019500000000000385,True,True,326.1526828173718,346.9205530904934,20.767870273121616,True,0
2240,2014-11-25,335.27,334.5724778709523,-0.6975221290476838,0.6975221290476838,8.635517421451198,11.785986857519788,0.014750000000000464,0.019750000000000385,True,True,325.9369604495011,346.3584647284721,20.421504278970986,True,0
2241,2014-11-26,333.78,335.06208585479067,1.2820858547906937,-1.2820858547906937,8.635517421451198,11.785986857519788,0.015000000000000464,0.020000000000000386,True,True,326.42656843333947,346.84807271231045,20.421504278970986,True,0
2242,2014-11-28,336.03,333.630931286665,-2.399068713334998,2.399068713334998,8.52262168284659,11.697837578350288,0.015250000000000465,0.020250000000000386,True,True,325.1083096038184,345.32876886501526,20.22045926119688,True,0
2243,2014-12-01,338.12,335.7692036608539,-2.350796339146086,2.350796339146086,8.52262168284659,11.697837578350288,0.015500000000000465,0.020500000000000386,True,True,327.2465819780073,347.4670412392042,20.22045926119688,True,0
2244,2014-12-02,327.5,337.8529542557082,10.352954255708198,-10.352954255708198,8.445680639693741,11.586417839457766,0.015750000000000465,0.020750000000000386,False,True,329.40727361601444,349.43937209516594,20.0320984791515,False,1
2245,2014-12-03,325.73,327.62879144192055,1.8987914419205367,-1.8987914419205367,9.922509939345616,11.52921809833174,0.011000000000000464,0.021000000000000386,True,True,317.70628150257494,339.1580095402523,21.451728037677356,True,0
2246,2014-12-04,315.53,325.6248737953003,10.094873795300316,-10.094873795300316,9.91020213890016,11.52921809833174,0.011250000000000464,0.021250000000000387,False,True,315.7146716564001,337.154091893632,21.4394202372319,False,1
2247,2014-12-05,316.8,315.6585124755415,-1.1414875244585119,1.1414875244585119,12.728566661525036,11.52006618403118,0.006500000000000465,0.021500000000000387,True,True,302.9299458140165,327.1785786595727,24.248632845556187,True,0
2248,2014-12-08,311.57,316.5971144101935,5.027114410193519,-5.027114410193519,12.501411788758048,11.52006618403118,0.006750000000000465,0.021750000000000387,True,True,304.09570262143546,328.1171805942247,24.021477972789228,True,0
2249,2014-12-09,302.99,311.54436997936557,8.55436997936556,-8.55436997936556,12.501411788758048,11.224453624913167,0.007000000000000465,0.022000000000000387,True,True,299.0429581906075,322.76882360427874,23.725865413671215,True,0
2250,2014-12-10,312.0,303.08124767117624,-8.918752328823757,8.918752328823757,12.198762425887196,11.13140085807197,0.007250000000000465,0.022250000000000388,True,True,290.88248524528905,314.2126485292482,23.330163283959166,True,0
2251,2014-12-11,307.89,311.55048532259735,3.660485322597367,-3.660485322597367,12.198762425887196,11.13140085807197,0.0075000000000004655,0.022500000000000388,True,True,299.35172289671016,322.6818861806693,23.330163283959166,True,0
2252,2014-12-12,303.99,307.8167651694555,3.8267651694554843,-3.8267651694554843,11.535116995791213,10.727888731641656,0.007750000000000466,0.022750000000000388,True,True,296.2816481736643,318.54465390109715,22.26300572743287,True,0
2253,2014-12-15,308.87,303.94150626914364,-4.92849373085636,4.92849373085636,11.088085541567068,10.727888731641656,0.008000000000000465,0.023000000000000388,True,True,292.8534207275766,314.6693950007853,21.815974273208724,True,0
2254,2014-12-16,304.35,308.542374926536,4.19237492653599,-4.19237492653599,11.088085541567068,10.518423593393265,0.008250000000000465,0.02325000000000039,True,True,297.45428938496894,319.0607985199293,21.606509134960334,True,0
2255,2014-12-17,296.37,304.3002506630997,7.9302506630996845,-7.9302506630996845,10.92408695002726,10.518423593393265,0.008500000000000466,0.02350000000000039,True,True,293.3761637130724,314.81867425649295,21.442510543420553,True,0
2256,2014-12-18,304.01,296.4541618892656,-7.555838110734385,7.555838110734385,10.92408695002726,10.395946211211111,0.008750000000000466,0.02375000000000039,True,True,285.5300749392384,306.85010810047675,21.32003316123837,True,0
2257,2014-12-19,296.91,303.60771559086635,6.6977155908663235,-6.6977155908663235,10.752487596655897,10.236235935950788,0.009000000000000466,0.02400000000000039,True,True,292.85522799421045,313.84395152681714,20.988723532606684,True,0
2258,2014-12-22,301.94,296.94114575776086,-4.998854242239133,4.998854242239133,10.752487596655897,10.236235935950788,0.009250000000000466,0.02425000000000039,True,True,286.18865816110497,307.17738169371165,20.988723532606684,True,0
2259,2014-12-23,306.98,301.61359103001854,-5.366408969981478,5.366408969981478,10.455853776570734,10.230103404458646,0.009500000000000466,0.02450000000000039,True,True,291.1577372534478,311.8436944344772,20.68595718102938,True,0
2260,2014-12-24,306.38,306.62128320885677,0.24128320885677113,-0.24128320885677113,10.352954255708198,10.230103404458646,0.009750000000000467,0.02475000000000039,True,True,296.26832895314857,316.8513866133154,20.583057660166844,True,0
2261,2014-12-26,305.0,306.2050453832875,1.2050453832874837,-1.2050453832874837,10.352954255708198,10.108808106815047,0.010000000000000467,0.02500000000000039,True,True,295.8520911275793,316.31385349010253,20.461762362523245,True,0
2262,2014-12-29,307.85,304.86568121280544,-2.9843187871945815,2.9843187871945815,10.17138112416589,10.101439217860275,0.010250000000000467,0.02525000000000039,True,True,294.6943000886396,314.9671204306657,20.272820342026137,True,0
2263,2014-12-30,309.91,307.57925296680855,-2.3307470331914715,2.3307470331914715,10.17138112416589,10.101439217860275,0.010500000000000467,0.02550000000000039,True,True,297.40787184264263,317.6806921846688,20.272820342026193,True,0
2264,2014-12-31,311.55,309.65251109811373,-1.8974889018862768,1.8974889018862768,10.094873795300316,9.961538287640906,0.010750000000000468,0.02575000000000039,True,True,299.5576373028134,319.61404938575464,20.056412082941222,True,0
2265,2015-01-02,312.58,311.3074729488867,-1.2725270511132862,1.2725270511132862,10.094873795300316,9.961538287640906,0.011000000000000468,0.02600000000000039,True,True,301.2125991535864,321.2690112365276,20.056412082941222,True,0
2266,2015-01-05,307.01,312.3578198047821,5.347819804782091,-5.347819804782091,9.922509939345616,9.797875923551942,0.011250000000000468,0.02625000000000039,True,True,302.43530986543647,322.155695728334,19.720385862897558,True,0
2267,2015-01-06,302.24,307.00391740649985,4.763917406499843,-4.763917406499843,9.91020213890016,9.670631632382822,0.011500000000000468,0.02650000000000039,True,True,297.0937152675997,316.6745490388827,19.580833771282983,True,0
2268,2015-01-07,297.5,302.22790813333967,4.7279081333396675,-4.7279081333396675,9.91020213890016,9.670631632382822,0.011750000000000468,0.02675000000000039,True,True,292.3177059944395,311.8985397657225,19.580833771282983,True,0
2269,2015-01-08,300.32,297.48622932208525,-2.8337706779147425,2.8337706779147425,9.710274197597869,9.653158031471548,0.012000000000000469,0.027000000000000392,True,True,287.7759551244874,307.1393873535568,19.363432229069417,True,0
2270,2015-01-09,301.48,300.06445833110945,-1.4155416688905689,1.4155416688905689,9.710274197597869,9.653158031471548,0.012250000000000469,0.027250000000000392,True,True,290.3541841335116,309.717616362581,19.363432229069417,True,0
2271,2015-01-12,297.56,301.25734770960435,3.697347709604344,-3.697347709604344,9.611331133468127,9.482985308867427,0.012500000000000469,0.027500000000000392,True,True,291.6460165761362,310.7403330184718,19.094316442335582,True,0
2272,2015-01-13,297.48,297.5061474873658,0.026147487365790312,-0.026147487365790312,9.611331133468127,9.482862958331168,0.01275000000000047,0.027750000000000392,True,True,287.8948163538977,306.989010445697,19.094194091799295,True,0
2273,2015-01-14,291.93,297.31786984909775,5.38786984909774,-5.38786984909774,9.482504891545119,9.482862958331168,0.01300000000000047,0.028000000000000393,True,True,287.83536495755266,306.8007328074289,18.96536784987626,True,0
2274,2015-01-15,294.0,291.93461980634294,-2.065380193657063,2.065380193657063,9.092261705948445,9.271350946718002,0.01325000000000047,0.028250000000000393,True,True,282.8423581003945,301.2059707530609,18.363612652666404,True,0
2275,2015-01-16,286.28,293.7747374289464,7.494737428946451,-7.494737428946451,9.092261705948445,9.271350946718002,0.01350000000000047,0.028500000000000393,True,True,284.682475722998,303.04608837566445,18.36361265266646,True,0
2276,2015-01-20,292.59,286.35319798701744,-6.236802012982537,6.236802012982537,8.82209149900882,9.219771232147934,0.01375000000000047,0.028750000000000393,True,True,277.5311064880086,295.5729692191654,18.041862731156755,True,0
2277,2015-01-21,289.64,292.2276178021368,2.5876178021368332,-2.5876178021368332,8.82209149900882,9.160111940275755,0.01400000000000047,0.029000000000000394,True,True,283.405526303128,301.3877297424126,17.982203439284604,True,0
2278,2015-01-22,300.0,289.5532091478098,-10.44679085219019,10.44679085219019,8.80797472763895,9.160111940275755,0.01425000000000047,0.029250000000000394,True,False,280.74523442017085,298.71332108808554,17.96808666791469,False,1
2279,2015-01-23,308.08,299.48135824708413,-8.598641752915853,8.598641752915853,8.730423433258636,10.236235935950788,0.01450000000000047,0.024500000000000393,True,True,290.7509348138255,309.7175941830349,18.966659369209424,True,0
2280,2015-01-26,311.82,307.614959332484,-4.205040667516016,4.205040667516016,8.730423433258636,10.230103404458646,0.014750000000000471,0.024750000000000393,True,True,298.88453589922534,317.8450627369426,18.960526837717282,True,0
2281,2015-01-27,306.3,311.5030796531425,5.203079653142481,-5.203079653142481,8.72131187731074,10.108808106815047,0.015000000000000471,0.025000000000000393,True,True,302.7817677758318,321.61188775995754,18.83011998412576,True,0
2282,2015-01-28,309.81,306.2884015090276,-3.5215984909723943,3.5215984909723943,8.72131187731074,10.108808106815047,0.015250000000000472,0.025250000000000394,True,True,297.56708963171684,316.39720961584266,18.830119984125815,True,0
2283,2015-01-29,304.73,309.5217101038884,4.791710103888363,-4.791710103888363,8.635517421451198,10.101439217860275,0.015500000000000472,0.025500000000000394,True,True,300.8861926824372,319.62314932174866,18.736956639311472,True,0
2284,2015-01-30,346.32,304.70792368124427,-41.612076318755726,41.612076318755726,8.635517421451198,10.101439217860275,0.015750000000000472,0.025750000000000394,True,False,296.07240625979307,314.80936289910454,18.736956639311472,False,1
2285,2015-02-02,350.05,344.62964833354613,-5.4203516664538824,5.4203516664538824,8.55436997936556,11.586417839457766,0.016000000000000472,0.021000000000000393,True,True,336.07527835418057,356.2160661730039,20.140787818823355,True,0
2286,2015-02-03,360.29,349.69083495333706,-10.59916504666296,10.59916504666296,8.52262168284659,11.52921809833174,0.016250000000000472,0.021250000000000394,True,True,341.16821327049047,361.2200530516688,20.05183978117833,True,0
2287,2015-02-04,358.38,359.75383623430497,1.3738362343049744,-1.3738362343049744,8.52262168284659,11.52006618403118,0.016500000000000473,0.021500000000000394,True,True,351.2312145514584,371.27390241833615,20.04268786687777,True,0
2288,2015-02-05,366.0,358.2508840481991,-7.7491159518008885,7.7491159518008885,8.445680639693741,11.52006618403118,0.016750000000000473,0.021750000000000394,True,True,349.80520340850535,369.7709502322303,19.965746823724942,True,0
2289,2015-02-06,374.87,365.53775270505133,-9.332247294948672,9.332247294948672,8.445680639693741,11.224453624913167,0.017000000000000473,0.022000000000000394,True,True,357.09207206535757,376.7622063299645,19.67013426460693,True,0
2290,2015-02-09,371.0,374.3863387175728,3.386338717572812,-3.386338717572812,8.426878189461377,11.224453624913167,0.017250000000000473,0.022250000000000394,True,True,365.95946052811144,385.610792342486,19.651331814374544,True,0
2291,2015-02-10,371.19,370.9294146545643,-0.2605853454356861,0.2605853454356861,8.324593033907718,11.13140085807197,0.017500000000000474,0.022500000000000395,True,True,362.6048216206566,382.0608155126363,19.455993891979688,True,0
2292,2015-02-11,371.23,370.96661305226996,-0.263386947730055,0.263386947730055,8.324593033907718,10.727888731641656,0.017750000000000474,0.022750000000000395,True,True,362.64202001836225,381.6945017839116,19.052481765549373,True,0
2293,2015-02-12,375.1,371.0186308099975,-4.081369190002533,4.081369190002533,8.308067839245439,10.727888731641656,0.018000000000000474,0.023000000000000395,True,True,362.71056297075205,381.74651954163915,19.035956570887095,True,0
2294,2015-02-13,378.41,374.76374165342924,-3.6462583465707894,3.6462583465707894,8.308067839245439,10.59916504666296,0.018250000000000474,0.023250000000000395,True,True,366.4556738141838,385.3629067000922,18.9072328859084,True,0
2295,2015-02-17,377.72,378.09853087692926,0.3785308769292328,-0.3785308769292328,8.25200881534488,10.59916504666296,0.018500000000000474,0.023500000000000396,True,True,369.8465220615844,388.6976959235922,18.85117386200784,True,0
2296,2015-02-18,375.42,377.5364924799656,2.1164924799655864,-2.1164924799655864,8.044417114314342,10.518423593393265,0.018750000000000475,0.023750000000000396,True,True,369.49207536565126,388.05491607335887,18.562840707707608,True,0
2297,2015-02-19,373.49,375.2812405073119,1.7912405073118975,-1.7912405073118975,8.044417114314342,10.44679085219019,0.019000000000000475,0.024000000000000396,True,True,367.23682339299756,385.7280313595021,18.491207966504533,True,0
2298,2015-02-20,378.62,373.3368339266417,-5.283166073358302,5.283166073358302,7.938907590292899,10.44679085219019,0.019250000000000475,0.024250000000000396,True,True,365.3979263363488,383.7836247788319,18.38569844248309,True,0
2299,2015-02-23,383.44,378.23877471832475,-5.201225281675249,5.201225281675249,7.938907590292899,10.395946211211111,0.019500000000000475,0.024500000000000396,True,True,370.29986712803185,388.6347209295359,18.33485380150404,True,0
2300,2015-02-24,378.65,383.0806897353645,4.430689735364524,-4.430689735364524,7.9302506630996845,10.395946211211111,0.019750000000000476,0.024750000000000397,True,True,375.1504390722648,393.4766359465756,18.326196874310767,True,0
2301,2015-02-25,377.27,378.59861565884484,1.3286156588448534,-1.3286156588448534,7.9171963619482995,10.236235935950788,0.020000000000000476,0.025000000000000397,True,True,370.68141929689654,388.8348515947956,18.153432297899087,True,0
2302,2015-02-26,384.07,377.09528861753273,-6.974711382467262,6.974711382467262,7.9171963619482995,10.230103404458646,0.020250000000000476,0.025250000000000397,True,True,369.17809225558443,387.3253920219914,18.147299766406945,True,0
2303,2015-02-27,384.0,383.63477321448954,-0.3652267855104583,0.3652267855104583,7.851123178345517,10.230103404458646,0.020500000000000476,0.025500000000000397,True,True,375.783650036144,393.8648766189482,18.081226582804163,True,0
2304,2015-03-02,380.85,383.79902363328847,2.949023633288448,-2.949023633288448,7.851123178345517,10.108808106815047,0.020750000000000476,0.025750000000000398,True,True,375.94790045494295,393.9078317401035,17.959931285160565,True,0
2305,2015-03-03,383.95,380.73852828994256,-3.211471710057424,3.211471710057424,7.7865428671156565,10.108808106815047,0.021000000000000477,0.026000000000000398,True,True,372.9519854228269,390.8473363967576,17.895350973930704,True,0
2306,2015-03-04,385.71,383.6329970402894,-2.077002959710569,2.077002959710569,7.7865428671156565,10.101439217860275,0.021250000000000477,0.026250000000000398,True,True,375.84645417317375,393.7344362581497,17.88798208497593,True,0
2307,2015-03-05,385.61,385.4442245165787,-0.16577548342132786,0.16577548342132786,7.64877024649121,9.961538287640906,0.021500000000000477,0.026500000000000398,True,True,377.7954542700875,395.4057628042196,17.610308534132116,True,0
2308,2015-03-06,385.52,385.4024829934066,-0.11751700659340258,0.11751700659340258,7.642987594851675,9.961538287640906,0.021750000000000477,0.0267500000000004,True,True,377.7594953985549,395.3640212810475,17.604525882492567,True,0
2309,2015-03-09,378.4,385.30978501366315,6.909785013663168,-6.909785013663168,7.642987594851675,9.797875923551942,0.022000000000000478,0.0270000000000004,True,True,377.6667974188115,395.1076609372151,17.440863518403603,True,0
2310,2015-03-10,377.45,378.41473242233985,0.9647324223398641,-0.9647324223398641,7.611320153076839,9.797875923551942,0.022250000000000478,0.0272500000000004,True,True,370.803412269263,388.2126083458918,17.409196076628803,True,0
2311,2015-03-11,370.61,377.259482517305,6.649482517304989,-6.649482517304989,7.611320153076839,9.670631632382822,0.022500000000000478,0.0275000000000004,True,True,369.64816236422814,386.9301141496878,17.281951785459682,True,0
2312,2015-03-12,368.82,370.6153364712125,1.7953364712125222,-1.7953364712125222,7.59001311200177,9.653158031471548,0.022750000000000478,0.0277500000000004,True,True,363.02532335921074,380.26849450268406,17.24317114347332,True,0
2313,2015-03-13,371.52,368.6565827237773,-2.8634172762226626,2.8634172762226626,7.494737428946451,9.653158031471548,0.02300000000000048,0.0280000000000004,True,True,361.16184529483087,378.30974075524887,17.147895460418,True,0
2314,2015-03-16,370.38,371.2194211843131,0.8394211843130961,-0.8394211843130961,7.494737428946451,9.482985308867427,0.02325000000000048,0.0282500000000004,True,True,363.72468375536664,380.70240649318055,16.977722737813906,True,0
2315,2015-03-17,371.11,370.20941516108695,-0.900584838913062,0.900584838913062,7.478864558471457,9.482985308867427,0.02350000000000048,0.0285000000000004,True,True,362.7305506026155,379.69240046995435,16.961849867338856,True,0
2316,2015-03-18,369.97,370.8738290754408,0.9038290754407967,-0.9038290754407967,7.478864558471457,9.482862958331168,0.02375000000000048,0.0287500000000004,True,True,363.39496451696937,380.356692033772,16.961727516802625,True,0
2317,2015-03-19,373.87,369.79670201260944,-4.073297987390561,4.073297987390561,7.410330130523505,9.332247294948672,0.02400000000000048,0.0290000000000004,True,True,362.38637188208594,379.1289493075581,16.742577425472177,True,0
2318,2015-03-20,376.29,373.53071452258433,-2.7592854774156876,2.7592854774156876,7.307635926972694,9.332247294948672,0.02425000000000048,0.0292500000000004,True,True,366.22307859561164,382.862961817533,16.639883221921366,True,0
2319,2015-03-23,378.07,376.00548037097565,-2.064519629024346,2.064519629024346,7.307635926972694,9.271350946718002,0.02450000000000048,0.0295000000000004,True,True,368.69784444400295,385.2768313176937,16.578986873690724,True,0
2320,2015-03-24,373.99,377.80372599361624,3.813725993616231,-3.813725993616231,7.2092395886426175,9.271350946718002,0.02475000000000048,0.0297500000000004,True,True,370.5944864049736,387.07507694033427,16.480590535360648,True,0
2321,2015-03-25,375.17,373.9108083379434,-1.259191662056594,1.259191662056594,7.206149293916951,9.219771232147934,0.02500000000000048,0.0300000000000004,True,True,366.70465904402647,383.13057957009136,16.425920526064886,True,0
2322,2015-03-26,369.59,374.91412564097703,5.3241256409770585,-5.3241256409770585,7.206149293916951,9.160111940275755,0.02525000000000048,0.0302500000000004,True,True,367.7079763470601,384.07423758125276,16.366261234192677,True,0
2323,2015-03-27,367.11,369.5587400630933,2.4487400630932825,-2.4487400630932825,7.178835412782433,9.160111940275755,0.02550000000000048,0.030500000000000402,True,True,362.3799046503109,378.7188520033691,16.338947353058188,True,0
2324,2015-03-30,371.87,366.9705288270618,-4.899471172938206,4.899471172938206,7.178835412782433,9.146167242864522,0.02575000000000048,0.030750000000000402,True,True,359.7916934142794,376.1166960699263,16.325002655646927,True,0
2325,2015-03-31,373.24,371.50116016864354,-1.7388398313564721,1.7388398313564721,7.141061335580559,9.14190947534496,0.02600000000000048,0.031000000000000402,True,True,364.360098833063,380.6430696439885,16.28297081092552,True,0
2326,2015-04-01,372.1,372.9906713923318,0.8906713923317966,-0.8906713923317966,7.101294528237247,9.14190947534496,0.02625000000000048,0.0312500000000004,True,True,365.8893768640946,382.1325808676768,16.243204003582207,True,0
2327,2015-04-02,370.5,371.926749536151,1.4267495361510214,-1.4267495361510214,7.101294528237247,8.928094044835348,0.02650000000000048,0.0315000000000004,True,True,364.8254550079138,380.85484358098637,16.029388573072595,True,0
2328,2015-04-06,370.1,370.3384433205256,0.23844332052556183,-0.23844332052556183,7.100511119128555,8.928094044835348,0.02675000000000048,0.0317500000000004,True,True,363.23793220139703,379.26653736536093,16.028605163963903,True,0
2329,2015-04-07,376.15,369.8995114668452,-6.250488533154794,6.250488533154794,7.100511119128555,8.918752328823757,0.027000000000000482,0.0320000000000004,True,True,362.7990003477166,378.81826379566894,16.019263447952312,True,0
2330,2015-04-08,374.66,375.7411423834309,1.0811423834308584,-1.0811423834308584,7.08153007163844,8.899052843011447,0.027250000000000482,0.0322500000000004,True,True,368.65961231179244,384.6401952264423,15.980582914649858,True,0
2331,2015-04-09,380.66,374.50332896900994,-6.156671030990083,6.156671030990083,6.9746818146584815,8.899052843011447,0.027500000000000482,0.032500000000000404,True,True,367.52864715435146,383.4023818120214,15.873734657669957,True,0
2332,2015-04-10,384.31,380.2497023490058,-4.060297650994187,4.060297650994187,6.9746818146584815,8.882322395259848,0.027750000000000483,0.032750000000000404,True,True,373.27502053434733,389.13202474426566,15.85700420991833,True,0
2333,2015-04-13,383.53,383.986797280675,0.4567972806750049,-0.4567972806750049,6.909785013663168,8.882322395259848,0.028000000000000483,0.033000000000000404,True,True,377.0770122670118,392.8691196759348,15.792107408923016,True,0
2334,2015-04-14,383.51,383.3459603447944,-0.16403965520561314,0.16403965520561314,6.909785013663168,8.88133423138521,0.028250000000000483,0.033250000000000404,True,True,376.4361753311312,392.2272945761796,15.791119245048378,True,0
2335,2015-04-15,384.65,383.2953086553465,-1.3546913446534745,1.3546913446534745,6.842809183738666,8.877833921690922,0.028500000000000483,0.033500000000000404,True,True,376.45249947160784,392.1731425770374,15.720643105429588,True,0
2336,2015-04-16,383.69,384.3989021556409,0.7089021556408852,-0.7089021556408852,6.786129721740679,8.877833921690922,0.028750000000000484,0.033750000000000405,True,True,377.6127724339002,393.2767360773318,15.6639636434316,True,0
2337,2015-04-17,382.63,383.5080409008867,0.8780409008867309,-0.8780409008867309,6.786129721740679,8.855407630738071,0.029000000000000484,0.034000000000000405,True,True,376.72191117914605,392.3634485316248,15.641537352478736,True,0
2338,2015-04-20,378.55,382.4484379042815,3.8984379042814794,-3.8984379042814794,6.76131477680417,8.598641752915853,0.029250000000000484,0.034250000000000405,True,True,375.6871231274773,391.04707965719734,15.359956529720023,True,0
2339,2015-04-21,391.31,378.4651665285841,-12.844833471415882,12.844833471415882,6.76131477680417,8.598641752915853,0.029500000000000484,0.034500000000000405,True,False,371.70385175177995,387.0638082815,15.359956529720023,False,1
2340,2015-04-22,391.91,390.6700143481127,-1.2399856518873094,1.2399856518873094,6.734374582960811,9.271350946718002,0.029750000000000484,0.029750000000000405,True,True,383.9356397651519,399.9413652948307,16.005725529678784,True,0
2341,2015-04-23,390.21,391.69213876119795,1.482138761197973,-1.482138761197973,6.723469265502757,9.219771232147934,0.030000000000000485,0.030000000000000405,True,True,384.96866949569517,400.9119099933459,15.94324049765072,True,0
2342,2015-04-24,439.0,390.04985025830405,-48.95014974169595,48.95014974169595,6.723469265502757,9.219771232147934,0.030250000000000485,0.030250000000000405,True,False,383.3263809928013,399.269621490452,15.943240497650663,False,1
2343,2015-04-27,443.86,437.0986024728749,-6.761397527125098,6.761397527125098,6.70560392513562,10.236235935950788,0.030500000000000485,0.025500000000000404,True,True,430.3929985477393,447.3348384088257,16.941839861086407,True,0
2344,2015-04-28,438.51,443.5586164827758,5.048616482775799,-5.048616482775799,6.6977155908663235,10.230103404458646,0.030750000000000485,0.025750000000000405,True,True,436.86090089190947,453.78871988723444,16.92781899532497,True,0
2345,2015-04-29,426.75,438.46439202336666,11.714392023366656,-11.714392023366656,6.6977155908663235,10.230103404458646,0.031000000000000486,0.026000000000000405,False,True,431.76667643250033,448.6944954278253,16.92781899532497,False,1
2346,2015-04-30,427.11,426.8944411995459,-0.21555880045411868,0.21555880045411868,7.141061335580559,10.108808106815047,0.026250000000000485,0.026250000000000405,True,True,419.75337986396534,437.00324930636094,17.249869442395607,True,0
2347,2015-05-01,423.82,426.876830414088,3.056830414087983,-3.056830414087983,7.101294528237247,10.101439217860275,0.026500000000000485,0.026500000000000405,True,True,419.77553588585073,436.97826963194825,17.202733746097522,True,0
2348,2015-05-04,424.8,423.70412426914606,-1.0958757308539475,1.0958757308539475,7.101294528237247,10.101439217860275,0.026750000000000485,0.026750000000000405,True,True,416.6028297409088,433.80556348700634,17.202733746097522,True,0
2349,2015-05-05,422.85,424.54886480633377,1.698864806333745,-1.698864806333745,7.100511119128555,9.961538287640906,0.027000000000000485,0.027000000000000406,True,True,417.4483536872052,434.5104030939747,17.06204940676946,True,0
2350,2015-05-06,421.43,422.6923195741785,1.2623195741784912,-1.2623195741784912,7.08153007163844,9.797875923551942,0.027250000000000486,0.027250000000000406,True,True,415.61078950254006,432.49019549773044,16.879405995190382,True,0
2351,2015-05-07,424.15,421.25421402417226,-2.895785975827721,2.895785975827721,7.08153007163844,9.797875923551942,0.027500000000000486,0.027500000000000406,True,True,414.1726839525338,431.0520899477242,16.879405995190382,True,0
2352,2015-05-08,430.75,423.84436522939467,-6.905634770605332,6.905634770605332,6.9746818146584815,9.670631632382822,0.027750000000000486,0.027750000000000406,True,True,416.8696834147362,433.5149968617775,16.645313447041303,True,0
2353,2015-05-11,432.51,430.323785219354,-2.186214780645969,2.186214780645969,6.9746818146584815,9.670631632382822,0.028000000000000486,0.028000000000000407,True,True,423.34910340469554,439.99441685173684,16.645313447041303,True,0
2354,2015-05-12,431.08,432.23885017959105,1.1588501795910702,-1.1588501795910702,6.909785013663168,9.653158031471548,0.028250000000000487,0.028250000000000407,True,True,425.3290651659279,441.8920082110626,16.562943045134716,True,0
2355,2015-05-13,429.98,430.9064961469837,0.926496146983709,-0.926496146983709,6.842809183738666,9.482985308867427,0.028500000000000487,0.028500000000000407,True,True,424.06368696324506,440.3894814558512,16.32579449260612,True,0
2356,2015-05-14,429.45,429.7947365070736,0.3447365070736055,-0.3447365070736055,6.842809183738666,9.482985308867427,0.028750000000000487,0.028750000000000407,True,True,422.9519273233349,439.27772181594105,16.32579449260612,True,0
2357,2015-05-15,428.0,429.24685642749444,1.2468564274944356,-1.2468564274944356,6.786129721740679,9.482862958331168,0.029000000000000487,0.029000000000000407,True,True,422.46072670575376,438.7297193858256,16.268992680071847,True,0
2358,2015-05-18,426.0,427.8255300505818,1.82553005058179,-1.82553005058179,6.786129721740679,9.482862958331168,0.029250000000000487,0.029250000000000408,True,True,421.0394003288411,437.30839300891296,16.268992680071847,True,0
2359,2015-05-19,424.87,425.84199914802525,0.9719991480252475,-0.9719991480252475,6.76131477680417,9.332247294948672,0.029500000000000488,0.029500000000000408,True,True,419.0806843712211,435.1742464429739,16.093562071752842,True,0
2360,2015-05-20,420.6,424.6844310346708,4.084431034670786,-4.084431034670786,6.734374582960811,9.271350946718002,0.029750000000000488,0.029750000000000408,True,True,417.95005645171,433.9557819813888,16.005725529678784,True,0
2361,2015-05-21,428.0,420.51190798193306,-7.488092018066936,7.488092018066936,6.734374582960811,9.271350946718002,0.030000000000000488,0.03000000000000041,True,True,413.77753339897225,429.7832589286511,16.00572552967884,True,0
2362,2015-05-22,431.55,427.54400990159354,-4.005990098406471,4.005990098406471,6.723469265502757,9.219771232147934,0.03025000000000049,0.03025000000000041,True,True,420.82054063609075,436.7637811337415,15.94324049765072,True,0
2363,2015-05-26,426.2,431.2210705170652,5.021070517065198,-5.021070517065198,6.70560392513562,9.160111940275755,0.03050000000000049,0.03050000000000041,True,True,424.51546659192957,440.38118245734097,15.865715865411403,True,0
2364,2015-05-27,427.45,426.1470429841811,-1.3029570158188903,1.3029570158188903,6.70560392513562,9.160111940275755,0.03075000000000049,0.03075000000000041,True,True,419.4414390590455,435.3071549244569,15.865715865411403,True,0
2365,2015-05-28,429.71,427.1891632791795,-2.520836720820455,2.520836720820455,6.6977155908663235,9.146167242864522,0.03100000000000049,0.03100000000000041,True,True,420.4914476883132,436.33533052204405,15.843882833730845,True,0
2366,2015-05-29,427.23,429.41884069135614,2.18884069135612,-2.18884069135612,6.6977155908663235,9.146167242864522,0.031250000000000486,0.03125000000000041,True,True,422.7211251004898,438.56500793422066,15.843882833730845,True,0
2367,2015-06-01,430.4,427.08738205176905,-3.3126179482309226,3.3126179482309226,6.695297591312965,9.14190947534496,0.031500000000000486,0.03150000000000041,True,True,420.3920844604561,436.229291527114,15.837207066657925,True,0
2368,2015-06-02,430.07,430.0791656137915,0.009165613791481064,-0.009165613791481064,6.683039307048034,8.928094044835348,0.031750000000000486,0.03175000000000041,True,True,423.39612630674344,439.0072596586268,15.611133351883382,True,0
2369,2015-06-03,434.4,429.86038161817316,-4.539618381826813,4.539618381826813,6.683039307048034,8.928094044835348,0.032000000000000486,0.03200000000000041,True,True,423.17734231112513,438.7884756630085,15.611133351883382,True,0
2370,2015-06-04,434.4,434.0429593180737,-0.35704068192626437,0.35704068192626437,6.663221430392326,8.918752328823757,0.03225000000000049,0.03225000000000041,True,True,427.37973788768136,442.96171164689747,15.581973759216112,True,0
2371,2015-06-05,429.66,434.18064022397806,4.5206402239780346,-4.5206402239780346,6.649482517304989,8.899052843011447,0.03250000000000049,0.03250000000000041,True,True,427.53115770667307,443.07969306698953,15.548535360316464,True,0
2372,2015-06-08,425.62,429.5871992138589,3.967199213858919,-3.967199213858919,6.649482517304989,8.899052843011447,0.03275000000000049,0.03275000000000041,True,True,422.93771669655393,438.4862520568704,15.548535360316464,True,0
2373,2015-06-09,422.96,425.52392616597695,2.563926165976966,-2.563926165976966,6.614133505415452,8.882322395259848,0.03300000000000049,0.03300000000000041,True,True,418.9097926605615,434.4062485612368,15.4964559006753,True,0
2374,2015-06-10,426.46,422.8205913401463,-3.6394086598537,3.6394086598537,6.614133505415452,8.882322395259848,0.03325000000000049,0.03325000000000041,True,True,416.2064578347308,431.7029137354061,15.4964559006753,True,0
2375,2015-06-11,432.29,426.12791345513375,-6.16208654486627,6.16208654486627,6.509623189394347,8.88133423138521,0.03350000000000049,0.03350000000000041,True,True,419.6182902657394,435.00924768651896,15.390957420779557,True,0
2376,2015-06-12,431.25,431.8855685578969,0.6355685578968746,-0.6355685578968746,6.492310138689447,8.877833921690922,0.03375000000000049,0.03375000000000041,True,True,425.3932584192074,440.7634024795878,15.370144060380369,True,0
2377,2015-06-15,427.66,431.0616875644198,3.401687564419774,-3.401687564419774,6.492310138689447,8.877833921690922,0.03400000000000049,0.03400000000000041,True,True,424.56937742573035,439.9395214861107,15.370144060380369,True,0
2378,2015-06-16,424.15,427.5500915316419,3.4000915316419196,-3.4000915316419196,6.408928847169079,8.855407630738071,0.03425000000000049,0.03425000000000041,True,True,421.1411626844728,436.40549916237995,15.264336477907136,True,0
2379,2015-06-17,428.36,424.0370354941884,-4.322964505811626,4.322964505811626,6.319158763857388,8.598641752915853,0.03450000000000049,0.03450000000000041,True,True,417.717876730331,432.63567724710424,14.91780051677324,True,0
2380,2015-06-18,430.3,428.0057620530652,-2.2942379469347998,2.2942379469347998,6.319158763857388,8.598641752915853,0.03475000000000049,0.03475000000000041,True,True,421.6866032892078,436.60440380598106,14.91780051677324,True,0
2381,2015-06-19,440.26,430.0172023763736,-10.242797623626416,10.242797623626416,6.307734359826526,8.584772167347978,0.03500000000000049,0.03500000000000041,True,False,423.709468016547,438.60197454372155,14.892506527174532,False,1
2382,2015-06-22,437.0,439.7247695631684,2.7247695631684223,-2.7247695631684223,6.307734359826526,9.219771232147934,0.03525000000000049,0.030250000000000412,True,True,433.4170352033419,448.94454079531636,15.527505591974432,True,0
2383,2015-06-23,435.59,436.8808619068888,1.2908619068888356,-1.2908619068888356,6.300506514521345,9.219771232147934,0.03550000000000049,0.030500000000000412,True,True,430.58035539236744,446.10063313903674,15.520277746669308,True,0
2384,2015-06-24,444.97,435.41204876607895,-9.557951233921074,9.557951233921074,6.2876329013486725,9.160111940275755,0.03575000000000049,0.030750000000000412,True,False,429.1244158647303,444.5721607063547,15.447744841624399,False,1
2385,2015-06-25,438.07,444.45233882120186,6.38233882120187,-6.38233882120187,6.2876329013486725,10.230103404458646,0.03600000000000049,0.02600000000000041,False,True,438.1647059198532,454.6824422256605,16.51773630580732,False,1
2386,2015-06-26,441.76,438.06365154093106,-3.696348459068929,3.696348459068929,6.695297591312965,10.108808106815047,0.03125000000000049,0.026250000000000412,True,True,431.3683539496181,448.1724596477461,16.804105698128012,True,0
2387,2015-06-29,434.98,441.4209903176206,6.44099031762056,-6.44099031762056,6.683039307048034,10.101439217860275,0.03150000000000049,0.026500000000000412,True,True,434.73795101057254,451.52242953548085,16.78447852490831,True,0
2388,2015-06-30,434.2,434.9714157532205,0.7714157532205377,-0.7714157532205377,6.683039307048034,10.101439217860275,0.03175000000000049,0.026750000000000412,True,True,428.2883764461725,445.0728549710808,16.78447852490831,True,0
2389,2015-07-01,439.35,434.000724865991,-5.349275134009019,5.349275134009019,6.663221430392326,9.961538287640906,0.03200000000000049,0.027000000000000413,True,True,427.3375034355987,443.9622631536319,16.624759718033204,True,0
2390,2015-07-02,437.0,438.96374216785784,1.9637421678578448,-1.9637421678578448,6.649482517304989,9.797875923551942,0.032250000000000494,0.027250000000000413,True,True,432.31425965055286,448.7616180914098,16.44735844085693,True,0
2391,2015-07-06,435.23,436.85222607668584,1.6222260766858199,-1.6222260766858199,6.649482517304989,9.797875923551942,0.032500000000000494,0.027500000000000413,True,True,430.20274355938085,446.6501020002378,16.44735844085693,True,0
2392,2015-07-07,435.68,435.0630629613675,-0.6169370386324999,0.6169370386324999,6.614133505415452,9.670631632382822,0.032750000000000494,0.027750000000000413,True,True,428.44892945595205,444.73369459375033,16.284765137798274,True,0
2393,2015-07-08,434.35,435.4428118814288,1.0928118814287586,-1.0928118814287586,6.614133505415452,9.670631632382822,0.033000000000000494,0.028000000000000413,True,True,428.82867837601333,445.1134435138116,16.284765137798274,True,0
2394,2015-07-09,434.9,434.16909425601654,-0.7309057439834419,0.7309057439834419,6.509623189394347,9.653158031471548,0.033250000000000494,0.028250000000000414,True,True,427.6594710666222,443.8222522874881,16.162781220865895,True,0
2395,2015-07-10,440.49,434.65939892780176,-5.830601072198249,5.830601072198249,6.492310138689447,9.557951233921074,0.033500000000000495,0.028500000000000414,True,True,428.1670887891123,444.21735016172283,16.05026137261052,True,0
2396,2015-07-13,448.29,440.08905741659675,-8.200942583403275,8.200942583403275,6.492310138689447,9.557951233921074,0.033750000000000495,0.028750000000000414,True,True,433.5967472779073,449.6470086505178,16.05026137261052,True,0
2397,2015-07-14,462.32,447.82008887214135,-14.499911127858638,14.499911127858638,6.44099031762056,9.482985308867427,0.034000000000000495,0.029000000000000414,True,False,441.3790985545208,457.3030741810088,15.923975626488016,False,1
2398,2015-07-15,463.04,461.6581061652565,-1.3818938347434937,1.3818938347434937,6.408928847169079,10.44679085219019,0.034250000000000495,0.024250000000000414,True,True,455.24917731808745,472.1048970174467,16.85571969935927,True,0
2399,2015-07-16,465.5,462.8024885118334,-2.697511488166583,2.697511488166583,6.408928847169079,10.44679085219019,0.034500000000000496,0.024500000000000414,True,True,456.39355966466434,473.2492793640236,16.85571969935927,True,0
2400,2015-07-17,477.7,465.2042528112212,-12.495747188778807,12.495747188778807,6.38233882120187,10.395946211211111,0.034750000000000496,0.024750000000000414,True,False,458.8219139900193,475.6001990224323,16.77828503241301,False,1
2401,2015-07-20,492.57,477.1013133732379,-15.468686626762121,15.468686626762121,6.319158763857388,12.046558395810933,0.035000000000000496,0.020000000000000413,True,False,470.7821546093805,489.14787176904883,18.36571715966835,False,1
2402,2015-07-21,487.9,491.9047251256811,4.004725125681148,-4.004725125681148,6.319158763857388,15.468686626762121,0.035250000000000496,0.015250000000000413,True,True,485.58556636182374,507.37341175244325,21.78784539061951,True,0
2403,2015-07-22,485.99,487.8366178603069,1.8466178603068784,-1.8466178603068784,6.307734359826526,14.960966199678893,0.035500000000000496,0.015500000000000413,True,True,481.52888350048033,502.79758405998575,21.26870055950542,True,0
2404,2015-07-23,491.66,485.8334292025121,-5.826570797487932,5.826570797487932,6.307734359826526,14.960966199678893,0.0357500000000005,0.015750000000000413,True,True,479.52569484268554,500.79439540219096,21.26870055950542,True,0
2405,2015-07-24,578.99,491.27269922654096,-87.71730077345904,87.71730077345904,6.300506514521345,14.499911127858638,0.0360000000000005,0.016000000000000413,True,False,484.9721927120196,505.7726103543996,20.800417642380012,False,1
2406,2015-07-27,527.75,576.02861139679,48.278611396789984,-48.278611396789984,6.2876329013486725,37.25,0.0362500000000005,0.011250000000000412,False,True,569.7409784954414,613.27861139679,43.537632901348616,False,1
2407,2015-07-28,536.0,529.3443441832051,-6.655655816794933,6.655655816794933,6.695297591312965,37.25,0.0315000000000005,0.011500000000000413,True,True,522.6490465918921,566.5943441832051,43.945297591312965,True,0
2408,2015-07-29,530.92,535.4781469879616,4.558146987961663,-4.558146987961663,6.683039307048034,37.08,0.0317500000000005,0.011750000000000413,True,True,528.7951076809136,572.5581469879617,43.763039307048075,True,0
2409,2015-07-30,527.65,530.9293197350647,3.279319735064746,-3.279319735064746,6.663221430392326,37.08,0.0320000000000005,0.012000000000000413,True,True,524.2660983046724,568.0093197350648,43.743221430392396,True,0
2410,2015-07-31,539.09,527.5778807780486,-11.51211922195148,11.51211922195148,6.663221430392326,37.04,0.0322500000000005,0.012250000000000413,True,True,520.9146593476562,564.6178807780485,43.70322143039232,True,0
2411,2015-08-03,537.45,538.4488586594946,0.9988586594945446,-0.9988586594945446,6.649482517304989,36.98,0.0325000000000005,0.012500000000000414,True,True,531.7993761421897,575.4288586594946,43.62948251730495,True,0
2412,2015-08-04,529.69,537.3298330847958,7.639833084795782,-7.639833084795782,6.649482517304989,36.98,0.0327500000000005,0.012750000000000414,False,True,530.6803505674909,574.3098330847959,43.62948251730495,False,1
2413,2015-08-05,538.8,529.7947525222639,-9.00524747773602,9.00524747773602,6.9746818146584815,36.7,0.0280000000000005,0.013000000000000414,True,True,522.8200707076055,566.494752522264,43.67468181465847,True,0
2414,2015-08-06,539.3,538.2483585725156,-1.0516414274843555,1.0516414274843555,6.909785013663168,36.7,0.0282500000000005,0.013250000000000414,True,True,531.3385735588524,574.9483585725156,43.60978501366321,True,0
2415,2015-08-07,529.16,539.0931714009697,9.93317140096974,-9.93317140096974,6.909785013663168,36.7,0.0285000000000005,0.013500000000000414,False,True,532.1833863873065,575.7931714009698,43.60978501366321,False,1
2416,2015-08-10,528.52,529.3567873351706,0.8367873351705839,-0.8367873351705839,7.494737428946451,31.49753328109827,0.0237500000000005,0.013750000000000415,True,True,521.8620499062241,560.8543206162689,38.99227071004475,True,0
2417,2015-08-11,523.65,528.3464557793023,4.696455779302369,-4.696455779302369,7.494737428946451,31.49753328109827,0.0240000000000005,0.014000000000000415,True,True,520.8517183503559,559.8439890604006,38.99227071004475,True,0
2418,2015-08-12,523.75,523.6382021095089,-0.11179789049106148,0.11179789049106148,7.478864558471457,29.097996727067596,0.0242500000000005,0.014250000000000415,True,True,516.1593375510374,552.7361988365765,36.57686128553905,True,0
2419,2015-08-13,527.37,523.5433971953825,-3.8266028046175506,3.8266028046175506,7.410330130523505,17.431662177681503,0.0245000000000005,0.014500000000000415,True,True,516.133067064859,540.9750593730639,24.841992308204908,True,0
2420,2015-08-14,528.25,527.027896906163,-1.2221030938369495,1.2221030938369495,7.410330130523505,17.431662177681503,0.0247500000000005,0.014750000000000416,True,True,519.6175667756395,544.4595590838445,24.841992308205022,True,0
2421,2015-08-17,531.29,528.0163415805583,-3.273658419441631,3.273658419441631,7.307635926972694,17.118488921674782,0.0250000000000005,0.015000000000000416,True,True,520.7087056535856,545.1348305022332,24.426124848647532,True,0
2422,2015-08-18,535.04,530.9727569223465,-4.067243077653416,4.067243077653416,7.2092395886426175,17.118488921674782,0.0252500000000005,0.015250000000000416,True,True,523.7635173337039,548.0912458440214,24.327728510317456,True,0
2423,2015-08-19,533.74,534.6973723720637,0.9573723720636735,-0.9573723720636735,7.2092395886426175,15.468686626762121,0.0255000000000005,0.015500000000000416,True,True,527.4881327834211,550.1660589988257,22.677926215404682,True,0
2424,2015-08-20,530.39,533.5942790862097,3.204279086209681,-3.204279086209681,7.206149293916951,14.960966199678893,0.0257500000000005,0.015750000000000416,True,True,526.3881297922927,548.5552452858885,22.167115493595816,True,0
2425,2015-08-21,507.36,530.3207978605463,22.960797860546336,-22.960797860546336,7.178835412782433,14.960966199678893,0.026000000000000502,0.016000000000000417,False,True,523.141962447764,545.2817640602252,22.13980161246127,False,1
2426,2015-08-24,463.58,508.02299274458306,44.44299274458308,-44.44299274458308,7.851123178345517,14.499911127858638,0.0212500000000005,0.016250000000000417,False,True,500.17186956623755,522.5229038724417,22.351034306204156,False,1
2427,2015-08-25,487.49,464.8599415595236,-22.630058440476432,22.630058440476432,8.635517421451198,13.973324868287676,0.0165000000000005,0.016500000000000417,True,False,456.2244241380724,478.8332664278113,22.608842289738902,False,1
2428,2015-08-26,484.02,486.33852310679345,2.3185231067934637,-2.3185231067934637,8.635517421451198,37.08,0.0167500000000005,0.011750000000000416,True,True,477.70300568534225,523.4185231067935,45.71551742145124,True,0
2429,2015-08-27,513.71,483.9205516028205,-29.789448397179513,29.789448397179513,8.55436997936556,37.04,0.0170000000000005,0.012000000000000417,True,True,475.36618162345496,520.9605516028205,45.594369979365524,True,0
2430,2015-08-28,517.5,512.2867590657448,-5.213240934255168,5.213240934255168,8.55436997936556,37.04,0.0172500000000005,0.012250000000000417,True,True,503.73238908637927,549.3267590657448,45.594369979365524,True,0
2431,2015-08-31,516.44,517.1782888569312,0.738288856931149,-0.738288856931149,8.52262168284659,36.98,0.0175000000000005,0.012500000000000417,True,True,508.6556671740846,554.1582888569312,45.50262168284661,True,0
2432,2015-09-01,499.14,516.2717152156326,17.131715215632653,-17.131715215632653,8.445680639693741,36.98,0.0177500000000005,0.012750000000000417,False,True,507.8260345759389,553.2517152156327,45.42568063969378,False,1
2433,2015-09-02,505.09,499.57968781223803,-5.51031218776194,5.51031218776194,9.922509939345616,36.7,0.0130000000000005,0.013000000000000417,True,True,489.6571778728924,536.2796878122381,46.62250993934566,True,0
2434,2015-09-03,514.5,504.6158878678049,-9.884112132195128,9.884112132195128,9.91020213890016,36.7,0.013250000000000501,0.013250000000000418,True,True,494.7056857289047,541.3158878678049,46.610202138900206,True,0
2435,2015-09-04,497.65,513.9167692434137,16.266769243413705,-16.266769243413705,9.91020213890016,36.7,0.013500000000000501,0.013500000000000418,False,True,504.0065671045135,550.6167692434137,46.610202138900206,False,1
2436,2015-09-08,508.69,498.08495834033084,-10.605041659669155,10.605041659669155,12.198762425887196,31.49753328109827,0.0087500000000005,0.013750000000000418,True,True,485.88619591444365,529.5824916214291,43.69629570698544,True,0
2437,2015-09-09,524.0,508.0140602168732,-15.98593978312681,15.98593978312681,12.198762425887196,29.789448397179513,0.0090000000000005,0.014000000000000418,True,True,495.815297790986,537.8035086140527,41.98821082306671,True,0
2438,2015-09-10,515.15,523.1751161195627,8.025116119562767,-8.025116119562767,11.714392023366656,29.789448397179513,0.009250000000000501,0.014250000000000419,True,True,511.4607240961961,552.9645645167423,41.50384042054617,True,0
2439,2015-09-11,521.07,515.2804380095362,-5.789561990463881,5.789561990463881,11.535116995791213,29.097996727067596,0.009500000000000501,0.014500000000000419,True,True,503.74532101374496,544.3784347366038,40.633113722858866,True,0
2440,2015-09-14,529.44,520.617709997554,-8.822290002446039,8.822290002446039,11.535116995791213,29.097996727067596,0.009750000000000501,0.014750000000000419,True,True,509.0825930017628,549.7157067246217,40.633113722858866,True,0
2441,2015-09-15,523.25,528.8936562369271,5.643656236927086,-5.643656236927086,11.088085541567068,22.630058440476432,0.010000000000000502,0.01500000000000042,True,True,517.8055706953601,551.5237146774035,33.71814398204344,True,0
2442,2015-09-16,521.98,523.2803526263352,1.3003526263352114,-1.3003526263352114,10.92408695002726,17.431662177681503,0.010250000000000502,0.01525000000000042,True,True,512.356265676308,540.7120148040167,28.35574912770869,True,0
2443,2015-09-17,526.98,521.8171756615455,-5.16282433845447,5.16282433845447,10.92408695002726,17.431662177681503,0.010500000000000502,0.01550000000000042,True,True,510.8930887115183,539.248837839227,28.35574912770869,True,0
2444,2015-09-18,534.62,526.567701239046,-8.052298760954045,8.052298760954045,10.752487596655897,17.118488921674782,0.010750000000000502,0.01575000000000042,True,True,515.8152136423901,543.6861901607208,27.870976518330735,True,0
2445,2015-09-21,544.33,534.1038147361401,-10.226185263859975,10.226185263859975,10.752487596655897,15.98593978312681,0.011000000000000502,0.01600000000000042,True,True,523.3513271394842,550.0897545192669,26.738427379782706,True,0
2446,2015-09-22,539.71,543.7371135177095,4.027113517709495,-4.027113517709495,10.455853776570734,15.98593978312681,0.011250000000000503,0.01625000000000042,True,True,533.2812597411388,559.7230533008363,26.441793559697544,True,0
2447,2015-09-23,538.3,539.6842961265877,1.384296126587742,-1.384296126587742,10.352954255708198,15.468686626762121,0.011500000000000503,0.01650000000000042,True,True,529.3313418708794,555.1529827533498,25.82164088247032,True,0
2448,2015-09-24,530.55,538.1500203485499,7.600020348549947,-7.600020348549947,10.352954255708198,15.468686626762121,0.011750000000000503,0.01675000000000042,True,True,527.7970660928418,553.6187069753121,25.82164088247032,True,0
2449,2015-09-25,542.57,530.6435952188773,-11.926404781122756,11.926404781122756,10.17138112416589,14.960966199678893,0.012000000000000503,0.01700000000000042,True,True,520.4722140947114,545.6045614185562,25.132347323844783,True,0
2450,2015-09-28,520.02,541.881857017462,21.861857017462057,-21.861857017462057,10.094873795300316,14.499911127858638,0.012250000000000504,0.01725000000000042,False,True,531.7869832221618,556.3817681453206,24.59478492315884,False,1
2451,2015-09-29,506.0,520.6953095354022,14.695309535402203,-14.695309535402203,13.346056464726985,14.499911127858638,0.007500000000000504,0.01750000000000042,False,True,507.3492530706752,535.1952206632609,27.84596759258568,False,1
2452,2015-09-30,505.44,506.3291415043578,0.8891415043577808,-0.8891415043577808,21.861857017462057,13.973324868287676,0.0027500000000005038,0.01775000000000042,True,True,484.4672844868957,520.3024663726454,35.835181885749705,True,0
2453,2015-10-01,511.0,505.2394067257437,-5.76059327425628,5.76059327425628,21.80327228429178,13.725655545674073,0.003000000000000504,0.018000000000000422,True,True,483.43613444145194,518.9650622714178,35.52892782996582,True,0
2454,2015-10-02,512.99,510.55506716325306,-2.4349328367469525,2.4349328367469525,21.80327228429178,13.725655545674073,0.0032500000000005042,0.018250000000000422,True,True,488.7517948789613,524.2807227089271,35.52892782996582,True,0
2455,2015-10-05,536.99,512.6859431865275,-24.30405681347247,24.30405681347247,20.037081608587158,13.17420768622219,0.0035000000000005044,0.018500000000000422,True,False,492.64886157794035,525.8601508727497,33.211289294809376,False,1
2456,2015-10-06,545.5,535.8073526935369,-9.692647306463073,9.692647306463073,17.131715215632653,31.49753328109827,0.0037500000000005047,0.013750000000000422,True,True,518.6756374779043,567.3048859746352,48.62924849673095,True,0
2457,2015-10-07,541.79,544.955759115243,3.165759115243077,-3.165759115243077,17.131715215632653,29.789448397179513,0.004000000000000505,0.014000000000000422,True,True,527.8240438996104,574.7452075124226,46.921163612812165,True,0
2458,2015-10-08,536.71,541.7226683971912,5.012668397191192,-5.012668397191192,16.33779006578817,29.097996727067596,0.004250000000000505,0.014250000000000422,True,True,525.3848783314031,570.8206651242588,45.43578679285565,True,0
2459,2015-10-09,534.48,536.6952528169066,2.2152528169066272,-2.2152528169066272,16.266769243413705,29.097996727067596,0.004500000000000505,0.014500000000000422,True,True,520.4284835734929,565.7932495439743,45.36476597048136,True,0
2460,2015-10-12,539.96,534.3532302425469,-5.606769757453094,5.606769757453094,16.266769243413705,24.30405681347247,0.0047500000000005056,0.014750000000000422,True,True,518.0864609991332,558.6572870560194,40.570826056886176,True,0
2461,2015-10-13,546.26,539.533072286581,-6.726927713418945,6.726927713418945,15.648951520661825,24.30405681347247,0.005000000000000506,0.015000000000000423,True,True,523.8841207659192,563.8371291000535,39.953008334134324,True,0
2462,2015-10-14,551.34,545.8016162410939,-5.538383758906093,5.538383758906093,15.648951520661825,22.630058440476432,0.005250000000000506,0.015250000000000423,True,True,530.1526647204321,568.4316746815704,38.279009961138286,True,0
2463,2015-10-15,547.75,550.9328376301193,3.182837630119252,-3.182837630119252,14.962544374099338,17.431662177681503,0.005500000000000506,0.015500000000000423,True,True,535.9702932560199,568.3644998078007,32.394206551780826,True,0
2464,2015-10-16,565.27,547.6789470600153,-17.591052939984706,17.591052939984706,14.695309535402203,17.431662177681503,0.0057500000000005064,0.015750000000000423,True,False,532.9836375246131,565.1106092376967,32.12697171308366,False,1
2465,2015-10-19,570.76,564.3767195719452,-6.383280428054832,6.383280428054832,14.695309535402203,37.25,0.006000000000000507,0.011000000000000423,True,True,549.681410036543,601.6267195719452,51.9453095354022,True,0
2466,2015-10-20,572.0,570.3465899135174,-1.6534100864826087,1.6534100864826087,14.205106019693517,37.25,0.006250000000000507,0.011250000000000423,True,True,556.1414838938239,607.5965899135174,51.45510601969352,True,0
2467,2015-10-21,563.87,571.7567815278562,7.886781527856215,-7.886781527856215,13.72033565449459,37.08,0.006500000000000507,0.011500000000000423,True,True,558.0364458733616,608.8367815278563,50.80033565449469,True,0
2468,2015-10-22,562.7,563.9838064921311,1.2838064921310206,-1.2838064921310206,13.72033565449459,37.08,0.006750000000000507,0.011750000000000423,True,True,550.2634708376365,601.0638064921311,50.800335654494575,True,0
2469,2015-10-23,617.68,562.5460676297919,-55.13393237020807,55.13393237020807,13.705209885036027,37.04,0.0070000000000005076,0.012000000000000424,True,False,548.8408577447558,599.5860676297918,50.74520988503605,False,1
2470,2015-10-26,602.3,615.2766076180816,12.97660761808163,-12.97660761808163,13.705209885036027,43.18,0.007250000000000508,0.007250000000000424,True,True,601.5713977330456,658.4566076180815,56.88520988503592,True,0
2471,2015-10-27,608.6,602.6785156149508,-5.921484385049212,5.921484385049212,13.346301063550015,43.05,0.007500000000000508,0.007500000000000424,True,True,589.3322145514007,645.7285156149508,56.39630106355003,True,0
2472,2015-10-28,612.3,608.1876527749386,-4.112347225061399,4.112347225061399,13.346056464726985,42.95,0.007750000000000508,0.007750000000000424,True,True,594.8415963102116,651.1376527749386,56.29605646472703,True,0
2473,2015-10-29,617.7,611.9832539548175,-5.716746045182504,5.716746045182504,13.346056464726985,42.95,0.008000000000000508,0.008000000000000423,True,True,598.6371974900906,654.9332539548176,56.29605646472703,True,0
2474,2015-10-30,626.01,617.3211197098582,-8.68888029014181,8.68888029014181,13.335334764741134,42.95,0.008250000000000509,0.008250000000000424,True,True,603.9857849451171,660.2711197098582,56.28533476474115,True,0
2475,2015-11-02,627.13,625.5201626353241,-1.6098373646758546,1.6098373646758546,12.97660761808163,42.92,0.008500000000000509,0.008500000000000424,True,True,612.5435550172425,668.4401626353241,55.89660761808159,True,0
2476,2015-11-03,629.53,626.9308172090817,-2.599182790918235,2.599182790918235,12.97660761808163,42.92,0.008750000000000509,0.008750000000000424,True,True,613.9542095910001,669.8508172090817,55.89660761808159,True,0
2477,2015-11-04,627.76,629.2853524030186,1.5253524030185872,-1.5253524030185872,12.728566661525036,42.84,0.00900000000000051,0.009000000000000424,True,True,616.5567857414935,672.1253524030186,55.5685666615251,True,0
2478,2015-11-05,647.1,627.6799715983374,-19.42002840166265,19.42002840166265,12.728566661525036,42.84,0.00925000000000051,0.009250000000000425,True,True,614.9514049368123,670.5199715983374,55.5685666615251,True,0
2479,2015-11-06,655.0,646.1807789907884,-8.81922100921156,8.81922100921156,12.501411788758048,42.66,0.00950000000000051,0.009500000000000425,True,True,633.6793672020303,688.8407789907884,55.16141178875807,True,0
2480,2015-11-09,658.65,654.5507427679295,-4.099257232070499,4.099257232070499,12.198762425887196,42.19,0.00975000000000051,0.009750000000000425,True,True,642.3519803420422,696.7407427679295,54.38876242588731,True,0
2481,2015-11-10,653.0,658.3837281696495,5.383728169649544,-5.383728169649544,12.198762425887196,42.19,0.01000000000000051,0.010000000000000425,True,True,646.1849657437624,700.5737281696495,54.38876242588708,True,0
2482,2015-11-11,663.25,653.0996877176474,-10.150312282352616,10.150312282352616,11.714392023366656,41.612076318755726,0.01025000000000051,0.010250000000000425,True,True,641.3852956942808,694.7117640364031,53.326468342122325,True,0
2483,2015-11-12,673.0,662.7256258793462,-10.27437412065376,10.27437412065376,11.535116995791213,37.61,0.01050000000000051,0.010500000000000426,True,True,651.190508883555,700.3356258793463,49.14511699579123,True,0
2484,2015-11-13,663.57,672.5011016382196,8.931101638219502,-8.931101638219502,11.535116995791213,37.61,0.010750000000000511,0.010750000000000426,True,True,660.9659846424283,710.1111016382196,49.14511699579123,True,0
2485,2015-11-16,640.92,663.8265622870344,22.90656228703449,-22.90656228703449,11.088085541567068,37.34,0.011000000000000511,0.011000000000000426,False,True,652.7384767454673,701.1665622870345,48.42808554156716,False,1
2486,2015-11-17,650.65,641.673669111491,-8.976330888508983,8.976330888508983,14.695309535402203,37.34,0.006250000000000511,0.011250000000000426,True,True,626.9783595760888,679.013669111491,52.035309535402234,True,0
2487,2015-11-18,646.51,650.1487907295334,3.6387907295334116,-3.6387907295334116,14.205106019693517,37.25,0.0065000000000005114,0.011500000000000427,True,True,635.9436847098399,687.3987907295334,51.45510601969352,True,0
2488,2015-11-19,664.99,646.5299269449647,-18.46007305503531,18.46007305503531,14.205106019693517,37.08,0.006750000000000512,0.011750000000000427,True,True,632.3248209252712,683.6099269449647,51.28510601969356,True,0
2489,2015-11-20,663.95,664.122444184257,0.1724441842569604,-0.1724441842569604,13.72033565449459,37.08,0.007000000000000512,0.012000000000000427,True,True,650.4021085297625,701.202444184257,50.800335654494575,True,0
2490,2015-11-23,671.5,663.8610683880255,-7.638931611974499,7.638931611974499,13.705209885036027,37.04,0.007250000000000512,0.012250000000000427,True,True,650.1558585029895,700.9010683880255,50.74520988503593,True,0
2491,2015-11-24,674.14,671.0853379265719,-3.0546620734280623,3.0546620734280623,13.705209885036027,36.98,0.007500000000000512,0.012500000000000427,True,True,657.380128041536,708.0653379265719,50.68520988503599,True,0
2492,2015-11-25,675.0,673.9228196423636,-1.0771803576363936,1.0771803576363936,13.346301063550015,36.98,0.0077500000000005126,0.012750000000000428,True,True,660.5765185788136,710.9028196423636,50.32630106354998,True,0
2493,2015-11-27,680.8,674.8575503006548,-5.942449699345161,5.942449699345161,13.346301063550015,36.7,0.008000000000000512,0.013000000000000428,True,True,661.5112492371047,711.5575503006548,50.04630106355012,True,0
2494,2015-11-30,675.9,680.4652677432093,4.565267743209347,-4.565267743209347,13.346056464726985,36.7,0.008250000000000512,0.013250000000000428,True,True,667.1192112784823,717.1652677432094,50.04605646472703,True,0
2495,2015-12-01,673.75,675.9868521039584,2.2368521039584266,-2.2368521039584266,13.335334764741134,36.7,0.008500000000000512,0.013500000000000428,True,True,662.6515173392173,712.6868521039585,50.03533476474115,True,0
2496,2015-12-02,681.0,673.7281443684722,-7.271855631527842,7.271855631527842,13.335334764741134,31.49753328109827,0.008750000000000513,0.013750000000000429,True,True,660.392809603731,705.2256776495705,44.832868045839405,True,0
2497,2015-12-03,679.44,680.605114019088,1.1651140190879232,-1.1651140190879232,12.97660761808163,31.49753328109827,0.009000000000000513,0.014000000000000429,True,True,667.6285064010063,712.1026473001863,44.47414089917993,True,0
2498,2015-12-04,666.0,679.3935439829462,13.393543982946198,-13.393543982946198,12.728566661525036,29.789448397179513,0.009250000000000513,0.014250000000000429,False,True,666.6649773214211,709.1829923801257,42.51801505870458,False,1
2499,2015-12-07,674.74,666.4141162662944,-8.32588373370561,8.32588373370561,16.33779006578817,29.097996727067596,0.004500000000000513,0.01450000000000043,True,True,650.0763262005062,695.512112993362,45.43578679285588,True,0
2500,2015-12-08,663.13,674.2805361295258,11.15053612952579,-11.15053612952579,16.33779006578817,29.097996727067596,0.004750000000000513,0.01475000000000043,True,True,657.9427460637376,703.3785328565934,45.43578679285588,True,0
2501,2015-12-09,678.0,663.4641103442289,-14.535889655771143,14.535889655771143,16.266769243413705,24.30405681347247,0.005000000000000514,0.01500000000000043,True,True,647.1973411008152,687.7681671577013,40.570826056886176,True,0
2502,2015-12-10,665.59,677.2802460216994,11.690246021699409,-11.690246021699409,15.648951520661825,22.630058440476432,0.005250000000000514,0.01525000000000043,True,True,661.6312945010376,699.9103044621759,38.279009961138286,True,0
2503,2015-12-11,651.23,665.9641916148157,14.7341916148157,-14.7341916148157,15.648951520661825,22.630058440476432,0.005500000000000514,0.01550000000000043,True,True,650.3152400941539,688.5942500552922,38.279009961138286,True,0
2504,2015-12-14,641.75,651.6692584013543,9.919258401354341,-9.919258401354341,14.962544374099338,19.42002840166265,0.005750000000000514,0.01575000000000043,True,True,636.706714027255,671.089286803017,34.382572775762014,True,0
2505,2015-12-15,665.03,641.9788276869057,-23.0511723130943,23.0511723130943,14.7341916148157,18.46007305503531,0.0060000000000005145,0.01600000000000043,True,False,627.24463607209,660.438900741941,33.19426466985101,False,1
2506,2015-12-16,663.56,663.9386847538256,0.37868475382560973,-0.37868475382560973,14.7341916148157,37.25,0.006250000000000515,0.01125000000000043,True,True,649.2044931390099,701.1886847538256,51.9841916148157,True,0
2507,2015-12-17,680.0,663.46951526636,-16.530484733640037,16.530484733640037,14.695309535402203,37.25,0.006500000000000515,0.01150000000000043,True,True,648.7742057309578,700.71951526636,51.9453095354022,True,0
2508,2015-12-18,668.65,679.2051741715534,10.555174171553404,-10.555174171553404,14.695309535402203,37.08,0.006750000000000515,0.01175000000000043,True,True,664.5098646361512,716.2851741715534,51.77530953540224,True,0
2509,2015-12-21,668.5,668.9800361477786,0.4800361477786055,-0.4800361477786055,14.205106019693517,37.04,0.007000000000000515,0.01200000000000043,True,True,654.7749301280851,706.0200361477786,51.24510601969348,True,0
2510,2015-12-22,666.83,668.3783246513636,1.5483246513636004,-1.5483246513636004,13.72033565449459,37.04,0.007250000000000516,0.01225000000000043,True,True,654.6579889968691,705.4183246513636,50.7603356544945,True,0
2511,2015-12-23,666.5,666.7654295653242,0.2654295653242116,-0.2654295653242116,13.72033565449459,36.98,0.007500000000000516,0.012500000000000431,True,True,653.0450939108296,703.7454295653242,50.700335654494666,True,0
2512,2015-12-24,663.35,666.3795375748085,3.0295375748085007,-3.0295375748085007,13.705209885036027,36.7,0.007750000000000516,0.012750000000000431,True,True,652.6743276897726,703.0795375748086,50.405209885036015,True,0
2513,2015-12-28,665.56,663.3404526028879,-2.2195473971120236,2.2195473971120236,13.393543982946198,36.7,0.008000000000000515,0.013000000000000431,True,True,649.9469086199417,700.040452602888,50.093543982946244,True,0
2514,2015-12-29,677.98,665.3325738113342,-12.647426188665804,12.647426188665804,13.393543982946198,36.7,0.008250000000000516,0.013250000000000432,True,True,651.939029828388,702.0325738113343,50.093543982946244,True,0
2515,2015-12-30,691.89,677.3412482351705,-14.54875176482949,14.54875176482949,13.346301063550015,36.7,0.008500000000000516,0.013500000000000432,True,True,663.9949471716204,714.0412482351705,50.04630106355012,True,0
2516,2015-12-31,686.08,691.2059034587782,5.125903458778112,-5.125903458778112,13.346056464726985,31.49753328109827,0.008750000000000516,0.013750000000000432,True,True,677.8598469940512,722.7034367398765,44.843589745825284,True,0
2517,2016-01-04,656.29,686.1975895058232,29.90758950582324,-29.90758950582324,13.346056464726985,29.789448397179513,0.009000000000000516,0.014000000000000432,False,True,672.8515330410962,715.9870379030027,43.1355048619065,False,1
2518,2016-01-05,646.86,657.3308069850444,10.470806985044419,-10.470806985044419,20.037081608587158,29.789448397179513,0.004250000000000516,0.014250000000000432,True,True,637.2937253764572,687.120255382224,49.8265300057667,True,0
2519,2016-01-06,622.0,647.0946702460058,25.094670246005762,-25.094670246005762,17.131715215632653,29.097996727067596,0.004500000000000517,0.014500000000000433,False,True,629.9629550303731,676.1926669730733,46.22971194270019,False,1
2520,2016-01-07,621.8,622.7826777858526,0.9826777858526157,-0.9826777858526157,inf,24.30405681347247,-0.0002499999999994833,0.014750000000000433,True,True,-inf,647.086734599325,inf,True,0
2521,2016-01-08,619.66,621.6106316249968,1.950631624996845,-1.950631624996845,inf,24.30405681347247,5.167307554065914e-16,0.015000000000000433,True,True,-inf,645.9146884384693,inf,True,0
2522,2016-01-11,612.48,619.5553980622054,7.075398062205409,-7.075398062205409,inf,23.0511723130943,0.00025000000000051674,0.015250000000000433,True,True,-inf,642.6065703752997,inf,True,0
2523,2016-01-12,625.25,612.5673297845914,-12.68267021540862,12.68267021540862,44.44299274458308,22.630058440476432,0.0005000000000005167,0.015500000000000434,True,True,568.1243370400083,635.1973882250678,67.07305118505951,True,0
2524,2016-01-13,620.88,624.5454097288987,3.6654097288986804,-3.6654097288986804,44.44299274458308,22.630058440476432,0.0007500000000005167,0.015750000000000434,True,True,580.1024169843156,647.1754681693751,67.07305118505951,True,0
2525,2016-01-14,580.25,620.8702391132514,40.62023911325139,-40.62023911325139,42.45373337730973,19.42002840166265,0.0010000000000005168,0.016000000000000434,True,True,578.4165057359417,640.290267514914,61.87376177897238,True,0
2526,2016-01-15,572.24,581.5942700262704,9.354270026270342,-9.354270026270342,40.62023911325139,18.46007305503531,0.0012500000000005168,0.016250000000000434,True,True,540.974030913019,600.0543430813057,59.080312168286696,True,0
2527,2016-01-19,577.09,572.3337443726389,-4.756255627361156,4.756255627361156,40.62023911325139,18.46007305503531,0.0015000000000005168,0.016500000000000434,True,True,531.7135052593875,590.7938174276742,59.080312168286696,True,0
2528,2016-01-20,564.36,576.6818975718218,12.32189757182175,-12.32189757182175,34.7120327640111,17.591052939984706,0.0017500000000005168,0.016750000000000435,True,True,541.9698648078106,594.2729505118065,52.30308570399586,True,0
2529,2016-01-21,573.58,564.624596494353,-8.955403505647041,8.955403505647041,29.90758950582324,17.591052939984706,0.002000000000000517,0.017000000000000435,True,True,534.7170069885298,582.2156494343377,47.498642445807945,True,0
2530,2016-01-22,588.73,572.992749456754,-15.737250543245977,15.737250543245977,29.90758950582324,17.431662177681503,0.002250000000000517,0.017250000000000435,True,True,543.0851599509308,590.4244116344355,47.3392516835047,True,0
2531,2016-01-25,597.99,587.9060228245577,-10.083977175442328,10.083977175442328,28.867852672401852,17.118488921674782,0.0025000000000005174,0.017500000000000435,True,True,559.0381701521558,605.0245117462325,45.98634159407675,True,0
2532,2016-01-26,603.45,597.4078443356373,-6.042155664362781,6.042155664362781,28.867852672401852,17.118488921674782,0.0027500000000005177,0.017750000000000436,True,True,568.5399916632355,614.526333257312,45.98634159407652,True,0
2533,2016-01-27,601.99,603.0253784755248,1.0353784755247943,-1.0353784755247943,25.094670246005762,16.530484733640037,0.003000000000000518,0.018000000000000436,True,True,577.930708229519,619.5558632091648,41.6251549796458,True,0
2534,2016-01-28,608.37,601.8351058677003,-6.534894132299655,6.534894132299655,22.960797860546336,15.98593978312681,0.003250000000000518,0.018250000000000436,True,True,578.874308007154,617.8210456508272,38.946737643673146,True,0
2535,2016-01-29,571.98,607.9147563102615,35.93475631026149,-35.93475631026149,22.960797860546336,15.98593978312681,0.0035000000000005183,0.018500000000000436,False,True,584.9539584497152,623.9006960933883,38.946737643673146,False,1
2536,2016-02-01,578.15,573.136970580477,-5.013029419522923,5.013029419522923,inf,15.737250543245977,-0.0012499999999994816,0.018750000000000436,True,True,-inf,588.874221123723,inf,True,0
2537,2016-02-02,570.0,577.6840003754926,7.684000375492587,-7.684000375492587,inf,15.468686626762121,-0.0009999999999994816,0.019000000000000437,True,True,-inf,593.1526870022547,inf,True,0
2538,2016-02-03,553.5,570.0931815044285,16.593181504428458,-16.593181504428458,inf,15.468686626762121,-0.0007499999999994816,0.019250000000000437,True,True,-inf,585.5618681311905,inf,True,0
2539,2016-02-04,525.0,553.9020510523171,28.90205105231712,-28.90205105231712,inf,14.960966199678893,-0.0004999999999994815,0.019500000000000437,True,True,-inf,568.863017251996,inf,True,0
2540,2016-02-05,529.28,525.81046124449,-3.469538755509916,3.469538755509916,inf,14.54875176482949,-0.00024999999999948154,0.019750000000000437,True,True,-inf,540.3592130093195,inf,True,0
2541,2016-02-08,486.47,528.8534738044783,42.383473804478285,-42.383473804478285,inf,14.54875176482949,5.184654788825682e-16,0.020000000000000438,True,True,-inf,543.4022255693078,inf,True,0
2542,2016-02-09,478.01,487.8290451925507,9.819045192550732,-9.819045192550732,inf,14.535889655771143,0.00025000000000051847,0.020250000000000438,True,True,-inf,502.36493484832187,inf,True,0
2543,2016-02-10,491.76,477.95332531885526,-13.806674681144727,13.806674681144727,44.44299274458308,14.499911127858638,0.0005000000000005185,0.020500000000000438,True,True,433.5103325742722,492.4532364467139,58.94290387244172,True,0
2544,2016-02-11,491.17,490.96299244661253,-0.20700755338748422,0.20700755338748422,44.44299274458308,14.499911127858638,0.0007500000000005185,0.020750000000000438,True,True,446.51999970202945,505.46290357447117,58.94290387244172,True,0
2545,2016-02-12,510.7,490.96616838847785,-19.733831611522135,19.733831611522135,42.45373337730973,13.973324868287676,0.0010000000000005185,0.02100000000000044,True,False,448.5124350111681,504.93949325676556,56.427058245597436,False,1
2546,2016-02-16,519.48,509.6878960829203,-9.792103917079714,9.792103917079714,42.383473804478285,19.42002840166265,0.0012500000000005185,0.016250000000000438,True,True,467.304422278442,529.107924484583,61.80350220614099,True,0
2547,2016-02-17,528.74,518.9424110078801,-9.797588992119927,9.797588992119927,42.383473804478285,18.46007305503531,0.0015000000000005185,0.016500000000000438,True,True,476.5589372034018,537.4024840629154,60.843546859513594,True,0
2548,2016-02-18,541.19,528.164324274026,-13.02567572597411,13.02567572597411,40.62023911325139,18.46007305503531,0.0017500000000005185,0.016750000000000438,True,True,487.54408516077456,546.6243973290613,59.080312168286696,True,0
2549,2016-02-19,520.71,540.50074759269,19.790747592689968,-19.790747592689968,35.93475631026149,17.591052939984706,0.0020000000000005187,0.01700000000000044,True,True,504.5659912824285,558.0918005326747,53.5258092502462,True,0
2550,2016-02-22,542.2,521.2518753472982,-20.948124652701836,20.948124652701836,35.93475631026149,17.591052939984706,0.002250000000000519,0.01725000000000044,True,False,485.3171190370367,538.8429282872829,53.5258092502462,False,1
2551,2016-02-23,555.55,541.0402090721615,-14.50979092783848,14.50979092783848,34.7120327640111,36.98,0.002500000000000519,0.012500000000000438,True,True,506.3281763081504,578.0202090721615,71.69203276401112,True,0
2552,2016-02-24,545.75,554.846406960779,9.09640696077895,-9.09640696077895,29.90758950582324,36.7,0.0027500000000005194,0.012750000000000438,True,True,524.9388174549557,591.546406960779,66.60758950582328,True,0
2553,2016-02-25,555.52,545.9042423808742,-9.615757619125816,9.615757619125816,29.90758950582324,36.7,0.0030000000000005196,0.013000000000000438,True,True,515.9966528750509,582.6042423808742,66.60758950582328,True,0
2554,2016-02-26,560.12,554.872428985494,-5.247571014505979,5.247571014505979,28.90205105231712,36.7,0.00325000000000052,0.013250000000000439,True,True,525.9703779331769,591.5724289854941,65.60205105231717,True,0
2555,2016-02-29,554.0,559.7212323221221,5.721232322122091,-5.721232322122091,28.90205105231712,31.49753328109827,0.00350000000000052,0.013500000000000439,True,True,530.819181269805,591.2187656032204,60.39958433341542,True,0
2556,2016-03-01,556.29,553.999013945856,-2.290986054144014,2.290986054144014,28.867852672401852,29.789448397179513,0.0037500000000005203,0.013750000000000439,True,True,525.1311612734542,583.7884623430355,58.65730106958131,True,0
2557,2016-03-02,581.75,555.9434879052538,-25.806512094746154,25.806512094746154,25.094670246005762,29.789448397179513,0.0040000000000005205,0.01400000000000044,True,True,530.8488176592481,585.7329363024334,54.884118643185275,True,0
2558,2016-03-03,577.96,580.5170480591926,2.557048059192539,-2.557048059192539,25.094670246005762,29.097996727067596,0.004250000000000521,0.01425000000000044,True,True,555.4223778131868,609.6150447862601,54.1926669730733,True,0
2559,2016-03-04,581.07,577.915347486619,-3.154652513381052,3.154652513381052,22.960797860546336,25.806512094746154,0.004500000000000521,0.01450000000000044,True,True,554.9545496260727,603.7218595813652,48.76730995529249,True,0
2560,2016-03-07,573.54,580.7049018978346,7.164901897834625,-7.164901897834625,22.90656228703449,25.806512094746154,0.004750000000000521,0.01475000000000044,True,True,557.7983396108001,606.5114139925807,48.71307438178064,True,0
2561,2016-03-08,557.87,573.5948941807612,15.724894180761225,-15.724894180761225,22.90656228703449,24.30405681347247,0.005000000000000521,0.01500000000000044,True,True,550.6883318937267,597.8989509942337,47.21061910050696,True,0
2562,2016-03-09,559.56,558.2036147095861,-1.3563852904138685,1.3563852904138685,21.861857017462057,23.0511723130943,0.005250000000000522,0.01525000000000044,True,True,536.341757692124,581.2547870226804,44.913029330556355,True,0
2563,2016-03-10,566.74,559.2189165371732,-7.521083462826823,7.521083462826823,21.80327228429178,23.0511723130943,0.005500000000000522,0.01550000000000044,True,True,537.4156442528814,582.2700888502675,44.85444459738608,True,0
2564,2016-03-11,566.95,566.2213815419458,-0.7286184580542567,0.7286184580542567,21.80327228429178,22.630058440476432,0.005750000000000522,0.01575000000000044,True,True,544.418109257654,588.8514399824222,44.43333072476821,True,0
2565,2016-03-14,567.0,566.7104736876698,-0.28952631233016746,0.28952631233016746,20.037081608587158,20.948124652701836,0.006000000000000522,0.01600000000000044,True,True,546.6733920790826,587.6585983403717,40.98520626128902,True,0
2566,2016-03-15,571.0,566.7542426553193,-4.245757344680669,4.245757344680669,19.790747592689968,20.948124652701836,0.0062500000000005225,0.01625000000000044,True,True,546.9634950626294,587.7023673080212,40.7388722453918,True,0
2567,2016-03-16,576.64,570.6026504659924,-6.037349534007603,6.037349534007603,19.790747592689968,19.733831611522135,0.006500000000000523,0.01650000000000044,True,True,550.8119028733024,590.3364820775146,39.52457920421216,True,0
2568,2016-03-17,569.51,576.1879314864906,6.677931486490593,-6.677931486490593,17.131715215632653,19.733831611522135,0.006750000000000523,0.01675000000000044,True,True,559.0562162708579,595.9217630980127,36.86554682715473,True,0
2569,2016-03-18,560.94,569.5479736412557,8.607973641255626,-8.607973641255626,17.131715215632653,19.42002840166265,0.007000000000000523,0.017000000000000442,True,True,552.416258425623,588.9680020429183,36.5517436172953,True,0
2570,2016-03-21,548.91,561.0080140823641,12.098014082364102,-12.098014082364102,16.593181504428458,18.46007305503531,0.007250000000000523,0.017250000000000442,True,True,544.4148325779356,579.4680871373994,35.05325455946377,True,0
2571,2016-03-22,545.11,549.0988490047124,3.9888490047123923,-3.9888490047123923,16.33779006578817,18.46007305503531,0.007500000000000524,0.017500000000000442,True,True,532.7610589389242,567.5589220597477,34.797863120823536,True,0
2572,2016-03-23,561.0,544.9807184958878,-16.0192815041122,16.0192815041122,16.33779006578817,17.591052939984706,0.007750000000000524,0.017750000000000443,True,True,528.6429284300996,562.5717714358725,33.92884300577293,True,0
2573,2016-03-24,567.11,560.1308878755026,-6.979112124497419,6.979112124497419,16.266769243413705,17.431662177681503,0.008000000000000524,0.018000000000000443,True,True,543.8641186320889,577.562550053184,33.698431421095165,True,0
2574,2016-03-28,584.4,566.6534318693972,-17.746568130602782,17.746568130602782,15.724894180761225,17.431662177681503,0.008250000000000524,0.018250000000000443,True,False,550.928537688636,584.0850940470787,33.156556358442685,False,1
2575,2016-03-29,580.15,583.5075829852374,3.3575829852374,-3.3575829852374,15.724894180761225,31.49753328109827,0.008500000000000524,0.013500000000000442,True,True,567.7826888044762,615.0051162663357,47.222427461859525,True,0
2576,2016-03-30,596.71,580.1003967502744,-16.609603249725637,16.609603249725637,15.648951520661825,29.789448397179513,0.008750000000000525,0.013750000000000442,True,True,564.4514452296125,609.8898451474539,45.438399917841366,True,0
2577,2016-03-31,599.28,595.8243960527258,-3.4556039472741986,3.4556039472741986,14.962544374099338,29.097996727067596,0.009000000000000525,0.014000000000000443,True,True,580.8618516786264,624.9223927797934,44.06054110116702,True,0
2578,2016-04-01,590.49,598.9854067094905,8.495406709490453,-8.495406709490453,14.962544374099338,29.097996727067596,0.009250000000000525,0.014250000000000443,True,True,584.0228623353911,628.083403436558,44.060541101166905,True,0
2579,2016-04-04,599.0,590.5863908471972,-8.413609152802792,8.413609152802792,14.7341916148157,25.806512094746154,0.009500000000000525,0.014500000000000443,True,True,575.8521992323815,616.3929029419434,40.54070370956185,True,0
2580,2016-04-05,590.77,598.4176897490383,7.6476897490383635,-7.6476897490383635,14.695309535402203,24.30405681347247,0.009750000000000526,0.014750000000000443,True,True,583.7223802136361,622.7217465625108,38.99936634887467,True,0
2581,2016-04-06,587.52,590.8603449167714,3.3403449167714143,-3.3403449167714143,14.695309535402203,24.30405681347247,0.010000000000000526,0.015000000000000444,True,True,576.1650353813692,615.1644017302439,38.99936634887467,True,0
2582,2016-04-07,598.76,587.3832393188723,-11.376760681127735,11.376760681127735,14.205106019693517,23.0511723130943,0.010250000000000526,0.015250000000000444,True,True,573.1781332991787,610.4344116319666,37.256278332787815,True,0
2583,2016-04-08,594.32,598.0817308213166,3.761730821316519,-3.761730821316519,13.72033565449459,22.630058440476432,0.010500000000000526,0.015500000000000444,True,True,584.3613951668219,620.711789261793,36.35039409497108,True,0
2584,2016-04-11,596.14,594.2723933859734,-1.867606614026613,1.867606614026613,13.72033565449459,22.630058440476432,0.010750000000000526,0.015750000000000444,True,True,580.5520577314787,616.9024518264498,36.35039409497108,True,0
2585,2016-04-12,598.4,595.821114477281,-2.5788855227190197,2.5788855227190197,13.705209885036027,20.948124652701836,0.011000000000000527,0.016000000000000444,True,True,582.115904592245,616.7692391299828,34.653334537737805,True,0
2586,2016-04-13,607.68,598.0779949400473,-9.602005059952603,9.602005059952603,13.393543982946198,19.733831611522135,0.011250000000000527,0.016250000000000445,True,True,584.6844509571011,617.8118265515695,33.12737559446839,True,0
2587,2016-04-14,615.07,607.0918132622047,-7.97818673779534,7.97818673779534,13.393543982946198,19.733831611522135,0.011500000000000527,0.016500000000000445,True,True,593.6982692792585,626.8256448737268,33.127375594468276,True,0
2588,2016-04-15,621.92,614.5744018401824,-7.345598159817541,7.345598159817541,13.346301063550015,19.42002840166265,0.011750000000000527,0.016750000000000445,True,True,601.2281007766323,633.9944302418451,32.76632946521272,True,0
2589,2016-04-18,625.35,621.445545427093,-3.9044545729070705,3.9044545729070705,13.346056464726985,19.42002840166265,0.012000000000000528,0.017000000000000445,True,True,608.099488962366,640.8655738287556,32.76608486638963,True,0
2590,2016-04-19,637.14,625.0073795312469,-12.132620468753089,12.132620468753089,13.346056464726985,18.46007305503531,0.012250000000000528,0.017250000000000446,True,True,611.6613230665199,643.4674525862822,31.806129519762294,True,0
2591,2016-04-20,630.0,636.4753144271843,6.475314427184344,-6.475314427184344,13.335334764741134,17.746568130602782,0.012500000000000528,0.017500000000000446,True,True,623.1399796624432,654.2218825577871,31.081902895343887,True,0
2592,2016-04-21,631.0,630.0723831974334,-0.9276168025666038,0.9276168025666038,12.97660761808163,17.746568130602782,0.012750000000000528,0.017750000000000446,True,True,617.0957755793518,647.8189513280362,30.72317574868441,True,0
2593,2016-04-22,624.47,630.7194551281124,6.249455128112345,-6.249455128112345,12.97660761808163,17.591052939984706,0.013000000000000528,0.018000000000000446,True,True,617.7428475100307,648.3105080680971,30.567660558066336,True,0
2594,2016-04-25,616.61,624.4902149028261,7.880214902826083,-7.880214902826083,12.728566661525036,17.431662177681503,0.013250000000000529,0.018250000000000446,True,True,611.761648241301,641.9218770805076,30.160228839206525,True,0
2595,2016-04-26,626.17,616.6570835167859,-9.512916483214099,9.512916483214099,12.501411788758048,17.431662177681503,0.013500000000000529,0.018500000000000447,True,True,604.1556717280278,634.0887456944673,29.933073966439565,True,0
2596,2016-04-27,611.8,625.5546585375574,13.754658537557475,-13.754658537557475,12.501411788758048,17.118488921674782,0.01375000000000053,0.018750000000000447,False,True,613.0532467487994,642.6731474592323,29.61990071043283,False,1
2597,2016-04-28,615.54,612.1305834415801,-3.409416558419821,3.409416558419821,14.962544374099338,16.609603249725637,0.009000000000000528,0.019000000000000447,True,True,597.1680390674808,628.7401866913058,31.572147623825003,True,0
2598,2016-04-29,666.0,615.1238981345731,-50.876101865426904,50.876101865426904,14.7341916148157,16.609603249725637,0.009250000000000529,0.019250000000000447,True,False,600.3897065197574,631.7335013842987,31.343794864541337,False,1
2599,2016-05-02,663.92,663.7980445336436,-0.12195546635632581,0.12195546635632581,14.7341916148157,29.097996727067596,0.009500000000000529,0.014500000000000447,True,True,649.0638529188279,692.8960412607112,43.83218834188324,True,0
2600,2016-05-03,677.36,663.867526769431,-13.492473230568976,13.492473230568976,14.695309535402203,25.806512094746154,0.009750000000000529,0.014750000000000447,True,True,649.1722172340288,689.6740388641772,40.501821630148356,True,0
2601,2016-05-04,662.59,676.6372640312243,14.047264031224245,-14.047264031224245,14.205106019693517,24.30405681347247,0.01000000000000053,0.015000000000000447,True,True,662.4321580115308,700.9413208446967,38.50916283316599,True,0
2602,2016-05-05,673.31,662.9722909160419,-10.337709083958089,10.337709083958089,14.205106019693517,24.30405681347247,0.01025000000000053,0.015250000000000447,True,True,648.7671848963483,687.2763477295143,38.50916283316599,True,0
2603,2016-05-06,656.05,672.6513847413328,16.601384741332822,-16.601384741332822,14.047264031224245,23.0511723130943,0.01050000000000053,0.015500000000000447,False,True,658.6041207101085,695.7025570544271,37.09843634431854,False,1
2604,2016-05-09,673.95,656.525054766713,-17.424945233287076,17.424945233287076,21.80327228429178,23.0511723130943,0.00575000000000053,0.015750000000000448,True,True,634.7217824824212,679.5762270798073,44.85444459738608,True,0
2605,2016-05-10,694.0,672.9808275543886,-21.01917244561139,21.01917244561139,20.037081608587158,22.630058440476432,0.00600000000000053,0.016000000000000448,True,True,652.9437459458014,695.610885994865,42.66714004906362,True,0
2606,2016-05-11,705.79,693.0712799017465,-12.71872009825347,12.71872009825347,19.790747592689968,21.01917244561139,0.00625000000000053,0.016250000000000448,True,True,673.2805323090565,714.0904523473579,40.80992003830136,True,0
2607,2016-05-12,717.38,705.2128482056344,-12.167151794365623,12.167151794365623,19.790747592689968,21.01917244561139,0.0065000000000005305,0.01650000000000045,True,True,685.4221006129444,726.2320206512458,40.80992003830136,True,0
2608,2016-05-13,714.64,716.8009196348104,2.160919634810398,-2.160919634810398,17.131715215632653,20.948124652701836,0.006750000000000531,0.01675000000000045,True,True,699.6692044191777,737.7490442875122,38.07983986833449,True,0
2609,2016-05-16,710.13,714.6084271270811,4.4784271270810905,-4.4784271270810905,16.601384741332822,19.733831611522135,0.007000000000000531,0.01700000000000045,True,True,698.0070423857483,734.3422587386033,36.335216352855014,True,0
2610,2016-05-17,709.9,710.1158588882424,0.21585888824245103,-0.21585888824245103,16.601384741332822,19.42002840166265,0.007250000000000531,0.01725000000000045,True,True,693.5144741469096,729.5358872899051,36.02141314299547,True,0
2611,2016-05-18,689.56,709.7159055840089,20.155905584008906,-20.155905584008906,16.593181504428458,19.42002840166265,0.007500000000000531,0.01750000000000045,False,True,693.1227240795804,729.1359339856715,36.013209906091106,False,1
2612,2016-05-19,691.88,690.1297553460471,-1.7502446539529046,1.7502446539529046,29.90758950582324,18.46007305503531,0.0027500000000005315,0.01775000000000045,True,True,660.2221658402239,708.5898284010824,48.36766256085855,True,0
2613,2016-05-20,701.05,691.5298772267505,-9.520122773249454,9.520122773249454,29.90758950582324,17.746568130602782,0.0030000000000005318,0.01800000000000045,True,True,661.6222877209273,709.2764453573533,47.65415763642602,True,0
2614,2016-05-23,704.25,700.5142050253521,-3.735794974647888,3.735794974647888,28.90205105231712,17.746568130602782,0.003250000000000532,0.01825000000000045,True,True,671.612153973035,718.2607731559549,46.6486191829199,True,0
2615,2016-05-24,698.01,703.9679788777827,5.957978877782693,-5.957978877782693,28.867852672401852,17.591052939984706,0.003500000000000532,0.01850000000000045,True,True,675.1001262053808,721.5590318177674,46.458905612386616,True,0
2616,2016-05-25,708.0,698.0644590258793,-9.935540974120727,9.935540974120727,28.867852672401852,17.431662177681503,0.0037500000000005324,0.01875000000000045,True,True,669.1966063534774,715.4961212035607,46.29951485008337,True,0
2617,2016-05-26,708.33,707.410223825071,-0.9197761749290976,0.9197761749290976,25.094670246005762,17.431662177681503,0.004000000000000533,0.01900000000000045,True,True,682.3155535790652,724.8418860027524,42.52633242368722,True,0
2618,2016-05-27,715.0,708.1617741717247,-6.838225828275313,6.838225828275313,22.960797860546336,17.424945233287076,0.004250000000000533,0.01925000000000045,True,True,685.2009763111784,725.5867194050118,40.38574309383341,True,0
2619,2016-05-31,712.33,714.5637756781923,2.2337756781922735,-2.2337756781922735,22.960797860546336,17.118488921674782,0.004500000000000533,0.01950000000000045,True,True,691.602977817646,731.682264599867,40.07928678222106,True,0
2620,2016-06-01,720.9,712.2694114515826,-8.630588548417336,8.630588548417336,22.90656228703449,17.118488921674782,0.004750000000000533,0.01975000000000045,True,True,689.3628491645482,729.3879003732575,40.02505120870933,True,0
2621,2016-06-02,720.97,720.3844228554638,-0.5855771445362734,0.5855771445362734,21.861857017462057,16.609603249725637,0.0050000000000005335,0.02000000000000045,True,True,698.5225658380017,736.9940261051894,38.471460267187695,True,0
2622,2016-06-03,726.74,720.8172177512453,-5.922782248754743,5.922782248754743,21.861857017462057,16.530484733640037,0.005250000000000534,0.02025000000000045,True,True,698.9553607337832,737.3477024848853,38.392341751102094,True,0
2623,2016-06-06,726.5,726.3456645667509,-0.15433543324911625,0.15433543324911625,21.80327228429178,16.530484733640037,0.005500000000000534,0.020500000000000452,True,True,704.5423922824591,742.8761493003909,38.333757017931816,True,0
2624,2016-06-07,729.89,726.3544239889247,-3.53557601107525,3.53557601107525,20.155905584008906,16.0192815041122,0.005750000000000534,0.020750000000000452,True,True,706.1985184049158,742.3737054930369,36.175187088121106,True,0
2625,2016-06-08,726.4,729.5882355336762,3.1882355336762203,-3.1882355336762203,20.155905584008906,15.98593978312681,0.006000000000000534,0.021000000000000452,True,True,709.4323299496673,745.574175316803,36.141845367135716,True,0
2626,2016-06-09,723.1,726.3699960308525,3.2699960308524396,-3.2699960308524396,20.037081608587158,15.98593978312681,0.006250000000000535,0.021250000000000453,True,True,706.3329144222653,742.3559358139793,36.023021391713996,True,0
2627,2016-06-10,722.35,723.0372735904382,0.687273590438167,-0.687273590438167,19.790747592689968,15.737250543245977,0.006500000000000535,0.021500000000000453,True,True,703.2465259977482,738.7745241336842,35.527998135935945,True,0
2628,2016-06-13,714.01,722.1887147856012,8.178714785601187,-8.178714785601187,19.790747592689968,15.468686626762121,0.006750000000000535,0.021750000000000453,True,True,702.3979671929112,737.6574014123632,35.25943421945203,True,0
2629,2016-06-14,712.33,714.1381848459412,1.8081848459411276,-1.8081848459411276,17.131715215632653,15.468686626762121,0.007000000000000535,0.022000000000000453,True,True,697.0064696303085,729.6068714727032,32.60040184239472,True,0
2630,2016-06-15,722.0,712.177958411729,-9.822041588270963,9.822041588270963,16.601384741332822,14.960966199678893,0.0072500000000005355,0.022250000000000453,True,True,695.5765736703962,727.1389246114079,31.562350941011687,True,0
2631,2016-06-16,712.05,721.4387549618151,9.388754961815152,-9.388754961815152,16.601384741332822,14.54875176482949,0.007500000000000536,0.022500000000000454,True,True,704.8373702204823,735.9875067266446,31.150136506162312,True,0
2632,2016-06-17,718.19,712.2689719824205,-5.9210280175796015,5.9210280175796015,16.593181504428458,14.54875176482949,0.007750000000000536,0.022750000000000454,True,True,695.675790477992,726.8177237472499,31.141933269257947,True,0
2633,2016-06-20,713.5,717.7337392284315,4.233739228431546,-4.233739228431546,16.33779006578817,14.535889655771143,0.008000000000000536,0.023000000000000454,True,True,701.3959491626433,732.2696288842027,30.87367972155937,True,0
2634,2016-06-21,715.72,713.5085788846902,-2.211421115309804,2.211421115309804,16.33779006578817,14.50979092783848,0.008250000000000536,0.023250000000000454,True,True,697.1707888189021,728.0183698125287,30.847580993626593,True,0
2635,2016-06-22,716.58,715.4286713369603,-1.1513286630397488,1.1513286630397488,16.266769243413705,14.50979092783848,0.008500000000000537,0.023500000000000455,True,True,699.1619020935466,729.9384622647988,30.776560171252186,True,0
2636,2016-06-23,715.5,716.3637314010012,0.863731401001246,-0.863731401001246,15.724894180761225,14.499911127858638,0.008750000000000537,0.023750000000000455,True,True,700.63883722024,730.8636425288598,30.224805308619807,True,0
2637,2016-06-24,693.0,715.3526279815962,22.352627981596243,-22.352627981596243,15.724894180761225,13.973324868287676,0.009000000000000537,0.024000000000000455,False,True,699.627733800835,729.325952849884,29.69821904904893,False,1
2638,2016-06-27,692.01,693.6403279199861,1.6303279199861436,-1.6303279199861436,22.960797860546336,13.973324868287676,0.004250000000000537,0.024250000000000455,True,True,670.6795300594398,707.6136527882738,36.93412272883404,True,0
2639,2016-06-28,700.0,691.764964225969,-8.235035774030962,8.235035774030962,22.960797860546336,13.806674681144727,0.004500000000000537,0.024500000000000455,True,True,668.8041663654227,705.5716389071138,36.76747254169106,True,0
2640,2016-06-29,715.75,699.4812888125666,-16.268711187433382,16.268711187433382,22.90656228703449,13.725655545674073,0.004750000000000538,0.024750000000000456,True,False,676.5747265255321,713.2069443582407,36.632217832708534,False,1
2641,2016-06-30,717.2,714.968780190119,-2.231219809881054,2.231219809881054,22.352627981596243,16.609603249725637,0.005000000000000538,0.020000000000000455,True,True,692.6161522085227,731.5783834398446,38.96223123132188,True,0
2642,2016-07-01,717.32,716.9983386933308,-0.3216613066692844,0.3216613066692844,22.352627981596243,16.530484733640037,0.005250000000000538,0.020250000000000455,True,True,694.6457107117345,733.5288234269708,38.88311271523628,True,0
2643,2016-07-05,722.8,717.1252319657336,-5.674768034266322,5.674768034266322,21.861857017462057,16.268711187433382,0.005500000000000538,0.020500000000000455,True,True,695.2633749482716,733.393943153167,38.13056820489544,True,0
2644,2016-07-06,725.71,722.3987736150743,-3.3112263849257033,3.3112263849257033,21.80327228429178,16.268711187433382,0.0057500000000005385,0.020750000000000456,True,True,700.5955013307826,738.6674848025077,38.07198347172516,True,0
2645,2016-07-07,739.33,725.4260828504118,-13.90391714958821,13.90391714958821,21.80327228429178,16.0192815041122,0.006000000000000539,0.021000000000000456,True,True,703.62281056612,741.445364354524,37.82255378840398,True,0
2646,2016-07-08,740.14,738.6351720167697,-1.504827983230257,1.504827983230257,20.155905584008906,15.98593978312681,0.006250000000000539,0.021250000000000456,True,True,718.4792664327608,754.6211117998965,36.141845367135716,True,0
2647,2016-07-11,750.0,739.9740427413478,-10.02595725865217,10.02595725865217,20.037081608587158,15.98593978312681,0.006500000000000539,0.021500000000000456,True,True,719.9369611327606,755.9599825244746,36.023021391713996,True,0
2648,2016-07-12,756.86,749.4536242492785,-7.406375750721509,7.406375750721509,20.037081608587158,15.737250543245977,0.006750000000000539,0.021750000000000456,True,True,729.4165426406913,765.1908747925245,35.774332151833164,True,0
2649,2016-07-13,746.76,756.4657638765958,9.705763876595825,-9.705763876595825,19.790747592689968,15.468686626762121,0.00700000000000054,0.022000000000000457,True,True,736.6750162839058,771.934450503358,35.259434219452146,True,0
2650,2016-07-14,748.86,746.9917674927804,-1.868232507219659,1.868232507219659,17.131715215632653,15.468686626762121,0.00725000000000054,0.022250000000000457,True,True,729.8600522771477,762.4604541195424,32.60040184239472,True,0
2651,2016-07-15,746.55,748.5752712539373,2.025271253937376,-2.025271253937376,17.131715215632653,14.960966199678893,0.00750000000000054,0.022500000000000457,True,True,731.4435560383047,763.5362374536162,32.09268141531152,True,0
2652,2016-07-18,735.49,746.4695821980896,10.979582198089588,-10.979582198089588,16.601384741332822,14.54875176482949,0.00775000000000054,0.022750000000000457,True,True,729.8681974567568,761.0183339629191,31.150136506162312,True,0
2653,2016-07-19,732.5,735.716768897161,3.216768897161046,-3.216768897161046,16.593181504428458,14.54875176482949,0.00800000000000054,0.023000000000000458,True,True,719.1235873927326,750.2655206619905,31.141933269257947,True,0
2654,2016-07-20,744.0,732.3898514945608,-11.610148505439156,11.610148505439156,16.593181504428458,14.535889655771143,0.00825000000000054,0.023250000000000458,True,True,715.7966699901324,746.925741150332,31.1290711601996,True,0
2655,2016-07-21,747.5,743.3674066751713,-4.13259332482869,4.13259332482869,16.33779006578817,14.50979092783848,0.00850000000000054,0.023500000000000458,True,True,727.0296166093831,757.8771976030098,30.847580993626707,True,0
2656,2016-07-22,747.79,747.2235236402797,-0.5664763597202409,0.5664763597202409,16.266769243413705,14.499911127858638,0.00875000000000054,0.023750000000000458,True,True,730.956754396866,761.7234347681383,30.766680371272287,True,0
2657,2016-07-25,746.55,747.6115443391897,1.0615443391897088,-1.0615443391897088,16.266769243413705,14.499911127858638,0.00900000000000054,0.02400000000000046,True,True,731.344775095776,762.1114554670482,30.766680371272287,True,0
2658,2016-07-26,742.71,746.4184008837564,3.708400883756326,-3.708400883756326,15.724894180761225,13.973324868287676,0.00925000000000054,0.02425000000000046,True,True,730.6935067029951,760.3917257520441,29.69821904904893,True,0
2659,2016-07-27,737.97,742.6686611825209,4.698661182520823,-4.698661182520823,15.648951520661825,13.90391714958821,0.009500000000000541,0.02450000000000046,True,True,727.019709661859,756.5725783321091,29.552868670250064,True,0
2660,2016-07-28,745.98,737.950073228482,-8.029926771518035,8.029926771518035,15.648951520661825,13.90391714958821,0.009750000000000541,0.02475000000000046,True,True,722.3011217078201,751.8539903780702,29.552868670250064,True,0
2661,2016-07-29,765.0,745.4753085186227,-19.524691481377317,19.524691481377317,14.962544374099338,13.806674681144727,0.010000000000000541,0.02500000000000046,True,False,730.5127641445233,759.2819831997674,28.769219055244093,False,1
2662,2016-08-01,759.87,764.1246409946939,4.254640994693887,-4.254640994693887,14.7341916148157,16.609603249725637,0.010250000000000542,0.02025000000000046,True,True,749.3904493798782,780.7342442444195,31.343794864541337,True,0
2663,2016-08-02,763.81,759.9486925524025,-3.8613074475974827,3.8613074475974827,14.7341916148157,16.530484733640037,0.010500000000000542,0.02050000000000046,True,True,745.2145009375868,776.4791772860425,31.264676348455737,True,0
2664,2016-08-03,757.06,763.4756871673748,6.415687167374813,-6.415687167374813,14.695309535402203,16.268711187433382,0.010750000000000542,0.02075000000000046,True,True,748.7803776319726,779.7443983548081,30.964020722835585,True,0
2665,2016-08-04,753.7,757.1529294426838,3.4529294426837396,-3.4529294426837396,14.205106019693517,16.268711187433382,0.011000000000000542,0.02100000000000046,True,True,742.9478234229903,773.4216406301172,30.4738172071269,True,0
2666,2016-08-05,764.81,753.6288597582845,-11.181140241715411,11.181140241715411,14.205106019693517,16.0192815041122,0.011250000000000543,0.02125000000000046,True,True,739.423753738591,769.6481412623967,30.224387523805717,True,0
2667,2016-08-08,766.81,764.2026509547568,-2.6073490452431543,2.6073490452431543,14.047264031224245,15.98593978312681,0.011500000000000543,0.02150000000000046,True,True,750.1553869235325,780.1885907378836,30.033203814351054,True,0
2668,2016-08-09,767.39,766.597019965232,-0.792980034767993,0.792980034767993,13.754658537557475,15.737250543245977,0.011750000000000543,0.02175000000000046,True,True,752.8423614276745,782.334270508478,29.491909080803453,True,0
2669,2016-08-10,769.8,767.2047429231627,-2.5952570768372425,2.5952570768372425,13.72033565449459,15.737250543245977,0.012000000000000543,0.02200000000000046,True,True,753.4844072686681,782.9419934664087,29.457586197740625,True,0
2670,2016-08-11,769.94,769.542128945115,-0.3978710548850586,0.3978710548850586,13.72033565449459,15.468686626762121,0.012250000000000543,0.02225000000000046,True,True,755.8217932906205,785.0108155718772,29.18902228125671,True,0
2671,2016-08-12,768.46,769.7736313995496,1.3136313995495357,-1.3136313995495357,13.705209885036027,14.960966199678893,0.012500000000000544,0.02250000000000046,True,True,756.0684215145136,784.7345975992284,28.666176084714834,True,0
2672,2016-08-15,771.9,768.3467352372875,-3.5532647627125016,3.5532647627125016,13.393543982946198,14.960966199678893,0.012750000000000544,0.02275000000000046,True,True,754.9531912543413,783.3077014369663,28.354510182625063,True,0
2673,2016-08-16,768.62,771.5963331708587,2.976333170858652,-2.976333170858652,13.393543982946198,14.54875176482949,0.013000000000000544,0.02300000000000046,True,True,758.2027891879125,786.1450849356881,27.942295747775688,True,0
2674,2016-08-17,764.41,768.5834510609527,4.173451060952743,-4.173451060952743,13.346301063550015,14.535889655771143,0.013250000000000544,0.02325000000000046,True,True,755.2371499974026,783.1193407167239,27.882190719321216,True,0
2675,2016-08-18,764.0,764.3848176738996,0.38481767389964716,-0.38481767389964716,13.346056464726985,14.535889655771143,0.013500000000000545,0.02350000000000046,True,True,751.0387612091727,778.9207073296708,27.881946120498128,True,0
2676,2016-08-19,761.9,763.826226280482,1.9262262804820693,-1.9262262804820693,13.346056464726985,14.50979092783848,0.013750000000000545,0.02375000000000046,True,True,750.4801698157551,778.3360172083205,27.855847392565465,True,0
2677,2016-08-22,757.5,761.7989152352361,4.298915235236109,-4.298915235236109,13.335334764741134,14.499911127858638,0.014000000000000545,0.024000000000000462,True,True,748.463580470495,776.2988263630948,27.8352458925998,True,0
2678,2016-08-23,763.31,757.4768610231532,-5.833138976846726,5.833138976846726,12.97660761808163,14.499911127858638,0.014250000000000545,0.024250000000000462,True,True,744.5002534050716,771.9767721510118,27.47651874594021,True,0
2679,2016-08-24,763.0,762.8942466312894,-0.10575336871056606,0.10575336871056606,12.97660761808163,13.973324868287676,0.014500000000000545,0.024500000000000462,True,True,749.9176390132078,776.8675714995771,26.949932486369335,True,0
2680,2016-08-25,756.0,762.8473917413448,6.847391741344836,-6.847391741344836,12.728566661525036,13.90391714958821,0.014750000000000546,0.024750000000000463,True,True,750.1188250798198,776.751308890933,26.632483811113275,True,0
2681,2016-08-26,760.05,756.0773597820005,-3.9726402179994693,3.9726402179994693,12.501411788758048,13.806674681144727,0.015000000000000546,0.025000000000000463,True,True,743.5759479932424,769.8840344631452,26.308086469902833,True,0
2682,2016-08-29,768.72,759.689669853574,-9.030330146426081,9.030330146426081,12.501411788758048,13.806674681144727,0.015250000000000546,0.025250000000000463,True,True,747.188258064816,773.4963445347187,26.30808646990272,True,0
2683,2016-08-30,771.05,768.2200264536705,-2.8299735463294837,2.8299735463294837,12.32189757182175,13.725655545674073,0.015500000000000546,0.025500000000000463,True,True,755.8981288818487,781.9456819993445,26.047553117495795,True,0
2684,2016-08-31,766.6,770.8083034340113,4.208303434011327,-4.208303434011327,12.198762425887196,13.492473230568976,0.015750000000000545,0.025750000000000463,True,True,758.6095410081241,784.3007766645803,25.69123565645623,True,0
2685,2016-09-01,770.9,766.5942622142109,-4.30573778578912,4.30573778578912,12.198762425887196,13.492473230568976,0.016000000000000545,0.026000000000000464,True,True,754.3954997883236,780.0867354447798,25.69123565645623,True,0
2686,2016-09-02,774.11,770.5444449658793,-3.5655550341207345,3.5655550341207345,12.098014082364102,13.17420768622219,0.016250000000000545,0.026250000000000464,True,True,758.4464308835152,783.7186526521015,25.27222176858629,True,0
2687,2016-09-06,774.04,773.8226457908196,-0.21735420918037107,0.21735420918037107,11.714392023366656,13.02567572597411,0.016500000000000545,0.026500000000000464,True,True,762.1082537674529,786.8483215167937,24.740067749340824,True,0
2688,2016-09-07,789.53,773.8743469808588,-15.655653019141141,15.655653019141141,11.690246021699409,13.02567572597411,0.016750000000000546,0.026750000000000464,True,False,762.1841009591594,786.9000227068329,24.71592174767352,False,1
2689,2016-09-08,783.89,788.7686924826745,4.8786924826745235,-4.8786924826745235,11.690246021699409,15.655653019141141,0.017000000000000546,0.022000000000000464,True,True,777.0784464609751,804.4243455018157,27.34589904084055,True,0
2690,2016-09-09,779.36,783.9786610099969,4.618661009996913,-4.618661009996913,11.535116995791213,15.655653019141141,0.017250000000000546,0.022250000000000464,True,True,772.4435440142057,799.6343140291381,27.190770014932355,True,0
2691,2016-09-12,757.35,779.3430180465087,21.993018046508723,-21.993018046508723,11.15053612952579,15.468686626762121,0.017500000000000546,0.022500000000000464,False,True,768.192481916983,794.8117046732709,26.619222756287968,False,1
2692,2016-09-13,768.77,757.9704220206545,-10.799577979345486,10.799577979345486,13.705209885036027,14.960966199678893,0.012750000000000546,0.022750000000000464,True,True,744.2652121356184,772.9313882203334,28.666176084714948,True,0
2693,2016-09-14,762.2,768.081413964343,5.881413964342983,-5.881413964342983,13.705209885036027,14.960966199678893,0.013000000000000546,0.023000000000000465,True,True,754.376204079307,783.0423801640219,28.666176084714948,True,0
2694,2016-09-15,762.0,762.2925792021065,0.2925792021064808,-0.2925792021064808,13.393543982946198,14.54875176482949,0.013250000000000546,0.023250000000000465,True,True,748.8990352191603,776.841330966936,27.942295747775688,True,0
2695,2016-09-16,773.28,761.7956663619951,-11.484333638004841,11.484333638004841,13.346301063550015,14.535889655771143,0.013500000000000546,0.023500000000000465,True,True,748.4493652984452,776.3315560177663,27.882190719321102,True,0
2696,2016-09-19,779.97,772.6586842450502,-7.311315754949874,7.311315754949874,13.346056464726985,14.50979092783848,0.013750000000000547,0.023750000000000465,True,True,759.3126277803232,787.1684751728886,27.855847392565465,True,0
2697,2016-09-20,776.0,779.5657119831615,3.5657119831614636,-3.5657119831614636,13.346056464726985,14.50979092783848,0.014000000000000547,0.024000000000000465,True,True,766.2196555184345,794.075502911,27.855847392565465,True,0
2698,2016-09-21,783.25,775.9875289884674,-7.262471011532625,7.262471011532625,13.335334764741134,14.499911127858638,0.014250000000000547,0.024250000000000466,True,True,762.6521942237263,790.4874401163261,27.8352458925998,True,0
2699,2016-09-22,794.27,782.7814030512405,-11.488596948759437,11.488596948759437,12.97660761808163,13.973324868287676,0.014500000000000547,0.024500000000000466,True,True,769.8047954331589,796.7547279195282,26.949932486369335,True,0
2700,2016-09-23,803.13,793.696926173768,-9.433073826231976,9.433073826231976,12.97660761808163,13.973324868287676,0.014750000000000547,0.024750000000000466,True,True,780.7203185556864,807.6702510420557,26.949932486369335,True,0
2701,2016-09-26,801.8,802.6604970897695,0.8604970897695239,-0.8604970897695239,12.728566661525036,13.90391714958821,0.015000000000000548,0.025000000000000466,True,True,789.9319304282444,816.5644142393577,26.632483811113275,True,0
2702,2016-09-27,801.85,801.7134268603699,-0.1365731396301726,0.1365731396301726,12.501411788758048,13.806674681144727,0.015250000000000548,0.025250000000000467,True,True,789.2120150716119,815.5201015415146,26.30808646990272,True,0
2703,2016-09-28,818.0,801.6808588353435,-16.319141164656457,16.319141164656457,12.501411788758048,13.806674681144727,0.015500000000000548,0.025500000000000467,True,False,789.1794470465854,815.4875335164883,26.308086469902833,False,1
2704,2016-09-29,828.26,817.2276743640423,-11.032325635957704,11.032325635957704,12.32189757182175,16.268711187433382,0.01575000000000055,0.020750000000000466,True,True,804.9057767922205,833.4963855514757,28.590608759255133,True,0
2705,2016-09-30,832.61,827.7741554086953,-4.835844591304749,4.835844591304749,12.198762425887196,16.268711187433382,0.01600000000000055,0.021000000000000466,True,True,815.5753929828081,844.0428665961286,28.46747361332052,True,0
2706,2016-10-03,836.0,832.3388149843727,-3.661185015627325,3.661185015627325,12.198762425887196,16.0192815041122,0.01625000000000055,0.021250000000000466,True,True,820.1400525584854,848.3580964884849,28.218043929999453,True,0
2707,2016-10-04,840.91,835.751218792243,-5.158781207756988,5.158781207756988,12.098014082364102,15.98593978312681,0.01650000000000055,0.021500000000000467,True,True,823.6532047098789,851.7371585753698,28.083953865490912,True,0
2708,2016-10-05,838.0,840.6047815366334,2.604781536633368,-2.604781536633368,11.714392023366656,15.98593978312681,0.01675000000000055,0.021750000000000467,True,True,828.8903895132667,856.5907213197602,27.700331806493523,True,0
2709,2016-10-06,843.7,837.99307498438,-5.706925015620072,5.706925015620072,11.690246021699409,15.737250543245977,0.01700000000000055,0.022000000000000467,True,True,826.3028289626806,853.730325527626,27.427496564945386,True,0
2710,2016-10-07,845.79,843.3469729404505,-2.443027059549422,2.443027059549422,11.690246021699409,15.655653019141141,0.01725000000000055,0.022250000000000467,True,True,831.6567269187511,859.0026259595917,27.34589904084055,True,0
2711,2016-10-10,843.25,845.6018158523445,2.3518158523445436,-2.3518158523445436,11.535116995791213,15.655653019141141,0.01750000000000055,0.022500000000000468,True,True,834.0666988565533,861.2574688714857,27.190770014932355,True,0
2712,2016-10-11,841.02,843.2236641359019,2.2036641359019313,-2.2036641359019313,11.15053612952579,15.468686626762121,0.01775000000000055,0.022750000000000468,True,True,832.0731280063761,858.6923507626641,26.619222756287968,True,0
2713,2016-10-12,834.0,840.9649634374806,6.9649634374806055,-6.9649634374806055,11.15053612952579,14.960966199678893,0.01800000000000055,0.023000000000000468,True,True,829.8144273079548,855.9259296371595,26.111502329204654,True,0
2714,2016-10-13,829.0,834.1186059037383,5.118605903738285,-5.118605903738285,11.088085541567068,14.54875176482949,0.01825000000000055,0.023250000000000468,True,True,823.0305203621713,848.6673576685678,25.6368373063965,True,0
2715,2016-10-14,835.08,829.0218138975602,-6.05818610243989,6.05818610243989,10.979582198089588,14.54875176482949,0.01850000000000055,0.02350000000000047,True,True,818.0422316994706,843.5705656623896,25.528333962919078,True,0
2716,2016-10-17,821.5,834.6912615032608,13.191261503260762,-13.191261503260762,10.979582198089588,14.535889655771143,0.01875000000000055,0.02375000000000047,False,True,823.7116793051712,849.2271511590319,25.51547185386073,False,1
2717,2016-10-18,822.11,821.8746393447984,-0.235360655201589,0.235360655201589,13.335334764741134,14.50979092783848,0.01400000000000055,0.02400000000000047,True,True,808.5393045800573,836.3844302726369,27.845125692579586,True,0
2718,2016-10-19,820.4,821.8896417031706,1.489641703170605,-1.489641703170605,13.335334764741134,14.50979092783848,0.01425000000000055,0.02425000000000047,True,True,808.5543069384295,836.3994326310091,27.845125692579586,True,0
2719,2016-10-20,813.99,820.3073193942979,6.317319394297897,-6.317319394297897,13.191261503260762,14.499911127858638,0.01450000000000055,0.02450000000000047,True,True,807.1160578910371,834.8072305221565,27.691172631119343,True,0
2720,2016-10-21,809.36,814.0615781301832,4.701578130183179,-4.701578130183179,12.97660761808163,13.973324868287676,0.01475000000000055,0.02475000000000047,True,True,801.0849705121016,828.0349029984709,26.949932486369335,True,0
2721,2016-10-24,824.95,809.3448543323334,-15.605145667666648,15.605145667666648,12.97660761808163,13.90391714958821,0.015000000000000551,0.02500000000000047,True,False,796.3682467142518,823.2487714819216,26.88052476766984,False,1
2722,2016-10-25,839.3,824.1783286231125,-15.121671376887434,15.121671376887434,12.728566661525036,16.319141164656457,0.015250000000000551,0.02025000000000047,True,True,811.4497619615875,840.497469787769,29.047707826181522,True,0
2723,2016-10-26,832.76,838.6518075876734,5.891807587673384,-5.891807587673384,12.501411788758048,16.319141164656457,0.015500000000000552,0.02050000000000047,True,True,826.1503957989153,854.9709487523298,28.820552953414563,True,0
2724,2016-10-27,831.24,832.8958285011887,1.6558285011886937,-1.6558285011886937,12.501411788758048,16.268711187433382,0.015750000000000552,0.02075000000000047,True,True,820.3944167124307,849.1645396886221,28.770122976191374,True,0
2725,2016-10-28,782.0,831.1255953527733,49.1255953527733,-49.1255953527733,12.32189757182175,16.0192815041122,0.016000000000000552,0.02100000000000047,False,True,818.8036977809516,847.1448768568855,28.34117907593395,False,1
2726,2016-10-31,781.03,783.6074296813316,2.577429681331637,-2.577429681331637,14.695309535402203,16.0192815041122,0.011250000000000551,0.02125000000000047,True,True,768.9121201459294,799.6267111854438,30.714591039514403,True,0
2727,2016-11-01,799.0,780.7181507860004,-18.281849213999635,18.281849213999635,14.205106019693517,15.98593978312681,0.011500000000000551,0.02150000000000047,True,False,766.5130447663068,796.7040905691272,30.191045802820327,False,1
2728,2016-11-02,783.93,798.1226025020585,14.192602502058548,-14.192602502058548,14.047264031224245,19.524691481377317,0.011750000000000552,0.01675000000000047,False,True,784.0753384708343,817.6472939834358,33.57195551260156,False,1
2729,2016-11-03,765.05,784.3388359222242,19.28883592222428,-19.28883592222428,20.037081608587158,19.42002840166265,0.007000000000000552,0.01700000000000047,True,True,764.301754313637,803.7588643238869,39.457110010249835,True,0
2730,2016-11-04,762.79,765.5110898491063,2.7210898491063062,-2.7210898491063062,20.037081608587158,18.46007305503531,0.007250000000000552,0.01725000000000047,True,True,745.4740082405191,783.9711629041416,38.497154663622496,True,0
2731,2016-11-07,771.64,762.6199807862963,-9.020019213703677,9.020019213703677,19.790747592689968,18.46007305503531,0.007500000000000552,0.01750000000000047,True,True,742.8292331936063,781.0800538413316,38.25082064772528,True,0
2732,2016-11-08,784.97,771.0879225245071,-13.882077475492906,13.882077475492906,19.28883592222428,18.281849213999635,0.0077500000000005525,0.01775000000000047,True,True,751.7990866022828,789.3697717385068,37.570685136223915,True,0
2733,2016-11-09,764.0,784.2777876611818,20.277787661181833,-20.277787661181833,19.28883592222428,17.746568130602782,0.008000000000000552,0.01800000000000047,False,True,764.9889517389576,802.0243557917846,37.03540405282706,False,1
2734,2016-11-10,778.81,764.588439676511,-14.221560323488916,14.221560323488916,29.90758950582324,17.746568130602782,0.003250000000000552,0.01825000000000047,True,True,734.6808501706878,782.3350078071138,47.65415763642602,True,0
2735,2016-11-11,735.73,777.9923144528029,42.26231445280291,-42.26231445280291,28.90205105231712,17.591052939984706,0.003500000000000552,0.01850000000000047,False,True,749.0902634004858,795.5833673927876,46.493103992301826,False,1
2736,2016-11-14,745.51,737.1532229097218,-8.356777090278229,8.356777090278229,inf,17.431662177681503,-0.0012499999999994477,0.01875000000000047,True,True,-inf,754.5848850874032,inf,True,0
2737,2016-11-15,730.0,744.7750625272643,14.775062527264254,-14.775062527264254,inf,17.431662177681503,-0.0009999999999994477,0.01900000000000047,True,True,-inf,762.2067247049457,inf,True,0
2738,2016-11-16,739.88,730.3927151383549,-9.487284861645094,9.487284861645094,inf,17.424945233287076,-0.0007499999999994477,0.01925000000000047,True,True,-inf,747.817660371642,inf,True,0
2739,2016-11-17,749.32,739.1971871640327,-10.122812835967352,10.122812835967352,inf,17.118488921674782,-0.0004999999999994477,0.019500000000000472,True,True,-inf,756.3156760857075,inf,True,0
2740,2016-11-18,761.0,748.7486283479703,-12.251371652029661,12.251371652029661,inf,16.609603249725637,-0.0002499999999994477,0.019750000000000472,True,True,-inf,765.358231597696,inf,True,0
2741,2016-11-21,766.0,760.3470393047061,-5.6529606952939275,5.6529606952939275,inf,16.609603249725637,5.52292586664116e-16,0.020000000000000472,True,True,-inf,776.9566425544317,inf,True,0
2742,2016-11-22,788.17,765.6224901932535,-22.54750980674646,22.54750980674646,inf,16.530484733640037,0.0002500000000005523,0.020250000000000472,True,False,-inf,782.1529749268935,inf,False,1
2743,2016-11-23,781.73,787.1044940950347,5.37449409503472,-5.37449409503472,48.278611396789984,22.54750980674646,0.0005000000000005523,0.015500000000000472,True,True,738.8258826982448,809.6520039017812,70.82612120353645,True,0
2744,2016-11-25,786.5,781.8500866272367,-4.649913372763308,4.649913372763308,44.44299274458308,21.01917244561139,0.0007500000000005523,0.015750000000000472,True,True,737.4070938826536,802.8692590728481,65.46216519019447,True,0
2745,2016-11-28,776.99,786.0772241804716,9.087224180471594,-9.087224180471594,44.44299274458308,21.01917244561139,0.0010000000000005523,0.016000000000000472,True,True,741.6342314358885,807.096396626083,65.46216519019447,True,0
2746,2016-11-29,768.0,777.1600218285846,9.160021828584604,-9.160021828584604,42.45373337730973,20.948124652701836,0.0012500000000005523,0.016250000000000472,True,True,734.7062884512749,798.1081464812864,63.40185803001157,True,0
2747,2016-11-30,762.0,768.0882057229644,6.088205722964403,-6.088205722964403,42.383473804478285,19.733831611522135,0.0015000000000005523,0.016500000000000473,True,True,725.7047319184861,787.8220373344866,62.11730541600048,True,0
2748,2016-12-01,752.41,761.9689807021059,9.558980702105941,-9.558980702105941,42.383473804478285,19.524691481377317,0.0017500000000005523,0.016750000000000473,True,True,719.5855068976276,781.4936721834832,61.9081652858556,True,0
2749,2016-12-02,743.4,752.521615191631,9.121615191631008,-9.121615191631008,42.26231445280291,19.524691481377317,0.0020000000000005526,0.017000000000000473,True,True,710.2593007388281,772.0463066730083,61.78700593418023,True,0
2750,2016-12-05,745.0,743.4681363819963,-1.5318636180037402,1.5318636180037402,40.62023911325139,19.42002840166265,0.0022500000000005528,0.017250000000000473,True,True,702.8478972687449,762.8881647836589,60.040267514914035,True,0
2751,2016-12-06,763.99,744.6603357712121,-19.32966422878792,19.32966422878792,40.62023911325139,18.46007305503531,0.002500000000000553,0.017500000000000474,True,False,704.0400966579607,763.1204088262474,59.080312168286696,False,1
2752,2016-12-07,764.55,763.018934835956,-1.53106516404398,1.53106516404398,35.93475631026149,31.49753328109827,0.0027500000000005532,0.012750000000000473,True,True,727.0841785256945,794.5164681170543,67.43228959135979,True,0
2753,2016-12-08,771.87,764.3716217011676,-7.498378298832449,7.498378298832449,34.7120327640111,31.49753328109827,0.0030000000000005534,0.013000000000000473,True,True,729.6595889371565,795.8691549822659,66.20956604510934,True,0
2754,2016-12-09,770.0,771.359812760642,1.359812760641944,-1.359812760641944,34.7120327640111,29.789448397179513,0.0032500000000005537,0.013250000000000473,True,True,736.6477799966308,801.1492611578215,64.50148116119067,True,0
2755,2016-12-12,766.4,769.8730794149186,3.4730794149186295,-3.4730794149186295,29.90758950582324,29.097996727067596,0.003500000000000554,0.013500000000000473,True,True,739.9654899090954,798.9710761419863,59.00558623289089,True,0
2756,2016-12-13,764.96,766.3005253811681,1.3405253811680495,-1.3405253811680495,28.90205105231712,29.097996727067596,0.003750000000000554,0.013750000000000474,True,True,737.398474328851,795.3985221082357,58.00004777938477,True,0
2757,2016-12-14,778.25,764.7686660656329,-13.481333934367058,13.481333934367058,28.867852672401852,25.806512094746154,0.004000000000000554,0.014000000000000474,True,True,735.9008133932311,790.5751781603791,54.67436476714795,True,0
2758,2016-12-15,766.28,777.4986728368218,11.218672836821838,-11.218672836821838,28.867852672401852,24.30405681347247,0.0042500000000005545,0.014250000000000474,True,True,748.6308201644199,801.8027296502943,53.17190948587438,True,0
2759,2016-12-16,765.0,766.5618411882632,1.5618411882632017,-1.5618411882632017,25.094670246005762,24.30405681347247,0.004500000000000555,0.014500000000000474,True,True,741.4671709422574,790.8658980017357,49.39872705947823,True,0
2760,2016-12-19,758.89,764.7688633456464,5.878863345646437,-5.878863345646437,22.960797860546336,23.0511723130943,0.004750000000000555,0.014750000000000475,True,True,741.8080654851001,787.8200356587407,46.011970173640634,True,0
2761,2016-12-20,768.65,758.8833448716515,-9.766655128348475,9.766655128348475,22.960797860546336,22.630058440476432,0.005000000000000555,0.015000000000000475,True,True,735.9225470111052,781.5134033121279,45.59085630102277,True,0
2762,2016-12-21,770.0,768.0091951746447,-1.990804825355326,1.990804825355326,22.90656228703449,22.54750980674646,0.0052500000000005554,0.015250000000000475,True,True,745.1026328876102,790.5567049813911,45.45407209378095,True,0
2763,2016-12-22,768.12,769.753226794964,1.6332267949640027,-1.6332267949640027,22.352627981596243,22.54750980674646,0.005500000000000556,0.015500000000000475,True,True,747.4005988133678,792.3007366017105,44.900137788342704,True,0
2764,2016-12-23,764.55,767.9638095169624,3.4138095169624876,-3.4138095169624876,22.352627981596243,21.01917244561139,0.005750000000000556,0.015750000000000475,True,True,745.6111815353662,788.9829819625738,43.37180042720763,True,0
2765,2016-12-27,763.4,764.4441317161214,1.0441317161214556,-1.0441317161214556,21.993018046508723,20.948124652701836,0.006000000000000556,0.016000000000000476,True,True,742.4511136696127,785.3922563688233,42.94114269921056,True,0
2766,2016-12-28,776.25,763.1922578086412,-13.057742191358784,13.057742191358784,21.861857017462057,20.948124652701836,0.006250000000000556,0.016250000000000476,True,True,741.3304007911792,784.140382461343,42.80998167016389,True,0
2767,2016-12-29,772.4,775.5089233665141,3.108923366514091,-3.108923366514091,21.861857017462057,19.733831611522135,0.0065000000000005565,0.016500000000000476,True,True,753.647066349052,795.2427549780361,41.595688628984135,True,0
2768,2016-12-30,766.47,772.3659357025234,5.8959357025233885,-5.8959357025233885,21.80327228429178,19.524691481377317,0.006750000000000557,0.016750000000000476,True,True,750.5626634182316,791.8906271839007,41.3279637656691,True,0
2769,2017-01-03,757.92,766.4476019984293,8.527601998429304,-8.527601998429304,20.277787661181833,19.42002840166265,0.007000000000000557,0.017000000000000477,True,True,746.1698143372474,785.8676304000919,39.69781606284448,True,0
2770,2017-01-04,758.39,757.9850612411207,-0.4049387588793252,0.4049387588793252,20.155905584008906,19.42002840166265,0.007250000000000557,0.017250000000000477,True,True,737.8291556571118,777.4050896427833,39.575933985671554,True,0
2771,2017-01-05,761.55,758.0950153344454,-3.454984665554548,3.454984665554548,20.155905584008906,19.32966422878792,0.0075000000000005574,0.017500000000000477,True,True,737.9391097504365,777.4246795632333,39.485569812796825,True,0
2772,2017-01-06,782.36,761.1859646521473,-21.174035347852737,21.174035347852737,20.037081608587158,18.46007305503531,0.007750000000000558,0.017750000000000477,True,False,741.1488830435601,779.6460377071826,38.497154663622496,False,1
2773,2017-01-09,798.0,781.321164562202,-16.678835437798057,16.678835437798057,19.790747592689968,29.789448397179513,0.008000000000000557,0.013000000000000476,True,True,761.530416969512,811.1106129593815,49.58019598986948,True,0
2774,2017-01-10,796.6,797.2522375420117,0.6522375420116759,-0.6522375420116759,19.790747592689968,29.789448397179513,0.008250000000000557,0.013250000000000477,True,True,777.4614899493217,827.0416859391912,49.58019598986948,True,0
2775,2017-01-11,793.66,796.4917059860292,2.831705986029192,-2.831705986029192,19.28883592222428,29.097996727067596,0.008500000000000557,0.013500000000000477,True,True,777.2028700638049,825.5897027130968,48.38683264929193,True,0
2776,2017-01-12,800.31,793.5419552422477,-6.76804475775225,6.76804475775225,17.131715215632653,25.806512094746154,0.008750000000000558,0.013750000000000477,True,True,776.410240026615,819.3484673369938,42.93822731037881,True,0
2777,2017-01-13,814.32,799.818628198648,-14.501371801352093,14.501371801352093,17.131715215632653,25.806512094746154,0.009000000000000558,0.014000000000000477,True,True,782.6869129830153,825.6251402933941,42.93822731037881,True,0
2778,2017-01-17,815.7,813.5879805817833,-2.1120194182167324,2.1120194182167324,16.601384741332822,24.30405681347247,0.009250000000000558,0.014250000000000478,True,True,796.9865958404505,837.8920373952558,40.90544155480529,True,0
2779,2017-01-18,809.5,815.4878296527893,5.987829652789287,-5.987829652789287,16.593181504428458,23.0511723130943,0.009500000000000558,0.014500000000000478,True,True,798.8946481483608,838.5390019658836,39.644353817522756,True,0
2780,2017-01-19,810.0,809.525394539686,-0.47460546031402373,0.47460546031402373,16.33779006578817,23.0511723130943,0.009750000000000559,0.014750000000000478,True,True,793.1876044738979,832.5765668527803,39.38896237888241,True,0
2781,2017-01-20,815.28,809.7396167889913,-5.540383211008702,5.540383211008702,16.33779006578817,22.630058440476432,0.010000000000000559,0.015000000000000478,True,True,793.4018267232032,832.3696752294677,38.967848506264545,True,0
2782,2017-01-23,806.8,814.8628122755807,8.062812275580768,-8.062812275580768,16.266769243413705,22.54750980674646,0.010250000000000559,0.015250000000000478,True,True,798.596043032167,837.4103220823272,38.81427905016017,True,0
2783,2017-01-24,822.0,806.9233643967443,-15.076635603255681,15.076635603255681,15.724894180761225,21.174035347852737,0.01050000000000056,0.015500000000000479,True,True,791.1984702159831,828.097399744597,36.89892952861396,True,0
2784,2017-01-25,825.79,821.1630476033365,-4.626952396663455,4.626952396663455,15.724894180761225,21.174035347852737,0.01075000000000056,0.01575000000000048,True,True,805.4381534225753,842.3370829511892,36.89892952861396,True,0
2785,2017-01-26,835.53,825.4913442049769,-10.038655795023033,10.038655795023033,15.648951520661825,21.01917244561139,0.01100000000000056,0.01600000000000048,True,True,809.8423926843151,846.5105166505883,36.66812396627324,True,0
2786,2017-01-27,839.0,834.9639486523146,-4.036051347685429,4.036051347685429,14.962544374099338,20.948124652701836,0.01125000000000056,0.01625000000000048,True,True,820.0014042782152,855.9120733050164,35.9106690268012,True,0
2787,2017-01-30,833.0,838.7030618022078,5.703061802207799,-5.703061802207799,14.775062527264254,20.948124652701836,0.01150000000000056,0.01650000000000048,True,True,823.9279992749435,859.6511864549096,35.72318717996609,True,0
2788,2017-01-31,823.75,833.0378169624208,9.287816962420834,-9.287816962420834,14.775062527264254,19.733831611522135,0.01175000000000056,0.01675000000000048,True,True,818.2627544351566,852.7716485739429,34.50889413878633,True,0
2789,2017-02-01,829.21,823.8684035574069,-5.341596442593186,5.341596442593186,14.7341916148157,19.524691481377317,0.01200000000000056,0.01700000000000048,True,True,809.1342119425912,843.3930950387842,34.25888309619302,True,0
2790,2017-02-02,836.59,828.7535401129288,-7.836459887071214,7.836459887071214,14.695309535402203,19.42002840166265,0.01225000000000056,0.01725000000000048,True,True,814.0582305775266,848.1735685145915,34.11533793706485,True,0
2791,2017-02-03,806.72,836.1193193853583,29.39931938535824,-29.39931938535824,14.695309535402203,19.42002840166265,0.012500000000000561,0.01750000000000048,False,True,821.4240098499561,855.5393477870209,34.11533793706485,False,1
2792,2017-02-06,809.8,807.6544899118178,-2.1455100881821636,2.1455100881821636,20.155905584008906,19.32966422878792,0.007750000000000561,0.01775000000000048,True,True,787.4985843278089,826.9841541406057,39.485569812796825,True,0
2793,2017-02-07,809.31,809.3486883058995,0.038688305899540865,-0.038688305899540865,20.037081608587158,18.46007305503531,0.00800000000000056,0.01800000000000048,True,True,789.3116066973123,827.8087613609348,38.497154663622496,True,0
2794,2017-02-08,812.69,809.1132865250435,-3.576713474956591,3.576713474956591,19.790747592689968,18.46007305503531,0.00825000000000056,0.01825000000000048,True,True,789.3225389323535,827.5733595800788,38.25082064772528,True,0
2795,2017-02-09,821.6,812.3317599864463,-9.268240013553736,9.268240013553736,19.790747592689968,18.281849213999635,0.008500000000000561,0.01850000000000048,True,True,792.5410123937563,830.6136092004459,38.0725968066896,True,0
2796,2017-02-10,823.82,821.0454618273191,-2.774538172680991,2.774538172680991,19.28883592222428,17.746568130602782,0.008750000000000561,0.01875000000000048,True,True,801.7566259050948,838.7920299579218,37.03540405282706,True,0
2797,2017-02-13,831.62,823.547363983301,-8.072636016698993,8.072636016698993,17.131715215632653,17.591052939984706,0.009000000000000561,0.019000000000000482,True,True,806.4156487676684,841.1384169232857,34.72276815561736,True,0
2798,2017-02-14,837.0,831.1107510119964,-5.889248988003601,5.889248988003601,17.131715215632653,17.591052939984706,0.009250000000000562,0.019250000000000482,True,True,813.9790357963637,848.7018039519811,34.72276815561736,True,0
2799,2017-02-15,834.0,836.6092745332091,2.6092745332091454,-2.6092745332091454,16.601384741332822,17.431662177681503,0.009500000000000562,0.019500000000000482,True,True,820.0078897918763,854.0409367108906,34.03304691901428,True,0
2800,2017-02-16,841.84,833.921786955389,-7.9182130446109795,7.9182130446109795,16.593181504428458,17.424945233287076,0.009750000000000562,0.019750000000000482,True,True,817.3286054509606,851.3467321886761,34.018126737715534,True,0
2801,2017-02-17,842.0,841.3153286101036,-0.6846713898963799,0.6846713898963799,16.33779006578817,17.118488921674782,0.010000000000000562,0.020000000000000483,True,True,824.9775385443154,858.4338175317785,33.456278987463065,True,0
2802,2017-02-21,848.84,841.8135608504384,-7.026439149561611,7.026439149561611,16.33779006578817,17.118488921674782,0.010250000000000562,0.020250000000000483,True,True,825.4757707846502,858.9320497721133,33.456278987463065,True,0
2803,2017-02-22,856.95,848.3699803249351,-8.580019675064932,8.580019675064932,16.266769243413705,16.678835437798057,0.010500000000000563,0.020500000000000483,True,True,832.1032110815214,865.0488157627332,32.94560468121176,True,0
2804,2017-02-23,857.57,856.4614471611153,-1.1085528388847479,1.1085528388847479,15.724894180761225,16.609603249725637,0.010750000000000563,0.020750000000000483,True,True,840.7365529803541,873.0710504108409,32.33449743048686,True,0
2805,2017-02-24,844.69,857.3768798235579,12.686879823557888,-12.686879823557888,15.724894180761225,16.609603249725637,0.011000000000000563,0.021000000000000484,True,True,841.6519856427967,873.9864830732836,32.33449743048686,True,0
2806,2017-02-27,842.38,844.9765159310284,2.5965159310284207,-2.5965159310284207,15.648951520661825,16.530484733640037,0.011250000000000563,0.021250000000000484,True,True,829.3275644103666,861.5070006646685,32.17943625430189,True,0
2807,2017-02-28,851.45,842.2100302051767,-9.23996979482331,9.23996979482331,14.962544374099338,16.319141164656457,0.011500000000000564,0.021500000000000484,True,True,827.2474858310774,858.5291713698332,31.281685538755823,True,0
2808,2017-03-01,853.05,850.8828350738297,-2.167164926170244,2.167164926170244,14.962544374099338,16.268711187433382,0.011750000000000564,0.021750000000000484,True,True,835.9202906997303,867.1515462612631,31.23125556153275,True,0
2809,2017-03-02,853.08,852.8146659727119,-0.26533402728819055,0.26533402728819055,14.775062527264254,16.268711187433382,0.012000000000000564,0.022000000000000484,True,True,838.0396034454476,869.0833771601452,31.043773714697636,True,0
2810,2017-03-03,847.2,852.8779564564919,5.67795645649187,-5.67795645649187,14.7341916148157,16.0192815041122,0.012250000000000564,0.022250000000000485,True,True,838.1437648416762,868.8972379606041,30.7534731189279,True,0
2811,2017-03-06,845.23,847.214899091023,1.9848990910229531,-1.9848990910229531,14.695309535402203,15.98593978312681,0.012500000000000564,0.022500000000000485,True,True,832.5195895556208,863.2008388741498,30.681249318529012,True,0
2812,2017-03-07,845.48,845.0714390458458,-0.4085609541542681,0.4085609541542681,14.695309535402203,15.98593978312681,0.012750000000000565,0.022750000000000485,True,True,830.3761295104435,861.0573788289726,30.681249318529012,True,0
2813,2017-03-08,848.0,845.2490474492259,-2.750952550774059,2.750952550774059,14.205106019693517,15.737250543245977,0.013000000000000565,0.023000000000000485,True,True,831.0439414295324,860.9862979924719,29.942356562939494,True,0
2814,2017-03-09,851.0,847.6902392179951,-3.3097607820049006,3.3097607820049006,14.192602502058548,15.655653019141141,0.013250000000000565,0.023250000000000486,True,True,833.4976367159366,863.3458922371362,29.84825552119969,True,0
2815,2017-03-10,857.0,850.6812432038934,-6.318756796106641,6.318756796106641,14.192602502058548,15.605145667666648,0.013500000000000565,0.023500000000000486,True,True,836.4886407018348,866.28638887156,29.797748169725196,True,0
2816,2017-03-13,851.77,856.5703456868514,4.800345686851415,-4.800345686851415,14.047264031224245,15.605145667666648,0.013750000000000566,0.023750000000000486,True,True,842.5230816556272,872.175491354518,29.652409698890892,True,0
2817,2017-03-14,853.55,851.780234675156,-1.769765324844002,1.769765324844002,13.754658537557475,15.468686626762121,0.014000000000000566,0.024000000000000486,True,True,838.0255761375985,867.248921301918,29.22334516431954,True,0
2818,2017-03-15,854.33,853.2507225897893,-1.0792774102106932,1.0792774102106932,13.72033565449459,15.121671376887434,0.014250000000000566,0.024250000000000486,True,True,839.5303869352947,868.3723939666768,28.84200703138208,True,0
2819,2017-03-16,855.3,854.0942013752438,-1.2057986247561985,1.2057986247561985,13.72033565449459,15.076635603255681,0.014500000000000566,0.024500000000000487,True,True,840.3738657207491,869.1708369784994,28.79697125775033,True,0
2820,2017-03-17,853.49,855.0533170700412,1.5633170700411938,-1.5633170700411938,13.705209885036027,15.076635603255681,0.014750000000000566,0.024750000000000487,True,True,841.3481071850051,870.1299526732969,28.781845488291765,True,0
2821,2017-03-20,851.51,853.3493550065364,1.8393550065363797,-1.8393550065363797,13.393543982946198,14.960966199678893,0.015000000000000567,0.025000000000000487,True,True,839.9558110235902,868.3103212062152,28.354510182625063,True,0
2822,2017-03-21,858.84,851.3639541666805,-7.476045833319517,7.476045833319517,13.346301063550015,14.54875176482949,0.015250000000000567,0.025250000000000487,True,True,838.0176531031304,865.91270593151,27.895052828379562,True,0
2823,2017-03-22,840.43,858.337007069328,17.907007069328074,-17.907007069328074,13.346301063550015,14.54875176482949,0.015500000000000567,0.025500000000000488,False,True,844.9907060057781,872.8857588341575,27.89505282837945,False,1
2824,2017-03-23,848.2,840.9364674058066,-7.263532594193407,7.263532594193407,16.266769243413705,14.535889655771143,0.010750000000000568,0.025750000000000488,True,True,824.6696981623929,855.4723570615778,30.80265889918485,True,0
2825,2017-03-24,851.68,847.6102124183283,-4.069787581671676,4.069787581671676,15.724894180761225,14.50979092783848,0.011000000000000568,0.026000000000000488,True,True,831.885318237567,862.1200033461668,30.234685108599706,True,0
2826,2017-03-27,838.07,851.3537639910605,13.283763991060482,-13.283763991060482,15.724894180761225,14.501371801352093,0.011250000000000569,0.026250000000000488,True,True,835.6288698102993,865.8551357924126,30.22626598211332,True,0
2827,2017-03-28,851.75,838.3782279600925,-13.371772039907455,13.371772039907455,15.648951520661825,14.501371801352093,0.011500000000000569,0.02650000000000049,True,True,822.7292764394307,852.8795997614446,30.150323322013946,True,0
2828,2017-03-29,859.05,850.9444871246692,-8.10551287533076,8.10551287533076,14.962544374099338,14.499911127858638,0.011750000000000569,0.02675000000000049,True,True,835.9819427505698,865.4443982525279,29.46245550195806,True,0
2829,2017-03-30,874.95,858.5966588402501,-16.353341159749903,16.353341159749903,14.962544374099338,14.221560323488916,0.01200000000000057,0.02700000000000049,True,False,843.6341144661508,872.8182191637391,29.184104697588282,False,1
2830,2017-03-31,877.0,874.149011511142,-2.850988488857979,2.850988488857979,14.775062527264254,16.268711187433382,0.01225000000000057,0.022250000000000488,True,True,859.3739489838778,890.4177226985754,31.043773714697636,True,0
2831,2017-04-03,888.0,876.7742797490805,-11.225720250919494,11.225720250919494,14.7341916148157,16.0192815041122,0.01250000000000057,0.02250000000000049,True,True,862.0400881342648,892.7935612531927,30.7534731189279,True,0
2832,2017-04-04,891.5,887.382391493803,-4.11760850619703,4.11760850619703,14.695309535402203,15.98593978312681,0.01275000000000057,0.02275000000000049,True,True,872.6870819584008,903.3683312769298,30.681249318529012,True,0
2833,2017-04-05,910.82,891.2113882948848,-19.60861170511521,19.60861170511521,14.695309535402203,15.737250543245977,0.01300000000000057,0.02300000000000049,True,False,876.5160787594826,906.9486388381308,30.43256007864818,False,1
2834,2017-04-06,913.8,909.8991702844075,-3.9008297155924083,3.9008297155924083,14.205106019693517,18.46007305503531,0.01325000000000057,0.018250000000000488,True,True,895.694064264714,928.3592433394429,32.665179074728826,True,0
2835,2017-04-07,899.65,913.5833318438098,13.93333184380981,-13.93333184380981,14.192602502058548,18.281849213999635,0.01350000000000057,0.01850000000000049,True,True,899.3907293417512,931.8651810578094,32.474451716058184,True,0
2836,2017-04-10,899.63,900.0145038605264,0.3845038605263653,-0.3845038605263653,14.192602502058548,17.746568130602782,0.01375000000000057,0.01875000000000049,True,True,885.8219013584678,917.7610719911291,31.93917063266133,True,0
2837,2017-04-11,907.04,899.388200578973,-7.651799421026908,7.651799421026908,14.047264031224245,17.746568130602782,0.014000000000000571,0.01900000000000049,True,True,885.3409365477488,917.1347687095758,31.793832161827027,True,0
2838,2017-04-12,903.09,906.5667100832709,3.4767100832708593,-3.4767100832708593,13.93333184380981,17.591052939984706,0.014250000000000571,0.01925000000000049,True,True,892.6333782394611,924.1577630232556,31.524384783794517,True,0
2839,2017-04-13,891.45,903.0799970600476,11.629997060047572,-11.629997060047572,13.754658537557475,17.431662177681503,0.014500000000000571,0.01950000000000049,True,True,889.3253385224901,920.5116592377291,31.186320715238935,True,0
2840,2017-04-17,887.5,891.6838483123676,4.183848312367559,-4.183848312367559,13.754658537557475,17.424945233287076,0.014750000000000572,0.01975000000000049,True,True,877.9291897748101,909.1087935456546,31.17960377084455,True,0
2841,2017-04-18,900.99,887.4074350091518,-13.582564990848255,13.582564990848255,13.72033565449459,17.424945233287076,0.015000000000000572,0.02000000000000049,True,True,873.6870993546572,904.8323802424388,31.14528088778161,True,0
2842,2017-04-19,907.84,900.2567456951274,-7.583254304872639,7.583254304872639,13.705209885036027,17.118488921674782,0.015250000000000572,0.02025000000000049,True,True,886.5515358100913,917.3752346168021,30.82369880671081,True,0
2843,2017-04-20,899.7,907.4327424464458,7.732742446445741,-7.732742446445741,13.393543982946198,16.678835437798057,0.015500000000000572,0.02050000000000049,True,True,894.0391984634996,924.1115778842438,30.072379420744255,True,0
2844,2017-04-21,902.67,899.8401295386235,-2.8298704613764585,2.8298704613764585,13.393543982946198,16.678835437798057,0.015750000000000573,0.02075000000000049,True,True,886.4465855556773,916.5189649764216,30.072379420744255,True,0
2845,2017-04-24,908.68,902.3327857610881,-6.347214238911874,6.347214238911874,13.346301063550015,16.609603249725637,0.016000000000000573,0.02100000000000049,True,True,888.9864846975381,918.9423890108137,29.955904313275596,True,0
2846,2017-04-25,907.04,908.2663704661177,1.2263704661177144,-1.2263704661177144,13.346056464726985,16.530484733640037,0.016250000000000573,0.02125000000000049,True,True,894.9203140013907,924.7968551997577,29.876541198367022,True,0
2847,2017-04-26,910.3,906.9308680942556,-3.369131905744325,3.369131905744325,13.346056464726985,16.353341159749903,0.016500000000000573,0.02150000000000049,True,True,893.5848116295286,923.2842092540055,29.699397624476887,True,0
2848,2017-04-27,914.39,909.9773692086657,-4.412630791334323,4.412630791334323,13.335334764741134,16.353341159749903,0.016750000000000573,0.02175000000000049,True,True,896.6420344439246,926.3307103684156,29.688675924491008,True,0
2849,2017-04-28,948.83,914.0542616935774,-34.77573830642268,34.77573830642268,13.283763991060482,16.319141164656457,0.017000000000000574,0.02200000000000049,True,False,900.7704977025169,930.3734028582338,29.60290515571694,False,1
2850,2017-05-01,927.8,947.3324304919179,19.53243049191792,-19.53243049191792,13.191261503260762,19.524691481377317,0.017250000000000574,0.01725000000000049,False,True,934.1411689886571,966.8571219732952,32.71595298463808,False,1
2851,2017-05-02,946.64,928.5481743443376,-18.091825655662433,18.091825655662433,14.775062527264254,19.524691481377317,0.012500000000000573,0.01750000000000049,True,True,913.7731118170733,948.0728658257149,34.29975400864157,True,0
2852,2017-05-03,946.0,945.6515542524721,-0.34844574752787594,0.34844574752787594,14.7341916148157,19.42002840166265,0.012750000000000573,0.01775000000000049,True,True,930.9173626376564,965.0715826541348,34.15422001647835,True,0
2853,2017-05-04,944.75,945.9316503049591,1.1816503049591347,-1.1816503049591347,14.695309535402203,19.32966422878792,0.013000000000000574,0.01800000000000049,True,True,931.2363407695569,965.261314533747,34.02497376419012,True,0
2854,2017-05-05,940.52,944.6302613304132,4.110261330413209,-4.110261330413209,14.695309535402203,18.46007305503531,0.013250000000000574,0.01825000000000049,True,True,929.934951795011,963.0903343854485,33.15538259043751,True,0
2855,2017-05-08,940.95,940.5097893578046,-0.4402106421954386,0.4402106421954386,14.205106019693517,18.46007305503531,0.013500000000000574,0.018500000000000492,True,True,926.3046833381111,958.9698624128399,32.665179074728826,True,0
2856,2017-05-09,952.8,940.7456919802828,-12.054308019717155,12.054308019717155,14.192602502058548,18.281849213999635,0.013750000000000574,0.018750000000000492,True,True,926.5530894782243,959.0275411942824,32.474451716058184,True,0
2857,2017-05-10,953.5,952.1719682762161,-1.3280317237838517,1.3280317237838517,14.192602502058548,18.091825655662433,0.014000000000000574,0.019000000000000492,True,True,937.9793657741576,970.2637939318786,32.28442815772098,True,0
2858,2017-05-11,945.11,953.3543325136521,8.244332513652125,-8.244332513652125,14.047264031224245,18.091825655662433,0.014250000000000575,0.019250000000000492,True,True,939.3070684824279,971.4461581693146,32.13908968688668,True,0
2859,2017-05-12,954.5,945.269557999924,-9.230442000075982,9.230442000075982,13.93333184380981,17.746568130602782,0.014500000000000575,0.019500000000000493,True,True,931.3362261561142,963.0161261305268,31.679899974412592,True,0
2860,2017-05-15,958.73,953.9357585535071,-4.794241446492947,4.794241446492947,13.754658537557475,17.591052939984706,0.014750000000000575,0.019750000000000493,True,True,940.1811000159496,971.5268114934918,31.34571147754218,True,0
2861,2017-05-16,961.0,958.4375958530052,-2.5624041469948224,2.5624041469948224,13.754658537557475,17.431662177681503,0.015000000000000575,0.020000000000000493,True,True,944.6829373154477,975.8692580306866,31.186320715238935,True,0
2862,2017-05-17,954.7,960.7672276141216,6.067227614121521,-6.067227614121521,13.72033565449459,17.431662177681503,0.015250000000000576,0.020250000000000493,True,True,947.0468919596269,978.198889791803,31.151997832176107,True,0
2863,2017-05-18,944.8,954.7889510829445,9.988951082944595,-9.988951082944595,13.705209885036027,17.424945233287076,0.015500000000000576,0.020500000000000494,True,True,941.0837411979085,972.2138963162316,31.13015511832316,True,0
2864,2017-05-19,962.84,944.9882804684995,-17.85171953150052,17.85171953150052,13.393543982946198,17.118488921674782,0.015750000000000576,0.020750000000000494,True,False,931.5947364855533,962.1067693901743,30.512032904621037,False,1
2865,2017-05-22,964.0,961.9285748639617,-2.0714251360383287,2.0714251360383287,13.393543982946198,21.01917244561139,0.016000000000000576,0.016000000000000493,True,True,948.5350308810155,982.9477473095731,34.41271642855759,True,0
2866,2017-05-23,975.02,963.8581658422781,-11.161834157721842,11.161834157721842,13.346301063550015,20.948124652701836,0.016250000000000576,0.016250000000000493,True,True,950.5118647787281,984.80629049498,34.29442571625191,True,0
2867,2017-05-24,976.0,974.4380731830472,-1.5619268169527913,1.5619268169527913,13.346056464726985,19.733831611522135,0.016500000000000577,0.016500000000000493,True,True,961.0920167183202,994.1719047945694,33.079888076249176,True,0
2868,2017-05-25,984.85,975.8509011987617,-8.999098801238347,8.999098801238347,13.335334764741134,19.60861170511521,0.016750000000000577,0.016750000000000494,True,True,962.5155664340206,995.4595129038769,32.943946469856314,True,0
2869,2017-05-26,995.0,984.3612564811219,-10.638743518878073,10.638743518878073,13.335334764741134,19.60861170511521,0.017000000000000577,0.017000000000000494,True,True,971.0259217163808,1003.9698681862371,32.943946469856314,True,0
2870,2017-05-30,996.51,994.4986244722494,-2.0113755277506016,2.0113755277506016,13.283763991060482,19.524691481377317,0.017250000000000577,0.017250000000000494,True,True,981.2148604811889,1014.0233159536267,32.8084554724378,True,0
2871,2017-05-31,1000.0,996.3547957240073,-3.6452042759926826,3.6452042759926826,13.191261503260762,19.42002840166265,0.017500000000000578,0.017500000000000494,True,True,983.1635342207466,1015.77482412567,32.61128990492341,True,0
2872,2017-06-01,998.59,999.7373996453323,1.147399645332257,-1.147399645332257,13.191261503260762,19.42002840166265,0.017750000000000578,0.017750000000000495,True,True,986.5461381420715,1019.1574280469949,32.61128990492341,True,0
2873,2017-06-02,998.99,998.5246107950411,-0.46538920495891034,0.46538920495891034,12.97660761808163,19.32966422878792,0.018000000000000578,0.018000000000000495,True,True,985.5480031769595,1017.854275023829,32.30627184686955,True,0
2874,2017-06-05,1007.23,998.8347921885581,-8.395207811441878,8.395207811441878,12.728566661525036,18.46007305503531,0.018250000000000578,0.018250000000000495,True,True,986.1062255270331,1017.2948652435934,31.188639716560374,True,0
2875,2017-06-06,1012.0,1006.7799470659678,-5.220052934032196,5.220052934032196,12.686879823557888,18.281849213999635,0.01850000000000058,0.018500000000000495,True,True,994.0930672424099,1025.0617962799674,30.968729037557523,True,0
2876,2017-06-07,1005.95,1011.7200987912405,5.770098791240457,-5.770098791240457,12.686879823557888,18.281849213999635,0.01875000000000058,0.018750000000000495,True,True,999.0332189676826,1030.0019480052401,30.968729037557523,True,0
2877,2017-06-08,1012.06,1006.0736344149601,-5.9863655850398345,5.9863655850398345,12.501411788758048,18.091825655662433,0.01900000000000058,0.019000000000000496,True,True,993.5722226262021,1024.1654600706224,30.59323744442031,True,0
2878,2017-06-09,1012.5,1011.67187262739,-0.8281273726099698,0.8281273726099698,12.32189757182175,17.85171953150052,0.01925000000000058,0.019250000000000496,True,True,999.3499750555683,1029.5235921588906,30.17361710332227,True,0
2879,2017-06-12,967.0,1012.3793224838151,45.379322483815145,-45.379322483815145,12.198762425887196,17.746568130602782,0.01950000000000058,0.019500000000000496,False,True,1000.180560057928,1030.125890614418,29.945330556490035,False,1
2880,2017-06-13,977.99,968.5759417321336,-9.41405826786638,9.41405826786638,13.93333184380981,17.746568130602782,0.014750000000000579,0.019750000000000496,True,True,954.6426098883238,986.3225098627364,31.679899974412592,True,0
2881,2017-06-14,988.59,977.232191403292,-11.357808596708082,11.357808596708082,13.754658537557475,17.591052939984706,0.015000000000000579,0.020000000000000497,True,True,963.4775328657345,994.8232443432767,31.34571147754218,True,0
2882,2017-06-15,958.7,988.0526599515657,29.35265995156567,-29.35265995156567,13.754658537557475,17.431662177681503,0.015250000000000579,0.020250000000000497,False,True,974.2980014140082,1005.4843221292472,31.186320715238935,False,1
2883,2017-06-16,996.0,959.7166447744364,-36.28335522556358,36.28335522556358,16.601384741332822,17.424945233287076,0.010500000000000578,0.020500000000000497,True,False,943.1152600331036,977.1415900077235,34.0263299746199,False,1
2884,2017-06-19,1017.0,994.2241642633563,-22.77583573664367,22.77583573664367,16.601384741332822,21.174035347852737,0.010750000000000579,0.015750000000000496,True,False,977.6227795220235,1015.3981996112091,37.77542008918556,False,1
2885,2017-06-20,998.0,1016.138509608805,18.138509608804952,-18.138509608804952,16.593181504428458,37.04,0.011000000000000579,0.011000000000000495,False,True,999.5453281043765,1053.178509608805,53.63318150442842,False,1
2886,2017-06-21,998.7,998.6570858707609,-0.042914129239193244,0.042914129239193244,22.352627981596243,36.98,0.006250000000000579,0.011250000000000496,True,True,976.3044578891646,1035.6370858707608,59.33262798159615,True,0
2887,2017-06-22,1002.23,998.4767257675704,-3.7532742324295896,3.7532742324295896,22.352627981596243,36.7,0.006500000000000579,0.011500000000000496,True,True,976.1240977859742,1035.1767257675704,59.052627981596174,True,0
2888,2017-06-23,1002.54,1001.9442475864316,-0.5957524135683343,0.5957524135683343,21.993018046508723,36.7,0.006750000000000579,0.011750000000000496,True,True,979.9512295399229,1038.6442475864317,58.69301804650877,True,0
2889,2017-06-26,1008.5,1002.3894995406177,-6.110500459382251,6.110500459382251,21.861857017462057,36.7,0.0070000000000005795,0.012000000000000496,True,True,980.5276425231557,1039.0894995406177,58.56185701746199,True,0
2890,2017-06-27,990.69,1008.1196518914043,17.429651891404205,-17.429651891404205,21.861857017462057,36.28335522556358,0.00725000000000058,0.012250000000000497,True,True,986.2577948739422,1044.4030071169677,58.145212243025526,True,0
2891,2017-06-28,978.55,991.2515558090408,12.701555809040883,-12.701555809040883,21.80327228429178,34.77573830642268,0.00750000000000058,0.012500000000000497,True,True,969.4482835247491,1026.0272941154635,56.57901059071446,True,0
2892,2017-06-29,979.0,978.8169494590638,-0.1830505409361649,0.1830505409361649,20.277787661181833,34.77573830642268,0.00775000000000058,0.012750000000000497,True,True,958.539161797882,1013.5926877654865,55.053525967604514,True,0
2893,2017-06-30,980.12,978.7797199558933,-1.3402800441067484,1.3402800441067484,20.155905584008906,31.49753328109827,0.00800000000000058,0.013000000000000497,True,True,958.6238143718844,1010.2772532369916,51.653438865107205,True,0
2894,2017-07-03,972.79,979.9034311373998,7.113431137399857,-7.113431137399857,20.155905584008906,29.789448397179513,0.00825000000000058,0.013250000000000497,True,True,959.7475255533909,1009.6928795345793,49.94535398118842,True,0
2895,2017-07-05,961.53,972.9039972054414,11.37399720544147,-11.37399720544147,20.037081608587158,29.097996727067596,0.00850000000000058,0.013500000000000498,True,True,952.8669155968543,1002.0019939325091,49.13507833565484,True,0
2896,2017-07-06,964.66,961.7681466143645,-2.8918533856354998,2.8918533856354998,19.790747592689968,29.097996727067596,0.00875000000000058,0.013750000000000498,True,True,941.9773990216745,990.866143341432,48.88874431975751,True,0
2897,2017-07-07,969.55,964.3188952951953,-5.231104704804693,5.231104704804693,19.53243049191792,25.806512094746154,0.00900000000000058,0.014000000000000498,True,True,944.7864648032773,990.1254073899414,45.338942586664075,True,0
2898,2017-07-10,985.0,969.1761964291362,-15.823803570863788,15.823803570863788,19.53243049191792,24.30405681347247,0.00925000000000058,0.014250000000000498,True,True,949.6437659372183,993.4802532426087,43.83648730539039,True,0
2899,2017-07-11,993.0,984.2181222137996,-8.781877786200425,8.781877786200425,19.28883592222428,23.0511723130943,0.009500000000000581,0.014500000000000499,True,True,964.9292862915753,1007.2692945268939,42.34000823531858,True,0
2900,2017-07-12,1000.65,992.5511455246345,-8.098854475365442,8.098854475365442,18.138509608804952,23.0511723130943,0.009750000000000581,0.014750000000000499,True,True,974.4126359158296,1015.6023178377288,41.18968192189925,True,0
2901,2017-07-13,1004.62,1000.2035029664011,-4.416497033598944,4.416497033598944,17.907007069328074,22.77583573664367,0.010000000000000581,0.015000000000000499,True,True,982.296495897073,1022.9793387030447,40.682842805971745,True,0
2902,2017-07-14,1002.4,1004.3224609703369,1.9224609703369424,-1.9224609703369424,17.907007069328074,22.630058440476432,0.010250000000000582,0.0152500000000005,True,True,986.4154539010088,1026.9525194108132,40.53706550980439,True,0
2903,2017-07-17,1004.69,1002.3360790501706,-2.353920949829444,2.353920949829444,17.429651891404205,22.630058440476432,0.010500000000000582,0.0155000000000005,True,True,984.9064271587664,1024.966137490647,40.05971033188064,True,0
2904,2017-07-18,1006.0,1004.4325334761709,-1.5674665238291254,1.5674665238291254,17.131715215632653,22.54750980674646,0.010750000000000582,0.0157500000000005,True,True,987.3008182605382,1026.9800432829174,39.67922502237923,True,0
2905,2017-07-19,1025.0,1005.793046910072,-19.206953089927993,19.206953089927993,17.131715215632653,21.174035347852737,0.011000000000000582,0.0160000000000005,True,True,988.6613316944394,1026.9670822579246,38.305750563485276,True,0
2906,2017-07-20,1031.59,1024.098170007675,-7.491829992324938,7.491829992324938,16.601384741332822,21.01917244561139,0.011250000000000582,0.0162500000000005,True,True,1007.4967852663422,1045.1173424532863,37.6205571869441,True,0
2907,2017-07-21,1021.28,1031.2382237037148,9.958223703714793,-9.958223703714793,16.593181504428458,21.01917244561139,0.011500000000000583,0.0165000000000005,True,True,1014.6450421992863,1052.2573961493263,37.61235395003996,True,0
2908,2017-07-24,1028.34,1021.5536142786335,-6.7863857213664005,6.7863857213664005,16.33779006578817,20.948124652701836,0.011750000000000583,0.0167500000000005,True,True,1005.2158242128453,1042.5017389313352,37.28591471848995,True,0
2909,2017-07-25,1038.05,1027.889751508985,-10.160248491014954,10.160248491014954,16.33779006578817,19.733831611522135,0.012000000000000583,0.0170000000000005,True,True,1011.5519614431969,1047.6235831205072,36.071621677310304,True,0
2910,2017-07-26,1043.2,1037.544806975145,-5.6551930248549525,5.6551930248549525,16.266769243413705,19.60861170511521,0.012250000000000583,0.0172500000000005,True,True,1021.2780377317314,1057.1534186802603,35.875380948528914,True,0
2911,2017-07-27,1069.55,1042.887742626998,-26.66225737300192,26.66225737300192,15.724894180761225,19.60861170511521,0.012500000000000584,0.0175000000000005,True,False,1027.1628484462367,1062.4963543321132,35.33350588587655,False,1
2912,2017-07-28,1012.14,1068.402264437041,56.262264437040926,-56.262264437040926,15.648951520661825,31.49753328109827,0.012750000000000584,0.0127500000000005,False,True,1052.7533129163792,1099.899797718139,47.146484801759925,False,1
2913,2017-07-31,1019.05,1014.2903819385676,-4.75961806143232,4.75961806143232,20.277787661181833,31.49753328109827,0.008000000000000583,0.0130000000000005,True,True,994.0125942773858,1045.7879152196658,51.77532094228002,True,0
2914,2017-08-01,996.11,1018.4742281111427,22.364228111142666,-22.364228111142666,20.155905584008906,29.789448397179513,0.008250000000000583,0.013250000000000501,False,True,998.3183225271338,1048.263676508322,49.945353981188305,False,1
2915,2017-08-02,1001.77,996.869459861562,-4.900540138438032,4.900540138438032,34.7120327640111,29.097996727067596,0.0035000000000005834,0.013500000000000501,True,True,962.1574270975509,1025.9674565886296,63.810029491078694,True,0
2916,2017-08-03,999.47,1001.2917330733317,1.821733073331643,-1.821733073331643,34.7120327640111,26.66225737300192,0.0037500000000005836,0.013750000000000501,True,True,966.5797003093205,1027.9539904463336,61.37429013701308,True,0
2917,2017-08-04,989.68,999.4014637380261,9.72146373802616,-9.72146373802616,29.90758950582324,26.66225737300192,0.004000000000000584,0.014000000000000502,True,True,969.4938742322029,1026.063721111028,56.56984687882505,True,0
2918,2017-08-07,990.65,989.8791479941738,-0.7708520058262138,0.7708520058262138,29.39931938535824,25.806512094746154,0.004250000000000584,0.014250000000000502,True,True,960.4798286088155,1015.6856600889199,55.20583148010439,True,0
2919,2017-08-08,994.35,990.3912192733142,-3.958780726685859,3.958780726685859,29.35265995156567,24.30405681347247,0.004500000000000584,0.014500000000000502,True,True,961.0385593217485,1014.6952760867866,53.65671676503814,True,0
2920,2017-08-09,982.6,994.0159972689803,11.415997268980277,-11.415997268980277,29.35265995156567,23.0511723130943,0.0047500000000005845,0.014750000000000502,True,True,964.6633373174146,1017.0671695820746,52.40383226465997,True,0
2921,2017-08-10,976.3,982.8881410444794,6.588141044479471,-6.588141044479471,28.90205105231712,23.0511723130943,0.005000000000000585,0.015000000000000503,True,True,953.9860899921623,1005.9393133575737,51.95322336541142,True,0
2922,2017-08-11,960.0,976.3154817581234,16.315481758123383,-16.315481758123383,28.867852672401852,22.77583573664367,0.005250000000000585,0.015250000000000503,True,True,947.4476290857215,999.091317494767,51.64368840904558,True,0
2923,2017-08-14,978.41,960.417787621504,-17.992212378495992,17.992212378495992,25.094670246005762,22.630058440476432,0.005500000000000585,0.015500000000000503,True,True,935.3231173754982,983.0478460619804,47.724728686482194,True,0
2924,2017-08-15,988.9,977.400305522119,-11.499694477881008,11.499694477881008,25.094670246005762,22.54750980674646,0.005750000000000585,0.015750000000000503,True,True,952.3056352761132,999.9478153288654,47.642180052752224,True,0
2925,2017-08-16,981.65,988.3338219598977,6.6838219598977275,-6.6838219598977275,22.960797860546336,22.54750980674646,0.006000000000000586,0.016000000000000503,True,True,965.3730240993514,1010.8813317666442,45.5083076672928,True,0
2926,2017-08-17,977.84,981.7716766305076,3.9316766305075816,-3.9316766305075816,22.90656228703449,21.174035347852737,0.006250000000000586,0.016250000000000504,True,True,958.8651143434731,1002.9457119783604,44.080597634887226,True,0
2927,2017-08-18,961.4,977.7669016984428,16.366901698442803,-16.366901698442803,22.364228111142666,21.01917244561139,0.006500000000000586,0.016500000000000504,True,True,955.4026735873001,998.7860741440542,43.383400556754054,True,0
2928,2017-08-21,957.57,961.8297837827578,4.259783782757722,-4.259783782757722,22.364228111142666,20.948124652701836,0.006750000000000586,0.016750000000000504,True,True,939.4655556716151,982.7779084354596,43.3123527638445,True,0
2929,2017-08-22,955.52,957.4526997405278,1.9326997405278235,-1.9326997405278235,22.352627981596243,20.948124652701836,0.0070000000000005865,0.017000000000000504,True,True,935.1000717589316,978.4008243932296,43.30075263429808,True,0
2930,2017-08-23,959.38,955.3663279652249,-4.013672034775141,4.013672034775141,21.993018046508723,19.733831611522135,0.007250000000000587,0.017250000000000505,True,True,933.3733099187161,975.100159576747,41.726849658030915,True,0
2931,2017-08-24,957.42,958.9944155693794,1.5744155693794255,-1.5744155693794255,21.993018046508723,19.60861170511521,0.007500000000000587,0.017500000000000505,True,True,937.0013975228707,978.6030272744946,41.60162975162393,True,0
2932,2017-08-25,956.0,957.2859498955227,1.2859498955226627,-1.2859498955226627,21.861857017462057,19.524691481377317,0.007750000000000587,0.017750000000000505,True,True,935.4240928780606,976.8106413769,41.386548498839375,True,0
2933,2017-08-28,946.54,955.8247380007315,9.284738000731522,-9.284738000731522,21.80327228429178,19.524691481377317,0.008000000000000587,0.018000000000000505,True,True,934.0214657164397,975.3494294821088,41.3279637656691,True,0
2934,2017-08-29,940.0,946.6826243372761,6.682624337276138,-6.682624337276138,20.277787661181833,19.42002840166265,0.008250000000000587,0.018250000000000505,True,True,926.4048366760943,966.1026527389388,39.69781606284448,True,0
2935,2017-08-30,958.44,939.9959342460621,-18.444065753937934,18.444065753937934,20.277787661181833,19.32966422878792,0.008500000000000587,0.018500000000000506,True,True,919.7181465848803,959.32559847485,39.60745188996975,True,0
2936,2017-08-31,974.7,957.4397649992839,-17.260235000716193,17.260235000716193,20.155905584008906,19.206953089927993,0.008750000000000587,0.018750000000000506,True,True,937.283859415275,976.6467180892118,39.3628586739369,True,0
2937,2017-09-01,984.2,973.8771696404718,-10.322830359528211,10.322830359528211,20.037081608587158,19.206953089927993,0.009000000000000587,0.019000000000000506,True,True,953.8400880318846,993.0841227303998,39.24403469851518,True,0
2938,2017-09-05,975.4,983.6549759323856,8.254975932385605,-8.254975932385605,19.790747592689968,18.46007305503531,0.009250000000000588,0.019250000000000506,True,True,963.8642283396956,1002.1150489874209,38.25082064772528,True,0
2939,2017-09-06,968.32,975.5622074202839,7.242207420283876,-7.242207420283876,19.790747592689968,18.444065753937934,0.009500000000000588,0.019500000000000507,True,True,955.771459827594,994.0062731742219,38.2348133466279,True,0
2940,2017-09-07,974.0,968.3547070067557,-5.645292993244311,5.645292993244311,19.53243049191792,18.281849213999635,0.009750000000000588,0.019750000000000507,True,True,948.8222765148378,986.6365562207553,37.814279705917556,True,0
2941,2017-09-08,979.1,973.5300045488102,-5.569995451189811,5.569995451189811,19.28883592222428,18.281849213999635,0.010000000000000588,0.020000000000000507,True,True,954.2411686265859,991.8118537628098,37.570685136223915,True,0
2942,2017-09-11,974.46,978.6928517832555,4.232851783255455,-4.232851783255455,18.138509608804952,18.091825655662433,0.010250000000000589,0.020250000000000507,True,True,960.5543421744505,996.7846774389179,36.230335264467385,True,0
2943,2017-09-12,983.27,974.4387924408813,-8.831207559118639,8.831207559118639,18.138509608804952,17.992212378495992,0.010500000000000589,0.020500000000000507,True,True,956.3002828320764,992.4310048193773,36.130721987300944,True,0
2944,2017-09-13,983.97,982.6842550007722,-1.285744999227859,1.285744999227859,17.907007069328074,17.85171953150052,0.010750000000000589,0.020750000000000508,True,True,964.7772479314441,1000.5359745322727,35.758726600828595,True,0
2945,2017-09-14,996.8,983.7503346323499,-13.04966536765005,13.04966536765005,17.429651891404205,17.85171953150052,0.01100000000000059,0.021000000000000508,True,True,966.3206827409457,1001.6020541638504,35.281371422904726,True,0
2946,2017-09-15,993.01,996.0744203209498,3.0644203209498073,-3.0644203209498073,17.131715215632653,17.746568130602782,0.01125000000000059,0.021250000000000508,True,True,978.9427051053171,1013.8209884515526,34.878283346235435,True,0
2947,2017-09-18,990.4,992.9878967128917,2.587896712891734,-2.587896712891734,17.131715215632653,17.591052939984706,0.01150000000000059,0.02150000000000051,True,True,975.8561814972591,1010.5789496528764,34.72276815561736,True,0
2948,2017-09-19,977.25,990.2796649290206,13.029664929020555,-13.029664929020555,16.601384741332822,17.431662177681503,0.01175000000000059,0.02175000000000051,True,True,973.6782801876877,1007.711327106702,34.03304691901428,True,0
2949,2017-09-20,971.79,977.5435282126527,5.753528212652782,-5.753528212652782,16.593181504428458,17.431662177681503,0.01200000000000059,0.02200000000000051,True,True,960.9503467082243,994.9751903903342,34.02484368210992,True,0
2950,2017-09-21,971.31,971.7416400835274,0.43164008352744077,-0.43164008352744077,16.366901698442803,17.424945233287076,0.01225000000000059,0.02225000000000051,True,True,955.3747383850846,989.1665853168145,33.79184693172988,True,0
2951,2017-09-22,961.01,971.0831318553506,10.073131855350653,-10.073131855350653,16.366901698442803,17.260235000716193,0.01250000000000059,0.02250000000000051,True,True,954.7162301569078,988.3433668560668,33.627136699158996,True,0
2952,2017-09-25,949.31,961.1825763596607,11.872576359660798,-11.872576359660798,16.33779006578817,17.118488921674782,0.01275000000000059,0.02275000000000051,True,True,944.8447862938726,978.3010652813355,33.45627898746284,True,0
2953,2017-09-26,945.49,949.5004956039115,4.010495603911522,-4.010495603911522,16.315481758123383,17.118488921674782,0.013000000000000591,0.02300000000000051,True,True,933.1850138457881,966.6189845255863,33.43397067979811,True,0
2954,2017-09-27,948.0,945.3592928799247,-2.6407071200752625,2.6407071200752625,16.266769243413705,16.678835437798057,0.013250000000000591,0.02325000000000051,True,True,929.092523636511,962.0381283177228,32.94560468121176,True,0
2955,2017-09-28,951.86,947.6401365249586,-4.219863475041393,4.219863475041393,16.266769243413705,16.609603249725637,0.013500000000000591,0.02350000000000051,True,True,931.3733672815449,964.2497397746843,32.87637249313934,True,0
2956,2017-09-29,960.11,951.4664552856024,-8.643544714397649,8.643544714397649,15.724894180761225,16.530484733640037,0.013750000000000592,0.02375000000000051,True,True,935.7415611048411,967.9969400192424,32.25537891440126,True,0
2957,2017-10-02,964.0,959.5480701142121,-4.451929885787877,4.451929885787877,15.648951520661825,16.530484733640037,0.014000000000000592,0.02400000000000051,True,True,943.8991185935503,976.0785548478522,32.17943625430189,True,0
2958,2017-10-03,958.0,963.6287996002077,5.628799600207685,-5.628799600207685,14.962544374099338,16.353341159749903,0.014250000000000592,0.02425000000000051,True,True,948.6662552261083,979.9821407599576,31.31588553384927,True,0
2959,2017-10-04,954.21,958.0065470328533,3.7965470328532547,-3.7965470328532547,14.962544374099338,16.319141164656457,0.014500000000000592,0.02450000000000051,True,True,943.0440026587539,974.3256881975097,31.281685538755823,True,0
2960,2017-10-05,970.0,954.096313404263,-15.903686595736986,15.903686595736986,14.775062527264254,16.268711187433382,0.014750000000000592,0.02475000000000051,True,True,939.3212508769988,970.3650245916964,31.043773714697636,True,0
2961,2017-10-06,975.64,969.1127607633439,-6.527239236656101,6.527239236656101,14.7341916148157,16.0192815041122,0.015000000000000593,0.02500000000000051,True,True,954.3785691485282,985.1320422674561,30.7534731189279,True,0
2962,2017-10-09,993.24,975.2243445587937,-18.015655441206263,18.015655441206263,14.695309535402203,16.0192815041122,0.015250000000000593,0.02525000000000051,True,False,960.5290350233915,991.243626062906,30.714591039514403,False,1
2963,2017-10-10,996.67,992.3234219427515,-4.346578057248507,4.346578057248507,14.695309535402203,18.015655441206263,0.015500000000000593,0.02050000000000051,True,True,977.6281124073492,1010.3390773839577,32.710964976608466,True,0
2964,2017-10-11,991.27,996.3641079873458,5.094107987345865,-5.094107987345865,14.205106019693517,17.992212378495992,0.015750000000000593,0.02075000000000051,True,True,982.1590019676523,1014.3563203658418,32.19731839818951,True,0
2965,2017-10-12,996.81,991.2675929070009,-5.542407092999042,5.542407092999042,14.192602502058548,17.85171953150052,0.016000000000000594,0.02100000000000051,True,True,977.0749904049424,1009.1193124385014,32.04432203355907,True,0
2966,2017-10-13,1007.0,996.3470899658208,-10.652910034179172,10.652910034179172,14.047264031224245,17.746568130602782,0.016250000000000594,0.02125000000000051,True,True,982.2998259345966,1014.0936580964236,31.793832161827027,True,0
2967,2017-10-16,1008.44,1006.3896807363445,-2.050319263655524,2.050319263655524,14.047264031224245,17.746568130602782,0.016500000000000594,0.021500000000000512,True,True,992.3424167051203,1024.1362488669474,31.79383216182714,True,0
2968,2017-10-17,1005.59,1008.1950506139784,2.605050613978392,-2.605050613978392,13.93333184380981,17.591052939984706,0.016750000000000594,0.021750000000000512,True,True,994.2617187701686,1025.7861035539631,31.524384783794517,True,0
2969,2017-10-18,1009.27,1005.4869112453781,-3.783088754621872,3.783088754621872,13.754658537557475,17.431662177681503,0.017000000000000594,0.022000000000000512,True,True,991.7322527078206,1022.9185734230596,31.186320715238935,True,0
2970,2017-10-19,990.0,1008.8952236941204,18.895223694120432,-18.895223694120432,13.72033565449459,17.424945233287076,0.017250000000000595,0.022250000000000512,False,True,995.1748880396258,1026.3201689274074,31.14528088778161,False,1
2971,2017-10-20,993.53,990.5402017408293,-2.9897982591706977,2.9897982591706977,16.366901698442803,17.424945233287076,0.012500000000000594,0.022500000000000513,True,True,974.1733000423865,1007.9651469741164,33.79184693172988,True,0
2972,2017-10-23,986.73,993.0992212402666,6.369221240266597,-6.369221240266597,16.366901698442803,17.260235000716193,0.012750000000000594,0.022750000000000513,True,True,976.7323195418238,1010.3594562409828,33.627136699158996,True,0
2973,2017-10-24,969.0,986.7749547201987,17.774954720198707,-17.774954720198707,16.33779006578817,17.118488921674782,0.013000000000000594,0.023000000000000513,False,True,970.4371646544105,1003.8934436418735,33.456278987463065,False,1
2974,2017-10-25,978.0,969.4322651228831,-8.56773487711689,8.56773487711689,20.277787661181833,16.678835437798057,0.008250000000000594,0.023250000000000513,True,True,949.1544774617013,986.1111005606812,36.95662309897989,True,0
2975,2017-10-26,980.33,977.3410495714484,-2.988950428551675,2.988950428551675,20.155905584008906,16.678835437798057,0.008500000000000594,0.023500000000000514,True,True,957.1851439874395,994.0198850092464,36.83474102180696,True,0
2976,2017-10-27,1058.14,980.0208552927859,-78.11914470721422,78.11914470721422,20.037081608587158,16.609603249725637,0.008750000000000594,0.023750000000000514,True,False,959.9837736841987,996.6304585425115,36.646684858312824,False,1
2977,2017-10-30,1095.01,1054.7383432939669,-40.27165670603313,40.27165670603313,20.037081608587158,19.206953089927993,0.009000000000000594,0.019000000000000513,True,False,1034.7012616853797,1073.9452963838949,39.24403469851518,False,1
2978,2017-10-31,1109.0,1093.6994287722798,-15.300571227720184,15.300571227720184,19.790747592689968,26.66225737300192,0.009250000000000595,0.014250000000000512,True,True,1073.9086811795898,1120.3616861452817,46.45300496569189,True,0
2979,2017-11-01,1105.4,1108.4669991284536,3.066999128453517,-3.066999128453517,19.53243049191792,25.806512094746154,0.009500000000000595,0.014500000000000512,True,True,1088.9345686365357,1134.2735112231999,45.33894258666419,True,0
2980,2017-11-02,1097.81,1105.4383889972469,7.62838899724693,-7.62838899724693,19.28883592222428,25.806512094746154,0.009750000000000595,0.014750000000000513,True,True,1086.1495530750226,1131.2449010919931,45.09534801697055,True,0
2981,2017-11-03,1091.15,1097.9215152388824,6.77151523888233,-6.77151523888233,19.28883592222428,24.30405681347247,0.010000000000000595,0.015000000000000513,True,True,1078.6326793166581,1122.225572052355,43.59289273569675,True,0
2982,2017-11-06,1109.15,1091.203321239562,-17.94667876043809,17.94667876043809,18.895223694120432,23.0511723130943,0.010250000000000595,0.015250000000000513,True,True,1072.3080975454416,1114.2544935526562,41.94639600721462,True,0
2983,2017-11-07,1124.74,1108.2777356041393,-16.462264395860757,16.462264395860757,18.138509608804952,22.77583573664367,0.010500000000000596,0.015500000000000513,True,True,1090.1392259953343,1131.053571340783,40.91434534544874,True,0
2984,2017-11-08,1122.82,1124.0731861062663,1.253186106266412,-1.253186106266412,17.907007069328074,22.77583573664367,0.010750000000000596,0.015750000000000514,True,True,1106.1661790369383,1146.8490218429101,40.68284280597186,True,0
2985,2017-11-09,1125.96,1122.809059202806,-3.1509407971939254,3.1509407971939254,17.907007069328074,22.630058440476432,0.011000000000000596,0.016000000000000514,True,True,1104.902052133478,1145.4391176432825,40.537065509804506,True,0
2986,2017-11-10,1126.1,1125.691099235236,-0.4089007647639846,0.4089007647639846,17.774954720198707,22.54750980674646,0.011250000000000596,0.016250000000000514,True,True,1107.916144515037,1148.2386090419823,40.32246452694517,True,0
2987,2017-11-13,1123.0,1125.9637462214462,2.963746221446172,-2.963746221446172,17.429651891404205,21.174035347852737,0.011500000000000597,0.016500000000000514,True,True,1108.534094330042,1147.137781569299,38.60368723925694,True,0
2988,2017-11-14,1130.11,1122.9710614549074,-7.138938545092515,7.138938545092515,17.131715215632653,21.01917244561139,0.011750000000000597,0.016750000000000514,True,True,1105.8393462392746,1143.990233900519,38.15088766124427,True,0
2989,2017-11-15,1127.01,1129.6853272593862,2.675327259386222,-2.675327259386222,17.131715215632653,21.01917244561139,0.012000000000000597,0.017000000000000515,True,True,1112.5536120437537,1150.7044997049975,38.150887661243814,True,0
2990,2017-11-16,1130.16,1127.0094163988558,-3.1505836011442625,3.1505836011442625,16.601384741332822,20.948124652701836,0.012250000000000597,0.017250000000000515,True,True,1110.408031657523,1147.9575410515577,37.54950939403466,True,0
2991,2017-11-17,1138.28,1129.8842152235807,-8.395784776419305,8.395784776419305,16.593181504428458,19.733831611522135,0.012500000000000597,0.017500000000000515,True,True,1113.2910337191522,1149.6180468351029,36.32701311595065,True,0
2992,2017-11-20,1129.77,1137.8451273183036,8.075127318303657,-8.075127318303657,16.366901698442803,19.60861170511521,0.012750000000000598,0.017750000000000515,True,True,1121.478225619861,1157.4537390234188,35.9755134035579,True,0
2993,2017-11-21,1132.86,1129.9771074340335,-2.8828925659663582,2.8828925659663582,16.366901698442803,19.60861170511521,0.013000000000000598,0.018000000000000516,True,True,1113.6102057355906,1149.5857191391488,35.975513403558125,True,0
2994,2017-11-22,1141.0,1132.5647905687915,-8.435209431208477,8.435209431208477,16.33779006578817,19.524691481377317,0.013250000000000598,0.018250000000000516,True,True,1116.2270005030034,1152.089482050169,35.862481547165544,True,0
2995,2017-11-24,1160.7,1140.5628596409879,-20.137140359012164,20.137140359012164,16.315481758123383,19.42002840166265,0.013500000000000598,0.018500000000000516,True,False,1124.2473778828644,1159.9828880426505,35.735510159786145,False,1
2996,2017-11-27,1202.66,1159.8570740592384,-42.802925940761725,42.802925940761725,16.266769243413705,29.097996727067596,0.013750000000000599,0.013750000000000515,True,False,1143.5903048158248,1188.955070786306,45.36476597048113,False,1
2997,2017-11-28,1204.88,1201.0560179912943,-3.823982008705798,3.823982008705798,16.266769243413705,42.66,0.014000000000000599,0.009000000000000515,True,True,1184.7892487478807,1243.7160179912944,58.92676924341367,True,0
2998,2017-11-29,1194.8,1204.8910000553797,10.091000055379709,-10.091000055379709,15.724894180761225,42.19,0.014250000000000599,0.009250000000000515,True,True,1189.1661058746186,1247.0810000553797,57.914894180761166,True,0
2999,2017-11-30,1167.1,1195.0974734824974,27.997473482497526,-27.997473482497526,15.648951520661825,41.612076318755726,0.0145000000000006,0.009500000000000515,False,True,1179.4485219618357,1236.7095498012532,57.261027839417466,False,1
3000,2017-12-01,1172.05,1167.969767550726,-4.080232449274035,4.080232449274035,19.53243049191792,40.27165670603313,0.009750000000000598,0.009750000000000515,True,True,1148.437337058808,1208.241424256759,59.80408719795105,True,0
3001,2017-12-04,1173.85,1171.643021153453,-2.2069788465469173,2.2069788465469173,19.28883592222428,37.61,0.010000000000000599,0.010000000000000515,True,True,1152.3541852312287,1209.253021153453,56.89883592222418,True,0
3002,2017-12-05,1128.26,1173.6857476595203,45.42574765952031,-45.42574765952031,19.28883592222428,37.61,0.010250000000000599,0.010250000000000516,False,True,1154.396911737296,1211.2957476595202,56.89883592222418,False,1
3003,2017-12-06,1137.99,1129.7849400716173,-8.205059928382752,8.205059928382752,28.867852672401852,37.34,0.005500000000000599,0.010500000000000516,True,True,1100.9170873992155,1167.1249400716172,66.20785267240171,True,0
3004,2017-12-07,1156.59,1137.30083276625,-19.289167233749822,19.289167233749822,27.997473482497526,37.25,0.005750000000000599,0.010750000000000516,True,True,1109.3033592837526,1174.55083276625,65.24747348249753,True,0
3005,2017-12-08,1170.4,1155.7806127965011,-14.619387203498945,14.619387203498945,25.094670246005762,37.08,0.0060000000000005995,0.011000000000000516,True,True,1130.6859425504954,1192.860612796501,62.17467024600569,True,0
3006,2017-12-11,1164.6,1169.8185239392512,5.218523939251327,-5.218523939251327,25.094670246005762,37.08,0.0062500000000006,0.011250000000000517,True,True,1144.7238536932455,1206.8985239392512,62.17467024600569,True,0
3007,2017-12-12,1166.51,1164.7326217885443,-1.777378211455698,1.777378211455698,22.960797860546336,37.04,0.0065000000000006,0.011500000000000517,True,True,1141.771823927998,1201.7726217885443,60.0007978605463,True,0
3008,2017-12-13,1170.0,1166.287860617214,-3.712139382786063,3.712139382786063,22.90656228703449,36.98,0.0067500000000006,0.011750000000000517,True,True,1143.3812983301796,1203.267860617214,59.886562287034394,True,0
3009,2017-12-14,1163.71,1169.746552628534,6.036552628533855,-6.036552628533855,22.364228111142666,36.7,0.0070000000000006,0.012000000000000517,True,True,1147.3823245173912,1206.446552628534,59.06422811114271,True,0
3010,2017-12-15,1179.03,1163.8215472071452,-15.208452792854814,15.208452792854814,22.364228111142666,36.7,0.007250000000000601,0.012250000000000517,True,True,1141.4573190960025,1200.5215472071452,59.06422811114271,True,0
3011,2017-12-18,1187.37,1178.3062725525363,-9.063727447463634,9.063727447463634,22.352627981596243,36.7,0.007500000000000601,0.012500000000000518,True,True,1155.95364457094,1215.0062725525363,59.05262798159629,True,0
3012,2017-12-19,1189.15,1186.992591859538,-2.1574081404621666,2.1574081404621666,21.993018046508723,36.28335522556358,0.007750000000000601,0.012750000000000518,True,True,1164.9995738130292,1223.2759470851015,58.276373272072306,True,0
3013,2017-12-20,1190.5,1188.9968294460728,-1.503170553927248,1.503170553927248,21.861857017462057,34.77573830642268,0.0080000000000006,0.013000000000000518,True,True,1167.1349724286106,1223.7725677524954,56.63759532388485,True,0
3014,2017-12-21,1175.9,1190.3408667035208,14.440866703520669,-14.440866703520669,21.861857017462057,34.77573830642268,0.0082500000000006,0.013250000000000518,True,True,1168.4790096860588,1225.1166050099434,56.637595323884625,True,0
3015,2017-12-22,1172.08,1176.319429418815,4.239429418815007,-4.239429418815007,21.80327228429178,31.49753328109827,0.0085000000000006,0.013500000000000519,True,True,1154.5161571345232,1207.8169626999131,53.300805565389965,True,0
3016,2017-12-26,1168.36,1172.039014336131,3.679014336131104,-3.679014336131104,20.277787661181833,29.789448397179513,0.008750000000000601,0.013750000000000519,True,True,1151.7612266749493,1201.8284627333105,50.06723605836123,True,0
3017,2017-12-27,1179.91,1168.3461796370748,-11.563820362925298,11.563820362925298,20.155905584008906,29.097996727067596,0.009000000000000601,0.014000000000000519,True,True,1148.1902740530659,1197.4441763641423,49.253902311076445,True,0
3018,2017-12-28,1189.0,1179.3310810042246,-9.668918995775357,9.668918995775357,20.155905584008906,29.097996727067596,0.009250000000000601,0.01425000000000052,True,True,1159.1751754202157,1208.4290777312922,49.253902311076445,True,0
3019,2017-12-29,1182.35,1188.5741884613885,6.224188461388621,-6.224188461388621,20.037081608587158,26.66225737300192,0.009500000000000602,0.01450000000000052,True,True,1168.5371068528013,1215.2364458343905,46.69933898158911,True,0
